{"type":"FeatureCollection","crs":{"type":"name","properties":{"name":"urn:ogc:def:crs:OGC:1.3:CRS84"}},"features":[{"type":"Feature","properties":{"shapeName":"Chai Prakan","shapeISO":"","shapeID":"78962969B89522640668309","shapeGroup":"THA","shapeType":"ADM2"},"geometry":{"type":"Polygon","coordinates":[[[99.34408176700003,19.711672320000048],[99.33437375200003,19.72028780900007],[99.33244886400007,19.730077961000063],[99.32747661100007,19.730487546000063],[99.31703242500004,19.737163018000047],[99.31361504000006,19.746971921000068],[99.31083375100008,19.749787814000058],[99.30834072100004,19.74698706500004],[99.30453165500006,19.748887294000042],[99.30302127700008,19.752213363000067],[99.29645353600006,19.755112825000026],[99.28348736800007,19.75534657000003],[99.28120821500005,19.753956799000036],[99.27979390900003,19.755721762000064],[99.27577062700004,19.756728614000053],[99.26185232900008,19.75759971800005],[99.25656390900008,19.760828152000045],[99.25196854800004,19.760853532000056],[99.24681859600008,19.764602199000024],[99.24331803200005,19.76054545900007],[99.23839126300004,19.759471604000055],[99.23579157800003,19.76193909400007],[99.23226116900008,19.76258833600002],[99.23005434900006,19.765406295000048],[99.23021423700004,19.76837471400006],[99.22668715000003,19.76924789800006],[99.22584443300008,19.771492918000035],[99.22197084000004,19.76881598500006],[99.21928467800007,19.76840368200004],[99.21838619000005,19.76957184300005],[99.21484493300005,19.76645854900005],[99.20880799200006,19.765387503000056],[99.20784667800007,19.761912550000034],[99.20259488300007,19.758442493000075],[99.20021531100008,19.754636548000065],[99.19686549400006,19.754393528000037],[99.19511942000008,19.751013846000035],[99.19039900500007,19.748844612000028],[99.18786617500007,19.744415135000054],[99.18273506500003,19.742165973000056],[99.17771464400005,19.74392997700005],[99.17443079500003,19.74248658500005],[99.16993366900005,19.743178563000072],[99.16559640600008,19.75011409800004],[99.16710732600006,19.75693588100006],[99.16478668500008,19.76212689600004],[99.16312717400007,19.762790748000043],[99.16456417900008,19.765700303000074],[99.16242918400008,19.767901008000024],[99.15943052600005,19.767333490000055],[99.16013730700007,19.76332631200006],[99.15692173600007,19.764317333000065],[99.15736293100008,19.76266077500003],[99.15565342600007,19.76363432100004],[99.15372619800007,19.762702451000052],[99.14908530300005,19.767594686000052],[99.13421339500007,19.768133729000056],[99.12893629200005,19.774829038000064],[99.12428099400006,19.775790330000063],[99.12002283300006,19.77161361700007],[99.10984408300004,19.772599701000047],[99.10047632200008,19.766190865000056],[99.09619488300007,19.766988964000063],[99.08716352500005,19.76577670200004],[99.08283272600005,19.768603591000044],[99.08053971100009,19.768182582000065],[99.07667335300005,19.77389706200006],[99.06180612000009,19.777017667000052],[99.05006003100004,19.77640077600006],[99.04290782300006,19.782539361000033],[99.03969542800007,19.783389791000047],[99.03432969300007,19.79932591900007],[99.03853002500006,19.80306822800003],[99.03959310100004,19.807080350000035],[99.04593661700005,19.81094512100003],[99.04872105800007,19.821788250000054],[99.03645834700006,19.827993031000062],[99.03200634900008,19.828275477000034],[99.02871395300008,19.832232085000044],[99.02684993800005,19.827096305000055],[99.02471498200003,19.82727593900006],[99.02230049500008,19.81600264700006],[99.01877617200006,19.81644539000007],[99.01391236100005,19.811687722000045],[99.00778583900006,19.809906788000035],[99.00901046300004,19.798370086000034],[99.00263190700008,19.79747366400005],[99.00727848000008,19.792039190000025],[99.01134446000003,19.790580137000063],[99.01086152300007,19.785620571000038],[99.01217128900004,19.784206563000055],[99.02039791200008,19.78244385100004],[99.02496998200007,19.776657070000056],[99.01580018100003,19.764433113000052],[99.02420750400006,19.74900950500006],[99.02935279000008,19.742939727000078],[99.02912178900004,19.736000642000022],[99.02450403900008,19.735000702000036],[99.02385998200003,19.729519096000047],[99.02417967100007,19.71672841800006],[99.02939021900005,19.696345240000028],[99.03497123600005,19.696017949000066],[99.03731303900008,19.692254234000075],[99.04066574500007,19.690448021000066],[99.04084860800003,19.68701102700004],[99.04787603100004,19.68631319800005],[99.05118117800004,19.68015622300004],[99.06073072500004,19.68153009100007],[99.06307733900007,19.680718012000057],[99.06909037000008,19.671731858000044],[99.06965888000008,19.65878865800005],[99.07399758400004,19.65632884300004],[99.07491259800008,19.648888956000064],[99.07798843800003,19.647038649000024],[99.07636064900004,19.634861758000056],[99.08576283200006,19.63518004100007],[99.08925529500004,19.633358136000027],[99.09156489200006,19.629547497000033],[99.09040032800004,19.616048912000053],[99.08845782500003,19.613154133000023],[99.08842697700004,19.605029930000057],[99.09183270400007,19.604052318000072],[99.09986972500008,19.605782990000023],[99.10375916000004,19.60428773600006],[99.11245597900006,19.594777842000042],[99.11728691200005,19.591859382000052],[99.12283305300008,19.583783066000024],[99.12649267300009,19.581956612000056],[99.12936242200004,19.575593093000066],[99.13593834600005,19.57097314400005],[99.13949918900005,19.574428909000062],[99.14448667200008,19.57529246000007],[99.15936037600005,19.582775801000025],[99.16519934000007,19.57827747700003],[99.16571278700007,19.571408849000022],[99.17804066500008,19.57364657000005],[99.19280768000004,19.58152623700005],[99.19676115100003,19.58141561900004],[99.20054009300009,19.578952924000077],[99.20464100600003,19.57965976500003],[99.20899283800009,19.577365873000076],[99.20753549700004,19.572864793000065],[99.20959201800008,19.571298956000078],[99.21994417100007,19.572406365000063],[99.22387298700005,19.571356753000032],[99.22757465300003,19.573226600000055],[99.24382734000005,19.560886006000032],[99.25670138900006,19.563115856000024],[99.27172568700007,19.570276659000058],[99.29515801400004,19.570782958000052],[99.29473480000007,19.577216100000044],[99.28898299600007,19.580989259000035],[99.29081926700007,19.58428348500007],[99.28961446200003,19.58694345500004],[99.29308969200008,19.590843722000045],[99.29120111400005,19.59592841400007],[99.28419763400007,19.60361032900005],[99.28040986000008,19.602771046000043],[99.27568832600008,19.606956568000044],[99.26704488000007,19.610812930000066],[99.26790248400005,19.62057150000004],[99.26658074100004,19.625309857000047],[99.25849191200007,19.62942014600003],[99.26149769900007,19.63553962000003],[99.25916491600003,19.639769062000028],[99.25976200700006,19.644727853000063],[99.25810200400008,19.65036545600003],[99.26201470900008,19.653352132000066],[99.26546912800006,19.664808751000066],[99.27602382900005,19.66820160000003],[99.28166736400004,19.673431552000068],[99.28667999900006,19.675154904000067],[99.28884583200005,19.67888311100006],[99.29283281100004,19.678894598000056],[99.29678542800008,19.682122854000056],[99.29679146300003,19.68539919400007],[99.30194443400006,19.689588934000028],[99.30480847800004,19.696614238000052],[99.30753976000005,19.697712671000033],[99.31100898500006,19.70284346400007],[99.31401615100003,19.702706514000056],[99.31341729900004,19.707630299000073],[99.32183809700007,19.71097404300008],[99.33263828600008,19.712995876000036],[99.34408176700003,19.711672320000048]]]}},{"type":"Feature","properties":{"shapeName":"Chiang Dao","shapeISO":"","shapeID":"78962969B42466635698108","shapeGroup":"THA","shapeType":"ADM2"},"geometry":{"type":"Polygon","coordinates":[[[99.00727848000008,19.792039190000025],[99.00648864200008,19.787942732000033],[99.00486898800006,19.787377967000054],[99.00239836000009,19.790021314000057],[98.99945545300005,19.790730728000028],[98.99765425700008,19.793473423000023],[98.99442663400004,19.79369474200007],[98.99373691100004,19.78894948900006],[98.98965425000006,19.787782234000076],[98.98711589200008,19.784542239000075],[98.98136945600004,19.783943978000025],[98.96747818500006,19.777390596000032],[98.96400592000003,19.774078364000047],[98.96000273100003,19.773443894000025],[98.95500282700004,19.769509474000074],[98.94027604000007,19.76932068900004],[98.92982611000008,19.77400847900003],[98.92659455900008,19.767526910000072],[98.92420718100004,19.767099561000066],[98.92048854500007,19.76256018400005],[98.91215263000004,19.761589081000068],[98.90237536400008,19.76647383100004],[98.89866507700003,19.765763763000052],[98.89513334400004,19.772940181000024],[98.88957205800006,19.775544613000022],[98.88416948400004,19.78137164000003],[98.87480557900005,19.782987364000064],[98.87185300700008,19.785878577000062],[98.87132277000006,19.79175770300003],[98.85994709900007,19.794802289000074],[98.85248965200003,19.799234356000056],[98.84990291900004,19.802139431000057],[98.84932015700008,19.808159631000024],[98.83846580000005,19.814035234000073],[98.83140062100006,19.809352537000052],[98.82801135700004,19.802335051000057],[98.82956121800004,19.79676819900004],[98.82832896700006,19.794105907000073],[98.81300309900007,19.781107990000066],[98.80788558700004,19.780133488000047],[98.80438989600003,19.77651843900003],[98.79597999700007,19.775874828000042],[98.79572365400008,19.773013452000043],[98.78744800300007,19.764482088000022],[98.78638024000008,19.761019825000062],[98.78155938600008,19.75755301600003],[98.77937217000004,19.75305873600007],[98.77412511900008,19.752559963000067],[98.77058556300005,19.755634070000042],[98.75830755600003,19.757024865000062],[98.75158277400004,19.76034596100004],[98.74513298600004,19.755846984000073],[98.74211852700006,19.756291772000054],[98.73832087800008,19.754337591000024],[98.73201463000004,19.75749634700003],[98.72924319500004,19.761066731000028],[98.72181862600007,19.76092495300003],[98.71774953800008,19.762447714000075],[98.71165144600008,19.768833922000056],[98.70424413100005,19.758176699000046],[98.70927555800006,19.746862840000063],[98.71379557700004,19.74471174400003],[98.71318545000008,19.737509120000027],[98.71632490400003,19.734434195000063],[98.71713747900009,19.731400517000054],[98.72124880400008,19.729091399000026],[98.72566170700009,19.71693586600003],[98.72643203900009,19.710664775000055],[98.72521198800007,19.702254916000072],[98.72840910500008,19.69259283200006],[98.72775384600004,19.687061437000068],[98.73044087500006,19.680959635000022],[98.72693324100004,19.667074281000055],[98.72876164600007,19.652351746000022],[98.73318267900004,19.647974482000052],[98.73379029600005,19.638650179000024],[98.72889273600003,19.624919943000066],[98.73302795500007,19.622356454000055],[98.73819727200004,19.615980294000053],[98.73543494100005,19.610320985000044],[98.74004381100008,19.603749609000033],[98.74103252300006,19.598958069000048],[98.74018005700003,19.58846752000005],[98.74142282500009,19.58410006400004],[98.73994973400005,19.577976928000055],[98.74120958000003,19.575954468000077],[98.73996858700008,19.572423773000025],[98.74432861600008,19.564831969000068],[98.74198104900006,19.560607342000026],[98.74689206700003,19.558033128000034],[98.74960565700007,19.558419034000053],[98.75283722000006,19.555709809000064],[98.75791635800005,19.556150975000037],[98.75896114400007,19.551260305000028],[98.76615931700007,19.55144362900006],[98.76774753200004,19.544063341000026],[98.77571116100006,19.535617186000025],[98.77643404300005,19.531313090000026],[98.77968919900007,19.528050172000064],[98.77845034000006,19.521128042000043],[98.77443951000004,19.51809438500004],[98.77437503500005,19.516600992000065],[98.77795275400007,19.511894105000067],[98.77705406900009,19.502813099000036],[98.77837422700009,19.497445200000072],[98.78744346800005,19.493625439000027],[98.78866908000003,19.48842541600004],[98.79193368400007,19.485742559000073],[98.79061995500007,19.482710762000067],[98.78594606700005,19.479971801000033],[98.78485060500009,19.476841937000074],[98.78859482700005,19.47398772500003],[98.78903054200003,19.466070358000024],[98.78530844900007,19.46504552500005],[98.77420616700005,19.456640461000063],[98.77081245900007,19.459331803000055],[98.76652369100003,19.459452644000066],[98.76308277400005,19.462129189000052],[98.75760975000009,19.45157159300004],[98.73972140500007,19.448680935000027],[98.73558244000009,19.44511231200005],[98.73015544900005,19.445940843000074],[98.72083619300008,19.44181185800005],[98.71302874300005,19.44156821400003],[98.70975426400008,19.438245383000037],[98.70518900900004,19.42918527200004],[98.70147003100004,19.42634417100004],[98.69731913600003,19.42677477500007],[98.68701743500009,19.432146216000035],[98.68077603300009,19.429629806000037],[98.67219649400005,19.42990024200003],[98.66424672500005,19.433280483000033],[98.65782382000003,19.432342644000073],[98.64943493000004,19.43803601700006],[98.64119185600003,19.441539985000077],[98.63788144900008,19.440475664000076],[98.63244386600007,19.441808365000043],[98.62959822100004,19.440692623000075],[98.62874278600003,19.43774072700006],[98.62326600700004,19.434791392000022],[98.61748761400008,19.43562653400005],[98.61068909400007,19.433935654000038],[98.60668091100007,19.42750695700005],[98.59247281600005,19.426515895000023],[98.59139963800004,19.424851689000036],[98.58517280300003,19.422967048000032],[98.58559105900008,19.415201543000023],[98.58937422600007,19.413812946000064],[98.59229935300004,19.40895626200006],[98.59617726900007,19.40698197200004],[98.59465144200004,19.403730109000037],[98.58790412800005,19.398207682000077],[98.58129768700007,19.400148650000062],[98.57725204100007,19.398742096000035],[98.57300318700004,19.387253568000062],[98.57557747100009,19.38475073500007],[98.57521150400004,19.379353562000063],[98.57759273000005,19.376635063000037],[98.57779183300005,19.372648179000066],[98.58151400100007,19.36622773700003],[98.59234460400006,19.367461956000056],[98.59651088800007,19.36252064100006],[98.59437478200005,19.357789310000044],[98.59518662600004,19.353982962000032],[98.60559971400005,19.351566208000065],[98.61254306500007,19.34601714300004],[98.61675098400008,19.347039564000056],[98.62317192000006,19.344597429000032],[98.63080822600006,19.35073643000004],[98.63400121200004,19.349568670000053],[98.64107620200008,19.350664250000023],[98.65469153300006,19.342323383000064],[98.65950314000008,19.33553979900006],[98.66175382700004,19.33627053300006],[98.66448602400004,19.33515588700004],[98.66942057700004,19.33712238100003],[98.67681367400007,19.33638823600006],[98.68154016000005,19.332462849000024],[98.68483512100005,19.33779862700004],[98.69258665100006,19.33461761700005],[98.69503433100004,19.33536831200007],[98.69463982300005,19.32929384600004],[98.70001393000007,19.326965477000044],[98.70344239700006,19.323278058000028],[98.70248451100008,19.31912251400007],[98.70454705700007,19.31019056200006],[98.70210176100005,19.31091145000005],[98.70020936500003,19.307943343000034],[98.70107626500004,19.30473164800003],[98.70507163200006,19.307922778000034],[98.70268335800006,19.301331153000035],[98.70521621800003,19.298425160000022],[98.70915596900005,19.303704399000026],[98.70766319800003,19.30497097700004],[98.71086262100005,19.30524317900006],[98.711023,19.308129548000068],[98.71346110700006,19.308801392000078],[98.71347121700006,19.311751940000022],[98.71532717700006,19.311878998000054],[98.71803072400007,19.30926691700006],[98.71968525400007,19.311509686000022],[98.72031696800008,19.31067192100005],[98.72306965700005,19.31267236700006],[98.72562316300008,19.317067482000027],[98.72667758900008,19.315135824000038],[98.72941139800008,19.31683851300005],[98.72947587100003,19.314923805000035],[98.73312641800004,19.318768352000063],[98.73817093100007,19.32002624300003],[98.73857700300005,19.322115453000038],[98.74010436500004,19.32148835000004],[98.74112742700004,19.323993913000038],[98.74787271300005,19.325750362000065],[98.75070956000008,19.321267892000037],[98.75635904600006,19.322888594000062],[98.75814830300004,19.32085615400007],[98.76322241700007,19.32087049300003],[98.76616893100004,19.31849435400005],[98.76591850100004,19.317205367000042],[98.77009167000006,19.316611066000064],[98.76971370000007,19.314528480000035],[98.77179892500004,19.315276336000068],[98.77606694500008,19.312835764000056],[98.78099582800007,19.305626865000022],[98.78421068500006,19.30580621100006],[98.78921448100004,19.30369346200007],[98.79632184400003,19.296482599000058],[98.79977353400005,19.296490867000045],[98.80157236200006,19.293239759000073],[98.80602629900005,19.29068157200004],[98.80764096500008,19.291142286000024],[98.81129546500006,19.287956704000067],[98.81869582600007,19.291737246000025],[98.82048482600004,19.294677145000037],[98.82312769300006,19.29374359800005],[98.82592989800008,19.295982079000055],[98.83097559500004,19.294787127000063],[98.83614149700009,19.296978250000052],[98.84435254700008,19.295951847000026],[98.84956603700005,19.298019069000077],[98.85181714500004,19.29518397000004],[98.85573008700004,19.29687322500007],[98.87109741000006,19.291174686000033],[98.87863172300007,19.28986160000005],[98.88070487000005,19.28757222400003],[98.88641768500008,19.286416168000073],[98.88554233800005,19.282984361000047],[98.88690885600005,19.28081164500003],[98.88788320300006,19.28182895200007],[98.89264688100008,19.27842344800007],[98.89284869900007,19.273389825000038],[98.89483370600004,19.27043025000006],[98.89361092200005,19.267342634000045],[98.90038583900008,19.266151996000076],[98.90169210200008,19.26392633200004],[98.90298000400009,19.26382439200006],[98.90424873500007,19.268100899000046],[98.90850939500007,19.271814474000053],[98.93671286500006,19.277988737000044],[98.94808453300004,19.271517103000065],[98.95313460000006,19.271951795000064],[98.95747287400008,19.268786830000067],[98.96065706800005,19.270598951000068],[98.96491718100003,19.266911466000067],[98.97856108800005,19.266239942000027],[98.98053457500004,19.268595007000044],[98.97980441200008,19.279972498000063],[98.98093825300003,19.28261118000006],[98.98342758800004,19.28191309700003],[98.98338659400008,19.27711679600003],[98.98946163200009,19.27472110800005],[98.98990788400005,19.270485888000053],[98.99370045200004,19.268194958000038],[99.00322014300008,19.27169095200003],[99.00580601400009,19.26708896400004],[99.01513874600005,19.267160902000057],[99.01977171700008,19.261899091000032],[99.02762534400006,19.263355070000046],[99.03737810600006,19.257944345000055],[99.04967851200007,19.26342014100004],[99.05671283000004,19.268805084000064],[99.06718136400008,19.261219865000044],[99.07684222500006,19.26237414800005],[99.07863696100009,19.26686535300007],[99.08682312100007,19.273924991000058],[99.09194555600004,19.28121630100003],[99.09042883000006,19.28420220600003],[99.09340375900007,19.288262133000046],[99.08765485200007,19.295819228000028],[99.08402930100004,19.312609378000047],[99.08477837900006,19.31681810500004],[99.08813881800006,19.320918536000022],[99.08510175100008,19.325920883000038],[99.08608958600007,19.329299241000058],[99.08941969600005,19.332971215000043],[99.09253817800004,19.340770099000054],[99.09620821200008,19.343213571000035],[99.09634162200007,19.348274494000066],[99.10076650000008,19.351521903000048],[99.10547005600006,19.364260382000055],[99.10589900200006,19.372574599000075],[99.10053096300004,19.381642055000043],[99.09739923400008,19.383859184000073],[99.09971354000004,19.385903135000035],[99.10275050800004,19.39462913500006],[99.10923214000007,19.402358738000032],[99.10918817600003,19.405077814000038],[99.11185385100003,19.407949733000066],[99.11724844900004,19.409016043000065],[99.12605082400006,19.41444260800006],[99.13359806400007,19.411731472000042],[99.12968274300005,19.422525801000063],[99.12510735200004,19.423745543000052],[99.12513214100005,19.42724830000003],[99.12296774000004,19.43020720900006],[99.12358630000006,19.444175924000035],[99.12622702600004,19.454295541000022],[99.12882846000008,19.45901326300003],[99.13176440200004,19.46114774600005],[99.13653020700008,19.47160225500005],[99.14146734100007,19.473833454000044],[99.14464255300004,19.47789327000004],[99.14775502300006,19.477961040000025],[99.15268942100005,19.472951085000034],[99.15522399500009,19.473223030000042],[99.15615607300003,19.475090253000076],[99.15658259900005,19.479726776000064],[99.15393194400008,19.48496847800004],[99.15565212800004,19.490633848000073],[99.15862119200006,19.49354824900007],[99.15733252900009,19.49743638700005],[99.15343920500004,19.50008359700007],[99.15645561900004,19.507154669000045],[99.15522634500007,19.512973656000042],[99.15403117600005,19.51380144600006],[99.15172631400009,19.512386951000053],[99.14038695000005,19.521717839000075],[99.13410798400008,19.52419423300006],[99.13094007300003,19.523840849000067],[99.13027252900008,19.525788565000028],[99.12626582600006,19.52610310800003],[99.12583489200006,19.524016825000047],[99.12197936000007,19.52312278900007],[99.12064674200008,19.521279795000055],[99.11655792300007,19.530376801000045],[99.11692669000007,19.536422920000064],[99.11426661000007,19.546214602000077],[99.11761129000007,19.549640026000077],[99.126449,19.55438082200004],[99.12838878700006,19.561466230000065],[99.13200555000009,19.562559027000077],[99.13650688600006,19.56637389900004],[99.13593834600005,19.57097314400005],[99.12936242200004,19.575593093000066],[99.12649267300009,19.581956612000056],[99.12283305300008,19.583783066000024],[99.11728691200005,19.591859382000052],[99.11245597900006,19.594777842000042],[99.10375916000004,19.60428773600006],[99.09986972500008,19.605782990000023],[99.09183270400007,19.604052318000072],[99.08842697700004,19.605029930000057],[99.08845782500003,19.613154133000023],[99.09040032800004,19.616048912000053],[99.09156489200006,19.629547497000033],[99.08925529500004,19.633358136000027],[99.08576283200006,19.63518004100007],[99.07636064900004,19.634861758000056],[99.07798843800003,19.647038649000024],[99.07491259800008,19.648888956000064],[99.07399758400004,19.65632884300004],[99.06965888000008,19.65878865800005],[99.06909037000008,19.671731858000044],[99.06307733900007,19.680718012000057],[99.06073072500004,19.68153009100007],[99.05118117800004,19.68015622300004],[99.04787603100004,19.68631319800005],[99.04084860800003,19.68701102700004],[99.04066574500007,19.690448021000066],[99.03731303900008,19.692254234000075],[99.03497123600005,19.696017949000066],[99.02939021900005,19.696345240000028],[99.02417967100007,19.71672841800006],[99.02385998200003,19.729519096000047],[99.02450403900008,19.735000702000036],[99.02912178900004,19.736000642000022],[99.02935279000008,19.742939727000078],[99.02420750400006,19.74900950500006],[99.01580018100003,19.764433113000052],[99.02496998200007,19.776657070000056],[99.02039791200008,19.78244385100004],[99.01217128900004,19.784206563000055],[99.01086152300007,19.785620571000038],[99.01134446000003,19.790580137000063],[99.00727848000008,19.792039190000025]]]}},{"type":"Feature","properties":{"shapeName":"Chiang Saen","shapeISO":"","shapeID":"78962969B57964456122026","shapeGroup":"THA","shapeType":"ADM2"},"geometry":{"type":"Polygon","coordinates":[[[100.24662560700006,20.368698306000056],[100.24301137500004,20.365320440000062],[100.22997868200008,20.35881785500004],[100.22561717800005,20.353824475000067],[100.22412900200004,20.34718582100004],[100.22847383100009,20.331934185000023],[100.22466614800004,20.322250490000044],[100.22091143400007,20.317754539000077],[100.21392704800007,20.313090533000036],[100.19602947600004,20.311629394000022],[100.17799018100004,20.30626538200005],[100.16852460000007,20.300209462000055],[100.16690420900005,20.294075485000064],[100.16913964200006,20.28353571200006],[100.17595521200008,20.277345299000046],[100.18029970200007,20.26648653700005],[100.17996072200003,20.262578502000054],[100.17469195400008,20.248940434000076],[100.17099532100008,20.24553902200006],[100.15401241700005,20.244559464000076],[100.13547255600008,20.24889811500003],[100.11239097600009,20.25083141400006],[100.10416035200006,20.255108852000035],[100.09409658300007,20.265586738000025],[100.09126641800003,20.27121349500004],[100.09116503200005,20.275880323000024],[100.09929745100004,20.308338383000034],[100.09563337100008,20.322718816000076],[100.08463602700004,20.353448886000024],[100.08127681600007,20.356514566000044],[100.07919788600003,20.362606465000056],[100.07965715500006,20.365126959000065],[100.08545304600005,20.36731678900003],[100.08591722400007,20.368718399000045],[100.08180416200008,20.369810975000064],[100.07702752100005,20.373885982000047],[100.07889126900005,20.378129992000027],[100.07759546700004,20.38085104000004],[100.07006753300004,20.374660445000075],[100.06698429300008,20.374812769000073],[100.06752604800005,20.378961109000045],[100.06604615000003,20.38242836200004],[100.06912079500006,20.38380740100007],[100.07213404800007,20.388936538000053],[100.06992100400004,20.390015619000053],[100.06659769300006,20.38585818400003],[100.06353974400008,20.386075756000025],[100.06332722700006,20.391222398000025],[100.06668550700005,20.39311819900007],[100.06623911300005,20.39446419500007],[100.06175082200008,20.392623576000062],[100.05961131000004,20.396268690000056],[100.05595948400008,20.39603861300003],[100.05490427900008,20.39402156400007],[100.05605903100007,20.389804038000023],[100.05425295700007,20.387572787000067],[100.05176196200006,20.393089519000057],[100.04637414000007,20.39154221700005],[100.04448270000006,20.392273635000038],[100.04297004200004,20.398290064000037],[100.04078186300006,20.39829505000006],[100.04145806200006,20.39440346500004],[100.03971014000007,20.39287260900005],[100.03939263600006,20.39537707100004],[100.03700004600006,20.396033184000032],[100.03580509000005,20.39816740300006],[100.03440180500007,20.39778177900007],[100.03612365200007,20.392730579000045],[100.03507778300008,20.390721832000054],[100.03104081900005,20.391835542000024],[100.02901595700007,20.395294055000022],[100.02683459400004,20.39433880100006],[100.02669791500006,20.392328226000075],[100.03029546000005,20.38877097900007],[100.02815807000007,20.384988089000046],[100.02568434200003,20.384567807000053],[100.02798515400008,20.388677243000075],[100.02591711800005,20.389632481000035],[100.02415028700005,20.393124344000057],[100.01747071600005,20.38844321600004],[100.01557553700007,20.38872195700003],[100.01546837300003,20.386665450000066],[100.01402908300008,20.387034405000065],[100.01312617900004,20.384531151000033],[100.01455796700009,20.385844631000055],[100.01566637600007,20.384937636000075],[100.01289475200008,20.383789371000034],[100.01205803200008,20.38038590700006],[100.01004397200006,20.381697934000044],[100.00943946800004,20.378105809000033],[100.00716613400004,20.379341595000028],[100.00766529000003,20.375999764000028],[100.00576587300009,20.37542363600005],[100.00490604500004,20.37227165200005],[100.00310231400005,20.371242623000057],[100.00642574100004,20.368795331000058],[100.00537917700007,20.366546431000074],[100.00323399300004,20.363874520000024],[100.00209879100004,20.36517237700002],[100.00288540800005,20.36312765300005],[100.00131547000007,20.362756285000046],[100.00140368000007,20.361331523000047],[99.99977712500004,20.362178518000064],[99.99643813200004,20.36037979500003],[99.99858108300003,20.35790004200004],[99.99600122900006,20.35714765000006],[99.99734192200003,20.355671534000066],[99.99491475300005,20.353047686000025],[99.99130723000007,20.352140789000032],[99.99087946800006,20.353749665000066],[99.98639792000006,20.354324597000073],[99.98441415900004,20.35265881400005],[99.98061887900008,20.353236374000062],[99.97957249300003,20.35197697600006],[99.97692835200007,20.35316647700006],[99.97243642000007,20.351648875000024],[99.97249607500004,20.353508240000053],[99.96604419100004,20.35413846800003],[99.96593445400003,20.330925772000057],[99.95963113600004,20.311835633000044],[99.95933303200007,20.305220271000053],[99.95135348800005,20.294147745000032],[99.94898877400004,20.294531113000062],[99.94510507800004,20.288557549000075],[99.94723115500005,20.287692053000058],[99.95010701000007,20.290615599000034],[99.95130012600004,20.289073322000036],[99.95362679200008,20.28934210700004],[99.95553256900007,20.291402824000045],[99.95620393700005,20.289571513000055],[99.95789924400003,20.28939044300006],[99.96197327500005,20.294145214000025],[99.96710555100003,20.296936978000076],[99.96608493200006,20.29829221800003],[99.96765273600005,20.299521552000044],[99.96693943500009,20.300772988000062],[99.96897065900004,20.300884343000064],[99.96895881100005,20.298831445000076],[99.97036232700003,20.29821503200003],[99.97218169900003,20.29972091700006],[99.97391800700007,20.298766800000067],[99.97489139400005,20.300343404000046],[99.97643790300003,20.29936729800005],[99.97786868100007,20.30125169300004],[99.97965843800006,20.300263262000044],[99.98387441600005,20.30460682300003],[99.98463970100005,20.30271934700005],[99.98510279100009,20.305526534000023],[99.98708895400006,20.30491793300007],[99.98887981700005,20.307181205000063],[99.98907178500008,20.304940118000047],[99.99065824700006,20.305018742000073],[99.99103451800005,20.300649500000077],[99.98804877400005,20.300425764000067],[99.98931421100008,20.297492156000033],[99.98557691600007,20.294997310000042],[99.98483223900007,20.287007240000037],[99.98254432700008,20.285610478000024],[99.98232452900004,20.279324151000026],[99.98078396700004,20.277380677000053],[99.98515872600007,20.27571921400005],[99.98063963100009,20.267602449000037],[99.98198493900009,20.266288786000075],[99.98080405300004,20.26515104200007],[99.98199320000003,20.264204905000042],[99.98139154100005,20.259746885000027],[99.99119990000008,20.25985438300006],[99.99645991900007,20.25557210000005],[99.99897366900007,20.250993079000068],[100.00111803100003,20.251002613000026],[100.01004439700006,20.24403607000005],[100.01332541200009,20.24348350200006],[100.01870323600008,20.238108838000073],[100.02445249000004,20.236657861000026],[100.02438325800006,20.215417977000072],[100.02863621900008,20.216328401000055],[100.03305316900008,20.214296656000045],[100.03565546200008,20.210927725000033],[100.03439264000008,20.205381500000044],[100.03169882100008,20.203135829000075],[100.03330566900007,20.199638166000057],[100.03757891200007,20.198177002000023],[100.04090905300006,20.198398129000054],[100.04205155500006,20.20028250100006],[100.04596241400009,20.200243009000076],[100.04828080300007,20.202837548000048],[100.04686913700004,20.20711526200006],[100.05022300100006,20.210060360000057],[100.05000827900005,20.216746072000035],[100.05635686500005,20.21350504800006],[100.05599271900007,20.216793437000035],[100.05730542600008,20.21840683100004],[100.06382461200008,20.213713674000076],[100.06906439900007,20.21419322500003],[100.07265119600004,20.212289303000034],[100.07354166500005,20.20884026500005],[100.07668219900006,20.210847905000037],[100.07815726900009,20.20846356800007],[100.09583103200004,20.206500380000023],[100.09722326800005,20.202034721000075],[100.10556252100008,20.20285358600006],[100.10841320000009,20.206407949000038],[100.10835483100004,20.21432953900006],[100.11975933200006,20.218531813000027],[100.11983468500006,20.222063115000026],[100.11486481600008,20.226389613000038],[100.11572497600008,20.229089903000045],[100.11833399400007,20.22947752300007],[100.12458976300007,20.227655214000038],[100.12313818900009,20.22546100200003],[100.12363593800006,20.22104316800005],[100.12979808200004,20.21596775000006],[100.13446493900005,20.21537593000005],[100.13895620900007,20.217689676000077],[100.14546689100007,20.21673740700004],[100.14606169500007,20.218687954000075],[100.15368187800004,20.220837362000054],[100.15399210200007,20.217809771000077],[100.15600668200005,20.215771575000076],[100.15469427000005,20.211844006000035],[100.15567232700005,20.210400719000063],[100.16123370100007,20.207514939000077],[100.16408770900006,20.208271249000063],[100.17119152600009,20.206255301000056],[100.16982801000006,20.203680293000048],[100.17149139900005,20.197794112000054],[100.18050570600008,20.19391338400004],[100.18244454000006,20.189138867000054],[100.19218866100005,20.19093289400007],[100.19788460200004,20.198669706000032],[100.20305284300008,20.200768496000023],[100.20524977500008,20.19817677800006],[100.20710735100005,20.199340782000036],[100.20602352700007,20.196709362000036],[100.20366272200005,20.19573884700003],[100.20598653800005,20.194206062000035],[100.21127891700007,20.19740102700007],[100.21157202100005,20.195062992000032],[100.21476197400006,20.195644987000037],[100.21462536700005,20.19345267400007],[100.21840446500005,20.194622284000047],[100.21702067700005,20.193378333000055],[100.22001534400005,20.191139289000034],[100.21944379400009,20.189116256000034],[100.22282021500007,20.190457922000064],[100.22403550500007,20.18829396900003],[100.22677504100005,20.189112118000025],[100.22653028700006,20.190402944000027],[100.22947015100004,20.192373022000027],[100.23214557500006,20.192832145000068],[100.23401507400007,20.190873717000045],[100.23527281600008,20.193359171000054],[100.23636156900005,20.192057654000052],[100.23968656300008,20.195085195000047],[100.24188869600005,20.19417052800003],[100.24256646000003,20.195852013000035],[100.24538555500004,20.194371785000044],[100.24461765700005,20.192283184000075],[100.24883255500004,20.193827256000077],[100.24952605900006,20.191761665000058],[100.25137250900008,20.191221935000044],[100.25136484200004,20.19257455500008],[100.25367695900007,20.19259404400003],[100.25322769000007,20.190780094000047],[100.25499610500003,20.189806859000043],[100.25745042500006,20.191513754000027],[100.25887410100006,20.18950719000003],[100.25766328300006,20.18807741200004],[100.25951716600008,20.186498194000023],[100.26092698700006,20.18638885100006],[100.26206496500004,20.18911825400005],[100.26452935400005,20.18896076900006],[100.26868611200007,20.185318773000063],[100.26777646600004,20.184062630000028],[100.26996178500008,20.18478121000004],[100.27012952900009,20.182525026000064],[100.27639396500007,20.184786872000075],[100.27841621200008,20.183745488000056],[100.27973304200003,20.185067744000037],[100.28219822300008,20.184481607000066],[100.28692344300003,20.187379606000036],[100.29051572800006,20.185646700000063],[100.29431051800003,20.187723624000057],[100.30167587800008,20.186012257000073],[100.30540512000005,20.186880572000064],[100.30917014500005,20.188795379000055],[100.30710669100006,20.192532844000027],[100.31201229700008,20.204619794000052],[100.30350032400008,20.204217146000076],[100.29831595700006,20.20719872500007],[100.29519800700007,20.215021199000034],[100.28670838600004,20.22056531100003],[100.28391602600004,20.225417503000074],[100.28590192100006,20.231872891000023],[100.28348824500006,20.235655378000047],[100.28482083300008,20.239303047000078],[100.29013312900008,20.244378334000032],[100.28912799300008,20.246829647000027],[100.29125014600004,20.248799443000053],[100.29130790000005,20.253061853000077],[100.29759921000004,20.25878035900007],[100.29685318000008,20.26275275000006],[100.30513974500008,20.27068966300004],[100.30519375600005,20.27441671200006],[100.30132090200004,20.27958423800004],[100.30081065400003,20.282744512000022],[100.30770852100005,20.287529602000063],[100.30915124100005,20.292959762000066],[100.31162892900005,20.29566677200006],[100.31169348500003,20.30062183700005],[100.31976348300009,20.307003362000046],[100.31722894100005,20.312462776000075],[100.32229593100004,20.32148453600007],[100.31369821900006,20.331770896000023],[100.31007159900008,20.332165365000037],[100.30276473500004,20.340348910000046],[100.29073267100006,20.33903990300007],[100.28365128100006,20.346448843000076],[100.27520820300003,20.35039212600003],[100.25511599000004,20.348869381000043],[100.25418740500004,20.350555276000023],[100.24867949200006,20.352193451000062],[100.24842374100007,20.35510212300005],[100.25036839400008,20.35816277500004],[100.24980893800006,20.359600525000076],[100.24799763200008,20.359609669000065],[100.25000602700004,20.36304393200004],[100.25000281500007,20.36686114500003],[100.24662560700006,20.368698306000056]]]}},{"type":"Feature","properties":{"shapeName":"Fang","shapeISO":"","shapeID":"78962969B22433102808870","shapeGroup":"THA","shapeType":"ADM2"},"geometry":{"type":"Polygon","coordinates":[[[99.34408176700003,19.711672320000048],[99.34751583500008,19.712856659000067],[99.34639782500005,19.71929020600004],[99.34891933900008,19.724644804000036],[99.35576042500008,19.724724566000077],[99.35979960300006,19.726301044000024],[99.36207590000004,19.731795748000025],[99.36234153500004,19.740463567000063],[99.35979275600005,19.74522231900005],[99.36044089900008,19.74890273400007],[99.36453185700003,19.75131786000003],[99.36470854800007,19.764086989000077],[99.36619695500008,19.76916377300006],[99.36152524500005,19.77732618700003],[99.35882220100007,19.783496897000077],[99.35100601700003,19.792241369000067],[99.34841260300004,19.799415662000058],[99.34506578500003,19.801229355000032],[99.34131923200005,19.808748816000048],[99.34178026600006,19.81424703500005],[99.33528570100003,19.81723590300004],[99.33700724000005,19.821290543000032],[99.33138094100008,19.825038380000024],[99.33198761500006,19.82811679100007],[99.32898881100004,19.831792565000057],[99.32574032800005,19.840914201000032],[99.31719958600007,19.84517334700007],[99.31936066400004,19.847439329000053],[99.31907289500003,19.850180455000043],[99.30868537000003,19.860152150000033],[99.30402872000008,19.87271776800003],[99.29911339400007,19.87630363100004],[99.29636055600008,19.88162575700005],[99.29097402800005,19.88398719500003],[99.28843993800007,19.891306001000032],[99.28579235400008,19.89193593600004],[99.28157776800003,19.88807425600004],[99.27455835400008,19.886938733000022],[99.26997008200004,19.888242792000028],[99.26850749200008,19.891787702000045],[99.26453058400006,19.895331863000024],[99.25798411600005,19.893502268000077],[99.25029748600008,19.896184533000053],[99.25290551300009,19.90285108300003],[99.25278605000005,19.908826731000033],[99.23588256500005,19.915662428000076],[99.24111102700004,19.916475177000052],[99.24069101700007,19.91960513600003],[99.24676161800005,19.92591634300004],[99.24321395700008,19.928540868000027],[99.24699222700008,19.92960579100003],[99.24539761100004,19.930249409000055],[99.24733573100008,19.93242749700005],[99.24635204600008,19.933424729000023],[99.25017295100008,19.93427347200003],[99.24891374300006,19.934845754000037],[99.24967615800006,19.936161252000034],[99.24539401500004,19.93716983300004],[99.24561893000003,19.939492082000072],[99.24434499300008,19.939811167000073],[99.24648926500004,19.941340823000075],[99.24515888200006,19.944414651000045],[99.24755963700005,19.94554222100004],[99.24455477900005,19.950859905000073],[99.24503903400006,19.95234797100005],[99.24127644800006,19.954905234000023],[99.24502048300008,19.956520495000063],[99.24426645500006,19.96034777500006],[99.23992233300004,19.962236676000032],[99.23350848900009,19.961783419000028],[99.22971843700009,19.964022012000044],[99.22700546800007,19.963335142000062],[99.22441989600009,19.966723666000064],[99.22083277800004,19.96560504000007],[99.21814730100004,19.96643256400006],[99.21476116000008,19.97835434900003],[99.20971185400003,19.98561057200004],[99.20536050300007,19.98502069600005],[99.19853072700005,19.990471375000027],[99.19638608200006,19.993925084000068],[99.18752892400005,19.997702726000057],[99.18428019500004,20.001984483000058],[99.17496254300005,20.009119851000037],[99.16003214800008,20.012551307000024],[99.15352983900004,20.02009148800005],[99.14631603800007,20.036025299000073],[99.14350018000005,20.048178103000055],[99.14394087700003,20.07313023200004],[99.13636602600008,20.082272974000034],[99.13596752000007,20.089478016000044],[99.13793206900004,20.094910226000025],[99.13572014400006,20.09905767500004],[99.12808041800008,20.106677482000066],[99.11941297400006,20.101084465000042],[99.11299005000006,20.100338262000037],[99.11162252300005,20.10160023700007],[99.10885097500005,20.098954124000045],[99.10621938100007,20.099816463000025],[99.10092834400007,20.097715546000074],[99.09680401200006,20.104979925000066],[99.09372085600006,20.107175656000038],[99.09170756200007,20.10529983400005],[99.09078438800003,20.09748342300003],[99.08599618900007,20.09820164000007],[99.08391207200003,20.09719414600005],[99.08287508100005,20.101299984000036],[99.08091098700004,20.10201758200003],[99.07574713200006,20.100692908000042],[99.06913778200004,20.09266208100007],[99.06732622600003,20.08796459000007],[99.06666682600007,20.084653393000053],[99.06910868300008,20.084018856000057],[99.06979120400007,20.082285157000058],[99.06719162700006,20.069052312000053],[99.05686538600008,20.063604584000075],[99.05354624400007,20.050766243000055],[99.04829469900005,20.04603367800007],[99.04396621200004,20.038742409000065],[99.04563211300007,20.025292878000073],[99.04363112400006,20.01630338900003],[99.04626073600008,20.012238094000054],[99.04614610000004,20.009476567000036],[99.05433964200006,20.003472935000048],[99.05056899400006,19.99775965500004],[99.04481460400007,19.997091734000037],[99.03762975900008,19.99032697900003],[99.03626186800005,19.981050319000076],[99.03397271700004,19.979377095000075],[99.03199895900008,19.973842371000046],[99.03930553400005,19.965544238000064],[99.03974573300007,19.956195439000055],[99.04509907900007,19.948962270000038],[99.04162585200004,19.941968705000022],[99.04108563800008,19.93680795100005],[99.04274661400007,19.931392510000023],[99.04050193900008,19.929878864000045],[99.03588795500008,19.930633232000048],[99.03031727800004,19.92481711000005],[99.02694292300004,19.925412747000053],[99.02707241400003,19.92834293900006],[99.02553044500007,19.929837529000054],[99.02188943000004,19.92727966600006],[99.02348090900006,19.918576287000064],[99.02731039900004,19.915563100000043],[99.02669048400008,19.912263635000045],[99.02887510300008,19.900882196000055],[99.02546213200009,19.897929846000068],[99.02653056200006,19.89420233900006],[99.02517944300007,19.888581114000033],[99.03056347900008,19.890074640000023],[99.03597141900008,19.885040592000053],[99.03339032100007,19.87061144300003],[99.03604262200008,19.86458561300003],[99.02951826100008,19.841979898000034],[99.02871395300008,19.832232085000044],[99.03200634900008,19.828275477000034],[99.03645834700006,19.827993031000062],[99.04872105800007,19.821788250000054],[99.04593661700005,19.81094512100003],[99.03959310100004,19.807080350000035],[99.03853002500006,19.80306822800003],[99.03432969300007,19.79932591900007],[99.03969542800007,19.783389791000047],[99.04290782300006,19.782539361000033],[99.05006003100004,19.77640077600006],[99.06180612000009,19.777017667000052],[99.07667335300005,19.77389706200006],[99.08053971100009,19.768182582000065],[99.08283272600005,19.768603591000044],[99.08716352500005,19.76577670200004],[99.09619488300007,19.766988964000063],[99.10047632200008,19.766190865000056],[99.10984408300004,19.772599701000047],[99.12002283300006,19.77161361700007],[99.12428099400006,19.775790330000063],[99.12893629200005,19.774829038000064],[99.13421339500007,19.768133729000056],[99.14908530300005,19.767594686000052],[99.15372619800007,19.762702451000052],[99.15565342600007,19.76363432100004],[99.15736293100008,19.76266077500003],[99.15692173600007,19.764317333000065],[99.16013730700007,19.76332631200006],[99.15943052600005,19.767333490000055],[99.16242918400008,19.767901008000024],[99.16456417900008,19.765700303000074],[99.16312717400007,19.762790748000043],[99.16478668500008,19.76212689600004],[99.16710732600006,19.75693588100006],[99.16559640600008,19.75011409800004],[99.16993366900005,19.743178563000072],[99.17443079500003,19.74248658500005],[99.17771464400005,19.74392997700005],[99.18273506500003,19.742165973000056],[99.18786617500007,19.744415135000054],[99.19039900500007,19.748844612000028],[99.19511942000008,19.751013846000035],[99.19686549400006,19.754393528000037],[99.20021531100008,19.754636548000065],[99.20259488300007,19.758442493000075],[99.20784667800007,19.761912550000034],[99.20880799200006,19.765387503000056],[99.21484493300005,19.76645854900005],[99.21838619000005,19.76957184300005],[99.21928467800007,19.76840368200004],[99.22197084000004,19.76881598500006],[99.22584443300008,19.771492918000035],[99.22668715000003,19.76924789800006],[99.23021423700004,19.76837471400006],[99.23005434900006,19.765406295000048],[99.23226116900008,19.76258833600002],[99.23579157800003,19.76193909400007],[99.23839126300004,19.759471604000055],[99.24331803200005,19.76054545900007],[99.24681859600008,19.764602199000024],[99.25196854800004,19.760853532000056],[99.25656390900008,19.760828152000045],[99.26185232900008,19.75759971800005],[99.27577062700004,19.756728614000053],[99.27979390900003,19.755721762000064],[99.28120821500005,19.753956799000036],[99.28348736800007,19.75534657000003],[99.29645353600006,19.755112825000026],[99.30302127700008,19.752213363000067],[99.30453165500006,19.748887294000042],[99.30834072100004,19.74698706500004],[99.31083375100008,19.749787814000058],[99.31361504000006,19.746971921000068],[99.31703242500004,19.737163018000047],[99.32747661100007,19.730487546000063],[99.33244886400007,19.730077961000063],[99.33437375200003,19.72028780900007],[99.34408176700003,19.711672320000048]]]}},{"type":"Feature","properties":{"shapeName":"Mae Ai","shapeISO":"","shapeID":"78962969B45040254304156","shapeGroup":"THA","shapeType":"ADM2"},"geometry":{"type":"Polygon","coordinates":[[[99.36152524500005,19.77732618700003],[99.36748679600004,19.77471708300004],[99.37063050300009,19.776638235000064],[99.37473921600008,19.77677264700003],[99.37700927800006,19.779163657000026],[99.37721117300003,19.789481886000033],[99.37872399300005,19.790781656000036],[99.37740731400004,19.797341295000024],[99.38121154700008,19.80048555600007],[99.37888873000009,19.804105168000035],[99.37866219900008,19.808296184000028],[99.38154115500004,19.811121279000076],[99.41990792000007,19.81403910000006],[99.42060201500004,19.82317871400005],[99.40992280200004,19.829231136000033],[99.40802627600004,19.831822807000037],[99.40827478000006,19.834663221000028],[99.41496569400005,19.845304087000045],[99.40965727800005,19.845102333000057],[99.40806585300004,19.847831228000075],[99.40322961600003,19.849525886000038],[99.40240750400005,19.852409943000055],[99.39527113800006,19.857063108000034],[99.38758586500006,19.865299141000037],[99.38633227400004,19.877150053000037],[99.38143906100004,19.879543330000047],[99.38359085200005,19.883961933000023],[99.38139707800008,19.889467701000058],[99.38475411300004,19.896629519000044],[99.38879858500007,19.900623623000058],[99.39137313200007,19.900419146000047],[99.39832424200006,19.906120161000047],[99.39992822700003,19.912171430000058],[99.40299514800006,19.914732525000034],[99.41301171900005,19.915384661000076],[99.42041524700005,19.917617698000072],[99.42096902500003,19.920255802000042],[99.41727616400004,19.92238513600006],[99.41662423800005,19.928790062000076],[99.41462519400005,19.931535281000038],[99.41495489000005,19.940414935000035],[99.41738600400004,19.942991677000066],[99.41858271200005,19.952976026000044],[99.42710329900007,19.96070301700007],[99.43788982000007,19.961072002000037],[99.44082049900004,19.962645827000074],[99.44231874900004,19.970231254000055],[99.45267458400008,19.981626249000044],[99.45484301300007,19.987748844000066],[99.46031183900004,19.99320425800005],[99.45956500300008,19.99646036400003],[99.46480084300003,19.99973284300006],[99.46557106900008,20.00546508900004],[99.47325286000006,20.011409452000066],[99.47564320500004,20.010784889000035],[99.47832964600008,20.01322860700003],[99.47814293900007,20.01505297500006],[99.47608963400006,20.01447074500004],[99.47261171700006,20.017715081000063],[99.47290453700003,20.019637099000022],[99.47077923600006,20.022114385000066],[99.46741717900005,20.02394610400006],[99.46771029200005,20.026106640000023],[99.46567115300007,20.025902303000066],[99.46656342900008,20.028094311000075],[99.47019222400007,20.030190942000047],[99.46733811500008,20.032293767000056],[99.46747766700008,20.03408730900003],[99.47236276500007,20.03442751700004],[99.47630030500005,20.03938055800006],[99.48460965800007,20.038706713000067],[99.48648875200007,20.04199371900006],[99.48937671300007,20.042476967000027],[99.49607309200007,20.04775711900004],[99.49837590600004,20.052025220000075],[99.50518798700006,20.053703366000036],[99.50266325300004,20.054979692000074],[99.50460683600005,20.057164796000052],[99.50293799900004,20.05944225500002],[99.49154227400004,20.065529480000066],[99.48947741700005,20.072453112000062],[99.49119013700005,20.079034669000066],[99.50222491700004,20.083079973000054],[99.50850468600004,20.088182274000076],[99.51429248300008,20.08868035100005],[99.51764601000008,20.091561556000045],[99.53028132900005,20.093654697000034],[99.53225286500003,20.094755774000078],[99.53202173900007,20.096540857000036],[99.53468446300008,20.096740966000027],[99.53765154200005,20.09948687600007],[99.54696392000005,20.101489036000032],[99.55012135700008,20.10393933900008],[99.55441217100008,20.103038066000067],[99.55754385100005,20.09817258000004],[99.55916238800006,20.09811720400006],[99.56451686400004,20.10435485100004],[99.57067196700007,20.10754373700007],[99.57291340000006,20.119225693000033],[99.56852832300007,20.12356679900006],[99.56457154400005,20.124109471000054],[99.55664411700008,20.13011143500006],[99.54598580200008,20.13088082400003],[99.52973605400007,20.137525468000035],[99.52060390000008,20.138082648000022],[99.51307463500007,20.147433560000024],[99.50980252600004,20.14709734400003],[99.50044814100005,20.135181857000077],[99.49464537700004,20.13335727900005],[99.49870071600009,20.122981483000046],[99.49799548800007,20.116097798000055],[99.49132426500006,20.11556661000003],[99.48856709400008,20.11205970000003],[99.48340882200006,20.109611318000077],[99.47200541000007,20.10925965900003],[99.46500669000005,20.104843177000078],[99.46224721400006,20.104599386000075],[99.45545695700008,20.098193645000038],[99.44458188300007,20.09835092900005],[99.43848803500003,20.090677699000025],[99.42933417000006,20.090107098000033],[99.42256949100005,20.093454621000035],[99.41724873300006,20.093620540000074],[99.41264823100005,20.088380630000074],[99.40547224000005,20.088779902000056],[99.40073541400005,20.086112811000078],[99.39618594200005,20.08950021800007],[99.38550673800006,20.08762312300007],[99.37850737900004,20.089260428000046],[99.37375267900006,20.094432537000046],[99.36518413100003,20.09916054100006],[99.35137185900004,20.096391227000026],[99.34468417000005,20.10511924900004],[99.34152161900005,20.105675305000034],[99.33824268400008,20.103697710000063],[99.33587527700007,20.109781705000046],[99.33223746400006,20.111258104000058],[99.32046303500005,20.109496243000024],[99.31528914900008,20.110242516000028],[99.31543279400006,20.112760625000078],[99.31348656800009,20.11409450000008],[99.30879979500008,20.11263313300003],[99.30133720100008,20.115446081000073],[99.29372693400006,20.113869822000026],[99.28246585500005,20.113937769000074],[99.27818865100005,20.116580739000028],[99.26541356300004,20.113516151000056],[99.25405013200003,20.114417521000064],[99.24642883300004,20.11283837600007],[99.24178753100006,20.115020531000027],[99.23568675400008,20.123050307000028],[99.23213305300004,20.12494384400003],[99.22588614400007,20.119966901000055],[99.22309047500005,20.120938779000028],[99.21864571600008,20.12834422900005],[99.21530419200008,20.128288569000063],[99.21047485800005,20.13250241000003],[99.20553612800006,20.130691144000025],[99.19806067000007,20.130884423000055],[99.19225576100007,20.128267395000023],[99.18746316300007,20.131966523000074],[99.18163724400006,20.12888834000006],[99.17570307600005,20.12933449800005],[99.16903051700007,20.133129965000023],[99.16266656700009,20.131082604000028],[99.15755462300007,20.132665253000027],[99.14931116500009,20.128978457000073],[99.14000223000005,20.122267605000047],[99.12610307100005,20.119444847000068],[99.12545511100006,20.11632515200006],[99.12732232900004,20.10905539600003],[99.12880224000008,20.108097951000047],[99.12808041800008,20.106677482000066],[99.13572014400006,20.09905767500004],[99.13793206900004,20.094910226000025],[99.13596752000007,20.089478016000044],[99.13636602600008,20.082272974000034],[99.14394087700003,20.07313023200004],[99.14350018000005,20.048178103000055],[99.14631603800007,20.036025299000073],[99.15352983900004,20.02009148800005],[99.16003214800008,20.012551307000024],[99.17496254300005,20.009119851000037],[99.18428019500004,20.001984483000058],[99.18752892400005,19.997702726000057],[99.19638608200006,19.993925084000068],[99.19853072700005,19.990471375000027],[99.20536050300007,19.98502069600005],[99.20971185400003,19.98561057200004],[99.21476116000008,19.97835434900003],[99.21814730100004,19.96643256400006],[99.22083277800004,19.96560504000007],[99.22441989600009,19.966723666000064],[99.22700546800007,19.963335142000062],[99.22971843700009,19.964022012000044],[99.23350848900009,19.961783419000028],[99.23992233300004,19.962236676000032],[99.24426645500006,19.96034777500006],[99.24502048300008,19.956520495000063],[99.24127644800006,19.954905234000023],[99.24503903400006,19.95234797100005],[99.24455477900005,19.950859905000073],[99.24755963700005,19.94554222100004],[99.24515888200006,19.944414651000045],[99.24648926500004,19.941340823000075],[99.24434499300008,19.939811167000073],[99.24561893000003,19.939492082000072],[99.24539401500004,19.93716983300004],[99.24967615800006,19.936161252000034],[99.24891374300006,19.934845754000037],[99.25017295100008,19.93427347200003],[99.24635204600008,19.933424729000023],[99.24733573100008,19.93242749700005],[99.24539761100004,19.930249409000055],[99.24699222700008,19.92960579100003],[99.24321395700008,19.928540868000027],[99.24676161800005,19.92591634300004],[99.24069101700007,19.91960513600003],[99.24111102700004,19.916475177000052],[99.23588256500005,19.915662428000076],[99.25278605000005,19.908826731000033],[99.25290551300009,19.90285108300003],[99.25029748600008,19.896184533000053],[99.25798411600005,19.893502268000077],[99.26453058400006,19.895331863000024],[99.26850749200008,19.891787702000045],[99.26997008200004,19.888242792000028],[99.27455835400008,19.886938733000022],[99.28157776800003,19.88807425600004],[99.28579235400008,19.89193593600004],[99.28843993800007,19.891306001000032],[99.29097402800005,19.88398719500003],[99.29636055600008,19.88162575700005],[99.29911339400007,19.87630363100004],[99.30402872000008,19.87271776800003],[99.30868537000003,19.860152150000033],[99.31907289500003,19.850180455000043],[99.31936066400004,19.847439329000053],[99.31719958600007,19.84517334700007],[99.32574032800005,19.840914201000032],[99.32898881100004,19.831792565000057],[99.33198761500006,19.82811679100007],[99.33138094100008,19.825038380000024],[99.33700724000005,19.821290543000032],[99.33528570100003,19.81723590300004],[99.34178026600006,19.81424703500005],[99.34131923200005,19.808748816000048],[99.34506578500003,19.801229355000032],[99.34841260300004,19.799415662000058],[99.35100601700003,19.792241369000067],[99.35882220100007,19.783496897000077],[99.36152524500005,19.77732618700003]]]}},{"type":"Feature","properties":{"shapeName":"Mae Chan","shapeISO":"","shapeID":"78962969B91989740231276","shapeGroup":"THA","shapeType":"ADM2"},"geometry":{"type":"Polygon","coordinates":[[[99.94510507800004,20.288557549000075],[99.94354023000005,20.28923650400003],[99.93964396600006,20.285170592000043],[99.93696063500005,20.284319998000058],[99.93754712800006,20.282647935000057],[99.93384927800008,20.282406921000074],[99.93050515500005,20.279254689000027],[99.92858667800004,20.28421413800004],[99.92162371800003,20.28786027700005],[99.91998274300005,20.284545963000028],[99.91414589400006,20.281663597000033],[99.90353037900007,20.266822518000026],[99.89621897600006,20.264059969000073],[99.89294754600007,20.25767888100006],[99.87773330200008,20.263929380000036],[99.87438716700007,20.270752994000077],[99.86938306500008,20.26746631000003],[99.86709295100007,20.263724058000037],[99.86176139500009,20.263609647000067],[99.85992930500004,20.265532645000064],[99.85487634600008,20.266734187000054],[99.84557746200005,20.26660558900005],[99.84080035800008,20.268767336000053],[99.83662955000005,20.267017185000043],[99.83424664800003,20.263051292000057],[99.83474916100005,20.26137046300005],[99.83864598200006,20.260235944000044],[99.83879188600008,20.25875717200006],[99.83489689900006,20.255556567000042],[99.83260019100004,20.250891125000066],[99.82788857100007,20.24928863200006],[99.82355701200004,20.24568660400007],[99.82083732100006,20.230084832000045],[99.81829483400008,20.229491777000078],[99.81170355400008,20.231354289000024],[99.80607667100008,20.23033728300004],[99.80347459200004,20.231656281000028],[99.80383815000005,20.23375780500004],[99.79945674000004,20.23819026500007],[99.79827497400004,20.235980724000058],[99.79942140600008,20.234700915000076],[99.79084188800005,20.229469407000067],[99.78824569700004,20.229569671000036],[99.78798298100008,20.232898206000073],[99.78447786700008,20.230958745000066],[99.77566577800008,20.23045983700007],[99.77597186400004,20.222855198000047],[99.77225982600004,20.22082212300006],[99.77098403400004,20.222148610000033],[99.76971342300004,20.21903265900005],[99.76796108300005,20.218594390000078],[99.76940808300009,20.217322505000027],[99.76995748500008,20.207369553000035],[99.76462998500006,20.200582353000073],[99.76521570200003,20.19652995100006],[99.76098540100008,20.19419791300004],[99.76217744800005,20.18861935900003],[99.75853850900006,20.18876420400005],[99.74763636300008,20.179373939000072],[99.74893681900005,20.174820630000056],[99.75135796300003,20.173726523000028],[99.75581163300006,20.166336080000065],[99.75318110100005,20.156392028000027],[99.75526125200008,20.158108536000043],[99.75848442400007,20.156418448000068],[99.75699383200003,20.149489930000072],[99.75818437700008,20.148058776000028],[99.74600937000008,20.140689773000076],[99.74929442200005,20.136463967000054],[99.75111693300005,20.136468844000035],[99.75231040400007,20.132530904000077],[99.75491620300005,20.13162714500004],[99.75598900500006,20.129325229000074],[99.75184334800008,20.12542938200005],[99.74135224900004,20.124495875000036],[99.73647420500004,20.121238764000054],[99.72012296100007,20.11638066000006],[99.70706779700004,20.122879474000058],[99.69986662600007,20.11666267000004],[99.69733663400007,20.120766806000063],[99.69124695700003,20.12504612600003],[99.68684592900007,20.123790756000062],[99.68028117100005,20.125451552000072],[99.67308228000007,20.123088549000045],[99.67246175600008,20.115070520000074],[99.67595509500006,20.112721387000022],[99.66965845500005,20.114273061000063],[99.66671418000004,20.11127695500005],[99.66438231100005,20.11015986800004],[99.66227871400008,20.111335095000072],[99.66180996700007,20.10894655800007],[99.65849682000004,20.109188695000057],[99.65710222000007,20.10757201100006],[99.65305156700003,20.10776978000007],[99.65026185500005,20.109695789000057],[99.64620712700008,20.108980339000027],[99.64403693000008,20.106930023000075],[99.63580192100005,20.11305523900006],[99.63449569700003,20.11234225100003],[99.63458339800007,20.11387452500003],[99.63173425100007,20.11242863600006],[99.62908127300005,20.113051564000045],[99.62912241500004,20.117219334000026],[99.62704045100008,20.116880510000044],[99.62288179500007,20.120526621000067],[99.61973308400007,20.120895503000042],[99.61556859300003,20.130250086000046],[99.61184108300006,20.13217138400006],[99.61214326500004,20.134066387000075],[99.61068645800003,20.13394000100004],[99.61219599400005,20.13551546700006],[99.61103455400007,20.137776522000024],[99.60956933600005,20.137184921000028],[99.60904277300006,20.140164439000046],[99.60535011300004,20.140782529000035],[99.60560224100004,20.143642482000075],[99.60267009400008,20.14406951600006],[99.60257032900006,20.146658097000056],[99.60091812100006,20.14668984700006],[99.59849102500004,20.151030492000075],[99.59582804900003,20.151897414000075],[99.59714237500003,20.155010779000065],[99.59409921000008,20.15716216800007],[99.59352011800007,20.166297546000067],[99.58887855700004,20.165248227000063],[99.58740223600006,20.167091909000078],[99.58538003500007,20.165058292000026],[99.58333673800007,20.16694815200003],[99.58416032500008,20.168878101000075],[99.58139215500006,20.170622626000068],[99.57789224200008,20.17007588200005],[99.57846361100007,20.16754776500005],[99.57651396700004,20.167364774000077],[99.57606502700008,20.16939011900007],[99.57445271600005,20.169090794000056],[99.57463259900004,20.170991208000032],[99.57085837000005,20.17407831500003],[99.56552901100008,20.175243585000032],[99.55678306600004,20.176055053000027],[99.55145647500007,20.174071670000046],[99.54985285900005,20.17548895500005],[99.54603536500008,20.173002508000025],[99.54166702200007,20.17315071300004],[99.53801978000007,20.165180888000066],[99.53925371700007,20.16103506500008],[99.53725591600005,20.155602628000054],[99.53832109900009,20.147595112000033],[99.52993156300005,20.146801567000068],[99.52449042900008,20.15074035200007],[99.51773073500004,20.152861692000045],[99.51121109600007,20.151663041000063],[99.51307463500007,20.147433560000024],[99.52060390000008,20.138082648000022],[99.52973605400007,20.137525468000035],[99.54598580200008,20.13088082400003],[99.55664411700008,20.13011143500006],[99.56457154400005,20.124109471000054],[99.56852832300007,20.12356679900006],[99.57291340000006,20.119225693000033],[99.57067196700007,20.10754373700007],[99.56451686400004,20.10435485100004],[99.55916238800006,20.09811720400006],[99.55754385100005,20.09817258000004],[99.55441217100008,20.103038066000067],[99.55012135700008,20.10393933900008],[99.54696392000005,20.101489036000032],[99.53765154200005,20.09948687600007],[99.53468446300008,20.096740966000027],[99.53202173900007,20.096540857000036],[99.53225286500003,20.094755774000078],[99.53028132900005,20.093654697000034],[99.51764601000008,20.091561556000045],[99.51429248300008,20.08868035100005],[99.50850468600004,20.088182274000076],[99.50222491700004,20.083079973000054],[99.49119013700005,20.079034669000066],[99.48947741700005,20.072453112000062],[99.49154227400004,20.065529480000066],[99.50293799900004,20.05944225500002],[99.50460683600005,20.057164796000052],[99.50266325300004,20.054979692000074],[99.50518798700006,20.053703366000036],[99.51123974600006,20.053342505000046],[99.51635376600007,20.04876533500004],[99.51797900600008,20.04471230300004],[99.52705215700007,20.039824261000035],[99.52864243100004,20.037577859000066],[99.53229845100009,20.037681949000046],[99.53943998600005,20.031988284000022],[99.54865535400006,20.028914352000072],[99.55133373900009,20.02533167000007],[99.56393634700004,20.023234237000054],[99.56841616800006,20.024475422000023],[99.57425105800007,20.02151714400003],[99.57660955500006,20.02341774000007],[99.57778066900005,20.02806804200003],[99.57464750300005,20.034583247000057],[99.57510865200004,20.039164609000068],[99.57780292500007,20.03847113300003],[99.58045200200007,20.040820875000065],[99.58261300500004,20.039596525000036],[99.59022499500009,20.040797788000077],[99.59467693800008,20.039793358000054],[99.59327743800009,20.04256945900005],[99.59521634300006,20.043552629000033],[99.59395079600006,20.04486774800006],[99.59992338600006,20.054686168000046],[99.59818548900006,20.057649197000046],[99.60011008300006,20.058917463000057],[99.60345040400006,20.058606436000048],[99.60374960300004,20.061327885000026],[99.60233096600007,20.062397528000076],[99.60539071800008,20.067148235000047],[99.60309341000004,20.070191049000073],[99.60578485000008,20.072185106000063],[99.60443999200004,20.076923976000046],[99.61074140100004,20.080191971000033],[99.61435292500005,20.083997939000028],[99.61909384300009,20.095697721000022],[99.61899210100006,20.098810248000063],[99.62306753500008,20.096837790000052],[99.62896591700007,20.09663639400003],[99.63396323600006,20.093088735000038],[99.64298875600008,20.092640998000036],[99.64957927300009,20.080078085000025],[99.65457459400005,20.081132598000067],[99.65854054300007,20.076808562000053],[99.66833309500004,20.076155423000046],[99.67772385800004,20.07266683000006],[99.68156571900005,20.06752943400005],[99.68248919000007,20.059431562000043],[99.68684625800006,20.055792060000044],[99.68684395400004,20.048377],[99.68331056200009,20.04159824900006],[99.68406157000004,20.028293474000066],[99.68679898200008,20.031141362000028],[99.69453449400004,20.033290414000078],[99.69724972500006,20.037836325000058],[99.69980171300006,20.039297942000076],[99.70269599800008,20.036909122000054],[99.71098646300004,20.035828839000033],[99.72434842300004,20.030538836000062],[99.72917742500005,20.03221710500003],[99.73255076100008,20.035660371000063],[99.73334873600004,20.037715044000038],[99.73157202100003,20.039159435000045],[99.73321441200005,20.04236344000003],[99.73200011300008,20.043569329000036],[99.73612255300009,20.044705047000036],[99.73712573100005,20.052722605000042],[99.74221920700006,20.054910875000076],[99.75105485100005,20.054097114000058],[99.76215569700008,20.064680125000052],[99.76834414800004,20.06396501200004],[99.77314760200005,20.061420234000025],[99.78847936200003,20.060205315000076],[99.79307106900006,20.063932265000062],[99.79386075500008,20.068058606000022],[99.79865910100006,20.069908490000046],[99.80008503600004,20.07441655200006],[99.80778910000004,20.077211220000038],[99.81134259700008,20.08025720300003],[99.80859135200006,20.091585604000045],[99.81193539400005,20.096426665000024],[99.82263468700006,20.098939158000064],[99.82929615400008,20.103305499000044],[99.83821690500008,20.10616952600003],[99.84175740700005,20.10967067300004],[99.85365518200007,20.116458289000036],[99.86538887500006,20.10795028900003],[99.86810816400003,20.109237053000072],[99.87174710100004,20.10845433000003],[99.87410927500008,20.10373925400006],[99.88042344500008,20.10363138300005],[99.88926278400004,20.106263772000034],[99.88908125500006,20.117124500000045],[99.89363168800008,20.120007643000065],[99.89987403400005,20.121390726000072],[99.90459487000004,20.11865162600003],[99.90986213500008,20.119427537000035],[99.91335919400007,20.11512673900006],[99.91538122900005,20.114772108000068],[99.91759059500004,20.118775672000027],[99.92444078800008,20.12398148500006],[99.92840290500004,20.117041328000028],[99.93421526100008,20.120679406000022],[99.93610622500006,20.124543584000037],[99.94800494400005,20.136380975000066],[99.95034633700004,20.134942134000028],[99.95412323000005,20.126242415000036],[99.95906003200008,20.130102756000042],[99.964381,20.130177545000038],[99.96589834400004,20.128254351000066],[99.97015626900009,20.128038382000057],[99.97013368700004,20.125482057000056],[99.97402893000003,20.12207511200006],[99.97107033000003,20.118191671000034],[99.97559894600005,20.115235488000053],[99.98175741000006,20.10458297100007],[99.98799839700007,20.104456861000074],[99.98871402500004,20.10620309600006],[99.99575547700005,20.10686506600007],[100.00513159100007,20.111578149000024],[100.01039324900006,20.110836835000043],[100.01365958300005,20.111265695000043],[100.01811855700004,20.108017175000043],[100.01929087500008,20.111805220000065],[100.02187860200007,20.11259646800005],[100.02793097600005,20.108738690000052],[100.02279979800005,20.123951228000067],[100.02445014900007,20.128788247000045],[100.02737227300008,20.130031538000026],[100.03105861900008,20.126534099000025],[100.03728920800006,20.126565130000074],[100.03876435800004,20.13001966400003],[100.03569157000004,20.133086063000064],[100.03436359700004,20.137005869000063],[100.03672173100006,20.13975242300006],[100.04484399100005,20.136952499000074],[100.05068104700007,20.13836573100002],[100.05676512400004,20.136500369000032],[100.05877728000007,20.14106920000006],[100.05619504400005,20.147723211000027],[100.05629954700004,20.15392924500003],[100.06251181500005,20.153705586000058],[100.06627004000006,20.14861085600006],[100.06909908500006,20.147984051000037],[100.07156966600007,20.151330614000074],[100.06973533900003,20.157637800000032],[100.07065418400003,20.160753301000057],[100.07355409100006,20.16152412300005],[100.07928006700007,20.159399627000028],[100.08192913300007,20.16011928100005],[100.07885678900004,20.16868004300005],[100.07420283600004,20.170909703000063],[100.06848460400005,20.170156032000023],[100.06678785200006,20.172374087000037],[100.06743795100004,20.17587233300003],[100.07650968000007,20.18155983300005],[100.08078980900007,20.18260460500005],[100.08713990900009,20.181073926000067],[100.08971221900003,20.18270724300004],[100.08679384100009,20.191258134000066],[100.07939474900007,20.196157803000062],[100.07942165800006,20.198547721000068],[100.08368631900004,20.202316031000066],[100.08416576100007,20.204461681000055],[100.08201192700005,20.206273675000034],[100.07782757300004,20.206600002000073],[100.07815726900009,20.20846356800007],[100.07668219900006,20.210847905000037],[100.07354166500005,20.20884026500005],[100.07265119600004,20.212289303000034],[100.06906439900007,20.21419322500003],[100.06382461200008,20.213713674000076],[100.05730542600008,20.21840683100004],[100.05599271900007,20.216793437000035],[100.05635686500005,20.21350504800006],[100.05000827900005,20.216746072000035],[100.05022300100006,20.210060360000057],[100.04686913700004,20.20711526200006],[100.04828080300007,20.202837548000048],[100.04596241400009,20.200243009000076],[100.04205155500006,20.20028250100006],[100.04090905300006,20.198398129000054],[100.03757891200007,20.198177002000023],[100.03330566900007,20.199638166000057],[100.03169882100008,20.203135829000075],[100.03439264000008,20.205381500000044],[100.03565546200008,20.210927725000033],[100.03305316900008,20.214296656000045],[100.02863621900008,20.216328401000055],[100.02438325800006,20.215417977000072],[100.02445249000004,20.236657861000026],[100.01870323600008,20.238108838000073],[100.01332541200009,20.24348350200006],[100.01004439700006,20.24403607000005],[100.00111803100003,20.251002613000026],[99.99897366900007,20.250993079000068],[99.99645991900007,20.25557210000005],[99.99119990000008,20.25985438300006],[99.98139154100005,20.259746885000027],[99.98199320000003,20.264204905000042],[99.98080405300004,20.26515104200007],[99.98198493900009,20.266288786000075],[99.98063963100009,20.267602449000037],[99.98515872600007,20.27571921400005],[99.98078396700004,20.277380677000053],[99.98232452900004,20.279324151000026],[99.98254432700008,20.285610478000024],[99.98483223900007,20.287007240000037],[99.98557691600007,20.294997310000042],[99.98931421100008,20.297492156000033],[99.98804877400005,20.300425764000067],[99.99103451800005,20.300649500000077],[99.99065824700006,20.305018742000073],[99.98907178500008,20.304940118000047],[99.98887981700005,20.307181205000063],[99.98708895400006,20.30491793300007],[99.98510279100009,20.305526534000023],[99.98463970100005,20.30271934700005],[99.98387441600005,20.30460682300003],[99.97965843800006,20.300263262000044],[99.97786868100007,20.30125169300004],[99.97643790300003,20.29936729800005],[99.97489139400005,20.300343404000046],[99.97391800700007,20.298766800000067],[99.97218169900003,20.29972091700006],[99.97036232700003,20.29821503200003],[99.96895881100005,20.298831445000076],[99.96897065900004,20.300884343000064],[99.96693943500009,20.300772988000062],[99.96765273600005,20.299521552000044],[99.96608493200006,20.29829221800003],[99.96710555100003,20.296936978000076],[99.96197327500005,20.294145214000025],[99.95789924400003,20.28939044300006],[99.95620393700005,20.289571513000055],[99.95553256900007,20.291402824000045],[99.95362679200008,20.28934210700004],[99.95130012600004,20.289073322000036],[99.95010701000007,20.290615599000034],[99.94723115500005,20.287692053000058],[99.94510507800004,20.288557549000075]]]}},{"type":"Feature","properties":{"shapeName":"Mae Fa Luang","shapeISO":"","shapeID":"78962969B57610066237696","shapeGroup":"THA","shapeType":"ADM2"},"geometry":{"type":"Polygon","coordinates":[[[99.84080035800008,20.268767336000053],[99.83614766600004,20.27376573600003],[99.83563938800006,20.27873283200006],[99.83358386800006,20.28051913300004],[99.83488112400005,20.28239409500003],[99.83234514300005,20.283333264000078],[99.83355478000004,20.287951418000034],[99.83503184000006,20.28835239500006],[99.83450691500008,20.29203979700003],[99.82347700800005,20.306088948000024],[99.82283547400004,20.31412499100003],[99.81960440700004,20.31675017200007],[99.81940346800008,20.323819611000033],[99.81577328300006,20.325809591000052],[99.81504195100007,20.33133374500005],[99.81065542300007,20.336361237000062],[99.79781743100006,20.334743624000055],[99.78927979500008,20.336169820000066],[99.77690583900005,20.335102181000025],[99.77055098300008,20.341847595000047],[99.76135297300004,20.34236031000006],[99.75794910500008,20.339305637000052],[99.74541301300007,20.345977981000033],[99.74010694700007,20.34537847200005],[99.73031227500007,20.35018646000003],[99.72832970000007,20.347249116000057],[99.72380929800005,20.345138535000046],[99.72120006700004,20.34562787400006],[99.71746140600004,20.34201914500005],[99.71668577800006,20.339307391000034],[99.71867085800005,20.337203056000078],[99.71805220900006,20.33369512200005],[99.71998032200008,20.33087123200005],[99.71782715900008,20.328442953000035],[99.71366334800007,20.32834635100005],[99.71041752900004,20.32399422800006],[99.70663869500004,20.32617766800007],[99.69883667600004,20.326739388000078],[99.69432471800008,20.323613073000047],[99.68606614900006,20.32080443700005],[99.68471536100009,20.318044262000058],[99.68131347200006,20.316428076000022],[99.67549305300008,20.317952295000055],[99.67254249700005,20.32182936600003],[99.66722165000004,20.323884774000078],[99.66536941200008,20.326768926000057],[99.66171799500006,20.325749899000073],[99.65803571200007,20.327875345000052],[99.65378282800003,20.334367798000073],[99.64960457900008,20.33615665800005],[99.64891979300006,20.341217064000034],[99.64422658800004,20.34363119300008],[99.64169529600008,20.341568769000048],[99.63344098800007,20.342053532000023],[99.62914470100009,20.33592040900004],[99.62178974100004,20.338665900000024],[99.61884282600005,20.33591363000005],[99.61476860900007,20.336626382000077],[99.61234995800004,20.33199563000005],[99.60608932500008,20.33413984200007],[99.60318730700004,20.33769875400003],[99.59754637500004,20.338605915000073],[99.59191094800008,20.344163613000035],[99.58553305800007,20.34232872900003],[99.57685714400009,20.344999202000054],[99.57583872100008,20.347879899000077],[99.57291519700004,20.349676404000036],[99.56097470900005,20.352777709000065],[99.55786008600006,20.35796246900003],[99.55175083200004,20.356733270000063],[99.54707661600008,20.357788480000067],[99.54462875300004,20.35610357400003],[99.53961241100006,20.356077525000046],[99.53470171300006,20.356827922000036],[99.52502817200008,20.362947723000048],[99.51993144100004,20.361518312000044],[99.51570179000004,20.363086509000027],[99.51368298500006,20.367577809000068],[99.51039289800008,20.368518189000042],[99.50923215900008,20.373224840000034],[99.50181886800004,20.379456353000023],[99.50004219100003,20.38376192900006],[99.49729504300007,20.385073884000064],[99.49504455600004,20.38527451500005],[99.49281643800003,20.383255297000062],[99.48944488500007,20.383514784000056],[99.47276659900007,20.39425697400003],[99.45776616100005,20.392679814000076],[99.45962628300003,20.385708082000065],[99.45723309600004,20.378874066000037],[99.45770685700006,20.37258143300005],[99.45561747100004,20.362507247000053],[99.46541434000005,20.359512925000047],[99.47377723800008,20.350108721000026],[99.48838592900006,20.34581018600005],[99.49645784200004,20.339964805000022],[99.49716238600007,20.335673067000073],[99.49967897200008,20.336670535000053],[99.50706566400004,20.325656140000035],[99.50659781900004,20.322373936000076],[99.50967485800004,20.312808333000078],[99.50590634100007,20.307323333000056],[99.50660480300007,20.299832883000022],[99.50494070500008,20.294357115000025],[99.50952417500008,20.289128109000046],[99.50921337200003,20.28537671400005],[99.51357804000008,20.278827858000056],[99.51792967300008,20.265579358000025],[99.51879771800009,20.259531607000042],[99.51579028400005,20.256340257000033],[99.52141627700007,20.250085341000045],[99.52100732900004,20.24113901800007],[99.52330424000007,20.237817301000064],[99.52265772800007,20.233197865000022],[99.52759589700008,20.23092055500007],[99.52983449200008,20.23218925200007],[99.53411893000003,20.231739730000072],[99.54156025500004,20.22480601700005],[99.54455874900003,20.21761135500003],[99.55150763000006,20.215453419000028],[99.55565855500004,20.216538978000074],[99.56361874500004,20.206008594000025],[99.56092918300004,20.204037114000073],[99.55657597800007,20.195632212000078],[99.55376705800006,20.18807094300007],[99.55493938400008,20.184726687000023],[99.54985285900005,20.17548895500005],[99.55145647500007,20.174071670000046],[99.55678306600004,20.176055053000027],[99.56552901100008,20.175243585000032],[99.57085837000005,20.17407831500003],[99.57463259900004,20.170991208000032],[99.57445271600005,20.169090794000056],[99.57606502700008,20.16939011900007],[99.57651396700004,20.167364774000077],[99.57846361100007,20.16754776500005],[99.57789224200008,20.17007588200005],[99.58139215500006,20.170622626000068],[99.58416032500008,20.168878101000075],[99.58333673800007,20.16694815200003],[99.58538003500007,20.165058292000026],[99.58740223600006,20.167091909000078],[99.58887855700004,20.165248227000063],[99.59352011800007,20.166297546000067],[99.59409921000008,20.15716216800007],[99.59714237500003,20.155010779000065],[99.59582804900003,20.151897414000075],[99.59849102500004,20.151030492000075],[99.60091812100006,20.14668984700006],[99.60257032900006,20.146658097000056],[99.60267009400008,20.14406951600006],[99.60560224100004,20.143642482000075],[99.60535011300004,20.140782529000035],[99.60904277300006,20.140164439000046],[99.60956933600005,20.137184921000028],[99.61103455400007,20.137776522000024],[99.61219599400005,20.13551546700006],[99.61068645800003,20.13394000100004],[99.61214326500004,20.134066387000075],[99.61184108300006,20.13217138400006],[99.61556859300003,20.130250086000046],[99.61973308400007,20.120895503000042],[99.62288179500007,20.120526621000067],[99.62704045100008,20.116880510000044],[99.62912241500004,20.117219334000026],[99.62908127300005,20.113051564000045],[99.63173425100007,20.11242863600006],[99.63458339800007,20.11387452500003],[99.63449569700003,20.11234225100003],[99.63580192100005,20.11305523900006],[99.64403693000008,20.106930023000075],[99.64620712700008,20.108980339000027],[99.65026185500005,20.109695789000057],[99.65305156700003,20.10776978000007],[99.65710222000007,20.10757201100006],[99.65849682000004,20.109188695000057],[99.66180996700007,20.10894655800007],[99.66227871400008,20.111335095000072],[99.66438231100005,20.11015986800004],[99.66671418000004,20.11127695500005],[99.66965845500005,20.114273061000063],[99.67595509500006,20.112721387000022],[99.67246175600008,20.115070520000074],[99.67308228000007,20.123088549000045],[99.68028117100005,20.125451552000072],[99.68684592900007,20.123790756000062],[99.69124695700003,20.12504612600003],[99.69733663400007,20.120766806000063],[99.69986662600007,20.11666267000004],[99.70706779700004,20.122879474000058],[99.72012296100007,20.11638066000006],[99.73647420500004,20.121238764000054],[99.74135224900004,20.124495875000036],[99.75184334800008,20.12542938200005],[99.75598900500006,20.129325229000074],[99.75491620300005,20.13162714500004],[99.75231040400007,20.132530904000077],[99.75111693300005,20.136468844000035],[99.74929442200005,20.136463967000054],[99.74600937000008,20.140689773000076],[99.75818437700008,20.148058776000028],[99.75699383200003,20.149489930000072],[99.75848442400007,20.156418448000068],[99.75526125200008,20.158108536000043],[99.75318110100005,20.156392028000027],[99.75581163300006,20.166336080000065],[99.75135796300003,20.173726523000028],[99.74893681900005,20.174820630000056],[99.74763636300008,20.179373939000072],[99.75853850900006,20.18876420400005],[99.76217744800005,20.18861935900003],[99.76098540100008,20.19419791300004],[99.76521570200003,20.19652995100006],[99.76462998500006,20.200582353000073],[99.76995748500008,20.207369553000035],[99.76940808300009,20.217322505000027],[99.76796108300005,20.218594390000078],[99.76971342300004,20.21903265900005],[99.77098403400004,20.222148610000033],[99.77225982600004,20.22082212300006],[99.77597186400004,20.222855198000047],[99.77566577800008,20.23045983700007],[99.78447786700008,20.230958745000066],[99.78798298100008,20.232898206000073],[99.78824569700004,20.229569671000036],[99.79084188800005,20.229469407000067],[99.79942140600008,20.234700915000076],[99.79827497400004,20.235980724000058],[99.79945674000004,20.23819026500007],[99.80383815000005,20.23375780500004],[99.80347459200004,20.231656281000028],[99.80607667100008,20.23033728300004],[99.81170355400008,20.231354289000024],[99.81829483400008,20.229491777000078],[99.82083732100006,20.230084832000045],[99.82355701200004,20.24568660400007],[99.82788857100007,20.24928863200006],[99.83260019100004,20.250891125000066],[99.83489689900006,20.255556567000042],[99.83879188600008,20.25875717200006],[99.83864598200006,20.260235944000044],[99.83474916100005,20.26137046300005],[99.83424664800003,20.263051292000057],[99.83662955000005,20.267017185000043],[99.84080035800008,20.268767336000053]]]}},{"type":"Feature","properties":{"shapeName":"Mae Lao","shapeISO":"","shapeID":"78962969B15222639850860","shapeGroup":"THA","shapeType":"ADM2"},"geometry":{"type":"Polygon","coordinates":[[[99.80639663100004,19.726806441000065],[99.80665843200006,19.731431556000075],[99.80445798400007,19.73790113800004],[99.80789901300005,19.744103735000067],[99.80792629300004,19.751124437000044],[99.79524677100005,19.76298595800006],[99.79732090100003,19.764635613000053],[99.79576699900008,19.77093497900006],[99.79949927800004,19.775293138000052],[99.79767542600007,19.787431127000048],[99.79442133400005,19.791628870000068],[99.79045659200006,19.791170281000063],[99.78224739000007,19.800849111000048],[99.78106327000006,19.80649799400004],[99.77914395000005,19.808528455000044],[99.77844459500005,19.814743755000052],[99.77076820300005,19.818172469000046],[99.76485050800005,19.818204191000063],[99.76387021000005,19.82019399400008],[99.75197853700007,19.816241295000054],[99.75170221500008,19.818628223000076],[99.74596865500007,19.82195936100004],[99.74705142200008,19.82458293800005],[99.74115709200004,19.832779352000045],[99.72714069400007,19.829164267000067],[99.71311136200006,19.830978943000048],[99.71123556900005,19.821021431000077],[99.70962638600008,19.819117472000073],[99.70754130600005,19.817875998000034],[99.70134126300007,19.819730716000038],[99.69931766100007,19.818515384000023],[99.69777946900007,19.81202509700006],[99.69161814800003,19.809329946000048],[99.69224480700007,19.81538610900003],[99.68879548700005,19.820415277000052],[99.67796866600008,19.82810710700005],[99.67220941800008,19.828757284000062],[99.67008979800005,19.832274100000063],[99.66112504800009,19.838248985000064],[99.65946353800007,19.84408139900006],[99.65470011000008,19.84513280400006],[99.65206875100006,19.84748658700005],[99.64697918900004,19.847400080000057],[99.64564981400008,19.85243043500003],[99.64754950900004,19.854037911000034],[99.64679793000005,19.857462869000074],[99.64804426300003,19.859321496000064],[99.63873867800004,19.861504182000033],[99.63183861300007,19.859057464000045],[99.63109302300006,19.855003742000065],[99.62005129400006,19.852801257000067],[99.61746177800006,19.849273700000026],[99.62376453100006,19.843863957000053],[99.61437064100005,19.820277356000076],[99.61340810500008,19.806290397000055],[99.62429579400003,19.796418712000047],[99.62744018400008,19.786252072000025],[99.63699099600007,19.780926298000054],[99.64379828400007,19.76920197100003],[99.64244977100009,19.764373443000068],[99.63430043600005,19.765599734000034],[99.62434990500009,19.760778518000052],[99.62747327800008,19.75889075400005],[99.62876368600007,19.751394987000026],[99.63530476600005,19.74947985800003],[99.63607268600003,19.745529265000073],[99.63102855600005,19.74372554400003],[99.62474740800008,19.738614056000074],[99.61549221900003,19.736823653000044],[99.61539466300007,19.733393591000038],[99.62125018500006,19.729717091000055],[99.62269347800009,19.72710986800007],[99.61999723900004,19.722782495000047],[99.62055567700008,19.716288951000024],[99.62723573900007,19.711933287000022],[99.63506115400008,19.713061567000068],[99.63744807200004,19.709495117000074],[99.63676829900004,19.707346236000035],[99.63851063500005,19.706668628000045],[99.63770526500008,19.70473901300005],[99.64002728500009,19.705813300000045],[99.64188347200007,19.704113736000068],[99.64164020000004,19.702267345000053],[99.63883429500004,19.70078053800006],[99.64076447900004,19.700129454000034],[99.64298915900008,19.701883940000073],[99.64512786700004,19.696862285000066],[99.64833420300005,19.69956914100004],[99.65262294400009,19.695854286000042],[99.65472179300008,19.698738500000047],[99.65658747700007,19.696306351000032],[99.65960744000006,19.696598829000038],[99.66221354100009,19.70470992500003],[99.66025134700004,19.70773561200002],[99.66271804200005,19.709644448000063],[99.66886699300005,19.711088982000035],[99.67071429900005,19.708813263000025],[99.67333006400008,19.71021649200003],[99.67549309700007,19.709451757000068],[99.67915048200007,19.711483523000027],[99.67917344400007,19.71337611000007],[99.68468269900006,19.71339769800005],[99.69047352600006,19.71689621400003],[99.69244216300007,19.712292885000068],[99.69441123300004,19.71159070300007],[99.70251047000005,19.71415994000006],[99.71021632800006,19.71155969000006],[99.71787086300009,19.714863136000076],[99.72225125100005,19.719433540000068],[99.72055757000004,19.72247715000003],[99.72243204300008,19.724302489000024],[99.72819791900008,19.722825881000063],[99.72820159000008,19.72970784300003],[99.72653856900007,19.730967701000054],[99.72992111900004,19.73147487700004],[99.72663887200008,19.734900263000043],[99.72689493300004,19.73677744300005],[99.73159090100006,19.73975942000004],[99.73379684500009,19.738914028000067],[99.73397898100006,19.74131531300003],[99.73577548700007,19.741163244000063],[99.73757927800006,19.74392828300006],[99.73683227300006,19.74533359800006],[99.73471922800007,19.74482885900005],[99.73489228600005,19.746861730000035],[99.73675799900008,19.748474388000034],[99.73854966700009,19.747702374000028],[99.74060474800007,19.75156071600003],[99.74724638700008,19.74856145800004],[99.74945815400008,19.743655099000023],[99.75541764700006,19.74133987700003],[99.75583038200006,19.73740807300004],[99.75438324000004,19.735761325000055],[99.75597286200008,19.73043043200005],[99.76796928500005,19.728434024000023],[99.77855509900007,19.73020215100007],[99.78339662300004,19.734126037000067],[99.79081665800004,19.735013569000046],[99.79586696400008,19.731355479000058],[99.80177375000005,19.733402518000048],[99.80639663100004,19.726806441000065]]]}},{"type":"Feature","properties":{"shapeName":"Mae Sai","shapeISO":"","shapeID":"78962969B11376495373152","shapeGroup":"THA","shapeType":"ADM2"},"geometry":{"type":"Polygon","coordinates":[[[100.03580509000005,20.39816740300006],[100.03667727900006,20.402100451000024],[100.03276460200004,20.399104204000025],[100.03396783000005,20.402655297000024],[100.03143978100007,20.400102383000046],[100.02947603400008,20.400685876000068],[100.03036054400008,20.402438148000044],[100.02864228700008,20.401862059000052],[100.02837535600008,20.404062838000073],[100.02503307500007,20.404450231000055],[100.02445050000006,20.408629296000072],[100.02366323200005,20.40603668600005],[100.01960404800008,20.406411132000073],[100.01686172500007,20.409470526000064],[100.01899449300004,20.411255367000024],[100.01845035300005,20.412984434000066],[100.01613873700006,20.412807488000055],[100.01414446500007,20.414818756000045],[100.01039538500004,20.412995626000054],[100.01223509200008,20.416305790000024],[100.00931966500008,20.416477443000076],[100.00850292600006,20.41886109400008],[100.00494286700007,20.41668846500005],[100.00396632600007,20.41258048800006],[100.00400805900006,20.415480599000034],[99.99989719600006,20.415912836000075],[99.99850349800005,20.41947442000003],[99.98979635900008,20.417851148000068],[99.99498380700004,20.421499535000066],[99.99134594500003,20.423234270000023],[99.98692414500005,20.422830883000074],[99.99268301400008,20.42696409900003],[99.98915542800006,20.42622240000003],[99.98790816500008,20.42863383100007],[99.98444174300005,20.429569971000035],[99.98749717800007,20.431504715000074],[99.98434024500006,20.433462736000024],[99.98921988100005,20.434327779000057],[99.98900303900007,20.43652908200005],[99.98519337000005,20.436135345000025],[99.98697439900008,20.438625500000057],[99.98379770600008,20.43750082200006],[99.98135430300005,20.441795411000044],[99.97803950700006,20.441800122000075],[99.97629107700004,20.43910392600003],[99.97708293600004,20.44264240600006],[99.97396831300006,20.443887335000056],[99.97706771000009,20.444916095000053],[99.98030054500003,20.450644688000068],[99.97589389500007,20.448856161000037],[99.97466885300008,20.45172247100004],[99.97145631200004,20.453902459000062],[99.96697509100005,20.454387729000075],[99.96773370600005,20.45689701400005],[99.97002817200007,20.457391818000076],[99.97005539800006,20.459419935000028],[99.96758798400003,20.460332366000046],[99.96684639000006,20.45747106500005],[99.96526163800007,20.45728458900004],[99.96414289100005,20.45983407500006],[99.96621971900004,20.460603668000033],[99.96625848500008,20.462068041000066],[99.96367887900004,20.46137098500003],[99.96320388400005,20.463521687000025],[99.96048672500007,20.462127919000068],[99.96046037200006,20.465029354000023],[99.95470959900007,20.464361219000068],[99.95123054600003,20.46116055300007],[99.93997774600007,20.455544666000037],[99.93431724000004,20.45438953400003],[99.93211222800005,20.456213766000076],[99.92838644900007,20.45405467200004],[99.92591983400007,20.449541081000064],[99.92387603100008,20.44804134700007],[99.92227350800005,20.448751610000045],[99.92265265800006,20.446674915000074],[99.92123880000008,20.445680437000078],[99.91994631300008,20.44769121400003],[99.91846732600004,20.44666072700005],[99.91592675600003,20.44758430400003],[99.91583205000006,20.44974744900003],[99.90776072400007,20.449938902000042],[99.90701913100008,20.448715162000042],[99.90062707800007,20.447416788000055],[99.89711604400009,20.448850406000076],[99.89574992100006,20.446267419000037],[99.89318981800005,20.44611708900004],[99.89433451300005,20.444099135000044],[99.89325578200004,20.443050593000066],[99.89188222200005,20.44525304600006],[99.88850957900007,20.445842972000037],[99.87307803600004,20.443864861000066],[99.86955384800007,20.446153523000078],[99.86513415700006,20.446171565000043],[99.85943823800005,20.440911329000073],[99.86167701500005,20.43917799700006],[99.86390232300005,20.433125361000066],[99.86209031700008,20.43120092600003],[99.85936173800008,20.421302637000053],[99.84821907300005,20.408638411000027],[99.84183787700005,20.40484539700003],[99.83992437700005,20.401209297000037],[99.84043088900006,20.39503832500003],[99.83837379800008,20.38973971300004],[99.84112498000007,20.38516426800004],[99.83893696800004,20.378398435000065],[99.83964777700004,20.374356070000033],[99.83158299100006,20.368043912000076],[99.82817840000007,20.36326719500005],[99.82735473500009,20.357238022000047],[99.82475289200005,20.352908850000063],[99.81290527200008,20.342839808000065],[99.81065542300007,20.336361237000062],[99.81504195100007,20.33133374500005],[99.81577328300006,20.325809591000052],[99.81940346800008,20.323819611000033],[99.81960440700004,20.31675017200007],[99.82283547400004,20.31412499100003],[99.82347700800005,20.306088948000024],[99.83450691500008,20.29203979700003],[99.83503184000006,20.28835239500006],[99.83355478000004,20.287951418000034],[99.83234514300005,20.283333264000078],[99.83488112400005,20.28239409500003],[99.83358386800006,20.28051913300004],[99.83563938800006,20.27873283200006],[99.83614766600004,20.27376573600003],[99.84080035800008,20.268767336000053],[99.84557746200005,20.26660558900005],[99.85487634600008,20.266734187000054],[99.85992930500004,20.265532645000064],[99.86176139500009,20.263609647000067],[99.86709295100007,20.263724058000037],[99.86938306500008,20.26746631000003],[99.87438716700007,20.270752994000077],[99.87773330200008,20.263929380000036],[99.89294754600007,20.25767888100006],[99.89621897600006,20.264059969000073],[99.90353037900007,20.266822518000026],[99.91414589400006,20.281663597000033],[99.91998274300005,20.284545963000028],[99.92162371800003,20.28786027700005],[99.92858667800004,20.28421413800004],[99.93050515500005,20.279254689000027],[99.93384927800008,20.282406921000074],[99.93754712800006,20.282647935000057],[99.93696063500005,20.284319998000058],[99.93964396600006,20.285170592000043],[99.94354023000005,20.28923650400003],[99.94510507800004,20.288557549000075],[99.94898877400004,20.294531113000062],[99.95135348800005,20.294147745000032],[99.95933303200007,20.305220271000053],[99.95963113600004,20.311835633000044],[99.96593445400003,20.330925772000057],[99.96604419100004,20.35413846800003],[99.97249607500004,20.353508240000053],[99.97243642000007,20.351648875000024],[99.97692835200007,20.35316647700006],[99.97957249300003,20.35197697600006],[99.98061887900008,20.353236374000062],[99.98441415900004,20.35265881400005],[99.98639792000006,20.354324597000073],[99.99087946800006,20.353749665000066],[99.99130723000007,20.352140789000032],[99.99491475300005,20.353047686000025],[99.99734192200003,20.355671534000066],[99.99600122900006,20.35714765000006],[99.99858108300003,20.35790004200004],[99.99643813200004,20.36037979500003],[99.99977712500004,20.362178518000064],[100.00140368000007,20.361331523000047],[100.00131547000007,20.362756285000046],[100.00288540800005,20.36312765300005],[100.00209879100004,20.36517237700002],[100.00323399300004,20.363874520000024],[100.00537917700007,20.366546431000074],[100.00642574100004,20.368795331000058],[100.00310231400005,20.371242623000057],[100.00490604500004,20.37227165200005],[100.00576587300009,20.37542363600005],[100.00766529000003,20.375999764000028],[100.00716613400004,20.379341595000028],[100.00943946800004,20.378105809000033],[100.01004397200006,20.381697934000044],[100.01205803200008,20.38038590700006],[100.01289475200008,20.383789371000034],[100.01566637600007,20.384937636000075],[100.01455796700009,20.385844631000055],[100.01312617900004,20.384531151000033],[100.01402908300008,20.387034405000065],[100.01546837300003,20.386665450000066],[100.01557553700007,20.38872195700003],[100.01747071600005,20.38844321600004],[100.02415028700005,20.393124344000057],[100.02591711800005,20.389632481000035],[100.02798515400008,20.388677243000075],[100.02568434200003,20.384567807000053],[100.02815807000007,20.384988089000046],[100.03029546000005,20.38877097900007],[100.02669791500006,20.392328226000075],[100.02683459400004,20.39433880100006],[100.02901595700007,20.395294055000022],[100.03104081900005,20.391835542000024],[100.03507778300008,20.390721832000054],[100.03612365200007,20.392730579000045],[100.03440180500007,20.39778177900007],[100.03580509000005,20.39816740300006]]]}},{"type":"Feature","properties":{"shapeName":"Mae Suai","shapeISO":"","shapeID":"78962969B62426032624456","shapeGroup":"THA","shapeType":"ADM2"},"geometry":{"type":"Polygon","coordinates":[[[99.29515801400004,19.570782958000052],[99.29469235400006,19.567690036000045],[99.29837288100003,19.56298787700007],[99.29700366200007,19.561175336000076],[99.29955414200003,19.561350452000056],[99.30765623600007,19.55408834900004],[99.31020028600005,19.55385299200003],[99.31049463100004,19.556078181000032],[99.31242400600007,19.554587303000062],[99.31531169100003,19.555642057000057],[99.31678899000008,19.55461669600004],[99.31795884600007,19.551673322000056],[99.31712599700006,19.54910978600003],[99.31942630200007,19.548259849000033],[99.32042070200004,19.545855501000062],[99.32019271700005,19.542073525000035],[99.32153339100006,19.542373488000067],[99.32173100100005,19.540229459000045],[99.32599403000006,19.539399118000063],[99.32680902300007,19.541051483000047],[99.33025128200006,19.53949028900007],[99.33598593900007,19.543446647000053],[99.34037344200004,19.544202632000065],[99.34114867100004,19.54283198400003],[99.34468841500006,19.543856697000024],[99.34475933500005,19.54087931500004],[99.34842831700007,19.539451273000054],[99.35667765400007,19.540141172000062],[99.35829132200007,19.537293335000072],[99.36149682700005,19.537289590000057],[99.36376663100003,19.535408838000023],[99.36596852700006,19.536799770000073],[99.36899645000005,19.531597358000056],[99.37030574200008,19.532496674000072],[99.37382688500008,19.53110157200007],[99.37562586000007,19.523021847000052],[99.38229234800008,19.519954892000044],[99.38585057900008,19.521097155000064],[99.38750831600004,19.518677706000062],[99.39125070700004,19.517001466000067],[99.39088837900005,19.514843163000023],[99.39842739400007,19.516638073000024],[99.40145138700007,19.512871166000025],[99.40135504300008,19.51170888200005],[99.39917345800006,19.512010299000053],[99.40013784200005,19.510250235000058],[99.40393928100008,19.510272771000075],[99.40342686400004,19.50801552100006],[99.40587819800004,19.508485747000066],[99.40688307600004,19.505671453000048],[99.41451220400006,19.506269246000045],[99.41452670900009,19.503448521000053],[99.41775471200003,19.503458417000047],[99.42219654200005,19.507149559000027],[99.42818998200005,19.505130181000027],[99.43012386600009,19.499762746000044],[99.43792850900007,19.49913866600002],[99.43949882300006,19.497035577000077],[99.44190212100006,19.496865746000026],[99.44341392600006,19.498451528000032],[99.44612710800004,19.495149006000076],[99.44798996600008,19.494887882000057],[99.44839482100008,19.492425567000055],[99.44985655000005,19.493254370000045],[99.45393881700005,19.49122654400003],[99.45468066000007,19.493526057000054],[99.46173964300004,19.492988097000023],[99.46258729800007,19.486429112000053],[99.46434979600008,19.486858006000034],[99.46606638400004,19.484061791000045],[99.46803497900004,19.484608155000046],[99.47039810100006,19.479385482000055],[99.47477918300007,19.481408157000033],[99.47508518100005,19.47812326600007],[99.47911860900007,19.474569891000044],[99.47898652500004,19.471410743000035],[99.48205513300007,19.464694939000026],[99.49000314000006,19.45827052800007],[99.49138154800005,19.46050410400005],[99.50175689400004,19.46453489000004],[99.51399741100005,19.464104010000028],[99.52321867200004,19.468182272000035],[99.52961558500004,19.46746415800004],[99.53441394000004,19.463834081000073],[99.54165678000004,19.469702065000035],[99.55647578700007,19.47185255100004],[99.56030217500006,19.473707310000066],[99.56574831500006,19.47305313000004],[99.56890809700008,19.474917164000033],[99.58254564100008,19.473729481000078],[99.58616518100007,19.479144801000075],[99.59125998900004,19.48136006200008],[99.59518029300006,19.486578458000054],[99.59946305400007,19.497466330000066],[99.60494043800009,19.503272799000058],[99.60584274600006,19.506668730000058],[99.61741564100004,19.512730305000048],[99.61813267700006,19.532350062000035],[99.62055887900004,19.534913068000037],[99.61884677800003,19.54156348400005],[99.62455857100008,19.55686178600007],[99.62189285800008,19.56108561800005],[99.62343591800004,19.567228236000062],[99.62973590300004,19.580218839000054],[99.63688313300008,19.58002405800005],[99.64077002400006,19.58338202300007],[99.64590346100005,19.59749619300004],[99.64689478700006,19.606889701000057],[99.63729425900004,19.61051812900007],[99.62354863900003,19.61256488600003],[99.62121439400005,19.62000177400006],[99.61723090000004,19.624676199000078],[99.61861661200004,19.631791332000034],[99.62299081100008,19.63769377500006],[99.61799097600004,19.644399777000046],[99.62103613400006,19.647467577000043],[99.62215252400006,19.651037046000056],[99.62430674400008,19.652029451000033],[99.62138343400005,19.656870216000073],[99.62702789200006,19.65992974100004],[99.62981200500008,19.666467769000064],[99.63712515000003,19.67188294700003],[99.63757081300008,19.678986356000053],[99.64146564100008,19.686352058000068],[99.64229068200007,19.693779208000024],[99.64512786700004,19.696862285000066],[99.64298915900008,19.701883940000073],[99.64076447900004,19.700129454000034],[99.63883429500004,19.70078053800006],[99.64164020000004,19.702267345000053],[99.64188347200007,19.704113736000068],[99.64002728500009,19.705813300000045],[99.63770526500008,19.70473901300005],[99.63851063500005,19.706668628000045],[99.63676829900004,19.707346236000035],[99.63744807200004,19.709495117000074],[99.63506115400008,19.713061567000068],[99.62723573900007,19.711933287000022],[99.62055567700008,19.716288951000024],[99.61999723900004,19.722782495000047],[99.62269347800009,19.72710986800007],[99.62125018500006,19.729717091000055],[99.61539466300007,19.733393591000038],[99.61549221900003,19.736823653000044],[99.62474740800008,19.738614056000074],[99.63102855600005,19.74372554400003],[99.63607268600003,19.745529265000073],[99.63530476600005,19.74947985800003],[99.62876368600007,19.751394987000026],[99.62747327800008,19.75889075400005],[99.62434990500009,19.760778518000052],[99.61753498400009,19.763622300000065],[99.60995012200004,19.764308234000055],[99.60250785800008,19.767952532000038],[99.59722079900007,19.773758850000036],[99.58207664500009,19.780584720000036],[99.57978198700005,19.783546105000028],[99.57571950500005,19.783728024000027],[99.57074065200004,19.78768658000007],[99.57120248800004,19.79926646900003],[99.57327171300005,19.804834623000033],[99.57722987900007,19.807588919000068],[99.57617508600003,19.81316031500006],[99.57855518100007,19.815417796000077],[99.57484762900003,19.824687895000068],[99.57793797900007,19.83372051200007],[99.57684727500003,19.84139931800007],[99.57488655800006,19.842592108000076],[99.57428410200004,19.845138030000044],[99.57591066100008,19.859917021000058],[99.57932403600006,19.868193468000072],[99.57751913100009,19.872906353000076],[99.57968771000009,19.87992589600003],[99.57520855000007,19.885959213000035],[99.57462931400005,19.891446890000054],[99.57822775500006,19.896101186000067],[99.57834005700005,19.898946201000058],[99.57085924100005,19.90640934700008],[99.56921390700006,19.913262823000025],[99.56660869300003,19.914619233000053],[99.56040655100009,19.912685698000075],[99.55647887100008,19.91317728300004],[99.55560017700009,19.917079627000078],[99.54228949500003,19.92398099600007],[99.54276028600003,19.927451897000026],[99.54111586200008,19.931242717000032],[99.53679246000007,19.934571428000027],[99.53334088900004,19.943202376000045],[99.52690246500003,19.948455339000077],[99.52853387400006,19.95125706600004],[99.52844374100005,19.96514212200003],[99.52278857800007,19.96677360500007],[99.51612060000008,19.96668203400003],[99.51294190600004,19.972866640000063],[99.50479377100004,19.97678055700004],[99.49884625300007,19.976064956000073],[99.49532606100007,19.97268457800004],[99.48883482400004,19.975060497000072],[99.48402052800009,19.971782287000053],[99.47725242300004,19.972144392000075],[99.47480507900008,19.968662051000024],[99.47195667900007,19.968150337000054],[99.46697721200007,19.974270928000067],[99.45901567800007,19.976422547000027],[99.45267458400008,19.981626249000044],[99.44231874900004,19.970231254000055],[99.44082049900004,19.962645827000074],[99.43788982000007,19.961072002000037],[99.42710329900007,19.96070301700007],[99.41858271200005,19.952976026000044],[99.41738600400004,19.942991677000066],[99.41495489000005,19.940414935000035],[99.41462519400005,19.931535281000038],[99.41662423800005,19.928790062000076],[99.41727616400004,19.92238513600006],[99.42096902500003,19.920255802000042],[99.42041524700005,19.917617698000072],[99.41301171900005,19.915384661000076],[99.40299514800006,19.914732525000034],[99.39992822700003,19.912171430000058],[99.39832424200006,19.906120161000047],[99.39137313200007,19.900419146000047],[99.38879858500007,19.900623623000058],[99.38475411300004,19.896629519000044],[99.38139707800008,19.889467701000058],[99.38359085200005,19.883961933000023],[99.38143906100004,19.879543330000047],[99.38633227400004,19.877150053000037],[99.38758586500006,19.865299141000037],[99.39527113800006,19.857063108000034],[99.40240750400005,19.852409943000055],[99.40322961600003,19.849525886000038],[99.40806585300004,19.847831228000075],[99.40965727800005,19.845102333000057],[99.41496569400005,19.845304087000045],[99.40827478000006,19.834663221000028],[99.40802627600004,19.831822807000037],[99.40992280200004,19.829231136000033],[99.42060201500004,19.82317871400005],[99.41990792000007,19.81403910000006],[99.38154115500004,19.811121279000076],[99.37866219900008,19.808296184000028],[99.37888873000009,19.804105168000035],[99.38121154700008,19.80048555600007],[99.37740731400004,19.797341295000024],[99.37872399300005,19.790781656000036],[99.37721117300003,19.789481886000033],[99.37700927800006,19.779163657000026],[99.37473921600008,19.77677264700003],[99.37063050300009,19.776638235000064],[99.36748679600004,19.77471708300004],[99.36152524500005,19.77732618700003],[99.36619695500008,19.76916377300006],[99.36470854800007,19.764086989000077],[99.36453185700003,19.75131786000003],[99.36044089900008,19.74890273400007],[99.35979275600005,19.74522231900005],[99.36234153500004,19.740463567000063],[99.36207590000004,19.731795748000025],[99.35979960300006,19.726301044000024],[99.35576042500008,19.724724566000077],[99.34891933900008,19.724644804000036],[99.34639782500005,19.71929020600004],[99.34751583500008,19.712856659000067],[99.34408176700003,19.711672320000048],[99.33263828600008,19.712995876000036],[99.32183809700007,19.71097404300008],[99.31341729900004,19.707630299000073],[99.31401615100003,19.702706514000056],[99.31100898500006,19.70284346400007],[99.30753976000005,19.697712671000033],[99.30480847800004,19.696614238000052],[99.30194443400006,19.689588934000028],[99.29679146300003,19.68539919400007],[99.29678542800008,19.682122854000056],[99.29283281100004,19.678894598000056],[99.28884583200005,19.67888311100006],[99.28667999900006,19.675154904000067],[99.28166736400004,19.673431552000068],[99.27602382900005,19.66820160000003],[99.26546912800006,19.664808751000066],[99.26201470900008,19.653352132000066],[99.25810200400008,19.65036545600003],[99.25976200700006,19.644727853000063],[99.25916491600003,19.639769062000028],[99.26149769900007,19.63553962000003],[99.25849191200007,19.62942014600003],[99.26658074100004,19.625309857000047],[99.26790248400005,19.62057150000004],[99.26704488000007,19.610812930000066],[99.27568832600008,19.606956568000044],[99.28040986000008,19.602771046000043],[99.28419763400007,19.60361032900005],[99.29120111400005,19.59592841400007],[99.29308969200008,19.590843722000045],[99.28961446200003,19.58694345500004],[99.29081926700007,19.58428348500007],[99.28898299600007,19.580989259000035],[99.29473480000007,19.577216100000044],[99.29515801400004,19.570782958000052]]]}},{"type":"Feature","properties":{"shapeName":"Mueang Chiang Rai","shapeISO":"","shapeID":"78962969B25429486303013","shapeGroup":"THA","shapeType":"ADM2"},"geometry":{"type":"Polygon","coordinates":[[[99.45267458400008,19.981626249000044],[99.45901567800007,19.976422547000027],[99.46697721200007,19.974270928000067],[99.47195667900007,19.968150337000054],[99.47480507900008,19.968662051000024],[99.47725242300004,19.972144392000075],[99.48402052800009,19.971782287000053],[99.48883482400004,19.975060497000072],[99.49532606100007,19.97268457800004],[99.49884625300007,19.976064956000073],[99.50479377100004,19.97678055700004],[99.51294190600004,19.972866640000063],[99.51612060000008,19.96668203400003],[99.52278857800007,19.96677360500007],[99.52844374100005,19.96514212200003],[99.52853387400006,19.95125706600004],[99.52690246500003,19.948455339000077],[99.53334088900004,19.943202376000045],[99.53679246000007,19.934571428000027],[99.54111586200008,19.931242717000032],[99.54276028600003,19.927451897000026],[99.54228949500003,19.92398099600007],[99.55560017700009,19.917079627000078],[99.55647887100008,19.91317728300004],[99.56040655100009,19.912685698000075],[99.56660869300003,19.914619233000053],[99.56921390700006,19.913262823000025],[99.57085924100005,19.90640934700008],[99.57834005700005,19.898946201000058],[99.57822775500006,19.896101186000067],[99.57462931400005,19.891446890000054],[99.57520855000007,19.885959213000035],[99.57968771000009,19.87992589600003],[99.57751913100009,19.872906353000076],[99.57932403600006,19.868193468000072],[99.57591066100008,19.859917021000058],[99.57428410200004,19.845138030000044],[99.57488655800006,19.842592108000076],[99.57684727500003,19.84139931800007],[99.57793797900007,19.83372051200007],[99.57484762900003,19.824687895000068],[99.57855518100007,19.815417796000077],[99.57617508600003,19.81316031500006],[99.57722987900007,19.807588919000068],[99.57327171300005,19.804834623000033],[99.57120248800004,19.79926646900003],[99.57074065200004,19.78768658000007],[99.57571950500005,19.783728024000027],[99.57978198700005,19.783546105000028],[99.58207664500009,19.780584720000036],[99.59722079900007,19.773758850000036],[99.60250785800008,19.767952532000038],[99.60995012200004,19.764308234000055],[99.61753498400009,19.763622300000065],[99.62434990500009,19.760778518000052],[99.63430043600005,19.765599734000034],[99.64244977100009,19.764373443000068],[99.64379828400007,19.76920197100003],[99.63699099600007,19.780926298000054],[99.62744018400008,19.786252072000025],[99.62429579400003,19.796418712000047],[99.61340810500008,19.806290397000055],[99.61437064100005,19.820277356000076],[99.62376453100006,19.843863957000053],[99.61746177800006,19.849273700000026],[99.62005129400006,19.852801257000067],[99.63109302300006,19.855003742000065],[99.63183861300007,19.859057464000045],[99.63873867800004,19.861504182000033],[99.64804426300003,19.859321496000064],[99.64679793000005,19.857462869000074],[99.64754950900004,19.854037911000034],[99.64564981400008,19.85243043500003],[99.64697918900004,19.847400080000057],[99.65206875100006,19.84748658700005],[99.65470011000008,19.84513280400006],[99.65946353800007,19.84408139900006],[99.66112504800009,19.838248985000064],[99.67008979800005,19.832274100000063],[99.67220941800008,19.828757284000062],[99.67796866600008,19.82810710700005],[99.68879548700005,19.820415277000052],[99.69224480700007,19.81538610900003],[99.69161814800003,19.809329946000048],[99.69777946900007,19.81202509700006],[99.69931766100007,19.818515384000023],[99.70134126300007,19.819730716000038],[99.70754130600005,19.817875998000034],[99.70962638600008,19.819117472000073],[99.71123556900005,19.821021431000077],[99.71311136200006,19.830978943000048],[99.72714069400007,19.829164267000067],[99.74115709200004,19.832779352000045],[99.74705142200008,19.82458293800005],[99.74596865500007,19.82195936100004],[99.75170221500008,19.818628223000076],[99.75197853700007,19.816241295000054],[99.76387021000005,19.82019399400008],[99.76485050800005,19.818204191000063],[99.77076820300005,19.818172469000046],[99.77844459500005,19.814743755000052],[99.77914395000005,19.808528455000044],[99.78106327000006,19.80649799400004],[99.78224739000007,19.800849111000048],[99.79045659200006,19.791170281000063],[99.79442133400005,19.791628870000068],[99.79767542600007,19.787431127000048],[99.79949927800004,19.775293138000052],[99.79576699900008,19.77093497900006],[99.79732090100003,19.764635613000053],[99.79524677100005,19.76298595800006],[99.80792629300004,19.751124437000044],[99.80789901300005,19.744103735000067],[99.80445798400007,19.73790113800004],[99.80665843200006,19.731431556000075],[99.80639663100004,19.726806441000065],[99.81311752100004,19.727154942000027],[99.81571310200007,19.723259665000057],[99.82143518200007,19.720606967000037],[99.82210544600008,19.718593257000066],[99.83213496500008,19.71618687800003],[99.83409641500003,19.71065225800004],[99.84061100700006,19.71095737400003],[99.84414346100004,19.70712031100004],[99.84702155400004,19.706981702000064],[99.84977750800005,19.701223235000043],[99.85162473100007,19.69192140900003],[99.85367765700005,19.692592768000054],[99.85941345000003,19.689279570000053],[99.86368210300009,19.691683743000056],[99.86525898100007,19.68876814600003],[99.87238550600006,19.687126912000053],[99.87619732700006,19.68142257900007],[99.87492932500004,19.67523305000003],[99.87688335600006,19.67128015800006],[99.87627961600003,19.66686010500007],[99.87805448200004,19.665449263000028],[99.87771413900003,19.663324888000034],[99.87894837200008,19.66397757200002],[99.87843330600003,19.661241904000065],[99.86993517200005,19.65628760900006],[99.86818497300004,19.656951458000037],[99.86743321400007,19.652559110000027],[99.87003425400007,19.651507752000043],[99.86924603100005,19.646156077000057],[99.87189105200008,19.641902779000077],[99.87312932100008,19.64303521100004],[99.87456359100008,19.64119158500006],[99.87649533300004,19.641762047000043],[99.87821654800007,19.63873556300007],[99.88019623500008,19.638492393000035],[99.88044658100006,19.63973399200006],[99.88326716700004,19.63691874500006],[99.88249029500008,19.63388360700003],[99.87993005400006,19.633501813000066],[99.88184434400006,19.630632775000038],[99.88376291200007,19.631442493000065],[99.88201078300006,19.625975039000025],[99.88525677500007,19.62399444500005],[99.89091025800008,19.62366380700007],[99.89175329900007,19.622132259000068],[99.89317348400004,19.622997137000027],[99.89407455600008,19.621563687000048],[99.89688452100006,19.623855151000043],[99.90556520700005,19.62314668700003],[99.91036986200004,19.624806153000065],[99.91402052100005,19.622245256000042],[99.91537659000005,19.619143531000077],[99.92247669300008,19.62466744900007],[99.92654598600006,19.623206699000036],[99.92721316400008,19.622672169000055],[99.93636960300006,19.626063171000055],[99.93927886000006,19.625137599000027],[99.95030979000006,19.627054558000054],[99.95271834900007,19.624166912000078],[99.95807535000006,19.625423544000057],[99.95726111100004,19.626849071000038],[99.95855922100009,19.628247901000066],[99.95724036400009,19.62841317300007],[99.96015159600006,19.63140325100005],[99.95897351600007,19.635686242000077],[99.96017262900006,19.637287034000053],[99.95915226600005,19.642022206000036],[99.95500789900007,19.64545141900004],[99.95790332200005,19.646757767000054],[99.96167818500004,19.644541102000062],[99.96795595300006,19.647662828000023],[99.97123832400007,19.646688708000056],[99.97503022400008,19.648633766000046],[99.98194538600006,19.647400510000068],[99.98480333700007,19.645206135000024],[99.98874561400004,19.646879565000063],[99.99319813900007,19.65589531200004],[99.99792314900009,19.661778135000077],[100.00226027600007,19.664148431000058],[100.00612705900005,19.66996256500005],[100.00425475900005,19.67299174300007],[100.00471131000006,19.677986257000043],[100.00293623700009,19.685541168000043],[100.00597985200005,19.693639937000057],[100.00868276900007,19.695049293000068],[100.01015373500007,19.704381823000062],[100.00694046500007,19.70953262000006],[100.01037926900005,19.71289807200003],[100.01101586200008,19.717123612000023],[100.01490278500006,19.719575432000056],[100.01623210200006,19.72447842100007],[100.02318565300004,19.728208774000052],[100.02523349300009,19.731663309000055],[100.01928528600007,19.73656178300007],[100.01297392300006,19.739412279000078],[100.00943473200005,19.74328275700003],[100.00834714900009,19.748294414000043],[100.00306970700007,19.75798497100004],[100.00636815800004,19.76438515800004],[100.00409191600005,19.767174882000063],[100.00294871900007,19.772818518000065],[99.99844114900009,19.776615975000027],[99.99875241400008,19.77904601000006],[99.99351142000006,19.78150697600006],[99.99368017600005,19.790027636000048],[99.99104377900005,19.79532888500006],[99.98189082800008,19.798892572000057],[99.96677811600006,19.79385430800005],[99.96609885900006,19.79244960400007],[99.96339133000004,19.794066216000033],[99.96172893700003,19.792897735000054],[99.95943565900006,19.79468664700005],[99.95283693800008,19.79290104100005],[99.94621967600006,19.794741552000062],[99.94362690600008,19.801668533000054],[99.93904651900004,19.80704380900005],[99.93806840900004,19.81633338200004],[99.94019928800009,19.817084803000057],[99.94097413800006,19.819451618000073],[99.93793599700007,19.82586689900006],[99.93335517900005,19.825702078000063],[99.92775995200009,19.83249569000003],[99.92111388700005,19.836709058000054],[99.91036470900008,19.83614513400005],[99.90138466100007,19.838945701000057],[99.89488431100006,19.843559739000057],[99.88591172200006,19.859588229000053],[99.87933655600006,19.86074009600003],[99.87466786000005,19.859174030000077],[99.86926516500006,19.85942075300005],[99.85908083300006,19.865372403000038],[99.85912065900004,19.867711049000036],[99.86157251300006,19.870121066000024],[99.85768991600008,19.869969447000074],[99.85971685000004,19.879423323000026],[99.86175066900006,19.881632789000037],[99.86438788800007,19.882031237000035],[99.86346684200004,19.886501027000065],[99.86753468900008,19.890980512000056],[99.87481791800008,19.893557419000047],[99.87798627700005,19.89664780000004],[99.87869372600005,19.895454596000036],[99.88213997900004,19.897007312000028],[99.88322167700005,19.895256868000047],[99.89052977900008,19.896876018000057],[99.89535380700005,19.907884956000032],[99.89169530000004,19.912285729000075],[99.89301915600004,19.915189816000066],[99.89539626000004,19.914778828000067],[99.89956094900003,19.91679342900005],[99.89818939200006,19.919271192000053],[99.90000352700008,19.92251268600006],[99.89841535700003,19.924313014000063],[99.90024761400008,19.92939303000003],[99.90605114200008,19.93122155100008],[99.90957460800007,19.935837434000064],[99.91689409500003,19.93906774000004],[99.92129351200003,19.947020683000062],[99.92537136100003,19.945736011000065],[99.92984969300005,19.946350048000056],[99.93276627400007,19.952233501000023],[99.93706568500005,19.956180964000055],[99.94488843200008,19.960250933000054],[99.95309860600008,19.961218175000056],[99.96141525400009,19.965631637000058],[99.96624567200007,19.973850362000064],[99.97410410000003,19.976219222000054],[99.96955052700008,19.980980876000046],[99.96970028800007,19.983758126000055],[99.97279308500003,19.98604584000003],[99.98024381400006,19.987864510000065],[99.98312899200005,19.992731696000078],[99.98178693400007,19.996960261000027],[99.97457533300008,20.00668365200005],[99.97392068200008,20.016437472000064],[99.96627235300008,20.018054982000024],[99.95954610700005,20.02184273200004],[99.96346860100005,20.03285809600004],[99.96877243500006,20.041191146000074],[99.96926041500006,20.04552882300004],[99.97517015200003,20.050200568000037],[99.97597381100007,20.053755633000037],[99.97293135300004,20.05616707400003],[99.96338704200008,20.05336242800007],[99.96014288700007,20.056211361000067],[99.95891885900005,20.06022899000004],[99.96019895000006,20.062861621000025],[99.96291927200008,20.06365786400005],[99.96952609800007,20.06049190600004],[99.97087877300004,20.063482100000044],[99.97641574300008,20.065472272000022],[99.97299031000006,20.071131724000054],[99.97608462500006,20.078506119000053],[99.97886975300008,20.081154411000057],[99.98491197500005,20.081541488000028],[99.99327907700007,20.07777978100006],[99.99892488800003,20.080127513000036],[100.00000937300007,20.082640748000074],[99.99769527500007,20.091672405000054],[99.99933257700008,20.092726355000025],[100.00510618500005,20.091388660000064],[100.00843626600005,20.093298548000064],[100.00837154400006,20.10752695000002],[100.01039324900006,20.110836835000043],[100.00513159100007,20.111578149000024],[99.99575547700005,20.10686506600007],[99.98871402500004,20.10620309600006],[99.98799839700007,20.104456861000074],[99.98175741000006,20.10458297100007],[99.97559894600005,20.115235488000053],[99.97107033000003,20.118191671000034],[99.97402893000003,20.12207511200006],[99.97013368700004,20.125482057000056],[99.97015626900009,20.128038382000057],[99.96589834400004,20.128254351000066],[99.964381,20.130177545000038],[99.95906003200008,20.130102756000042],[99.95412323000005,20.126242415000036],[99.95034633700004,20.134942134000028],[99.94800494400005,20.136380975000066],[99.93610622500006,20.124543584000037],[99.93421526100008,20.120679406000022],[99.92840290500004,20.117041328000028],[99.92444078800008,20.12398148500006],[99.91759059500004,20.118775672000027],[99.91538122900005,20.114772108000068],[99.91335919400007,20.11512673900006],[99.90986213500008,20.119427537000035],[99.90459487000004,20.11865162600003],[99.89987403400005,20.121390726000072],[99.89363168800008,20.120007643000065],[99.88908125500006,20.117124500000045],[99.88926278400004,20.106263772000034],[99.88042344500008,20.10363138300005],[99.87410927500008,20.10373925400006],[99.87174710100004,20.10845433000003],[99.86810816400003,20.109237053000072],[99.86538887500006,20.10795028900003],[99.85365518200007,20.116458289000036],[99.84175740700005,20.10967067300004],[99.83821690500008,20.10616952600003],[99.82929615400008,20.103305499000044],[99.82263468700006,20.098939158000064],[99.81193539400005,20.096426665000024],[99.80859135200006,20.091585604000045],[99.81134259700008,20.08025720300003],[99.80778910000004,20.077211220000038],[99.80008503600004,20.07441655200006],[99.79865910100006,20.069908490000046],[99.79386075500008,20.068058606000022],[99.79307106900006,20.063932265000062],[99.78847936200003,20.060205315000076],[99.77314760200005,20.061420234000025],[99.76834414800004,20.06396501200004],[99.76215569700008,20.064680125000052],[99.75105485100005,20.054097114000058],[99.74221920700006,20.054910875000076],[99.73712573100005,20.052722605000042],[99.73612255300009,20.044705047000036],[99.73200011300008,20.043569329000036],[99.73321441200005,20.04236344000003],[99.73157202100003,20.039159435000045],[99.73334873600004,20.037715044000038],[99.73255076100008,20.035660371000063],[99.72917742500005,20.03221710500003],[99.72434842300004,20.030538836000062],[99.71098646300004,20.035828839000033],[99.70269599800008,20.036909122000054],[99.69980171300006,20.039297942000076],[99.69724972500006,20.037836325000058],[99.69453449400004,20.033290414000078],[99.68679898200008,20.031141362000028],[99.68406157000004,20.028293474000066],[99.68331056200009,20.04159824900006],[99.68684395400004,20.048377],[99.68684625800006,20.055792060000044],[99.68248919000007,20.059431562000043],[99.68156571900005,20.06752943400005],[99.67772385800004,20.07266683000006],[99.66833309500004,20.076155423000046],[99.65854054300007,20.076808562000053],[99.65457459400005,20.081132598000067],[99.64957927300009,20.080078085000025],[99.64298875600008,20.092640998000036],[99.63396323600006,20.093088735000038],[99.62896591700007,20.09663639400003],[99.62306753500008,20.096837790000052],[99.61899210100006,20.098810248000063],[99.61909384300009,20.095697721000022],[99.61435292500005,20.083997939000028],[99.61074140100004,20.080191971000033],[99.60443999200004,20.076923976000046],[99.60578485000008,20.072185106000063],[99.60309341000004,20.070191049000073],[99.60539071800008,20.067148235000047],[99.60233096600007,20.062397528000076],[99.60374960300004,20.061327885000026],[99.60345040400006,20.058606436000048],[99.60011008300006,20.058917463000057],[99.59818548900006,20.057649197000046],[99.59992338600006,20.054686168000046],[99.59395079600006,20.04486774800006],[99.59521634300006,20.043552629000033],[99.59327743800009,20.04256945900005],[99.59467693800008,20.039793358000054],[99.59022499500009,20.040797788000077],[99.58261300500004,20.039596525000036],[99.58045200200007,20.040820875000065],[99.57780292500007,20.03847113300003],[99.57510865200004,20.039164609000068],[99.57464750300005,20.034583247000057],[99.57778066900005,20.02806804200003],[99.57660955500006,20.02341774000007],[99.57425105800007,20.02151714400003],[99.56841616800006,20.024475422000023],[99.56393634700004,20.023234237000054],[99.55133373900009,20.02533167000007],[99.54865535400006,20.028914352000072],[99.53943998600005,20.031988284000022],[99.53229845100009,20.037681949000046],[99.52864243100004,20.037577859000066],[99.52705215700007,20.039824261000035],[99.51797900600008,20.04471230300004],[99.51635376600007,20.04876533500004],[99.51123974600006,20.053342505000046],[99.50518798700006,20.053703366000036],[99.49837590600004,20.052025220000075],[99.49607309200007,20.04775711900004],[99.48937671300007,20.042476967000027],[99.48648875200007,20.04199371900006],[99.48460965800007,20.038706713000067],[99.47630030500005,20.03938055800006],[99.47236276500007,20.03442751700004],[99.46747766700008,20.03408730900003],[99.46733811500008,20.032293767000056],[99.47019222400007,20.030190942000047],[99.46656342900008,20.028094311000075],[99.46567115300007,20.025902303000066],[99.46771029200005,20.026106640000023],[99.46741717900005,20.02394610400006],[99.47077923600006,20.022114385000066],[99.47290453700003,20.019637099000022],[99.47261171700006,20.017715081000063],[99.47608963400006,20.01447074500004],[99.47814293900007,20.01505297500006],[99.47832964600008,20.01322860700003],[99.47564320500004,20.010784889000035],[99.47325286000006,20.011409452000066],[99.46557106900008,20.00546508900004],[99.46480084300003,19.99973284300006],[99.45956500300008,19.99646036400003],[99.46031183900004,19.99320425800005],[99.45484301300007,19.987748844000066],[99.45267458400008,19.981626249000044]]]}},{"type":"Feature","properties":{"shapeName":"Pa Daet","shapeISO":"","shapeID":"78962969B68909645293993","shapeGroup":"THA","shapeType":"ADM2"},"geometry":{"type":"Polygon","coordinates":[[[100.06566084600007,19.51025696800008],[100.06178078400006,19.510300063000045],[100.05755170800006,19.514152480000064],[100.05458391400003,19.519342074000065],[100.05520412100009,19.52240716800003],[100.04780070700008,19.526541844000064],[100.04566191200007,19.532188459000054],[100.04615887300008,19.53504806500007],[100.04302602100006,19.537681184000064],[100.04029996200006,19.537276188000078],[100.03821704500007,19.53402971500003],[100.03563310700008,19.534069291000037],[100.02655786400004,19.53817970800003],[100.02218075200005,19.542263168000034],[100.02151812100004,19.546201821000068],[100.01872078600007,19.54832118400003],[100.02013692500009,19.559037239000077],[100.01780352400004,19.56162418400004],[100.01131090400008,19.56261383700007],[100.00446394800008,19.581189128000062],[100.00429288700008,19.58853743000003],[100.00077017400008,19.59125299300007],[99.99672644800006,19.591914776000067],[99.99274088200008,19.588479903000064],[99.98580092800006,19.58825901700004],[99.98346152600004,19.584658708000063],[99.98428727600003,19.579915697000047],[99.98238296100004,19.567660529000023],[99.97965414000004,19.568111869000063],[99.97853077400003,19.571663154000078],[99.97808260100004,19.570311959000037],[99.97429296400009,19.571562030000052],[99.97455362600004,19.569433425000057],[99.97307579800008,19.57045632200004],[99.97224621600009,19.56927538800005],[99.97128948200003,19.571580921000077],[99.96413360700006,19.569836464000048],[99.96067069600008,19.573893618000056],[99.95191945000005,19.575746510000045],[99.95345455500006,19.578269028000022],[99.95045536800006,19.582399568000028],[99.95086675500005,19.59111120600005],[99.95387125800005,19.591829474000065],[99.95322955200004,19.595846659000074],[99.95466477000008,19.596300976000066],[99.95553976000008,19.599539631000027],[99.95792913300005,19.59978880400007],[99.95675577100008,19.601270372000045],[99.95796849300007,19.601327886000036],[99.95699004400007,19.602715799000066],[99.95854593100006,19.604526890000045],[99.95701233100004,19.604255339000076],[99.95913650500006,19.60952796500004],[99.95829416500004,19.610805923000044],[99.95828036300009,19.609515014000067],[99.95660297900008,19.60935234300007],[99.95732904900007,19.612777879000078],[99.95500939800007,19.613369154000054],[99.95757651400004,19.615045708000025],[99.95633202600004,19.61706583800003],[99.95477096500008,19.61679748100005],[99.95596081300005,19.617825354000047],[99.95401895100008,19.619825826000067],[99.95158903400005,19.61907296000004],[99.95035067000003,19.622921466000037],[99.94851803400007,19.62298453300002],[99.94612728100009,19.625552131000063],[99.94378668300004,19.62387478200003],[99.93759654200005,19.62459259900004],[99.93856256400005,19.62270131500003],[99.93723784800005,19.619721820000052],[99.93562014500009,19.621236846000045],[99.93480775100005,19.619806236000045],[99.93341769100005,19.621390113000075],[99.93182685400006,19.621084406000023],[99.93098235700006,19.623429302000034],[99.93059075100007,19.621549361000064],[99.92855863200003,19.620696770000052],[99.92721316400008,19.622672169000055],[99.92654598600006,19.623206699000036],[99.92397266500006,19.622118932000035],[99.92307686700008,19.61747444200006],[99.91668583400008,19.615177509000034],[99.91867960900004,19.61387878200003],[99.92124901000005,19.608301185000073],[99.91776211900009,19.60514935200007],[99.91671085600007,19.598602649000043],[99.91024490200004,19.59008528100003],[99.90999735200006,19.587755652000055],[99.91266683900005,19.58323779400007],[99.90742415800008,19.577683412000056],[99.90534053300007,19.57289306900003],[99.90937087800006,19.549697437000077],[99.91758644500004,19.53021952100005],[99.91780535300006,19.503218896000078],[99.91485924600005,19.47920857500003],[99.91483134800006,19.44616771500006],[99.91332992800005,19.43911866800005],[99.91444196100008,19.432455222000044],[99.91836197800006,19.419126858000027],[99.92000039500005,19.40641256400005],[99.92661169300004,19.410380518000068],[99.92971634300005,19.415581536000047],[99.93429999900007,19.416687443000058],[99.93527323800004,19.418363130000046],[99.94226068600005,19.419583800000055],[99.94481500400008,19.423278020000055],[99.94409133500005,19.425811214000078],[99.94777696900007,19.428545530000065],[99.95596166000007,19.429012337000074],[99.96249679400006,19.42771814500003],[99.96771409800004,19.429632326000046],[99.97357407200008,19.42764978200006],[99.97619979200005,19.42926688400007],[99.98173931300005,19.429580130000033],[99.98198479000007,19.431428881000045],[99.98617234600005,19.432758661000037],[99.99196229200004,19.429041271000074],[99.99687832000006,19.430936173000077],[99.99549336300004,19.433875232000048],[99.99814469600005,19.435668744000054],[100.00100358700007,19.43444172900007],[100.00122979600008,19.431204023000078],[100.00499369700003,19.429147460000024],[100.00833052500008,19.42903264000006],[100.01055775000003,19.42574551100006],[100.01328658800008,19.428211287000067],[100.01040860100005,19.430302677000043],[100.00868559900005,19.43393926500005],[100.01022227500005,19.438933144000032],[100.01748382700004,19.438303004000034],[100.01824444800008,19.43587166900005],[100.02327340800008,19.43706083400002],[100.02736626600006,19.436098229000038],[100.02772426700005,19.43867514300007],[100.03204295200004,19.44093322200007],[100.03093741300006,19.442640144000052],[100.03303573700003,19.443881588000067],[100.03459626700004,19.442174953000062],[100.03687381400005,19.44308072800004],[100.03757959400008,19.441984382000044],[100.03954148800005,19.445065079000074],[100.04215731100004,19.443487400000038],[100.04466691100004,19.44399942000007],[100.04588350200004,19.44183544300006],[100.04781611200008,19.44325996500004],[100.04906178200008,19.44053368300007],[100.05119896300005,19.44060704000003],[100.04936059000005,19.43506364900003],[100.05098609400005,19.434290258000033],[100.05165032800005,19.430978175000064],[100.05383423000006,19.431398467000065],[100.05621327900008,19.43540672300003],[100.05996506100007,19.43457204500004],[100.06043547200005,19.432390720000058],[100.06296869800008,19.43424801200007],[100.06776673300004,19.431255123000028],[100.07200023000007,19.434157885000047],[100.06917324100004,19.441524510000022],[100.06493904900003,19.442367425000043],[100.06536158100005,19.448386456000037],[100.07045236600004,19.457598129000075],[100.06948297600007,19.465243559000044],[100.06557230000004,19.470085735000055],[100.06742829700005,19.475844884000026],[100.06681706200004,19.478523992000078],[100.07002659200003,19.483662693000042],[100.06528074700009,19.500136648000023],[100.06518811400008,19.504002356000058],[100.06709821400005,19.506690933000073],[100.06566084600007,19.51025696800008]]]}},{"type":"Feature","properties":{"shapeName":"Phan","shapeISO":"","shapeID":"78962969B39225899035049","shapeGroup":"THA","shapeType":"ADM2"},"geometry":{"type":"Polygon","coordinates":[[[99.91444196100008,19.432455222000044],[99.91332992800005,19.43911866800005],[99.91483134800006,19.44616771500006],[99.91485924600005,19.47920857500003],[99.91780535300006,19.503218896000078],[99.91758644500004,19.53021952100005],[99.90937087800006,19.549697437000077],[99.90534053300007,19.57289306900003],[99.90742415800008,19.577683412000056],[99.91266683900005,19.58323779400007],[99.90999735200006,19.587755652000055],[99.91024490200004,19.59008528100003],[99.91671085600007,19.598602649000043],[99.91776211900009,19.60514935200007],[99.92124901000005,19.608301185000073],[99.91867960900004,19.61387878200003],[99.91668583400008,19.615177509000034],[99.92307686700008,19.61747444200006],[99.92397266500006,19.622118932000035],[99.92654598600006,19.623206699000036],[99.92247669300008,19.62466744900007],[99.91537659000005,19.619143531000077],[99.91402052100005,19.622245256000042],[99.91036986200004,19.624806153000065],[99.90556520700005,19.62314668700003],[99.89688452100006,19.623855151000043],[99.89407455600008,19.621563687000048],[99.89317348400004,19.622997137000027],[99.89175329900007,19.622132259000068],[99.89091025800008,19.62366380700007],[99.88525677500007,19.62399444500005],[99.88201078300006,19.625975039000025],[99.88376291200007,19.631442493000065],[99.88184434400006,19.630632775000038],[99.87993005400006,19.633501813000066],[99.88249029500008,19.63388360700003],[99.88326716700004,19.63691874500006],[99.88044658100006,19.63973399200006],[99.88019623500008,19.638492393000035],[99.87821654800007,19.63873556300007],[99.87649533300004,19.641762047000043],[99.87456359100008,19.64119158500006],[99.87312932100008,19.64303521100004],[99.87189105200008,19.641902779000077],[99.86924603100005,19.646156077000057],[99.87003425400007,19.651507752000043],[99.86743321400007,19.652559110000027],[99.86818497300004,19.656951458000037],[99.86993517200005,19.65628760900006],[99.87843330600003,19.661241904000065],[99.87894837200008,19.66397757200002],[99.87771413900003,19.663324888000034],[99.87805448200004,19.665449263000028],[99.87627961600003,19.66686010500007],[99.87688335600006,19.67128015800006],[99.87492932500004,19.67523305000003],[99.87619732700006,19.68142257900007],[99.87238550600006,19.687126912000053],[99.86525898100007,19.68876814600003],[99.86368210300009,19.691683743000056],[99.85941345000003,19.689279570000053],[99.85367765700005,19.692592768000054],[99.85162473100007,19.69192140900003],[99.84977750800005,19.701223235000043],[99.84702155400004,19.706981702000064],[99.84414346100004,19.70712031100004],[99.84061100700006,19.71095737400003],[99.83409641500003,19.71065225800004],[99.83213496500008,19.71618687800003],[99.82210544600008,19.718593257000066],[99.82143518200007,19.720606967000037],[99.81571310200007,19.723259665000057],[99.81311752100004,19.727154942000027],[99.80639663100004,19.726806441000065],[99.80177375000005,19.733402518000048],[99.79586696400008,19.731355479000058],[99.79081665800004,19.735013569000046],[99.78339662300004,19.734126037000067],[99.77855509900007,19.73020215100007],[99.76796928500005,19.728434024000023],[99.75597286200008,19.73043043200005],[99.75438324000004,19.735761325000055],[99.75583038200006,19.73740807300004],[99.75541764700006,19.74133987700003],[99.74945815400008,19.743655099000023],[99.74724638700008,19.74856145800004],[99.74060474800007,19.75156071600003],[99.73854966700009,19.747702374000028],[99.73675799900008,19.748474388000034],[99.73489228600005,19.746861730000035],[99.73471922800007,19.74482885900005],[99.73683227300006,19.74533359800006],[99.73757927800006,19.74392828300006],[99.73577548700007,19.741163244000063],[99.73397898100006,19.74131531300003],[99.73379684500009,19.738914028000067],[99.73159090100006,19.73975942000004],[99.72689493300004,19.73677744300005],[99.72663887200008,19.734900263000043],[99.72992111900004,19.73147487700004],[99.72653856900007,19.730967701000054],[99.72820159000008,19.72970784300003],[99.72819791900008,19.722825881000063],[99.72243204300008,19.724302489000024],[99.72055757000004,19.72247715000003],[99.72225125100005,19.719433540000068],[99.71787086300009,19.714863136000076],[99.71021632800006,19.71155969000006],[99.70251047000005,19.71415994000006],[99.69441123300004,19.71159070300007],[99.69244216300007,19.712292885000068],[99.69047352600006,19.71689621400003],[99.68468269900006,19.71339769800005],[99.67917344400007,19.71337611000007],[99.67915048200007,19.711483523000027],[99.67549309700007,19.709451757000068],[99.67333006400008,19.71021649200003],[99.67071429900005,19.708813263000025],[99.66886699300005,19.711088982000035],[99.66271804200005,19.709644448000063],[99.66025134700004,19.70773561200002],[99.66221354100009,19.70470992500003],[99.65960744000006,19.696598829000038],[99.65658747700007,19.696306351000032],[99.65472179300008,19.698738500000047],[99.65262294400009,19.695854286000042],[99.64833420300005,19.69956914100004],[99.64512786700004,19.696862285000066],[99.64229068200007,19.693779208000024],[99.64146564100008,19.686352058000068],[99.63757081300008,19.678986356000053],[99.63712515000003,19.67188294700003],[99.62981200500008,19.666467769000064],[99.62702789200006,19.65992974100004],[99.62138343400005,19.656870216000073],[99.62430674400008,19.652029451000033],[99.62215252400006,19.651037046000056],[99.62103613400006,19.647467577000043],[99.61799097600004,19.644399777000046],[99.62299081100008,19.63769377500006],[99.61861661200004,19.631791332000034],[99.61723090000004,19.624676199000078],[99.62121439400005,19.62000177400006],[99.62354863900003,19.61256488600003],[99.63729425900004,19.61051812900007],[99.64689478700006,19.606889701000057],[99.64590346100005,19.59749619300004],[99.64077002400006,19.58338202300007],[99.63688313300008,19.58002405800005],[99.62973590300004,19.580218839000054],[99.62343591800004,19.567228236000062],[99.62189285800008,19.56108561800005],[99.62455857100008,19.55686178600007],[99.61884677800003,19.54156348400005],[99.62055887900004,19.534913068000037],[99.61813267700006,19.532350062000035],[99.61741564100004,19.512730305000048],[99.60584274600006,19.506668730000058],[99.60494043800009,19.503272799000058],[99.59946305400007,19.497466330000066],[99.59518029300006,19.486578458000054],[99.59125998900004,19.48136006200008],[99.58616518100007,19.479144801000075],[99.58254564100008,19.473729481000078],[99.58699176600004,19.466020937000053],[99.58593856400006,19.457085190000043],[99.57788685000008,19.450253583000062],[99.57303323600007,19.448320841000054],[99.56885928000008,19.442701063000072],[99.56576362600003,19.433237192000036],[99.56805353700008,19.426973708000048],[99.56537606200004,19.417657702000042],[99.57590688500005,19.40985285000005],[99.58451365900004,19.405932716000052],[99.59556354000006,19.405942494000044],[99.60066552700005,19.402151279000066],[99.60572086600007,19.401636086000053],[99.61072743000005,19.397094270000025],[99.61561964600008,19.39582820000004],[99.61540033700004,19.393831719000048],[99.61773982000005,19.39289425900006],[99.61770773000006,19.391405875000032],[99.62048300200007,19.390209398000025],[99.62112954600008,19.391406780000068],[99.62205495500007,19.389349868000068],[99.62288139300006,19.390860658000065],[99.62811090900004,19.389692496000066],[99.63229515600005,19.385474086000045],[99.63471161400008,19.387806751000028],[99.63929113500006,19.385364584000058],[99.64009468400008,19.387756747000026],[99.64401247100005,19.38767592000005],[99.64607431000007,19.389125699000033],[99.65043729600006,19.38559304100005],[99.66025803700006,19.38538180100005],[99.66555595600005,19.388360401000057],[99.67723621600004,19.39179249800003],[99.68209132300007,19.391094665000026],[99.68186870400007,19.38566913300002],[99.68461921700003,19.382208707000075],[99.69361542700005,19.382684187000052],[99.68857549000006,19.39304770600006],[99.68741724400007,19.405229188000078],[99.68491104000003,19.408379409000077],[99.68294610100008,19.422321993000025],[99.68782264000004,19.42001096200005],[99.69928881400006,19.41960689000007],[99.70167447100005,19.42248378900007],[99.70482530600003,19.422471588000064],[99.70651986400009,19.425364487000024],[99.71409980300007,19.419636027000024],[99.71686151500006,19.422456871000065],[99.72370399300007,19.422868364000067],[99.72694519400005,19.425120331000073],[99.73138475300004,19.42420994500003],[99.73622802900007,19.428808153000034],[99.74003826700005,19.42956472800006],[99.74002283000004,19.43121439400005],[99.74534367600006,19.43205044000007],[99.75126385600004,19.43536252800004],[99.75533590700007,19.441106467000054],[99.76582942200008,19.441373299000077],[99.77092176400004,19.443251170000053],[99.77512101700006,19.44172132500006],[99.78276447200005,19.446534206000024],[99.78685561700007,19.45104893100006],[99.80351075000004,19.451543091000076],[99.82885622500004,19.445555590000026],[99.84378503600004,19.444580621000057],[99.85251443600004,19.44665000300006],[99.86386761600005,19.44586824000004],[99.87111774200008,19.45359197700003],[99.87496830700007,19.455241641000043],[99.87791346800009,19.453997473000072],[99.87966302100006,19.449174929000037],[99.88598538400004,19.447526608000032],[99.89443511100006,19.437600350000025],[99.89905767400006,19.425694858000043],[99.90691142500003,19.431618555000057],[99.91444196100008,19.432455222000044]]]}},{"type":"Feature","properties":{"shapeName":"Phrao","shapeISO":"","shapeID":"78962969B69125034410503","shapeGroup":"THA","shapeType":"ADM2"},"geometry":{"type":"Polygon","coordinates":[[[99.13593834600005,19.57097314400005],[99.13650688600006,19.56637389900004],[99.13200555000009,19.562559027000077],[99.12838878700006,19.561466230000065],[99.126449,19.55438082200004],[99.11761129000007,19.549640026000077],[99.11426661000007,19.546214602000077],[99.11692669000007,19.536422920000064],[99.11655792300007,19.530376801000045],[99.12064674200008,19.521279795000055],[99.12197936000007,19.52312278900007],[99.12583489200006,19.524016825000047],[99.12626582600006,19.52610310800003],[99.13027252900008,19.525788565000028],[99.13094007300003,19.523840849000067],[99.13410798400008,19.52419423300006],[99.14038695000005,19.521717839000075],[99.15172631400009,19.512386951000053],[99.15403117600005,19.51380144600006],[99.15522634500007,19.512973656000042],[99.15645561900004,19.507154669000045],[99.15343920500004,19.50008359700007],[99.15733252900009,19.49743638700005],[99.15862119200006,19.49354824900007],[99.15565212800004,19.490633848000073],[99.15393194400008,19.48496847800004],[99.15658259900005,19.479726776000064],[99.15615607300003,19.475090253000076],[99.15522399500009,19.473223030000042],[99.15268942100005,19.472951085000034],[99.14775502300006,19.477961040000025],[99.14464255300004,19.47789327000004],[99.14146734100007,19.473833454000044],[99.13653020700008,19.47160225500005],[99.13176440200004,19.46114774600005],[99.12882846000008,19.45901326300003],[99.12622702600004,19.454295541000022],[99.12358630000006,19.444175924000035],[99.12296774000004,19.43020720900006],[99.12513214100005,19.42724830000003],[99.12510735200004,19.423745543000052],[99.12968274300005,19.422525801000063],[99.13359806400007,19.411731472000042],[99.12605082400006,19.41444260800006],[99.11724844900004,19.409016043000065],[99.11185385100003,19.407949733000066],[99.10918817600003,19.405077814000038],[99.10923214000007,19.402358738000032],[99.10275050800004,19.39462913500006],[99.09971354000004,19.385903135000035],[99.09739923400008,19.383859184000073],[99.10053096300004,19.381642055000043],[99.10589900200006,19.372574599000075],[99.10547005600006,19.364260382000055],[99.10076650000008,19.351521903000048],[99.09634162200007,19.348274494000066],[99.09620821200008,19.343213571000035],[99.09253817800004,19.340770099000054],[99.08941969600005,19.332971215000043],[99.08608958600007,19.329299241000058],[99.08510175100008,19.325920883000038],[99.08813881800006,19.320918536000022],[99.08477837900006,19.31681810500004],[99.08402930100004,19.312609378000047],[99.08765485200007,19.295819228000028],[99.09340375900007,19.288262133000046],[99.09042883000006,19.28420220600003],[99.09194555600004,19.28121630100003],[99.08682312100007,19.273924991000058],[99.07863696100009,19.26686535300007],[99.07684222500006,19.26237414800005],[99.08072707800005,19.256834092000076],[99.08490748700007,19.259025455000028],[99.09206744100004,19.25570422800007],[99.09600094100006,19.25803581400004],[99.09925238800008,19.255849967000074],[99.10393585300005,19.25537371400003],[99.11316714400004,19.245659674000024],[99.11905157900009,19.235427137000045],[99.12233322900005,19.23407532300007],[99.12220582600008,19.225321604000044],[99.12611791700004,19.223949489000063],[99.12669872800006,19.220395007000036],[99.13410890200004,19.215498800000034],[99.13616445800005,19.210801986000035],[99.14138067800008,19.209819845000027],[99.14590665000009,19.20459929900005],[99.15121968400007,19.204330061000064],[99.15500656400008,19.198498909000023],[99.15432974200007,19.191017015000057],[99.14673871500008,19.184242475000076],[99.13957220700007,19.180108120000057],[99.13867263300006,19.174012849000064],[99.14001592500006,19.170166339000048],[99.13303168000004,19.167247702000054],[99.12743402400008,19.161741938000034],[99.13010948800007,19.15497094600005],[99.13467559300005,19.149563494000063],[99.13345777900008,19.145538689000034],[99.12831260000007,19.141422307000028],[99.12123445200007,19.141450915000064],[99.11321030000005,19.133132296000042],[99.10836006000005,19.131519143000048],[99.11378423500008,19.126945635000027],[99.12004060000004,19.113062273000025],[99.12418660200007,19.10926154200007],[99.12887100100005,19.109858237000026],[99.13165583600005,19.10251673500005],[99.13542157000006,19.101314177000063],[99.13608045700005,19.099148398000068],[99.13310399300008,19.08850214100005],[99.12755206000008,19.087287494000066],[99.12659261800007,19.083276245000036],[99.12380457400008,19.080364619000022],[99.11593208800008,19.07873631900003],[99.11348677500007,19.071894409000038],[99.11769230200008,19.066635792000056],[99.12197986600006,19.065498787000024],[99.12436241800003,19.061260313000048],[99.12464343600004,19.05474543200006],[99.12717377800004,19.050703656000053],[99.12980373100004,19.048142824000024],[99.13517504600009,19.047004747000074],[99.13367355600008,19.04302203800006],[99.13467609100007,19.039459312000076],[99.14358945700008,19.038616128000058],[99.14548939100007,19.03019240200007],[99.15269296500009,19.02603873100003],[99.15244359500008,19.011964345000024],[99.15885914600005,19.00747977900005],[99.16087837000003,19.008964943000024],[99.17205877400005,19.009039968000025],[99.17604415900007,19.01176855500006],[99.18198395100006,19.01045873700002],[99.18759248600009,19.00492635300003],[99.19336625500006,19.003662681000037],[99.19728773500003,19.001137295000035],[99.20082652300005,19.00147617700003],[99.20956959200004,18.996350551000035],[99.21082766800004,18.994097132000036],[99.21343494300004,18.997273549000056],[99.22162532700008,18.999742233000063],[99.23649530600005,18.999526985000045],[99.23899584400004,18.997780268000042],[99.24450342900008,18.997135667000066],[99.25249968600008,19.00009637100004],[99.25096428300009,19.004239838000046],[99.25306260000008,19.007416428000056],[99.25346994800003,19.021801753000034],[99.25096531500009,19.024938356000064],[99.25322481700005,19.029879833000052],[99.26348727600003,19.028960668000025],[99.26538551700008,19.02954455400004],[99.26578828800007,19.031955055000026],[99.27035756000004,19.033525402000066],[99.27403340900008,19.031086220000077],[99.28308361700005,19.033229821000077],[99.28650409400007,19.039157784000054],[99.28962803100006,19.040388851000046],[99.29185976600007,19.04600858300006],[99.29788320800009,19.04796116600005],[99.30219747700005,19.051878552000062],[99.30214316900003,19.055079122000052],[99.30482103500003,19.05688451000003],[99.30356471200008,19.06560216400004],[99.31729925500008,19.070987783000078],[99.31941340700007,19.07859876200007],[99.33173829100008,19.081628712000054],[99.33502507600008,19.09012190800007],[99.34065982600004,19.095649593000076],[99.33786703700008,19.10379243600005],[99.33004596200004,19.112990755000055],[99.32960087800006,19.117308855000033],[99.32512803500003,19.118941104000044],[99.32406742400008,19.122016161000033],[99.32107571400007,19.123614392000036],[99.31923382200006,19.13300074700004],[99.32273666100008,19.13421259100005],[99.32406684000006,19.13643068500005],[99.32299319900005,19.146794131000036],[99.31931121200006,19.155454604000056],[99.31943495600007,19.165241063000053],[99.31483144700007,19.171680234000064],[99.30999242700005,19.17276269200005],[99.30611712700005,19.176073145000032],[99.30451920500008,19.182931816000064],[99.30666533400006,19.188174436000054],[99.30362602100007,19.19304199100003],[99.30665440200005,19.194382998000037],[99.30893867900005,19.205127205000053],[99.31454850300008,19.20911439100007],[99.31095215500005,19.212959695000052],[99.31195818300006,19.216198189000067],[99.30999337100008,19.21882864500003],[99.31110694300008,19.224815282000066],[99.31703504900008,19.22823338300003],[99.31846253500004,19.231612358000064],[99.32218279400007,19.234143681000035],[99.32275325000006,19.24072039600003],[99.32125401600007,19.243701504000057],[99.32520849000008,19.245092487000022],[99.32931575900005,19.249577888000033],[99.33364094400008,19.251057287000037],[99.33760859500006,19.255606372000045],[99.33603950400004,19.26234561600006],[99.33846940600006,19.26488412300006],[99.34158231100008,19.265497262000054],[99.34297984300008,19.267836825000074],[99.33922109500008,19.274681309000073],[99.34137327100007,19.27644863000006],[99.33647500100005,19.28398219500008],[99.34022157100009,19.28597177300003],[99.33966826500006,19.288888102000044],[99.33684566400007,19.291354198000022],[99.33927017900004,19.298254927000073],[99.33285830000005,19.303341010000054],[99.33196091500008,19.31075515400005],[99.32958533000004,19.312769239000033],[99.32722734700008,19.319345775000045],[99.32776276900006,19.323699632000057],[99.33255374200007,19.327333687000078],[99.33412128100008,19.330488095000078],[99.33430137000005,19.352266462000046],[99.33272877900004,19.362286226000037],[99.32988860200004,19.364680168000064],[99.33202596800004,19.37814501200006],[99.32968477500003,19.38021070800005],[99.33083056600003,19.381773833000068],[99.32588714700006,19.38708263500007],[99.32675671800007,19.38895756100004],[99.32499161800007,19.391462285000046],[99.32547070600003,19.39409535300007],[99.32306380600005,19.396533159000057],[99.32489857600007,19.39746279800005],[99.32755466000003,19.396128735000048],[99.32879709200006,19.398248205000073],[99.33057345100008,19.398421119000034],[99.32963101900003,19.400805932000026],[99.32616772800009,19.401341342000023],[99.32306240700007,19.403805470000066],[99.32218760900008,19.406469990000062],[99.32054780700008,19.40611142000006],[99.31944761100004,19.407540435000044],[99.31870865700006,19.41411739600005],[99.31491150900007,19.41855376600006],[99.31510216100008,19.42380019600006],[99.30805949300009,19.430956284000047],[99.31133425900003,19.432344786000044],[99.31072639900003,19.435995717000026],[99.31205932900008,19.43594074400005],[99.31222271400009,19.44090016000007],[99.31354921800005,19.440722659000073],[99.31434352300005,19.451708694000047],[99.31865726700005,19.454788665000024],[99.31663721300004,19.455779493000023],[99.31056199500006,19.471315778000076],[99.30539680700008,19.474619996000058],[99.30587042600007,19.47752152100003],[99.30757928100007,19.478662889000077],[99.30651972200008,19.48234575300006],[99.30781077300009,19.483193937000067],[99.30784392400005,19.48882571400003],[99.30616799400008,19.489596618000064],[99.29867810000007,19.48701170000004],[99.29451156200008,19.49518585000004],[99.29498636800008,19.499606456000038],[99.29919222600006,19.507614551000074],[99.29928905800006,19.512610128000063],[99.30178190000004,19.51740863400005],[99.30704286600007,19.52121579100003],[99.30396848300006,19.522829656000056],[99.30592191400007,19.526628274000075],[99.30972103500005,19.526933132000067],[99.31229512100003,19.529001950000065],[99.31335182400005,19.53489804700007],[99.31714118600007,19.534424855000054],[99.31896462800006,19.535987387000034],[99.32245868700005,19.53501152900003],[99.32599403000006,19.539399118000063],[99.32173100100005,19.540229459000045],[99.32153339100006,19.542373488000067],[99.32019271700005,19.542073525000035],[99.32042070200004,19.545855501000062],[99.31942630200007,19.548259849000033],[99.31712599700006,19.54910978600003],[99.31795884600007,19.551673322000056],[99.31678899000008,19.55461669600004],[99.31531169100003,19.555642057000057],[99.31242400600007,19.554587303000062],[99.31049463100004,19.556078181000032],[99.31020028600005,19.55385299200003],[99.30765623600007,19.55408834900004],[99.29955414200003,19.561350452000056],[99.29700366200007,19.561175336000076],[99.29837288100003,19.56298787700007],[99.29469235400006,19.567690036000045],[99.29515801400004,19.570782958000052],[99.27172568700007,19.570276659000058],[99.25670138900006,19.563115856000024],[99.24382734000005,19.560886006000032],[99.22757465300003,19.573226600000055],[99.22387298700005,19.571356753000032],[99.21994417100007,19.572406365000063],[99.20959201800008,19.571298956000078],[99.20753549700004,19.572864793000065],[99.20899283800009,19.577365873000076],[99.20464100600003,19.57965976500003],[99.20054009300009,19.578952924000077],[99.19676115100003,19.58141561900004],[99.19280768000004,19.58152623700005],[99.17804066500008,19.57364657000005],[99.16571278700007,19.571408849000022],[99.16519934000007,19.57827747700003],[99.15936037600005,19.582775801000025],[99.14448667200008,19.57529246000007],[99.13949918900005,19.574428909000062],[99.13593834600005,19.57097314400005]]]}},{"type":"Feature","properties":{"shapeName":"Thoeng","shapeISO":"","shapeID":"78962969B30724272776962","shapeGroup":"THA","shapeType":"ADM2"},"geometry":{"type":"Polygon","coordinates":[[[100.25246496900007,19.634918067000058],[100.25392765800007,19.638437699000065],[100.25303508500008,19.641747018000046],[100.25678975200003,19.642597815000045],[100.25729771400006,19.645044470000073],[100.26135404300004,19.64506740400003],[100.26206289900006,19.646524190000036],[100.26015866100005,19.64767654900004],[100.26131124500006,19.648885164000035],[100.26616393600005,19.646877336000045],[100.26734151800008,19.64188712600003],[100.26948823300006,19.641598264000038],[100.26906240200003,19.646821945000056],[100.27370988200005,19.645643608000057],[100.27573225900005,19.650602049000042],[100.28029296700004,19.652035220000073],[100.28091684400005,19.646665823000035],[100.28351648700004,19.643584134000037],[100.28624192000007,19.644797105000066],[100.29041423100006,19.642687460000047],[100.29384241800005,19.645688981000035],[100.29952785000006,19.645080762000077],[100.30113626000008,19.646878209000022],[100.30396966800004,19.644030333000046],[100.30560913400006,19.645967798000072],[100.31106454200005,19.64610261300004],[100.31337976900005,19.64986904600005],[100.31378646900004,19.648710248000043],[100.31778680200006,19.64979644700003],[100.31964714200006,19.656777946000034],[100.32732068100006,19.668124056000067],[100.33145598100003,19.679421328000046],[100.33503290500005,19.683584951000057],[100.34156289700007,19.687768575000064],[100.33368953000007,19.702631378000035],[100.33696413100006,19.708644771000024],[100.35150339400008,19.715130001000034],[100.35633252700006,19.71167163800004],[100.36077354500009,19.715936526000064],[100.37377097900008,19.70795675000005],[100.38520486100003,19.71021833900005],[100.38963253300005,19.715093860000025],[100.39015882200005,19.721302942000023],[100.39611320600005,19.728823032000037],[100.40451211700008,19.731895992000034],[100.40657643800006,19.73606207800003],[100.40460109100007,19.74163965400004],[100.40414762900008,19.75269501500003],[100.41541337000007,19.780679132000046],[100.41810479600008,19.78398036300007],[100.42780483400009,19.787472784000045],[100.43336647200005,19.787533160000066],[100.43859376200004,19.79132153100005],[100.44315882200004,19.80550535800006],[100.44100881000008,19.80883842000003],[100.44402843500006,19.815594566000073],[100.44435897100004,19.82200199600004],[100.44883835000007,19.826498810000032],[100.44290144700005,19.835310626000023],[100.43372519700006,19.832766591000052],[100.41533905500006,19.83464424400006],[100.40894192400003,19.838710006000042],[100.39956354800006,19.84908659900003],[100.38555819000004,19.852728375000027],[100.37872166300008,19.85204458800007],[100.37296588800007,19.853157642000042],[100.36569978600005,19.862791265000055],[100.36022769200008,19.86603023300006],[100.35650519200004,19.870800166000038],[100.34248123800006,19.873537030000023],[100.33921908600007,19.867345068000077],[100.33335881300007,19.863469293000037],[100.33255570400007,19.85358073200007],[100.32725285100008,19.847913859000073],[100.32650023300005,19.844271211000034],[100.31180909200003,19.81779311300005],[100.30692400700008,19.81522197000004],[100.30231749900008,19.807223323000073],[100.29157085700007,19.800866085000052],[100.27726043200005,19.786262536000038],[100.27380693400005,19.78092010100005],[100.26608722000003,19.781637792000026],[100.26296429700005,19.77972987000004],[100.25616566500008,19.771749317000058],[100.25532876600005,19.76264472400004],[100.24635864300006,19.766038525000056],[100.23483114500004,19.767663538000022],[100.22961874800006,19.767962729000033],[100.22460393000006,19.76542614400006],[100.21396714800005,19.766642344000047],[100.20846369900005,19.768803297000034],[100.20382863200007,19.77505597100003],[100.20306974000005,19.778907080000067],[100.19849078400006,19.778909413000065],[100.19656920600005,19.78045185800005],[100.19783493600005,19.781014379000055],[100.19682315900008,19.782427366000036],[100.19316821700005,19.783668529000067],[100.19436911400004,19.787449259000027],[100.19062111200009,19.789734810000027],[100.18988836100004,19.792242437000027],[100.18569446200007,19.791928150000047],[100.18468807200009,19.795890788000065],[100.18146084900008,19.793386331000022],[100.17989620700007,19.794365475000063],[100.17893890800008,19.79729359600003],[100.17653183600004,19.798608897000065],[100.17878729100005,19.805936990000077],[100.17399668800005,19.805172725000034],[100.17358544400008,19.807332177000035],[100.16948590600003,19.809072446000073],[100.16973849300007,19.804422008000074],[100.16634037100005,19.80136764200006],[100.16836168500004,19.801656061000074],[100.17092618100008,19.799079947000052],[100.16985223900008,19.797789349000027],[100.16733935500008,19.79963222300006],[100.16569712600005,19.798643552000044],[100.16627582100006,19.797340769000073],[100.17223878400006,19.79564706800005],[100.17099350600006,19.794344977000037],[100.16768096900006,19.795515230000035],[100.16621490300008,19.794686915000057],[100.17012195600006,19.793370805000052],[100.16715807800006,19.793263661000026],[100.16666073400006,19.791662828000028],[100.16851368100004,19.79076081900007],[100.16893814100007,19.788071459000037],[100.17115188400004,19.787640477000025],[100.16875622600008,19.78585563400003],[100.17256040500007,19.784565787000076],[100.17001510900008,19.783179826000037],[100.17015783900007,19.781863764000036],[100.17253414800007,19.783646481000062],[100.17320214900008,19.78240585700007],[100.17257518400004,19.780357782000067],[100.16862359400005,19.779203600000073],[100.17131170000005,19.77745228400005],[100.16989083100003,19.777773668000066],[100.17008648700005,19.775860288000047],[100.16824818700007,19.77544834200006],[100.16987565600004,19.773564321000038],[100.16771370100008,19.771625568000047],[100.16929898800004,19.771059595000054],[100.16808663800003,19.76840597000006],[100.16671438600008,19.768559776000075],[100.16655258400004,19.766402691000053],[100.16897671100008,19.763825479000047],[100.16735355200007,19.762728980000077],[100.16872731500007,19.761565905000054],[100.16710161900005,19.760930617000042],[100.16807924900007,19.758952961000034],[100.16641347500007,19.758004491000065],[100.16596862500006,19.755254576000027],[100.16295853000008,19.755823410000062],[100.16028778600008,19.750636171000053],[100.16315561600004,19.743478319000076],[100.16478690400004,19.74372750200007],[100.16418721700006,19.73822855900005],[100.16709656300009,19.735678501000052],[100.16788005300003,19.729514921000032],[100.16645949700006,19.728876462000073],[100.16711005600007,19.727346546000035],[100.16536424500003,19.726394110000058],[100.16448600400008,19.72188628400005],[100.16315862600004,19.722164891000034],[100.15872655200008,19.717001838000044],[100.16044357300007,19.71230621500007],[100.15948998700009,19.710220786000036],[100.15516981300004,19.712270972000056],[100.15254205600007,19.709292161000064],[100.14951294000008,19.710323876000075],[100.14354008500004,19.708850991000077],[100.13594624100006,19.71324336500004],[100.13445975000008,19.711594836000074],[100.12993611400003,19.711533922000058],[100.11524495400005,19.716985469000065],[100.10014708200003,19.71564350400007],[100.09756890600005,19.71643648500003],[100.09731892500008,19.71789822200003],[100.09155485900004,19.717676280000035],[100.08786777200004,19.719605028000046],[100.08187428500008,19.71901961800006],[100.08083775800009,19.721447795000074],[100.07790583700006,19.722247485000025],[100.07667543700006,19.720635793000042],[100.07263082800006,19.72458756700007],[100.07229452000007,19.728993697000078],[100.07659290500004,19.733376299000042],[100.07150019600004,19.73611525700005],[100.07097012300005,19.738785670000027],[100.06738139900006,19.741802352000036],[100.05325828300005,19.741209278000042],[100.04639113800005,19.745406149000075],[100.04130986900009,19.74522320600005],[100.03556863600005,19.74311892700007],[100.03229176500008,19.743373726000073],[100.02930231200008,19.739696912000056],[100.02825930900008,19.734770860000026],[100.02523349300009,19.731663309000055],[100.02318565300004,19.728208774000052],[100.01623210200006,19.72447842100007],[100.01490278500006,19.719575432000056],[100.01101586200008,19.717123612000023],[100.01037926900005,19.71289807200003],[100.00694046500007,19.70953262000006],[100.01015373500007,19.704381823000062],[100.00868276900007,19.695049293000068],[100.00597985200005,19.693639937000057],[100.00293623700009,19.685541168000043],[100.00471131000006,19.677986257000043],[100.00425475900005,19.67299174300007],[100.00612705900005,19.66996256500005],[100.00226027600007,19.664148431000058],[99.99792314900009,19.661778135000077],[99.99319813900007,19.65589531200004],[99.98874561400004,19.646879565000063],[99.98480333700007,19.645206135000024],[99.98194538600006,19.647400510000068],[99.97503022400008,19.648633766000046],[99.97123832400007,19.646688708000056],[99.96795595300006,19.647662828000023],[99.96167818500004,19.644541102000062],[99.95790332200005,19.646757767000054],[99.95500789900007,19.64545141900004],[99.95915226600005,19.642022206000036],[99.96017262900006,19.637287034000053],[99.95897351600007,19.635686242000077],[99.96015159600006,19.63140325100005],[99.95724036400009,19.62841317300007],[99.95855922100009,19.628247901000066],[99.95726111100004,19.626849071000038],[99.95807535000006,19.625423544000057],[99.95271834900007,19.624166912000078],[99.95030979000006,19.627054558000054],[99.93927886000006,19.625137599000027],[99.93636960300006,19.626063171000055],[99.92721316400008,19.622672169000055],[99.92855863200003,19.620696770000052],[99.93059075100007,19.621549361000064],[99.93098235700006,19.623429302000034],[99.93182685400006,19.621084406000023],[99.93341769100005,19.621390113000075],[99.93480775100005,19.619806236000045],[99.93562014500009,19.621236846000045],[99.93723784800005,19.619721820000052],[99.93856256400005,19.62270131500003],[99.93759654200005,19.62459259900004],[99.94378668300004,19.62387478200003],[99.94612728100009,19.625552131000063],[99.94851803400007,19.62298453300002],[99.95035067000003,19.622921466000037],[99.95158903400005,19.61907296000004],[99.95401895100008,19.619825826000067],[99.95596081300005,19.617825354000047],[99.95477096500008,19.61679748100005],[99.95633202600004,19.61706583800003],[99.95757651400004,19.615045708000025],[99.95500939800007,19.613369154000054],[99.95732904900007,19.612777879000078],[99.95660297900008,19.60935234300007],[99.95828036300009,19.609515014000067],[99.95829416500004,19.610805923000044],[99.95913650500006,19.60952796500004],[99.95701233100004,19.604255339000076],[99.95854593100006,19.604526890000045],[99.95699004400007,19.602715799000066],[99.95796849300007,19.601327886000036],[99.95675577100008,19.601270372000045],[99.95792913300005,19.59978880400007],[99.95553976000008,19.599539631000027],[99.95466477000008,19.596300976000066],[99.95322955200004,19.595846659000074],[99.95387125800005,19.591829474000065],[99.95086675500005,19.59111120600005],[99.95045536800006,19.582399568000028],[99.95345455500006,19.578269028000022],[99.95191945000005,19.575746510000045],[99.96067069600008,19.573893618000056],[99.96413360700006,19.569836464000048],[99.97128948200003,19.571580921000077],[99.97224621600009,19.56927538800005],[99.97307579800008,19.57045632200004],[99.97455362600004,19.569433425000057],[99.97429296400009,19.571562030000052],[99.97808260100004,19.570311959000037],[99.97853077400003,19.571663154000078],[99.97965414000004,19.568111869000063],[99.98238296100004,19.567660529000023],[99.98428727600003,19.579915697000047],[99.98346152600004,19.584658708000063],[99.98580092800006,19.58825901700004],[99.99274088200008,19.588479903000064],[99.99672644800006,19.591914776000067],[100.00077017400008,19.59125299300007],[100.00429288700008,19.58853743000003],[100.00446394800008,19.581189128000062],[100.01131090400008,19.56261383700007],[100.01780352400004,19.56162418400004],[100.02013692500009,19.559037239000077],[100.01872078600007,19.54832118400003],[100.02151812100004,19.546201821000068],[100.02218075200005,19.542263168000034],[100.02655786400004,19.53817970800003],[100.03563310700008,19.534069291000037],[100.03821704500007,19.53402971500003],[100.04029996200006,19.537276188000078],[100.04302602100006,19.537681184000064],[100.04615887300008,19.53504806500007],[100.04566191200007,19.532188459000054],[100.04780070700008,19.526541844000064],[100.05520412100009,19.52240716800003],[100.05458391400003,19.519342074000065],[100.05755170800006,19.514152480000064],[100.06178078400006,19.510300063000045],[100.06566084600007,19.51025696800008],[100.06693178500007,19.51469290700004],[100.06661232100004,19.52565768200003],[100.06971172800007,19.531928364000066],[100.06784824100004,19.540270543000076],[100.08365090400008,19.55219863900004],[100.09576931400005,19.55316930300006],[100.09840410000004,19.554518259000076],[100.15363235500007,19.545675752000022],[100.15839961900008,19.545023013000048],[100.15928275300007,19.54262613000003],[100.16207094700007,19.542610411000055],[100.16376708800004,19.54718600500007],[100.16217039800006,19.551231530000052],[100.16582677200006,19.551668551000034],[100.16442803200005,19.55354544100004],[100.16545978800008,19.55581465000006],[100.16305650800007,19.555235682000045],[100.16219781100006,19.55638288600005],[100.16390119400006,19.559098318000053],[100.16626422400009,19.557452665000028],[100.16668719600005,19.56060890400005],[100.16480245000008,19.56262709300006],[100.16870649000003,19.565583625000045],[100.16519167000007,19.56565693300007],[100.16383559800005,19.569057610000073],[100.16203536700004,19.568502269000078],[100.16416051300007,19.572789354000065],[100.16225543700006,19.573897275000036],[100.16278718600006,19.57555318900006],[100.16491726400005,19.57572190600007],[100.16643198300005,19.573863651000067],[100.16885302700007,19.575570262000042],[100.16651196700008,19.580067944000064],[100.16813112000006,19.582928622000054],[100.16520647300007,19.58336085700006],[100.16464823600006,19.584819425000035],[100.16781371200005,19.58786094000004],[100.16888205600009,19.58632645600005],[100.17011713000005,19.58704879100003],[100.16670931800007,19.591220664000048],[100.17159172300006,19.593103798000072],[100.17087415000003,19.59593638700005],[100.17354055900006,19.598157491000052],[100.16980773600005,19.59913025800006],[100.16781259900006,19.601902513000027],[100.17016609900008,19.60359946400007],[100.17166666100007,19.602846813000042],[100.17209761900006,19.605334293000055],[100.17611597000007,19.60827970200006],[100.17447286400005,19.609173531000067],[100.17590429600006,19.610754620000023],[100.17439954800005,19.611241567000036],[100.17594267600003,19.611761025000078],[100.17890150800008,19.609309921000033],[100.17934193800005,19.61338146500003],[100.18083464500006,19.61230190400005],[100.18400767300005,19.61384670700005],[100.18714575200005,19.60966232900006],[100.19500408200008,19.608973794000065],[100.20370907500006,19.610563426000056],[100.20765578400005,19.60727927000005],[100.21398441800005,19.608135420000053],[100.21896503900007,19.611003785000037],[100.22993046700009,19.605788725000025],[100.23434128300005,19.610764172000074],[100.23531793700005,19.61629567400007],[100.23788682000009,19.61814511600005],[100.23794767800007,19.622243747000027],[100.23988231200008,19.625996263000047],[100.24440823700007,19.62968420800007],[100.24700119100004,19.634414009000068],[100.25246496900007,19.634918067000058]]]}},{"type":"Feature","properties":{"shapeName":"Wiang Chai","shapeISO":"","shapeID":"78962969B32400228790118","shapeGroup":"THA","shapeType":"ADM2"},"geometry":{"type":"Polygon","coordinates":[[[100.02523349300009,19.731663309000055],[100.02825930900008,19.734770860000026],[100.02930231200008,19.739696912000056],[100.03229176500008,19.743373726000073],[100.03556863600005,19.74311892700007],[100.04130986900009,19.74522320600005],[100.04362747800008,19.754204250000043],[100.04827620400005,19.762087930000064],[100.04919345600007,19.77714967000003],[100.05382628900009,19.781969350000054],[100.05116193700007,19.784528069000032],[100.05408899100007,19.786922164000032],[100.05170311600006,19.789519776000077],[100.05359552700008,19.791944255000033],[100.05393565700007,19.80036959800003],[100.05798242100008,19.801911492000045],[100.07075128300005,19.797793674000047],[100.07016647400008,19.80634665200006],[100.07504832500007,19.81723988500005],[100.07193947500008,19.822855616000027],[100.08366201600006,19.831121637000024],[100.08357339300005,19.83556373500005],[100.08977893000008,19.844760894000046],[100.08603575600006,19.848779941000032],[100.09006267700005,19.852954417000035],[100.09116269600008,19.861543333000043],[100.08873195000007,19.867906224000023],[100.08622193100007,19.86894019500005],[100.08354081800007,19.87313232200006],[100.09106001100008,19.88018720900004],[100.09242502100005,19.900364574000037],[100.09837776100005,19.904535314000043],[100.09887908300004,19.906344130000036],[100.09479109700004,19.916240600000037],[100.08998248500006,19.918433734000075],[100.08776076000004,19.926561652000032],[100.08383697300007,19.92949989500005],[100.08557459200006,19.933728898000027],[100.08986713600007,19.93823817400005],[100.09555582900003,19.940709128000037],[100.09238,19.949006605000022],[100.08921719900007,19.950439494000022],[100.08368339700007,19.946725283000035],[100.07747770800006,19.944889001000035],[100.06343568300008,19.94789494300005],[100.06150698100004,19.94276663000005],[100.05964922600003,19.94153873600004],[100.05576790700007,19.941541744000062],[100.05235401200008,19.94332922800004],[100.04825997300009,19.939023132000045],[100.04071709200008,19.93871609000007],[100.03939279000008,19.927841670000078],[100.02777995800005,19.924186443000053],[100.01262959500008,19.913873310000042],[100.00923766900007,19.916294572000027],[99.99855619200008,19.917160531000036],[99.99732656900005,19.917660710000064],[99.99839866800005,19.923139106000065],[99.98912054900006,19.926628443000027],[99.98950009900005,19.931900253000038],[99.98622817100005,19.93672719800003],[99.98773018400004,19.938507221000066],[99.98611157400006,19.93928666100004],[99.98728356700008,19.942133978000072],[99.98600189500007,19.94208728500007],[99.98437550600005,19.946021049000024],[99.98177977200004,19.944515366000076],[99.97919445500008,19.946678229000042],[99.97942744900007,19.963315978000026],[99.98384332400008,19.966762145000075],[99.98389895100007,19.968198431000076],[99.98188643400005,19.96881602800005],[99.98380422600007,19.971297728000025],[99.98245784600005,19.97453961800005],[99.98545165800004,19.973933524000074],[99.98669100200004,19.97811061500005],[99.98547083000005,19.97920655000007],[99.98684847200008,19.980153726000026],[99.98659840700009,19.98217531800003],[99.98415444100004,19.984376946000054],[99.98578915100006,19.98723946900003],[99.98312899200005,19.992731696000078],[99.98024381400006,19.987864510000065],[99.97279308500003,19.98604584000003],[99.96970028800007,19.983758126000055],[99.96955052700008,19.980980876000046],[99.97410410000003,19.976219222000054],[99.96624567200007,19.973850362000064],[99.96141525400009,19.965631637000058],[99.95309860600008,19.961218175000056],[99.94488843200008,19.960250933000054],[99.93706568500005,19.956180964000055],[99.93276627400007,19.952233501000023],[99.92984969300005,19.946350048000056],[99.92537136100003,19.945736011000065],[99.92129351200003,19.947020683000062],[99.91689409500003,19.93906774000004],[99.90957460800007,19.935837434000064],[99.90605114200008,19.93122155100008],[99.90024761400008,19.92939303000003],[99.89841535700003,19.924313014000063],[99.90000352700008,19.92251268600006],[99.89818939200006,19.919271192000053],[99.89956094900003,19.91679342900005],[99.89539626000004,19.914778828000067],[99.89301915600004,19.915189816000066],[99.89169530000004,19.912285729000075],[99.89535380700005,19.907884956000032],[99.89052977900008,19.896876018000057],[99.88322167700005,19.895256868000047],[99.88213997900004,19.897007312000028],[99.87869372600005,19.895454596000036],[99.87798627700005,19.89664780000004],[99.87481791800008,19.893557419000047],[99.86753468900008,19.890980512000056],[99.86346684200004,19.886501027000065],[99.86438788800007,19.882031237000035],[99.86175066900006,19.881632789000037],[99.85971685000004,19.879423323000026],[99.85768991600008,19.869969447000074],[99.86157251300006,19.870121066000024],[99.85912065900004,19.867711049000036],[99.85908083300006,19.865372403000038],[99.86926516500006,19.85942075300005],[99.87466786000005,19.859174030000077],[99.87933655600006,19.86074009600003],[99.88591172200006,19.859588229000053],[99.89488431100006,19.843559739000057],[99.90138466100007,19.838945701000057],[99.91036470900008,19.83614513400005],[99.92111388700005,19.836709058000054],[99.92775995200009,19.83249569000003],[99.93335517900005,19.825702078000063],[99.93793599700007,19.82586689900006],[99.94097413800006,19.819451618000073],[99.94019928800009,19.817084803000057],[99.93806840900004,19.81633338200004],[99.93904651900004,19.80704380900005],[99.94362690600008,19.801668533000054],[99.94621967600006,19.794741552000062],[99.95283693800008,19.79290104100005],[99.95943565900006,19.79468664700005],[99.96172893700003,19.792897735000054],[99.96339133000004,19.794066216000033],[99.96609885900006,19.79244960400007],[99.96677811600006,19.79385430800005],[99.98189082800008,19.798892572000057],[99.99104377900005,19.79532888500006],[99.99368017600005,19.790027636000048],[99.99351142000006,19.78150697600006],[99.99875241400008,19.77904601000006],[99.99844114900009,19.776615975000027],[100.00294871900007,19.772818518000065],[100.00409191600005,19.767174882000063],[100.00636815800004,19.76438515800004],[100.00306970700007,19.75798497100004],[100.00834714900009,19.748294414000043],[100.00943473200005,19.74328275700003],[100.01297392300006,19.739412279000078],[100.01928528600007,19.73656178300007],[100.02523349300009,19.731663309000055]]]}},{"type":"Feature","properties":{"shapeName":"Wiang Chiang Rung","shapeISO":"","shapeID":"78962969B94176504634652","shapeGroup":"THA","shapeType":"ADM2"},"geometry":{"type":"Polygon","coordinates":[[[100.20713587700004,20.070714744000043],[100.20018551100009,20.068115384000066],[100.19714961800008,20.068613768000034],[100.19795911200004,20.072709746000044],[100.19634690800007,20.07589339900005],[100.18901595900007,20.072711111000046],[100.18826873600005,20.069644650000043],[100.17601011600004,20.064520925000068],[100.16771642000003,20.068012844000066],[100.16340495900005,20.07176075800004],[100.15890091000006,20.07255187900006],[100.15860864700005,20.076060882000036],[100.15664864100006,20.07789913000005],[100.15827442200003,20.07977547400003],[100.15363805600003,20.08317198700007],[100.13639311200006,20.08667033000006],[100.12376296500008,20.091121873000077],[100.11736976600008,20.087165386000038],[100.11455709300009,20.08090241000008],[100.10029773100007,20.07548463300003],[100.08959834600006,20.06886494400004],[100.08355299900006,20.07136102900006],[100.07887420300005,20.069897740000044],[100.07018804300009,20.07395666900004],[100.05570682700005,20.064217300000053],[100.05172938500004,20.05385271700004],[100.04914303400005,20.051832785000045],[100.03970121100008,20.058042933000024],[100.03109612100008,20.060999224000057],[100.03145913300006,20.07612374300004],[100.03389613800005,20.08572322200007],[100.03197838900007,20.091740910000055],[100.02246284900008,20.093789555000058],[100.01570779600007,20.097664097000063],[100.01524120100004,20.106889915000068],[100.01039324900006,20.110836835000043],[100.00837154400006,20.10752695000002],[100.00843626600005,20.093298548000064],[100.00510618500005,20.091388660000064],[99.99933257700008,20.092726355000025],[99.99769527500007,20.091672405000054],[100.00000937300007,20.082640748000074],[99.99892488800003,20.080127513000036],[99.99327907700007,20.07777978100006],[99.98491197500005,20.081541488000028],[99.97886975300008,20.081154411000057],[99.97608462500006,20.078506119000053],[99.97299031000006,20.071131724000054],[99.97641574300008,20.065472272000022],[99.97087877300004,20.063482100000044],[99.96952609800007,20.06049190600004],[99.96291927200008,20.06365786400005],[99.96019895000006,20.062861621000025],[99.95891885900005,20.06022899000004],[99.96014288700007,20.056211361000067],[99.96338704200008,20.05336242800007],[99.97293135300004,20.05616707400003],[99.97597381100007,20.053755633000037],[99.97517015200003,20.050200568000037],[99.96926041500006,20.04552882300004],[99.96877243500006,20.041191146000074],[99.96346860100005,20.03285809600004],[99.95954610700005,20.02184273200004],[99.96627235300008,20.018054982000024],[99.97392068200008,20.016437472000064],[99.97457533300008,20.00668365200005],[99.98178693400007,19.996960261000027],[99.98312899200005,19.992731696000078],[99.98578915100006,19.98723946900003],[99.98415444100004,19.984376946000054],[99.98659840700009,19.98217531800003],[99.98684847200008,19.980153726000026],[99.98547083000005,19.97920655000007],[99.98669100200004,19.97811061500005],[99.98545165800004,19.973933524000074],[99.98245784600005,19.97453961800005],[99.98380422600007,19.971297728000025],[99.98188643400005,19.96881602800005],[99.98389895100007,19.968198431000076],[99.98384332400008,19.966762145000075],[99.97942744900007,19.963315978000026],[99.97919445500008,19.946678229000042],[99.98177977200004,19.944515366000076],[99.98437550600005,19.946021049000024],[99.98600189500007,19.94208728500007],[99.98728356700008,19.942133978000072],[99.98611157400006,19.93928666100004],[99.98773018400004,19.938507221000066],[99.98622817100005,19.93672719800003],[99.98950009900005,19.931900253000038],[99.98912054900006,19.926628443000027],[99.99839866800005,19.923139106000065],[99.99732656900005,19.917660710000064],[99.99855619200008,19.917160531000036],[100.00923766900007,19.916294572000027],[100.01262959500008,19.913873310000042],[100.02777995800005,19.924186443000053],[100.03939279000008,19.927841670000078],[100.04071709200008,19.93871609000007],[100.04825997300009,19.939023132000045],[100.05235401200008,19.94332922800004],[100.05576790700007,19.941541744000062],[100.05964922600003,19.94153873600004],[100.06150698100004,19.94276663000005],[100.06343568300008,19.94789494300005],[100.07747770800006,19.944889001000035],[100.08368339700007,19.946725283000035],[100.08921719900007,19.950439494000022],[100.09238,19.949006605000022],[100.10202570700005,19.959365604000027],[100.10517838300007,19.967399116000024],[100.11069692100006,19.971857948000036],[100.11358166900004,19.977154873000075],[100.11881652200003,19.980994619000057],[100.11701846700004,19.984163377000073],[100.11115505300006,19.98609738400006],[100.11085692000006,19.988450297000043],[100.11308452500003,19.993473008000024],[100.11824556600004,19.993909656000028],[100.11801210900006,20.004701813000054],[100.12076556300008,20.00910243900006],[100.12986087200005,20.008527654000034],[100.13628227400005,20.01124783100005],[100.13631068500007,20.016934650000053],[100.14005474900006,20.024136827000063],[100.14773284900008,20.030314685000064],[100.15794597200005,20.034536872000047],[100.18367777300006,20.039801776000047],[100.19402298000006,20.044572897000023],[100.19992841600003,20.051103839000064],[100.20425931500006,20.055758654000044],[100.20132147800007,20.060274341000024],[100.20169435700006,20.065104932000054],[100.20713587700004,20.070714744000043]]]}},{"type":"Feature","properties":{"shapeName":"Wiang Pa Pao","shapeISO":"","shapeID":"78962969B36758186979365","shapeGroup":"THA","shapeType":"ADM2"},"geometry":{"type":"Polygon","coordinates":[[[99.40180343500003,19.00014822000003],[99.40756839500006,19.002399084000047],[99.42173367000004,19.00279602200004],[99.42356303300005,19.005890331000046],[99.42744576600006,19.00837383100003],[99.43615631700004,19.007866971000055],[99.43785599800003,19.013364928000044],[99.44424047500007,19.01813554200004],[99.44437367700004,19.02068446000004],[99.45295421500003,19.02910428000007],[99.45679679100004,19.030141968000066],[99.46147997900005,19.03517992700006],[99.46481187100005,19.035543936000067],[99.46797783900007,19.04149592400006],[99.47160354000005,19.04418980500003],[99.47543731000007,19.05009059500003],[99.47665917000006,19.05575794300006],[99.47906014400007,19.05807016700004],[99.48361586100003,19.071809339000026],[99.49171222500007,19.073875056000077],[99.49444803800009,19.077724283000066],[99.49909613300008,19.074795852000022],[99.50360443500006,19.078266565000035],[99.51475926600006,19.07708757000006],[99.51787659800004,19.080611008000062],[99.52051569100007,19.075780863000034],[99.52560412800005,19.076851488000045],[99.52911161900005,19.076451947000066],[99.53092289200004,19.08100227700004],[99.53501244600005,19.085013287000038],[99.53828155400004,19.086197757000036],[99.53624043000008,19.088352891000056],[99.53731223400007,19.091178606000028],[99.53473598600004,19.095190557000024],[99.53900821400003,19.101772596000046],[99.53693852400005,19.107105666000052],[99.53912539800007,19.111384731000044],[99.54461506800004,19.11454093800006],[99.55342510400004,19.122726037000064],[99.55352450600009,19.127749959000028],[99.55880655800007,19.130403255000033],[99.56034149900006,19.133735166000065],[99.56006284400007,19.143393158000038],[99.55259817400008,19.144911294000053],[99.55269274200003,19.148823209000057],[99.54968130500004,19.156403428000033],[99.54579433700007,19.160216585000057],[99.53940048900006,19.161641091000035],[99.53662880100006,19.16391737400005],[99.54206160800004,19.168233860000043],[99.54294868500006,19.18050360500007],[99.54585109500005,19.19092008800004],[99.54594739000004,19.19677248200003],[99.54141478300005,19.206285945000047],[99.54433826600007,19.209777001000077],[99.54513297400007,19.22148241000008],[99.54894793300008,19.224699721000036],[99.54765988900004,19.228880153000034],[99.54982828200008,19.236241908000068],[99.54713949200004,19.241233709000028],[99.54947268300003,19.248736894000047],[99.54835833100003,19.251267900000073],[99.55152861100004,19.256815605000043],[99.55932683500004,19.25708813400007],[99.55912844400007,19.25990273800005],[99.56220503100008,19.265768127000058],[99.56030244500005,19.268844672000057],[99.56048249700007,19.27287257000006],[99.56445232800007,19.283748627000023],[99.56886393800005,19.288098067000078],[99.57088121400005,19.293598761000055],[99.57794915300008,19.293854194000062],[99.57534669700004,19.30226942400003],[99.57657958300007,19.306368768000027],[99.58061043100008,19.311400192000065],[99.57720179000006,19.315734169000052],[99.57988515300008,19.32078647900005],[99.57604635800004,19.325760536000075],[99.58026713200007,19.331805814000063],[99.58116505600003,19.33778367000002],[99.57276055600005,19.346163502000024],[99.57834040900008,19.348585569000022],[99.58065909600003,19.35236744900004],[99.57981075800006,19.35807112400005],[99.57541869700003,19.362025264000067],[99.57603989600005,19.38925749300006],[99.57216323300008,19.392329478000022],[99.56340546000007,19.404304936000074],[99.56258651900004,19.41316736400006],[99.56537606200004,19.417657702000042],[99.56805353700008,19.426973708000048],[99.56576362600003,19.433237192000036],[99.56885928000008,19.442701063000072],[99.57303323600007,19.448320841000054],[99.57788685000008,19.450253583000062],[99.58593856400006,19.457085190000043],[99.58699176600004,19.466020937000053],[99.58254564100008,19.473729481000078],[99.56890809700008,19.474917164000033],[99.56574831500006,19.47305313000004],[99.56030217500006,19.473707310000066],[99.55647578700007,19.47185255100004],[99.54165678000004,19.469702065000035],[99.53441394000004,19.463834081000073],[99.52961558500004,19.46746415800004],[99.52321867200004,19.468182272000035],[99.51399741100005,19.464104010000028],[99.50175689400004,19.46453489000004],[99.49138154800005,19.46050410400005],[99.49000314000006,19.45827052800007],[99.48205513300007,19.464694939000026],[99.47898652500004,19.471410743000035],[99.47911860900007,19.474569891000044],[99.47508518100005,19.47812326600007],[99.47477918300007,19.481408157000033],[99.47039810100006,19.479385482000055],[99.46803497900004,19.484608155000046],[99.46606638400004,19.484061791000045],[99.46434979600008,19.486858006000034],[99.46258729800007,19.486429112000053],[99.46173964300004,19.492988097000023],[99.45468066000007,19.493526057000054],[99.45393881700005,19.49122654400003],[99.44985655000005,19.493254370000045],[99.44839482100008,19.492425567000055],[99.44798996600008,19.494887882000057],[99.44612710800004,19.495149006000076],[99.44341392600006,19.498451528000032],[99.44190212100006,19.496865746000026],[99.43949882300006,19.497035577000077],[99.43792850900007,19.49913866600002],[99.43012386600009,19.499762746000044],[99.42818998200005,19.505130181000027],[99.42219654200005,19.507149559000027],[99.41775471200003,19.503458417000047],[99.41452670900009,19.503448521000053],[99.41451220400006,19.506269246000045],[99.40688307600004,19.505671453000048],[99.40587819800004,19.508485747000066],[99.40342686400004,19.50801552100006],[99.40393928100008,19.510272771000075],[99.40013784200005,19.510250235000058],[99.39917345800006,19.512010299000053],[99.40135504300008,19.51170888200005],[99.40145138700007,19.512871166000025],[99.39842739400007,19.516638073000024],[99.39088837900005,19.514843163000023],[99.39125070700004,19.517001466000067],[99.38750831600004,19.518677706000062],[99.38585057900008,19.521097155000064],[99.38229234800008,19.519954892000044],[99.37562586000007,19.523021847000052],[99.37382688500008,19.53110157200007],[99.37030574200008,19.532496674000072],[99.36899645000005,19.531597358000056],[99.36596852700006,19.536799770000073],[99.36376663100003,19.535408838000023],[99.36149682700005,19.537289590000057],[99.35829132200007,19.537293335000072],[99.35667765400007,19.540141172000062],[99.34842831700007,19.539451273000054],[99.34475933500005,19.54087931500004],[99.34468841500006,19.543856697000024],[99.34114867100004,19.54283198400003],[99.34037344200004,19.544202632000065],[99.33598593900007,19.543446647000053],[99.33025128200006,19.53949028900007],[99.32680902300007,19.541051483000047],[99.32599403000006,19.539399118000063],[99.32245868700005,19.53501152900003],[99.31896462800006,19.535987387000034],[99.31714118600007,19.534424855000054],[99.31335182400005,19.53489804700007],[99.31229512100003,19.529001950000065],[99.30972103500005,19.526933132000067],[99.30592191400007,19.526628274000075],[99.30396848300006,19.522829656000056],[99.30704286600007,19.52121579100003],[99.30178190000004,19.51740863400005],[99.29928905800006,19.512610128000063],[99.29919222600006,19.507614551000074],[99.29498636800008,19.499606456000038],[99.29451156200008,19.49518585000004],[99.29867810000007,19.48701170000004],[99.30616799400008,19.489596618000064],[99.30784392400005,19.48882571400003],[99.30781077300009,19.483193937000067],[99.30651972200008,19.48234575300006],[99.30757928100007,19.478662889000077],[99.30587042600007,19.47752152100003],[99.30539680700008,19.474619996000058],[99.31056199500006,19.471315778000076],[99.31663721300004,19.455779493000023],[99.31865726700005,19.454788665000024],[99.31434352300005,19.451708694000047],[99.31354921800005,19.440722659000073],[99.31222271400009,19.44090016000007],[99.31205932900008,19.43594074400005],[99.31072639900003,19.435995717000026],[99.31133425900003,19.432344786000044],[99.30805949300009,19.430956284000047],[99.31510216100008,19.42380019600006],[99.31491150900007,19.41855376600006],[99.31870865700006,19.41411739600005],[99.31944761100004,19.407540435000044],[99.32054780700008,19.40611142000006],[99.32218760900008,19.406469990000062],[99.32306240700007,19.403805470000066],[99.32616772800009,19.401341342000023],[99.32963101900003,19.400805932000026],[99.33057345100008,19.398421119000034],[99.32879709200006,19.398248205000073],[99.32755466000003,19.396128735000048],[99.32489857600007,19.39746279800005],[99.32306380600005,19.396533159000057],[99.32547070600003,19.39409535300007],[99.32499161800007,19.391462285000046],[99.32675671800007,19.38895756100004],[99.32588714700006,19.38708263500007],[99.33083056600003,19.381773833000068],[99.32968477500003,19.38021070800005],[99.33202596800004,19.37814501200006],[99.32988860200004,19.364680168000064],[99.33272877900004,19.362286226000037],[99.33430137000005,19.352266462000046],[99.33412128100008,19.330488095000078],[99.33255374200007,19.327333687000078],[99.32776276900006,19.323699632000057],[99.32722734700008,19.319345775000045],[99.32958533000004,19.312769239000033],[99.33196091500008,19.31075515400005],[99.33285830000005,19.303341010000054],[99.33927017900004,19.298254927000073],[99.33684566400007,19.291354198000022],[99.33966826500006,19.288888102000044],[99.34022157100009,19.28597177300003],[99.33647500100005,19.28398219500008],[99.34137327100007,19.27644863000006],[99.33922109500008,19.274681309000073],[99.34297984300008,19.267836825000074],[99.34158231100008,19.265497262000054],[99.33846940600006,19.26488412300006],[99.33603950400004,19.26234561600006],[99.33760859500006,19.255606372000045],[99.33364094400008,19.251057287000037],[99.32931575900005,19.249577888000033],[99.32520849000008,19.245092487000022],[99.32125401600007,19.243701504000057],[99.32275325000006,19.24072039600003],[99.32218279400007,19.234143681000035],[99.31846253500004,19.231612358000064],[99.31703504900008,19.22823338300003],[99.31110694300008,19.224815282000066],[99.30999337100008,19.21882864500003],[99.31195818300006,19.216198189000067],[99.31095215500005,19.212959695000052],[99.31454850300008,19.20911439100007],[99.30893867900005,19.205127205000053],[99.30665440200005,19.194382998000037],[99.30362602100007,19.19304199100003],[99.30666533400006,19.188174436000054],[99.30451920500008,19.182931816000064],[99.30611712700005,19.176073145000032],[99.30999242700005,19.17276269200005],[99.31483144700007,19.171680234000064],[99.31943495600007,19.165241063000053],[99.31931121200006,19.155454604000056],[99.32299319900005,19.146794131000036],[99.32406684000006,19.13643068500005],[99.32273666100008,19.13421259100005],[99.31923382200006,19.13300074700004],[99.32107571400007,19.123614392000036],[99.32406742400008,19.122016161000033],[99.32512803500003,19.118941104000044],[99.32960087800006,19.117308855000033],[99.33004596200004,19.112990755000055],[99.33786703700008,19.10379243600005],[99.34065982600004,19.095649593000076],[99.34356808200005,19.09380728700006],[99.34446204200003,19.086302540000077],[99.35332592000003,19.08666753500006],[99.36445214100007,19.080038279000064],[99.36397177200007,19.073135832000048],[99.36548328000003,19.06923908400006],[99.38114029900004,19.06544473300005],[99.38378607400006,19.063104292000048],[99.38265538800005,19.05928773900007],[99.38513615500005,19.055202137000038],[99.38186646100007,19.05156362500003],[99.38131722500003,19.041902907000065],[99.38595101600004,19.03866653700004],[99.38944145400006,19.02039353600003],[99.39381546200008,19.02017613000004],[99.39529615700008,19.018394527000055],[99.39618981800004,19.007005880000065],[99.40180343500003,19.00014822000003]]]}}]}
