{"type":"FeatureCollection","features":[{"type":"Feature","properties":{"districtCode":"TH1201","provinceCode":"TH-12","nameTh":"อำเภอเมืองนนทบุรี","shapeName":"Mueang Nonthaburi","shapeISO":"TH1201","shapeID":"TH1201","shapeGroup":"THA","shapeType":"ADM2","labelPoint":[100.49313718,13.85236482]},"geometry":{"type":"Polygon","coordinates":[[[100.50033038700013,13.89420176800013],[100.50034740000001,13.894201322000129],[100.50036447600019,13.894201567000039],[100.50038168700013,13.894202520000022],[100.50039889400006,13.8942041090001],[100.50041607700012,13.894206274000169],[100.50043408400012,13.894209136000029],[100.50046996700013,13.894216113000027],[100.5004878520001,13.894220029000167],[100.50052353300015,13.894228425000108],[100.50057617300007,13.894242093],[100.50066150200007,13.894265699000186],[100.50069577699998,13.89427407300019],[100.50071300300016,13.894277602000045],[100.50072736900012,13.894280055000138],[100.50074177800013,13.894282034000014],[100.5007562180001,13.894283524000173],[100.50077067900014,13.894284458000072],[100.50078403500004,13.894284755000172],[100.50079737100003,13.89428447000006],[100.5008136840001,13.894283285000029],[100.50082994399997,13.89428130500005],[100.5008461220001,13.894278622000115],[100.50086220200018,13.8942753],[100.50087814300014,13.894271335000155],[100.50089303200008,13.894266978000019],[100.50090776700011,13.894262089000051],[100.50092235500011,13.894256745000177],[100.50093677500001,13.894250956000121],[100.50095101200009,13.894244722000167],[100.50096693800015,13.894237068000052],[100.50098260800019,13.89422889499997],[100.50099802000005,13.894220256999972],[100.50101316300015,13.89421116900013],[100.501028,13.894201605000035],[100.50104211600012,13.894191798],[100.50106962600012,13.894171129000028],[100.50110987100015,13.894138716999976],[100.50116256100006,13.894094369000072],[100.50118839800018,13.894071701000144],[100.50120109900007,13.894060154000158],[100.501213575,13.894048392000059],[100.50123771500006,13.894024199000114],[100.50127280600003,13.893986828000152],[100.50135340800011,13.893898375],[100.50138875800002,13.893860411000048],[100.50143771300009,13.893809335000071],[100.50152393000002,13.893720352000116],[100.50156108400012,13.893682363000096],[100.50158615300012,13.893657358000041],[100.50161181300012,13.893632985000067],[100.50162502000006,13.893621218000078],[100.50163781000003,13.89361047400007],[100.50165088200004,13.893600051000021],[100.50167770600012,13.89358009300014],[100.5016914320002,13.893570571000055],[100.50170538100002,13.893561412999986],[100.50171959500017,13.893552716999977],[100.50173258400008,13.893545406000044],[100.50174580700019,13.89353856300005],[100.50175926300005,13.893532221999976],[100.50177295500015,13.893526445000134],[100.50178629700014,13.893521516000021],[100.50179985900002,13.893517189000079],[100.50181362300009,13.893513501000143],[100.50183117400007,13.893509774999984],[100.50184895500018,13.89350686500012],[100.5018669050001,13.893504531000076],[100.50188497300013,13.893502602000012],[100.50192131600005,13.893499501000065],[100.50199426700016,13.893494080000039],[100.50203060500013,13.893490682000106],[100.50204865400013,13.893488497000021],[100.50206656600017,13.893485790000057],[100.50208429100013,13.893482346000155],[100.50210136600003,13.893478093000056],[100.50211816799998,13.89347298000007],[100.5021346650002,13.893467028000089],[100.50214979800012,13.893460694000112],[100.50216463600009,13.893453734000047],[100.5021791960001,13.893446258000154],[100.5021934520002,13.89343832000003],[100.50220735700003,13.893429928000046],[100.50222082800013,13.893421054000044],[100.50223375000013,13.89341161800013],[100.50224594600007,13.893401497000127],[100.50225719900004,13.893390501000056],[100.50226815500008,13.893377419000046],[100.50227803300015,13.893363369000156],[100.50228712700005,13.893348622000076],[100.5022956590002,13.893333369000175],[100.5023116590001,13.8933019320001],[100.50232688600005,13.893269839000027],[100.50237883600005,13.893156459000068],[100.50240138400017,13.893108078000068],[100.50241685400005,13.893076072999975],[100.50243307000011,13.893044500000144],[100.50244165400011,13.89302898200009],[100.50245026800013,13.893014350000158],[100.50245922000016,13.892999920000022],[100.50247787000012,13.892971504000116],[100.5024973240001,13.892943608000166],[100.50250735800006,13.892929889000186],[100.5025176370001,13.892916365000133],[100.50252822800019,13.892903093000086],[100.50253921800004,13.892890155000089],[100.50255145600016,13.892876786000102],[100.50256413900001,13.892863785000031],[100.5025903510001,13.892838509000057],[100.50261725400009,13.89281383000008],[100.50264457100013,13.89278955399999],[100.502672308,13.89276573300009],[100.50270068700013,13.892742685000144],[100.5027150470001,13.892731743000127],[100.502744317,13.892710525000155],[100.50277402000006,13.892689836000102],[100.50280396800008,13.892669448],[100.50284929200012,13.892639523000128],[100.50288000600017,13.892620462000025],[100.50289563800004,13.89261145900008],[100.50291103300015,13.892603227000109],[100.50292668000009,13.892595536000101],[100.50294260900012,13.892588458000091],[100.50295728300006,13.892582655000012],[100.50297215900002,13.8925773630001],[100.50298720700005,13.892572515000097],[100.50300238900007,13.892568078000181],[100.5030176960002,13.892564053000115],[100.50303310900011,13.892560473000174],[100.50304864700018,13.892557401999966],[100.50306652200015,13.892554590000088],[100.50308451500013,13.892552368999986],[100.50312072200018,13.892549110000175],[100.5031388920001,13.89254787699997],[100.50317529700015,13.892545958000085],[100.50321174600009,13.8925447310001],[100.50322997000018,13.892544451000049],[100.50326467000019,13.892544633000057],[100.50331670900016,13.89254591800011],[100.50340341100019,13.892549040000176],[100.50345540400014,13.892551270000183],[100.50350862400012,13.89255409500015],[100.50370602700019,13.892566887000157],[100.50375983800012,13.89256962200011],[100.50377775100009,13.892570126000123],[100.50379564100012,13.892570257000045],[100.5038134850002,13.892569881000043],[100.50382892500005,13.89256901900012],[100.50384431400016,13.89256764400011],[100.50385963400004,13.892565741000055],[100.50387485300013,13.892563262000124],[100.50389164500012,13.892559771000094],[100.50390830900005,13.892555642],[100.5039248670002,13.892551001000072],[100.50394132700012,13.89254593100003],[100.50395768300007,13.892540482000186],[100.50397403700015,13.892534650000073],[100.5039903070001,13.892528540000058],[100.504022658,13.892515760000094],[100.50407076200008,13.89249558500012],[100.50410241300011,13.892481344000089],[100.50411801600006,13.892473826000185],[100.5041333960001,13.89246592700016],[100.50414804600007,13.892457804000117],[100.50416245700012,13.8924492700001],[100.50417663400015,13.892440380000096],[100.50419058900013,13.892431141000088],[100.50420429400015,13.892421556000102],[100.50421846900014,13.892411029000016],[100.50423239700007,13.892400173000055],[100.50425971099997,13.892377768000017],[100.50428642500009,13.892354658999977],[100.50429954300012,13.892342855000095],[100.5043251190001,13.89231858300002],[100.504350139,13.892292635],[100.50437440700006,13.892265966000025],[100.50448137400014,13.892143868000062],[100.50450539700006,13.89211698500003],[100.50452986800008,13.892090518999964],[100.50455459300008,13.89206533000015],[100.50457953900019,13.892041371000175],[100.50466856500009,13.891959107000105],[100.50469367400012,13.89193527700013],[100.50470601200004,13.89192316499998],[100.50472974000007,13.891898845000128],[100.50475298100014,13.891874062000113],[100.50478724000004,13.891836342000033],[100.50480967300001,13.891810862000057],[100.50483155400013,13.89178496],[100.50485246200009,13.89175837700003],[100.50486249400006,13.891744804999973],[100.50488189700013,13.891717188000086],[100.5049004230001,13.891688996000084],[100.50490929000017,13.891674656000134],[100.50491838200003,13.891659181000023],[100.50493569000008,13.89162772700007],[100.50495194100006,13.891596076000042],[100.50498342200012,13.891533123000045],[100.50499165500014,13.891517674000113],[100.50500027300018,13.891502494000122],[100.50500943200012,13.891487719000054],[100.50501935500017,13.89147349000018],[100.50503032300014,13.891459827],[100.50504207900008,13.8914467460001],[100.50505443900005,13.891434127000025],[100.505067263,13.891421875000106],[100.50508045800012,13.89140995200006],[100.50509396700011,13.891398343999981],[100.50510778900019,13.891387092000116],[100.50512194200019,13.891376269000034],[100.50513648600014,13.891365993000079],[100.50515156100005,13.891356341000176],[100.505167046,13.891347347000135],[100.50518288700016,13.89133901200006],[100.50519908100011,13.891331382000146],[100.50521563900003,13.891324579000013],[100.50523248900004,13.89131874700007],[100.50524963500004,13.891313653],[100.50526700800015,13.891309082000078],[100.50528452600014,13.891304887],[100.50531981700016,13.89129713799997],[100.50539065300012,13.891282138000179],[100.50542570800013,13.89127405700009],[100.50546039400012,13.891265420000025],[100.50554674000017,13.891242564000095],[100.50577072700014,13.891181696000046],[100.50583986400011,13.891163852000147],[100.50587550300008,13.891155413999968],[100.50592911700011,13.891143379000141],[100.50617977700006,13.891088971999977],[100.50625133000005,13.891073170000084],[100.50630483000003,13.891060677000041],[100.5063401770002,13.891051757000184],[100.50642823600009,13.891028271000039],[100.50714945900017,13.890832239000133],[100.50727270200014,13.890799163000054],[100.50737999100005,13.890771718000053],[100.50820331700015,13.890564150999978],[100.50832852700006,13.89053227100004],[100.5084343050001,13.890504347000046],[100.50931521600006,13.890269367000144],[100.50942084200011,13.890240898000172],[100.50947362400018,13.890225989999976],[100.509561738,13.890199715000051],[100.51016008600016,13.890018256000019],[100.51021279800005,13.890002016000096],[100.5102478190002,13.889990870000076],[100.51026526500004,13.889985115000059],[100.51029656700018,13.889974237000047],[100.51038616300013,13.889941069000145],[100.5104546450001,13.88991609300001],[100.5108489390002,13.889773770000033],[100.51090050500005,13.889755617000048],[100.51093504500005,13.88974401500019],[100.51095240500007,13.889738498000156],[100.5109873900002,13.88972816400019],[100.51104021100002,13.889713713000162],[100.51126996500005,13.889653714000076],[100.51137612500014,13.88962652300006],[100.51141164300003,13.889617994000162],[100.51144693800006,13.889610105000088],[100.51153547900014,13.889591646000099],[100.51196102000011,13.889505285000155],[100.51204950400017,13.889486552000108],[100.512102519,13.889474351000047],[100.51215543200004,13.889461728000185],[100.5125255580001,13.889372143000116],[100.51257853100014,13.889359817000184],[100.51261396300004,13.889352112000154],[100.51266712699999,13.889341793000085],[100.51273824600014,13.889329115000123],[100.51311237900006,13.889265008000052],[100.51314786400008,13.889258299000119],[100.51316549700005,13.889254615000027],[100.51318302800013,13.889250585000013],[100.51320039300009,13.88924606500018],[100.51321535200015,13.889241622999975],[100.51323014800016,13.889236728000014],[100.51324477200012,13.889231412000129],[100.51325920800008,13.889225671000077],[100.51327341800015,13.889219464],[100.51328735300018,13.889212723000071],[100.51330565000018,13.889202653000154],[100.51332073300011,13.889193236000153],[100.51333546600017,13.889183215000116],[100.51336423700013,13.889162011000167],[100.5134064990001,13.889128718000165],[100.51347605900014,13.889071912000077],[100.51351723500017,13.889037177000148],[100.51354410800019,13.889013389000127],[100.51355745400002,13.88900100899997],[100.51360983100005,13.88895050200017],[100.51363621700006,13.88892568600005],[100.51364969400004,13.888913745000025],[100.51366349900019,13.888902334000079],[100.51367777700017,13.888891678999983],[100.51369123800009,13.88888289100015],[100.513705212,13.88887504500002],[100.51371822100009,13.888868868000145],[100.51373161200007,13.888863564000076],[100.51374534800016,13.888859153000169],[100.51376230000011,13.888855069000158],[100.51377961800011,13.888852041000064],[100.5137971850001,13.888849775999972],[100.51381492900015,13.888848044000042],[100.51385074200016,13.888845561999972],[100.51392282300014,13.888841806000016],[100.51395884300013,13.888839498000038],[100.51399508200018,13.888836200000128],[100.51403152300009,13.888831855000035],[100.51410420600018,13.888821674000155],[100.51415860100013,13.888813377000076],[100.5141947960002,13.888807503000123],[100.51423088400014,13.888801116000025],[100.51424900600006,13.888797612000133],[100.51430320000009,13.888786252000045],[100.51705941300014,13.88816987700011],[100.51833983700004,13.887874244000102],[100.51841081900005,13.887857225],[100.5184433460002,13.88784888500004],[100.51847576300014,13.887840156000095],[100.5185249910001,13.887825843000087],[100.5185924930002,13.887804314000164],[100.51876065400018,13.887748603000091],[100.51881100100013,13.887731622000047],[100.51884445800016,13.887720020000131],[100.51889474600006,13.887701574],[100.518944943,13.887682239000128],[100.51919516300012,13.887583538],[100.51926203900018,13.887557628000025],[100.51929566799998,13.887545195000143],[100.5193125730001,13.887539246000074],[100.51934457100003,13.887528711000186],[100.51937679300005,13.887518823999983],[100.51940918700006,13.887509460000103],[100.51944465600008,13.887499822000052],[100.51965833700007,13.887444865000191],[100.51983537900014,13.887396848000037],[100.51990622400007,13.887378432000105],[100.5199948410002,13.887356510000075],[100.5203141080001,13.887278467000101],[100.52042058799998,13.887252708000176],[100.52045614600013,13.887244426000052],[100.52050245000004,13.88723421800006],[100.52053340300017,13.887227888999973],[100.5205871350002,13.887217582000119],[100.52060497600019,13.887213894000183],[100.52064005200003,13.88720565900013],[100.52067494400006,13.887196588000165],[100.52070973300005,13.887187062000066],[100.52077918700007,13.887167452000085],[100.52084852700017,13.887147442000185],[100.52090074800014,13.887131839000062],[100.52097107600008,13.887109957000177],[100.52177874800009,13.886854823000021],[100.52186625400009,13.886826340000084],[100.52205750899998,13.88676071599997],[100.52212725900006,13.886737455000116],[100.52219602800017,13.88671612100012],[100.52236853300013,13.886664493000126],[100.52245512200011,13.886637807],[100.52255969100014,13.886604379000119],[100.52339572100004,13.886335359000043],[100.5234480250001,13.886318697000092],[100.5235004540001,13.886302437000154],[100.52355231100006,13.88628715700014],[100.52362163100008,13.886267342],[100.52407257100009,13.886139612000079],[100.52415936400007,13.88611531600003],[100.52419416400011,13.886105901000064],[100.52424780100006,13.88609205299997],[100.52451669900006,13.886025301000132],[100.52457039000018,13.886011644000178],[100.52460587600007,13.886002242000131],[100.52469378900014,13.885977870000033],[100.52511526000012,13.88585895500006],[100.52518547200009,13.885839027000031],[100.5252380070001,13.885823716000061],[100.5252900370001,13.885807654000189],[100.5253417290001,13.885790972000052],[100.52568573000008,13.88567785700019],[100.52577163400008,13.885649313000101],[100.52580589400009,13.88563760300002],[100.52585591700006,13.885619874999975],[100.52607194000007,13.885540940000112],[100.52612188000012,13.885523],[100.52617209700009,13.885505944000101],[100.52620646300011,13.885495513000023],[100.52624166900017,13.885485904],[100.52629477300013,13.88547241100008],[100.52689839500016,13.88532502300012],[100.526951602,13.885311839999986],[100.52700466300007,13.885298163000016],[100.5270567550001,13.885283491000052],[100.52710825600019,13.88526797600008],[100.52738225600012,13.885182861999965],[100.52746800700004,13.885156693000056],[100.52751995200015,13.885141803000067],[100.52760783900004,13.885118604000183],[100.52808345200003,13.884996626000031],[100.52813637800017,13.88498342600019],[100.52817177000009,13.884975117000124],[100.52818952700005,13.88497123600007],[100.52822547800008,13.884964112000034],[100.52827963800013,13.884954450000123],[100.52835200800007,13.884942256000159],[100.52842444300012,13.884930515000178],[100.52847885800008,13.88492267200013],[100.52849704000016,13.884920515000033],[100.52851525200009,13.884918725999967],[100.5285336140002,13.884917401000166],[100.52857043200004,13.884915793000175],[100.52860732100015,13.884914998000056],[100.52864424700016,13.884914616000174],[100.52869963800003,13.884914551000065],[100.52875496700011,13.884915451000154],[100.52877337000012,13.884916200000134],[100.52879173800005,13.884917338000037],[100.52880813800016,13.884918765000066],[100.52882450200008,13.884920579000038],[100.52884081600018,13.884922770000117],[100.52887661200015,13.884928781000042],[100.5289300730002,13.884939533000022],[100.52905457900005,13.884966213000098],[100.52909025100013,13.884973149000132],[100.5291081360001,13.884976268000116],[100.52912607500008,13.884979034000025],[100.52916138400008,13.884983251999984],[100.52919684200015,13.88498635100018],[100.52925017300004,13.884989601000086],[100.52928578100017,13.88499079200011],[100.52930373600014,13.884991003000039],[100.52933966400008,13.884990841],[100.52942949400006,13.884989415000064],[100.52946537600019,13.88498928600012],[100.52948329500015,13.88498950800016],[100.52950119600013,13.88499001700012],[100.5295190650001,13.884990919000188],[100.5295354640001,13.884992149000084],[100.52958454200007,13.884996902000069],[100.52961723300001,13.884999547000177],[100.52963359800003,13.885000237000042],[100.5296512930002,13.885000296000158],[100.52966900100006,13.884999763000053],[100.52968673000004,13.88499878600004],[100.52970446000006,13.884997483],[100.52973993800015,13.884994225000128],[100.52977542100018,13.884990426000059],[100.52981087100005,13.884986232000074],[100.5298639180001,13.884979004000172],[100.52989938000019,13.88497299200003],[100.52993497000011,13.884965938000164],[100.52998818600008,13.8849544200001],[100.53005895500019,13.884938229000113],[100.53009424500004,13.884929753000108],[100.53014472700016,13.884916912],[100.53029575500005,13.884876748000067],[100.53036352700013,13.884858181000027],[100.53043354000016,13.884838377000165],[100.53130795400006,13.884588398000176],[100.5314129480002,13.884558611000102],[100.53148284300005,13.884539535000158],[100.53167480000019,13.884489172000144],[100.53174474300005,13.884470024000166],[100.5318507200002,13.884439089000182],[100.53299742000019,13.884099222000032],[100.53308555500013,13.88407285600016],[100.53313771800009,13.884056692000058],[100.53320555600004,13.884034798000016],[100.53345951600005,13.88395140300014],[100.53354426100009,13.883923888000083],[100.53363223800017,13.883896138000125],[100.53410776400005,13.883747678000077],[100.53443239600011,13.883643304000145],[100.53455189800002,13.88360454400015],[100.53460369400005,13.883587276000128],[100.53469045900005,13.883557779000114],[100.53534951400013,13.883332584000186],[100.53547072200001,13.883290687],[100.5363830610001,13.882964174000108],[100.53648618200003,13.882926804000022],[100.5365373950001,13.882907442000032],[100.5366053680001,13.88288096600013],[100.53726720400016,13.88262054800009],[100.53735214699998,13.882587404],[100.53738624000005,13.882574417000058],[100.53743655500006,13.882555854000032],[100.53765534800016,13.882477317000053],[100.53770594000008,13.882459505000156],[100.53773978999999,13.882447967000076],[100.53779184200005,13.882431394000037],[100.53786232900012,13.882410474000096],[100.53812726100017,13.882333773000084],[100.53818011100014,13.882318003000023],[100.53821484800005,13.882307174000061],[100.53828331500011,13.88228483],[100.53853964300004,13.882199553000135],[100.53859073100017,13.882182142000033],[100.53862450800005,13.882169958000077],[100.53864122600015,13.882163516000105],[100.53865776900005,13.882156721000172],[100.53867407500013,13.882149439999978],[100.53869040600017,13.882141409000155],[100.53870649500016,13.882132870000078],[100.53872240200013,13.882123969000133],[100.53875386800007,13.882105463000187],[100.53886295300015,13.882038465000164],[100.53889429000014,13.882019600000092],[100.53892596500003,13.882001319000096],[100.53895640500002,13.881984818000035],[100.5390180730002,13.881953191000036],[100.53909576100006,13.88191473300003],[100.53914269800009,13.881892342000071],[100.53915846000018,13.881885113000067],[100.53919194200006,13.881870417000073],[100.53927638000016,13.881835219000038],[100.53958124500008,13.881710438000084],[100.53990289600011,13.881578368000191],[100.53995378300016,13.881557778000058],[100.5400049650001,13.881537939000111],[100.54003700300012,13.881526367000049],[100.54006921800004,13.881515256000114],[100.54011776300001,13.881499218000044],[100.54015097700011,13.881488724000064],[100.54021757900011,13.881468252000104],[100.54031763000012,13.881438021],[100.54036777000005,13.881423316000166],[100.54040132700004,13.881413969000164],[100.5404362020002,13.881404924000037],[100.54048872900017,13.88139209000002],[100.54068173500013,13.881346546000032],[100.54076958800005,13.881326412000135],[100.54082257900006,13.88131539699998],[100.54087592500008,13.881305543000053],[100.54092938600013,13.881296187000032],[100.54153558800004,13.881192005000116],[100.54157118100005,13.881185542000026],[100.54160668700013,13.881178686000169],[100.54164240900008,13.881171154000072],[100.54169584900006,13.881159172000139],[100.54196265600018,13.881097284000191],[100.54201583300005,13.881084285000043],[100.54205105400001,13.881074878000106],[100.54208248100008,13.881065474000025],[100.5420980770001,13.881060407000064],[100.54213042100014,13.881048938000049],[100.54216384700004,13.881035963000159],[100.54224706200011,13.881002568000156],[100.5422806700002,13.880990129999986],[100.54229762200004,13.880984434000084],[100.5423318610001,13.880974102000096],[100.54234913500011,13.880969474000096],[100.54236652400004,13.880965266999965],[100.54238415600008,13.88096149300003],[100.54240188100005,13.880958097000132],[100.54245540099998,13.880949240000177],[100.54265252900018,13.880920528000104],[100.54272428300004,13.880909267000163],[100.54283254000006,13.880890376000082],[100.54322913400017,13.88081924800008],[100.54328327700011,13.880809938000027],[100.54331944300009,13.880804170999966],[100.54337419100017,13.880796484000143],[100.54342903700012,13.880789448000087],[100.54434381000004,13.880676081000047],[100.54443523800012,13.880664433000163],[100.54448929900008,13.880656996000141],[100.54500767300016,13.88058066300016],[100.54513272800011,13.880561837000187],[100.54522363300009,13.880547168000135],[100.54589595100009,13.880436335000127],[100.54596859400016,13.88042414299997],[100.54602291000003,13.880414204000147],[100.54607038100016,13.880404168000041],[100.54610184900008,13.880396732000122],[100.54615352100012,13.880383119000157],[100.54620499000004,13.880368686999986],[100.54644488800017,13.880300011000031],[100.54651377400018,13.880279493000103],[100.54656559400019,13.880263260000106],[100.54659994000019,13.88025195500012],[100.54661698800015,13.880246037000177],[100.54663390700006,13.880239839000183],[100.54665063500005,13.880233255000178],[100.54666485900015,13.880227171],[100.54667887600016,13.880220692000137],[100.54669265600006,13.880213790000084],[100.54670616099997,13.880206411000074],[100.54672102400008,13.88019744800016],[100.54673550200005,13.88018789300014],[100.54674964600014,13.880177826000136],[100.54676344500012,13.880167280000137],[100.54677675500017,13.880156390000138],[100.54678979100015,13.88014515000009],[100.54681530500017,13.880121950000103],[100.54684031400018,13.880098151000027],[100.546865277,13.880073622],[100.54710166400014,13.879833948000112],[100.54715156400016,13.879783663000126],[100.54718924800011,13.879746214000136],[100.54723950600015,13.879697487999977],[100.54735337000017,13.879588624000064],[100.54740423500004,13.87954051800017],[100.54742994000009,13.879516771000056],[100.54745608400015,13.87949349600018],[100.547469536,13.879482014000075],[100.54749684700005,13.879459491000091],[100.54753836000003,13.879426302000127],[100.54764968200016,13.879338480000115],[100.54767730700007,13.87931628300015],[100.5477046330002,13.879293749000055],[100.54774483800003,13.879259111000067],[100.5478377410002,13.879177509000044],[100.54794390100011,13.879086628999971],[100.54796985600018,13.879063471],[100.54798250900006,13.879051641000103],[100.54799481900005,13.879039550000073],[100.54800667000006,13.879027090000136],[100.54801788700019,13.879014146000088],[100.54802869300016,13.879000103000124],[100.5480388250001,13.878985536000073],[100.54804847400015,13.878970586000037],[100.54806681900016,13.87893995100012],[100.54808446500016,13.878908768000088],[100.5481017940001,13.878877339999974],[100.54823954800014,13.878625252000063],[100.54828283100005,13.878546626000173],[100.54830952500015,13.878499913000098],[100.54832828600019,13.87846941000015],[100.54833691100009,13.878456377000077],[100.54835498500017,13.878430895000065],[100.54836445200016,13.878418484],[100.54837423900017,13.878406331000178],[100.5483844090001,13.878394496000169],[100.5483961770002,13.87838176400004],[100.54840832100012,13.878369340000063],[100.54844541700004,13.878332578000027],[100.54845751400006,13.878320072000065],[100.54846892400008,13.878307643000028],[100.54848003700005,13.878294955],[100.54850162800017,13.878268999],[100.54851215900004,13.878255798000055],[100.54853278800005,13.878229027999964],[100.54854287100011,13.878215472000136],[100.54856356100004,13.878186567000114],[100.54859382800015,13.878142637000053],[100.54868348100018,13.878009957000074],[100.5487039800002,13.877980987000171],[100.54871453900006,13.877966797000056],[100.5487254320002,13.87795291500015],[100.54873677500012,13.877939479000077],[100.54874876100007,13.877926648000027],[100.54876020700016,13.877915755000117],[100.54877220000014,13.87790540200001],[100.54878463000011,13.8778954980001],[100.54879741400009,13.877885983000112],[100.54881050000012,13.877876834000176],[100.54882386900005,13.87786806000014],[100.54883752100011,13.877859688000171],[100.54885147500005,13.877851801000133],[100.5488671490001,13.877843757000164],[100.54888313000009,13.877836242000171],[100.54889933600003,13.877829121000048],[100.5489157080001,13.877822310000113],[100.54894879900013,13.877809424000077],[100.54898226100005,13.877797524000187],[100.54899914000009,13.877792060000047],[100.5490161530002,13.877787053000077],[100.54902928900003,13.877783598000065],[100.54905581200018,13.877777655000045],[100.54907150500014,13.87777473400007],[100.5491030870001,13.877769891000128],[100.54913485000014,13.87776610300017],[100.549150784,13.877764580000132],[100.5491872550001,13.877761977000148],[100.54922380600004,13.87776018000011],[100.54927866700007,13.877758368000116],[100.54931444400006,13.877757762000101],[100.54936690900007,13.877757545000122],[100.54948928600015,13.877757650999968],[100.54954170500014,13.877757053000096],[100.54957658000006,13.877755906000118],[100.54961137300006,13.877754071000027],[100.54966350900008,13.877750431000095],[100.5496981930001,13.877747368000087],[100.54973276200002,13.877743450000139],[100.54976629500004,13.877738364000095],[100.5498006850001,13.877731950000054],[100.5498205450001,13.877727535000133],[100.54984177000017,13.877722340000162],[100.54986350000019,13.877716528000064],[100.54988490400018,13.877710274000037],[100.54990520100017,13.877703808000035],[100.54992354900008,13.877697549000175],[100.54993917400009,13.877691925000022],[100.54996190500009,13.877683244000139],[100.54998522500006,13.877675149000083],[100.5502851820001,13.877585603000114],[100.55027168900011,13.87751290600005],[100.55022106500002,13.877268643000036],[100.54919873800009,13.873047406000069],[100.54867742200014,13.870894750000105],[100.54687510400004,13.863212710000084],[100.54678748300017,13.863025525000126],[100.5465149870002,13.861759310000082],[100.54628763099998,13.860790555000165],[100.54606276700008,13.859814351000011],[100.54559503600018,13.857827302000032],[100.54545959200016,13.857161033000068],[100.54519968900007,13.856040969000105],[100.5442813160002,13.852395589000082],[100.54366488400018,13.849804172000177],[100.54365386300003,13.849757836000094],[100.54362947200008,13.849628112000175],[100.54322291900007,13.84939761600009],[100.5432048460001,13.849387366000144],[100.54317670800009,13.849371417000157],[100.54313582499998,13.849357286000156],[100.54301052300013,13.849313974000097],[100.54272502200018,13.849215299000036],[100.54249632100004,13.849129040000093],[100.5422074020002,13.84898468800003],[100.54194471000011,13.848892313000135],[100.54172758400011,13.848815964000153],[100.54171105800015,13.848809986000163],[100.54162406700016,13.848778552000056],[100.54151554300006,13.84873932700009],[100.54108667100007,13.848554294000166],[100.54059332800006,13.848303056000134],[100.540179691,13.848107519000052],[100.53960512900005,13.847855650999975],[100.53906429600016,13.847606976000122],[100.53873499000014,13.847471877000032],[100.53844222000004,13.847355823000044],[100.53831579400008,13.84730772000006],[100.53828453800014,13.847294738000016],[100.53824551100018,13.847278528000118],[100.538183301,13.847243062000189],[100.53817307700007,13.847237233000158],[100.53806035500014,13.84716073900006],[100.53793796900015,13.847062188000166],[100.53777743600011,13.846914218000165],[100.53747803100009,13.846664758000145],[100.53735050400013,13.846607086000176],[100.53716265200006,13.846544408000113],[100.53713612400014,13.846535552000091],[100.53706564700008,13.846512037000025],[100.5369079850002,13.846446433000096],[100.53663065700016,13.846331220000081],[100.53640040400006,13.84624190900007],[100.5363175670002,13.84620977700007],[100.53615071500008,13.846145051],[100.53597427000011,13.846042003000036],[100.53578235200007,13.845862325000098],[100.53564428100009,13.84574363300004],[100.53550591900017,13.845624704000045],[100.53541751400007,13.84553295000012],[100.53535718900014,13.845470336000062],[100.53523091400007,13.845319474],[100.53517719700017,13.845263014000125],[100.5350539980002,13.845133530000112],[100.53477937500014,13.844900240000129],[100.53464532900006,13.844805533000056],[100.53456463300012,13.844748528000025],[100.53453327500017,13.844726382000147],[100.53437895400009,13.844625895000092],[100.53425534700011,13.84454540500019],[100.53412350200011,13.844440690000113],[100.53406361100002,13.844393124000135],[100.5338528480001,13.844195095000146],[100.53377386500006,13.844120875000044],[100.53355887400011,13.843878700000175],[100.53350448500015,13.843817434000073],[100.53347856600004,13.843781625000076],[100.53327804600013,13.843504588000144],[100.5328069360001,13.843235292000031],[100.53268473800011,13.843135565000068],[100.53254139600011,13.842948271000012],[100.53250159300012,13.84291260100008],[100.53229611000006,13.842728458000067],[100.53219069100015,13.842620709000073],[100.53211208300007,13.842540359],[100.53186352400019,13.842228965],[100.5316135000001,13.842074628000148],[100.53123734900015,13.84188251200004],[100.53109439300005,13.841745424000067],[100.530793507,13.841456892000167],[100.53076058000005,13.841425320000042],[100.53025002900017,13.840935737000109],[100.5301390080001,13.840866333000065],[100.53013897200015,13.840866309999967],[100.53013893600013,13.840866288000143],[100.53008337500006,13.840831555000022],[100.53001104200018,13.84075716000018],[100.52979316200009,13.840490547000059],[100.52926250000007,13.840018098000144],[100.52880896000005,13.839608751000128],[100.52856053900018,13.839397684000119],[100.5284069870001,13.839267210000173],[100.52824924900017,13.839120935000096],[100.52816614900007,13.839043888],[100.52784710300011,13.838766542000144],[100.52760981000011,13.838553419],[100.52717894500006,13.838141702000144],[100.52689677600011,13.837882177999973],[100.52667172300005,13.83770868300013],[100.52644108800007,13.837528549000126],[100.5263493540001,13.837460168000064],[100.52621701600015,13.837361499000167],[100.52613748400017,13.837302215000022],[100.5260089960002,13.837199682000175],[100.52594071800002,13.837131818000046],[100.52593179799999,13.837122949000161],[100.52589366300015,13.837082307000173],[100.52583116600005,13.83701570500017],[100.52569732000018,13.836918562],[100.5256186700002,13.83686147100019],[100.52548092400019,13.836764670999969],[100.52547385400015,13.836759656000027],[100.52536808400009,13.836684620000028],[100.52535717500018,13.836676875000023],[100.52534906100004,13.836669731000143],[100.52522276700006,13.83655848900014],[100.52512524800005,13.83647266700018],[100.52508953100005,13.83644123400012],[100.52498881200017,13.83634406200008],[100.5248229120001,13.836184002000152],[100.52466962400001,13.836021445000142],[100.52447101000013,13.835856902000103],[100.52429466700016,13.835721739],[100.524001726,13.83552712400018],[100.5238534610001,13.835421304000135],[100.52369103600006,13.835281517],[100.52358812800009,13.835182239000119],[100.52347098500007,13.835037624000165],[100.52335477100002,13.834856669000033],[100.52330101100006,13.834809308000104],[100.52322049800006,13.83475871600018],[100.52304435600018,13.834654208000075],[100.52295804900007,13.834605920000172],[100.52290905900009,13.834576705000131],[100.52287495600007,13.834543320000137],[100.52286072800013,13.834529390000057],[100.52282953400004,13.834498847000077],[100.52270844100019,13.834333943000104],[100.52270775100015,13.834333000000129],[100.52270706100012,13.834332057000154],[100.52266187300006,13.834270526000125],[100.52257163900009,13.834152993000089],[100.52249674199999,13.834072837000178],[100.52236459400007,13.833943074000047],[100.52206556000004,13.833704216000172],[100.52194100700012,13.83359230700006],[100.52184465100015,13.83350574300016],[100.521823815,13.83348708800014],[100.52156764600005,13.833257656000171],[100.52135152800014,13.83306926],[100.52131068100005,13.833033639000178],[100.52127664800014,13.833003978000136],[100.52099861900012,13.832777470000053],[100.52079173300007,13.832590261000064],[100.52050127400008,13.832287040000153],[100.52049222400007,13.832277597000143],[100.52047887400005,13.832265340000106],[100.52027362400008,13.832076832000155],[100.519865949,13.831747801],[100.51961842500015,13.831566519000091],[100.51940566500014,13.83137027000015],[100.51907004000014,13.831041921000065],[100.51882314500006,13.830777745000034],[100.51870620699998,13.830663784000137],[100.518600214,13.83059537500003],[100.51839800400018,13.830472477],[100.51827660700013,13.830388440999968],[100.51814741100014,13.83029537900012],[100.51790451900013,13.830110660000173],[100.51771608700017,13.829980923],[100.51771409800006,13.829979188000152],[100.51766252300013,13.829934319000074],[100.5175976210001,13.829877847000034],[100.51754656300017,13.829827660000035],[100.51748542300004,13.829767545000152],[100.51739225500017,13.829673570000068],[100.51725574000017,13.829543892000174],[100.51711081200006,13.829415282000014],[100.51699234300014,13.82931015600002],[100.51688550000006,13.82921626600006],[100.51678823300011,13.829137729000081],[100.51666245100017,13.82904583700008],[100.51657754900009,13.828993557000047],[100.51617903500016,13.82874816300017],[100.51599704000012,13.82863573200018],[100.51593323400016,13.828592228000161],[100.51589114700016,13.828553126000088],[100.51587726500003,13.828528451000125],[100.5158575260001,13.828493387000037],[100.51585039700012,13.82848070200015],[100.51584137900011,13.828459298000155],[100.51582677300013,13.828424635000033],[100.51582049800004,13.828409729000043],[100.51580610000013,13.828340178000076],[100.51579936400009,13.828256950000082],[100.5157954030002,13.828122232000169],[100.51580846500002,13.827748195000026],[100.5157907520001,13.82764384100011],[100.5157701390001,13.827571300000045],[100.5157277670001,13.827488292999988],[100.51564799900007,13.827370692000159],[100.51551056500011,13.82720197500015],[100.51537490000015,13.82706655200019],[100.515311086,13.827021530000025],[100.51523804400017,13.826987166000038],[100.5151588550001,13.826960395000015],[100.51511383400003,13.826950911000154],[100.51508173900015,13.826944153000113],[100.51503319100004,13.826933931000156],[100.51491528700006,13.826910426999973],[100.51478333800003,13.826870371000041],[100.51466238300009,13.826831792000121],[100.51466231100005,13.826831770000126],[100.51466224000018,13.826831744000117],[100.51458275500005,13.8267970980001],[100.51430955300003,13.82667799],[100.51407489900015,13.826568918000078],[100.51386984100003,13.82648388600012],[100.51370526600004,13.826428884],[100.51356245900018,13.826387375000024],[100.51350344500008,13.826366545000099],[100.51344907100003,13.826342658000158],[100.51340396400013,13.826315676999968],[100.51334163600012,13.826261561000138],[100.51326057000017,13.826183337000032],[100.51316858700011,13.826094580000074],[100.51313416300013,13.82604180100003],[100.51312296300006,13.825987370000064],[100.51312155900013,13.825968672000158],[100.51311887300011,13.82593318500011],[100.513114938,13.825656840000079],[100.51313211500013,13.825281417000042],[100.51313326200011,13.825256251999974],[100.51314003600015,13.825099417000047],[100.51314633800013,13.82495342400017],[100.51314770200008,13.824903108000058],[100.51314950300014,13.824836520000076],[100.51314533500016,13.824798226000098],[100.51313402599999,13.824767630000053],[100.51312150300015,13.824750466000069],[100.51309916200012,13.824733355000149],[100.51307816800016,13.8247207120001],[100.5130771640001,13.824720427000159],[100.5130761590001,13.824720141000114],[100.51304084500003,13.824710084000117],[100.51296758400008,13.824701592999986],[100.5128819520001,13.824699571],[100.51283933500002,13.824702764],[100.51283557000016,13.824703043000113],[100.51283144900009,13.824704084000132],[100.51280163300015,13.82471155900015],[100.51277428000009,13.824727062000079],[100.51275217900013,13.824745718000031],[100.51272817400019,13.824773328000163],[100.51269455100015,13.824829104000173],[100.51252268400003,13.825138666000043],[100.51236067900004,13.825456464000013],[100.51227471300007,13.825625051000031],[100.51222487400008,13.825722805000112],[100.51217479400003,13.825821037000082],[100.51216025300016,13.825845199000128],[100.51215797400005,13.825848991999976],[100.51213276200014,13.82589090900018],[100.51209643100003,13.825933293000162],[100.51205220600019,13.825968690000138],[100.51202096700018,13.825989327000173],[100.51201059400012,13.825996030000113],[100.511976059,13.826018346000183],[100.51193959200015,13.82603965100003],[100.5119031070002,13.82605648000009],[100.51183329100013,13.826076711000098],[100.51171985200006,13.82609681200006],[100.51168770300018,13.82610251],[100.51157764900012,13.826120790000118],[100.51155189400004,13.826125063],[100.51152142600017,13.826130811000155],[100.51143943900001,13.82614627900017],[100.51139683400015,13.826154319000125],[100.51129990600015,13.826172607000046],[100.51114394300009,13.826194938000015],[100.51113208400011,13.82619663600019],[100.51110007700004,13.826199385000109],[100.51107088000003,13.826197709000155],[100.51107043700006,13.8261976820001],[100.51106999500018,13.826197654000055],[100.51106420200017,13.826195951000045],[100.51103594500006,13.826187651000055],[100.51101038000013,13.826176306000093],[100.51098936500011,13.826160466000033],[100.5109699790001,13.82614068800018],[100.51096633200007,13.82613697700009],[100.51094656200019,13.826110907999976],[100.51092734600002,13.826071426000112],[100.51091004500012,13.826023635000126],[100.5109005450002,13.825969404000034],[100.51088745300018,13.825864094],[100.51087428200009,13.825647019000087],[100.51085881000006,13.825477848000048],[100.51083985800005,13.825377050000043],[100.51082915100017,13.825337515000058],[100.51081322599998,13.825301209000088],[100.51079343100008,13.825271309000073],[100.51076383700007,13.825244672999986],[100.51073102000015,13.825222515000121],[100.51071092900014,13.825212443000169],[100.51068446500011,13.825199171000122],[100.51064318900006,13.825184736000097],[100.51059610300007,13.825179915000149],[100.51055963000016,13.825179203000118],[100.51054642100007,13.825178949000076],[100.51050003900014,13.825183702],[100.51045239200016,13.825192937000168],[100.51040281000013,13.825207287000126],[100.51034411400008,13.825227449000181],[100.5102991280001,13.825245609999968],[100.51022418200012,13.825279925000075],[100.50993102800004,13.825431188000096],[100.50967489700008,13.825545182000099],[100.50948059400008,13.825619185999983],[100.50944275000012,13.825628361000156],[100.50941922200013,13.825629142000082],[100.50939669700011,13.825622758000122],[100.50939584100007,13.825622516000067],[100.50939498700018,13.825622272999965],[100.50937727500013,13.825611524000067],[100.50937667900007,13.825610932000188],[100.509376083,13.825610341000072],[100.50935293700007,13.825587399000142],[100.50929321100011,13.825522037000042],[100.50926562300015,13.825484178000181],[100.50923584400005,13.825432976000059],[100.50919418900008,13.82533456699997],[100.50917809300017,13.825284306000185],[100.50916392700003,13.825208336000117],[100.50915866200006,13.825158140000042],[100.5091583250001,13.825154929000064],[100.50915838400005,13.825154143000134],[100.50915844300016,13.82515335700009],[100.50916101899998,13.825118702000168],[100.50916122600012,13.825115858000117],[100.50916274200006,13.825111417000187],[100.5091798090001,13.825061269000116],[100.50920779100011,13.824996348000127],[100.5092618220001,13.824894270000073],[100.5092698470001,13.824880627000084],[100.5093852930001,13.82472494100017],[100.50941470200013,13.824689327000044],[100.50945361300006,13.824642221999966],[100.50946376000007,13.82462993400003],[100.50951510800007,13.82458554200008],[100.50956006200005,13.824562270000115],[100.50964745700009,13.82453235500003],[100.50978261300008,13.824511079000047],[100.50994124700009,13.824481360000163],[100.51002212800012,13.82445404400005],[100.51005797200003,13.824438489999977],[100.51009179400018,13.824412100000131],[100.51011841700017,13.824385744000097],[100.51013324200005,13.82435371500003],[100.51014546100009,13.824322347000077],[100.51015051000007,13.824294209000072],[100.5101509800001,13.824266100000102],[100.51014028000009,13.824229124999988],[100.51012171200017,13.824187724000012],[100.51006103200012,13.824101871000153],[100.50994034700017,13.823935272000085],[100.50982448400009,13.823807606],[100.50979618500014,13.82377712300007],[100.50979095500008,13.823772963000067],[100.50976268000011,13.823750502999985],[100.50972131700019,13.823722651000026],[100.50968326700001,13.823699889000068],[100.50964130000006,13.82367779600014],[100.5096207420001,13.823668204000057],[100.50959671200008,13.823656990000188],[100.50953842200005,13.823637549000068],[100.50937216100004,13.823599475000151],[100.50924778700005,13.823570995000068],[100.509209688,13.823563241000159],[100.50907165800015,13.823535136000032],[100.50892440100012,13.823505145000127],[100.50889764600015,13.823499704000142],[100.50870722100012,13.82346446200006],[100.50865113100008,13.823448715000097],[100.50864480500007,13.823446944000011],[100.508618163,13.823439463000057],[100.50859522500008,13.823429381999972],[100.50857356000017,13.823414826000032],[100.50854199100013,13.823384362000184],[100.50840976500018,13.823251686000049],[100.50833286800014,13.823186368000165],[100.50828688600006,13.82314961100002],[100.50823374600009,13.823119280000071],[100.50816487499998,13.823082654000075],[100.5080816200001,13.823044201000187],[100.50794726800018,13.822986907000086],[100.50784370300005,13.822942197000089],[100.50776827700003,13.822900509000021],[100.50771904900006,13.822868874000164],[100.50768683300004,13.822839049000095],[100.50765916500006,13.822805366000068],[100.50764456500013,13.822781153000108],[100.50763537900008,13.822765911999966],[100.5076155220001,13.822727714000052],[100.50759694100009,13.822684397000103],[100.50758552300005,13.82263529],[100.50757530700008,13.822572112000103],[100.5075735600002,13.822560356000054],[100.50756915900007,13.822530634000088],[100.50756216700006,13.822460419000038],[100.50755842500007,13.822386989000165],[100.50756115200005,13.822322310000061],[100.50756442400012,13.822214507000126],[100.5075652810001,13.82218634200018],[100.50756753900015,13.82211182500015],[100.50758261700014,13.821805913000048],[100.50758196400017,13.821704480000108],[100.50756915300008,13.82163945600007],[100.5075502700002,13.821594155000128],[100.50750337800008,13.821530850000102],[100.5074456540001,13.821467620000021],[100.50734355800017,13.821377377000147],[100.50723521000009,13.821318060000124],[100.50710242800011,13.82118992400018],[100.5070733010001,13.821145912000077],[100.50702303800011,13.821038729000179],[100.50698527399999,13.820948126000019],[100.50689963400004,13.82064131500016],[100.50683492700011,13.82045548700006],[100.50676370000014,13.820279984000024],[100.50671196000013,13.820152489],[100.50667755800015,13.820067709000114],[100.50664696500019,13.820013325000048],[100.506356268,13.819496451000077],[100.50632913900017,13.819448216000126],[100.50629375000017,13.819339220000131],[100.50628635900017,13.819244749000063],[100.50628288500008,13.819200360000025],[100.50627696100008,13.81912466500006],[100.5063045490001,13.818928102000086],[100.5063667450001,13.818721819000132],[100.50660895100003,13.818076747000077],[100.50693380100012,13.817195526000035],[100.50726297800009,13.81637953100011],[100.50740059800006,13.816038387000162],[100.5073860290002,13.8160455740001],[100.50559674100015,13.816927961000033],[100.50506522500001,13.817190078000124],[100.50470708200015,13.817394539000077],[100.50435911800014,13.817614419000165],[100.50402256300009,13.817849925000132],[100.5037250800001,13.818080354000074],[100.5034383630001,13.818323286000123],[100.50316251300018,13.818577751000134],[100.5028984060001,13.81884354000016],[100.502647717,13.819121296000048],[100.50243640900015,13.819379956000148],[100.50235003400019,13.819494598000063],[100.50109974500003,13.818823519000034],[100.50089988000008,13.818711555000164],[100.50086916300012,13.818693877000157],[100.50083925700017,13.81867729600009],[100.50074899200007,13.818628484000158],[100.50071912100015,13.818611853000107],[100.50068747800009,13.818593480000061],[100.50064041700006,13.818565248000084],[100.50049997000002,13.818479332000038],[100.50040693000017,13.818421905000037],[100.50014960600004,13.818260378000048],[100.50005907600018,13.81820294400012],[100.5000292410001,13.818183475000183],[100.49998490700017,13.818153917000018],[100.49985257500003,13.818064265000089],[100.49979426200008,13.818023759000084],[100.49975164200015,13.817992532000119],[100.49968199400007,13.817939186000103],[100.49957124900004,13.817852930000072],[100.49953009000006,13.817820148000067],[100.49947694800011,13.817776116000118],[100.4994376900001,13.817742413000076],[100.49939820500009,13.817707283000061],[100.49922890500011,13.817553084000167],[100.49917644700002,13.8175060370001],[100.4991499140001,13.817482984000037],[100.49910971500003,13.817449049000174],[100.49900147100016,13.81735971300003],[100.49896001100007,13.817326254000022],[100.49890294800008,13.81728113400004],[100.49854505000013,13.817000635],[100.49848737700006,13.816956273000073],[100.49840552600011,13.816895168000087],[100.49837807500006,13.816874344000155],[100.4982956250002,13.816810027000031],[100.4982410230001,13.816766699000027],[100.4982002210001,13.816733703000125],[100.49814588400011,13.816688769000166],[100.49806474000019,13.81662094000012],[100.4980109390001,13.816575390000082],[100.49795861000007,13.816530017000161],[100.49786759400018,13.81644999700012],[100.4978159920002,13.816403844000092],[100.49779037400003,13.816380252000101],[100.49776485700016,13.816356213000176],[100.49761298499999,13.816210719000026],[100.497587383,13.816186774000073],[100.4975615240001,13.816163292000113],[100.49750909300013,13.816117468000016],[100.49735049500015,13.815981344000136],[100.49731135100012,13.815946786000097],[100.49728517600016,13.815922865000175],[100.49722053700003,13.815862227000139],[100.49709194500008,13.815740244999972],[100.4970538620002,13.815703217000134],[100.49702905700019,13.815678022999975],[100.49701697800015,13.8156651380001],[100.49700574200011,13.815652648000139],[100.49698386500017,13.815627155000072],[100.49691984900005,13.815549210000086],[100.49689828500004,13.815523407000171],[100.49686300100012,13.815482873],[100.49681512900008,13.815429503000018],[100.49658648100018,13.815177],[100.4965500880001,13.815137420000099],[100.49652541200015,13.815111454000089],[100.49651283200018,13.815098707],[100.49650001200018,13.81508620600016],[100.49648766600006,13.815074701000185],[100.49647510900019,13.815063416000044],[100.49644954900003,13.815041281000049],[100.49634552700013,13.814954480000097],[100.49622980000004,13.814856165000037],[100.49616748100016,13.814804752000157],[100.4961434870001,13.814784580000037],[100.49611875900018,13.814762626],[100.49609453200003,13.814740130000132],[100.49605890900006,13.814705657],[100.49603571900008,13.814682142000095],[100.49601281700012,13.814657528000055],[100.49599020400012,13.81463181600003],[100.49590168200007,13.81452723100017],[100.4958793040002,13.814501317000179],[100.4958482940001,13.814466088000188],[100.49582800700011,13.814442336000184],[100.49581818400009,13.814430228000049],[100.49580778100005,13.814416743000095],[100.49579764900011,13.814403059000028],[100.49575788500016,13.814347717999965],[100.49574768200011,13.814334078000115],[100.49572989000006,13.814311702],[100.49572064200004,13.81430079400019],[100.49570866900018,13.814287388000139],[100.49568386700008,13.814261287000022],[100.49565837500012,13.814235760000145],[100.49561950999998,13.81419798600001],[100.49558022000014,13.814160612000137],[100.49555372600008,13.814135995000129],[100.49552755000019,13.814112337000154],[100.49544825100014,13.814042184000073],[100.49540890300005,13.814006841000094],[100.49538319900006,13.813982773000077],[100.495370644,13.81397045600005],[100.49535819600004,13.813957732000063],[100.49533390400018,13.813931713000102],[100.49529828400006,13.813891901000034],[100.49514589400007,13.813717521000171],[100.49508702500009,13.81365066900014],[100.49502897200017,13.813585969000087],[100.49494721100007,13.813495801000101],[100.49491183500015,13.813457458000016],[100.4948759240001,13.813419753],[100.49474209900012,13.81328370600005],[100.49469391400015,13.813233815999979],[100.49465803300012,13.813194811000074],[100.49457507200009,13.813101541000151],[100.49455112500016,13.813075453000124],[100.49451489000006,13.81303715000007],[100.49441705100008,13.812936054000033],[100.49437996800009,13.812898530000155],[100.49435488799998,13.81287386200006],[100.49432843200009,13.812848804000112],[100.49430164600005,13.812824078],[100.4941531610001,13.812689198000044],[100.49411344800006,13.812651676000144],[100.49408794600009,13.812625983999965],[100.49405113600011,13.81258645700018],[100.49401497300005,13.812546312000165],[100.49369149200015,13.812183145],[100.49365504600019,13.812143263999985],[100.49363020100014,13.812117181000076],[100.49360456300019,13.812091684],[100.493565278,13.81205420800012],[100.4934327900001,13.811930707000101],[100.49337997400016,13.811881037000092],[100.493183026,13.811692596],[100.49313077400012,13.811642100000086],[100.49310497900007,13.811616552000146],[100.49307971700011,13.811590530000103],[100.49306770400005,13.811577584000077],[100.49303253700009,13.811537978000047],[100.49299798300007,13.81149782600005],[100.4928836360001,13.811363230000154],[100.49283839100019,13.811309004000066],[100.49280538600004,13.811268142000074],[100.49276184100006,13.811213301000066],[100.49265337600008,13.811075875000085],[100.49261027000006,13.811020707000125],[100.4925784620001,13.810979003000057],[100.49254705700008,13.810937036000041],[100.49249510600015,13.810866821],[100.49246431300014,13.81082445100003],[100.49243433300018,13.810781570000131],[100.49239394800009,13.81072092300019],[100.49236346300017,13.810676963000105],[100.49228065000017,13.81056065100006],[100.492217929,13.810473843000182],[100.492196567,13.810445240000035],[100.49217444600004,13.810416885000052],[100.49215155700006,13.810388769000042],[100.49211666100018,13.810347015000161],[100.49205802,13.810277794],[100.4920107060002,13.810222773000191],[100.49198661800017,13.810195636000174],[100.49197435700012,13.810182265000037],[100.4919496120001,13.810156374000087],[100.49192439000018,13.810130901000036],[100.4918861490001,13.810093053000116],[100.49143788500015,13.809653419000142],[100.4913407190001,13.809561513000176],[100.49128913200019,13.809616876000064],[100.49062303400012,13.810376429000087],[100.49032178300018,13.810764105000032],[100.4903040270001,13.810793892999982],[100.49026988100013,13.810881055000095],[100.49020958900013,13.811034951000067],[100.49016186400019,13.811216870000123],[100.49015300600013,13.811255478000078],[100.49012799800005,13.811329975000149],[100.49011678500005,13.811381217000132],[100.49009883000008,13.811458857000162],[100.49008428500002,13.811493205000147],[100.49007707600009,13.811520295000093],[100.49004423700012,13.81157818800017],[100.49000949100008,13.81162708100004],[100.48996380400013,13.811695877000034],[100.4899327490001,13.811744746999977],[100.48991274200017,13.811789943000178],[100.4898947640001,13.811863977000087],[100.4898822250002,13.811923555000021],[100.48984195900005,13.811974284000087],[100.48979245600015,13.81202326600004],[100.48974660800008,13.812066816000083],[100.48970092800005,13.812137411000151],[100.48965701800012,13.812195376000034],[100.48957443000006,13.812264390999985],[100.4895397000002,13.812315087000115],[100.4894978480001,13.812407294000025],[100.48945565600019,13.812445416000116],[100.48935802500017,13.812469448000172],[100.48929574800007,13.812493906000043],[100.48927439800008,13.81251254],[100.48924576700011,13.812554399000021],[100.48922542900004,13.812593328000105],[100.48922030700015,13.812603122000041],[100.48920398100006,13.81264099599997],[100.48918771200005,13.812687865000044],[100.48913907800011,13.812938651000024],[100.48910503000013,13.8130312400001],[100.48867674100012,13.813647252000123],[100.48865394000012,13.813738791000105],[100.48862783900017,13.813993948000189],[100.48855997700002,13.814418552000177],[100.48854746900008,13.814477985],[100.48853675700008,13.814530217000083],[100.48853182500005,13.81454749900007],[100.48852235100014,13.81458067200009],[100.48850237800019,13.81462396500018],[100.48848781300012,13.81464923700014],[100.48836590000008,13.81482417500007],[100.48829035500012,13.81494420600012],[100.4882377780001,13.815043218000142],[100.48822851400007,13.815065741000126],[100.48818674600017,13.81518751599998],[100.488167804,13.815296361000037],[100.48812547800009,13.815627325000094],[100.48805213800006,13.816094827000029],[100.48800279200003,13.8164427640001],[100.48784456499999,13.81815036400019],[100.48783928300008,13.818188172000134],[100.4878266840002,13.818233219000035],[100.48769265400011,13.818578388000105],[100.48768754800005,13.818607508000184],[100.48768490400005,13.818641250000155],[100.48768528800008,13.81866099399997],[100.4876857610002,13.818685240000036],[100.48770467200006,13.818780527],[100.48772354000005,13.818900532999976],[100.4877267440001,13.819012543000042],[100.48770899300018,13.819297334000055],[100.48766250800014,13.81929610100002],[100.48733764900015,13.81927563000005],[100.4867961270001,13.819227626000156],[100.48589336300006,13.819111288000101],[100.4856407060002,13.81909679100005],[100.48559286300002,13.819101537000108],[100.48556594900015,13.819115367],[100.48554919100013,13.819148633999987],[100.48552331500014,13.819206485000109],[100.48552084900012,13.819334715000025],[100.48553612300014,13.819674397000085],[100.48557761400014,13.820010710000133],[100.48560956000011,13.820255128000099],[100.48563230400003,13.820372281000118],[100.48565551100006,13.820561761000135],[100.48567035800016,13.820694600000024],[100.48567896600014,13.820814252000162],[100.48567736700011,13.820826989000068],[100.48567568500016,13.820835839999972],[100.48567224500005,13.820841981000058],[100.48566809500005,13.820846083000049],[100.48565997999998,13.820849987000031],[100.48541750200019,13.820883794000054],[100.48535754400018,13.820891976000041],[100.48497564600007,13.82096118800007],[100.48484929900013,13.820984085000077],[100.4847661020001,13.820999159999985],[100.48448275200013,13.821045358000106],[100.48436993700011,13.821069407000039],[100.48407357100012,13.821145332000185],[100.48378375300013,13.821213968],[100.48341005700007,13.821319367000115],[100.48334255200012,13.821336697000106],[100.48331620300013,13.821342497000103],[100.4832997100001,13.821342596000022],[100.48327164900019,13.821338739000112],[100.48324189500005,13.821327638000184],[100.48321127600008,13.821310096000161],[100.48317979000012,13.821286111],[100.48315072600002,13.821254056000157],[100.48312909100014,13.821223566000072],[100.48294370500003,13.820833474000153],[100.48281427400008,13.820488724000029],[100.48281190900013,13.820484842000099],[100.48280584600008,13.82047989300014],[100.48279933900017,13.820477668000024],[100.48278913600012,13.82047773000005],[100.48277834000015,13.820479761000115],[100.48227256800004,13.82064910600019],[100.48170932200014,13.820835828000156],[100.48178911399998,13.821283367000149],[100.48186175600017,13.821643923000124],[100.48192728900017,13.821983279000165],[100.48203903600006,13.822424898],[100.48196055000017,13.822494764000112],[100.4819361230002,13.822504],[100.48190278900006,13.822511926000118],[100.4818668370001,13.822516202000088],[100.48183637900007,13.822513683000182],[100.48180592100005,13.822511160000033],[100.48172850700007,13.822523799000123],[100.481655241,13.82253641300008],[100.48155427900019,13.822545135000098],[100.48151368800012,13.822546325000019],[100.481384623,13.82258286900003],[100.48109770400015,13.822741539],[100.48109281300003,13.822744244000148],[100.48105591100017,13.822770813000147],[100.48104930500017,13.822793948000026],[100.48105633900019,13.822838443000023],[100.48108403600008,13.822947151000164],[100.48110302300017,13.82301302000019],[100.48109318600012,13.823059271000034],[100.48108998000004,13.823089148000065],[100.48108198200009,13.82311019000008],[100.48104813900005,13.823143673000061],[100.4809136,13.823223666000047],[100.4808984780002,13.823238627000137],[100.48089844100014,13.823238709000123],[100.4808984010001,13.823238788000026],[100.48088581600007,13.823262346000035],[100.4808589390002,13.82330036999997],[100.48082573100015,13.82333767300014],[100.48063995800015,13.823494299000117],[100.4805298920001,13.823587098000075],[100.48047099500008,13.823644840000043],[100.48045911100019,13.823657694000076],[100.48043788600012,13.823685428000033],[100.48043233900012,13.823701353000047],[100.48043187800016,13.823713971000188],[100.4804324590001,13.823724005000145],[100.48044778400003,13.823781996000037],[100.48051578100007,13.824039354000035],[100.48051651700013,13.82407090200013],[100.48051647000005,13.8240711790001],[100.4805164230001,13.824071458],[100.48051140600018,13.824093536000078],[100.48051133600012,13.824093702000084],[100.48051126400014,13.824093871000173],[100.48048062900017,13.824153454000054],[100.48045096300001,13.824211146000039],[100.48015043000015,13.824758006000138],[100.48010896700015,13.824794102000112],[100.48008248700012,13.824806397000145],[100.47934777600017,13.825016906000087],[100.47942076100009,13.825355973000171],[100.47948598700015,13.825647590000017],[100.47956945600004,13.826009134000117],[100.47962007100006,13.826196013000015],[100.47964274200007,13.826278515000126],[100.47968964200004,13.826449204000085],[100.47984760800011,13.827000754999972],[100.47991229800016,13.827214726000022],[100.47993438200018,13.827287052000145],[100.47994695600016,13.827339310000013],[100.47994709199997,13.827340118999984],[100.47994723,13.827340936000155],[100.47996428500011,13.827442237000128],[100.47996936600009,13.827497677000053],[100.47997436300005,13.827540408000175],[100.47997643100001,13.827680227000087],[100.47997002800014,13.828164485000173],[100.47995514600012,13.828164801000014],[100.47956307300012,13.828173064000111],[100.478969297,13.828167985000107],[100.478791237,13.828185320000046],[100.47873835000019,13.828190142000096],[100.47872324200017,13.828191520000189],[100.47860321900009,13.828194568000072],[100.47846315400017,13.828200239000125],[100.47824049700012,13.828206377000072],[100.4779387480001,13.828217872999971],[100.47762785900005,13.82823190199997],[100.47761235400009,13.828232601000138],[100.47761055500001,13.828441491000035],[100.47762309500018,13.82848409900015],[100.47762096300016,13.828791280000075],[100.4776121220001,13.829129471000101],[100.47759834599998,13.829645471000163],[100.4775874610001,13.83023270700005],[100.47755896400014,13.830777189000173],[100.47754951200005,13.830876548000163],[100.47753468500014,13.83107023100007],[100.47759269000005,13.831115662],[100.47759194999998,13.831131779000032],[100.47758379300012,13.831149645000096],[100.47747179800018,13.831394836000015],[100.47741385500012,13.83158355400019],[100.47740343800001,13.831619444000125],[100.4773963510001,13.83162064000004],[100.47732739600013,13.83161104400017],[100.4771098990002,13.831580761000055],[100.47709448900014,13.831575078000014],[100.47707775499998,13.831551654000066],[100.47707444600019,13.831547023000098],[100.47705749700009,13.831523297000103],[100.47706238800004,13.831506721000153],[100.47710497400004,13.831362376000186],[100.47709783500005,13.831355485000074],[100.47707070600006,13.83134344500013],[100.476928784,13.83128047300005],[100.47688198800006,13.831259711000143],[100.47686421700007,13.83125519400005],[100.476740883,13.831237557000065],[100.47662694000007,13.831227447000117],[100.47643357200008,13.831238561000134],[100.47636702500017,13.831240699000148],[100.47625981900018,13.831247526000084],[100.47615884600009,13.831254349000062],[100.47603061400014,13.831269238000118],[100.47589466300019,13.831289922000053],[100.47560284700018,13.831336749000116],[100.4755629610001,13.831345912000074],[100.47505179300003,13.831608291],[100.47496794900007,13.831647349000036],[100.47483444700003,13.83167784300008],[100.47465908100008,13.83178267900007],[100.47469092400013,13.831833501000176],[100.47459868900006,13.831897657000184],[100.47449899800006,13.831971985999985],[100.47440702400007,13.832056188000024],[100.47410351400003,13.83173873000004],[100.47400228700008,13.83183174900006],[100.47344611400018,13.832343583000124],[100.47343701800014,13.832345509000106],[100.47343019800007,13.832337326000015],[100.47342985600005,13.832336845999976],[100.47302404300012,13.831767097000181],[100.47287608900018,13.83155774200003],[100.47267307700008,13.831313978000082],[100.472655363,13.831292706000113],[100.47262059700017,13.831258506000097],[100.47258135100009,13.831223935000025],[100.472296841,13.830973339000082],[100.47224722600009,13.830929447000187],[100.47221279100017,13.830901532000098],[100.47211949900009,13.830829347000076],[100.47191395900012,13.830670316000123],[100.47187269500012,13.830646456000125],[100.4718369580001,13.830629265000027],[100.47179574400002,13.830613440000036],[100.4717106290002,13.830589847000113],[100.47166907000002,13.830574901000148],[100.47164899500007,13.830565905000128],[100.47160478400002,13.830538257000114],[100.47157035700013,13.83051167900004],[100.47152073900008,13.83046644500007],[100.47143255399999,13.830390644999966],[100.47142782400016,13.830386533000024],[100.47139121800012,13.830354735000014],[100.47136094600012,13.830334831000187],[100.4713073040001,13.830304351000109],[100.4712481950001,13.830275246000099],[100.47123058600016,13.830267822000053],[100.47116987600015,13.83024223800004],[100.47113028900014,13.830223190000083],[100.47111980600005,13.830217043],[100.47108185000013,13.83019187900004],[100.47081399700005,13.829986048000023],[100.47070315900015,13.829900878000046],[100.47066461200006,13.829872988000034],[100.47065130300012,13.829861529000084],[100.47005393200016,13.829343366000103],[100.470053377,13.829342852000082],[100.47005282000009,13.829342337000128],[100.46999768700005,13.829294447000052],[100.46988785100018,13.829188426000087],[100.46985913000003,13.82916357199997],[100.46984220500013,13.829153215000076],[100.46983646400008,13.829150799000104],[100.4698227680002,13.829152219000036],[100.46953859500007,13.829272194999987],[100.46951796100012,13.829278586999976],[100.46950218900008,13.829279450000172],[100.4694852130001,13.829277690000026],[100.46946994800015,13.82927083900006],[100.4694037660002,13.829206960000022],[100.4689732610002,13.828772856000171],[100.46892811400011,13.828723432000174],[100.46891080600005,13.828689565000104],[100.46889971000007,13.82862833500019],[100.46889223600016,13.828323731000012],[100.46888531700017,13.828284808000092],[100.4688766380001,13.828263834000154],[100.4688604750001,13.828236157000049],[100.46882936700018,13.828192150000064],[100.46877965200008,13.828131182],[100.46871757000008,13.828065268000046],[100.46861109500009,13.827949902000114],[100.46818455600004,13.827530402000036],[100.46798594800009,13.827328040000168],[100.46791147300007,13.8272521560001],[100.46751395900003,13.82688848100014],[100.4672350730001,13.826633338000079],[100.46663819700007,13.82602022900005],[100.4665926780001,13.825973297000075],[100.46602201200017,13.825329969000109],[100.46558389800015,13.825730487000044],[100.46498391700015,13.826215176000119],[100.46365302400005,13.827161086000046],[100.46301201500006,13.82756740300016],[100.46231500900012,13.828009206000047],[100.46179324200006,13.8283848210001],[100.46144796200008,13.828646642000024],[100.46141879600015,13.828668140000048],[100.46137470000002,13.828698758000087],[100.46133001100014,13.828728592000061],[100.46040024500013,13.829333432000169],[100.45957767800002,13.829840942999965],[100.45913506400018,13.830072598000072],[100.4582451730002,13.830443347000084],[100.4579553160001,13.830554982000024],[100.45761273300008,13.830680706000123],[100.45635171500004,13.830969914000036],[100.45631674200007,13.830977936000181],[100.45610602900013,13.831005989000118],[100.45545385500014,13.831046007000054],[100.45386796200012,13.830948566000075],[100.45314140100015,13.830822649000027],[100.452484292,13.830708768000136],[100.45234550600009,13.830692351000096],[100.45050717900011,13.830474878000132],[100.4492614510001,13.830277282000111],[100.44921311700017,13.83026961600018],[100.44840067900009,13.830111259000148],[100.44818051200008,13.83006834400004],[100.44790994300018,13.830007236000142],[100.44784049400005,13.829991553000184],[100.44689184200007,13.829705195000145],[100.44659867100006,13.829616696000187],[100.446088588,13.82946272300012],[100.4459100000002,13.829409858000133],[100.44580793500018,13.829377282000053],[100.44569733300006,13.829336462000072],[100.44544619600015,13.829224152],[100.44536598000008,13.829188280999972],[100.44508339700008,13.829055767000057],[100.44503342300004,13.829032608000148],[100.44498332000006,13.829010040000071],[100.4448828850002,13.82896669400003],[100.444195094,13.828673650000098],[100.44402525000004,13.828594739999971],[100.44378373400008,13.828482534000102],[100.4436464580001,13.828431445000092],[100.44273885500007,13.828190209000184],[100.4418775100001,13.827961262000144],[100.44175420100015,13.827924660000122],[100.44164372800014,13.827904573000183],[100.4411213200001,13.827845434000153],[100.44015171100006,13.827887343000157],[100.43985350200018,13.827920618000178],[100.43984399800007,13.827921679000156],[100.43979072000013,13.827932804000113],[100.4395357090001,13.827986024000097],[100.4377247600001,13.828619027000116],[100.43610703800016,13.829167893999966],[100.43566821100018,13.829353898000079],[100.43507458300007,13.829618020000112],[100.43477449600005,13.82976097400001],[100.43385682500002,13.830198132000135],[100.4335140870001,13.830370184000174],[100.43338716500011,13.83043728500013],[100.43191647900011,13.831366820000028],[100.43129781000016,13.83173934600012],[100.43126628700008,13.831758015000162],[100.43123457900015,13.83177635900006],[100.43107691900008,13.831858871000122],[100.43083532900016,13.831985301000145],[100.43064241100018,13.832086267000136],[100.43058153700014,13.832118122],[100.43043174900015,13.832179649000068],[100.43036750300018,13.832200991000036],[100.4303310210002,13.832213662000129],[100.4302955550001,13.832225988000062],[100.4301853820001,13.832264270000053],[100.43009051300015,13.832294541000124],[100.42992290700016,13.832348032000027],[100.42986767400009,13.832365656000093],[100.42975760500013,13.832411921000073],[100.42955868700005,13.832504326000162],[100.42898472900015,13.832827992000148],[100.42860109000014,13.833044329000188],[100.42857321600013,13.833064466000167],[100.42854418900015,13.833086069000103],[100.42848649000007,13.833129749000136],[100.42835688500008,13.833228346000055],[100.42829950100014,13.83327243600013],[100.42825793600014,13.833305017999976],[100.42817518600003,13.833370658000092],[100.42809260800016,13.833436506000055],[100.42805150600014,13.833469648000118],[100.42799564800015,13.833515566000187],[100.42780085700008,13.833677139000145],[100.42773161200012,13.833735170000068],[100.42770438399998,13.833758852000074],[100.42767786500019,13.833783238000137],[100.42766516600011,13.833795683000176],[100.42764039800005,13.833821215000171],[100.42760873600008,13.8338648940001],[100.42821895800012,13.83436150000017],[100.4283476600001,13.834483341000066],[100.42850170300017,13.834644256000104],[100.42854963700006,13.834688108000023],[100.4286050880001,13.834729468000091],[100.4286730870001,13.834770750000132],[100.42868624100015,13.834781238000119],[100.42949441100006,13.835526321000032],[100.42960130700004,13.835624871000164],[100.42962576600019,13.835647419999987],[100.42965055899998,13.835662852000041],[100.42966856800018,13.835664103000056],[100.42969107900018,13.835649920000037],[100.42983365300006,13.835485404999986],[100.4303030260001,13.834943803000158],[100.43032964200017,13.834929595],[100.43035640900013,13.834939476000045],[100.43036441700008,13.834947734000025],[100.43056933600008,13.835159039000189],[100.4305919790001,13.83516693200005],[100.43061249200008,13.835162797000123],[100.43062608800017,13.835146483000017],[100.43101422400014,13.834680715000047],[100.43103062100016,13.834674599000039],[100.43105330000014,13.834688515000153],[100.4311333010001,13.83477906200011],[100.43139858600011,13.835032943000044],[100.43158225200006,13.835212521000187],[100.43191826200012,13.835551547000136],[100.43231125300008,13.835993624000025],[100.43247394000014,13.836181575000069],[100.43256240200014,13.836286481],[100.43261381300005,13.836340666000183],[100.43274055000012,13.8364892190001],[100.4327818750001,13.83652912600013],[100.43282311200005,13.836568943000145],[100.4329265240001,13.836668791000022],[100.43295132500009,13.836692729000049],[100.43296375700004,13.83671072500016],[100.43302187700004,13.836808744000166],[100.43303496200019,13.836826906000056],[100.43307032600006,13.83687438600009],[100.43326755700014,13.837123314000053],[100.43336614700013,13.837242874000026],[100.43357104600011,13.837513824000041],[100.43384995600007,13.837936191000097],[100.43405122800004,13.838201262000098],[100.43419541700018,13.838309499000104],[100.43430237400003,13.838365590000024],[100.4345682390001,13.838578159000122],[100.43462585500009,13.838631403000079],[100.43464749000003,13.838660975000039],[100.43478328400005,13.838846581000098],[100.43502705400016,13.839256333000094],[100.43527593100004,13.839583818000108],[100.4354677620002,13.839758131000053],[100.43572110700012,13.83989918800006],[100.43617676500014,13.840093884],[100.43636258300006,13.840202444000113],[100.43649807600019,13.840338708000047],[100.43698397600008,13.840889580000123],[100.43750398000009,13.841511520999973],[100.43785986700016,13.84190416500013],[100.4381864500001,13.842127409000113],[100.43840396500002,13.842231890000164],[100.43856557300012,13.842300514000158],[100.43885252000013,13.842410100000166],[100.43936570200015,13.842582043999982],[100.43959713300018,13.842666727000164],[100.43976385800005,13.842730756000037],[100.43993854299998,13.842815772000165],[100.44017413800003,13.842942503000074],[100.44048034800016,13.84311313500018],[100.44119763400016,13.843601804000173],[100.44165146800009,13.843935739000187],[100.44193937699998,13.844116039000028],[100.44269507600006,13.844688365000138],[100.44271922300004,13.844699990000095],[100.44274182800007,13.844705736000037],[100.44275116800009,13.844705549000139],[100.442908934,13.844702420000147],[100.44295246600007,13.84470155400004],[100.44296151100019,13.844704442000136],[100.44296195700008,13.844705053999974],[100.44352535700011,13.84466524000004],[100.44398700200003,13.844608778000179],[100.44407527100014,13.84554334500018],[100.44408922300005,13.846021555000107],[100.44375377100005,13.846028906000072],[100.443736741,13.845943020999982],[100.4432919240001,13.84605312400015],[100.44298953800012,13.84607102800004],[100.4421853830001,13.846136742000112],[100.4421885000001,13.846142444000066],[100.44219474700014,13.846155959000043],[100.4422465340001,13.846559116000094],[100.4431170540002,13.849209744],[100.4411021520001,13.852024540000059],[100.4415014220001,13.851968598000042],[100.44184095600014,13.851931728000181],[100.44188187800012,13.852118497000106],[100.44192389100016,13.852289761000065],[100.44193930000006,13.852330070000107],[100.44195390400006,13.852347368000096],[100.44204683400011,13.852382269000088],[100.44207113400017,13.852392146000057],[100.4420814730002,13.852405748000137],[100.44210980600013,13.852610657000128],[100.442118854,13.852628073000176],[100.4421303260001,13.852646272000129],[100.44214071000005,13.852657449000105],[100.44214784600013,13.852662512000052],[100.44217401400016,13.85267265900012],[100.4421809110001,13.852682596000136],[100.44219057800007,13.852807319000078],[100.44220936700015,13.85280685700019],[100.44241535800006,13.852802],[100.44274757600016,13.852790860000027],[100.44383033500014,13.852744248000079],[100.44382947600013,13.852752913000188],[100.44382232600009,13.852825187000121],[100.44381971200005,13.852846846000034],[100.4438139630002,13.852887037000073],[100.44377683400006,13.853092314000094],[100.44376380900013,13.853154140000072],[100.44374886100013,13.853214109000135],[100.44361636200011,13.85362283500001],[100.44349400400012,13.85396787600007],[100.44346380500019,13.854040099000088],[100.44342317500019,13.85412829],[100.4433928680001,13.854182738000077],[100.44336822200017,13.854224050000141],[100.44333025300017,13.854277609],[100.44329697400013,13.854316163000021],[100.4432703280001,13.854343454000059],[100.44323223600014,13.854377365000119],[100.44318172000004,13.854416021000134],[100.4431245090002,13.85445565800012],[100.44307874200001,13.854487736000124],[100.44301104500005,13.854534920000106],[100.44293100200008,13.85459902000008],[100.44288147200007,13.854642348000084],[100.44283956700008,13.854680023000128],[100.44280436600008,13.854716717000144],[100.44278155700005,13.854744924000045],[100.44275688200003,13.854781555000159],[100.44261095500013,13.855031302000157],[100.4425845070001,13.855090400000051],[100.4423121910001,13.855653400000108],[100.44200564300013,13.856255894000014],[100.44173057000006,13.85683761700011],[100.44164637900008,13.857005592000064],[100.44154229100019,13.857208307000064],[100.44145808300016,13.857374411000137],[100.44127948800019,13.857733045000145],[100.44127154400007,13.857748999000023],[100.44123253600003,13.857827328000042],[100.44298012600007,13.858976989000041],[100.44299141500017,13.858983490000128],[100.44300776,13.858992895000085],[100.44300785800004,13.859008642000049],[100.44278924800005,13.85931724599999],[100.44275023300014,13.85937232300006],[100.44266887700013,13.859481262000088],[100.44267441200014,13.859520025],[100.44345076899998,13.860074090000126],[100.44380747300005,13.860356609000121],[100.44384851400014,13.860398588000123],[100.44390256100007,13.86047004],[100.44395269200004,13.860551214000168],[100.443962053,13.860570174000145],[100.4439683280001,13.860579697000105],[100.44399363700018,13.860663118000161],[100.44400553500009,13.860694095000156],[100.44402240200014,13.860716876000026],[100.44434014000012,13.860982991000071],[100.44435884299997,13.86103190200015],[100.44436107100017,13.861056236000024],[100.44439112300017,13.861141747999966],[100.44440222700001,13.86116223900018],[100.44440909100007,13.86118454200016],[100.44442721600007,13.861211196000056],[100.44491186599998,13.861641249],[100.44518446300009,13.861880649000113],[100.44544114300004,13.862061518000075],[100.44553052800006,13.862141326000085],[100.44567773000011,13.862227307000182],[100.44573806500006,13.8622812320001],[100.44579384900004,13.862317814000107],[100.4458095780002,13.862345947000051],[100.44581640600006,13.862371962000168],[100.44580991400005,13.86240022700008],[100.44576153600013,13.862483020000127],[100.44563008400013,13.8626835230001],[100.44559862600016,13.86273150500017],[100.44554795900012,13.862803456000165],[100.44544416100007,13.86290829000012],[100.44543462900003,13.86292481900017],[100.44541184400015,13.862964330000125],[100.4454110260001,13.862971486000049],[100.44541113000008,13.862988213000108],[100.44541573500004,13.863004025000123],[100.44542484000016,13.863019814000097],[100.44544386800015,13.863037306000138],[100.4454972100001,13.863081121000107],[100.44556003500009,13.863132725000128],[100.4455880910001,13.863151750000043],[100.44559866300006,13.863157860000172],[100.44562849300007,13.86317353000004],[100.44578784200019,13.863269297000045],[100.44585184200014,13.863307765000059],[100.4458663200001,13.863318240000126],[100.44587989900009,13.863328724000098],[100.44589892200014,13.863345333000154],[100.44593776000016,13.863384273000179],[100.44610923700003,13.863556220000078],[100.44617481700016,13.86361799500014],[100.44629681700013,13.863732910000124],[100.44636022100019,13.863787992000084],[100.44639551500012,13.863814191000017],[100.44642641600007,13.863833791000047],[100.44642988300012,13.863835996000148],[100.44647239300008,13.86386214800018],[100.44652574100007,13.863893518000111],[100.44663002800007,13.86395093200008],[100.44672789100008,13.863998203000165],[100.44681129900005,13.864036814000087],[100.44687534400009,13.864064098000028],[100.44699803100002,13.86412218300012],[100.4472759570001,13.864219638000122],[100.44745657900017,13.864270516000033],[100.44788815600009,13.86440851499998],[100.44789831300011,13.864411765000114],[100.44813979100019,13.864467540000021],[100.44824598399998,13.864492069000164],[100.44823764300014,13.864607972000101],[100.44823095999999,13.864660581000066],[100.44822494100015,13.864713363000021],[100.44821787500007,13.864783913000167],[100.44821327200015,13.864836879999984],[100.44821074600009,13.864871973000163],[100.4482074550001,13.864924647000066],[100.44819443400019,13.86515299500013],[100.44819075400005,13.865205604000153],[100.44818750100006,13.865240579000101],[100.44818543000014,13.865258015000109],[100.44818293500003,13.865275576000045],[100.44817705000014,13.865310594000107],[100.44816700300015,13.865362965000088],[100.4481459000001,13.865467591000083],[100.44813608500004,13.865520006000054],[100.44813055300011,13.865555076000078],[100.44812830200004,13.865572612000108],[100.4481246200001,13.86560778400019],[100.4481216280002,13.865643038000087],[100.44811907200017,13.865678344000173],[100.44811692700006,13.865713674000062],[100.44811534700011,13.865749028000153],[100.44811435900004,13.865800934],[100.44811413000014,13.865922119000174],[100.44811357800006,13.86597403200011],[100.44811249200018,13.866008605000047],[100.4481115700001,13.86602628300011],[100.44810912900016,13.866061606000073],[100.44810147000015,13.866149854000128],[100.44804601300007,13.866749788],[100.44804042500016,13.866802648000146],[100.44803609000007,13.866837797000073],[100.44802882500005,13.866890426999987],[100.44802350100014,13.866925441000092],[100.448017569,13.86696035600005],[100.44801422300009,13.866978052000093],[100.4480070080001,13.867013358000122],[100.44799939400019,13.867048594000039],[100.44794020700004,13.867312492000053],[100.44792779800014,13.867365125000049],[100.44817931900008,13.867481046000137],[100.44821863100015,13.867501071000106],[100.44823868200012,13.867511728000181],[100.44825787600013,13.867522362000159],[100.4482761970001,13.867533096000159],[100.44829201900018,13.867542928000091],[100.44832203900017,13.867562416000112],[100.44836664800005,13.867592321000188],[100.44841094200018,13.867622698000105],[100.44844023200011,13.867643280000038],[100.448496341,13.867684177000115],[100.4486215930001,13.86777762200012],[100.4486635310002,13.867808556000057],[100.44869177800012,13.867828777],[100.44872174400012,13.867849273000104],[100.44875214400014,13.867869066000083],[100.44876753400018,13.867878624000127],[100.44878308900013,13.867887879000136],[100.44879885800009,13.86789671200006],[100.44881492100012,13.867904979000116],[100.44882941400016,13.867911713000126],[100.44884415000013,13.867917962000035],[100.44885907800011,13.867923813000061],[100.44888937100006,13.867934485000092],[100.44890470800016,13.867939330000013],[100.4489354980002,13.86794796100014],[100.44896660800015,13.867955465000023],[100.44898227000016,13.867958785000098],[100.44899800300016,13.867961770000079],[100.44901527600007,13.867964610000172],[100.4490500190002,13.867969276],[100.4491023870001,13.86797466500019],[100.44913794700017,13.867977456000176],[100.44926442700017,13.867985506000139],[100.44930042900012,13.867988669000113],[100.44931836699999,13.867990705000125],[100.44935475699998,13.867996022000113],[100.44939100900018,13.868002365000166],[100.44953566100003,13.868030530000112],[100.449590006,13.86804058500013],[100.44964379700014,13.868049369000175],[100.44969772600007,13.868057316000034],[100.44976811700008,13.868066440000064],[100.44982058699998,13.868072502000018],[100.44985561100003,13.86807616800013],[100.44990972500011,13.868081085000142],[100.45005431600003,13.868092811],[100.4501085060001,13.868098040000177],[100.45012651500008,13.868100212],[100.45014447100016,13.868102745000158],[100.45015820100002,13.868105009000146],[100.45018551900017,13.868110366000167],[100.45019909300004,13.868113458000039],[100.45021663900008,13.868117901000119],[100.45025145200003,13.868127887000071],[100.45028587000002,13.868139009000117],[100.450302852,13.86814500600019],[100.45031959700009,13.86815137400015],[100.45033599300018,13.868158233000088],[100.45035189700008,13.868165754000131],[100.45036710000016,13.868174179],[100.45038133000014,13.868183835000082],[100.45039382200008,13.868194473000074],[100.45040535800013,13.868206255000189],[100.45041613700005,13.868218896000087],[100.45042627200013,13.868232178000085],[100.45043580800018,13.86824594799998],[100.45044473200005,13.868260092000071],[100.4504529410001,13.868274538000037],[100.45046025800008,13.868289229000084],[100.45046548800013,13.868301600000166],[100.45046982200017,13.868314071000043],[100.45047309100016,13.868326584999977],[100.45047507500016,13.868339098000035],[100.45047539100017,13.868354201000159],[100.45047407400017,13.868364866000036],[100.45047142300018,13.868375268000023],[100.45046800300008,13.868384062000075],[100.45046043300016,13.86839777900002],[100.4504509800002,13.868410906000122],[100.45044023400004,13.86842365700005],[100.45042865400012,13.868436218000113],[100.45040503100006,13.868460439000046],[100.45034373200019,13.86852093300007],[100.45030656300008,13.868556873000045],[100.45028138000004,13.868580250000093],[100.450268516,13.868591589000062],[100.45025551999998,13.86860250500007],[100.45022882800009,13.868623445000026],[100.45021515500014,13.868633474000092],[100.45020123500007,13.86864316100008],[100.45018704900014,13.86865249200008],[100.4501726490002,13.868661513000177],[100.45015809000012,13.868670300000133],[100.45012861600014,13.868687325],[100.45009875900007,13.868703700000026],[100.45008368100008,13.868711614000176],[100.45005254600011,13.868727021000097],[100.45003678400019,13.86873431400005],[100.45002087700004,13.868741274000115],[100.45000486000004,13.868747823000035],[100.44997239500015,13.868759871000123],[100.44995597899998,13.868765396000185],[100.44993943600014,13.868770561000133],[100.44992403500004,13.868774973000143],[100.44989297,13.868782986000042],[100.44986165400013,13.86879016800009],[100.44983014000019,13.868796618999966],[100.44979817199999,13.86880233200003],[100.4497499580001,13.868809664000082],[100.44971768800008,13.868813737000153],[100.44966586500016,13.868819396],[100.44964872500015,13.868821631000117],[100.44963175499998,13.868824380000092],[100.44961622700015,13.868827568000142],[100.44960094300012,13.868831378000095],[100.4495859490001,13.868835811000054],[100.44957132600007,13.868840914000032],[100.44955719200016,13.868846783000038],[100.44954368900017,13.86885357500006],[100.44953101200008,13.868861524000124],[100.44951861600015,13.868871432000049],[100.44950719400009,13.86888260500018],[100.4494965780001,13.86889475800001],[100.44948666600015,13.868907694000029],[100.44947741500005,13.86892127200008],[100.44946836200006,13.868936150000081],[100.44945985700019,13.868951482000114],[100.44945176100003,13.868967128000179],[100.4494439770001,13.86898299700016],[100.449429156,13.869015184000034],[100.44941530000011,13.86904781800007],[100.44940883800012,13.86906430800019],[100.44940324700008,13.869079573000135],[100.4493928490001,13.869110369],[100.449378589,13.869156984000028],[100.44934976000019,13.869259238000154],[100.44933913000006,13.869292888000132],[100.44933318700015,13.869309452000039],[100.44932701900018,13.869324872999982],[100.44932031300016,13.869340050000119],[100.44931306800004,13.869354954000073],[100.44930523400006,13.869369545000154],[100.44929628800003,13.869384490000073],[100.44928665800012,13.869399002000023],[100.44927634599998,13.869413038000118],[100.44926529900005,13.86942652200014],[100.44925382100018,13.86943902000013],[100.44924173800013,13.869451023000124],[100.44922919900011,13.869462650000116],[100.44921630300007,13.86947397199998],[100.44920313100005,13.869485037000118],[100.44917639400006,13.86950623100006],[100.44914928600014,13.869526441000176],[100.44912170700007,13.869546053000022],[100.44909362800013,13.86956494500015],[100.44907933400003,13.869574006000107],[100.44906565900004,13.869582240000057],[100.44905178800008,13.86959016000003],[100.44903772600014,13.869597759000044],[100.44902346200001,13.869605008000178],[100.44900782600018,13.869612418000088],[100.44899200200007,13.869619499000066],[100.44894413400004,13.869640054000058],[100.44891260300017,13.86965435999997],[100.44889722800008,13.869662112000128],[100.44888463700016,13.869669093000084],[100.44887240100007,13.869676542000036],[100.44886056600006,13.869684490000168],[100.44884864900007,13.8696934190001],[100.4488373000001,13.869702915],[100.44882657900018,13.869712958000036],[100.44881658800017,13.869723566000062],[100.44880748800011,13.869734796999978],[100.44879937900004,13.869746791000068],[100.44879230499998,13.869759375000058],[100.44878624700004,13.869772433000094],[100.44878126100014,13.869785899000135],[100.4487774700001,13.869799725],[100.44877497300018,13.869814013000166],[100.44877367500004,13.869828548000044],[100.44877344700006,13.869843238000158],[100.44877421900009,13.869858013000055],[100.44877602500009,13.869873315000063],[100.4487786640002,13.869888613000114],[100.44878197000014,13.869903893000128],[100.4487858120001,13.869919129000152],[100.4487901290002,13.86993430300015],[100.44879487700001,13.869949398000074],[100.44880007300009,13.869964391000167],[100.44880655300011,13.869981383000152],[100.44882066300005,13.870015035000108],[100.44884992700014,13.870081989000141],[100.44885676700017,13.870098833999975],[100.44886310800007,13.870115786000156],[100.44886872000018,13.870132888000171],[100.44887283800017,13.870148021999967],[100.44887614300018,13.87016326600019],[100.44887856100001,13.870178578000036],[100.44887986500015,13.870191962999968],[100.44888038800008,13.870205324000096],[100.44888009500016,13.870218610000165],[100.44887909000016,13.870230326000069],[100.44887736700014,13.870241889],[100.44887487900007,13.870253243999969],[100.44887048900006,13.870267475],[100.44886480600007,13.870281163000072],[100.44885783100011,13.870294172000172],[100.44884947300011,13.870306325],[100.4488399280001,13.8703171840001],[100.44882921600015,13.870327191000172],[100.44881759700013,13.87033648900001],[100.44880525299999,13.870345163000025],[100.4487923170002,13.870353254000065],[100.4487766700002,13.87036195200011],[100.44876052000012,13.870370020000053],[100.4487439770001,13.870377549000068],[100.44872974700013,13.870383531000186],[100.44870082900007,13.87039465000015],[100.44866891300012,13.870405745000085],[100.44861688800012,13.870422948000169],[100.44859965100005,13.870428935000064],[100.44858489900008,13.870434342000067],[100.44855568700012,13.870445850000124],[100.4485250570001,13.870459135000033],[100.44849314800001,13.870474329000047],[100.44847744600014,13.870482345000028],[100.44846197200013,13.870490680999978],[100.448446811,13.87049942200008],[100.44843323500015,13.870507895000173],[100.44842009200005,13.870516832000135],[100.44840748400003,13.87052628900011],[100.44839556500006,13.870536376000132],[100.44838454400008,13.870547234000128],[100.44837493200004,13.87055857700011],[100.44836629600019,13.870570660000112],[100.44835858400006,13.870583352000097],[100.44835180500013,13.870596571000078],[100.44834579700017,13.87061083499998],[100.44834082200003,13.870625500000074],[100.44833689900014,13.870640465000122],[100.44833412500009,13.87065566300015],[100.44833251600005,13.870672880000086],[100.44833240100013,13.87069020000007],[100.44833374900008,13.870707512000081],[100.4483364740002,13.870724083000141],[100.4483405700002,13.870740695999984],[100.4483457880001,13.870757086000083],[100.44835198500016,13.870773221000093],[100.44835909700004,13.870789056000092],[100.44836656500013,13.870803539000121],[100.44837469400017,13.870817737000039],[100.44838337100009,13.87083166500014],[100.44839252700012,13.870845328000144],[100.44840310600006,13.87086006300018],[100.44841407200005,13.870874548000074],[100.44843670400013,13.870903051000028],[100.4484597880001,13.870931208000115],[100.4485178770002,13.871001069000158],[100.44855292300008,13.871042647000024],[100.4485766860002,13.871069959000124],[100.44858882000011,13.87108336900019],[100.44860121699998,13.871096530000102],[100.44861377200004,13.871109219],[100.44862659000006,13.871121668000058],[100.44865274000011,13.871146078000152],[100.4486926420002,13.871182067000177],[100.44893485400019,13.871396166000068],[100.44897534000012,13.871432310000046],[100.4490019820002,13.871456925000189],[100.4490149290001,13.871469359000173],[100.44904028500008,13.871494759000143],[100.44905264300007,13.871507707000148],[100.44906468300013,13.871520843000155],[100.44907627600014,13.87153419800012],[100.44908724200013,13.871547823000071],[100.4490973020001,13.87156179699997],[100.44910610300019,13.871576217000097],[100.44911255000011,13.871589436000079],[100.44911767200017,13.871602924000115],[100.44912143400012,13.87161652400016],[100.44912367400013,13.871630066000023],[100.4491241450001,13.871643383000162],[100.44912244900013,13.871656283000164],[100.44911777200019,13.871669676000124],[100.44911059200012,13.871682319],[100.44910140400009,13.871694152000032],[100.44909055400007,13.87170505],[100.44907821200013,13.8717148180001],[100.44906360700008,13.871723759000076],[100.4490478240001,13.871731405000162],[100.44903118200011,13.871737949000021],[100.44901391000013,13.871743498],[100.448996507,13.871748021000144],[100.44897879000007,13.871751859000085],[100.4489428280001,13.871758206000152],[100.44890658800011,13.8717635860001],[100.44887031700006,13.871768529000065],[100.44881603100004,13.871775495000065],[100.44877991300007,13.871779767000078],[100.44874380600015,13.871783421000032],[100.44870895000014,13.871786063000059],[100.44867405900015,13.871788110000125],[100.44858672100003,13.871792437000067],[100.44855178700016,13.871794466000154],[100.44851691800005,13.871797217000108],[100.44849955,13.871799082000166],[100.44848224900011,13.871801449000088],[100.44846474800016,13.871804486000087],[100.44844733900004,13.871808088000023],[100.44843003000011,13.871812172000034],[100.44841283500006,13.871816694000017],[100.44839578200015,13.871821672000067],[100.44837893500011,13.871827159000077],[100.44836237400006,13.871833269000092],[100.44834622600013,13.87184018],[100.44833073500018,13.871847987000024],[100.44831580900018,13.871856663000074],[100.44830149400013,13.871866135000118],[100.44828791500004,13.871876390000182],[100.44827526700004,13.871887497000102],[100.44826384600009,13.871899592000148],[100.4482537340001,13.871913089000088],[100.44824512600013,13.871927540000115],[100.44823798100015,13.87194271900006],[100.44823238300006,13.871958449000147],[100.44822875199998,13.871973436000019],[100.44822673700008,13.871988643000122],[100.44822648900009,13.872004622000134],[100.44822811900002,13.872020499000087],[100.44823070700005,13.872032746000116],[100.44823441700004,13.872044729000152],[100.44823925500009,13.872056356000144],[100.44824687700014,13.87207030900015],[100.44825595300006,13.872083616000111],[100.44826617700016,13.87209631900015],[100.44827736900004,13.87210841500007],[100.44828943100015,13.872119842000075],[100.44830035000007,13.872129020000102],[100.4483117330002,13.87213776600015],[100.44833561600012,13.872154520000095],[100.4483480180001,13.87216257300014],[100.44836065300018,13.872170307999966],[100.44837645200016,13.87217929000019],[100.44840878700006,13.872196107000093],[100.44849091000003,13.872235602000046],[100.44852349000007,13.87225162600015],[100.44853956700007,13.872259928000119],[100.44855543200003,13.872268544000121],[100.44857099100017,13.872277604000146],[100.44858633100017,13.872287326000048],[100.44860127300018,13.872297619000108],[100.44861518300007,13.872307964000186],[100.44862880500017,13.872318695000104],[100.4486421960001,13.8723297250001],[100.44866843300008,13.872352417000059],[100.44869395800015,13.872375795000039],[100.44870637000008,13.872387762000017],[100.44871845500012,13.872399967000035],[100.4487300940001,13.872412481000026],[100.44874112900004,13.872425410000119],[100.44875134800009,13.872438895000073],[100.4487605770002,13.872453028000109],[100.44876900000014,13.872467708000045],[100.44877683300012,13.872482793000188],[100.44878424300003,13.872498171000188],[100.44879823700012,13.872529518000022],[100.4488181860001,13.872577332000105],[100.44883108400012,13.87260952700018],[100.4488435780001,13.872641963000035],[100.44884956400006,13.872658312000056],[100.44886062200004,13.87269072600003],[100.448870892,13.872723400999973],[100.44887570800006,13.872739793000108],[100.4488802370002,13.872756191000065],[100.44888437200007,13.872772569000176],[100.4488879660002,13.872788886000023],[100.44889081000008,13.872805086000085],[100.44889252500013,13.872819702000072],[100.44889322900019,13.872834048000186],[100.44889270900012,13.872847981000177],[100.44889066400003,13.87286132200012],[100.44888650900015,13.87287462100005],[100.4488804180001,13.872886779],[100.44887248600014,13.872897475],[100.44886267700014,13.872906279],[100.44885100900007,13.87291281600011],[100.44883782500006,13.872917386000154],[100.44882353500009,13.87292032300013],[100.44880846300009,13.87292183600016],[100.44879284600012,13.872922023000115],[100.44877622600018,13.87292091500018],[100.44875935100009,13.87291885899998],[100.44870796900011,13.872910770000146],[100.4486907370001,13.872908581000047],[100.44867350100014,13.872907237000106],[100.4486562990001,13.872907049000105],[100.4486391690001,13.872907932999965],[100.44862218000003,13.872909765000145],[100.44860541300017,13.872912499],[100.44858897600017,13.872916167000142],[100.44857300300015,13.872920890000103],[100.44855767700011,13.872926879000147],[100.44854438100009,13.87293366900019],[100.4485318900002,13.872941685000114],[100.44852032100005,13.872950892000063],[100.44851194300009,13.872958987000118],[100.44850418800007,13.872967738000057],[100.44849702000016,13.872977055000035],[100.4484874740001,13.872991642000102],[100.44847890000011,13.873007033000022],[100.44847110700005,13.873023007000086],[100.44846399200009,13.873039424000126],[100.44845753600009,13.873056180999981],[100.44845206100007,13.873072241000102],[100.44844711000013,13.873088478000113],[100.44844263200014,13.873104848000025],[100.44843863500006,13.873121301000083],[100.44843518000005,13.873137818000089],[100.44843238700008,13.873154377000105],[100.4484304360002,13.8731709810001],[100.44842959900018,13.873185322000097],[100.44842956800011,13.873199664000083],[100.44843036500009,13.873213969000062],[100.44843139600005,13.873223581000161],[100.44843281100009,13.873233163000066],[100.4484361480001,13.873249857000019],[100.4484403310002,13.873266442999977],[100.44844513400017,13.873282948],[100.44845591300003,13.87331578300018],[100.4484854170002,13.873398202000146],[100.44849178800007,13.873417726000184],[100.44849814700018,13.873438949000047],[100.44850411700014,13.873460997999985],[100.4485093470002,13.873482991000117],[100.44851355300005,13.873503974000187],[100.44851669700012,13.873523056000181],[100.448518778,13.873539288000075],[100.44851980300018,13.87355100200017],[100.44852010500006,13.873558624999987],[100.44850667800006,13.87367986999999],[100.44852101200019,13.873689150000075],[100.44854933200008,13.873708254000064],[100.44857731300016,13.873727867000127],[100.44860495400002,13.873747934000107],[100.44863209500005,13.87376862300016],[100.44864609400008,13.873779871000181],[100.44865990000017,13.873791341000071],[100.44868704400011,13.873814796000147],[100.44871353100007,13.873838897000098],[100.44872644500003,13.873851250000143],[100.44873905100002,13.873863871000026],[100.44875124300017,13.873876856000152],[100.44876296600017,13.873890296000184],[100.4487742840002,13.873904091000156],[100.44878531200004,13.87391813700009],[100.44880681600006,13.873946714000056],[100.4488384240002,13.87399017000007],[100.44893272500008,13.874121344000116],[100.44896341700013,13.874165677000121],[100.44898187000013,13.874194548000105],[100.44899833300019,13.874222654000164],[100.44900614700009,13.874236894999967],[100.44901362900004,13.874251264],[100.44902069600016,13.874265771000069],[100.44902721200015,13.87428044000012],[100.449033009,13.874295307000011],[100.44903696900019,13.874307324000029],[100.4490402740002,13.87431948600016],[100.44904354500017,13.874335855000027],[100.4490455720001,13.874352376000047],[100.44904633200014,13.874368985999979],[100.44904600300003,13.874381648000167],[100.44904492,13.874394283000072],[100.44904310600003,13.8744068580001],[100.44904014200017,13.874421145000156],[100.44903635300011,13.874435291000054],[100.4490318550001,13.874449284000093],[100.44902670400012,13.874463091000052],[100.44902089900006,13.874476671000139],[100.44901321900016,13.874492273000158],[100.44900462600009,13.874507434000066],[100.44899556200005,13.874521458000174],[100.4489857740001,13.874535048000041],[100.44897536400015,13.874548226000059],[100.44896435800013,13.874560965000171],[100.44895215600019,13.87457388200005],[100.4489394700002,13.874586405000116],[100.44891316800016,13.874610647],[100.44888616300011,13.874634233],[100.44884493600017,13.874668800000109],[100.44880371400012,13.874701903000073],[100.44869306300012,13.874788940000087],[100.44863767400011,13.874832265000066],[100.4485958260002,13.874864341000034],[100.44855287200016,13.874895754000079],[100.44849446100005,13.874936683000158],[100.44840619900003,13.874997369000027],[100.44828789299999,13.875077961000102],[100.44825848200014,13.875098352000123],[100.44822958200007,13.875119233000191],[100.44821551500007,13.875130023000168],[100.44820186800007,13.875141173000031],[100.44818880600008,13.875152839000123],[100.4481765770002,13.875165201000073],[100.44816589900006,13.875177761000032],[100.44815606300011,13.87519098100006],[100.44814693700005,13.875204725000117],[100.44813848000018,13.875218886000141],[100.44813068700017,13.875233404000085],[100.44812364600017,13.875248248000105],[100.44811749500013,13.875263412000095],[100.4481131930001,13.87527625600012],[100.44810964300018,13.875289289000023],[100.44810687000006,13.875302481000062],[100.44810493600005,13.875315794000187],[100.44810400000017,13.875327555000183],[100.44810378700004,13.875339367000095],[100.44810473200005,13.875356803000102],[100.44810686700015,13.875374264000016],[100.4481098990002,13.875391719000163],[100.44811362000007,13.875409148000074],[100.44811789600004,13.875426533],[100.44812237400009,13.875442931000123],[100.44812716700005,13.87545928700007],[100.44813732500018,13.875491882000176],[100.44816410000016,13.875572948000126],[100.44818107000015,13.875622293000049],[100.44822316800008,13.875741452000057],[100.44823463100005,13.875775630000021],[100.44824005800007,13.875792800000056],[100.44824516100005,13.875810053000123],[100.44824956900004,13.875826262000146],[100.44825747000004,13.87585891599997],[100.4482642710002,13.875891811000145],[100.44827029100014,13.8759270380001],[100.44827529800011,13.875962398000013],[100.44827743400015,13.875980099000174],[100.44827926500017,13.875997805000054],[100.44828070300014,13.876015510000173],[100.44828161800012,13.876033208000024],[100.44828182900005,13.876050888000066],[100.44828125700019,13.876066797000078],[100.44827994900004,13.876082664000023],[100.44827767100003,13.876100282000095],[100.44827472700018,13.876117850000128],[100.448267612,13.876152898000157],[100.44825223900006,13.876222950000113],[100.44824884600007,13.876240520000124],[100.44824590700011,13.876258137999969],[100.44824396000018,13.876272535],[100.44824242100015,13.87628696700017],[100.44824129000017,13.876301428000033],[100.44824058900019,13.876315900000122],[100.44824036400007,13.876330387],[100.44824078900018,13.876348170000142],[100.4482418290001,13.876365953000118],[100.44824332700006,13.876383739000175],[100.44824515900001,13.876401522000151],[100.44824953400013,13.876437067000154],[100.44825739000004,13.876490213000068],[100.44826630900019,13.876543069000036],[100.44827564400015,13.876595859000133],[100.44828530700016,13.876648578000129],[100.44829211700016,13.87668364800004],[100.448302044,13.876730417999966],[100.44831336500016,13.876778970000089],[100.448326523,13.876831271000071],[100.44836277900015,13.876970595000046],[100.44837139700019,13.877005527000108],[100.44837542900012,13.87702303500015],[100.44837916000017,13.877040595000153],[100.448382461,13.877058212000122],[100.44838499500003,13.877074409000102],[100.44838708100002,13.877090654000142],[100.44838871299999,13.87710692900015],[100.44838987399999,13.877123230000166],[100.44839049300015,13.877139533000161],[100.44839051600007,13.877153701999987],[100.44839007200005,13.877167856000142],[100.44838915600013,13.87718197300012],[100.4483877350001,13.877196033000075],[100.44838587900011,13.877209341000082],[100.44838352800019,13.877222566],[100.44838066700004,13.87723569000002],[100.44837725000019,13.877248691000148],[100.44837252800016,13.877263711000126],[100.44836715100018,13.877278568000065],[100.44836128400016,13.877293297000108],[100.44835503700006,13.877307919000089],[100.44834171300005,13.877336924000076],[100.44832756400018,13.87736565400013],[100.44831924900012,13.877381816000081],[100.44827688200007,13.877462356000137],[100.44826159700017,13.877493632999972],[100.44825474200019,13.877508770000077],[100.44824824900013,13.877524040000083],[100.44824221500016,13.877539466000144],[100.44823676500005,13.877555077000068],[100.4482318330002,13.877571500000101],[100.44822754100016,13.877588108000054],[100.4482237590002,13.87760485800004],[100.44822042700014,13.877621705000081],[100.44821752400014,13.877638622000177],[100.44821508500019,13.877655572000151],[100.44821320100004,13.877672523000058],[100.44821202500015,13.877689443],[100.4482117780002,13.877706276000083],[100.44821277400013,13.877722975000154],[100.44821539200012,13.877740021000136],[100.44821941900005,13.877756820000172],[100.44822462000019,13.877773318000095],[100.44823087700007,13.87778942600005],[100.44823818200007,13.877804994000087],[100.44824663300017,13.877819822000049],[100.44825645300006,13.877833626000154],[100.44826715800014,13.877845468000032],[100.44827904900018,13.877856186000031],[100.44829188600005,13.877865823000036],[100.44830549900007,13.877874316000145],[100.44831980600009,13.877881504000186],[100.44833477900016,13.877887106000117],[100.44834866500008,13.877890544000024],[100.44836295500016,13.87789264300011],[100.44837840400015,13.877893600000107],[100.44839405400018,13.87789348900003],[100.44840980400005,13.87789248700011],[100.44842558300002,13.877890703000162],[100.44844130600018,13.877888178000035],[100.44845690400007,13.877884886000118],[100.44847229300018,13.877880732000108],[100.44848843199998,13.877875239000105],[100.44850425100014,13.877868800000044],[100.44851975900019,13.877861544000154],[100.44853493000011,13.877853549000122],[100.44855063000017,13.877844313000026],[100.4485660160002,13.877834477000135],[100.44859254500017,13.87781622700004],[100.4487471280001,13.87768893000009],[100.44877881500014,13.877665989000036],[100.44880279000006,13.877651433999972],[100.448823704,13.87764372600003],[100.44885627100012,13.877636708000182],[100.448888098,13.877636519000077],[100.44890986500013,13.877640942000028],[100.44893787700016,13.877651393000065],[100.44895892700009,13.877665681],[100.44897457000008,13.87768454900015],[100.44898635100009,13.87770571700014],[100.44899815500014,13.877731433000122],[100.44900447600008,13.877749601],[100.44900848000003,13.877769297000043],[100.44900708500018,13.877794334999976],[100.44900335500006,13.877818629000046],[100.44899194600009,13.877856620999978],[100.44897290900019,13.8779112470001],[100.44897275900018,13.877911720000043],[100.44896744500011,13.87792803900004],[100.44893313300008,13.878025132000175],[100.44892237900012,13.87805747599998],[100.44891746100006,13.878073717],[100.44891300000012,13.878090033000149],[100.44890916500009,13.878106458000161],[100.44890601800006,13.878123385000038],[100.44890351000004,13.878140430000144],[100.4488997910002,13.878174748000106],[100.44889598600014,13.878226527000038],[100.44889405400016,13.878261123000073],[100.44889252000002,13.878295722000189],[100.44889160200012,13.878330295000126],[100.44889152400015,13.878347556000051],[100.44889182000014,13.878364793000117],[100.44889264400007,13.878381994000051],[100.44889413700008,13.878399586000057],[100.44889617000018,13.878417146000118],[100.44890131000005,13.878452189000086],[100.44891040300018,13.878504668000062],[100.4489428500001,13.878679431000023],[100.44895843800015,13.878766905000191],[100.44896675900003,13.878817996000066],[100.44897990400017,13.87890326900009],[100.44898733300016,13.878954484000133],[100.44899176400008,13.878988668000147],[100.44899528500008,13.87902292900003],[100.44899650000013,13.879039776000127],[100.44899740500011,13.879056648000073],[100.44899852200012,13.879090426],[100.4489988750002,13.879124223000076],[100.44899875300001,13.879141109000045],[100.4489977140002,13.879174846000069],[100.44899662900019,13.87919167500013],[100.44899506800016,13.879208439000138],[100.4489931080002,13.879225169000051],[100.44899085300011,13.879241879000062],[100.44898572100004,13.879275247000123],[100.44898002500008,13.879308546000118],[100.44897384199999,13.879341762000024],[100.44896702000017,13.879374847],[100.44896325000019,13.879391312000052],[100.448954614,13.879424900000174],[100.4489451890002,13.879458311000178],[100.44890526300009,13.879591424000068],[100.44889062100015,13.87964140000014],[100.44888147900008,13.879674846000057],[100.4488772480002,13.879691640000033],[100.44887335600004,13.879708503000074],[100.44886982200012,13.879725745000087],[100.44886370900002,13.879760429000157],[100.44885835900016,13.87979527200008],[100.44885100100004,13.879847677000043],[100.44883446300014,13.879970129000071],[100.44882679000011,13.880022527000165],[100.44882085700004,13.880057310000097],[100.44881773200007,13.880073284000161],[100.44881435700006,13.880089209000175],[100.44880695200004,13.880120891000104],[100.44879857900014,13.880152285000065],[100.44879391500012,13.880167824000182],[100.44878882000017,13.880183204000048],[100.44878296400003,13.880198958000108],[100.4487765230001,13.880214476000106],[100.44876946100004,13.880229732000146],[100.44876143900012,13.880245291000108],[100.44875285900014,13.880260601000145],[100.4487438810001,13.88027572700014],[100.44872514500014,13.880305614],[100.4486959690002,13.880349909000074],[100.44866589600014,13.880393631000118],[100.4486450610001,13.880422196999973],[100.44863422500009,13.880436169000063],[100.44862341700008,13.8804493990001],[100.44860101000006,13.880475272000012],[100.4485779810002,13.880500673000085],[100.4485196220001,13.880563591000168],[100.44849665700008,13.88058898300011],[100.44848544900003,13.88060185],[100.4484745420001,13.880614895000122],[100.448464049,13.880628190999971],[100.44845413200017,13.880641827000034],[100.44844526800017,13.880655389000083],[100.44843715700011,13.880669363000038],[100.44842988200014,13.880683756000053],[100.44842356100003,13.8806984470001],[100.4484180010001,13.880713485000115],[100.44841306200016,13.880728791000138],[100.44840864800017,13.880744311000171],[100.44840470700007,13.880760004000138],[100.44840122000005,13.880775840000013],[100.44839785100004,13.880793600000061],[100.44838617800008,13.880865077000067],[100.44838280400012,13.880882769000095],[100.44837882800016,13.880900243000099],[100.44837395200011,13.880917384000043],[100.44836809000014,13.880933685000059],[100.44836126300004,13.880949558],[100.4483536190001,13.880964998000081],[100.44834523100013,13.880979940000032],[100.44833609500012,13.880994263000105],[100.44832613100016,13.881007787000158],[100.44831517400007,13.881020249000073],[100.44830297400011,13.88103129600006],[100.44828966100016,13.881040427000187],[100.44827520500019,13.881048215000078],[100.4482599160001,13.88105501300015],[100.44824401600005,13.88106108200003],[100.4482276820001,13.881066625000017],[100.44821104100004,13.881071786000177],[100.4481771610001,13.88108135200008],[100.44812555300007,13.881094512000118],[100.44801651,13.881119727000168],[100.44798069600006,13.881128563000175],[100.44796317800007,13.881133372000136],[100.44794610700018,13.881138616000044],[100.44792969700006,13.881144499000072],[100.44791423200007,13.88115128000004],[100.44790009800016,13.881159327000034],[100.44788782000006,13.881169104000094],[100.44787923000001,13.881179057999987],[100.44787213900008,13.881190322000066],[100.4478663210001,13.881202601000098],[100.44786164599998,13.881215659000077],[100.44785804800006,13.881229320999978],[100.44785555400006,13.881243451000103],[100.44785453100002,13.881253039000171],[100.44785380200005,13.881269676000045],[100.44785406900019,13.881286573000125],[100.44785504900005,13.881303639000123],[100.44785840800012,13.881338037000091],[100.447862907,13.881372550000037],[100.44786817700009,13.881407],[100.44787111500017,13.881424171000106],[100.44787768499998,13.881458623000128],[100.44789913300019,13.881561379000118],[100.44790901900012,13.881612778000033],[100.44791436200012,13.881646929000055],[100.4479165530002,13.88166392400018],[100.44792019800008,13.881698026000151],[100.44792282499998,13.881732266000142],[100.44792431900015,13.881767159000105],[100.44792523700005,13.881819673000166],[100.4479251140001,13.88187210700005],[100.44792399599999,13.881906618000187],[100.4479228150002,13.881923542000152],[100.44792096500004,13.881940091],[100.44791818700014,13.881956103000107],[100.44791409900017,13.881971350000185],[100.44790827500003,13.881985658000133],[100.44790058800004,13.881998575000068],[100.44789084000013,13.882009679000078],[100.44787883900011,13.88201864500013],[100.44786503700004,13.882025840999972],[100.447849927,13.882031734],[100.44783387700011,13.8820366920001],[100.44781717000006,13.882040986000106],[100.44780000700013,13.882044816000075],[100.44776487000019,13.88205163200007],[100.44765760500007,13.88207049600004],[100.44762294400016,13.88207721000009],[100.44758948400005,13.882084368000108],[100.44755637200012,13.882092275000161],[100.44754003100013,13.88209663400005],[100.4475239050002,13.882101376000094],[100.44750809200008,13.882106645000079],[100.44749270500012,13.882112611000082],[100.44747703400014,13.882119886000055],[100.44746208700008,13.882128137000109],[100.44744800600006,13.882137369000134],[100.44743501400006,13.882147678000024],[100.44742342300009,13.882159268000123],[100.44741388200009,13.882171727000184],[100.44740560700018,13.882185263000054],[100.44739827,13.882199598000057],[100.44739162700012,13.882214511000143],[100.4473854860002,13.882229838000057],[100.44737422600019,13.882261295000092],[100.44736894900018,13.882277267000177],[100.44735893900008,13.882309502000112],[100.4473497310002,13.882342018000145],[100.44734556500003,13.882358146000058],[100.44733420400007,13.882406783000079],[100.44732402800008,13.882455602000107],[100.44732094600005,13.882471905000102],[100.44731588700006,13.882501969000145],[100.44731361000015,13.88251838900004],[100.44743576600013,13.88250218100012],[100.44746328100018,13.882502488000057],[100.44749323400009,13.882506555000134],[100.44751885700015,13.882513477000032],[100.44754835900011,13.882523205000098],[100.44757014100014,13.882532978000143],[100.4475958050001,13.88254603300004],[100.44761567800009,13.882559118000131],[100.44763603900009,13.882574088000126],[100.4476491470001,13.882586268000068],[100.4476632520001,13.882603161000134],[100.44767641200013,13.882623833000082],[100.4476891130002,13.882647808],[100.44769983800012,13.882665190000068],[100.44771102300007,13.882678326000075],[100.44772267100012,13.882688635000136],[100.44772697000008,13.882690973000138],[100.44773380700019,13.88269469700009],[100.44774542400017,13.882699817000173],[100.44775895700013,13.882703037000056],[100.4477835940001,13.882706190000079],[100.44780388900011,13.882709844000033],[100.4478295130001,13.882716291000122],[100.44783403700012,13.882717620000108],[100.44785518400016,13.882725047000122],[100.44787571800009,13.882732898000143],[100.44789479100018,13.882740776000105],[100.44791164500015,13.882748279000054],[100.44794219099998,13.882762855000067],[100.4479733390001,13.882778390000169],[100.4480529430001,13.8828190750001],[100.44808505500009,13.882834794000019],[100.44810127100004,13.882842328000152],[100.44811809300018,13.88284977100011],[100.44815206900012,13.882863974000145],[100.44825488000004,13.88290478000016],[100.44828883700006,13.882918888000063],[100.44830558900003,13.882926319000092],[100.44832208900016,13.882934153000178],[100.4483382410001,13.882942550000053],[100.44835186800009,13.882950406000191],[100.4483651610002,13.882958765000069],[100.44837811900004,13.882967588000042],[100.44839071900014,13.88297686500016],[100.4484029190001,13.882986623000079],[100.44841464600012,13.882996913000056],[100.44842750200013,13.883009478000133],[100.44843980200005,13.883022639000046],[100.44845171600014,13.88303621800003],[100.44850948900006,13.883106068000131],[100.44852134300015,13.88311974200019],[100.44853354700007,13.883133062000013],[100.44854624300007,13.883145886000023],[100.44855947100012,13.883158024000124],[100.44857320000006,13.883169658000043],[100.44858729800018,13.883180918999983],[100.44860165700004,13.8831919160001],[100.44863088100016,13.88321339700019],[100.44867534200017,13.883244993000119],[100.44885421400005,13.883370364000143],[100.44891422400008,13.883411649000095],[100.44894464700019,13.883431717000121],[100.44897556400014,13.883450905000132],[100.44900696700017,13.883469241000057],[100.44908597200003,13.88351410600012],[100.44911672400013,13.883532739000145],[100.44913154300019,13.883542531000046],[100.44914575900009,13.88355283300001],[100.44915912900018,13.883563859000049],[100.44917132400019,13.883575873000154],[100.4491820520002,13.88358907899999],[100.44919150900017,13.883603301000107],[100.44919992000007,13.883618297000112],[100.44920740100008,13.883633900000063],[100.44921398700006,13.883649997000077],[100.44921962300003,13.883666524000091],[100.44922363100017,13.883680963000131],[100.44922699300008,13.883695628000055],[100.44922982400004,13.883710458],[100.44923220200008,13.88372541800004],[100.4492345480001,13.883743253000148],[100.44923870700018,13.883779029000095],[100.44924108000009,13.883796845000177],[100.44924404500006,13.883814536000102],[100.4492475460001,13.883830778],[100.4492517450002,13.88384684700003],[100.44925659000012,13.883862728],[100.44926207700013,13.88387839700016],[100.44926727100005,13.883891546000086],[100.44927293600006,13.883904502000064],[100.44927907100015,13.883917248000103],[100.44928570900015,13.88392974200002],[100.44929347000016,13.883942902000058],[100.44930183600013,13.883955730000082],[100.44931231700002,13.883970280000028],[100.44932344800014,13.883984419000058],[100.44933513200004,13.88399819],[100.44934731799998,13.884011586000042],[100.44935839100015,13.88402303200013],[100.44940405800008,13.884067701],[100.44941524100005,13.884079029000077],[100.44942678199999,13.884091336000097],[100.4494378710001,13.884103925000147],[100.4494484110001,13.884116821000134],[100.4494582550002,13.884130069000037],[100.44946718100005,13.884143737999977],[100.44947520200009,13.884158434000142],[100.4494817650002,13.88417367600016],[100.44948617700004,13.88418758000006],[100.44948930900011,13.884201825000105],[100.44949127900009,13.884217253000145],[100.44949198700016,13.884232887000167],[100.44949153900012,13.884248637000042],[100.44948988500016,13.884265352000114],[100.44948728700012,13.884282099000131],[100.44948399500004,13.884298855000111],[100.44948018500008,13.884315609999987],[100.44947600100011,13.884332349000033],[100.44946679800012,13.884365750000086],[100.44945672000017,13.88439897600017],[100.44943610000007,13.88446217100011],[100.44943127600004,13.884477960000083],[100.4494268630001,13.884493792000171],[100.44942303900012,13.884509679000132],[100.44942062200005,13.884522001000107],[100.44941871800006,13.884534360000146],[100.44941738900019,13.88454673900003],[100.44941669700017,13.884558914000081],[100.44941663800006,13.88457107700009],[100.449417241,13.884583209000027],[100.44941817199998,13.884592319999967],[100.44941950500004,13.884601388000021],[100.44942308500015,13.884618316000171],[100.44942783800008,13.88463505600015],[100.44943313000016,13.884650455000099],[100.44943904500002,13.884665733000077],[100.44944538900006,13.88468092200003],[100.44947913700014,13.884756627000172],[100.4494911820002,13.884785902000033],[100.44949652899999,13.884799981000185],[100.44950652300014,13.884828378000122],[100.44951609600014,13.88485898800019],[100.44952525200017,13.884891801000151],[100.44953378000014,13.884924790000127],[100.44954576500015,13.884974463000049],[100.44955307400016,13.88500769400008],[100.44955936500003,13.885041071000046],[100.44956191199998,13.8850578200001],[100.44956403800018,13.88507461600011],[100.44956573400015,13.885091451000164],[100.44956695800005,13.885108316000014],[100.449567629,13.8851238740001],[100.44956789200012,13.885139438000124],[100.44956732700018,13.885170574000028],[100.44956648900012,13.885186122000107],[100.44956523000008,13.885201646000098],[100.44956335400013,13.8852184160001],[100.44956107100018,13.885235153000167],[100.44954762800006,13.885318735000112],[100.44954095600002,13.88536846500017],[100.44953737800012,13.885401715000057],[100.44953588500005,13.885418361],[100.44953463300016,13.88543502400006],[100.44953281100015,13.885470813000097],[100.44953174300008,13.88550664800016],[100.44953105000013,13.885542506999968],[100.44952739700005,13.885793672999966],[100.44952684800012,13.885847475],[100.44952705200012,13.885883288000059],[100.44952751000017,13.885901161],[100.44952834300017,13.885918996000157],[100.44952970200018,13.88593677800003],[100.4495310710002,13.885949339000092],[100.44953279100014,13.885961862000158],[100.44953573500004,13.88597920500007],[100.44953919200009,13.885996486000181],[100.44954302400004,13.88601371100009],[100.449551472,13.886048038000183],[100.44956066900016,13.886082220000162],[100.44957059100011,13.886116213000037],[100.4495806290002,13.886147222000034],[100.44959063900018,13.886175271000127],[100.44960893100006,13.886221969000076],[100.4496567590001,13.886335827000096],[100.44967694299999,13.886384742000132],[100.44972165300015,13.88649854700003],[100.44973479900017,13.886530925000045],[100.44974817000013,13.886562339000022],[100.44978242000013,13.886640536000186],[100.44979563400017,13.886671950999983],[100.44980190400014,13.886687755000082],[100.44980781400011,13.886703670000031],[100.44981323000019,13.886719724000159],[100.44981778000005,13.886735042000169],[100.44982183600018,13.886750498000026],[100.44982547200016,13.886766065000131],[100.44982871600007,13.886781716000144],[100.44983158000008,13.88679744500007],[100.44983402400015,13.886813250000046],[100.44983599900019,13.886828859000047],[100.44983758200004,13.886844523999969],[100.44983970200008,13.886875955],[100.44984027200013,13.886892476000071],[100.44984051000012,13.886925563000034],[100.44983978100015,13.88695860700011],[100.44983750700015,13.887008062],[100.44983341100016,13.887073966000116],[100.44982947200009,13.887125735999973],[100.44982348400015,13.887196312000128],[100.44980659200019,13.88739030000005],[100.44979991000014,13.887460776000182],[100.4497962280002,13.887494348000132],[100.4497844660001,13.887590096000054],[100.44977854600018,13.88764183700016],[100.44976926300018,13.887731356000188],[100.44974235500007,13.88800002500011],[100.44973663800005,13.888053722000052],[100.44973248800005,13.888089466000167],[100.4497187610001,13.88819651700004],[100.44964309500006,13.888767182000095],[100.44963422100005,13.888838566000118],[100.44963052000014,13.888874321000173],[100.44962781500004,13.888909600000147],[100.44962583000012,13.888945164000063],[100.44962517400006,13.88896542100008],[100.44962484000007,13.888987728000018],[100.44962488400006,13.889011068],[100.44962534400008,13.88903440900009],[100.44962626000017,13.889056740000058],[100.44962764000013,13.889077044000146],[100.44962928800004,13.889093671000182],[100.44963095100013,13.889106629000025],[100.44963300400019,13.889118015000065],[100.44963354900017,13.889118098000154],[100.44963410000008,13.889118182000175],[100.4496413560002,13.889118176000181],[100.44966672700008,13.889115995000054],[100.44975427600008,13.889105524],[100.44977735800006,13.889103110000178],[100.44979677200007,13.889101468000035],[100.4498142700001,13.889100361000033],[100.4498461880001,13.889099332000058],[100.44987808700012,13.889099453000142],[100.44989402100003,13.889100037],[100.44991184700007,13.889101165999989],[100.44992965900013,13.88910269300004],[100.44996525400018,13.889106490000074],[100.45000082100017,13.889110841],[100.45007192300017,13.889120149000064],[100.45014296300019,13.889129878000062],[100.4501784160002,13.889135096000132],[100.45021376300019,13.889140882000106],[100.45024868300004,13.889147464000132],[100.45030089000005,13.889158304000091],[100.45047456700013,13.889196264000077],[100.45054409200009,13.889211208000063],[100.45061424900013,13.88922567700007],[100.45080733300011,13.889264739000112],[100.4508773570002,13.889279720000047],[100.45091272200006,13.889288105000105],[100.45096633700012,13.889301938000074],[100.45128698600007,13.889389104000031],[100.45134056600006,13.88940315100001],[100.45139188100018,13.889415898000095],[100.4515805470001,13.88946128300006],[100.45161490900011,13.889469304999977],[100.45164933700016,13.889476837000075],[100.45166659100016,13.889480255000024],[100.45168387900014,13.889483310000173],[100.45170122400009,13.889485846000014],[100.45171373800002,13.889487257000042],[100.45172628,13.889488313000129],[100.4517388430001,13.889488986000117],[100.45175428800019,13.889489283000046],[100.45176972900015,13.889489017000017],[100.45178514200012,13.889488228000062],[100.45180052000012,13.889486902000101],[100.45181582700008,13.889484989000039],[100.45183014900016,13.889482601000054],[100.451844392,13.889479708000067],[100.45185855000011,13.88947635900007],[100.45187262300016,13.889472595000086],[100.45188874100006,13.889467783000043],[100.45190477000006,13.889462577000131],[100.45193662700012,13.889451407000138],[100.45201591000017,13.889422060000072],[100.45204771700008,13.889410571000099],[100.45206887700004,13.889403324000114],[100.45214419000013,13.889377531000036],[100.45219190900008,13.88935995200012],[100.45222361100002,13.889346464000027],[100.45228694700012,13.889316399000165],[100.45230285200012,13.88930910199997],[100.45231891300011,13.889302200000145],[100.45234568500018,13.889292099000102],[100.4523898400002,13.889279559000101],[100.45240684100008,13.889276105000022],[100.45242396700013,13.889273280000054],[100.45245851400006,13.88926955300019],[100.45249412800013,13.889268565000066],[100.45252988900017,13.889269454999976],[100.45256568500008,13.889271466000082],[100.45263502300014,13.88927810000007],[100.45266638900011,13.889282497000181],[100.45273119600006,13.889293772000144],[100.45276701500006,13.889301098000033],[100.45284179900005,13.889318581000168],[100.45314185600006,13.889383180999971],[100.45321314100005,13.889399177000087],[100.45326592300012,13.889411941000049],[100.45331755600006,13.889425471000095],[100.45359215400003,13.889500661000113],[100.45366090800002,13.889519030000145],[100.45371271900018,13.889531761],[100.4537484390001,13.889539429000138],[100.45378429600015,13.8895464900001],[100.45385619000001,13.889559887000019],[100.4540001250001,13.889586062000149],[100.45405413200007,13.88959565100015],[100.45410815000008,13.889604651000184],[100.45421609100003,13.889620869000112],[100.45476692200009,13.889700517000108],[100.45513429300019,13.889754843],[100.4552059350001,13.889765944000146],[100.45529505000007,13.889780421000182],[100.45538410400013,13.88979522500017],[100.45545544800018,13.889807670000039],[100.45577688800017,13.889866681],[100.45586601800005,13.889883782000084],[100.45590174000017,13.889891302000024],[100.45593756500006,13.88989934000017],[100.45608058300013,13.88993273200009],[100.45615227400015,13.889948952000168],[100.45662953300007,13.8900535840001],[100.45667292900015,13.890063097000109],[100.45672690800006,13.890074380000044],[100.45677965300007,13.890084660000014],[100.45690297500016,13.890107470000146],[100.45697356100015,13.89011986700018],[100.4570084340001,13.890125447000116],[100.45706011300018,13.890132934000121],[100.45711188600012,13.89013977500008],[100.45714645500004,13.890143885000043],[100.45718150600004,13.890147524000099],[100.45721660200007,13.890150787000096],[100.45730443300016,13.890157873000135],[100.45737403200013,13.890161641000077],[100.45752907000019,13.890166297000121],[100.45758070700009,13.890168529000107],[100.457631493,13.890171879000036],[100.45771608500013,13.890178456000172],[100.45776686400012,13.890182020999987],[100.45780226100015,13.89018397100017],[100.45790851900006,13.89018871400009],[100.45796033100004,13.89019142300009],[100.45802589700014,13.890195843000072],[100.45807502400004,13.890199749000033],[100.45813025200016,13.890204859000107],[100.45818543300004,13.890210418000152],[100.45824057300018,13.890216372999987],[100.45827726900018,13.890220764000105],[100.45829558300011,13.89022320200013],[100.45833084500015,13.890228476],[100.45836601600013,13.890234293000049],[100.45840113400004,13.890240495000057],[100.45849145900013,13.890257714000143],[100.45858163300011,13.890275811000095],[100.45863438700007,13.89028743900019],[100.45866789900015,13.890295514000059],[100.45870131400017,13.890303956000025],[100.45875116700012,13.89031737400012],[100.45879964900007,13.890332455000191],[100.45880025400004,13.890332646000104],[100.45880148000009,13.890333141000042],[100.45883981900016,13.890348581000126],[100.45886371900019,13.890360504000114],[100.45887064900006,13.890364579],[100.4589032070001,13.890383732999965],[100.45891831400019,13.890393513000106],[100.45899255800009,13.890444683000055],[100.45915477900013,13.890559029000087],[100.45939101800002,13.890724699000145],[100.45943493300001,13.890756099000043],[100.45949284700004,13.890798391000033],[100.45996776800018,13.891157166000141],[100.46042175600007,13.891423421000013],[100.46106242200011,13.891809742000135],[100.46158928300014,13.892101935000028],[100.4616279550001,13.892118722000077],[100.46179131500014,13.892178515000182],[100.46180251800007,13.892179665000072],[100.46182115600004,13.892175907000137],[100.4621772430001,13.891973585000073],[100.46236012300011,13.891974715000174],[100.46241558399998,13.891981296000097],[100.46247106400017,13.891992483000024],[100.4624929160002,13.891998690000094],[100.4625272770001,13.89201256500013],[100.46254080200009,13.892020861000105],[100.46258000900019,13.892049457000155],[100.4626033940001,13.892072437000081],[100.46266378600012,13.892142016000093],[100.46299955300009,13.89254083000003],[100.46303781800015,13.892587864],[100.46305402700017,13.892601935000016],[100.46308148200006,13.892608074000066],[100.46407666500005,13.892462492000107],[100.46413650200009,13.892453747000047],[100.4641709830002,13.892446346000042],[100.46456999700018,13.892343266000012],[100.46470702700014,13.89231244900003],[100.46474054700008,13.892306050000172],[100.46476684200002,13.892305892000138],[100.46478498200014,13.892306667000128],[100.46482584200015,13.892313510000065],[100.46507888400009,13.892385579000063],[100.46519549200013,13.892409419999979],[100.46521880800015,13.892411302000141],[100.465229121,13.892410322000046],[100.46529419300009,13.892404979000048],[100.46549554100005,13.892376829000057],[100.46562088000019,13.892367699000033],[100.46603978500013,13.892349923000154],[100.46605712800005,13.89235749900007],[100.4660651050001,13.892375882000067],[100.46610109200014,13.892515882999987],[100.4661908770002,13.892865190000066],[100.46619704000005,13.892872480000108],[100.46620814800008,13.892875662000051],[100.46623330300014,13.892875511000113],[100.466272571,13.892870667000068],[100.46670442100003,13.892798972000094],[100.46672166700006,13.89279118800016],[100.4667294520001,13.892778853000095],[100.46671598500012,13.892637649000164],[100.4667181280002,13.892632313000036],[100.46672217700007,13.8926222610001],[100.46674572200016,13.892617503000054],[100.46683376200019,13.892610176000062],[100.466925141,13.892602566000164],[100.46701296200007,13.892592009999987],[100.46719819100002,13.892584338000063],[100.4674317940001,13.892559842000026],[100.46761009300019,13.892549201000122],[100.46829422100012,13.89250450000003],[100.46828955199999,13.892464786000119],[100.46828765000004,13.892444062000038],[100.46828121800002,13.89217881400009],[100.46828048600014,13.89214868099998],[100.46828476800016,13.892127055000174],[100.46828747400019,13.892114821000064],[100.46828820300016,13.89211148000004],[100.46829611300012,13.892101934000152],[100.4683066770001,13.892094958000087],[100.46831814400008,13.892090572000086],[100.46833934200004,13.892086129000177],[100.46844812800015,13.892074563000108],[100.46847844500007,13.892071830000134],[100.46851856400014,13.892067360000112],[100.46862341600013,13.892053824000072],[100.46867137300006,13.89204688],[100.46871964800005,13.892038970999977],[100.46875183400005,13.892033154000103],[100.4687873470001,13.892026126000076],[100.46885827000017,13.892011390000107],[100.46889378200007,13.892004300000053],[100.46891159000012,13.89200097000014],[100.46894713600005,13.891994895000096],[100.46900063300012,13.891986646000191],[100.4690542040002,13.891978820000077],[100.46941159700003,13.891927871],[100.46946519500005,13.89192001900011],[100.46951911400015,13.89191140600019],[100.46955508299999,13.891905107000127],[100.46959087700014,13.891898156000138],[100.46960865400007,13.891894288000174],[100.46962632000015,13.891890042],[100.46964381900005,13.891885267000077],[100.469659476,13.891880378999986],[100.46967499300018,13.891875043000084],[100.46970570600013,13.89186338200011],[100.46972093800014,13.891857173000062],[100.46975117200014,13.891844164000133],[100.46978277000011,13.891829559000087],[100.46981574900008,13.891813400000046],[100.46993034900015,13.891755120000028],[100.46997962200004,13.891730574000121],[100.47001278600015,13.89171500499998],[100.47002955500017,13.891707683000106],[100.47004651000009,13.891700828000182],[100.4700631520002,13.891694725000093],[100.47009693200016,13.891683726000167],[100.47013108800013,13.891673686000047],[100.47018266700007,13.891659454000092],[100.47025168800019,13.891641269000104],[100.47028631400019,13.891632666000021],[100.47032109000008,13.891624759000024],[100.47033838100015,13.891621265000083],[100.47037308500018,13.891614894000156],[100.47042534100007,13.891606246000151],[100.47049518600005,13.89159557700009],[100.47054709000008,13.891588432000106],[100.47059790600002,13.891582265000011],[100.47066578400018,13.891574909000155],[100.47071717000017,13.891570115000093],[100.47080290500003,13.891562934000149],[100.4708715480001,13.891557877000139],[100.47092419100011,13.891554814000187],[100.47099442500007,13.891551285000162],[100.47113492200009,13.89154469100015],[100.47120518700012,13.891541761000042],[100.47127662100019,13.891539521000027],[100.47152674500006,13.891532859000051],[100.47158033200014,13.891531874000066],[100.47161605200012,13.891531800000052],[100.4716503040001,13.891532565000034],[100.47168448800005,13.891534230000048],[100.47170152900014,13.891535487000056],[100.47171852800005,13.8915371060001],[100.47173545600003,13.891539184000123],[100.47175257000004,13.891541853000092],[100.47176963200019,13.891544963000172],[100.47187120100017,13.891565652000168],[100.47190497500009,13.891572069000063],[100.47193879800017,13.891578063000054],[100.47197270800012,13.891583340000011],[100.47198970099998,13.891585559000134],[100.47200672800011,13.891587372],[100.4720240040001,13.89158870700004],[100.47204130400013,13.891589609000107],[100.47207600100006,13.891590521000182],[100.47211176900015,13.891591161000065],[100.47212753200012,13.891590246000078],[100.47214548400018,13.89158989900011],[100.47216285700011,13.891589255999975],[100.47219673100011,13.891587357000105],[100.47231521300012,13.891578910000021],[100.47233215000017,13.891577995000034],[100.47236374200014,13.89157684300011],[100.47239533800007,13.891576326000177],[100.47242694800002,13.891576488000169],[100.47244503200011,13.89157692700013],[100.4724812120001,13.891578403000096],[100.47253545800015,13.891581475000123],[100.47258964500008,13.89158535900009],[100.47262604500008,13.891588661000014],[100.4726809980001,13.89159498700019],[100.47271726500014,13.891600144],[100.47277110500016,13.891609132000042],[100.4728247450002,13.891619225000056],[100.4728603050001,13.891626787000178],[100.4728777790001,13.891630893000126],[100.4729125880001,13.891639687000179],[100.47296460700005,13.891653639000083],[100.47312039900015,13.891696661000083],[100.47318938000006,13.891716565000138],[100.4732229080002,13.891727123000123],[100.47327170100004,13.891743937000115],[100.47330391000014,13.891755996000086],[100.47335037600004,13.891774968000107],[100.47341172900008,13.891801698000165],[100.4734435270002,13.891816108000114],[100.47349300100007,13.89183905200008],[100.47367392799998,13.891924213999971],[100.47370659400002,13.89194007500015],[100.47373894800006,13.891956467000114],[100.47375492400016,13.891965012000185],[100.47377068500009,13.891973895000092],[100.47378636800005,13.891983299000174],[100.47381718800011,13.892003037000052],[100.47389345800008,13.892053829000133],[100.4739186970001,13.892069690000142],[100.47393147800017,13.892077345000132],[100.47395743100009,13.892091957000105],[100.47398271300005,13.892104693000078],[100.47399557400013,13.892110600000137],[100.47401085900009,13.892117164000126],[100.47402631400001,13.892123312000138],[100.47404192900018,13.892129078999972],[100.47405769500006,13.89213442199997],[100.47407361100011,13.892139305000114],[100.47408792100009,13.892143199000088],[100.47410235600012,13.892146713000045],[100.47413147300011,13.892152726000063],[100.47414613600017,13.89215525100019],[100.47416214500015,13.892157617],[100.47417820600015,13.892159620000086],[100.47421044800018,13.892162684000027],[100.4742266020001,13.892163716000084],[100.4742427810001,13.892164369000056],[100.4742599880002,13.892164565000087],[100.47427720000019,13.892164355000034],[100.47431159100012,13.892162885000118],[100.47434590199998,13.892160136000143],[100.4743629960002,13.892158179000091],[100.47437960600013,13.892155818000163],[100.47441265100014,13.892149952000011],[100.47442908500005,13.892146516000082],[100.47446249500013,13.89213854500008],[100.47449561800016,13.892129518000104],[100.47451205100015,13.89212461700015],[100.47452837399999,13.892119416000185],[100.47454456700018,13.892113836000078],[100.47456097400004,13.89210768099997],[100.47457724300006,13.892101157000184],[100.47460951500005,13.892087420000166],[100.4746737170002,13.89205899700005],[100.47470596000011,13.892045101000122],[100.47473862400017,13.89203181300013],[100.47477153400007,13.89201917600002],[100.4748019450002,13.892008223000119],[100.47482982500014,13.891998945000068],[100.47486496400012,13.89198842999997],[100.47491813200008,13.891974109000103],[100.47497165099998,13.89196097700011],[100.4750254290002,13.891948753000179],[100.47567174100004,13.891806345000077],[100.47579734800019,13.891778405000082],[100.47586753700006,13.891762064999966],[100.47605625500006,13.891716354000039],[100.47610864300009,13.891704297],[100.476216965,13.891680973],[100.476542338,13.89161266700006],[100.47661448300005,13.891596836000076],[100.47665032700019,13.891588083000158],[100.47666699800004,13.891583612000034],[100.47668359400018,13.891578895000123],[100.47671662900012,13.891568703000132],[100.47674947900003,13.89155772600003],[100.47678218900006,13.891546317000063],[100.4768310720001,13.891528711000035],[100.4768634790002,13.891516562],[100.47689556700004,13.89150378000005],[100.47691141799999,13.891497002000165],[100.47692706800007,13.891489819000014],[100.47694163400018,13.891482590000066],[100.47695601700008,13.891474981000044],[100.47698430700007,13.891458911000143],[100.47701205700008,13.891441918000055],[100.47703920600009,13.891424011000083],[100.47705180800006,13.89141513400017],[100.47707646900005,13.891396650000047],[100.47709048500019,13.891385522000178],[100.47713166200009,13.891351040000188],[100.47717224500019,13.891315828000131],[100.47722601800012,13.891268505000028],[100.47725268500011,13.89124464200006],[100.47727901700011,13.891220445000101],[100.47729196000006,13.891208132000088],[100.47731734500013,13.891182908000133],[100.47735460900014,13.891144265000037],[100.47756286800006,13.89092250200008],[100.47758710800014,13.890896191000138],[100.4776110470001,13.890869626000153],[100.47763424600015,13.890843055000175],[100.47770321600012,13.890762828],[100.47772482200014,13.890738704000114],[100.47774492600007,13.890717114000154],[100.47776543000015,13.890695875000063],[100.47778973700014,13.890671672999986],[100.4778143810002,13.890647795000177],[100.47791366400014,13.89055292400002],[100.47795031200019,13.890516793000188],[100.4779755470002,13.89049081100012],[100.47800044700011,13.890464513000097],[100.4781114750001,13.890345224999976],[100.4781365030002,13.890319139000155],[100.47814763700006,13.89030814300014],[100.47817542600012,13.890277220000144],[100.47821404900003,13.890242046000083],[100.47825393700015,13.890211076000185],[100.47829077699998,13.890185554000027],[100.47832641100013,13.890164848999973],[100.47835592000013,13.890150211000048],[100.47840754700007,13.890127962000065],[100.47843955600013,13.890114165000057],[100.47846045900019,13.890103189000058],[100.47848810000005,13.89008616200016],[100.478517544,13.890061275000107],[100.47853712800003,13.890038867000044],[100.47855057700019,13.890019515000063],[100.47856154400012,13.889998960000014],[100.4785700290002,13.88997480900008],[100.47858257600006,13.889928512000097],[100.47859473400018,13.889883692000069],[100.47860261600016,13.889865715000099],[100.47860850600011,13.889856914000177],[100.47861587200015,13.889850010000146],[100.4786204190001,13.889847379],[100.47863393000006,13.889840685000024],[100.47865115400009,13.889835161000065],[100.47867026200004,13.889833236000186],[100.4786869260002,13.889834945000075],[100.4787073060001,13.889839641000094],[100.47881596000019,13.889876103000063],[100.47882995500004,13.889880087000051],[100.47884741200016,13.889884299000073],[100.4788649090001,13.88988760900014],[100.47888241700008,13.88988984200006],[100.47889986300015,13.889890717000071],[100.47891179700002,13.889890371000035],[100.47892364400008,13.889889187000108],[100.47893788700009,13.88988661999997],[100.47895193300019,13.889882986000032],[100.47896574800018,13.889878392000185],[100.47897928500015,13.889872933],[100.47899251800004,13.889866631000189],[100.47900764600007,13.889858161],[100.47902235100014,13.889848794000045],[100.47903675400016,13.889838785],[100.4790509190002,13.889828301000023],[100.47907867499998,13.88980635500019],[100.47910571,13.889783452000131],[100.47911890000006,13.889771640000049],[100.47913179800003,13.889759538000135],[100.47914451300011,13.889746926000157],[100.4791691800001,13.889720983000018],[100.47919327400018,13.88969450400009],[100.4792529400001,13.889627892000078],[100.47927713500007,13.889601599000116],[100.47930195600009,13.889575813000135],[100.47932740400006,13.889550536000058],[100.47935317000008,13.88952557500005],[100.47935724700011,13.889521683000055],[100.47955478300014,13.889347785999973],[100.479572765,13.889330807000078],[100.47960055400011,13.889304138000114],[100.48003244900002,13.88890709900005],[100.48012456800012,13.88882704000008],[100.48013762200014,13.888810895000063],[100.4801489800002,13.888786727000024],[100.48015541600017,13.888764196000182],[100.48016017200007,13.888737657000036],[100.4801600040002,13.88871114900013],[100.4801565910002,13.888690293000025],[100.48014826600013,13.88867427700012],[100.48013583600016,13.8886590890001],[100.48009400400008,13.888632790000145],[100.48008094200009,13.888623424000116],[100.48006632400012,13.888613767000095],[100.48005129100017,13.888604342000122],[100.48000533800018,13.888576478000118],[100.4799902060002,13.888566983000146],[100.47997539700015,13.888557186000128],[100.47996110899999,13.888546962000134],[100.47994755900015,13.888536098000145],[100.47993506000006,13.888524363000158],[100.47992456499998,13.88851242100003],[100.4799152400002,13.888499606000153],[100.47990711100016,13.888486026000066],[100.47990057500016,13.88847259500011],[100.47989500200015,13.888458690000164],[100.47989024900016,13.888444409000101],[100.47988627100005,13.888429867000127],[100.47988305100012,13.888415136000106],[100.47988068900008,13.888400276000084],[100.47987922500016,13.88838467800008],[100.47987885500015,13.888369118000185],[100.47987985600014,13.888351721000106],[100.47988228700007,13.888334661000101],[100.4798861760001,13.888318103000131],[100.47989170500011,13.888302312000178],[100.47989921900006,13.888287587000093],[100.47990647400019,13.888277329000118],[100.4799149430001,13.888267842000175],[100.4799244300001,13.88825909700006],[100.47993757699999,13.888249096000038],[100.47995176,13.88823998000015],[100.4799666610001,13.888231493999967],[100.47998208000007,13.888223483000104],[100.47999784400014,13.888215795],[100.48003000000011,13.888201150000157],[100.48006261300003,13.888187181000148],[100.48009551900009,13.888173953000091],[100.48012852300019,13.888161932000116],[100.48016159800017,13.888151051000023],[100.48019483100018,13.888140733000057],[100.48027807500011,13.888116006000018],[100.48032863100002,13.888101619000167],[100.48046647900009,13.888063982000176],[100.48051799200016,13.888049458000012],[100.48055216400013,13.888039222000089],[100.48064157500016,13.888010768000015],[100.4806758740001,13.88800062000007],[100.48076183000006,13.88797585900005],[100.48079593000006,13.887965659000088],[100.48084660300009,13.88794978900006],[100.48091390700017,13.887927860000104],[100.48096258700008,13.887911198000154],[100.48102618300004,13.887888505000149],[100.48107366300002,13.887870942000177],[100.48112216500016,13.88785199500012],[100.48120363900011,13.887818725000045],[100.4813500520001,13.88775806600006],[100.48139833300007,13.887736967000023],[100.4814299360001,13.88772204200012],[100.4814454910001,13.887714188000189],[100.4814607990001,13.887705965000123],[100.48147578900011,13.887697259000106],[100.48149030500008,13.887687990000131],[100.48150441200005,13.887678150000056],[100.48151810700006,13.887667756000042],[100.48153172600018,13.887656533000097],[100.48154498900016,13.887644880000153],[100.48155800500012,13.887632902],[100.48158355600003,13.8876083560001],[100.4816713960002,13.887520466000126],[100.48170929000014,13.887483064000037],[100.48173498700004,13.887458605000063],[100.48176175300011,13.88743453800015],[100.4817896040002,13.887410897000052],[100.48181784800005,13.887387686000181],[100.48186059500011,13.887353264000183],[100.48190364200008,13.88731921100009],[100.48193258700007,13.887296817],[100.48196088700007,13.887275503000012],[100.48204638200014,13.887212371000146],[100.48207471000018,13.887191137000173],[100.48210268300011,13.887169489000144],[100.48211644700018,13.887158407000129],[100.4821437240002,13.887135281000155],[100.48218377000012,13.887099569000043],[100.48231552200019,13.886978530000079],[100.48236850900008,13.88693042500006],[100.482408749,13.886895313000025],[100.48244936700019,13.886861415000055],[100.48254509400005,13.886783373000185],[100.48262753100016,13.886716922000062],[100.48268447999999,13.886672147000013],[100.48274197500007,13.886628102000032],[100.48275664400012,13.88661725300011],[100.48277336600006,13.886605374999988],[100.48279218800002,13.886592602000121],[100.48280907800017,13.886581616000058],[100.48284320600015,13.886560240000108],[100.48468860300017,13.885474996000028],[100.4851547090002,13.885981653000101],[100.48574339100009,13.886652106000042],[100.48602864300005,13.886994575000074],[100.48629068100007,13.88732421300017],[100.48654661600017,13.887658732000034],[100.4870458260001,13.888338146000137],[100.48777407100005,13.889374244000066],[100.48824649700003,13.890074628999969],[100.48847678100009,13.890428551000127],[100.48891750800004,13.891147512000032],[100.48913699600007,13.891537336000113],[100.48955078700016,13.892309226000066],[100.4897467400001,13.892689237000127],[100.48993342200009,13.893071492000047],[100.4901055140001,13.893457113000068],[100.49025612000014,13.89384748100008],[100.49037630300006,13.894244293000042],[100.49041229700003,13.894419043000084],[100.49205669800011,13.894436676000055],[100.49225547300011,13.89445195900015],[100.4923458520002,13.894458478000047],[100.49241739000007,13.894462928999985],[100.49268323900014,13.894478581000044],[100.4927868420001,13.894485109000072],[100.49285693000002,13.894489939000096],[100.49294842200015,13.89449699000005],[100.49357045700003,13.894546388000037],[100.49364301900016,13.894551596000156],[100.4938947670002,13.894568202000073],[100.49423757900013,13.894594961999985],[100.49432678500006,13.894600562000107],[100.49462932300003,13.894617105000123],[100.49471862800004,13.894622510000147],[100.49482744500011,13.89463021000006],[100.49542583000016,13.89467406500006],[100.49551651200017,13.894680415000039],[100.49557091300017,13.894683592000035],[100.4956252720001,13.894686084000057],[100.49575216300008,13.894691055000067],[100.4958428170001,13.894694260000051],[100.49591536200012,13.89469603900011],[100.49601321000006,13.89469677500017],[100.49606456300012,13.894698243000107],[100.49611708200013,13.894700938000085],[100.4961520110001,13.894703338000056],[100.49618677600006,13.89470653300009],[100.49620404700016,13.894708618000152],[100.49622121400006,13.89471118800003],[100.4962382240002,13.894714417000046],[100.49625294800018,13.894717905000107],[100.49626753300004,13.894721965000087],[100.4962819770002,13.89472652700016],[100.49629903500016,13.894732539000074],[100.49631594200008,13.89473903000004],[100.49633275700012,13.894745849000117],[100.49636619900008,13.894760119000068],[100.49648285200004,13.894811511000057],[100.49659852100007,13.894860387],[100.49667569700006,13.894894852000107],[100.49673698300018,13.894923351999978],[100.49676663900016,13.894937850000133],[100.49679530600014,13.894952557000181],[100.49682359100007,13.894967895000036],[100.49683754000006,13.894975878000082],[100.49685131700005,13.894984145000137],[100.49687913000014,13.895002159],[100.49690643000008,13.895021006000093],[100.49696067700006,13.895059339000113],[100.49698815800008,13.895077981999975],[100.49700260500015,13.895087267000122],[100.49703197000014,13.895105022999985],[100.49704688000014,13.895113462000097],[100.49706196700009,13.895121549000123],[100.49707724300009,13.895129170000132],[100.49709277500011,13.895136192],[100.49710816800007,13.895142321000094],[100.49712382500002,13.895147758000064],[100.49713970500011,13.895152482000128],[100.49715579800011,13.895156437000026],[100.49717247300015,13.895159632000173],[100.49718932200005,13.895162117000098],[100.49720629200004,13.895164072],[100.49722334800003,13.895165624000128],[100.49725762500009,13.895167788000151],[100.49729199000018,13.895168874000035],[100.49730918400019,13.895168957000124],[100.49732637200003,13.895168648000038],[100.49734404100013,13.89516785000012],[100.49736169800008,13.895166659000154],[100.49737934500001,13.895165179],[100.49741460100012,13.895161629000086],[100.49746738600015,13.895155321000061],[100.49750247500009,13.89515045200011],[100.49751996200001,13.895147721000171],[100.49753752700013,13.895144710000181],[100.49757256300006,13.895138122000162],[100.49764242900011,13.895123835000163],[100.49772954600013,13.895105088000093],[100.49778157800017,13.895092925000085],[100.49783333300013,13.895079276000104],[100.49790199,13.89505979800009],[100.49795327800018,13.895044527000152],[100.49798727900009,13.895033799000146],[100.49800426300004,13.895028148000108],[100.49803806800008,13.895016425000165],[100.49808859000018,13.894998282000131],[100.49830708400015,13.894918430000132],[100.49835767000008,13.894900474000053],[100.49839156500013,13.894889011000089],[100.49844207500001,13.894873224000094],[100.49849284100014,13.894858179000039],[100.49857765000013,13.894833712000036],[100.49864568300018,13.89481478900018],[100.49871525100008,13.89479679100009],[100.4988024290002,13.894775094000181],[100.49885480900008,13.894762385999968],[100.49890733300015,13.894750307000152],[100.4989610790002,13.894739172000016],[100.4990149690002,13.894728672000042],[100.49933879100018,13.894667515000037],[100.49941065800016,13.894653452000057],[100.4994464080001,13.894645703000037],[100.49947956199998,13.89463756300006],[100.49951242200007,13.894628472000079],[100.49952870100009,13.894623490000072],[100.49954485000006,13.89461813000014],[100.49956059100003,13.894612426000037],[100.49957620300006,13.894606366000062],[100.49959171200004,13.894600036000043],[100.49962248600008,13.894586766000032],[100.49966809400013,13.89456566300015],[100.49969799400014,13.894550650000042],[100.49971270100019,13.894542719000015],[100.49972833700008,13.894533750999983],[100.49974377500007,13.894524448000027],[100.49977426700013,13.89450516700009],[100.49981950600005,13.894475398000054],[100.49992463700016,13.894405182000128],[100.49996999600006,13.894375507000063],[100.5000155080001,13.894347025000172],[100.50006128000018,13.894319360000111],[100.50015333100004,13.894264780000015],[100.50018424800004,13.894247255000096],[100.50019982000009,13.894238877000134],[100.50021551800012,13.894230907000178],[100.50023139100011,13.89422351800016],[100.5002475030002,13.894216957000083],[100.50026393400003,13.89421152400007],[100.50028017300008,13.894207601000176],[100.50029671100003,13.894204800000068],[100.5003134700001,13.894202897000127],[100.50033038700013,13.89420176800013]]]}},{"type":"Feature","properties":{"districtCode":"TH1202","provinceCode":"TH-12","nameTh":"อำเภอบางกรวย","shapeName":"Bang Kruai","shapeISO":"TH1202","shapeID":"TH1202","shapeGroup":"THA","shapeType":"ADM2","labelPoint":[100.4064903,13.81275664]},"geometry":{"type":"Polygon","coordinates":[[[100.42580041700012,13.83624236500009],[100.42638379300007,13.835400642000025],[100.426445569,13.835312295000051],[100.4264772360001,13.835268436000092],[100.42650940900018,13.835224818000029],[100.42675762400017,13.834891488000153],[100.42681134500009,13.834818859000109],[100.42683256900006,13.834789627000191],[100.426853381,13.834760254000116],[100.42691446100008,13.834671618000073],[100.42693460500016,13.834642926000186],[100.42695455200015,13.834615108000037],[100.42698485500006,13.834573666000153],[100.42701566500011,13.834532655000032],[100.42706945000003,13.834464431000072],[100.42714199599999,13.834368858000062],[100.42717354400014,13.834328240000104],[100.42719536700008,13.83430180300013],[100.42720689200007,13.834288665000088],[100.42723060300017,13.834262927000111],[100.42725482900005,13.834237606000045],[100.42734046499999,13.834149654000043],[100.42736477300008,13.834123998000052],[100.4273889750001,13.834097881000105],[100.42744891799998,13.834032063],[100.42760873600008,13.8338648940001],[100.42764039800005,13.833821215000171],[100.42766516600011,13.833795683000176],[100.42767786500019,13.833783238000137],[100.42770438399998,13.833758852000074],[100.42773161200012,13.833735170000068],[100.42780085700008,13.833677139000145],[100.42799564800015,13.833515566000187],[100.42805150600014,13.833469648000118],[100.42809260800016,13.833436506000055],[100.42817518600003,13.833370658000092],[100.42825793600014,13.833305017999976],[100.42829950100014,13.83327243600013],[100.42835688500008,13.833228346000055],[100.42848649000007,13.833129749000136],[100.42854418900015,13.833086069000103],[100.42857321600013,13.833064466000167],[100.42860109000014,13.833044329000188],[100.42898472900015,13.832827992000148],[100.42955868700005,13.832504326000162],[100.42975760500013,13.832411921000073],[100.42986767400009,13.832365656000093],[100.42992290700016,13.832348032000027],[100.43009051300015,13.832294541000124],[100.4301853820001,13.832264270000053],[100.4302955550001,13.832225988000062],[100.4303310210002,13.832213662000129],[100.43036750300018,13.832200991000036],[100.43043174900015,13.832179649000068],[100.43058153700014,13.832118122],[100.43064241100018,13.832086267000136],[100.43083532900016,13.831985301000145],[100.43107691900008,13.831858871000122],[100.43123457900015,13.83177635900006],[100.43126628700008,13.831758015000162],[100.43129781000016,13.83173934600012],[100.43191647900011,13.831366820000028],[100.43338716500011,13.83043728500013],[100.4335140870001,13.830370184000174],[100.43385682500002,13.830198132000135],[100.43477449600005,13.82976097400001],[100.43507458300007,13.829618020000112],[100.43566821100018,13.829353898000079],[100.43610703800016,13.829167893999966],[100.4377247600001,13.828619027000116],[100.4395357090001,13.827986024000097],[100.43979072000013,13.827932804000113],[100.43984399800007,13.827921679000156],[100.43985350200018,13.827920618000178],[100.44015171100006,13.827887343000157],[100.4411213200001,13.827845434000153],[100.44164372800014,13.827904573000183],[100.44175420100015,13.827924660000122],[100.4418775100001,13.827961262000144],[100.44273885500007,13.828190209000184],[100.4436464580001,13.828431445000092],[100.44378373400008,13.828482534000102],[100.44402525000004,13.828594739999971],[100.444195094,13.828673650000098],[100.4448828850002,13.82896669400003],[100.44498332000006,13.829010040000071],[100.44503342300004,13.829032608000148],[100.44508339700008,13.829055767000057],[100.44536598000008,13.829188280999972],[100.44544619600015,13.829224152],[100.44569733300006,13.829336462000072],[100.44580793500018,13.829377282000053],[100.4459100000002,13.829409858000133],[100.446088588,13.82946272300012],[100.44659867100006,13.829616696000187],[100.44689184200007,13.829705195000145],[100.44784049400005,13.829991553000184],[100.44790994300018,13.830007236000142],[100.44818051200008,13.83006834400004],[100.44840067900009,13.830111259000148],[100.44921311700017,13.83026961600018],[100.4492614510001,13.830277282000111],[100.45050717900011,13.830474878000132],[100.45234550600009,13.830692351000096],[100.452484292,13.830708768000136],[100.45314140100015,13.830822649000027],[100.45386796200012,13.830948566000075],[100.45545385500014,13.831046007000054],[100.45610602900013,13.831005989000118],[100.45631674200007,13.830977936000181],[100.45635171500004,13.830969914000036],[100.45761273300008,13.830680706000123],[100.4579553160001,13.830554982000024],[100.4582451730002,13.830443347000084],[100.45913506400018,13.830072598000072],[100.45957767800002,13.829840942999965],[100.46040024500013,13.829333432000169],[100.46133001100014,13.828728592000061],[100.46137470000002,13.828698758000087],[100.46141879600015,13.828668140000048],[100.46144796200008,13.828646642000024],[100.46179324200006,13.8283848210001],[100.46231500900012,13.828009206000047],[100.46301201500006,13.82756740300016],[100.46365302400005,13.827161086000046],[100.46498391700015,13.826215176000119],[100.46558389800015,13.825730487000044],[100.46602201200017,13.825329969000109],[100.4665926780001,13.825973297000075],[100.46663819700007,13.82602022900005],[100.4672350730001,13.826633338000079],[100.46751395900003,13.82688848100014],[100.46791147300007,13.8272521560001],[100.46798594800009,13.827328040000168],[100.46818455600004,13.827530402000036],[100.46861109500009,13.827949902000114],[100.46871757000008,13.828065268000046],[100.46877965200008,13.828131182],[100.46882936700018,13.828192150000064],[100.4688604750001,13.828236157000049],[100.4688766380001,13.828263834000154],[100.46888531700017,13.828284808000092],[100.46889223600016,13.828323731000012],[100.46889971000007,13.82862833500019],[100.46891080600005,13.828689565000104],[100.46892811400011,13.828723432000174],[100.4689732610002,13.828772856000171],[100.4694037660002,13.829206960000022],[100.46946994800015,13.82927083900006],[100.4694852130001,13.829277690000026],[100.46950218900008,13.829279450000172],[100.46951796100012,13.829278586999976],[100.46953859500007,13.829272194999987],[100.4698227680002,13.829152219000036],[100.46983646400008,13.829150799000104],[100.46984220500013,13.829153215000076],[100.46985913000003,13.82916357199997],[100.46988785100018,13.829188426000087],[100.46999768700005,13.829294447000052],[100.47005282000009,13.829342337000128],[100.470053377,13.829342852000082],[100.47005393200016,13.829343366000103],[100.47065130300012,13.829861529000084],[100.47066461200006,13.829872988000034],[100.47070315900015,13.829900878000046],[100.47081399700005,13.829986048000023],[100.47108185000013,13.83019187900004],[100.47111980600005,13.830217043],[100.47113028900014,13.830223190000083],[100.47116987600015,13.83024223800004],[100.47123058600016,13.830267822000053],[100.4712481950001,13.830275246000099],[100.4713073040001,13.830304351000109],[100.47136094600012,13.830334831000187],[100.47139121800012,13.830354735000014],[100.47142782400016,13.830386533000024],[100.47143255399999,13.830390644999966],[100.47152073900008,13.83046644500007],[100.47157035700013,13.83051167900004],[100.47160478400002,13.830538257000114],[100.47164899500007,13.830565905000128],[100.47166907000002,13.830574901000148],[100.4717106290002,13.830589847000113],[100.47179574400002,13.830613440000036],[100.4718369580001,13.830629265000027],[100.47187269500012,13.830646456000125],[100.47191395900012,13.830670316000123],[100.47211949900009,13.830829347000076],[100.47221279100017,13.830901532000098],[100.47224722600009,13.830929447000187],[100.472296841,13.830973339000082],[100.47258135100009,13.831223935000025],[100.47262059700017,13.831258506000097],[100.472655363,13.831292706000113],[100.47267307700008,13.831313978000082],[100.47287608900018,13.83155774200003],[100.47302404300012,13.831767097000181],[100.47342985600005,13.832336845999976],[100.47343019800007,13.832337326000015],[100.47343701800014,13.832345509000106],[100.47344611400018,13.832343583000124],[100.47400228700008,13.83183174900006],[100.47410351400003,13.83173873000004],[100.47440702400007,13.832056188000024],[100.47449899800006,13.831971985999985],[100.47459868900006,13.831897657000184],[100.47469092400013,13.831833501000176],[100.47465908100008,13.83178267900007],[100.47483444700003,13.83167784300008],[100.47496794900007,13.831647349000036],[100.47505179300003,13.831608291],[100.4755629610001,13.831345912000074],[100.47560284700018,13.831336749000116],[100.47589466300019,13.831289922000053],[100.47603061400014,13.831269238000118],[100.47615884600009,13.831254349000062],[100.47625981900018,13.831247526000084],[100.47636702500017,13.831240699000148],[100.47643357200008,13.831238561000134],[100.47662694000007,13.831227447000117],[100.476740883,13.831237557000065],[100.47686421700007,13.83125519400005],[100.47688198800006,13.831259711000143],[100.476928784,13.83128047300005],[100.47707070600006,13.83134344500013],[100.47709783500005,13.831355485000074],[100.47710497400004,13.831362376000186],[100.47706238800004,13.831506721000153],[100.47705749700009,13.831523297000103],[100.47707444600019,13.831547023000098],[100.47707775499998,13.831551654000066],[100.47709448900014,13.831575078000014],[100.4771098990002,13.831580761000055],[100.47732739600013,13.83161104400017],[100.4773963510001,13.83162064000004],[100.47740343800001,13.831619444000125],[100.47741385500012,13.83158355400019],[100.47747179800018,13.831394836000015],[100.47758379300012,13.831149645000096],[100.47759194999998,13.831131779000032],[100.47759269000005,13.831115662],[100.47753468500014,13.83107023100007],[100.47754951200005,13.830876548000163],[100.47755896400014,13.830777189000173],[100.4775874610001,13.83023270700005],[100.47759834599998,13.829645471000163],[100.4776121220001,13.829129471000101],[100.47762096300016,13.828791280000075],[100.47762309500018,13.82848409900015],[100.47761055500001,13.828441491000035],[100.47761235400009,13.828232601000138],[100.47762785900005,13.82823190199997],[100.4779387480001,13.828217872999971],[100.47824049700012,13.828206377000072],[100.47846315400017,13.828200239000125],[100.47860321900009,13.828194568000072],[100.47872324200017,13.828191520000189],[100.47873835000019,13.828190142000096],[100.478791237,13.828185320000046],[100.478969297,13.828167985000107],[100.47956307300012,13.828173064000111],[100.47995514600012,13.828164801000014],[100.47997002800014,13.828164485000173],[100.47997643100001,13.827680227000087],[100.47997436300005,13.827540408000175],[100.47996936600009,13.827497677000053],[100.47996428500011,13.827442237000128],[100.47994723,13.827340936000155],[100.47994709199997,13.827340118999984],[100.47994695600016,13.827339310000013],[100.47993438200018,13.827287052000145],[100.47991229800016,13.827214726000022],[100.47984760800011,13.827000754999972],[100.47968964200004,13.826449204000085],[100.47964274200007,13.826278515000126],[100.47962007100006,13.826196013000015],[100.47956945600004,13.826009134000117],[100.47948598700015,13.825647590000017],[100.47942076100009,13.825355973000171],[100.47934777600017,13.825016906000087],[100.48008248700012,13.824806397000145],[100.48010896700015,13.824794102000112],[100.48015043000015,13.824758006000138],[100.48045096300001,13.824211146000039],[100.48048062900017,13.824153454000054],[100.48051126400014,13.824093871000173],[100.48051133600012,13.824093702000084],[100.48051140600018,13.824093536000078],[100.4805164230001,13.824071458],[100.48051647000005,13.8240711790001],[100.48051651700013,13.82407090200013],[100.48051578100007,13.824039354000035],[100.48044778400003,13.823781996000037],[100.4804324590001,13.823724005000145],[100.48043187800016,13.823713971000188],[100.48043233900012,13.823701353000047],[100.48043788600012,13.823685428000033],[100.48045911100019,13.823657694000076],[100.48047099500008,13.823644840000043],[100.4805298920001,13.823587098000075],[100.48063995800015,13.823494299000117],[100.48082573100015,13.82333767300014],[100.4808589390002,13.82330036999997],[100.48088581600007,13.823262346000035],[100.4808984010001,13.823238788000026],[100.48089844100014,13.823238709000123],[100.4808984780002,13.823238627000137],[100.4809136,13.823223666000047],[100.48104813900005,13.823143673000061],[100.48108198200009,13.82311019000008],[100.48108998000004,13.823089148000065],[100.48109318600012,13.823059271000034],[100.48110302300017,13.82301302000019],[100.48108403600008,13.822947151000164],[100.48105633900019,13.822838443000023],[100.48104930500017,13.822793948000026],[100.48105591100017,13.822770813000147],[100.48109281300003,13.822744244000148],[100.48109770400015,13.822741539],[100.481384623,13.82258286900003],[100.48151368800012,13.822546325000019],[100.48155427900019,13.822545135000098],[100.481655241,13.82253641300008],[100.48172850700007,13.822523799000123],[100.48180592100005,13.822511160000033],[100.48183637900007,13.822513683000182],[100.4818668370001,13.822516202000088],[100.48190278900006,13.822511926000118],[100.4819361230002,13.822504],[100.48196055000017,13.822494764000112],[100.48203903600006,13.822424898],[100.48192728900017,13.821983279000165],[100.48186175600017,13.821643923000124],[100.48178911399998,13.821283367000149],[100.48170932200014,13.820835828000156],[100.48227256800004,13.82064910600019],[100.48277834000015,13.820479761000115],[100.48278913600012,13.82047773000005],[100.48279933900017,13.820477668000024],[100.48280584600008,13.82047989300014],[100.48281190900013,13.820484842000099],[100.48281427400008,13.820488724000029],[100.48294370500003,13.820833474000153],[100.48312909100014,13.821223566000072],[100.48315072600002,13.821254056000157],[100.48317979000012,13.821286111],[100.48321127600008,13.821310096000161],[100.48324189500005,13.821327638000184],[100.48327164900019,13.821338739000112],[100.4832997100001,13.821342596000022],[100.48331620300013,13.821342497000103],[100.48334255200012,13.821336697000106],[100.48341005700007,13.821319367000115],[100.48378375300013,13.821213968],[100.48407357100012,13.821145332000185],[100.48436993700011,13.821069407000039],[100.48448275200013,13.821045358000106],[100.4847661020001,13.820999159999985],[100.48484929900013,13.820984085000077],[100.48497564600007,13.82096118800007],[100.48535754400018,13.820891976000041],[100.48541750200019,13.820883794000054],[100.48565997999998,13.820849987000031],[100.48566809500005,13.820846083000049],[100.48567224500005,13.820841981000058],[100.48567568500016,13.820835839999972],[100.48567736700011,13.820826989000068],[100.48567896600014,13.820814252000162],[100.48567035800016,13.820694600000024],[100.48565551100006,13.820561761000135],[100.48563230400003,13.820372281000118],[100.48560956000011,13.820255128000099],[100.48557761400014,13.820010710000133],[100.48553612300014,13.819674397000085],[100.48552084900012,13.819334715000025],[100.48552331500014,13.819206485000109],[100.48554919100013,13.819148633999987],[100.48556594900015,13.819115367],[100.48559286300002,13.819101537000108],[100.4856407060002,13.81909679100005],[100.48589336300006,13.819111288000101],[100.4867961270001,13.819227626000156],[100.48733764900015,13.81927563000005],[100.48766250800014,13.81929610100002],[100.48770899300018,13.819297334000055],[100.4877267440001,13.819012543000042],[100.48772354000005,13.818900532999976],[100.48770467200006,13.818780527],[100.4876857610002,13.818685240000036],[100.48768528800008,13.81866099399997],[100.48768490400005,13.818641250000155],[100.48768754800005,13.818607508000184],[100.48769265400011,13.818578388000105],[100.4878266840002,13.818233219000035],[100.48783928300008,13.818188172000134],[100.48784456499999,13.81815036400019],[100.48800279200003,13.8164427640001],[100.48805213800006,13.816094827000029],[100.48812547800009,13.815627325000094],[100.488167804,13.815296361000037],[100.48818674600017,13.81518751599998],[100.48822851400007,13.815065741000126],[100.4882377780001,13.815043218000142],[100.48829035500012,13.81494420600012],[100.48836590000008,13.81482417500007],[100.48848781300012,13.81464923700014],[100.48850237800019,13.81462396500018],[100.48852235100014,13.81458067200009],[100.48853182500005,13.81454749900007],[100.48853675700008,13.814530217000083],[100.48854746900008,13.814477985],[100.48855997700002,13.814418552000177],[100.48862783900017,13.813993948000189],[100.48865394000012,13.813738791000105],[100.48867674100012,13.813647252000123],[100.48910503000013,13.8130312400001],[100.48913907800011,13.812938651000024],[100.48918771200005,13.812687865000044],[100.48920398100006,13.81264099599997],[100.48922030700015,13.812603122000041],[100.48922542900004,13.812593328000105],[100.48924576700011,13.812554399000021],[100.48927439800008,13.81251254],[100.48929574800007,13.812493906000043],[100.48935802500017,13.812469448000172],[100.48945565600019,13.812445416000116],[100.4894978480001,13.812407294000025],[100.4895397000002,13.812315087000115],[100.48957443000006,13.812264390999985],[100.48965701800012,13.812195376000034],[100.48970092800005,13.812137411000151],[100.48974660800008,13.812066816000083],[100.48979245600015,13.81202326600004],[100.48984195900005,13.811974284000087],[100.4898822250002,13.811923555000021],[100.4898947640001,13.811863977000087],[100.48991274200017,13.811789943000178],[100.4899327490001,13.811744746999977],[100.48996380400013,13.811695877000034],[100.49000949100008,13.81162708100004],[100.49004423700012,13.81157818800017],[100.49007707600009,13.811520295000093],[100.49008428500002,13.811493205000147],[100.49009883000008,13.811458857000162],[100.49011678500005,13.811381217000132],[100.49012799800005,13.811329975000149],[100.49015300600013,13.811255478000078],[100.49016186400019,13.811216870000123],[100.49020958900013,13.811034951000067],[100.49026988100013,13.810881055000095],[100.4903040270001,13.810793892999982],[100.49032178300018,13.810764105000032],[100.49062303400012,13.810376429000087],[100.49128913200019,13.809616876000064],[100.4913407190001,13.809561513000176],[100.49143788500015,13.809653419000142],[100.4918861490001,13.810093053000116],[100.49192439000018,13.810130901000036],[100.4919496120001,13.810156374000087],[100.49197435700012,13.810182265000037],[100.49198661800017,13.810195636000174],[100.4920107060002,13.810222773000191],[100.49205802,13.810277794],[100.49211666100018,13.810347015000161],[100.49215155700006,13.810388769000042],[100.49217444600004,13.810416885000052],[100.492196567,13.810445240000035],[100.492217929,13.810473843000182],[100.49228065000017,13.81056065100006],[100.49236346300017,13.810676963000105],[100.49239394800009,13.81072092300019],[100.49243433300018,13.810781570000131],[100.49246431300014,13.81082445100003],[100.49249510600015,13.810866821],[100.49254705700008,13.810937036000041],[100.4925784620001,13.810979003000057],[100.49261027000006,13.811020707000125],[100.49265337600008,13.811075875000085],[100.49276184100006,13.811213301000066],[100.49280538600004,13.811268142000074],[100.49283839100019,13.811309004000066],[100.4928836360001,13.811363230000154],[100.49299798300007,13.81149782600005],[100.49303253700009,13.811537978000047],[100.49306770400005,13.811577584000077],[100.49307971700011,13.811590530000103],[100.49310497900007,13.811616552000146],[100.49313077400012,13.811642100000086],[100.493183026,13.811692596],[100.49337997400016,13.811881037000092],[100.4934327900001,13.811930707000101],[100.493565278,13.81205420800012],[100.49360456300019,13.812091684],[100.49363020100014,13.812117181000076],[100.49365504600019,13.812143263999985],[100.49369149200015,13.812183145],[100.49401497300005,13.812546312000165],[100.49405113600011,13.81258645700018],[100.49408794600009,13.812625983999965],[100.49411344800006,13.812651676000144],[100.4941531610001,13.812689198000044],[100.49430164600005,13.812824078],[100.49432843200009,13.812848804000112],[100.49435488799998,13.81287386200006],[100.49437996800009,13.812898530000155],[100.49441705100008,13.812936054000033],[100.49451489000006,13.81303715000007],[100.49455112500016,13.813075453000124],[100.49457507200009,13.813101541000151],[100.49465803300012,13.813194811000074],[100.49469391400015,13.813233815999979],[100.49474209900012,13.81328370600005],[100.4948759240001,13.813419753],[100.49491183500015,13.813457458000016],[100.49494721100007,13.813495801000101],[100.49502897200017,13.813585969000087],[100.49508702500009,13.81365066900014],[100.49514589400007,13.813717521000171],[100.49529828400006,13.813891901000034],[100.49533390400018,13.813931713000102],[100.49535819600004,13.813957732000063],[100.495370644,13.81397045600005],[100.49538319900006,13.813982773000077],[100.49540890300005,13.814006841000094],[100.49544825100014,13.814042184000073],[100.49552755000019,13.814112337000154],[100.49555372600008,13.814135995000129],[100.49558022000014,13.814160612000137],[100.49561950999998,13.81419798600001],[100.49565837500012,13.814235760000145],[100.49568386700008,13.814261287000022],[100.49570866900018,13.814287388000139],[100.49572064200004,13.81430079400019],[100.49572989000006,13.814311702],[100.49574768200011,13.814334078000115],[100.49575788500016,13.814347717999965],[100.49579764900011,13.814403059000028],[100.49580778100005,13.814416743000095],[100.49581818400009,13.814430228000049],[100.49582800700011,13.814442336000184],[100.4958482940001,13.814466088000188],[100.4958793040002,13.814501317000179],[100.49590168200007,13.81452723100017],[100.49599020400012,13.81463181600003],[100.49601281700012,13.814657528000055],[100.49603571900008,13.814682142000095],[100.49605890900006,13.814705657],[100.49609453200003,13.814740130000132],[100.49611875900018,13.814762626],[100.4961434870001,13.814784580000037],[100.49616748100016,13.814804752000157],[100.49622980000004,13.814856165000037],[100.49634552700013,13.814954480000097],[100.49644954900003,13.815041281000049],[100.49647510900019,13.815063416000044],[100.49648766600006,13.815074701000185],[100.49650001200018,13.81508620600016],[100.49651283200018,13.815098707],[100.49652541200015,13.815111454000089],[100.4965500880001,13.815137420000099],[100.49658648100018,13.815177],[100.49681512900008,13.815429503000018],[100.49686300100012,13.815482873],[100.49689828500004,13.815523407000171],[100.49691984900005,13.815549210000086],[100.49698386500017,13.815627155000072],[100.49700574200011,13.815652648000139],[100.49701697800015,13.8156651380001],[100.49702905700019,13.815678022999975],[100.4970538620002,13.815703217000134],[100.49709194500008,13.815740244999972],[100.49722053700003,13.815862227000139],[100.49728517600016,13.815922865000175],[100.49731135100012,13.815946786000097],[100.49735049500015,13.815981344000136],[100.49750909300013,13.816117468000016],[100.4975615240001,13.816163292000113],[100.497587383,13.816186774000073],[100.49761298499999,13.816210719000026],[100.49776485700016,13.816356213000176],[100.49779037400003,13.816380252000101],[100.4978159920002,13.816403844000092],[100.49786759400018,13.81644999700012],[100.49795861000007,13.816530017000161],[100.4980109390001,13.816575390000082],[100.49806474000019,13.81662094000012],[100.49814588400011,13.816688769000166],[100.4982002210001,13.816733703000125],[100.4982410230001,13.816766699000027],[100.4982956250002,13.816810027000031],[100.49837807500006,13.816874344000155],[100.49840552600011,13.816895168000087],[100.49848737700006,13.816956273000073],[100.49854505000013,13.817000635],[100.49890294800008,13.81728113400004],[100.49896001100007,13.817326254000022],[100.49900147100016,13.81735971300003],[100.49910971500003,13.817449049000174],[100.4991499140001,13.817482984000037],[100.49917644700002,13.8175060370001],[100.49922890500011,13.817553084000167],[100.49939820500009,13.817707283000061],[100.4994376900001,13.817742413000076],[100.49947694800011,13.817776116000118],[100.49953009000006,13.817820148000067],[100.49957124900004,13.817852930000072],[100.49968199400007,13.817939186000103],[100.49975164200015,13.817992532000119],[100.49979426200008,13.818023759000084],[100.49985257500003,13.818064265000089],[100.49998490700017,13.818153917000018],[100.5000292410001,13.818183475000183],[100.50005907600018,13.81820294400012],[100.50014960600004,13.818260378000048],[100.50040693000017,13.818421905000037],[100.50049997000002,13.818479332000038],[100.50064041700006,13.818565248000084],[100.50068747800009,13.818593480000061],[100.50071912100015,13.818611853000107],[100.50074899200007,13.818628484000158],[100.50083925700017,13.81867729600009],[100.50086916300012,13.818693877000157],[100.50089988000008,13.818711555000164],[100.50109974500003,13.818823519000034],[100.50235003400019,13.819494598000063],[100.50243640900015,13.819379956000148],[100.502647717,13.819121296000048],[100.5028984060001,13.81884354000016],[100.50316251300018,13.818577751000134],[100.5034383630001,13.818323286000123],[100.5037250800001,13.818080354000074],[100.50402256300009,13.817849925000132],[100.50435911800014,13.817614419000165],[100.50470708200015,13.817394539000077],[100.50506522500001,13.817190078000124],[100.50559674100015,13.816927961000033],[100.5073860290002,13.8160455740001],[100.50740059800006,13.816038387000162],[100.50810164900008,13.815882919000103],[100.50893335900014,13.815691751000088],[100.50960412600017,13.815514758000063],[100.50972999600009,13.81548154300009],[100.51010768300017,13.815395525999975],[100.51043843900015,13.815320197000062],[100.51116648800013,13.815086784000187],[100.51197465200016,13.814820179000094],[100.51204144600018,13.814796905000094],[100.5120791380001,13.81478377500008],[100.51252894700013,13.81462707999998],[100.51306980200019,13.81442751200018],[100.51347044700003,13.814281146000155],[100.51401122500005,13.814068504000147],[100.5143983210001,13.813896047000185],[100.514698355,13.813717593000149],[100.51477841000019,13.81365959700014],[100.51489317800008,13.813576440000134],[100.51497149800014,13.813519682000049],[100.515155371,13.813357191000023],[100.51515882500013,13.813354199000116],[100.51515980900018,13.81335338600013],[100.51525513000018,13.81327484000019],[100.51524984000008,13.813269791000039],[100.51506687800008,13.813095251000163],[100.51492436600017,13.812959297000134],[100.51481536300014,13.81286005200019],[100.51440238900005,13.812484058000166],[100.51383472100014,13.811970422000115],[100.51353835000009,13.811701503000165],[100.51293674800019,13.81115369600019],[100.51232486900011,13.810603083000046],[100.51181761000015,13.81013634500016],[100.51140787300011,13.809761220000098],[100.51121033200019,13.809584209000093],[100.51103633999998,13.809428300999969],[100.51065368400015,13.80907610700018],[100.51039483500011,13.808828442],[100.50990059000014,13.80838883500013],[100.50941511700006,13.807947026000079],[100.50902692500011,13.807587345000059],[100.5086576400002,13.807260852000184],[100.50826173300004,13.806897992000131],[100.50783603500014,13.80651812200017],[100.50749212700009,13.806206513000063],[100.5069867590002,13.805745481000088],[100.5065013040001,13.805303661000153],[100.5060324530001,13.804880008000168],[100.50560562100014,13.804493695000076],[100.5053855490001,13.804290908000098],[100.50499410300017,13.803935537000086],[100.50464250800013,13.803623971000093],[100.50412165400002,13.80314690900002],[100.50375561400011,13.80281071799999],[100.5034272040001,13.80251404900008],[100.50302365100003,13.802155520000156],[100.50273833100005,13.801891892000185],[100.50254817000007,13.801724378000188],[100.50225862700017,13.80148763600016],[100.50204982800005,13.801327752000077],[100.50167988700008,13.801067862000025],[100.50139294100012,13.800893417999987],[100.5011810650002,13.800767933000031],[100.50104757300016,13.800694620000058],[100.50088101800014,13.800607533000061],[100.50068134600014,13.800499168000044],[100.50059974800013,13.80046098500003],[100.50049500000017,13.800412206000146],[100.50036822200013,13.800357111000153],[100.5000903940001,13.800233105000189],[100.49959671200008,13.800048100000026],[100.49913831999999,13.799881143],[100.49849815600015,13.799654051000061],[100.49820284000003,13.79954518900007],[100.49781608300009,13.79940572999999],[100.49745023600013,13.799269361000029],[100.49688167700009,13.799065473000041],[100.49642552900019,13.798904937000032],[100.496023374,13.798763423000082],[100.49560250500008,13.798618788000113],[100.49522016999998,13.798482521000096],[100.49491167500014,13.798375883000176],[100.49490556500018,13.798373650000087],[100.49461967200006,13.798269148000145],[100.4942723800001,13.798142494000103],[100.49397290100012,13.798038862000055],[100.49350134200006,13.797875196],[100.493104679,13.797732570000107],[100.49287440300014,13.79765123600015],[100.49257138200005,13.797540261000108],[100.49224964600006,13.797425109000187],[100.49192788400006,13.797305657000095],[100.49128657500006,13.797069960000044],[100.49091302700003,13.796931480000126],[100.49002492700009,13.796610255000076],[100.48950484200014,13.796421089999967],[100.48899578600015,13.796236148000105],[100.48841954600005,13.796032288000163],[100.48780803400007,13.795812511000179],[100.48747858600018,13.795694177000144],[100.48694090600009,13.795502959000146],[100.48669960000007,13.795416319000083],[100.48641313000013,13.795313842000041],[100.48602528300012,13.795174363000115],[100.48529147300013,13.794911270000114],[100.48463148200017,13.79467459100016],[100.48405522100018,13.794466421000152],[100.48336887500005,13.794215340999983],[100.48296090600013,13.794080198000074],[100.479940844,13.79307976299998],[100.47982596500003,13.793045605000032],[100.47947894700008,13.792928440000026],[100.47910213100016,13.792793184000175],[100.47840086600013,13.792546529000106],[100.47793217200007,13.79236884800008],[100.47735779000016,13.79216601600018],[100.47696554300012,13.792023688000086],[100.47657032,13.791875643000026],[100.47626468200014,13.791754286000014],[100.47601045400006,13.791649801000176],[100.4756919570001,13.791507754000065],[100.475311073,13.791337886],[100.47505793500005,13.791244126000095],[100.47462383600009,13.791089866000107],[100.47406175300006,13.790889281000148],[100.47367246400006,13.7907512270001],[100.4733507430002,13.790635687000133],[100.47297768400011,13.790514723000058],[100.47260469999998,13.790405219000036],[100.47210404100008,13.790270693000082],[100.47170181100017,13.79017282400008],[100.47110510900018,13.790031949000081],[100.47033600400005,13.78986273300012],[100.46988786100019,13.789766087000089],[100.46940053500003,13.789654399000085],[100.46889368400008,13.789544734000174],[100.46815000999999,13.789379181000072],[100.4673729750001,13.789190900000051],[100.4661768700002,13.788917403000028],[100.4662969530001,13.789332644000012],[100.46639209300014,13.78954600600008],[100.4666525340001,13.79008096400014],[100.46743538600003,13.791406397000117],[100.468001862,13.79228054400005],[100.46803520200012,13.792331564],[100.46815951100018,13.792521800000088],[100.46829078300004,13.792685755000093],[100.46842047000018,13.79284327900018],[100.46885324800013,13.793368957000155],[100.46911200900013,13.793715907000035],[100.46923352800013,13.793887223000013],[100.46926030800006,13.793930400000136],[100.46929963100018,13.79399379300014],[100.4693627690001,13.794099373000165],[100.46942610900015,13.794217151000169],[100.46947098300018,13.794309246000012],[100.4694940870001,13.794356655000115],[100.4696407940001,13.794743931000028],[100.46965838100004,13.794790355000146],[100.46415429100006,13.797313860000145],[100.46279621200006,13.797455060000061],[100.46061109200008,13.797969776000059],[100.45808985800005,13.798324305000165],[100.45525192600007,13.798455445000172],[100.45466988700014,13.798503974000027],[100.45217384900019,13.798712097000077],[100.45210028800005,13.79871666400004],[100.45180604000006,13.798735519000047],[100.45173252000018,13.798740632000033],[100.45108734700017,13.798766952999983],[100.4509180820001,13.798773858000118],[100.44967684500017,13.798876399],[100.44853030100018,13.798994213000185],[100.44822866700008,13.799025210000138],[100.4475385630002,13.799069037000152],[100.44746738300017,13.799074532000134],[100.44734273400007,13.7990834310001],[100.4472002780002,13.799093416000119],[100.44712902900005,13.799097984000127],[100.44702001200017,13.799103491000153],[100.44669239100017,13.799118538000073],[100.44625668000009,13.799138537000033],[100.44575485400014,13.799165289000086],[100.44543207000004,13.79918248700011],[100.44534043500005,13.79918713100011],[100.44524862300005,13.79919083100009],[100.44488110700001,13.799203426000133],[100.44480810800013,13.79920678600007],[100.44473653300014,13.799211153000158],[100.44459346100007,13.799220893000097],[100.44453984200015,13.799225030000173],[100.44450317900004,13.799228256000049],[100.44441158000018,13.799237066000103],[100.44397202900012,13.799280636000162],[100.4438804080001,13.799289216000147],[100.44378963000008,13.799296485000127],[100.44333552200015,13.79933039399998],[100.44177275100009,13.799483187000135],[100.44035322200011,13.7995309800001],[100.43987479700007,13.79954707800016],[100.43877715700017,13.79963482900007],[100.43845048000009,13.799662651000062],[100.43822640500008,13.799681741000029],[100.438081523,13.799694083000134],[100.43536178100004,13.799925735000159],[100.43341815900015,13.800080257000161],[100.43328406000018,13.800090918000024],[100.43225823,13.80009082600003],[100.43177675700008,13.800090772000033],[100.43012340800016,13.800177670000096],[100.4287866790001,13.80034103500003],[100.42641682800007,13.800491943000111],[100.42633142000011,13.800497383],[100.42617066300005,13.800507611000171],[100.42524563900002,13.80056091800003],[100.4250156350002,13.800572010000053],[100.42477947700019,13.800589173000162],[100.42364160200009,13.800619417000178],[100.42353826500016,13.800622162000138],[100.42350151400007,13.800624255],[100.42342828700015,13.80062919900007],[100.42298902400012,13.800660521],[100.42164198700016,13.800776778000113],[100.4215836480002,13.800781812000025],[100.42152971900009,13.80078577900008],[100.4214192030002,13.800791882000112],[100.42097698200007,13.800813879000088],[100.42088478099998,13.800817774000166],[100.42053741800015,13.800836010000069],[100.4193671000001,13.80089746100009],[100.41842928500006,13.800979245000065],[100.41833824900016,13.800988202000042],[100.41830203800009,13.800991333000013],[100.41758840600005,13.801055162000068],[100.41751772200001,13.801062146000106],[100.41748135600005,13.801065075999986],[100.41742675500006,13.801068929000053],[100.4172264120001,13.801081633000024],[100.41715400200013,13.801085492000084],[100.41699208500017,13.801092606000168],[100.41688412400003,13.80109706800016],[100.41681213800013,13.801099303000058],[100.41677605600012,13.80109981000004],[100.41539829900012,13.801148720000185],[100.41517794600009,13.801156540000079],[100.41504132000011,13.801167603000067],[100.41451794700009,13.801209971000162],[100.41444454700007,13.801214700000116],[100.4143903160001,13.801217670000028],[100.41411908200001,13.80123031900007],[100.41393054000008,13.801233929000034],[100.41379126900017,13.801236222000114],[100.41333901600012,13.801248544000089],[100.41324856400013,13.801250706000076],[100.41315774700018,13.801252023000075],[100.41248640000015,13.801267554000049],[100.4123777120002,13.80127292700007],[100.4121052650001,13.801288142000146],[100.4116896760001,13.801320040000121],[100.41132454700016,13.80134806500007],[100.41105770500013,13.801346720000026],[100.41038403200008,13.801367212000116],[100.41027444600007,13.801368890999981],[100.41014577500016,13.80137226],[100.40903216500004,13.80138101600005],[100.40872185300015,13.801386112999978],[100.40839950200018,13.801403623000056],[100.40830998100017,13.801408708],[100.40821810700004,13.801414629000078],[100.40785068900016,13.801439281000114],[100.40774050700009,13.801446974000157],[100.40770382400018,13.801449939000122],[100.40766719900006,13.801453441000092],[100.40693393300018,13.801523621],[100.40644453500016,13.801555987000029],[100.4062610540002,13.801567101000046],[100.40535388400008,13.801622027000178],[100.4042966130001,13.80167069300012],[100.40424302200017,13.801674036000122],[100.4041713110002,13.801677245000121],[100.40397399000011,13.801685275000068],[100.40391965000009,13.801687166000136],[100.40382729500016,13.801689689000057],[100.40305146600019,13.801709031000087],[100.40303558800014,13.801709369000093],[100.4029224570001,13.801711798000042],[100.40224438900009,13.80172189200016],[100.40202958900011,13.801722209000104],[100.40148336500005,13.801723021000157],[100.40088537700012,13.801738287000035],[100.40043290500017,13.801766450000116],[100.40036091200017,13.801770735000048],[100.40014483000004,13.801782048000177],[100.4000728650002,13.801786563000121],[100.39907755100012,13.801806895000027],[100.39873887500016,13.801813812000148],[100.39856099800005,13.801832278000063],[100.39797606399998,13.801893006000114],[100.39793969900012,13.801896823000163],[100.39790322700009,13.801900058000172],[100.39783016700011,13.801905832000102],[100.39775706900008,13.80191129800005],[100.39753867500013,13.801921102000108],[100.39683095500004,13.80193691],[100.39674022200006,13.801938797000105],[100.39668562600014,13.801939600000082],[100.39655755900014,13.80194037400014],[100.3943782990001,13.802004348000082],[100.39431314900008,13.802003634000016],[100.394280589,13.802002732000119],[100.39419467500005,13.801999335000119],[100.39415798900018,13.801998615000059],[100.39412128700019,13.80199837500004],[100.39406818100002,13.801998483000034],[100.39404785900012,13.801998527000023],[100.39353383600013,13.802001372],[100.3927282460001,13.802027896000084],[100.39259886400004,13.802032088999965],[100.39182246600012,13.80205526500015],[100.39167607500019,13.80205938500012],[100.39143964900018,13.80206567],[100.39134873300009,13.802067492000162],[100.39045793600019,13.802077708000127],[100.38972239700018,13.802106367000079],[100.38807108100013,13.802196681000112],[100.38670041800015,13.8022430420001],[100.38570299600008,13.80227676800007],[100.38400449700015,13.80231070800005],[100.38303259900016,13.802345356000046],[100.382101095,13.802375714000107],[100.380898839,13.802434356000163],[100.38057484700005,13.802450161000138],[100.3779639980001,13.802535042000102],[100.3769121260001,13.802552752000167],[100.37678294699998,13.802554604000136],[100.37665424900018,13.802555167000094],[100.3756430270002,13.802557043000093],[100.37510629100018,13.802568826000083],[100.37416676900006,13.802584578000108],[100.37400767400015,13.802588903000071],[100.37319619800013,13.802639531000125],[100.37311551100015,13.802644563000058],[100.3729830010002,13.802648921000014],[100.36883985700001,13.802785004000043],[100.36616503800013,13.802837675000035],[100.36399438500007,13.802894873000128],[100.36167130300004,13.80295289900016],[100.35955635900018,13.803059414000188],[100.3574181080001,13.80312992600011],[100.35430583100009,13.803207477000058],[100.35270701900015,13.80324932100018],[100.35053717900018,13.803306095000039],[100.34869771900003,13.803326353000159],[100.34675794500015,13.803374240000096],[100.34440254000003,13.80343792800005],[100.34223427400019,13.803514113000062],[100.34036070100018,13.803629300000068],[100.33894408600014,13.803684422000174],[100.33773158800017,13.803691027000127],[100.33589921900017,13.803741625000043],[100.33436829100015,13.803800733000116],[100.33237308999998,13.803852190000043],[100.3320579560002,13.803874211000164],[100.33114717300009,13.803936707],[100.33094408200009,13.803948692],[100.32956794100016,13.804029901999968],[100.32791238700014,13.804125521000174],[100.32775613400008,13.804425640000034],[100.32732397,13.80540701100017],[100.32676035500003,13.806506442000114],[100.32674087700019,13.80654443000003],[100.32668893500016,13.806645237000112],[100.32635045800015,13.807302128],[100.325708239,13.808548479000024],[100.3248957450001,13.810389302000033],[100.3243861050002,13.811490313999968],[100.32375521100005,13.812868048000098],[100.32316662100004,13.814125519000129],[100.32262613500006,13.815202689000103],[100.32175839100006,13.817055802000027],[100.32096934900011,13.81871044800016],[100.32036197400004,13.819908003000023],[100.32004695400013,13.82067788200004],[100.31948898700006,13.821898483000098],[100.31920486400008,13.822555284000146],[100.3194754920001,13.822632732000159],[100.32009899000013,13.822854840000048],[100.32057527500001,13.823007137000161],[100.32241546900008,13.823671337],[100.32327712400001,13.823971863000054],[100.32407337800004,13.82424541],[100.32566596800018,13.824806156000022],[100.32691038400009,13.825202530000183],[100.32797742700018,13.82555430400015],[100.32805446200007,13.825576664000039],[100.3281104470002,13.825585468000043],[100.32869987200019,13.825550391999968],[100.3297947590001,13.825469306],[100.3315628810002,13.825336736000054],[100.33204511700012,13.82530451200006],[100.3331891090001,13.825252750000061],[100.3336109830002,13.825261210000065],[100.33441479800018,13.825268988000175],[100.33491619699998,13.825282456000025],[100.33517329300014,13.82532154200004],[100.33528527100015,13.825341176999984],[100.33596889400013,13.825341501000025],[100.33751433500004,13.825349274000018],[100.33920510300015,13.825412926000183],[100.34074605200016,13.825359973000104],[100.34188908200008,13.825276799000164],[100.34203399600017,13.825259811000024],[100.34221186500002,13.82521025699998],[100.34256739700015,13.825074702000052],[100.34300136899998,13.824890136000079],[100.34317921800005,13.824836532000063],[100.34327853600013,13.824815743000045],[100.3440448720001,13.824791306000066],[100.3450516200001,13.824785788000156],[100.34698633200009,13.824763023000116],[100.34809665600017,13.824753517000033],[100.34814219900011,13.82435596700003],[100.34830043800014,13.823482300000137],[100.34856988000001,13.821907281000108],[100.34881244100012,13.820667138999966],[100.34900962800003,13.819887105000078],[100.34913436500011,13.819339343000081],[100.34917511000003,13.819160428000089],[100.34933114700004,13.818461957000125],[100.3494831770002,13.817622734000054],[100.34956719200011,13.81715559200012],[100.3496470990001,13.816808757000103],[100.35068535100004,13.816904614000123],[100.35417956900011,13.81722719000004],[100.35764922600004,13.817230188999986],[100.3594318000001,13.817129208999972],[100.36134977400019,13.816852829000027],[100.36408819200005,13.816440047000185],[100.36477725600008,13.816307566000148],[100.36559036600005,13.81607919600009],[100.36714384200013,13.815686283000161],[100.36761319300012,13.815666023000063],[100.36796431800013,13.815664067000114],[100.36799184200015,13.815666601000146],[100.3682802890001,13.815760219000026],[100.36930088100019,13.816906643000038],[100.36990422900016,13.817406212000094],[100.37063209700017,13.817810587000054],[100.37156495400018,13.818146141000113],[100.3718891850001,13.818263501000047],[100.37212882100005,13.818348541000148],[100.3721327470002,13.818349911000098],[100.37240975700018,13.818455123000092],[100.37263963500004,13.818533979000051],[100.37278261500012,13.818588467000097],[100.37285082900007,13.818616272000042],[100.37291646699998,13.818640253000126],[100.3731728640002,13.818736006000165],[100.37432625600002,13.81907391700014],[100.3752606220001,13.819338345000176],[100.3753413780002,13.819365780000055],[100.37586452900001,13.819517636000171],[100.37602058800007,13.819565459000103],[100.3765811250002,13.819738451000035],[100.37702668999998,13.819883350000055],[100.37729024600014,13.819974741000067],[100.3775688020001,13.820067526],[100.37791855400008,13.820195596000133],[100.37827452400006,13.820330387000183],[100.3784005010001,13.820378065000057],[100.37856765900005,13.820449855000106],[100.37869989200004,13.820512902000075],[100.37886643700006,13.820591331000116],[100.37899831200008,13.820670615000097],[100.37901577899999,13.82068191600007],[100.37914369200018,13.820756096000139],[100.37951602800007,13.820998322000094],[100.37972167100014,13.821140460000152],[100.37980525600005,13.82119875300009],[100.38010523600019,13.821398807000094],[100.3804208480002,13.821609444000046],[100.38154265600008,13.82240131200001],[100.38199629800016,13.822712279000086],[100.38235870400013,13.822960721000015],[100.38241558100009,13.823007751000034],[100.38248444800001,13.823079925000116],[100.38253771000018,13.823150113000054],[100.38255237900006,13.823170767000022],[100.38277227800006,13.823566243000016],[100.38283129800016,13.823644665000131],[100.3828600270001,13.823672418000058],[100.38288659900019,13.82369739000012],[100.382908193,13.823713522000048],[100.38297452000006,13.823754971000028],[100.38309300100019,13.823819059000186],[100.38320617000005,13.823874951],[100.38341673200006,13.823974955000097],[100.38359505000011,13.824057699000036],[100.38370893600012,13.824114283000085],[100.38379847400006,13.824159144000134],[100.38411072000014,13.82430533600018],[100.38422100200017,13.82435635800016],[100.384332718,13.824408068000139],[100.38442293200018,13.824445942000068],[100.38472869100019,13.824582403000079],[100.38493345900008,13.824669182000093],[100.38513967300008,13.82475874500011],[100.38536159700016,13.824848916],[100.38555633300007,13.82492946700006],[100.38586418600005,13.825057540000046],[100.3859865980001,13.825106395000091],[100.38616055200009,13.825175204],[100.38635453900008,13.8252501770001],[100.38654782100008,13.825327252000022],[100.38666490300017,13.825368783000158],[100.38681102200007,13.825426580000055],[100.38759632400001,13.825711877000117],[100.3877787900002,13.825776017000067],[100.38789830300004,13.825817213000107],[100.38810223600018,13.825883753000141],[100.38834693600018,13.82595081300019],[100.388429126,13.825969141000087],[100.38865828600018,13.825987339000164],[100.38884120400019,13.825975604000178],[100.38938181800017,13.825858285000152],[100.39002583700005,13.825651513000082],[100.39015655200012,13.825617791000127],[100.39022298600014,13.825609261000125],[100.39029805400014,13.825599619000059],[100.39059489300007,13.825597819000109],[100.39072836400004,13.825603662000105],[100.39085162900017,13.825609060000033],[100.39091190100004,13.825620533],[100.39097726000017,13.825638170000161],[100.39106812100016,13.825665574000084],[100.39121762500008,13.825713663000101],[100.39134265800004,13.825762134000115],[100.39168153399999,13.82590137700015],[100.391915622,13.825997568000048],[100.3931039580001,13.82650371300008],[100.39375458000012,13.82681975600002],[100.39540412999997,13.827704173000086],[100.39624357800017,13.828155114000026],[100.3963671690002,13.828236388],[100.39641832400008,13.828281506],[100.396430678,13.828300193000018],[100.39646356100019,13.828349937000098],[100.39651526800009,13.828448200000139],[100.39658911200019,13.828655568000045],[100.39669585000013,13.82907403400003],[100.39672407000012,13.829144631000077],[100.39676352000004,13.829201927000042],[100.39681224500009,13.829256081999972],[100.3968727800002,13.829302881000046],[100.39703667600008,13.82938460000014],[100.39807231600014,13.829902290000177],[100.3984676290001,13.830094540000118],[100.39926115500003,13.83052054500007],[100.39940043100017,13.830592680000109],[100.39956985900017,13.830286613999988],[100.39971276900008,13.83001921400006],[100.3998073890001,13.829809110000099],[100.39984195300008,13.82971494100002],[100.39988981400006,13.829587970000091],[100.39992451800009,13.82951915100017],[100.39999540600007,13.829403925000065],[100.40011314800006,13.829218492000109],[100.40019262400006,13.829089408000073],[100.40027746900006,13.828939177000166],[100.40032085000018,13.82886080500009],[100.40034563000012,13.82881351400016],[100.40038534500013,13.828734189000045],[100.40048726000009,13.82852725700019],[100.40051105700002,13.828479663000167],[100.40052733900012,13.828448183000035],[100.40053573500012,13.828432583000165],[100.40054438200002,13.828417139000123],[100.40055338900015,13.828401900000188],[100.40056259500005,13.828387256000042],[100.4005721310001,13.828372812000111],[100.40059189800007,13.828344309000158],[100.40062244800009,13.828302087],[100.4006944510001,13.828203951000091],[100.4007146620001,13.828175667000039],[100.40074472000009,13.828132072000074],[100.40078386400012,13.82807334500012],[100.40081237000004,13.828028781000171],[100.40083690900019,13.82798792400007],[100.40085365300013,13.827958565000188],[100.40087949400004,13.827911453000013],[100.40091339400004,13.827848334000066],[100.40102322900015,13.827643015000035],[100.40106493200011,13.827563785000052],[100.4010889170001,13.827516402000128],[100.40111256000017,13.827468844000066],[100.40130061000008,13.827087856],[100.40132442600009,13.827040384000156],[100.40134069700014,13.82700867900013],[100.40139937700019,13.826897686999985],[100.40166092600003,13.826406981000048],[100.40172026600015,13.826296497000158],[100.40192527900018,13.825920062000023],[100.40195108500018,13.825873108000053],[100.40197741400016,13.825826453],[100.40199578400006,13.825795479000078],[100.40202459400012,13.825749240000107],[100.4021424340001,13.825565767000114],[100.40216187500005,13.825535075000062],[100.4021809940001,13.82550420300015],[100.40219929300008,13.8254733710001],[100.40222539400003,13.825427129],[100.4022594500002,13.825365052000109],[100.40229315400012,13.82530279000008],[100.40231804100017,13.825255897000034],[100.40233379400013,13.825225137000189],[100.40235617800005,13.825179750000075],[100.4023852200001,13.825118863000057],[100.40241372500009,13.825056405000055],[100.40250474200008,13.824851274000025],[100.40252624100015,13.82480415700013],[100.40254173700004,13.824771335000094],[100.40258129199998,13.82468963100007],[100.40267693800013,13.824493855000071],[100.40270139799998,13.824445196],[100.40271837900008,13.824413100000015],[100.40273536100005,13.824383032000014],[100.40275290700009,13.824353270000074],[100.40277983400011,13.824308950000102],[100.40279812500012,13.824279613999977],[100.40281683100005,13.824250544000108],[100.4028264280002,13.824236172000155],[100.40283627100007,13.8242219710001],[100.40285711500019,13.824193692000165],[100.40287874800009,13.824165947000097],[100.40290087800014,13.824138552000079],[100.40292341700018,13.824111462000133],[100.4029464640002,13.824084776000063],[100.402970122,13.824058658000183],[100.40302642000006,13.823999458000117],[100.40314805999998,13.824054858000068],[100.40350361600014,13.82423103300016],[100.4035841810001,13.824271509000141],[100.4036161350001,13.824288189000072],[100.40364507800007,13.824303925000152],[100.40368813600008,13.824328162000086],[100.40373416500012,13.824354846000176],[100.40384477000009,13.824420380000106],[100.40390759600012,13.824458416000027],[100.40396555700005,13.824494894000054],[100.40403744400004,13.824541336000152],[100.40407264500004,13.824564796000175],[100.40408105900019,13.824570402000063],[100.4041260360001,13.824601277000056],[100.40427558600004,13.824705490000042],[100.40434983100005,13.824757228000067],[100.40439509200013,13.824787627000035],[100.40442582700013,13.824807004000093],[100.40445694300001,13.824825018000183],[100.40448854000005,13.82484226600019],[100.40453600600011,13.82486709800014],[100.40463227900017,13.82491746200003],[100.40466404500012,13.82493444700009],[100.40469549600016,13.824951949000138],[100.40472650900011,13.824970470000153],[100.4047570840001,13.824990024000158],[100.40479619400014,13.825016096000184],[100.40479737800007,13.825016889000153],[100.40480239800013,13.825020233000089],[100.40491329100013,13.825095219000048],[100.40492273300003,13.825101606000146],[100.40495314700007,13.82512143700012],[100.40496850600016,13.825131120000094],[100.40499929700013,13.825149729000145],[100.40503040500005,13.825167833000023],[100.405077355,13.825194561000103],[100.40561091200004,13.825495203000116],[100.40567397400008,13.825530060000062],[100.405738467,13.82556436200008],[100.40648365200013,13.825952608000023],[100.40658065500008,13.826003592000177],[100.40662902700018,13.826029837000135],[100.40669333400007,13.826065518000178],[100.40736740300014,13.826442241000166],[100.40741567600014,13.826468925000029],[100.40747764000014,13.826502626000092],[100.40767950000014,13.826611318],[100.4077574850001,13.826652490000072],[100.40782167600014,13.826684885000134],[100.40795004500006,13.826748321000082],[100.40801511300009,13.826780477000057],[100.40807922600015,13.826813013999981],[100.40810966999999,13.826829133],[100.40812617200015,13.826838105000036],[100.40815505900014,13.82685381300007],[100.40820022300011,13.826878896000153],[100.4082301730001,13.826895882000088],[100.40830808400011,13.826941617999978],[100.40861840600019,13.8271267450001],[100.40868033200013,13.827163981000183],[100.4087259120002,13.827192082000124],[100.40879936700014,13.827238901000158],[100.408886972,13.827295899000092],[100.40893076000009,13.827325235000046],[100.40904725300004,13.827404951000062],[100.40909109000006,13.827434606999986],[100.40913544900008,13.827463469000065],[100.40916622400005,13.827482289000045],[100.4091973150002,13.827500624000038],[100.40924423100017,13.827527708000162],[100.40982435900003,13.827859457000159],[100.40988699100006,13.827895469000111],[100.40993366700019,13.827922681000075],[100.41012194700016,13.82803492000005],[100.41025681600001,13.828115316000094],[100.41034881100012,13.8281708560001],[100.41037915200019,13.828189841000153],[100.41040852800018,13.828209035000157],[100.4104937400001,13.828267271000186],[100.4105226060002,13.828286270000035],[100.4105667090002,13.828313976],[100.41059819800006,13.828333167000096],[100.41061120200004,13.82834109200013],[100.41065600600018,13.828367696000043],[100.41068615600005,13.828384906000053],[100.41070138700013,13.828393234000032],[100.41071675900014,13.828401286000144],[100.41073320999999,13.828409444000101],[100.41076655500018,13.828424945000052],[100.41083408700013,13.82845439700003],[100.41096980400005,13.828512003000185],[100.41103767100009,13.828540197],[100.41107162800012,13.828553588000148],[100.4111056380001,13.828565880000099],[100.41114161200005,13.828577050000149],[100.41115258600007,13.828580458000033],[100.41116940000006,13.828585979000081],[100.41120310100007,13.82859770400006],[100.41123685300005,13.828610007000123],[100.41128752700013,13.82862901600015],[100.4113720100001,13.828661307000061],[100.4113812170001,13.828664893],[100.41155792300015,13.828733689000046],[100.41160868300005,13.828752950000137],[100.41162560600014,13.828758963000155],[100.41164254100005,13.828764588000183],[100.41165948200012,13.828769634000082],[100.41167642200008,13.828773862000048],[100.41168404000018,13.82877540000004],[100.41170075200012,13.828777690000038],[100.41171753800012,13.828778538000108],[100.41173428200005,13.828777945000127],[100.4117508650001,13.828775784000072],[100.41176430700017,13.828772719000085],[100.41177752400012,13.828768579000098],[100.41179047700018,13.828763461],[100.4118037730002,13.828757138000128],[100.41181683400015,13.82875007500013],[100.41182975400017,13.828742520000162],[100.41188249200007,13.828710298000146],[100.4119505170001,13.828669530000127],[100.41200995500003,13.828633093000064],[100.41203999900006,13.828615722000109],[100.41205528300009,13.828607611000052],[100.4120708430001,13.828600091000169],[100.4121373210001,13.828579717000082],[100.4122114130002,13.828557102000048],[100.41226029400008,13.828544861000012],[100.41229163400016,13.828537015000109],[100.41234485700005,13.82852987900003],[100.41241209800017,13.828529492000087],[100.41245755500012,13.828537764000089],[100.41248183300019,13.828547699000069],[100.41253412700007,13.82856909700007],[100.41259549100016,13.828599668000038],[100.41263886400014,13.82862046300005],[100.41266986000005,13.828634608000073],[100.41270289400012,13.828649089000123],[100.41280254300005,13.828691214000173],[100.41325164400018,13.828878577000125],[100.4133017580001,13.82889884900004],[100.41333538700013,13.828911641],[100.41336925700006,13.828923595000106],[100.41338629900008,13.828929219000031],[100.41340341700004,13.828934544000049],[100.41342063400015,13.828939489],[100.4134379790001,13.828943931000026],[100.41345508800015,13.82894771500014],[100.41347230000014,13.82895106500007],[100.41354153200001,13.828963185000191],[100.4135587770001,13.828966557000115],[100.4135940060001,13.828974630000175],[100.4136464770001,13.828988529000128],[100.41370306900018,13.829004669000085],[100.41375100100004,13.829018340000061],[100.4137859020002,13.829028042000118],[100.41382094800008,13.829037097000082],[100.41382698800004,13.829038504000096],[100.41383856300018,13.829041194000183],[100.4138562130002,13.829044889000045],[100.4138739390001,13.82904822200004],[100.41390954200011,13.829053951000049],[100.41392741100009,13.82905633900009],[100.41394531800006,13.829058351000072],[100.41396327400008,13.829059897000036],[100.41398152700009,13.829060913000092],[100.4139998190002,13.82906147600005],[100.4140364770002,13.829061698999965],[100.41407319000012,13.829061180000053],[100.41412828700015,13.829059592000078],[100.41416499900004,13.829058056000122],[100.4142326650001,13.829054475000078],[100.41424907700002,13.829053978000161],[100.41426547400005,13.829053942000144],[100.41428361800013,13.829054597000095],[100.41430172500014,13.82905592100002],[100.41431977600013,13.829057832000103],[100.41433775100012,13.829060314000117],[100.41435561400004,13.82906339700014],[100.4143733200001,13.829067187000078],[100.41439096600016,13.829071813000098],[100.4144084130001,13.829077154000117],[100.41442566000018,13.82908311600005],[100.41444268800018,13.82908967100019],[100.41445945300006,13.829096851000031],[100.41447592900016,13.829104711000184],[100.41449211800017,13.829113151000172],[100.41450803700013,13.829122081000037],[100.41452368100005,13.82913146900006],[100.41453900900007,13.829141328000105],[100.41455183300002,13.82915017200014],[100.41456439600012,13.829159351999976],[100.41457670100016,13.82916884000008],[100.41464331300017,13.829237279000154],[100.41466274500016,13.82925354300005],[100.41471183300013,13.829287787000055],[100.41478066600007,13.829335806000188],[100.41484181500005,13.829376602000025],[100.41496483100013,13.829457638000179],[100.41501037000006,13.829488553000147],[100.41502515600001,13.829499175000137],[100.41503956600019,13.829510084000049],[100.41507292000006,13.829533245000107],[100.41508620600013,13.829545765999967],[100.41509691500005,13.82955829600013],[100.41510473600005,13.829572736999978],[100.41511225600016,13.829590953999968],[100.41511914900008,13.829611696000086],[100.41512744300007,13.829651635000118],[100.41514231700006,13.829764007],[100.41514773100016,13.829797287000076],[100.41515080100004,13.829813844000114],[100.41515739100004,13.829844355000091],[100.4151650720001,13.829874589000099],[100.41517394800007,13.82990446399998],[100.41517951400004,13.829920857000047],[100.41518550500007,13.829937103000134],[100.41519187900008,13.829953202000127],[100.41519863100007,13.82996914500012],[100.41520580300016,13.829984890999981],[100.4152134690001,13.83000040000013],[100.41522170100006,13.830015584000137],[100.41523053300006,13.830030444000101],[100.4152395440002,13.830044340000029],[100.41524899700016,13.830057985000167],[100.41525878700008,13.83007142100007],[100.41526884000012,13.830084682000177],[100.41528959900018,13.830110723000075],[100.41531121300017,13.830135991000077],[100.41532243400013,13.830148198000074],[100.41533403200003,13.83016],[100.4153461210002,13.83017125200007],[100.41535904500006,13.83018203000006],[100.41537248800017,13.83019219],[100.41538634800008,13.830201827000167],[100.41540055700011,13.830210975000057],[100.41541506800013,13.830219637000027],[100.41542987300005,13.83022775500018],[100.41544499600013,13.830235233999986],[100.4154604860002,13.830241924],[100.41547623300016,13.83024765500005],[100.41549229500004,13.830252665000103],[100.41550858000005,13.830257177000135],[100.41557460900009,13.830273487000056],[100.41560628000013,13.830282019000038],[100.41563753600008,13.830291669000133],[100.4156529350002,13.830297063000046],[100.41566501200003,13.83030169300008],[100.41567693400015,13.830306664000034],[100.41569106600008,13.830313132000072],[100.41570498000016,13.830320062000112],[100.41572035799999,13.830328303000158],[100.41575055300012,13.830345878000116],[100.41578015200014,13.830364510000038],[100.41579473400014,13.830374170000141],[100.41580929100019,13.830384152000079],[100.41583806900007,13.830404610000187],[100.41589499200006,13.8304464200001],[100.41600831900013,13.830530679000049],[100.41612100800012,13.830615688000023],[100.4161490300001,13.830635735000044],[100.41622002500003,13.830684695000173],[100.41624809800015,13.830704727000068],[100.41627467100011,13.830724737000082],[100.41634043300007,13.830775634000133],[100.41636712600007,13.830795404000185],[100.41639417400017,13.83081428000014],[100.41643505400015,13.830841909000014],[100.4164484600002,13.830851377000101],[100.41646129500009,13.83086122900005],[100.41647326900005,13.830871718000083],[100.41648404100005,13.830883150000147],[100.416492355,13.830894306000175],[100.41649964400017,13.830906282000115],[100.4165061170001,13.830918892000113],[100.41651193100006,13.830931988000088],[100.41651722600005,13.83094546700005],[100.4165226660001,13.830960893999986],[100.41653820500011,13.83100795900009],[100.41654389600012,13.831023506000065],[100.4165468490001,13.831030649000184],[100.41655024300019,13.83103885100013],[100.41655727600016,13.831053865000172],[100.41656505700018,13.831068474],[100.41657306500014,13.831081693000158],[100.41658174100013,13.831094479000114],[100.416591047,13.83110680599998],[100.41660098900013,13.831118617000186],[100.416611622,13.83112982400013],[100.41662360800012,13.83114088700006],[100.41663626200011,13.83115131300002],[100.41664942600016,13.83116124900016],[100.41666298000018,13.831170779000047],[100.41667685200008,13.831179974],[100.41669099,13.831188855000107],[100.41670570600019,13.831197647000124],[100.41673562800014,13.83121458200003],[100.41678116500009,13.831238970000129],[100.41681181000007,13.83125459900009],[100.41683457300007,13.83126546799997],[100.41684276500007,13.831269380000151],[100.41685843600004,13.831276241000069],[100.4168742980001,13.831282572000134],[100.41689435800015,13.831289507000122],[100.41690397800005,13.831292331000157],[100.41691021500014,13.831294162000063],[100.41692624300003,13.831298200000049],[100.41694242500012,13.831301623000058],[100.41695875100004,13.831304381000109],[100.4169752900001,13.831306455000117],[100.41699193700015,13.831307986000127],[100.41705898900017,13.831312100000105],[100.41707715200016,13.831313468000076],[100.41709525200008,13.831315194000183],[100.4171020190002,13.83131602300017],[100.41711324900007,13.831317400000046],[100.41713109200003,13.831320244000096],[100.41714618500009,13.831323307000048],[100.41715680700008,13.83132593],[100.41716109200019,13.831326990000093],[100.41717577200018,13.831331326000111],[100.41719017300005,13.831336409000073],[100.41720396900013,13.831342182000128],[100.41721745400008,13.831348658000138],[100.41723064700017,13.831355755000061],[100.41724354299998,13.831363423000028],[100.41725744700011,13.831372526000166],[100.41727100700012,13.831382188000077],[100.41728425000008,13.831392313000094],[100.41729717300018,13.831402859999969],[100.41730952300014,13.831413591000057],[100.41732155100004,13.831424667000078],[100.41733326200006,13.831436048000057],[100.417344615,13.83144774300007],[100.4173555390002,13.831459775000155],[100.41736592400008,13.831472213000154],[100.4173759160002,13.831485474999965],[100.41738520400008,13.831499202000145],[100.41739314600005,13.831512214000156],[100.4174006500001,13.831525486000032],[100.41741406300008,13.831551289000117],[100.41741635000017,13.831556202000058],[100.41742018800016,13.831564451000133],[100.41742575900014,13.831577830000072],[100.41742990300014,13.831589205000057],[100.41743360400017,13.83160074],[100.4174368850002,13.83161241900018],[100.41744051400002,13.831627485000183],[100.41744361300005,13.831642708000118],[100.41744628200018,13.831658051000034],[100.41745054000017,13.831689014000062],[100.4174538480001,13.831724363000035],[100.41745602499998,13.831759912000052],[100.41745724000003,13.831795571000043],[100.4174573790001,13.831824764000089],[100.41745741400018,13.831831946000136],[100.41745603500016,13.831900659000041],[100.417456351,13.831916970000066],[100.41745756600005,13.831932764000157],[100.41745997700014,13.83194673900016],[100.41746379500012,13.831959987000175],[100.41746917000012,13.831972250000035],[100.41747634500007,13.831983205000142],[100.41748712300006,13.831993891000138],[100.41749350400016,13.831998198000065],[100.4175000670001,13.832002630000034],[100.41751463700007,13.832009615000175],[100.41753045100012,13.832014857000104],[100.41754584100016,13.832018081000172],[100.41756291500013,13.83201995700017],[100.41758045400007,13.832020525000189],[100.41759733900017,13.832020097000168],[100.41761439500016,13.832018981999965],[100.41764879100015,13.832015438000042],[100.41775234400006,13.832001510000111],[100.4177868060001,13.831997284000124],[100.4178040290002,13.83199548000016],[100.41782070400006,13.831994014000031],[100.41785404000018,13.83199184600005],[100.41788730400009,13.831990728000108],[100.41790388100009,13.831990663000056],[100.41792039600011,13.831991047000088],[100.41793683200007,13.831992005000131],[100.41795142400002,13.83199347100009],[100.41796590100006,13.831995557000084],[100.4179802380001,13.831998330000033],[100.41799769800014,13.832002754000086],[100.41801492300004,13.832008110000174],[100.41803193500004,13.832014212000104],[100.4180487390002,13.832020958000157],[100.41806530500014,13.832028316000049],[100.41807882800009,13.83203486300016],[100.41809216300004,13.832041801000173],[100.41810530700008,13.832049110000185],[100.41812090000019,13.832058403000133],[100.41813627300013,13.832068091000053],[100.41816658500017,13.832088210000052],[100.41827125500015,13.832160884000189],[100.41831628000006,13.832191711000178],[100.41834662400004,13.832211748000134],[100.41836206300019,13.832221584000024],[100.41839320800017,13.83224084900013],[100.41842456700005,13.832259782],[100.41850344900013,13.832306377000066],[100.41855112299999,13.832333748999986],[100.41861953800009,13.832371324000178],[100.41864850900009,13.832387644000107],[100.41868012500004,13.83240618300016],[100.41872721300018,13.832434579000164],[100.4187488440001,13.832447896000133],[100.4187584170001,13.83245378900017],[100.41878934099998,13.832473330000084],[100.41881964400011,13.832493544000158],[100.41883437100017,13.832504103000076],[100.4188486560002,13.83251513],[100.41886232600007,13.832526806999965],[100.41887482700014,13.832538852000027],[100.41888674000018,13.832551519999981],[100.41889820300014,13.832564651000098],[100.41890932100017,13.83257812800008],[100.41892016800006,13.83259187800013],[100.41894113400002,13.832620001000066],[100.4189610460001,13.832648908000067],[100.41897054800017,13.832663646000015],[100.41897972300012,13.83267857200019],[100.41898850600006,13.832693699000117],[100.41899617700005,13.832707815000049],[100.41900345200003,13.832722101000172],[100.41900831499999,13.832732346000057],[100.41901031100019,13.832736551000096],[100.41901670900018,13.832751159000054],[100.41902254800004,13.832765941000048],[100.41902769400008,13.832780926000169],[100.41903106200004,13.832792527000151],[100.41903391300019,13.832804266000096],[100.41903720600016,13.832821784000146],[100.41903964500011,13.832839497000123],[100.41904146000019,13.832857349000165],[100.41904386100009,13.832893313000113],[100.41904464100014,13.832911368999987],[100.41904559600016,13.83294755900016],[100.41904572300007,13.832983775000116],[100.41904537500005,13.83300187900005],[100.41904464700019,13.833019972000045],[100.4190436510001,13.833035666000058],[100.41904090900005,13.833064898000032],[100.41903653000014,13.833111545000065],[100.41903558900015,13.833127980000086],[100.41903520200003,13.833144380000022],[100.41903545800005,13.83316069500006],[100.41903648200014,13.833176888000025],[100.41903846600007,13.83319288600012],[100.419041832,13.833209549000173],[100.41904653800003,13.833225830000174],[100.41905265600019,13.833241614000087],[100.41905983400011,13.833256027000118],[100.41906811000007,13.833269972000096],[100.41907723500003,13.833283523999967],[100.41908702400019,13.833296733000111],[100.41909736600019,13.833309609000082],[100.4191081960002,13.833322125000052],[100.41911950500014,13.833334218000118],[100.41913133300005,13.83334579200016],[100.4191437720001,13.833356699000092],[100.41915567800004,13.833365918000027],[100.41916808500008,13.833374524000078],[100.41917644700004,13.833379778000108],[100.41918091400015,13.83338258100008],[100.41919410500009,13.833390112000075],[100.41920763100018,13.833397107000053],[100.41922420399999,13.833404781000183],[100.41924108800015,13.833411906000151],[100.41929240600012,13.833432183000127],[100.41930381700013,13.833436894000045],[100.41930940500004,13.833439199000168],[100.41932567900017,13.83344639000012],[100.41934173900006,13.833454013000164],[100.41935763000004,13.833462115000088],[100.41937333800007,13.833470571000078],[100.4194043620002,13.833488209000109],[100.41943506500013,13.833506427000032],[100.4195722450001,13.833590112000138],[100.41960283900016,13.833608512000069],[100.41963362400014,13.833626594000123],[100.41966474400004,13.833644086000163],[100.419679422,13.833651960000111],[100.41973859600012,13.833682606000139],[100.41976790100017,13.833698291000132],[100.41978297200006,13.833706851000102],[100.41979781300012,13.83371572700014],[100.41981236999999,13.833724977000031],[100.41982656400012,13.833734689000096],[100.41984029500009,13.833744982000155],[100.41985351700015,13.833755997000083],[100.41986627900013,13.833767580000085],[100.41987870200018,13.833779585000059],[100.41990289600005,13.833804431000033],[100.41997403700015,13.833880978000025],[100.41999845200013,13.83390569100004],[100.42001106800012,13.833917518000021],[100.42002410600014,13.833928792000108],[100.420037003,13.833938873000136],[100.42005031700006,13.833948320000104],[100.4200639870001,13.833957131000034],[100.42007797300005,13.833965252999974],[100.42009227300014,13.833972574000143],[100.42010689600005,13.833978912000134],[100.42012189500014,13.833984],[100.42013848600016,13.833987755000066],[100.42015473200007,13.833989632000169],[100.42017125800004,13.833990142000175],[100.42018797100008,13.833989579000047],[100.42020481300005,13.83398816600004],[100.42021828600019,13.833986547000166],[100.42029406500018,13.833975098],[100.4203267260001,13.83397066900011],[100.4203431030001,13.83396882],[100.42035949600017,13.833967347000169],[100.42037707100008,13.833966278000162],[100.42039463500015,13.833965724000109],[100.42041216500019,13.833965677000037],[100.4204296100001,13.833966177000093],[100.420446917,13.833967320000056],[100.420464015,13.833969263000142],[100.4204812070002,13.833972269000014],[100.42049795800006,13.833976348000135],[100.42055241200012,13.83399436500008],[100.420572446,13.834003695000149],[100.42058357900015,13.83401123300007],[100.42059088900004,13.834016181000095],[100.42059900300018,13.834026208000125],[100.42060195100004,13.834034065000026],[100.42060297000006,13.834042687000021],[100.42060535700017,13.834128170000042],[100.42060729000008,13.834197484000128],[100.42061142200004,13.834214423],[100.42061437000012,13.834222275000116],[100.42061990000019,13.834230428000183],[100.42062767900006,13.83423857300005],[100.42064478000015,13.834252359000118],[100.4206552060001,13.834260769000082],[100.42070157800003,13.834290914],[100.42071586300005,13.834299559000101],[100.42073046200011,13.834307307000074],[100.42074531700018,13.834313915000052],[100.42076040000012,13.834319025000127],[100.42076930700006,13.834321143000125],[100.42077824800015,13.834322542000166],[100.42078933900012,13.834323206000022],[100.42080031600005,13.834322622000172],[100.42080889700014,13.834321230000057],[100.42081727900012,13.834319003000132],[100.42082623200002,13.834315584000137],[100.42083482200007,13.834311186000093],[100.42084726799999,13.834302635000029],[100.4208589640001,13.834292411000035],[100.4208701350002,13.834281001000022],[100.42088098100004,13.834268807000058],[100.42091230000005,13.83423139200005],[100.42093338800004,13.834207061000086],[100.42094427000006,13.834195418000093],[100.42095549800007,13.834184366000102],[100.42096718000016,13.834174119000068],[100.42097947900004,13.83416495900019],[100.42099291900007,13.834156971000027],[100.42100710800008,13.834150579000038],[100.42101960400004,13.83414650700007],[100.42103249600007,13.834143606999987],[100.42104650900006,13.834141718000126],[100.42106078699999,13.834140776000027],[100.42107524400006,13.834140507000086],[100.42109147600013,13.834140734000016],[100.42112502300017,13.834141209000165],[100.421142605,13.834140573000127],[100.42116021500004,13.834139210000103],[100.42117781700011,13.834137228000088],[100.42119537400004,13.834134699000174],[100.42121285300016,13.834131651000064],[100.42123020900016,13.834128061000115],[100.4212466190001,13.834124042999974],[100.42124738100017,13.834123857000122],[100.42126430800005,13.834118913999987],[100.42127966500016,13.834113554999988],[100.42129468300016,13.834107352000103],[100.42130722800005,13.834101336000174],[100.42131951400017,13.834094752000112],[100.42133157600011,13.834087712000098],[100.42137621100017,13.83405937700013],[100.42138643300012,13.834053229000176],[100.4213968090001,13.834047338000119],[100.42141289200009,13.834038947000067],[100.42142930200004,13.834031227000139],[100.42144599900007,13.834024183000054],[100.42146294600013,13.834017901000095],[100.42148013800016,13.834012541000163],[100.42149758300008,13.83400836300018],[100.42150686600007,13.834006745000067],[100.42151621100004,13.834005543000103],[100.4215334060001,13.834004399000037],[100.42155066900006,13.834004389000029],[100.42156790400014,13.834005320000188],[100.4215850060001,13.834007087000089],[100.42160185400007,13.834009675000118],[100.42161828600001,13.834013168000126],[100.42163410000012,13.834017735999964],[100.42163768000006,13.834019157],[100.42164903000008,13.834023656000113],[100.42166272700007,13.83403134200006],[100.42167412800006,13.8340404060001],[100.4216843270001,13.834051005000163],[100.4216935010001,13.834062780000181],[100.4217017470001,13.834075446000156],[100.42170907100018,13.834088805000079],[100.42171540500016,13.83410271200006],[100.42172060300004,13.834117077000144],[100.42172441200012,13.834131853000088],[100.42172655900004,13.83414657500009],[100.4217272890001,13.834161545000086],[100.42172668800015,13.834177639000131],[100.4217256080002,13.834187173000032],[100.42172485700007,13.834193786000185],[100.42172193500016,13.834209902000055],[100.421717957,13.83422590300006],[100.42171423200017,13.834237920000078],[100.42170994300005,13.834249823000107],[100.42170331900007,13.834265857000162],[100.42169600600005,13.834281710000141],[100.42168821500007,13.834297434],[100.42168009900007,13.834313056999974],[100.42166484600017,13.83434147500003],[100.42164678900019,13.83437511700015],[100.42163880200013,13.834390617],[100.42163123700016,13.83440613200014],[100.42162430100007,13.834421671000086],[100.42161826600005,13.834437245000117],[100.42161349500009,13.834452843000179],[100.42161047200011,13.834468468000125],[100.42160964800001,13.834480432000078],[100.42161013200007,13.834492307000062],[100.42161191400004,13.83450398499997],[100.42161533300003,13.834516313000108],[100.421620238,13.834528154000111],[100.42162662000004,13.834539358000143],[100.42163606100019,13.834551642000122],[100.42164262900019,13.834558352000101],[100.42164715300004,13.834562972000128],[100.42165951600009,13.834573477000049],[100.42167287300003,13.834583198000075],[100.42168706300015,13.834592133000172],[100.42170145400019,13.834599986],[100.42171637700005,13.834607136000102],[100.4217317130001,13.834613650999984],[100.42174617300003,13.834619122],[100.4217608530002,13.834624171000144],[100.42177568800008,13.83462887200011],[100.4217906410002,13.834633278000126],[100.4218208010002,13.834641311000155],[100.42183871400016,13.834645582000064],[100.42187468800012,13.834653414000172],[100.42192877400015,13.834664233000069],[100.42198289400017,13.834674409000058],[100.42201903800014,13.834680681],[100.42203716000006,13.834683545000075],[100.42205532600013,13.834686138000052],[100.42207355000005,13.834688369000162],[100.42209182200014,13.83469017100009],[100.42216525100008,13.834695449000037],[100.42218355800009,13.834696956000073],[100.42220175300008,13.834698853000134],[100.42221975600006,13.834701352000081],[100.4222374740001,13.834704734000184],[100.42225192800004,13.834708447000025],[100.42226599900005,13.834713052000154],[100.42227087700013,13.83471504900001],[100.42228060100001,13.834719028000109],[100.42229461600004,13.834725948000141],[100.42230795700016,13.834733704000087],[100.42232047900012,13.834742255000151],[100.42233197500019,13.834751621000066],[100.42234213000006,13.834761890000095],[100.42235054800005,13.834773213000062],[100.42235696700016,13.834785958000111],[100.42236142600007,13.834799672000031],[100.42236419100004,13.834814070000164],[100.42236538700013,13.834828911000045],[100.42236500700011,13.834843995000028],[100.42236378000007,13.834854452000116],[100.42236178500019,13.83486488699998],[100.42235864200018,13.83487660700007],[100.42235466500011,13.834888214000046],[100.42234995200016,13.8348996900001],[100.42234264300004,13.834914815000047],[100.42233446300003,13.834929710000097],[100.4223256620001,13.834944423000024],[100.42231642100018,13.83495899900015],[100.4223068840002,13.83497346400003],[100.42228726100006,13.835002170000053],[100.42221736900012,13.835101745000031],[100.4221987040001,13.835129718000132],[100.42218999300019,13.835143956000081],[100.4221833580001,13.835155823000093],[100.4221772520001,13.835167881000189],[100.42217176200018,13.835180139000158],[100.42216699900007,13.835192610000036],[100.42216272800016,13.835206687000039],[100.42215952600003,13.83522098300017],[100.42215744400005,13.835235436],[100.42215659000016,13.83524856200006],[100.4221566880002,13.835261714000069],[100.42215773900017,13.835274834000074],[100.42216024400011,13.835290403000045],[100.42216391700015,13.835305786000163],[100.42216859299998,13.835320927000055],[100.42217420100013,13.835335729000064],[100.42218074100015,13.835350072999972],[100.42218645200018,13.835360417000118],[100.42218831300005,13.835363795999967],[100.42219710100005,13.835376690000146],[100.42220677300014,13.835388042000034],[100.42221752600005,13.835398506],[100.42222913900002,13.83540815200007],[100.42224148200006,13.835416984000119],[100.42225445899999,13.835424936000038],[100.42226804400013,13.835431886000094],[100.42228250300019,13.83543781800006],[100.4222974540001,13.835442648000082],[100.42231277300004,13.835446447000152],[100.42232837799997,13.835449208000114],[100.42234521200015,13.835450972999979],[100.42236220500001,13.835451697000053],[100.4223793000001,13.835451530000114],[100.4223964270002,13.835450540000068],[100.42241399700004,13.835448720000102],[100.42243154500011,13.835446268000055],[100.42244906800005,13.835443369000075],[100.42246656000003,13.835440162000054],[100.42250148200009,13.835433180000052],[100.4226248170001,13.835406742000146],[100.42264062500016,13.835403355000153],[100.42269283200011,13.83539260200007],[100.4227277330001,13.835386140000026],[100.422745228,13.83538333100006],[100.42276276800004,13.835380969000084],[100.42278035200007,13.835379217000082],[100.42279633700008,13.835378289],[100.4228123480001,13.835377938000079],[100.42282835800017,13.835378098000092],[100.42284433800006,13.835378738000145],[100.42286026200014,13.835379875000172],[100.42287607700013,13.835381564000045],[100.42288036000019,13.835382208000055],[100.42289370200007,13.835384214000044],[100.42291105500016,13.83538765700007],[100.42292802400004,13.835391933000096],[100.42294445300007,13.835397171000182],[100.42294645600015,13.835397991000036],[100.4229601450001,13.83540360700016],[100.4229748100002,13.835411585000088],[100.42298759599998,13.835420894000094],[100.42299932200007,13.83543162400008],[100.42301010200009,13.835443466000186],[100.4230199810001,13.83545621800016],[100.42302891200006,13.835469753000154],[100.42303677400014,13.835484017000056],[100.42304318400016,13.835498299],[100.42304869900016,13.835513082999967],[100.42305352300002,13.835528232000058],[100.42305779800012,13.835543647],[100.42306163500018,13.835559259000092],[100.42306820200008,13.835590887000023],[100.42307393100015,13.835625647000086],[100.42308849500012,13.835730286000114],[100.42309424100006,13.835764771000015],[100.42309769300016,13.83578181300004],[100.42310174600004,13.835798639000188],[100.42310662500017,13.8358151810001],[100.42311065800004,13.835826525000186],[100.42311521699997,13.835837671000036],[100.42312028300006,13.835848602000112],[100.4231283270002,13.835863765000056],[100.42313716400014,13.835878575000038],[100.42314658200019,13.835893110000086],[100.42315643800009,13.83590743000019],[100.42316663000008,13.835921559000042],[100.42318783500014,13.835949242000083],[100.42319883300019,13.835962719000065],[100.42320851300008,13.835973958000181],[100.42321014900006,13.835975856000175],[100.42322186800004,13.835988520000171],[100.42323412500008,13.836000544000058],[100.42324709700006,13.836011696000128],[100.42326001800018,13.83602114900009],[100.42327359600006,13.83602975700012],[100.42328769600016,13.836037648000115],[100.42330222200007,13.8360448950001],[100.4233171240001,13.836051511000107],[100.4233333800002,13.836057880000055],[100.42334993700007,13.836063628000147],[100.42336673200009,13.836068832000024],[100.4233837220001,13.836073516000056],[100.42340053700013,13.836077617000171],[100.42340915700015,13.836079515000108],[100.4234174710001,13.836081347000118],[100.4234515460002,13.836088096000026],[100.42353687700006,13.836104048000095],[100.4235706410002,13.836111278000033],[100.42358733200007,13.836115398000175],[100.4236038310001,13.836120016],[100.42362007600013,13.836125314000128],[100.42363659500012,13.836131668000121],[100.42365284100009,13.836138747000064],[100.42366888700013,13.836146360000043],[100.42370059200005,13.836162659000081],[100.42374764700008,13.836188542000173],[100.42385703600019,13.836250882],[100.42388846600011,13.83626842600006],[100.42392015600007,13.836285164000174],[100.42393615600014,13.836292940000135],[100.42395231900014,13.836300073000075],[100.42396868500009,13.836306301000093],[100.42398300000013,13.836310702000162],[100.42399747500014,13.836314062000099],[100.42401208200005,13.836316222999983],[100.42402248000019,13.836316918000136],[100.42403289600014,13.836316916000158],[100.42404744600015,13.836315778000028],[100.42406191400005,13.836313452000013],[100.42407679100018,13.836309899000184],[100.42409147200004,13.83630533500019],[100.42410590300005,13.836299845000042],[100.42412000400009,13.836293454000156],[100.42413393300006,13.83628602400006],[100.42414743000006,13.836277746000121],[100.42416109200013,13.836268284000028],[100.42417431000013,13.836258137000186],[100.42418709900005,13.83624741400007],[100.42419945000006,13.836236165000116],[100.4242113030001,13.836224385000037],[100.42422359000011,13.836210957000162],[100.42423537000002,13.836197049000077],[100.42424678600008,13.836182800000074],[100.42426893200013,13.836153713000044],[100.42430278500018,13.836107156000025],[100.42438700400015,13.83599133500013],[100.4244195230001,13.835947471000054],[100.42444165100017,13.835918619000154],[100.42446453800017,13.83589041800002],[100.42447645300018,13.835876717000076],[100.42448771500005,13.835864502],[100.42449925200003,13.835852512000088],[100.42454634900008,13.835805314000083],[100.42455795500018,13.835793353999975],[100.42456932900006,13.835781180000026],[100.42458035400017,13.835768695000183],[100.42459129100007,13.83575541600004],[100.42460185200014,13.835741795000104],[100.42461214200011,13.835727927000164],[100.42466213400019,13.835657141000183],[100.42467231700005,13.835643192000191],[100.42468274800012,13.835629541],[100.424693547,13.835616357],[100.42470485400014,13.835603844000104],[100.42471686099998,13.835592298000051],[100.424727857,13.835583384000017],[100.42473942300006,13.83557545300016],[100.42475147200008,13.835568576000071],[100.42476395000006,13.835562894000134],[100.42477681500014,13.835558616000128],[100.424785693,13.835556662000101],[100.42479469700004,13.835555506000048],[100.42480667900014,13.835555220000174],[100.42481871700005,13.835556235000183],[100.42483193300012,13.835558725000055],[100.42484206200015,13.835561617999986],[100.42484503600019,13.835562468000091],[100.42485794300012,13.835567311000034],[100.42487057900013,13.835573185000158],[100.42488366300012,13.835580522000157],[100.42489635900012,13.835588783000048],[100.42490868500005,13.835597791000055],[100.42492063100013,13.83560743900017],[100.42493216500003,13.835617659000093],[100.42494382100011,13.835628986000074],[100.42495504500016,13.835640790000184],[100.42496589100017,13.835652953000022],[100.42497243700018,13.835660716],[100.42497638800006,13.835665406999965],[100.424986526,13.835678121000115],[100.42499625900018,13.835691086000054],[100.4249980780001,13.835693688000106],[100.42500551100005,13.835704325000165],[100.42501416000016,13.83571788900008],[100.425022081,13.835731859000134],[100.42502861800011,13.835745004999978],[100.42503453700016,13.83575843500006],[100.42503991200016,13.835772103000124],[100.42504477500012,13.835785969000028],[100.42505003600013,13.835803050000095],[100.42505475300004,13.835820320000096],[100.42505908600015,13.83583771900004],[100.42506704300018,13.83587272799997],[100.42514385400005,13.836241293],[100.42515130200013,13.836276337000072],[100.4251591100001,13.836311261000105],[100.42516774800009,13.836345878000031],[100.42517264900005,13.836362962000067],[100.42517817200007,13.836379806000025],[100.42518345600013,13.836393765000025],[100.42518559600012,13.836398795999969],[100.42518929400012,13.836407484000176],[100.42519565700019,13.836420948000068],[100.42520256000012,13.83643412400005],[100.42521004800005,13.836446956999964],[100.42521821800017,13.836459357000138],[100.42522831900004,13.836472695000168],[100.42523971800017,13.836485962000097],[100.42525354900016,13.836500458000046],[100.42526914600012,13.83651576200009],[100.42528573100014,13.836531341000011],[100.42531880000013,13.836561146000122],[100.42547856500016,13.836702397000181],[100.425564028,13.836577546000058],[100.42561420900017,13.83650365800014],[100.42565463800003,13.836444770000071],[100.42569569900019,13.836386438000034],[100.42574851600017,13.836315527000124],[100.42576943500006,13.836286410000127],[100.42580041700012,13.83624236500009]]]}},{"type":"Feature","properties":{"districtCode":"TH1203","provinceCode":"TH-12","nameTh":"อำเภอบางใหญ่","shapeName":"Bang Yai","shapeISO":"TH1203","shapeID":"TH1203","shapeGroup":"THA","shapeType":"ADM2","labelPoint":[100.36331179,13.86363041]},"geometry":{"type":"Polygon","coordinates":[[[100.388109128,13.895317417000172],[100.38826437700016,13.895308861],[100.38896414200008,13.895324885999969],[100.38938412800019,13.89535583900016],[100.38943180900014,13.895338896999988],[100.39070214800017,13.894672401000093],[100.39143302800005,13.894222770000113],[100.39295075400003,13.893384820000051],[100.39377448200014,13.893129920000092],[100.39404075800019,13.893029695000052],[100.39413166200006,13.893195091000052],[100.3941506910001,13.89322971700011],[100.39500739700014,13.892771069000162],[100.3950866290001,13.892728649000048],[100.39502693800006,13.89256906900016],[100.39500418600011,13.892508236000026],[100.3956455340001,13.892363298000078],[100.39567445000017,13.892353108000123],[100.39571239600008,13.89231815800008],[100.39576978100013,13.892265304000148],[100.39592632900013,13.892128630000059],[100.39604498900019,13.892020044000105],[100.39623105800001,13.891845211000145],[100.39660341500019,13.891500034000046],[100.39704704700011,13.891174613000032],[100.39683491700015,13.890462934000084],[100.39665457500018,13.889963858000158],[100.3964864290001,13.889457874000016],[100.39647403900017,13.889358092000123],[100.39651944300016,13.88906211300008],[100.3966601260002,13.88826632700011],[100.39670226500004,13.888081740000018],[100.39672927700013,13.887997096000163],[100.39676426400007,13.887931607000155],[100.39685403400006,13.887823557000104],[100.39695166800016,13.887715467000191],[100.3970705500002,13.887627894000161],[100.39713491200001,13.887543994000112],[100.3972258280001,13.887462827000093],[100.39741975800013,13.88735226100016],[100.39761370600002,13.887244578000036],[100.3977960850001,13.887174408000078],[100.39797570600012,13.887135933000025],[100.3981258440001,13.88709762700006],[100.39830532300016,13.887036116000047],[100.39843780799998,13.887003673000095],[100.39855861800004,13.88699146100015],[100.39876491000007,13.886975875000132],[100.3989446870001,13.886963324000021],[100.39919215100014,13.886930223000036],[100.39931863400005,13.886880535000046],[100.39944797800013,13.886816422000152],[100.39959756200005,13.886685950000185],[100.39983764100009,13.886405180000054],[100.40027121399999,13.885941834999983],[100.40040016300009,13.885811476000129],[100.40052950600005,13.885747366000146],[100.4006794,13.885668739000153],[100.40080286100005,13.885607542000116],[100.40100890900004,13.885551634000137],[100.40120325100014,13.885510194000062],[100.4014594040001,13.88545111999997],[100.40165667600007,13.885406783000121],[100.40177425900009,13.885348499000088],[100.40203010000005,13.885237578000101],[100.40229473400012,13.885117965000063],[100.40264743300008,13.884934474000033],[100.40288265100014,13.88482655100006],[100.40308848500013,13.884735117000162],[100.40326197900009,13.884659231000114],[100.40360036600015,13.884547836000024],[100.40385895500009,13.884472600000038],[100.40403507500014,13.88443401],[100.40430313100012,13.88439752700009],[100.40471162700015,13.884347752000167],[100.40484685400003,13.884317022000118],[100.40488756700012,13.884289330000115],[100.40489442100017,13.884154505000083],[100.40492881900019,13.883927163000124],[100.40496316100018,13.88368983700019],[100.40499300800008,13.88355487900003],[100.40501297600014,13.883525765000115],[100.40536013900015,13.883411777000106],[100.40582828800007,13.883267039000032],[100.4059802750001,13.88322004500003],[100.40604921500017,13.883198735000065],[100.40602686600016,13.88313832900019],[100.40599774900016,13.883059644000184],[100.40695306600009,13.882719100000088],[100.40696214600013,13.882742623000127],[100.40696621600006,13.882753167000146],[100.40699220800008,13.882743277000031],[100.40779417900012,13.882478898999977],[100.40800788700005,13.882767579000074],[100.40946109700019,13.882109558000082],[100.4102961480001,13.882154712000101],[100.41036790900006,13.88167039700005],[100.41063462900013,13.881572848000076],[100.41227722200006,13.880825989000186],[100.41220969800014,13.880711164],[100.41220095500006,13.880565274000048],[100.41214904700018,13.880155658000035],[100.41214760400015,13.880077763000088],[100.41226434500015,13.879881227000169],[100.41235277900017,13.879554272000064],[100.41235844600004,13.879524435000121],[100.413240842,13.879151562000118],[100.413267711,13.879207055000165],[100.41328187800002,13.879236311000113],[100.41479873700007,13.878540415000089],[100.41489940200012,13.878794493000157],[100.41540061300009,13.87856061499997],[100.4161130870001,13.878244001999974],[100.41680398800014,13.878047889000186],[100.41740823100014,13.877841971],[100.41743174300012,13.87783607200015],[100.41758160300009,13.877780401999985],[100.41765851400015,13.877756990000023],[100.4181226680002,13.877646919000028],[100.4180518450001,13.877383572000042],[100.41968856700015,13.876973704000022],[100.41970805500017,13.8769671],[100.41910009100013,13.876560489000042],[100.41864509100014,13.876232004000144],[100.41884800000014,13.875841734000176],[100.41904481500018,13.875543157000095],[100.41950590200003,13.87466686700003],[100.41957246200008,13.874527015000183],[100.41957211600004,13.87447015600003],[100.41952514300016,13.874402196000062],[100.41919075300018,13.873966308999968],[100.41918448400008,13.873892426000168],[100.41918406900015,13.873824195000111],[100.41929180900019,13.87335731200011],[100.41937820700008,13.873208973000033],[100.41943048100012,13.873191611000038],[100.41961664400014,13.873179158000141],[100.41993101400004,13.873194391000084],[100.42009407200004,13.873210502000063],[100.42024040400008,13.87322895799997],[100.42026605200004,13.873178267000128],[100.42028876300009,13.872916940000096],[100.42115587500007,13.872959392000098],[100.42131271600016,13.87194209300003],[100.42060284700011,13.871871592000105],[100.42013749800009,13.871801568000024],[100.4202749000001,13.871234683000125],[100.42030566400013,13.871107761000076],[100.42034438500008,13.870817899000087],[100.42030363500004,13.870397052000158],[100.42028884800015,13.87024433200014],[100.42028112800006,13.870237077000183],[100.4202023270002,13.870206809000138],[100.42013819400012,13.870200920000116],[100.41999763100017,13.870148352],[100.41983777400014,13.870078170000056],[100.41973330600001,13.86999750900003],[100.4196877780002,13.86991989000012],[100.41955102800006,13.869659946000127],[100.41951251300014,13.86959583200013],[100.41931047100013,13.86942769400008],[100.41921809000002,13.869338503000051],[100.41917450400018,13.869296421000115],[100.41910471500017,13.869218943000135],[100.41925412100011,13.869203771000116],[100.41926675500008,13.869201886000042],[100.41931326600007,13.869195731000161],[100.41933615600004,13.869192701000088],[100.41949133600008,13.869174562000069],[100.41954316800013,13.869169312],[100.41962974799998,13.869161849000022],[100.41975104300019,13.869152273000111],[100.41982148800003,13.869147479000048],[100.42002436900003,13.869136869000101],[100.42006123000016,13.869134657000075],[100.42009805200018,13.869131980000134],[100.42029721300008,13.869110706000129],[100.42033343100002,13.86910690200017],[100.4203698180001,13.86910347700018],[100.42046125100012,13.869096262000028],[100.42073577800005,13.869076773000074],[100.42079062800013,13.869072559000074],[100.42082709400012,13.869069206000063],[100.42083285900014,13.86906856600001],[100.42084527100013,13.869067197000163],[100.4208814120002,13.869062043000099],[100.42095031400004,13.869046825999988],[100.42103940400011,13.869021717000123],[100.4211040850002,13.86900540400012],[100.42124217700007,13.868971571000088],[100.42139826600015,13.86893553100009],[100.42153669100014,13.868901497000138],[100.42158841700012,13.868888040000172],[100.42162275000004,13.868878602000109],[100.42165681,13.868868365000083],[100.421689953,13.868857112000114],[100.42170639900013,13.86885112800013],[100.42173909500019,13.868838621000066],[100.4217875110001,13.868818688000147],[100.42183544900013,13.868797808000181],[100.42188312100018,13.86877632400018],[100.42191469200003,13.8687615770001],[100.42194520400011,13.868746769000154],[100.42202112500007,13.868709067000054],[100.4220824360001,13.868680303000133],[100.42209802800011,13.868673745000137],[100.42211383500012,13.868667569000138],[100.42212978700019,13.86866174100004],[100.42216199299997,13.868650818999981],[100.42219446600012,13.868640610000114],[100.42222714200017,13.868631041000128],[100.42227660200012,13.868618405000177],[100.42229357700006,13.868614831000059],[100.42231063200012,13.868611600000065],[100.42234490400011,13.868605836000086],[100.42239655500003,13.868598295000083],[100.42244838400018,13.868591788000174],[100.42248303999997,13.868588274000047],[100.42251531599999,13.868585822000057],[100.4225638010002,13.868582620000154],[100.4225961590002,13.868579950000083],[100.42262846400013,13.868576373000053],[100.4226445270001,13.868574164000165],[100.42266050400013,13.868571599],[100.4226763530001,13.868568573000118],[100.42269204100018,13.868564956000114],[100.42270723500019,13.868560705],[100.42272222600008,13.868555814000047],[100.42273700100014,13.868550345000017],[100.4227515460002,13.868544312000154],[100.42276581500005,13.86853768900005],[100.42278109200015,13.868529717000115],[100.42279601500007,13.868521115000135],[100.42281061000011,13.86851200000018],[100.42282485600003,13.868502412000055],[100.422838705,13.868492365000066],[100.42285206600013,13.868481819000067],[100.42286480800016,13.868470672000115],[100.42287672600008,13.868458774000032],[100.42288689200018,13.86844697700019],[100.42289632299997,13.868434538000145],[100.42290515900004,13.868421610000155],[100.42291348800006,13.868408291000037],[100.42293377800019,13.86834443500004],[100.42294404400013,13.86831581000007],[100.4229564270002,13.868291253999985],[100.42298438699999,13.86825334200006],[100.4230206900001,13.86821334700005],[100.42305098600008,13.868182861000037],[100.42305900600007,13.86816887100008],[100.42306640800012,13.868154609000158],[100.42307851800007,13.86812620400002],[100.42308324300018,13.868112110000084],[100.42308727800008,13.868097821999982],[100.42309316500013,13.86806875800005],[100.423095032,13.86805247500007],[100.42309605600008,13.868036072000052],[100.42309622100004,13.868003044000147],[100.42309553700017,13.86798647900008],[100.42309494300008,13.867979314000138],[100.42306718200018,13.867831379000052],[100.42298593300012,13.86756109800018],[100.4228781020002,13.867282333000105],[100.42284604600019,13.867203816000085],[100.42283367500016,13.867170265000084],[100.42282799300006,13.867153353999981],[100.42282298400005,13.86713697100015],[100.42281432800007,13.867104095000116],[100.4228107400001,13.86708771300016],[100.42280677300005,13.86705699300012],[100.42280554000001,13.867054233999966],[100.42280454900003,13.867039785000088],[100.42280492400016,13.867024642],[100.42280693400016,13.86701131500007],[100.42281077700005,13.866998863000106],[100.42281673600007,13.866987592000157],[100.42282586800013,13.866976999000087],[100.42283731800018,13.866967978000105],[100.42285056300011,13.866960380000023],[100.42286592300013,13.866953805000094],[100.4228823630001,13.866948268000101],[100.42289950500009,13.86694339900015],[100.42295225200007,13.866929804000165],[100.42296939300019,13.86692468299998],[100.42299602700007,13.866914232000113],[100.42300587200009,13.866908313000067],[100.42301693000013,13.86690166800014],[100.42302676800006,13.866893109000046],[100.42303482300008,13.866883398000027],[100.42304475600014,13.866860687000042],[100.42304692800013,13.866848200000163],[100.42304731200016,13.866835280000146],[100.42304542000016,13.866819412999973],[100.42304128500007,13.866803487000084],[100.42303517500011,13.866787730000112],[100.42302738000012,13.866772575000027],[100.42301813500012,13.866757836000147],[100.42300784800005,13.866743676000056],[100.42299673100013,13.866729852000162],[100.42298502700004,13.866716270000097],[100.4229729270001,13.866702871000143],[100.42294799300004,13.866676431000087],[100.42285856000018,13.866585136000083],[100.42282504400004,13.86655023000003],[100.42282132899999,13.86654636000003],[100.4228096400002,13.866533605000143],[100.42279863599998,13.866521014000114],[100.42278863800004,13.866508665000026],[100.42278007600004,13.866496674000018],[100.42277353400004,13.866485182000133],[100.42276979100018,13.866474388000142],[100.42276986500019,13.86646454300012],[100.42277453100007,13.866456010000036],[100.42278339200016,13.866447918000063],[100.42279495500014,13.86644079500013],[100.422808557,13.866434185000116],[100.42283963,13.866421909000167],[100.42287346900008,13.866410321999979],[100.4229037990001,13.86640065000006],[100.42294378800011,13.866387902000099],[100.42297918500009,13.866376989000173],[100.423014589,13.86636651800012],[100.42306433200014,13.866353415000162],[100.4231125300002,13.866342599000177],[100.42316096800016,13.866333861000157],[100.423194949,13.866329663000158],[100.42322908699998,13.866327069000135],[100.42327289700006,13.86632647500005],[100.42334296900003,13.86632795700018],[100.42335198000012,13.866327968000121],[100.42337895500015,13.866328005000184],[100.42343299900017,13.866326728],[100.42346887200006,13.86632491],[100.42348665100019,13.866323537000028],[100.42350423300019,13.86632169000012],[100.42352151000011,13.866319189000023],[100.42353834200009,13.866315764000149],[100.4235672050001,13.866306015000134],[100.42357917700019,13.866299861000186],[100.42360045400011,13.866284248000056],[100.42361146000013,13.866272152000079],[100.42362833400006,13.866243828000052],[100.4236341830001,13.866228155000101],[100.42363799700007,13.866212468000128],[100.42364023900006,13.866196265000156],[100.4236405910001,13.866164456999968],[100.423637225,13.866133629000103],[100.42363182200017,13.86610261300001],[100.42361767100016,13.866035812000064],[100.42361154200012,13.86600180400012],[100.42360948200013,13.865984903000026],[100.4236089640001,13.865950745000077],[100.42361106200008,13.86593366600016],[100.42361490100012,13.865916858],[100.42362035300005,13.865900568000086],[100.42362737200017,13.865884938000022],[100.42363606300012,13.86587016700014],[100.42365626900016,13.865845741999976],[100.42366787600014,13.865834465000034],[100.42369294899999,13.865813180000146],[100.4237334560001,13.865783819000114],[100.42376200400014,13.86576629200016],[100.4238218710002,13.865737717],[100.42386838700014,13.865719616000035],[100.4239312590002,13.865700439000136],[100.42398324300007,13.865689180000174],[100.424022702,13.865683735000175],[100.42408798800011,13.86566967300007],[100.4241225780001,13.865662218000068],[100.42417228600016,13.865647989000081],[100.42418824300012,13.865642188000038],[100.42420390000012,13.865635742000052],[100.42421981900009,13.865628255000047],[100.42425041300015,13.86561106900001],[100.42426492599998,13.865601452000021],[100.42429261000018,13.865580382000076],[100.42431829500003,13.865557004999971],[100.42434243200017,13.865530279000097],[100.4243700290001,13.865493490000176],[100.4243985110001,13.86545920900005],[100.42440994000009,13.865445198999964],[100.42443403500005,13.865418381999973],[100.4244553870002,13.865398367000182],[100.42448992500005,13.865370988000166],[100.42452014700007,13.865350504000048],[100.42458304500013,13.86531280000014],[100.42461525600004,13.865295356000104],[100.4246481620001,13.865279616000066],[100.42466502400003,13.865272811000125],[100.42468181900011,13.865267104000054],[100.4246988970001,13.865262195000128],[100.42473363600004,13.865254232000098],[100.42475120000006,13.865251065999985],[100.42476885600013,13.865248463000057],[100.42480437400002,13.865245332000029],[100.42483801700007,13.86524570600011],[100.42487363400011,13.865246484000124],[100.42491041100004,13.865252638000129],[100.42492849500007,13.865254232000098],[100.42496333200006,13.865255448000028],[100.42498001000018,13.865254750000133],[100.42499788700013,13.865252843000064],[100.425015471,13.865249820000088],[100.42503264499999,13.865245706999985],[100.4250651170002,13.865233825000075],[100.42507991200011,13.865225544],[100.42509339900005,13.86521534600007],[100.4251173040002,13.86519058700003],[100.42512810400018,13.865176726000072],[100.42513826200013,13.865162162000104],[100.42514779200002,13.865147020000109],[100.4251560260002,13.865132626000161],[100.42517142600002,13.865103035000118],[100.42520127400019,13.8650432],[100.42521745500005,13.865014206000126],[100.4252341400001,13.864989011000091],[100.42524328200011,13.864977048000071],[100.42525305200002,13.864965619000088],[100.42526467400012,13.864953660000083],[100.42527697900016,13.864942293000126],[100.42528979600007,13.864931375000083],[100.42530298000008,13.864920785000095],[100.425330084,13.864900261],[100.42535776900007,13.864880281000126],[100.4253857810001,13.864860651000129],[100.42542832200013,13.864831887000037],[100.425457865,13.864813035000054],[100.42548851900006,13.864794416000052],[100.42559696400008,13.864730963000056],[100.42562772700006,13.864712610000026],[100.42565792100004,13.864693636000084],[100.42567262700004,13.864683724000145],[100.42568691800005,13.86467337199997],[100.42570063200014,13.864662408000129],[100.42571341300004,13.86465088100016],[100.42572550500012,13.864638675000037],[100.42573690800009,13.864625853000064],[100.42575384800011,13.864603698000053],[100.42577702200003,13.86456468800003],[100.42578493100007,13.864549175000093],[100.4258153740002,13.864486154000133],[100.42582330500005,13.864470528000084],[100.42583189500004,13.864454537000086],[100.42585008700013,13.864423113000157],[100.42585963800013,13.86440768600005],[100.42586951000004,13.864392473000123],[100.42587975300012,13.864377539000088],[100.42589046100011,13.864362959000118],[100.42590035000012,13.864350504000072],[100.42591066099999,13.86433840300009],[100.42592138200007,13.864326674999973],[100.42594415500014,13.864304517000107],[100.4259568710001,13.86429375800003],[100.42598357000008,13.86427358900005],[100.42601132100015,13.864254575000075],[100.42605406200005,13.864227456000037],[100.42608317100007,13.864210323000123],[100.42611136900007,13.864195569000174],[100.42616034200017,13.864171487000135],[100.42629389100011,13.864110902000164],[100.4263187840001,13.864099611000029],[100.42639733700014,13.864062954000076],[100.42645980000003,13.864032985],[100.4264906200001,13.864017348000061],[100.42650581300006,13.864009187000022],[100.42652078700002,13.86400068800009],[100.42653403700007,13.863992656000164],[100.42654705500007,13.86398428200016],[100.42655983400016,13.86397557500004],[100.42657236200012,13.863966516000119],[100.42658656600008,13.863955550000071],[100.42660048600015,13.863944214000071],[100.42662779000011,13.863920836999966],[100.42670678100018,13.863849990000062],[100.42673126200015,13.863826460999974],[100.42676719400009,13.863790365],[100.42681429300018,13.863741434000133],[100.42684922100005,13.863703820000069],[100.426930717,13.863613555000143],[100.42695462800015,13.863588434000121],[100.42696691900017,13.863576227000067],[100.42697955900019,13.863564384000085],[100.4269924620001,13.86355311300008],[100.42700570400012,13.863542205999977],[100.42701921200018,13.863531578],[100.42704679100007,13.863510956000084],[100.42707494900009,13.86349105000005],[100.42708923499998,13.863481398000147],[100.42710369400004,13.86347200300014],[100.42711835900008,13.863462945000094],[100.42713048700006,13.863455878000138],[100.42715523300012,13.863442608000128],[100.42716784300012,13.863436424000156],[100.42718300200005,13.863429520000068],[100.42719834900015,13.863423021000187],[100.42724524300013,13.863405604000093],[100.4272611250002,13.863400539999986],[100.42729060900012,13.863392544000078],[100.42733148500014,13.863384337000184],[100.42734775300005,13.863381829000161],[100.42741330000007,13.863374287000056],[100.42744621900005,13.863371401000165],[100.42751709200013,13.863366368000186],[100.42769430600003,13.86335514200016],[100.42772968900005,13.863352644000145],[100.42776498600006,13.863349717000176],[100.42781755100003,13.863343467000163],[100.42788611900005,13.863327871000138],[100.42791992900015,13.863317767000183],[100.42808814900008,13.863263031000088],[100.42813882300015,13.863247228000091],[100.42817222800016,13.863237492],[100.42820574100017,13.863228112000115],[100.42827472800013,13.863206669000022],[100.42835945700011,13.863185429000055],[100.42842334000017,13.86316303100017],[100.42847453500002,13.863140974000032],[100.42855912100009,13.86309541800017],[100.42870252200015,13.86301818700008],[100.42875709400005,13.863098040000011],[100.42882324400006,13.863190812000084],[100.42886145900007,13.863245888000165],[100.42888139900015,13.863275688000158],[100.42891086400016,13.863320669000075],[100.42897908100002,13.863425984000173],[100.42901777200012,13.863486341999987],[100.42904605700011,13.863532034000059],[100.42907325500005,13.863579049000123],[100.42909069500007,13.863610771000083],[100.4291074840001,13.86364282600016],[100.42912938200016,13.863687869000046],[100.42915032899998,13.863733365000087],[100.42917046500008,13.863779187000148],[100.42918307900004,13.863810006000108],[100.42918895200012,13.863825556000165],[100.42919484200007,13.863842439000052],[100.42920029900006,13.863859442000148],[100.42920533900013,13.863876538000113],[100.42920993200005,13.863893718000156],[100.42921401600006,13.863910978000149],[100.42921747100007,13.863928314000134],[100.42922011700011,13.863945736000176],[100.42922169000013,13.863961591000134],[100.429222578,13.863977487000056],[100.42922290200005,13.863993386],[100.42922273200003,13.86402610100015],[100.4292231280001,13.864042401000063],[100.42922431300008,13.864057622000189],[100.42922631200014,13.864072778000036],[100.42922909200001,13.864087840000025],[100.42923298900007,13.864104048000115],[100.42923770800002,13.86412009300011],[100.42924317600011,13.864135962000091],[100.42924973100008,13.864152552000064],[100.429256882,13.864168971000083],[100.42927234600006,13.864201473000094],[100.42928865600015,13.864233726],[100.4293808650001,13.864410259000124],[100.42943052400017,13.864506778000077],[100.42946958600004,13.864585357000067],[100.42954688700013,13.864743293000174],[100.42967955500012,13.865017222000176],[100.42972610800012,13.865114026000015],[100.4297635750001,13.865193518000012],[100.42988266900005,13.865448254000171],[100.42992031200004,13.865527659000065],[100.42994386300012,13.865575309000064],[100.43000165300009,13.865687324000021],[100.43002519200019,13.86573509699997],[100.43004695800005,13.86578209300012],[100.43011068000015,13.86592380900015],[100.4301251670002,13.865955145999976],[100.43014014200008,13.865986254000063],[100.43016402400013,13.866032587000063],[100.43018873500012,13.86607852600008],[100.43028056400016,13.866246410000088],[100.4303143140001,13.866307265999978],[100.43033161100004,13.866337451999982],[100.43035625900012,13.866378411000085],[100.43038185800003,13.866418791000058],[100.4303996220001,13.866445263000116],[100.43042045600004,13.866474384000128],[100.43045276900011,13.866517373000079],[100.43065022100012,13.866772906000165],[100.43071569900019,13.866858318000084],[100.43074710900015,13.866900345000147],[100.43079609300008,13.866967354000053],[100.43082704200009,13.867008954000141],[100.43099811100012,13.86723326900011],[100.43106266800004,13.867317054000068],[100.43108466299998,13.86734459100012],[100.43110732500008,13.867371573000014],[100.4311311580002,13.867397924000159],[100.43116806600005,13.86743648800018],[100.431218075,13.867487242000095],[100.43133110800005,13.867600999],[100.43136897200014,13.867638739000085],[100.43140785300011,13.867676898000184],[100.43157716800016,13.8678414580001],[100.43160287500007,13.867867070999978],[100.43162809900019,13.867893102000096],[100.43165217000018,13.867919619000077],[100.43167510500018,13.867946599],[100.43170870200004,13.86798777600012],[100.43179752100019,13.868098253000142],[100.43182018000005,13.868125497000051],[100.43184359600019,13.868152442000053],[100.43186777800003,13.86817908100005],[100.43191693900013,13.86823169700017],[100.43205304800011,13.868375651000179],[100.43210296300003,13.868427562000079],[100.43212843700002,13.868452995000155],[100.43214144400014,13.86846543400003],[100.43215444700007,13.868477417000065],[100.432180974,13.868500850000146],[100.43223506100014,13.86854667199998],[100.43242588700014,13.868705496000189],[100.4324665060002,13.868739826000024],[100.43249331400011,13.86876300400013],[100.43252064600006,13.868787351000094],[100.43256121300016,13.868824329000176],[100.43276289800002,13.869010493000076],[100.43280380000004,13.869047094],[100.43283163300015,13.86907084100011],[100.43285995300016,13.86909400999997],[100.43291726800004,13.8691396050001],[100.4330181320002,13.86921875600018],[100.43307561100005,13.869263152000144],[100.43316026800005,13.869327009000187],[100.43325938400011,13.86940105399998],[100.43330218700015,13.869432351],[100.43334660400018,13.869463463000102],[100.43343767099998,13.869524665000029],[100.43389436200005,13.869828845000143],[100.43397066100005,13.869879268000147],[100.43401691100013,13.869909081],[100.43407900800003,13.869948359999967],[100.43434340100015,13.870114624000053],[100.43440586900016,13.870153336000044],[100.4344372490001,13.870172144000037],[100.43446874900008,13.870190436000144],[100.43451647900008,13.870217072],[100.43456342500008,13.870241809],[100.43468937500018,13.870306426000127],[100.43473589200005,13.870331442000065],[100.43478144200009,13.870357199000125],[100.43493230700005,13.870444784000028],[100.43497783900006,13.870470583000099],[100.4350242220001,13.870495495000057],[100.435055536,13.870511298],[100.43507136200009,13.870518834000109],[100.43508734800014,13.870526040000186],[100.43511986400017,13.870539323000116],[100.43515282700014,13.870551631000069],[100.43525246900003,13.870586965000143],[100.43528553800002,13.870599132],[100.43533561200007,13.870618816000047],[100.43538539000014,13.870639238000138],[100.43546805600005,13.870673980000163],[100.43550099300018,13.870688154999982],[100.43553377500007,13.870702665000124],[100.43558211300018,13.870725080000113],[100.4356783770001,13.870770734000189],[100.43571066600003,13.87078546500004],[100.43574329700016,13.87079937500016],[100.43575708300006,13.870804799000041],[100.43578492600017,13.870814999],[100.43581305600014,13.870824448000178],[100.43584652499999,13.870834724000133],[100.43589707100011,13.870849166000085],[100.43601533200001,13.870881963000045],[100.43604902400017,13.870891650000033],[100.43608340000014,13.870902024000031],[100.43615344400007,13.870924456000125],[100.43639786900013,13.87100523100014],[100.43648532500009,13.871033572000044],[100.43653632300004,13.871049182000093],[100.436687264,13.871093420000022],[100.43673733100019,13.871108887000162],[100.4367711340002,13.871120101000031],[100.43680480600017,13.87113172200003],[100.43697266300012,13.871191296000177],[100.43702311800013,13.871208903000081],[100.43709092500012,13.871231786000124],[100.43731172500009,13.87130502400015],[100.43736241200008,13.871322674],[100.43739333800016,13.87133409500018],[100.43745481400009,13.871357946000103],[100.43748538600016,13.871370304000038],[100.43751678100017,13.871383407000167],[100.437641397,13.871436831000153],[100.43765903400015,13.871444732000157],[100.43815482700006,13.871620044999986],[100.4385294970001,13.87173502600001],[100.43858203300005,13.871750970000107],[100.43863468600006,13.871766520000165],[100.43872176600013,13.871790681000107],[100.43879160200004,13.871809425000038],[100.43884406400014,13.871823168000049],[100.43889677700014,13.871836332000044],[100.43900258600013,13.871861576000185],[100.43914384100015,13.871894502999965],[100.4391970060002,13.871905937000065],[100.43923212300018,13.871912691000091],[100.43926733000018,13.87191901000017],[100.43933785700006,13.87193111900018],[100.43949668800013,13.871957592000115],[100.43954974400009,13.871965542000112],[100.43956747200014,13.871967860000098],[100.43960405800016,13.871971921000181],[100.43964072300008,13.871975366000186],[100.43969578900015,13.87198000900014],[100.43982435300018,13.871990235000112],[100.439897837,13.871995746000096],[100.43995278500012,13.871999138000035],[100.4400437600001,13.872003125999981],[100.44017117900006,13.87200771800019],[100.44024365400014,13.872009465000076],[100.44035081499999,13.872010177000163],[100.4406008790001,13.872010408000051],[100.44069254700003,13.872009642000023],[100.44126088400009,13.872003346000042],[100.441315874,13.872002475000045],[100.441370833,13.872000908000189],[100.44140722100019,13.871999134000191],[100.4414617750001,13.871995771],[100.44178900600008,13.871973141000069],[100.44186165700012,13.871967479000148],[100.44189627800006,13.871964170000126],[100.44192920300003,13.871960541000135],[100.4419949500001,13.871952370000088],[100.44206356000007,13.87194251000011],[100.44223728500015,13.871915303000094],[100.44228932300018,13.871906720000027],[100.44232393500005,13.87190060000006],[100.4423595930001,13.8718937270001],[100.4424129480002,13.871882791000075],[100.44269713500017,13.871822407000082],[100.4427680120001,13.871806622000065],[100.44283635800008,13.871790047000047],[100.44295568000018,13.8717598880001],[100.44304078500016,13.871737898999982],[100.44309240500019,13.871723836000172],[100.44314529400003,13.871708613000067],[100.44398970600008,13.871458626000049],[100.44404235500008,13.871442618000174],[100.444075635,13.871432089000109],[100.44415420100012,13.871405898000148],[100.44422098900014,13.87138274199998],[100.44437106400005,13.871330064000063],[100.44450433800006,13.871282913000186],[100.44458825400005,13.871251923000102],[100.44478972900009,13.871175831000016],[100.44485666600008,13.871149958000103],[100.44488990000013,13.871136482000054],[100.444906571,13.871129428000188],[100.44497276100014,13.871100079000144],[100.44505496400012,13.871062233000032],[100.44508763500005,13.871046695000189],[100.44512003000017,13.871030635000068],[100.44516690900008,13.87100571100018],[100.44522877000014,13.870971285000167],[100.44533667700006,13.870910372000026],[100.4453981960001,13.870875346000105],[100.44542878000016,13.870857565000165],[100.44545908000015,13.870839343000057],[100.4455034820001,13.870811018000154],[100.44554739300008,13.870781931000124],[100.44564950800009,13.870713544000068],[100.445665668,13.870703162000098],[100.44568400100002,13.870691935000139],[100.44570372500004,13.87068042400017],[100.44572405200006,13.87066919900002],[100.44574418500002,13.870658793000075],[100.44576365500006,13.870649524999976],[100.4458049970001,13.870615577000024],[100.44603498100014,13.870393914999966],[100.44608639400019,13.870344965000015],[100.44612546200005,13.870308526000144],[100.44621722599999,13.870224128000075],[100.44627004700004,13.870176300000026],[100.446324592,13.870128212000111],[100.4464343100002,13.870032703000106],[100.44647504600005,13.869996525000147],[100.44650159899999,13.869971866000128],[100.44651452000011,13.869959220000169],[100.4465270880001,13.869946251000101],[100.44653898400014,13.869933164000145],[100.446561831,13.86990614500013],[100.44659483000015,13.869864477000078],[100.44681019100011,13.869582530000116],[100.44685343000009,13.869526275000169],[100.446886145,13.86948429600011],[100.44693094400009,13.869428275000018],[100.44707770400015,13.869247100000052],[100.44711082300012,13.869204757000034],[100.44713172000019,13.869176534000076],[100.44716133800017,13.869134239000061],[100.44720951200003,13.869062913000164],[100.44724736200016,13.869005419000018],[100.44727465900019,13.868961854000077],[100.4472920660001,13.868932617000041],[100.44731767600013,13.868888470000059],[100.44735136700012,13.868829346000098],[100.4473762290001,13.868784792000156],[100.447400292,13.868739669000092],[100.44743097600008,13.868678358000068],[100.44746820400013,13.868601170999966],[100.4474827140001,13.868570125000076],[100.44749742200008,13.868537667000055],[100.44752620400016,13.868472480000094],[100.44758325300018,13.868341878000138],[100.44763282500014,13.868227470000079],[100.44765344500007,13.86817784700014],[100.44767352900016,13.868127333000018],[100.4477523500002,13.867924662000064],[100.44777835000002,13.867857014000151],[100.4477909950001,13.867823077000082],[100.44780307000013,13.867788954],[100.44781957200007,13.86773751200019],[100.44783512800012,13.867685763000111],[100.44790551900019,13.867447110000171],[100.44791888300006,13.867400043999965],[100.44792779800014,13.867365125000049],[100.44794020700004,13.867312492000053],[100.44799939400019,13.867048594000039],[100.4480070080001,13.867013358000122],[100.44801422300009,13.866978052000093],[100.448017569,13.86696035600005],[100.44802350100014,13.866925441000092],[100.44802882500005,13.866890426999987],[100.44803609000007,13.866837797000073],[100.44804042500016,13.866802648000146],[100.44804601300007,13.866749788],[100.44810147000015,13.866149854000128],[100.44810912900016,13.866061606000073],[100.4481115700001,13.86602628300011],[100.44811249200018,13.866008605000047],[100.44811357800006,13.86597403200011],[100.44811413000014,13.865922119000174],[100.44811435900004,13.865800934],[100.44811534700011,13.865749028000153],[100.44811692700006,13.865713674000062],[100.44811907200017,13.865678344000173],[100.4481216280002,13.865643038000087],[100.4481246200001,13.86560778400019],[100.44812830200004,13.865572612000108],[100.44813055300011,13.865555076000078],[100.44813608500004,13.865520006000054],[100.4481459000001,13.865467591000083],[100.44816700300015,13.865362965000088],[100.44817705000014,13.865310594000107],[100.44818293500003,13.865275576000045],[100.44818543000014,13.865258015000109],[100.44818750100006,13.865240579000101],[100.44819075400005,13.865205604000153],[100.44819443400019,13.86515299500013],[100.4482074550001,13.864924647000066],[100.44821074600009,13.864871973000163],[100.44821327200015,13.864836879999984],[100.44821787500007,13.864783913000167],[100.44822494100015,13.864713363000021],[100.44823095999999,13.864660581000066],[100.44823764300014,13.864607972000101],[100.44824598399998,13.864492069000164],[100.44813979100019,13.864467540000021],[100.44789831300011,13.864411765000114],[100.44788815600009,13.86440851499998],[100.44745657900017,13.864270516000033],[100.4472759570001,13.864219638000122],[100.44699803100002,13.86412218300012],[100.44687534400009,13.864064098000028],[100.44681129900005,13.864036814000087],[100.44672789100008,13.863998203000165],[100.44663002800007,13.86395093200008],[100.44652574100007,13.863893518000111],[100.44647239300008,13.86386214800018],[100.44642988300012,13.863835996000148],[100.44642641600007,13.863833791000047],[100.44639551500012,13.863814191000017],[100.44636022100019,13.863787992000084],[100.44629681700013,13.863732910000124],[100.44617481700016,13.86361799500014],[100.44610923700003,13.863556220000078],[100.44593776000016,13.863384273000179],[100.44589892200014,13.863345333000154],[100.44587989900009,13.863328724000098],[100.4458663200001,13.863318240000126],[100.44585184200014,13.863307765000059],[100.44578784200019,13.863269297000045],[100.44562849300007,13.86317353000004],[100.44559866300006,13.863157860000172],[100.4455880910001,13.863151750000043],[100.44556003500009,13.863132725000128],[100.4454972100001,13.863081121000107],[100.44544386800015,13.863037306000138],[100.44542484000016,13.863019814000097],[100.44541573500004,13.863004025000123],[100.44541113000008,13.862988213000108],[100.4454110260001,13.862971486000049],[100.44541184400015,13.862964330000125],[100.44543462900003,13.86292481900017],[100.44544416100007,13.86290829000012],[100.44554795900012,13.862803456000165],[100.44559862600016,13.86273150500017],[100.44563008400013,13.8626835230001],[100.44576153600013,13.862483020000127],[100.44580991400005,13.86240022700008],[100.44581640600006,13.862371962000168],[100.4458095780002,13.862345947000051],[100.44579384900004,13.862317814000107],[100.44573806500006,13.8622812320001],[100.44567773000011,13.862227307000182],[100.44553052800006,13.862141326000085],[100.44544114300004,13.862061518000075],[100.44518446300009,13.861880649000113],[100.44491186599998,13.861641249],[100.44442721600007,13.861211196000056],[100.44440909100007,13.86118454200016],[100.44440222700001,13.86116223900018],[100.44439112300017,13.861141747999966],[100.44436107100017,13.861056236000024],[100.44435884299997,13.86103190200015],[100.44434014000012,13.860982991000071],[100.44402240200014,13.860716876000026],[100.44400553500009,13.860694095000156],[100.44399363700018,13.860663118000161],[100.4439683280001,13.860579697000105],[100.443962053,13.860570174000145],[100.44395269200004,13.860551214000168],[100.44390256100007,13.86047004],[100.44384851400014,13.860398588000123],[100.44380747300005,13.860356609000121],[100.44345076899998,13.860074090000126],[100.44267441200014,13.859520025],[100.44266887700013,13.859481262000088],[100.44275023300014,13.85937232300006],[100.44278924800005,13.85931724599999],[100.44300785800004,13.859008642000049],[100.44300776,13.858992895000085],[100.44299141500017,13.858983490000128],[100.44298012600007,13.858976989000041],[100.44123253600003,13.857827328000042],[100.44127154400007,13.857748999000023],[100.44127948800019,13.857733045000145],[100.44145808300016,13.857374411000137],[100.44154229100019,13.857208307000064],[100.44164637900008,13.857005592000064],[100.44173057000006,13.85683761700011],[100.44200564300013,13.856255894000014],[100.4423121910001,13.855653400000108],[100.4425845070001,13.855090400000051],[100.44261095500013,13.855031302000157],[100.44275688200003,13.854781555000159],[100.44278155700005,13.854744924000045],[100.44280436600008,13.854716717000144],[100.44283956700008,13.854680023000128],[100.44288147200007,13.854642348000084],[100.44293100200008,13.85459902000008],[100.44301104500005,13.854534920000106],[100.44307874200001,13.854487736000124],[100.4431245090002,13.85445565800012],[100.44318172000004,13.854416021000134],[100.44323223600014,13.854377365000119],[100.4432703280001,13.854343454000059],[100.44329697400013,13.854316163000021],[100.44333025300017,13.854277609],[100.44336822200017,13.854224050000141],[100.4433928680001,13.854182738000077],[100.44342317500019,13.85412829],[100.44346380500019,13.854040099000088],[100.44349400400012,13.85396787600007],[100.44361636200011,13.85362283500001],[100.44374886100013,13.853214109000135],[100.44376380900013,13.853154140000072],[100.44377683400006,13.853092314000094],[100.4438139630002,13.852887037000073],[100.44381971200005,13.852846846000034],[100.44382232600009,13.852825187000121],[100.44382947600013,13.852752913000188],[100.44383033500014,13.852744248000079],[100.44274757600016,13.852790860000027],[100.44241535800006,13.852802],[100.44220936700015,13.85280685700019],[100.44219057800007,13.852807319000078],[100.4421809110001,13.852682596000136],[100.44217401400016,13.85267265900012],[100.44214784600013,13.852662512000052],[100.44214071000005,13.852657449000105],[100.4421303260001,13.852646272000129],[100.442118854,13.852628073000176],[100.44210980600013,13.852610657000128],[100.4420814730002,13.852405748000137],[100.44207113400017,13.852392146000057],[100.44204683400011,13.852382269000088],[100.44195390400006,13.852347368000096],[100.44193930000006,13.852330070000107],[100.44192389100016,13.852289761000065],[100.44188187800012,13.852118497000106],[100.44184095600014,13.851931728000181],[100.4415014220001,13.851968598000042],[100.4411021520001,13.852024540000059],[100.4431170540002,13.849209744],[100.4422465340001,13.846559116000094],[100.44219474700014,13.846155959000043],[100.4421885000001,13.846142444000066],[100.4421853830001,13.846136742000112],[100.44298953800012,13.84607102800004],[100.4432919240001,13.84605312400015],[100.443736741,13.845943020999982],[100.44375377100005,13.846028906000072],[100.44408922300005,13.846021555000107],[100.44407527100014,13.84554334500018],[100.44398700200003,13.844608778000179],[100.44352535700011,13.84466524000004],[100.44296195700008,13.844705053999974],[100.44296151100019,13.844704442000136],[100.44295246600007,13.84470155400004],[100.442908934,13.844702420000147],[100.44275116800009,13.844705549000139],[100.44274182800007,13.844705736000037],[100.44271922300004,13.844699990000095],[100.44269507600006,13.844688365000138],[100.44193937699998,13.844116039000028],[100.44165146800009,13.843935739000187],[100.44119763400016,13.843601804000173],[100.44048034800016,13.84311313500018],[100.44017413800003,13.842942503000074],[100.43993854299998,13.842815772000165],[100.43976385800005,13.842730756000037],[100.43959713300018,13.842666727000164],[100.43936570200015,13.842582043999982],[100.43885252000013,13.842410100000166],[100.43856557300012,13.842300514000158],[100.43840396500002,13.842231890000164],[100.4381864500001,13.842127409000113],[100.43785986700016,13.84190416500013],[100.43750398000009,13.841511520999973],[100.43698397600008,13.840889580000123],[100.43649807600019,13.840338708000047],[100.43636258300006,13.840202444000113],[100.43617676500014,13.840093884],[100.43572110700012,13.83989918800006],[100.4354677620002,13.839758131000053],[100.43527593100004,13.839583818000108],[100.43502705400016,13.839256333000094],[100.43478328400005,13.838846581000098],[100.43464749000003,13.838660975000039],[100.43462585500009,13.838631403000079],[100.4345682390001,13.838578159000122],[100.43430237400003,13.838365590000024],[100.43419541700018,13.838309499000104],[100.43405122800004,13.838201262000098],[100.43384995600007,13.837936191000097],[100.43357104600011,13.837513824000041],[100.43336614700013,13.837242874000026],[100.43326755700014,13.837123314000053],[100.43307032600006,13.83687438600009],[100.43303496200019,13.836826906000056],[100.43302187700004,13.836808744000166],[100.43296375700004,13.83671072500016],[100.43295132500009,13.836692729000049],[100.4329265240001,13.836668791000022],[100.43282311200005,13.836568943000145],[100.4327818750001,13.83652912600013],[100.43274055000012,13.8364892190001],[100.43261381300005,13.836340666000183],[100.43256240200014,13.836286481],[100.43247394000014,13.836181575000069],[100.43231125300008,13.835993624000025],[100.43191826200012,13.835551547000136],[100.43158225200006,13.835212521000187],[100.43139858600011,13.835032943000044],[100.4311333010001,13.83477906200011],[100.43105330000014,13.834688515000153],[100.43103062100016,13.834674599000039],[100.43101422400014,13.834680715000047],[100.43062608800017,13.835146483000017],[100.43061249200008,13.835162797000123],[100.4305919790001,13.83516693200005],[100.43056933600008,13.835159039000189],[100.43036441700008,13.834947734000025],[100.43035640900013,13.834939476000045],[100.43032964200017,13.834929595],[100.4303030260001,13.834943803000158],[100.42983365300006,13.835485404999986],[100.42969107900018,13.835649920000037],[100.42966856800018,13.835664103000056],[100.42965055899998,13.835662852000041],[100.42962576600019,13.835647419999987],[100.42960130700004,13.835624871000164],[100.42949441100006,13.835526321000032],[100.42868624100015,13.834781238000119],[100.4286730870001,13.834770750000132],[100.4286050880001,13.834729468000091],[100.42854963700006,13.834688108000023],[100.42850170300017,13.834644256000104],[100.4283476600001,13.834483341000066],[100.42821895800012,13.83436150000017],[100.42760873600008,13.8338648940001],[100.42744891799998,13.834032063],[100.4273889750001,13.834097881000105],[100.42736477300008,13.834123998000052],[100.42734046499999,13.834149654000043],[100.42725482900005,13.834237606000045],[100.42723060300017,13.834262927000111],[100.42720689200007,13.834288665000088],[100.42719536700008,13.83430180300013],[100.42717354400014,13.834328240000104],[100.42714199599999,13.834368858000062],[100.42706945000003,13.834464431000072],[100.42701566500011,13.834532655000032],[100.42698485500006,13.834573666000153],[100.42695455200015,13.834615108000037],[100.42693460500016,13.834642926000186],[100.42691446100008,13.834671618000073],[100.426853381,13.834760254000116],[100.42683256900006,13.834789627000191],[100.42681134500009,13.834818859000109],[100.42675762400017,13.834891488000153],[100.42650940900018,13.835224818000029],[100.4264772360001,13.835268436000092],[100.426445569,13.835312295000051],[100.42638379300007,13.835400642000025],[100.42580041700012,13.83624236500009],[100.42576943500006,13.836286410000127],[100.42574851600017,13.836315527000124],[100.42569569900019,13.836386438000034],[100.42565463800003,13.836444770000071],[100.42561420900017,13.83650365800014],[100.425564028,13.836577546000058],[100.42547856500016,13.836702397000181],[100.42531880000013,13.836561146000122],[100.42528573100014,13.836531341000011],[100.42526914600012,13.83651576200009],[100.42525354900016,13.836500458000046],[100.42523971800017,13.836485962000097],[100.42522831900004,13.836472695000168],[100.42521821800017,13.836459357000138],[100.42521004800005,13.836446956999964],[100.42520256000012,13.83643412400005],[100.42519565700019,13.836420948000068],[100.42518929400012,13.836407484000176],[100.42518559600012,13.836398795999969],[100.42518345600013,13.836393765000025],[100.42517817200007,13.836379806000025],[100.42517264900005,13.836362962000067],[100.42516774800009,13.836345878000031],[100.4251591100001,13.836311261000105],[100.42515130200013,13.836276337000072],[100.42514385400005,13.836241293],[100.42506704300018,13.83587272799997],[100.42505908600015,13.83583771900004],[100.42505475300004,13.835820320000096],[100.42505003600013,13.835803050000095],[100.42504477500012,13.835785969000028],[100.42503991200016,13.835772103000124],[100.42503453700016,13.83575843500006],[100.42502861800011,13.835745004999978],[100.425022081,13.835731859000134],[100.42501416000016,13.83571788900008],[100.42500551100005,13.835704325000165],[100.4249980780001,13.835693688000106],[100.42499625900018,13.835691086000054],[100.424986526,13.835678121000115],[100.42497638800006,13.835665406999965],[100.42497243700018,13.835660716],[100.42496589100017,13.835652953000022],[100.42495504500016,13.835640790000184],[100.42494382100011,13.835628986000074],[100.42493216500003,13.835617659000093],[100.42492063100013,13.83560743900017],[100.42490868500005,13.835597791000055],[100.42489635900012,13.835588783000048],[100.42488366300012,13.835580522000157],[100.42487057900013,13.835573185000158],[100.42485794300012,13.835567311000034],[100.42484503600019,13.835562468000091],[100.42484206200015,13.835561617999986],[100.42483193300012,13.835558725000055],[100.42481871700005,13.835556235000183],[100.42480667900014,13.835555220000174],[100.42479469700004,13.835555506000048],[100.424785693,13.835556662000101],[100.42477681500014,13.835558616000128],[100.42476395000006,13.835562894000134],[100.42475147200008,13.835568576000071],[100.42473942300006,13.83557545300016],[100.424727857,13.835583384000017],[100.42471686099998,13.835592298000051],[100.42470485400014,13.835603844000104],[100.424693547,13.835616357],[100.42468274800012,13.835629541],[100.42467231700005,13.835643192000191],[100.42466213400019,13.835657141000183],[100.42461214200011,13.835727927000164],[100.42460185200014,13.835741795000104],[100.42459129100007,13.83575541600004],[100.42458035400017,13.835768695000183],[100.42456932900006,13.835781180000026],[100.42455795500018,13.835793353999975],[100.42454634900008,13.835805314000083],[100.42449925200003,13.835852512000088],[100.42448771500005,13.835864502],[100.42447645300018,13.835876717000076],[100.42446453800017,13.83589041800002],[100.42444165100017,13.835918619000154],[100.4244195230001,13.835947471000054],[100.42438700400015,13.83599133500013],[100.42430278500018,13.836107156000025],[100.42426893200013,13.836153713000044],[100.42424678600008,13.836182800000074],[100.42423537000002,13.836197049000077],[100.42422359000011,13.836210957000162],[100.4242113030001,13.836224385000037],[100.42419945000006,13.836236165000116],[100.42418709900005,13.83624741400007],[100.42417431000013,13.836258137000186],[100.42416109200013,13.836268284000028],[100.42414743000006,13.836277746000121],[100.42413393300006,13.83628602400006],[100.42412000400009,13.836293454000156],[100.42410590300005,13.836299845000042],[100.42409147200004,13.83630533500019],[100.42407679100018,13.836309899000184],[100.42406191400005,13.836313452000013],[100.42404744600015,13.836315778000028],[100.42403289600014,13.836316916000158],[100.42402248000019,13.836316918000136],[100.42401208200005,13.836316222999983],[100.42399747500014,13.836314062000099],[100.42398300000013,13.836310702000162],[100.42396868500009,13.836306301000093],[100.42395231900014,13.836300073000075],[100.42393615600014,13.836292940000135],[100.42392015600007,13.836285164000174],[100.42388846600011,13.83626842600006],[100.42385703600019,13.836250882],[100.42374764700008,13.836188542000173],[100.42370059200005,13.836162659000081],[100.42366888700013,13.836146360000043],[100.42365284100009,13.836138747000064],[100.42363659500012,13.836131668000121],[100.42362007600013,13.836125314000128],[100.4236038310001,13.836120016],[100.42358733200007,13.836115398000175],[100.4235706410002,13.836111278000033],[100.42353687700006,13.836104048000095],[100.4234515460002,13.836088096000026],[100.4234174710001,13.836081347000118],[100.42340915700015,13.836079515000108],[100.42340053700013,13.836077617000171],[100.4233837220001,13.836073516000056],[100.42336673200009,13.836068832000024],[100.42334993700007,13.836063628000147],[100.4233333800002,13.836057880000055],[100.4233171240001,13.836051511000107],[100.42330222200007,13.8360448950001],[100.42328769600016,13.836037648000115],[100.42327359600006,13.83602975700012],[100.42326001800018,13.83602114900009],[100.42324709700006,13.836011696000128],[100.42323412500008,13.836000544000058],[100.42322186800004,13.835988520000171],[100.42321014900006,13.835975856000175],[100.42320851300008,13.835973958000181],[100.42319883300019,13.835962719000065],[100.42318783500014,13.835949242000083],[100.42316663000008,13.835921559000042],[100.42315643800009,13.83590743000019],[100.42314658200019,13.835893110000086],[100.42313716400014,13.835878575000038],[100.4231283270002,13.835863765000056],[100.42312028300006,13.835848602000112],[100.42311521699997,13.835837671000036],[100.42311065800004,13.835826525000186],[100.42310662500017,13.8358151810001],[100.42310174600004,13.835798639000188],[100.42309769300016,13.83578181300004],[100.42309424100006,13.835764771000015],[100.42308849500012,13.835730286000114],[100.42307393100015,13.835625647000086],[100.42306820200008,13.835590887000023],[100.42306163500018,13.835559259000092],[100.42305779800012,13.835543647],[100.42305352300002,13.835528232000058],[100.42304869900016,13.835513082999967],[100.42304318400016,13.835498299],[100.42303677400014,13.835484017000056],[100.42302891200006,13.835469753000154],[100.4230199810001,13.83545621800016],[100.42301010200009,13.835443466000186],[100.42299932200007,13.83543162400008],[100.42298759599998,13.835420894000094],[100.4229748100002,13.835411585000088],[100.4229601450001,13.83540360700016],[100.42294645600015,13.835397991000036],[100.42294445300007,13.835397171000182],[100.42292802400004,13.835391933000096],[100.42291105500016,13.83538765700007],[100.42289370200007,13.835384214000044],[100.42288036000019,13.835382208000055],[100.42287607700013,13.835381564000045],[100.42286026200014,13.835379875000172],[100.42284433800006,13.835378738000145],[100.42282835800017,13.835378098000092],[100.4228123480001,13.835377938000079],[100.42279633700008,13.835378289],[100.42278035200007,13.835379217000082],[100.42276276800004,13.835380969000084],[100.422745228,13.83538333100006],[100.4227277330001,13.835386140000026],[100.42269283200011,13.83539260200007],[100.42264062500016,13.835403355000153],[100.4226248170001,13.835406742000146],[100.42250148200009,13.835433180000052],[100.42246656000003,13.835440162000054],[100.42244906800005,13.835443369000075],[100.42243154500011,13.835446268000055],[100.42241399700004,13.835448720000102],[100.4223964270002,13.835450540000068],[100.4223793000001,13.835451530000114],[100.42236220500001,13.835451697000053],[100.42234521200015,13.835450972999979],[100.42232837799997,13.835449208000114],[100.42231277300004,13.835446447000152],[100.4222974540001,13.835442648000082],[100.42228250300019,13.83543781800006],[100.42226804400013,13.835431886000094],[100.42225445899999,13.835424936000038],[100.42224148200006,13.835416984000119],[100.42222913900002,13.83540815200007],[100.42221752600005,13.835398506],[100.42220677300014,13.835388042000034],[100.42219710100005,13.835376690000146],[100.42218831300005,13.835363795999967],[100.42218645200018,13.835360417000118],[100.42218074100015,13.835350072999972],[100.42217420100013,13.835335729000064],[100.42216859299998,13.835320927000055],[100.42216391700015,13.835305786000163],[100.42216024400011,13.835290403000045],[100.42215773900017,13.835274834000074],[100.4221566880002,13.835261714000069],[100.42215659000016,13.83524856200006],[100.42215744400005,13.835235436],[100.42215952600003,13.83522098300017],[100.42216272800016,13.835206687000039],[100.42216699900007,13.835192610000036],[100.42217176200018,13.835180139000158],[100.4221772520001,13.835167881000189],[100.4221833580001,13.835155823000093],[100.42218999300019,13.835143956000081],[100.4221987040001,13.835129718000132],[100.42221736900012,13.835101745000031],[100.42228726100006,13.835002170000053],[100.4223068840002,13.83497346400003],[100.42231642100018,13.83495899900015],[100.4223256620001,13.834944423000024],[100.42233446300003,13.834929710000097],[100.42234264300004,13.834914815000047],[100.42234995200016,13.8348996900001],[100.42235466500011,13.834888214000046],[100.42235864200018,13.83487660700007],[100.42236178500019,13.83486488699998],[100.42236378000007,13.834854452000116],[100.42236500700011,13.834843995000028],[100.42236538700013,13.834828911000045],[100.42236419100004,13.834814070000164],[100.42236142600007,13.834799672000031],[100.42235696700016,13.834785958000111],[100.42235054800005,13.834773213000062],[100.42234213000006,13.834761890000095],[100.42233197500019,13.834751621000066],[100.42232047900012,13.834742255000151],[100.42230795700016,13.834733704000087],[100.42229461600004,13.834725948000141],[100.42228060100001,13.834719028000109],[100.42227087700013,13.83471504900001],[100.42226599900005,13.834713052000154],[100.42225192800004,13.834708447000025],[100.4222374740001,13.834704734000184],[100.42221975600006,13.834701352000081],[100.42220175300008,13.834698853000134],[100.42218355800009,13.834696956000073],[100.42216525100008,13.834695449000037],[100.42209182200014,13.83469017100009],[100.42207355000005,13.834688369000162],[100.42205532600013,13.834686138000052],[100.42203716000006,13.834683545000075],[100.42201903800014,13.834680681],[100.42198289400017,13.834674409000058],[100.42192877400015,13.834664233000069],[100.42187468800012,13.834653414000172],[100.42183871400016,13.834645582000064],[100.4218208010002,13.834641311000155],[100.4217906410002,13.834633278000126],[100.42177568800008,13.83462887200011],[100.4217608530002,13.834624171000144],[100.42174617300003,13.834619122],[100.4217317130001,13.834613650999984],[100.42171637700005,13.834607136000102],[100.42170145400019,13.834599986],[100.42168706300015,13.834592133000172],[100.42167287300003,13.834583198000075],[100.42165951600009,13.834573477000049],[100.42164715300004,13.834562972000128],[100.42164262900019,13.834558352000101],[100.42163606100019,13.834551642000122],[100.42162662000004,13.834539358000143],[100.421620238,13.834528154000111],[100.42161533300003,13.834516313000108],[100.42161191400004,13.83450398499997],[100.42161013200007,13.834492307000062],[100.42160964800001,13.834480432000078],[100.42161047200011,13.834468468000125],[100.42161349500009,13.834452843000179],[100.42161826600005,13.834437245000117],[100.42162430100007,13.834421671000086],[100.42163123700016,13.83440613200014],[100.42163880200013,13.834390617],[100.42164678900019,13.83437511700015],[100.42166484600017,13.83434147500003],[100.42168009900007,13.834313056999974],[100.42168821500007,13.834297434],[100.42169600600005,13.834281710000141],[100.42170331900007,13.834265857000162],[100.42170994300005,13.834249823000107],[100.42171423200017,13.834237920000078],[100.421717957,13.83422590300006],[100.42172193500016,13.834209902000055],[100.42172485700007,13.834193786000185],[100.4217256080002,13.834187173000032],[100.42172668800015,13.834177639000131],[100.4217272890001,13.834161545000086],[100.42172655900004,13.83414657500009],[100.42172441200012,13.834131853000088],[100.42172060300004,13.834117077000144],[100.42171540500016,13.83410271200006],[100.42170907100018,13.834088805000079],[100.4217017470001,13.834075446000156],[100.4216935010001,13.834062780000181],[100.4216843270001,13.834051005000163],[100.42167412800006,13.8340404060001],[100.42166272700007,13.83403134200006],[100.42164903000008,13.834023656000113],[100.42163768000006,13.834019157],[100.42163410000012,13.834017735999964],[100.42161828600001,13.834013168000126],[100.42160185400007,13.834009675000118],[100.4215850060001,13.834007087000089],[100.42156790400014,13.834005320000188],[100.42155066900006,13.834004389000029],[100.4215334060001,13.834004399000037],[100.42151621100004,13.834005543000103],[100.42150686600007,13.834006745000067],[100.42149758300008,13.83400836300018],[100.42148013800016,13.834012541000163],[100.42146294600013,13.834017901000095],[100.42144599900007,13.834024183000054],[100.42142930200004,13.834031227000139],[100.42141289200009,13.834038947000067],[100.4213968090001,13.834047338000119],[100.42138643300012,13.834053229000176],[100.42137621100017,13.83405937700013],[100.42133157600011,13.834087712000098],[100.42131951400017,13.834094752000112],[100.42130722800005,13.834101336000174],[100.42129468300016,13.834107352000103],[100.42127966500016,13.834113554999988],[100.42126430800005,13.834118913999987],[100.42124738100017,13.834123857000122],[100.4212466190001,13.834124042999974],[100.42123020900016,13.834128061000115],[100.42121285300016,13.834131651000064],[100.42119537400004,13.834134699000174],[100.42117781700011,13.834137228000088],[100.42116021500004,13.834139210000103],[100.421142605,13.834140573000127],[100.42112502300017,13.834141209000165],[100.42109147600013,13.834140734000016],[100.42107524400006,13.834140507000086],[100.42106078699999,13.834140776000027],[100.42104650900006,13.834141718000126],[100.42103249600007,13.834143606999987],[100.42101960400004,13.83414650700007],[100.42100710800008,13.834150579000038],[100.42099291900007,13.834156971000027],[100.42097947900004,13.83416495900019],[100.42096718000016,13.834174119000068],[100.42095549800007,13.834184366000102],[100.42094427000006,13.834195418000093],[100.42093338800004,13.834207061000086],[100.42091230000005,13.83423139200005],[100.42088098100004,13.834268807000058],[100.4208701350002,13.834281001000022],[100.4208589640001,13.834292411000035],[100.42084726799999,13.834302635000029],[100.42083482200007,13.834311186000093],[100.42082623200002,13.834315584000137],[100.42081727900012,13.834319003000132],[100.42080889700014,13.834321230000057],[100.42080031600005,13.834322622000172],[100.42078933900012,13.834323206000022],[100.42077824800015,13.834322542000166],[100.42076930700006,13.834321143000125],[100.42076040000012,13.834319025000127],[100.42074531700018,13.834313915000052],[100.42073046200011,13.834307307000074],[100.42071586300005,13.834299559000101],[100.42070157800003,13.834290914],[100.4206552060001,13.834260769000082],[100.42064478000015,13.834252359000118],[100.42062767900006,13.83423857300005],[100.42061990000019,13.834230428000183],[100.42061437000012,13.834222275000116],[100.42061142200004,13.834214423],[100.42060729000008,13.834197484000128],[100.42060535700017,13.834128170000042],[100.42060297000006,13.834042687000021],[100.42060195100004,13.834034065000026],[100.42059900300018,13.834026208000125],[100.42059088900004,13.834016181000095],[100.42058357900015,13.83401123300007],[100.420572446,13.834003695000149],[100.42055241200012,13.83399436500008],[100.42049795800006,13.833976348000135],[100.4204812070002,13.833972269000014],[100.420464015,13.833969263000142],[100.420446917,13.833967320000056],[100.4204296100001,13.833966177000093],[100.42041216500019,13.833965677000037],[100.42039463500015,13.833965724000109],[100.42037707100008,13.833966278000162],[100.42035949600017,13.833967347000169],[100.4203431030001,13.83396882],[100.4203267260001,13.83397066900011],[100.42029406500018,13.833975098],[100.42021828600019,13.833986547000166],[100.42020481300005,13.83398816600004],[100.42018797100008,13.833989579000047],[100.42017125800004,13.833990142000175],[100.42015473200007,13.833989632000169],[100.42013848600016,13.833987755000066],[100.42012189500014,13.833984],[100.42010689600005,13.833978912000134],[100.42009227300014,13.833972574000143],[100.42007797300005,13.833965252999974],[100.4200639870001,13.833957131000034],[100.42005031700006,13.833948320000104],[100.420037003,13.833938873000136],[100.42002410600014,13.833928792000108],[100.42001106800012,13.833917518000021],[100.41999845200013,13.83390569100004],[100.41997403700015,13.833880978000025],[100.41990289600005,13.833804431000033],[100.41987870200018,13.833779585000059],[100.41986627900013,13.833767580000085],[100.41985351700015,13.833755997000083],[100.41984029500009,13.833744982000155],[100.41982656400012,13.833734689000096],[100.41981236999999,13.833724977000031],[100.41979781300012,13.83371572700014],[100.41978297200006,13.833706851000102],[100.41976790100017,13.833698291000132],[100.41973859600012,13.833682606000139],[100.419679422,13.833651960000111],[100.41966474400004,13.833644086000163],[100.41963362400014,13.833626594000123],[100.41960283900016,13.833608512000069],[100.4195722450001,13.833590112000138],[100.41943506500013,13.833506427000032],[100.4194043620002,13.833488209000109],[100.41937333800007,13.833470571000078],[100.41935763000004,13.833462115000088],[100.41934173900006,13.833454013000164],[100.41932567900017,13.83344639000012],[100.41930940500004,13.833439199000168],[100.41930381700013,13.833436894000045],[100.41929240600012,13.833432183000127],[100.41924108800015,13.833411906000151],[100.41922420399999,13.833404781000183],[100.41920763100018,13.833397107000053],[100.41919410500009,13.833390112000075],[100.41918091400015,13.83338258100008],[100.41917644700004,13.833379778000108],[100.41916808500008,13.833374524000078],[100.41915567800004,13.833365918000027],[100.4191437720001,13.833356699000092],[100.41913133300005,13.83334579200016],[100.41911950500014,13.833334218000118],[100.4191081960002,13.833322125000052],[100.41909736600019,13.833309609000082],[100.41908702400019,13.833296733000111],[100.41907723500003,13.833283523999967],[100.41906811000007,13.833269972000096],[100.41905983400011,13.833256027000118],[100.41905265600019,13.833241614000087],[100.41904653800003,13.833225830000174],[100.419041832,13.833209549000173],[100.41903846600007,13.83319288600012],[100.41903648200014,13.833176888000025],[100.41903545800005,13.83316069500006],[100.41903520200003,13.833144380000022],[100.41903558900015,13.833127980000086],[100.41903653000014,13.833111545000065],[100.41904090900005,13.833064898000032],[100.4190436510001,13.833035666000058],[100.41904464700019,13.833019972000045],[100.41904537500005,13.83300187900005],[100.41904572300007,13.832983775000116],[100.41904559600016,13.83294755900016],[100.41904464100014,13.832911368999987],[100.41904386100009,13.832893313000113],[100.41904146000019,13.832857349000165],[100.41903964500011,13.832839497000123],[100.41903720600016,13.832821784000146],[100.41903391300019,13.832804266000096],[100.41903106200004,13.832792527000151],[100.41902769400008,13.832780926000169],[100.41902254800004,13.832765941000048],[100.41901670900018,13.832751159000054],[100.41901031100019,13.832736551000096],[100.41900831499999,13.832732346000057],[100.41900345200003,13.832722101000172],[100.41899617700005,13.832707815000049],[100.41898850600006,13.832693699000117],[100.41897972300012,13.83267857200019],[100.41897054800017,13.832663646000015],[100.4189610460001,13.832648908000067],[100.41894113400002,13.832620001000066],[100.41892016800006,13.83259187800013],[100.41890932100017,13.83257812800008],[100.41889820300014,13.832564651000098],[100.41888674000018,13.832551519999981],[100.41887482700014,13.832538852000027],[100.41886232600007,13.832526806999965],[100.4188486560002,13.83251513],[100.41883437100017,13.832504103000076],[100.41881964400011,13.832493544000158],[100.41878934099998,13.832473330000084],[100.4187584170001,13.83245378900017],[100.4187488440001,13.832447896000133],[100.41872721300018,13.832434579000164],[100.41868012500004,13.83240618300016],[100.41864850900009,13.832387644000107],[100.41861953800009,13.832371324000178],[100.41855112299999,13.832333748999986],[100.41850344900013,13.832306377000066],[100.41842456700005,13.832259782],[100.41839320800017,13.83224084900013],[100.41836206300019,13.832221584000024],[100.41834662400004,13.832211748000134],[100.41831628000006,13.832191711000178],[100.41827125500015,13.832160884000189],[100.41816658500017,13.832088210000052],[100.41813627300013,13.832068091000053],[100.41812090000019,13.832058403000133],[100.41810530700008,13.832049110000185],[100.41809216300004,13.832041801000173],[100.41807882800009,13.83203486300016],[100.41806530500014,13.832028316000049],[100.4180487390002,13.832020958000157],[100.41803193500004,13.832014212000104],[100.41801492300004,13.832008110000174],[100.41799769800014,13.832002754000086],[100.4179802380001,13.831998330000033],[100.41796590100006,13.831995557000084],[100.41795142400002,13.83199347100009],[100.41793683200007,13.831992005000131],[100.41792039600011,13.831991047000088],[100.41790388100009,13.831990663000056],[100.41788730400009,13.831990728000108],[100.41785404000018,13.83199184600005],[100.41782070400006,13.831994014000031],[100.4178040290002,13.83199548000016],[100.4177868060001,13.831997284000124],[100.41775234400006,13.832001510000111],[100.41764879100015,13.832015438000042],[100.41761439500016,13.832018981999965],[100.41759733900017,13.832020097000168],[100.41758045400007,13.832020525000189],[100.41756291500013,13.83201995700017],[100.41754584100016,13.832018081000172],[100.41753045100012,13.832014857000104],[100.41751463700007,13.832009615000175],[100.4175000670001,13.832002630000034],[100.41749350400016,13.831998198000065],[100.41748712300006,13.831993891000138],[100.41747634500007,13.831983205000142],[100.41746917000012,13.831972250000035],[100.41746379500012,13.831959987000175],[100.41745997700014,13.83194673900016],[100.41745756600005,13.831932764000157],[100.417456351,13.831916970000066],[100.41745603500016,13.831900659000041],[100.41745741400018,13.831831946000136],[100.4174573790001,13.831824764000089],[100.41745724000003,13.831795571000043],[100.41745602499998,13.831759912000052],[100.4174538480001,13.831724363000035],[100.41745054000017,13.831689014000062],[100.41744628200018,13.831658051000034],[100.41744361300005,13.831642708000118],[100.41744051400002,13.831627485000183],[100.4174368850002,13.83161241900018],[100.41743360400017,13.83160074],[100.41742990300014,13.831589205000057],[100.41742575900014,13.831577830000072],[100.41742018800016,13.831564451000133],[100.41741635000017,13.831556202000058],[100.41741406300008,13.831551289000117],[100.4174006500001,13.831525486000032],[100.41739314600005,13.831512214000156],[100.41738520400008,13.831499202000145],[100.4173759160002,13.831485474999965],[100.41736592400008,13.831472213000154],[100.4173555390002,13.831459775000155],[100.417344615,13.83144774300007],[100.41733326200006,13.831436048000057],[100.41732155100004,13.831424667000078],[100.41730952300014,13.831413591000057],[100.41729717300018,13.831402859999969],[100.41728425000008,13.831392313000094],[100.41727100700012,13.831382188000077],[100.41725744700011,13.831372526000166],[100.41724354299998,13.831363423000028],[100.41723064700017,13.831355755000061],[100.41721745400008,13.831348658000138],[100.41720396900013,13.831342182000128],[100.41719017300005,13.831336409000073],[100.41717577200018,13.831331326000111],[100.41716109200019,13.831326990000093],[100.41715680700008,13.83132593],[100.41714618500009,13.831323307000048],[100.41713109200003,13.831320244000096],[100.41711324900007,13.831317400000046],[100.4171020190002,13.83131602300017],[100.41709525200008,13.831315194000183],[100.41707715200016,13.831313468000076],[100.41705898900017,13.831312100000105],[100.41699193700015,13.831307986000127],[100.4169752900001,13.831306455000117],[100.41695875100004,13.831304381000109],[100.41694242500012,13.831301623000058],[100.41692624300003,13.831298200000049],[100.41691021500014,13.831294162000063],[100.41690397800005,13.831292331000157],[100.41689435800015,13.831289507000122],[100.4168742980001,13.831282572000134],[100.41685843600004,13.831276241000069],[100.41684276500007,13.831269380000151],[100.41683457300007,13.83126546799997],[100.41681181000007,13.83125459900009],[100.41678116500009,13.831238970000129],[100.41673562800014,13.83121458200003],[100.41670570600019,13.831197647000124],[100.41669099,13.831188855000107],[100.41667685200008,13.831179974],[100.41666298000018,13.831170779000047],[100.41664942600016,13.83116124900016],[100.41663626200011,13.83115131300002],[100.41662360800012,13.83114088700006],[100.416611622,13.83112982400013],[100.41660098900013,13.831118617000186],[100.416591047,13.83110680599998],[100.41658174100013,13.831094479000114],[100.41657306500014,13.831081693000158],[100.41656505700018,13.831068474],[100.41655727600016,13.831053865000172],[100.41655024300019,13.83103885100013],[100.4165468490001,13.831030649000184],[100.41654389600012,13.831023506000065],[100.41653820500011,13.83100795900009],[100.4165226660001,13.830960893999986],[100.41651722600005,13.83094546700005],[100.41651193100006,13.830931988000088],[100.4165061170001,13.830918892000113],[100.41649964400017,13.830906282000115],[100.416492355,13.830894306000175],[100.41648404100005,13.830883150000147],[100.41647326900005,13.830871718000083],[100.41646129500009,13.83086122900005],[100.4164484600002,13.830851377000101],[100.41643505400015,13.830841909000014],[100.41639417400017,13.83081428000014],[100.41636712600007,13.830795404000185],[100.41634043300007,13.830775634000133],[100.41627467100011,13.830724737000082],[100.41624809800015,13.830704727000068],[100.41622002500003,13.830684695000173],[100.4161490300001,13.830635735000044],[100.41612100800012,13.830615688000023],[100.41600831900013,13.830530679000049],[100.41589499200006,13.8304464200001],[100.41583806900007,13.830404610000187],[100.41580929100019,13.830384152000079],[100.41579473400014,13.830374170000141],[100.41578015200014,13.830364510000038],[100.41575055300012,13.830345878000116],[100.41572035799999,13.830328303000158],[100.41570498000016,13.830320062000112],[100.41569106600008,13.830313132000072],[100.41567693400015,13.830306664000034],[100.41566501200003,13.83030169300008],[100.4156529350002,13.830297063000046],[100.41563753600008,13.830291669000133],[100.41560628000013,13.830282019000038],[100.41557460900009,13.830273487000056],[100.41550858000005,13.830257177000135],[100.41549229500004,13.830252665000103],[100.41547623300016,13.83024765500005],[100.4154604860002,13.830241924],[100.41544499600013,13.830235233999986],[100.41542987300005,13.83022775500018],[100.41541506800013,13.830219637000027],[100.41540055700011,13.830210975000057],[100.41538634800008,13.830201827000167],[100.41537248800017,13.83019219],[100.41535904500006,13.83018203000006],[100.4153461210002,13.83017125200007],[100.41533403200003,13.83016],[100.41532243400013,13.830148198000074],[100.41531121300017,13.830135991000077],[100.41528959900018,13.830110723000075],[100.41526884000012,13.830084682000177],[100.41525878700008,13.83007142100007],[100.41524899700016,13.830057985000167],[100.4152395440002,13.830044340000029],[100.41523053300006,13.830030444000101],[100.41522170100006,13.830015584000137],[100.4152134690001,13.83000040000013],[100.41520580300016,13.829984890999981],[100.41519863100007,13.82996914500012],[100.41519187900008,13.829953202000127],[100.41518550500007,13.829937103000134],[100.41517951400004,13.829920857000047],[100.41517394800007,13.82990446399998],[100.4151650720001,13.829874589000099],[100.41515739100004,13.829844355000091],[100.41515080100004,13.829813844000114],[100.41514773100016,13.829797287000076],[100.41514231700006,13.829764007],[100.41512744300007,13.829651635000118],[100.41511914900008,13.829611696000086],[100.41511225600016,13.829590953999968],[100.41510473600005,13.829572736999978],[100.41509691500005,13.82955829600013],[100.41508620600013,13.829545765999967],[100.41507292000006,13.829533245000107],[100.41503956600019,13.829510084000049],[100.41502515600001,13.829499175000137],[100.41501037000006,13.829488553000147],[100.41496483100013,13.829457638000179],[100.41484181500005,13.829376602000025],[100.41478066600007,13.829335806000188],[100.41471183300013,13.829287787000055],[100.41466274500016,13.82925354300005],[100.41464331300017,13.829237279000154],[100.41457670100016,13.82916884000008],[100.41456439600012,13.829159351999976],[100.41455183300002,13.82915017200014],[100.41453900900007,13.829141328000105],[100.41452368100005,13.82913146900006],[100.41450803700013,13.829122081000037],[100.41449211800017,13.829113151000172],[100.41447592900016,13.829104711000184],[100.41445945300006,13.829096851000031],[100.41444268800018,13.82908967100019],[100.41442566000018,13.82908311600005],[100.4144084130001,13.829077154000117],[100.41439096600016,13.829071813000098],[100.4143733200001,13.829067187000078],[100.41435561400004,13.82906339700014],[100.41433775100012,13.829060314000117],[100.41431977600013,13.829057832000103],[100.41430172500014,13.82905592100002],[100.41428361800013,13.829054597000095],[100.41426547400005,13.829053942000144],[100.41424907700002,13.829053978000161],[100.4142326650001,13.829054475000078],[100.41416499900004,13.829058056000122],[100.41412828700015,13.829059592000078],[100.41407319000012,13.829061180000053],[100.4140364770002,13.829061698999965],[100.4139998190002,13.82906147600005],[100.41398152700009,13.829060913000092],[100.41396327400008,13.829059897000036],[100.41394531800006,13.829058351000072],[100.41392741100009,13.82905633900009],[100.41390954200011,13.829053951000049],[100.4138739390001,13.82904822200004],[100.4138562130002,13.829044889000045],[100.41383856300018,13.829041194000183],[100.41382698800004,13.829038504000096],[100.41382094800008,13.829037097000082],[100.4137859020002,13.829028042000118],[100.41375100100004,13.829018340000061],[100.41370306900018,13.829004669000085],[100.4136464770001,13.828988529000128],[100.4135940060001,13.828974630000175],[100.4135587770001,13.828966557000115],[100.41354153200001,13.828963185000191],[100.41347230000014,13.82895106500007],[100.41345508800015,13.82894771500014],[100.4134379790001,13.828943931000026],[100.41342063400015,13.828939489],[100.41340341700004,13.828934544000049],[100.41338629900008,13.828929219000031],[100.41336925700006,13.828923595000106],[100.41333538700013,13.828911641],[100.4133017580001,13.82889884900004],[100.41325164400018,13.828878577000125],[100.41280254300005,13.828691214000173],[100.41270289400012,13.828649089000123],[100.41266986000005,13.828634608000073],[100.41263886400014,13.82862046300005],[100.41259549100016,13.828599668000038],[100.41253412700007,13.82856909700007],[100.41248183300019,13.828547699000069],[100.41245755500012,13.828537764000089],[100.41241209800017,13.828529492000087],[100.41234485700005,13.82852987900003],[100.41229163400016,13.828537015000109],[100.41226029400008,13.828544861000012],[100.4122114130002,13.828557102000048],[100.4121373210001,13.828579717000082],[100.4120708430001,13.828600091000169],[100.41205528300009,13.828607611000052],[100.41203999900006,13.828615722000109],[100.41200995500003,13.828633093000064],[100.4119505170001,13.828669530000127],[100.41188249200007,13.828710298000146],[100.41182975400017,13.828742520000162],[100.41181683400015,13.82875007500013],[100.4118037730002,13.828757138000128],[100.41179047700018,13.828763461],[100.41177752400012,13.828768579000098],[100.41176430700017,13.828772719000085],[100.4117508650001,13.828775784000072],[100.41173428200005,13.828777945000127],[100.41171753800012,13.828778538000108],[100.41170075200012,13.828777690000038],[100.41168404000018,13.82877540000004],[100.41167642200008,13.828773862000048],[100.41165948200012,13.828769634000082],[100.41164254100005,13.828764588000183],[100.41162560600014,13.828758963000155],[100.41160868300005,13.828752950000137],[100.41155792300015,13.828733689000046],[100.4113812170001,13.828664893],[100.4113720100001,13.828661307000061],[100.41128752700013,13.82862901600015],[100.41123685300005,13.828610007000123],[100.41120310100007,13.82859770400006],[100.41116940000006,13.828585979000081],[100.41115258600007,13.828580458000033],[100.41114161200005,13.828577050000149],[100.4111056380001,13.828565880000099],[100.41107162800012,13.828553588000148],[100.41103767100009,13.828540197],[100.41096980400005,13.828512003000185],[100.41083408700013,13.82845439700003],[100.41076655500018,13.828424945000052],[100.41073320999999,13.828409444000101],[100.41071675900014,13.828401286000144],[100.41070138700013,13.828393234000032],[100.41068615600005,13.828384906000053],[100.41065600600018,13.828367696000043],[100.41061120200004,13.82834109200013],[100.41059819800006,13.828333167000096],[100.4105667090002,13.828313976],[100.4105226060002,13.828286270000035],[100.4104937400001,13.828267271000186],[100.41040852800018,13.828209035000157],[100.41037915200019,13.828189841000153],[100.41034881100012,13.8281708560001],[100.41025681600001,13.828115316000094],[100.41012194700016,13.82803492000005],[100.40993366700019,13.827922681000075],[100.40988699100006,13.827895469000111],[100.40982435900003,13.827859457000159],[100.40924423100017,13.827527708000162],[100.4091973150002,13.827500624000038],[100.40916622400005,13.827482289000045],[100.40913544900008,13.827463469000065],[100.40909109000006,13.827434606999986],[100.40904725300004,13.827404951000062],[100.40893076000009,13.827325235000046],[100.408886972,13.827295899000092],[100.40879936700014,13.827238901000158],[100.4087259120002,13.827192082000124],[100.40868033200013,13.827163981000183],[100.40861840600019,13.8271267450001],[100.40830808400011,13.826941617999978],[100.4082301730001,13.826895882000088],[100.40820022300011,13.826878896000153],[100.40815505900014,13.82685381300007],[100.40812617200015,13.826838105000036],[100.40810966999999,13.826829133],[100.40807922600015,13.826813013999981],[100.40801511300009,13.826780477000057],[100.40795004500006,13.826748321000082],[100.40782167600014,13.826684885000134],[100.4077574850001,13.826652490000072],[100.40767950000014,13.826611318],[100.40747764000014,13.826502626000092],[100.40741567600014,13.826468925000029],[100.40736740300014,13.826442241000166],[100.40669333400007,13.826065518000178],[100.40662902700018,13.826029837000135],[100.40658065500008,13.826003592000177],[100.40648365200013,13.825952608000023],[100.405738467,13.82556436200008],[100.40567397400008,13.825530060000062],[100.40561091200004,13.825495203000116],[100.405077355,13.825194561000103],[100.40503040500005,13.825167833000023],[100.40499929700013,13.825149729000145],[100.40496850600016,13.825131120000094],[100.40495314700007,13.82512143700012],[100.40492273300003,13.825101606000146],[100.40491329100013,13.825095219000048],[100.40480239800013,13.825020233000089],[100.40479737800007,13.825016889000153],[100.40479619400014,13.825016096000184],[100.4047570840001,13.824990024000158],[100.40472650900011,13.824970470000153],[100.40469549600016,13.824951949000138],[100.40466404500012,13.82493444700009],[100.40463227900017,13.82491746200003],[100.40453600600011,13.82486709800014],[100.40448854000005,13.82484226600019],[100.40445694300001,13.824825018000183],[100.40442582700013,13.824807004000093],[100.40439509200013,13.824787627000035],[100.40434983100005,13.824757228000067],[100.40427558600004,13.824705490000042],[100.4041260360001,13.824601277000056],[100.40408105900019,13.824570402000063],[100.40407264500004,13.824564796000175],[100.40403744400004,13.824541336000152],[100.40396555700005,13.824494894000054],[100.40390759600012,13.824458416000027],[100.40384477000009,13.824420380000106],[100.40373416500012,13.824354846000176],[100.40368813600008,13.824328162000086],[100.40364507800007,13.824303925000152],[100.4036161350001,13.824288189000072],[100.4035841810001,13.824271509000141],[100.40350361600014,13.82423103300016],[100.40314805999998,13.824054858000068],[100.40302642000006,13.823999458000117],[100.402970122,13.824058658000183],[100.4029464640002,13.824084776000063],[100.40292341700018,13.824111462000133],[100.40290087800014,13.824138552000079],[100.40287874800009,13.824165947000097],[100.40285711500019,13.824193692000165],[100.40283627100007,13.8242219710001],[100.4028264280002,13.824236172000155],[100.40281683100005,13.824250544000108],[100.40279812500012,13.824279613999977],[100.40277983400011,13.824308950000102],[100.40275290700009,13.824353270000074],[100.40273536100005,13.824383032000014],[100.40271837900008,13.824413100000015],[100.40270139799998,13.824445196],[100.40267693800013,13.824493855000071],[100.40258129199998,13.82468963100007],[100.40254173700004,13.824771335000094],[100.40252624100015,13.82480415700013],[100.40250474200008,13.824851274000025],[100.40241372500009,13.825056405000055],[100.4023852200001,13.825118863000057],[100.40235617800005,13.825179750000075],[100.40233379400013,13.825225137000189],[100.40231804100017,13.825255897000034],[100.40229315400012,13.82530279000008],[100.4022594500002,13.825365052000109],[100.40222539400003,13.825427129],[100.40219929300008,13.8254733710001],[100.4021809940001,13.82550420300015],[100.40216187500005,13.825535075000062],[100.4021424340001,13.825565767000114],[100.40202459400012,13.825749240000107],[100.40199578400006,13.825795479000078],[100.40197741400016,13.825826453],[100.40195108500018,13.825873108000053],[100.40192527900018,13.825920062000023],[100.40172026600015,13.826296497000158],[100.40166092600003,13.826406981000048],[100.40139937700019,13.826897686999985],[100.40134069700014,13.82700867900013],[100.40132442600009,13.827040384000156],[100.40130061000008,13.827087856],[100.40111256000017,13.827468844000066],[100.4010889170001,13.827516402000128],[100.40106493200011,13.827563785000052],[100.40102322900015,13.827643015000035],[100.40091339400004,13.827848334000066],[100.40087949400004,13.827911453000013],[100.40085365300013,13.827958565000188],[100.40083690900019,13.82798792400007],[100.40081237000004,13.828028781000171],[100.40078386400012,13.82807334500012],[100.40074472000009,13.828132072000074],[100.4007146620001,13.828175667000039],[100.4006944510001,13.828203951000091],[100.40062244800009,13.828302087],[100.40059189800007,13.828344309000158],[100.4005721310001,13.828372812000111],[100.40056259500005,13.828387256000042],[100.40055338900015,13.828401900000188],[100.40054438200002,13.828417139000123],[100.40053573500012,13.828432583000165],[100.40052733900012,13.828448183000035],[100.40051105700002,13.828479663000167],[100.40048726000009,13.82852725700019],[100.40038534500013,13.828734189000045],[100.40034563000012,13.82881351400016],[100.40032085000018,13.82886080500009],[100.40027746900006,13.828939177000166],[100.40019262400006,13.829089408000073],[100.40011314800006,13.829218492000109],[100.39999540600007,13.829403925000065],[100.39992451800009,13.82951915100017],[100.39988981400006,13.829587970000091],[100.39984195300008,13.82971494100002],[100.3998073890001,13.829809110000099],[100.39971276900008,13.83001921400006],[100.39956985900017,13.830286613999988],[100.39940043100017,13.830592680000109],[100.39926115500003,13.83052054500007],[100.3984676290001,13.830094540000118],[100.39807231600014,13.829902290000177],[100.39703667600008,13.82938460000014],[100.3968727800002,13.829302881000046],[100.39681224500009,13.829256081999972],[100.39676352000004,13.829201927000042],[100.39672407000012,13.829144631000077],[100.39669585000013,13.82907403400003],[100.39658911200019,13.828655568000045],[100.39651526800009,13.828448200000139],[100.39646356100019,13.828349937000098],[100.396430678,13.828300193000018],[100.39641832400008,13.828281506],[100.3963671690002,13.828236388],[100.39624357800017,13.828155114000026],[100.39540412999997,13.827704173000086],[100.39375458000012,13.82681975600002],[100.3931039580001,13.82650371300008],[100.391915622,13.825997568000048],[100.39168153399999,13.82590137700015],[100.39134265800004,13.825762134000115],[100.39121762500008,13.825713663000101],[100.39106812100016,13.825665574000084],[100.39097726000017,13.825638170000161],[100.39091190100004,13.825620533],[100.39085162900017,13.825609060000033],[100.39072836400004,13.825603662000105],[100.39059489300007,13.825597819000109],[100.39029805400014,13.825599619000059],[100.39022298600014,13.825609261000125],[100.39015655200012,13.825617791000127],[100.39002583700005,13.825651513000082],[100.38938181800017,13.825858285000152],[100.38884120400019,13.825975604000178],[100.38865828600018,13.825987339000164],[100.388429126,13.825969141000087],[100.38834693600018,13.82595081300019],[100.38810223600018,13.825883753000141],[100.38789830300004,13.825817213000107],[100.3877787900002,13.825776017000067],[100.38759632400001,13.825711877000117],[100.38681102200007,13.825426580000055],[100.38666490300017,13.825368783000158],[100.38654782100008,13.825327252000022],[100.38635453900008,13.8252501770001],[100.38616055200009,13.825175204],[100.3859865980001,13.825106395000091],[100.38586418600005,13.825057540000046],[100.38555633300007,13.82492946700006],[100.38536159700016,13.824848916],[100.38513967300008,13.82475874500011],[100.38493345900008,13.824669182000093],[100.38472869100019,13.824582403000079],[100.38442293200018,13.824445942000068],[100.384332718,13.824408068000139],[100.38422100200017,13.82435635800016],[100.38411072000014,13.82430533600018],[100.38379847400006,13.824159144000134],[100.38370893600012,13.824114283000085],[100.38359505000011,13.824057699000036],[100.38341673200006,13.823974955000097],[100.38320617000005,13.823874951],[100.38309300100019,13.823819059000186],[100.38297452000006,13.823754971000028],[100.382908193,13.823713522000048],[100.38288659900019,13.82369739000012],[100.3828600270001,13.823672418000058],[100.38283129800016,13.823644665000131],[100.38277227800006,13.823566243000016],[100.38255237900006,13.823170767000022],[100.38253771000018,13.823150113000054],[100.38248444800001,13.823079925000116],[100.38241558100009,13.823007751000034],[100.38235870400013,13.822960721000015],[100.38199629800016,13.822712279000086],[100.38154265600008,13.82240131200001],[100.3804208480002,13.821609444000046],[100.38010523600019,13.821398807000094],[100.37980525600005,13.82119875300009],[100.37972167100014,13.821140460000152],[100.37951602800007,13.820998322000094],[100.37914369200018,13.820756096000139],[100.37901577899999,13.82068191600007],[100.37899831200008,13.820670615000097],[100.37886643700006,13.820591331000116],[100.37869989200004,13.820512902000075],[100.37856765900005,13.820449855000106],[100.3784005010001,13.820378065000057],[100.37827452400006,13.820330387000183],[100.37791855400008,13.820195596000133],[100.3775688020001,13.820067526],[100.37729024600014,13.819974741000067],[100.37702668999998,13.819883350000055],[100.3765811250002,13.819738451000035],[100.37602058800007,13.819565459000103],[100.37586452900001,13.819517636000171],[100.3753413780002,13.819365780000055],[100.3752606220001,13.819338345000176],[100.37432625600002,13.81907391700014],[100.3731728640002,13.818736006000165],[100.37291646699998,13.818640253000126],[100.37285082900007,13.818616272000042],[100.37278261500012,13.818588467000097],[100.37263963500004,13.818533979000051],[100.37240975700018,13.818455123000092],[100.3721327470002,13.818349911000098],[100.37212882100005,13.818348541000148],[100.3718891850001,13.818263501000047],[100.37156495400018,13.818146141000113],[100.37063209700017,13.817810587000054],[100.36990422900016,13.817406212000094],[100.36930088100019,13.816906643000038],[100.3682802890001,13.815760219000026],[100.36799184200015,13.815666601000146],[100.36796431800013,13.815664067000114],[100.36761319300012,13.815666023000063],[100.36714384200013,13.815686283000161],[100.36559036600005,13.81607919600009],[100.36477725600008,13.816307566000148],[100.36408819200005,13.816440047000185],[100.36134977400019,13.816852829000027],[100.3594318000001,13.817129208999972],[100.35764922600004,13.817230188999986],[100.35417956900011,13.81722719000004],[100.35068535100004,13.816904614000123],[100.3496470990001,13.816808757000103],[100.34956719200011,13.81715559200012],[100.3494831770002,13.817622734000054],[100.34933114700004,13.818461957000125],[100.34917511000003,13.819160428000089],[100.34913436500011,13.819339343000081],[100.34900962800003,13.819887105000078],[100.34881244100012,13.820667138999966],[100.34856988000001,13.821907281000108],[100.34830043800014,13.823482300000137],[100.34814219900011,13.82435596700003],[100.34809665600017,13.824753517000033],[100.34698633200009,13.824763023000116],[100.3450516200001,13.824785788000156],[100.3440448720001,13.824791306000066],[100.34327853600013,13.824815743000045],[100.34317921800005,13.824836532000063],[100.34300136899998,13.824890136000079],[100.34256739700015,13.825074702000052],[100.34221186500002,13.82521025699998],[100.34203399600017,13.825259811000024],[100.34188908200008,13.825276799000164],[100.34074605200016,13.825359973000104],[100.33920510300015,13.825412926000183],[100.33751433500004,13.825349274000018],[100.33596889400013,13.825341501000025],[100.33528527100015,13.825341176999984],[100.33517329300014,13.82532154200004],[100.33491619699998,13.825282456000025],[100.33441479800018,13.825268988000175],[100.3336109830002,13.825261210000065],[100.3331891090001,13.825252750000061],[100.33204511700012,13.82530451200006],[100.3315628810002,13.825336736000054],[100.3297947590001,13.825469306],[100.32869987200019,13.825550391999968],[100.3281104470002,13.825585468000043],[100.32805446200007,13.825576664000039],[100.32797742700018,13.82555430400015],[100.32691038400009,13.825202530000183],[100.32566596800018,13.824806156000022],[100.32407337800004,13.82424541],[100.32327712400001,13.823971863000054],[100.32241546900008,13.823671337],[100.32057527500001,13.823007137000161],[100.32009899000013,13.822854840000048],[100.3194754920001,13.822632732000159],[100.31920486400008,13.822555284000146],[100.31883382100017,13.823367050000172],[100.31863953800018,13.823764187000052],[100.3184572200002,13.824107255000058],[100.31812173100008,13.82481398100009],[100.31806907500015,13.824917685000116],[100.31785560000014,13.82533808900007],[100.31746539400001,13.826106545000073],[100.31740878600016,13.826228466000146],[100.31733493200005,13.82638753100008],[100.3167817010002,13.82757908400015],[100.31624142900012,13.828704250000158],[100.3158043360001,13.82961281200005],[100.31541156800012,13.830451788000175],[100.31454809500013,13.83229620000003],[100.31382000200006,13.833884479000062],[100.31339810600014,13.834701794000068],[100.31334667200014,13.834801423999977],[100.31194844800007,13.837699150000105],[100.31127998500011,13.839123137000058],[100.31040538700006,13.841005284000119],[100.30982950700019,13.842260016000182],[100.30966198400006,13.842598782000152],[100.30861270000014,13.84472059],[100.30737506600002,13.84732190800014],[100.30709924500002,13.847922538000091],[100.30697690600016,13.8481889360001],[100.30609504900008,13.850071115000162],[100.30524818200007,13.851777309000113],[100.30465825800013,13.853102418000049],[100.30371914500017,13.85504818100003],[100.30333445500014,13.85575340400004],[100.30258802600008,13.857409837000034],[100.30160129600017,13.859501944000044],[100.3011583440001,13.860441090000108],[100.30039049600015,13.862132788999986],[100.29955860600006,13.863958429999968],[100.29914767999998,13.864769487000046],[100.29856907900017,13.865911479000033],[100.29796774000005,13.867161559000067],[100.29681910800008,13.869552457000168],[100.2972864350001,13.869789122000157],[100.29778272300013,13.870044680000149],[100.29828772900015,13.870328867000126],[100.29854323600006,13.870497924000176],[100.29873263600012,13.87071579100018],[100.29922012600014,13.871276544000125],[100.29964266400009,13.871904782000058],[100.30039192700019,13.874630631000059],[100.30142388900015,13.878002258000038],[100.30174553000018,13.878679852000175],[100.30198478100016,13.878833849000046],[100.30256077700005,13.87881137200003],[100.30665450800012,13.877779002000068],[100.30935791000013,13.877070029000095],[100.31097070300007,13.876437372000055],[100.31138765700013,13.87639631900015],[100.31345409300002,13.876462861000164],[100.31589949500005,13.87679906600016],[100.32033177000005,13.877182753],[100.3222326880001,13.877344844],[100.3223988690001,13.877365664000138],[100.3225193770001,13.87759791700006],[100.32248966100013,13.87803870300013],[100.32248272600003,13.87814155600006],[100.32231339600003,13.881439273000126],[100.32219313600007,13.88302013800012],[100.32215765500007,13.884472301000073],[100.32214279400017,13.884761725000033],[100.32237253100004,13.884841932000029],[100.32258072500008,13.884914620000188],[100.32650979600015,13.885620254000116],[100.32668260600008,13.88565129],[100.32732768400018,13.883875435999983],[100.32788087500018,13.882497103000105],[100.32793931700007,13.882434476000128],[100.32800076700016,13.88240419500005],[100.33104012500013,13.881548259000112],[100.33363452100019,13.881402215000094],[100.33501711600007,13.881431098000064],[100.33506287700004,13.883122782000044],[100.33575967600007,13.883215765000045],[100.33623268100001,13.883267825000075],[100.33685927100004,13.883341883000185],[100.33721429200017,13.883376647000034],[100.33736869400013,13.883367644000089],[100.33755663500017,13.883382928000117],[100.33856786500019,13.883560910000085],[100.33919039500017,13.883655378000071],[100.33982115900011,13.883729406000157],[100.34008006000016,13.883744299000057],[100.34020941500012,13.883735435000062],[100.34042615000016,13.883677151000029],[100.34079283200015,13.883560946999978],[100.3417628900001,13.883369329000118],[100.3511501910001,13.88283541300018],[100.35520945900004,13.882356221000123],[100.35539560400008,13.88229524999997],[100.35554246599997,13.882202383000049],[100.35567290100005,13.882019195000169],[100.35583110400006,13.881797009000081],[100.35601448800014,13.88143857000017],[100.356907175,13.87926260200004],[100.35717486500016,13.878774118000138],[100.35733207300018,13.878599336000093],[100.35736747200019,13.878580577000037],[100.35748631500013,13.878569910000124],[100.36188702100014,13.878636418000099],[100.36199166100005,13.878713196999968],[100.36207188700013,13.878801747000011],[100.36220992000011,13.879085981000117],[100.36294221600014,13.880346387000145],[100.36380185600018,13.881078444000025],[100.36384422700007,13.881183110000165],[100.36389341700004,13.881433442000116],[100.36413702600004,13.882491199000128],[100.36430130000014,13.88364452900015],[100.36432191400007,13.884475470000098],[100.36415559600016,13.88581011700012],[100.36380255100016,13.887623948000169],[100.36362613300014,13.888548624000123],[100.36355735200004,13.889224014000035],[100.3636342370001,13.889934117999985],[100.36693451700012,13.900732079000022],[100.36754266100019,13.902618253000128],[100.368297686,13.90528404000014],[100.36879631800008,13.906866661000095],[100.3688177040001,13.908235112000057],[100.36907108800006,13.908736188000148],[100.36916138300018,13.910314006000135],[100.36922835900003,13.911484285000029],[100.37016726000019,13.911534824000057],[100.37194322600004,13.911599960000103],[100.37324671600004,13.911290256000086],[100.37306097100009,13.91017962],[100.37317870400011,13.907474534000187],[100.37334827600012,13.906881874000021],[100.37428525600018,13.902990408999983],[100.37501534300014,13.90104971500017],[100.37534893700018,13.900363544000186],[100.3761585420001,13.899219715000129],[100.37690704100015,13.898097070000063],[100.37714886600014,13.897841183000082],[100.3779821330001,13.897270656000046],[100.37835241800008,13.897117182000159],[100.37958777500006,13.896769027],[100.38454301500008,13.895811386000105],[100.388109128,13.895317417000172]]]}},{"type":"Feature","properties":{"districtCode":"TH1204","provinceCode":"TH-12","nameTh":"อำเภอบางบัวทอง","shapeName":"Bang Bua Thong","shapeISO":"TH1204","shapeID":"TH1204","shapeGroup":"THA","shapeType":"ADM2","labelPoint":[100.39229608,13.93180217]},"geometry":{"type":"Polygon","coordinates":[[[100.38874836300005,13.987107675000118],[100.38876520900004,13.987107348],[100.38883275400019,13.987107477000109],[100.3888496420002,13.987107217000073],[100.38886724500014,13.98710655100001],[100.38888482300018,13.98710549700013],[100.38890236600008,13.987104068000065],[100.38891984600014,13.987102250000135],[100.38893725400015,13.98709998600009],[100.38895455300008,13.987097188000064],[100.3889710200001,13.987093899000058],[100.38898733600018,13.987090018000174],[100.38900348100003,13.987085541000056],[100.38901771400003,13.987081008000132],[100.38903177800017,13.987075991000154],[100.38904565900015,13.98707049300009],[100.38906022800018,13.987064104000183],[100.38907459100005,13.987057256000128],[100.38908877100016,13.987050024000041],[100.38910277800017,13.98704246800014],[100.38914046600007,13.987021254000183],[100.389153717,13.987014244000136],[100.38918072500013,13.987001140000075],[100.3891944630002,13.986995055000023],[100.38920836,13.98698931700011],[100.38922538300011,13.986982864000026],[100.38924259300012,13.986976863000109],[100.38927741200007,13.986965848000011],[100.38931259800012,13.986955883000178],[100.3893481070001,13.986947034000082],[100.38938095100019,13.986940071000106],[100.3894469560002,13.986927317000095],[100.3894800280001,13.98692049300007],[100.38954596600007,13.986905846000013],[100.38959525000007,13.98689418300006],[100.3896292930001,13.98688564500003],[100.3896645390002,13.986876398999982],[100.38984036000011,13.986828657000103],[100.38989317,13.986814592000144],[100.38994608700006,13.986801303000163],[100.38999906600009,13.98678897700006],[100.3906717870002,13.986639287000116],[100.39077795700013,13.986615442000186],[100.39137181400014,13.986477041000171],[100.39144385500015,13.986460510000143],[100.39149579600007,13.98644894000006],[100.39170378400007,13.986403553000116],[100.39179052300005,13.986384999],[100.39189571600014,13.986363573],[100.392229074,13.98629685100019],[100.39228161200009,13.98628591000005],[100.39231652900008,13.986278175000052],[100.39235125800019,13.986269886000173],[100.39240318500015,13.986256788000162],[100.39271417000003,13.986175748],[100.39276604100013,13.986162402000161],[100.39281800600008,13.986149435000073],[100.39287091400018,13.986136982000176],[100.39292391600014,13.986124908000079],[100.39320677600011,13.986061164000148],[100.39327756900019,13.986045711000031],[100.39331305900009,13.986038606000022],[100.39334870300019,13.986032462000082],[100.39338025400008,13.986028209000153],[100.39346179300014,13.986018841000089],[100.3934981590001,13.986014153000042],[100.39355266600012,13.98600664900016],[100.39395207600012,13.98594913300019],[100.39400647200017,13.985940924000147],[100.39404265000013,13.985935008000183],[100.3940606910001,13.985931804000074],[100.39409626600013,13.985924842000031],[100.394149449,13.985913486000186],[100.3944856650001,13.985838279000063],[100.39455637500009,13.98582219800005],[100.39459162200012,13.985813779000182],[100.39462669800014,13.985804759000132],[100.39466185100014,13.98579474000013],[100.39469682499998,13.985784112000147],[100.39474914400017,13.985767647999978],[100.3950801220002,13.985662008000133],[100.39513223400007,13.985644957999966],[100.39516677900019,13.985633089000146],[100.39518394600009,13.98562687000009],[100.39521724000019,13.9856140280001],[100.39526678100009,13.98559373400019],[100.39552965100017,13.985482011999977],[100.39559343100012,13.985454251000078],[100.39567226200018,13.985419420000142],[100.39595087900005,13.985288863000108],[100.39634833200012,13.985070548000067],[100.39694211700015,13.984696991000135],[100.39705287200019,13.984604163000085],[100.39709061000008,13.984553034000044],[100.39712843100011,13.984488116000023],[100.3972816480001,13.984426713000175],[100.39740241900006,13.984347084000035],[100.39744803100007,13.984315246000108],[100.39748282000005,13.984275575000083],[100.39763824100004,13.984052820000045],[100.3976399880001,13.984050731000139],[100.39766280700007,13.984024855000143],[100.39769770200007,13.98398657000007],[100.39773305700004,13.983948694000162],[100.39775695600014,13.983923774],[100.39778136700016,13.98389938500003],[100.39779389,13.983887525000114],[100.39780511300017,13.983877381000184],[100.39782818300012,13.983857768000064],[100.39785384200019,13.983837715000107],[100.39786786900004,13.983827370000029],[100.39789631900004,13.983807152000168],[100.39809831300005,13.983668989000023],[100.39818764699999,13.98360617800006],[100.39835081600012,13.983489960000043],[100.39838070200005,13.983469186999969],[100.39841098500017,13.983449134000182],[100.3984263960001,13.983439603000022],[100.39844208300008,13.983430596000062],[100.39845369100016,13.983424477000028],[100.39846549200018,13.983418741000094],[100.39847748000011,13.983413402000053],[100.39849234700017,13.983407449000026],[100.39850745000007,13.98340205200003],[100.39852275400011,13.983397150000144],[100.398539018,13.98339248700006],[100.39855543300007,13.983388234000131],[100.39858856900014,13.983380712000042],[100.39862200800013,13.98337436300011],[100.39863847400011,13.983371719000104],[100.39867154500007,13.98336716200015],[100.3987213470001,13.983361723000144],[100.39873798200017,13.98336028500006],[100.3987736900001,13.98335788200012],[100.39884521200014,13.983354501000065],[100.39905976800014,13.983345942000028],[100.39918487500012,13.98334057000011],[100.39927395299998,13.983335768000074],[100.39948730000015,13.983322266000187],[100.39954067000014,13.983319179000034],[100.39957620700017,13.983317519000025],[100.39961169500003,13.983316229000138],[100.39968263000014,13.983314600000085],[100.39979729300012,13.983320298000024],[100.3998663380001,13.983323729],[100.39988082400004,13.983325060000027],[100.39992220699997,13.98333274000015],[100.39994423200011,13.983340016000056],[100.39999947700016,13.983357646000059],[100.39999971800012,13.983357721000175],[100.40005911500015,13.983367679000139],[100.40007995100007,13.983368192000057],[100.40018703700008,13.983370806000096],[100.40035798600007,13.983360346000154],[100.4003788710001,13.983358183000064],[100.400429207,13.983352387000082],[100.4004794810001,13.983346131000133],[100.40051294000011,13.983341626000026],[100.40054631900011,13.983336647000044],[100.40058182400014,13.98333058500009],[100.40063493500014,13.983320606000063],[100.40086473300016,13.983275388000038],[100.40091790700012,13.983265852000102],[100.40095368500005,13.98326036200001],[100.40100785600004,13.983253441000102],[100.40108024100005,13.983245218000036],[100.401297538,13.983221451000077],[100.40135189300014,13.983215816999973],[100.40138817800005,13.983212394000134],[100.40147902600012,13.983204841000145],[100.40195164300002,13.983167585999979],[100.4020235120002,13.983161186000189],[100.40219717700012,13.983143636000136],[100.40224934100019,13.98313928500005],[100.4022853510001,13.983137147000036],[100.40237551000001,13.983133463000115],[100.40266415900004,13.9831236280001],[100.40273632600002,13.983121322000045],[100.40279045700015,13.983120096000164],[100.40286101600003,13.983119756000121],[100.4029668500001,13.983120523000082],[100.40301971900016,13.983121745],[100.40305490600014,13.983123467000155],[100.403071905,13.983124734000171],[100.40310585100013,13.983127973000023],[100.40313975000004,13.98313183100015],[100.40317360500006,13.983136123000122],[100.40322425200009,13.983143424000104],[100.40324107500015,13.98314619700011],[100.40327696700012,13.983152841000106],[100.40331274800013,13.98316010600007],[100.40336632200012,13.983171507000066],[100.40354472500007,13.983210412000176],[100.40358031600005,13.983218523],[100.40361579000017,13.983227077000038],[100.40366692800012,13.983240630000182],[100.40371786800006,13.983254921000025],[100.40380260600017,13.983279331000062],[100.4038533320001,13.98329434100009],[100.40388704400004,13.983304700000133],[100.40398776100011,13.983337090000134],[100.40423872800017,13.98341917800019],[100.40430462900002,13.983441581000022],[100.40433809200005,13.983453595000128],[100.4043721050001,13.983466334000184],[100.40442291000016,13.983485963000135],[100.40445663100019,13.983499372999972],[100.40449011900012,13.98351322700006],[100.40450671900004,13.983520430000056],[100.40452316300019,13.983527928000115],[100.4045394060002,13.98353581200007],[100.40455490900013,13.98354391600003],[100.40457022100014,13.983552393000139],[100.40460045499998,13.983570085000167],[100.40464528600006,13.98359759900012],[100.4047195780002,13.983644257000094],[100.4047788420001,13.983681838999985],[100.404822964,13.983710484000142],[100.40485236400013,13.983730395000123],[100.40489641700015,13.98376152100019],[100.4050855960001,13.98389882700019],[100.40514411800012,13.983940644000029],[100.40520243100008,13.983980976000169],[100.4053490140002,13.98408071100016],[100.405451836,13.984150231],[100.40551101100004,13.984188957000015],[100.40557056300014,13.984226742000033],[100.40563040400002,13.984264081000049],[100.40566053100014,13.984282406000034],[100.40569097900016,13.984300186999974],[100.40572234900009,13.984317352000062],[100.40575414900007,13.984333742000047],[100.40577019700015,13.984341649000044],[100.4058026460001,13.984356725000055],[100.40581911600003,13.984363807000136],[100.40585238800014,13.984377241000175],[100.40591957700008,13.98440272800002],[100.4062398060002,13.984521398000084],[100.40627361300005,13.984533586000055],[100.40630756900003,13.984545326000102],[100.4063246400001,13.98455090900012],[100.40635967800017,13.98456154400003],[100.40639492900016,13.984571541000093],[100.40644799400019,13.984585982000112],[100.40758158,13.98488935100005],[100.40768745700018,13.984918356000094],[100.40798681900009,13.98500153700013],[100.40803973600009,13.985015888000135],[100.40807511200018,13.985025079000138],[100.40812733300015,13.985037748000025],[100.40817969500006,13.985049878000098],[100.40859911500007,13.985145009000064],[100.40887523900005,13.985204772000145],[100.40892710600014,13.985215463000031],[100.40896178500009,13.985221969000065],[100.40897917800004,13.985224869000149],[100.40901181800007,13.985229453000159],[100.40904457800008,13.985233131000086],[100.40907743000014,13.985235969000144],[100.40909388100016,13.985237012000141],[100.4091306210002,13.985238376000098],[100.40916741600012,13.985238909000032],[100.40920423200015,13.98523903400013],[100.40964613500006,13.98523808200008],[100.4097382600001,13.985237298000186],[100.4098307070002,13.985235387000102],[100.41014501900008,13.985227902000133],[100.4102004670001,13.985226197000031],[100.4102511390002,13.985223882000128],[100.41028331400008,13.98522189700003],[100.4103177240001,13.985219247000032],[100.4103910020001,13.985212286000035],[100.41108664500001,13.985140297000044],[100.41114153500013,13.98513442300009],[100.41119635700005,13.985128011000086],[100.41125110400003,13.985120602000109],[100.41132399800006,13.985109945000033],[100.4120708920002,13.984998672000131],[100.41214370900008,13.984987555000032],[100.4121800530001,13.984981635000054],[100.4122156900001,13.984975285000075],[100.41226807700008,13.984965028000033],[100.41252945900004,13.984910729000092],[100.41261669000005,13.984893132000138],[100.41270433300014,13.98487683000019],[100.41295001500004,13.98483253500018],[100.4130025520002,13.984822520000137],[100.41305628100014,13.984811496000134],[100.41361033300012,13.984691917000077],[100.41371497200015,13.984668935000116],[100.41379784500003,13.984650165000176],[100.41386402100017,13.98463464700012],[100.413912762,13.984622232000106],[100.4139607780001,13.984608646000027],[100.41399238400004,13.984598514000083],[100.41400798000006,13.984592918000146],[100.41402501800007,13.984586216000139],[100.41404188700011,13.984579071000155],[100.41407528100007,13.984563912000056],[100.4141414400001,13.9845319960001],[100.41430632400005,13.984450882000147],[100.41435562800007,13.984426301000155],[100.41438825400007,13.984409504999974],[100.41442044400009,13.984391980000055],[100.41445105700006,13.98437393900008],[100.41448126400013,13.98435521800019],[100.41457140200015,13.984298200000126],[100.41460200300008,13.984279568000147],[100.41464873100006,13.984252181000102],[100.41474281300003,13.98419840400004],[100.41482152200007,13.984154112000056],[100.41486919100004,13.984128346999967],[100.41491675900005,13.98410430000007],[100.41496471900012,13.984080975000154],[100.41502891400017,13.984050368],[100.41507729200009,13.984027930000138],[100.41510979800012,13.984013557000083],[100.41514312800001,13.983999925000035],[100.41524574600015,13.98396156900003],[100.41527914699998,13.98394821300019],[100.41532793100015,13.983927065000046],[100.41536019900013,13.983912395000061],[100.41539290700018,13.983897081000066],[100.41547572500008,13.983857127000135],[100.4163686330001,13.983422595000036],[100.41665022300009,13.983286452000073],[100.41668316500017,13.983270133000019],[100.41671571100005,13.98325321600015],[100.41673170800004,13.98324435000012],[100.41674741500015,13.983235056000069],[100.41676133400017,13.983226147000153],[100.41677492600002,13.983216784000149],[100.4167881680001,13.983206953000149],[100.41680106400008,13.98319662299997],[100.41681364300013,13.983185892000108],[100.41682594800017,13.98317483700015],[100.416849866,13.983151936000127],[100.4168745790002,13.983126444000163],[100.41689874100007,13.983100383000021],[100.41707715799998,13.982902265000178],[100.41710113500011,13.982876055000133],[100.41712541400011,13.982850155000108],[100.41715031300009,13.982824898000047],[100.41716315600019,13.982812674000115],[100.4171752900001,13.982801747],[100.41720027000008,13.982780629000047],[100.41722587900011,13.982760186],[100.41725194000009,13.982740251000052],[100.41727841100004,13.982720824000126],[100.41732276700014,13.982690138000123],[100.41736766900016,13.982660167],[100.41774299100013,13.982412132000036],[100.4178478930001,13.982342434000088],[100.4179233110001,13.982291404000136],[100.41821001800014,13.982095763000018],[100.41827015600012,13.982054305000133],[100.41829989299998,13.9820331680001],[100.41831458200005,13.98202237900017],[100.41834334600014,13.982000119000134],[100.41837135900005,13.981977013000176],[100.41842643299998,13.981929631000128],[100.41865887500006,13.981726248000086],[100.41893260100011,13.981487293000157],[100.41906834000008,13.981370467999966],[100.41932644300005,13.98114951100007],[100.41936691100017,13.981114345000037],[100.41939347100009,13.981090496999968],[100.41941929500007,13.981065940000178],[100.41944425899999,13.98104008100006],[100.41946846900004,13.981013498000095],[100.4195041000001,13.98097297400011],[100.41953923800014,13.980932023000037],[100.41957362200014,13.98089050200008],[100.41959572800005,13.980862056000035],[100.4196171270001,13.980832937000173],[100.41965890699998,13.980773940000176],[100.41971040100003,13.980699695000169],[100.41974054700017,13.980654715000185],[100.41975973000007,13.980624202000058],[100.41977768600015,13.980593001000045],[100.41980324900004,13.980545403000178],[100.41985280300008,13.980449290000138],[100.41988513500007,13.98038481600014],[100.41991605300012,13.980319953],[100.41994622200008,13.98025463300013],[100.4199608130001,13.980221734000168],[100.41996782500019,13.980205173000115],[100.41997452200008,13.980188501000157],[100.41998035100016,13.980173001000082],[100.41999102700015,13.98014172000012],[100.41999587300018,13.980125990000033],[100.42000032200008,13.980110213000046],[100.42000427500017,13.980094402000077],[100.42000758400019,13.980078573000128],[100.42001003700011,13.980062726000142],[100.42001134700001,13.980046880999964],[100.4200111720001,13.980029738000042],[100.42000942000016,13.980012691000184],[100.42000613300013,13.979995847],[100.42000200300015,13.979981394000163],[100.41999679300005,13.97996720500015],[100.41999014800012,13.979952351000122],[100.41998259300016,13.979937801000176],[100.41997429900016,13.979923527000096],[100.41996536900012,13.979909527000132],[100.41995542700005,13.97989519000015],[100.41993430300005,13.979867164000098],[100.41990109200009,13.97982601100017],[100.41985573600004,13.979771985000127],[100.4198326020001,13.979745422000178],[100.41982081300006,13.97973234300008],[100.41980880600005,13.97971946400014],[100.41978485900012,13.979695193],[100.41971087800016,13.979624055000158],[100.41968644200006,13.979599529000097],[100.4196623950001,13.979574123000134],[100.41965060600012,13.979561221000097],[100.41962764599998,13.979534978000174],[100.41961662300008,13.979521591000037],[100.41960561300004,13.979507427000101],[100.41959513000018,13.979493075000164],[100.41958526100012,13.979478574000098],[100.41957617399999,13.979463965000036],[100.41956813700011,13.979449263999982],[100.41956152000006,13.979434483000091],[100.41955684700008,13.979419622000023],[100.41955482100008,13.979404669000132],[100.41955596600013,13.979389833000141],[100.41955967900014,13.979374922999966],[100.41956526100006,13.979359962000046],[100.4195721910001,13.97934495600009],[100.41958006900006,13.979329931000166],[100.41958860400013,13.979314885000178],[100.41960684900016,13.979284766999967],[100.41962584000004,13.979254631000174],[100.41972164500004,13.979104195000161],[100.41975079900016,13.97905959600007],[100.41978077300013,13.97901607600005],[100.41982158600007,13.97895863499997],[100.419862863,13.978901539000049],[100.41989454800006,13.978859266000029],[100.41991639700018,13.978831717000162],[100.41993885900007,13.978804684000124],[100.41996202400014,13.9787782840001],[100.41997397900013,13.97876543600006],[100.41998628300007,13.97875292600014],[100.41999857300004,13.978741220000018],[100.42001118000013,13.978729825000073],[100.42002403400011,13.978718658000105],[100.42005021200015,13.978696801000183],[100.4201036120001,13.978654143000028],[100.42013066500016,13.978633230000185],[100.42015805500012,13.978612753000164],[100.42018773700005,13.978591602999984],[100.42023282100007,13.97856063200004],[100.42039932800009,13.978448697999966],[100.42042981700018,13.978428683],[100.42046059100011,13.978409108000108],[100.42049038900007,13.978391031000115],[100.42053554700004,13.97836462000015],[100.42062639300013,13.978312613000185],[100.42068717400008,13.978278332000116],[100.42073317500007,13.97825340300011],[100.42076508100007,13.97823734299999],[100.4207816030002,13.97822949000016],[100.42081490300006,13.97821429400011],[100.420848465,13.978199635000067],[100.4208816630001,13.978185782000082],[100.42096376400008,13.978153270000064],[100.42116147500019,13.978076809000015],[100.4212121170001,13.978057778000164],[100.42128048900008,13.978032555000084],[100.42193055400014,13.977794278000033],[100.42198181200007,13.97777531100013],[100.42203290100014,13.977755930000058],[100.42211695800006,13.97772233500001],[100.42238526000006,13.977612976000103],[100.42243541400012,13.977592158000164],[100.42246857100014,13.977577735000125],[100.42248497800017,13.977570195000055],[100.4225012030002,13.977562326],[100.42251630300018,13.977554522000105],[100.42253122100016,13.9775463900001],[100.42256059000005,13.977529309000033],[100.42257504000014,13.977520389000176],[100.42260385900016,13.977501400000108],[100.42261823800015,13.977491354],[100.42264664000004,13.977470758000095],[100.42268862800012,13.9774390500001],[100.4227161440001,13.97741737900003],[100.42272967400015,13.97740630300018],[100.4227429710001,13.977394985000103],[100.422755956,13.977383352000118],[100.422767653,13.977372219000188],[100.42279024100009,13.977349149000077],[100.42281204200003,13.97732531000014],[100.42283315399999,13.977300870000079],[100.42284342600016,13.977288412000064],[100.42286553800005,13.977260134000062],[100.42288702600001,13.97723136999997],[100.42290821199998,13.977202374000058],[100.42303444100008,13.977027786],[100.42320305200008,13.976795309000067],[100.42328775400017,13.976679360000162],[100.42332051,13.976635909000038],[100.42336499800012,13.976578103],[100.42353262000017,13.976361903000054],[100.42358870599998,13.976290333],[100.42377972999998,13.97605186300018],[100.42381362000015,13.976009919000091],[100.42384790400013,13.97596829500003],[100.42389534100005,13.975912875000063],[100.42400339700009,13.975789241000143],[100.42405176900002,13.975734603000035],[100.42408877800017,13.975694286000191],[100.42412665400008,13.975655519999975],[100.42417812700018,13.975604710000027],[100.424941424,13.974858964000134],[100.42503355500008,13.97477104300009],[100.42577405700007,13.974069741000164],[100.42586422900007,13.973982469000191],[100.42613296400003,13.973720276999984],[100.42618448000019,13.973670676999973],[100.42621060400006,13.973646253000084],[100.42624939700016,13.973611440000127],[100.42631501600016,13.973554426000021],[100.42636802400011,13.973509388000025],[100.42639485600017,13.973487251000108],[100.42642154600009,13.973465946000033],[100.426502378,13.973402949000047],[100.42652912800008,13.973381726000127],[100.42655507700005,13.973360407000087],[100.42658021500017,13.973338994000187],[100.42661748000012,13.97330636400011],[100.42665431100005,13.97327325700013],[100.42669331700012,13.973237101000166],[100.4267576760002,13.973176171000091],[100.42680846300004,13.973126761000117],[100.4268209280001,13.97311419100015],[100.42684605500011,13.973088010000026],[100.42688310400007,13.97304814000006],[100.42694429700009,13.972981159000142],[100.42699294100004,13.972927315000106],[100.42701694700008,13.972900136000078],[100.42705033700014,13.972860609000122],[100.4270714660002,13.972834465000062],[100.42709220400013,13.97280802400013],[100.42711348700004,13.972779913000181],[100.4271343420001,13.972751501000118],[100.42715471500009,13.972722763000093],[100.42717277200006,13.97269616200009],[100.427199019,13.972655732000135],[100.42722613100011,13.972611428],[100.42725336500007,13.972565016999965],[100.42731635200005,13.97245640300008],[100.4273439850001,13.97241025700015],[100.4273631910001,13.972379984000042],[100.4273728030002,13.972365668000123],[100.42739261800017,13.972337398000093],[100.42741291200002,13.972309432000088],[100.427443793,13.97226775900009],[100.42747496300012,13.972226288000115],[100.42750649600015,13.972185077000177],[100.42755105600008,13.972128680000026],[100.42766349000016,13.97198847600015],[100.42768569800006,13.971960237000019],[100.42770751000006,13.971931710999968],[100.4277277870001,13.971904053000173],[100.42775750100003,13.97186207100009],[100.42778664700018,13.971819707000122],[100.42780567900013,13.971791211000095],[100.42781500400008,13.971776852000062],[100.42783430300017,13.971746039999971],[100.42787182000018,13.971683759000086],[100.42794581200008,13.971558569000024],[100.42796406600019,13.971527145000096],[100.42798197700017,13.971495546000028],[100.42799907200003,13.971463902000096],[100.4280233820001,13.971416310000052],[100.42807066100005,13.971320435000052],[100.42810947800012,13.971240270000067],[100.42812460800013,13.971208028000035],[100.42814683300008,13.971158564000064],[100.42820435400017,13.971025896000071],[100.42823240100006,13.970959268000058],[100.42824557500012,13.970926594000048],[100.42826483100009,13.970877388000076],[100.42828961500004,13.970811452000135],[100.42830718900007,13.970760547000054],[100.42831839000019,13.970726063000086],[100.42833463000011,13.970674167000027],[100.42834496300014,13.9706394480001],[100.42835447200014,13.970604563000109],[100.42835869100003,13.970587015000092],[100.42836197000008,13.97057152900004],[100.42836486800013,13.970555982000121],[100.42836739100005,13.97054037900017],[100.42836952600015,13.970524727999987],[100.42837122000009,13.97050903000013],[100.42837252900011,13.970491621],[100.42837328200011,13.970474175],[100.42837350300005,13.970456705000174],[100.42837317800007,13.97043923300015],[100.4283723050001,13.970422176000056],[100.42836937800013,13.970388068999966],[100.42836553000018,13.970353968000097],[100.42835291200004,13.970251615000052],[100.42834953500017,13.9702174250001],[100.4283483050001,13.970200307000084],[100.42834751800012,13.970183729000155],[100.42834711000006,13.970167139000182],[100.42834732200009,13.970133967000095],[100.42834798900003,13.970117407000146],[100.42834911300014,13.97010089000014],[100.428350718,13.970084926000027],[100.4283528690001,13.970069040000169],[100.42835561400005,13.970053259000167],[100.42835858300003,13.97003942900011],[100.42836204800005,13.970025714000087],[100.428366,13.970012127000132],[100.42837045800007,13.969998695000072],[100.428376598,13.969982632000097],[100.42838345600006,13.96996684000004],[100.42839100600014,13.969951347000062],[100.42839940400012,13.969935876000136],[100.42840839500008,13.969920727000044],[100.42841790700015,13.969905892000156],[100.42842791200019,13.969891405999988],[100.42843843800017,13.969877337000185],[100.42844957300014,13.969863807000138],[100.42846148100006,13.969850987000143],[100.42847344900014,13.969839749000073],[100.42848608400004,13.969829166000181],[100.42849923500012,13.969819118000089],[100.42851280100018,13.969809533000102],[100.42852671300011,13.969800385000042],[100.42854094600011,13.969791691000012],[100.42855549700016,13.969783501000052],[100.42856948100007,13.96977632800008],[100.4285837320001,13.969769662999965],[100.42859822600008,13.969763517],[100.428613703,13.969757645000072],[100.42862940200018,13.969752337000159],[100.42864529300016,13.96974759300008],[100.42866130000016,13.96974344],[100.42867745300015,13.969739806000064],[100.42869372400014,13.969736655000077],[100.42871067400011,13.969733875000031],[100.42874478300018,13.969729385],[100.42876190500004,13.969727526000156],[100.42879622200013,13.969724360000043],[100.42883131500008,13.969721862000029],[100.42888509600016,13.969719037000061],[100.42920747300013,13.969704770000021],[100.4292790940001,13.969701832000112],[100.42935079400019,13.969699792000142],[100.42949439500006,13.969697374000134],[100.42953025100019,13.969696151000107],[100.42954814200016,13.969695191000028],[100.42956598900014,13.969693866],[100.42959529800015,13.969690638000088],[100.42960987700019,13.969688527000187],[100.42962439000007,13.96968606500019],[100.42963985699998,13.969682995000085],[100.4296552240001,13.969679501000144],[100.42967048200012,13.969675606000123],[100.42968562200014,13.969671282000093],[100.4296998390002,13.969666769000185],[100.42971392900012,13.969661877000135],[100.42972788300017,13.969656633000056],[100.42974169600018,13.96965104200001],[100.42975534000004,13.969645082000056],[100.42977009300012,13.969638080000038],[100.42978462600018,13.969630641000037],[100.42979894300004,13.96962279600018],[100.42981302200002,13.969614550000188],[100.42982734200018,13.969605580000177],[100.42984142300014,13.969596241000033],[100.42985530300007,13.969586596],[100.42988249500019,13.969566503000067],[100.429896542,13.969555474000117],[100.42992418500006,13.969532825000101],[100.4299514830002,13.969509754000057],[100.4301005060002,13.96938172700004],[100.43027680900013,13.969230855000148],[100.43034477700007,13.969173018000106],[100.43038531800016,13.969139107000046],[100.43042517800006,13.969106534000105],[100.43045198200014,13.969085092000114],[100.43049373400004,13.969052526000041],[100.43059183100007,13.968977345000155],[100.43063368600008,13.968944913000144],[100.43066128200007,13.968922939000095],[100.43068803000011,13.968900689],[100.43071392900004,13.968878168],[100.43073953400011,13.96885531900017],[100.43079012400005,13.96880896500005],[100.43082722100019,13.96877339700012],[100.43085152200018,13.968748432000098],[100.43088729100003,13.968709080000053],[100.43096916400015,13.96861576599997],[100.43100488400006,13.968576044000088],[100.4310653340001,13.968510410000135],[100.43122331100011,13.968340445000024],[100.43127153500018,13.968287822000036],[100.43129438200003,13.96826211500013],[100.43132675500016,13.968224473000191],[100.43135843400017,13.968186285000058],[100.43137967400014,13.968159488000083],[100.43141169900008,13.96811728400013],[100.43144322600011,13.96807470300007],[100.43147445599999,13.968031915999973],[100.4315051700001,13.967988775000038],[100.431523884,13.967961455000136],[100.43155132800018,13.967920069000058],[100.43157797700013,13.96787819500014],[100.43159526700015,13.967849605000083],[100.4316203890001,13.967806257000063],[100.43163660100004,13.967777072000047],[100.43165283100012,13.967746315000056],[100.43167694400006,13.967697703000113],[100.4316924970002,13.967665046000036],[100.43170760400011,13.96763220300005],[100.43172201000004,13.967599078000035],[100.43173491300018,13.967566835000127],[100.43175913200014,13.967501726000023],[100.43181196400008,13.96735457200009],[100.4318298410002,13.967305631000045],[100.43184850700015,13.967257001000064],[100.43186195200008,13.967224922000185],[100.43187628300012,13.967193136000049],[100.43189863600014,13.967145805000143],[100.43192159700016,13.967098750000048],[100.43194536500016,13.967052097000021],[100.43195361500011,13.967036717000155],[100.43197134500019,13.967005295000035],[100.43198967900008,13.966974191000133],[100.43201767500011,13.96692778900001],[100.4321774440001,13.966665438000064],[100.43220590400011,13.966619309000066],[100.43222524600014,13.966588782000144],[100.43225401300015,13.966545205000159],[100.43229321300015,13.966487627000049],[100.43232309600006,13.966444766000109],[100.43235428300005,13.966401898000129],[100.43238756500017,13.966358668999987],[100.43241029300009,13.966330260000063],[100.43243359400014,13.966302312000039],[100.43245683500004,13.966275902000177],[100.4324805510002,13.96624988200017],[100.43251652600009,13.96621118000013],[100.43266117200017,13.966056993999985],[100.43270961200005,13.966005812000049],[100.43274719300007,13.96596699600019],[100.43278551800012,13.965928081000072],[100.43320860000017,13.96550135800004],[100.43326033500006,13.965450097000144],[100.43328671200004,13.965424993000056],[100.43329992900016,13.96541287399998],[100.43334025000019,13.965377206000085],[100.43338104700013,13.965342032000024],[100.43359951100007,13.965155330000186],[100.43366804000016,13.965097281000112],[100.43373710800017,13.965040196000075],[100.43409766100007,13.964744936000159],[100.43413935800004,13.96471098100011],[100.43418133900008,13.96467737800009],[100.43422419500007,13.964644452000186],[100.43428226000015,13.964601424000023],[100.43450104100003,13.964441336000107],[100.43457427100009,13.964388385000063],[100.43460374400013,13.964367700000025],[100.43464814200007,13.964337305000072],[100.43481181400011,13.964227038000104],[100.43488640600003,13.96417720500017],[100.43493155600004,13.964147895000053],[100.43497831800005,13.964118946000042],[100.4350726900002,13.96406231200018],[100.43515161300007,13.964015564000022],[100.43519925900011,13.963987997000174],[100.43524631200017,13.963961775000087],[100.43535668700014,13.96390154],[100.43540367000003,13.96387517900007],[100.43544841,13.96384854200005],[100.43547775300004,13.963830041000051],[100.43550714900016,13.963810414000136],[100.43555051500005,13.963779974999966],[100.43557893100007,13.963759094000125],[100.43560666700006,13.963737488000106],[100.4356201110001,13.96372625400005],[100.4356331410001,13.963714588000187],[100.43564506900003,13.963703002000102],[100.43565660700011,13.963691019000066],[100.43566784600006,13.963678732000062],[100.43567884800007,13.96366621500016],[100.43570030700016,13.963640660000124],[100.43572110600019,13.963614548000066],[100.43573121500003,13.963601268000048],[100.43574843600015,13.963577506000036],[100.4357649700001,13.963553286000149],[100.43578203900017,13.96352643300014],[100.43579085200008,13.963511714000106],[100.43580766100018,13.963481839],[100.435815596,13.963466669000184],[100.43582189000017,13.963453959],[100.43583370800008,13.963428189000183],[100.43583992500015,13.963413432000152],[100.43585159200018,13.963383596000142],[100.43586252199998,13.963353475000076],[100.43587302600014,13.963322588000096],[100.43588317400008,13.963290985000015],[100.4358929,13.963259253000047],[100.43590707900006,13.963209737000057],[100.4359386700001,13.963091707000046],[100.43597853900008,13.962939802],[100.4359914760002,13.96288784800015],[100.43600414100007,13.962835213000176],[100.43609980800011,13.962431337000112],[100.43612087300016,13.962343606000047],[100.4361341030002,13.962291113000106],[100.4361601120001,13.96219467000003],[100.43618574800007,13.962094180000065],[100.43619910400014,13.962044063000064],[100.43621341100015,13.961994176000132],[100.43623322400009,13.961927858000138],[100.43624877300005,13.961878352000099],[100.43625993200004,13.96184563900016],[100.43626595400013,13.961829450000153],[100.43627248500007,13.961813150000069],[100.43628660000007,13.961780958000077],[100.43630189800012,13.96174928400012],[100.43631001600005,13.961733674000072],[100.43631817100015,13.961718815000154],[100.43633527500015,13.961689512000135],[100.43635317299999,13.961660647000144],[100.43636239600016,13.961646373],[100.43638212100007,13.96161732600001],[100.43640324100005,13.961587868000095],[100.43643560700008,13.961544115000095],[100.43666377700015,13.961239035000062],[100.43669658400006,13.961195628000098],[100.43671879200014,13.961166945000173],[100.43674111600006,13.961139230000072],[100.4367635260001,13.961112462000187],[100.4367976420001,13.96107268600008],[100.43684349300008,13.961019940000142],[100.4369127810001,13.96094123500012],[100.43698569600019,13.960860841000056],[100.43700987500017,13.960833647000129],[100.4370217290001,13.960819860000129],[100.43703168000008,13.960807946000045],[100.437051129,13.96078376800017],[100.43707001600006,13.960759168000095],[100.4370792270002,13.960746702000108],[100.43708919300013,13.960732795000126],[100.43710866400005,13.960704657000065],[100.43714668200005,13.960647732000098],[100.43719347500007,13.960576103000108],[100.43721188700016,13.960547271000053],[100.43723009200016,13.96051792500009],[100.43727468500003,13.96044305800001],[100.43735375200009,13.960307595000074],[100.43738839200012,13.960247119000087],[100.43743934200006,13.960156220000101],[100.43745706500005,13.960126004000074],[100.4374847840001,13.96008082800006],[100.43751307400015,13.960035983000182],[100.43754182400005,13.959991420000165],[100.43756142600006,13.9599620030001],[100.43757146200016,13.95994744900014],[100.43759217400009,13.95991864399997],[100.4376240970002,13.959876010000187],[100.43790494000007,13.95950924400006],[100.43793751900017,13.959467054000072],[100.43797072900009,13.959425353000086],[100.43799240800018,13.95939943500008],[100.43802566700003,13.959361169000147],[100.43805971800009,13.959323630000142],[100.43808313200003,13.959299301000158],[100.43809519400014,13.959287492000158],[100.43810833999999,13.959275293000132],[100.43813541000014,13.959251670000015],[100.4381630810002,13.959228650000114],[100.43820508100009,13.95919461200009],[100.43878133300018,13.958731753000109],[100.43882305300008,13.958697463000078],[100.43885023600012,13.958673994000037],[100.43886345700002,13.958661912000082],[100.43887630500006,13.95864947400014],[100.43888887200012,13.95863642300003],[100.43890105300017,13.958623009000178],[100.43892466900013,13.958595462000119],[100.43895910300017,13.958553202000132],[100.43906096800015,13.95842503800003],[100.43908389600006,13.958396853000124],[100.43910734500014,13.958369207000146],[100.43911941900006,13.95835573900007],[100.43913185600013,13.958342648000155],[100.43914479100005,13.958330070000159],[100.4391581210001,13.958318298999984],[100.43917193500016,13.958307026000057],[100.43920051700007,13.958285465000131],[100.4392298300001,13.958264654000061],[100.43927439200002,13.958234040000036],[100.43931921900008,13.958203732000186],[100.4393492270001,13.95818371300004],[100.43937944100009,13.95816400900003],[100.4394083680001,13.958145858000023],[100.43943763700014,13.958128269999975],[100.43946734500008,13.95811143000003],[100.43949967300011,13.958094520000031],[100.43954887000018,13.958070387000078],[100.43966427000015,13.958015128000056],[100.43969697199998,13.957998826000107],[100.43972919300012,13.95798201600013],[100.43979307900003,13.95794736900001],[100.43985648800003,13.957911912000043],[100.43988782500008,13.957893643000034],[100.43990330700012,13.95788423100015],[100.43991859800002,13.957874545000038],[100.43993204600008,13.95786560700003],[100.43994532700003,13.95785643000005],[100.43997152400016,13.957837545000189],[100.44001008200013,13.957808228000147],[100.44003665700012,13.957786909000106],[100.44007788100015,13.957752369000048],[100.44021390500006,13.95763558200008],[100.4402680140002,13.957588577000024],[100.44029468800005,13.957564709000167],[100.4403078260001,13.957552577000058],[100.4403207580001,13.95754024700011],[100.44034579100014,13.95751501400008],[100.44037021800011,13.957489193000129],[100.44040634500016,13.957449941999982],[100.44053776500004,13.957305042000087],[100.44058488900004,13.95725180100004],[100.4406182100002,13.957212381000147],[100.44067265100017,13.957145799000159],[100.44069405400006,13.957118884000124],[100.44071561300018,13.957090946000164],[100.44073731800012,13.957061973000123],[100.44076949700019,13.957018233999975],[100.44083324600007,13.95693033599997],[100.44086442600013,13.956885944000078],[100.44088265600004,13.95685860000009],[100.44090628900017,13.956821041000126],[100.44092308500012,13.956793045000097],[100.44096764300008,13.956715652000184],[100.4411614390001,13.956373810000116],[100.44118850200016,13.956327562000013],[100.4411977700002,13.956312289000095],[100.4412163020001,13.956282882000096],[100.44124503900008,13.9562393490001],[100.44126477500015,13.956210713000075],[100.44128519800012,13.956182560000116],[100.4412955590002,13.956169039000144],[100.44131684900003,13.956142414000169],[100.44133864900004,13.956116156000121],[100.44137202900015,13.956077305],[100.44139522900008,13.956051374000083],[100.44141927600003,13.956025351000164],[100.44145588800006,13.955986802000098],[100.44148067000015,13.955961471000023],[100.44150596900005,13.955936643000086],[100.44151894800012,13.955924467000159],[100.44154534500007,13.955900537000161],[100.44162533600002,13.955829704000053],[100.44171725199999,13.95574666500005],[100.4417571530002,13.955711680000036],[100.44177070200016,13.955700305000107],[100.44179843800015,13.955678066000132],[100.44184082600009,13.955645616000083],[100.44215528199999,13.955411817000027],[100.44219794500009,13.955379668000148],[100.442226114,13.955357906000074],[100.44226327900014,13.9553279860001],[100.44230274100005,13.955294518000187],[100.44235655000017,13.955247139999983],[100.44245008600006,13.955163521000088],[100.44251545000014,13.955104029000154],[100.44264404400013,13.954985161000081],[100.44269498900019,13.954937130000076],[100.44273181000011,13.954900894000104],[100.44276770700014,13.954864320000127],[100.44281498400005,13.954815009000015],[100.44289701200012,13.954726522999977],[100.44292061100003,13.954701570000168],[100.44300396600005,13.954615819000082],[100.44302751200007,13.954591097000161],[100.44305051300012,13.95456592100004],[100.44307405900008,13.954538450000143],[100.44310835800019,13.954496381000126],[100.44315337600017,13.954439685000068],[100.44319803700006,13.954382715000122],[100.44323098200005,13.954339600000026],[100.4432515490002,13.95431141],[100.4432803630001,13.95426999200015],[100.443317917,13.954214181000054],[100.44334553300018,13.954171979000137],[100.44337298500011,13.95412812800015],[100.44340007900007,13.954083281000067],[100.44346252600019,13.953978179000046],[100.44349777500014,13.953917884000134],[100.44353212300018,13.95385686300017],[100.4436162950002,13.953703189000066],[100.44363339800009,13.95367261600012],[100.4436509300001,13.953642288000083],[100.44365996200014,13.953627279000159],[100.44367889300003,13.95359735000011],[100.44369841900004,13.953567756000155],[100.44373819500015,13.953508998000075],[100.44378839100006,13.953435829000114],[100.44381899200016,13.953392271000098],[100.44384001800012,13.953363686000102],[100.44386165200018,13.95333606800017],[100.44388398000007,13.953308993000121],[100.44389538300004,13.953295647000061],[100.44391873299998,13.953269443000067],[100.44393077900008,13.953256671000076],[100.44394334300006,13.953243977000056],[100.44395617200018,13.953231521000134],[100.44398234800019,13.953207100000157],[100.44402238600014,13.953171224000187],[100.44406317900007,13.953136193000034],[100.44409107000013,13.953113682000037],[100.44410556000008,13.953102681000132],[100.44413508200006,13.95308134000004],[100.44419513400004,13.953039903000047],[100.44437630400012,13.952916826000092],[100.44442170600013,13.952886270000079],[100.44445221800015,13.952866319000066],[100.4444676240002,13.95285659600006],[100.44448318400009,13.952847143000099],[100.44449895900004,13.952838055000086],[100.44451491200005,13.952829455000085],[100.44454740500015,13.95281324800004],[100.44458035100018,13.952797821000104],[100.44461351300009,13.95278276800019],[100.44491303600012,13.952649067000038],[100.44496309700008,13.952627129],[100.44499666200011,13.952612941000098],[100.44504788900014,13.952592519000177],[100.44509939800008,13.952572756000052],[100.44546094000015,13.952436489000036],[100.44547361700006,13.952431532000105],[100.44574255900011,13.95228217500005],[100.44575812900013,13.95227353100006],[100.44583213200013,13.952210452000088],[100.44593706400008,13.952121011000088],[100.44604800100012,13.952005243000087],[100.44607837300015,13.951902071000063],[100.4460540140002,13.95179239500004],[100.44592735200018,13.951557652000076],[100.44582169800015,13.951404894000063],[100.44579868400018,13.951328462000106],[100.44580787400008,13.951297858000089],[100.44650584300018,13.950821166000082],[100.44780230200007,13.949995676000185],[100.44797377600003,13.949886494],[100.44924326400007,13.949138861000051],[100.45045566100015,13.948438853000027],[100.45076997000012,13.94820221000009],[100.45056682100011,13.947897346000104],[100.45026419600003,13.94743748600007],[100.4500805300001,13.94710359700008],[100.44977722100015,13.94653395600011],[100.44930457200019,13.945616260000179],[100.4489136090001,13.944855721000067],[100.44877954000009,13.944617244000142],[100.44821314700005,13.943455197000162],[100.44803525400016,13.943121271000052],[100.44733465900003,13.941698223000117],[100.44707497900004,13.94119025200007],[100.44639814300012,13.93987684700005],[100.44605956800012,13.939194810000174],[100.44507667800013,13.937328659000059],[100.444907736,13.937042527000187],[100.44452281400015,13.93632135300004],[100.4444881120001,13.936254219000148],[100.44398977300017,13.935418075000086],[100.44335753000018,13.934318336000103],[100.44309224800008,13.933832910000092],[100.44262920700004,13.933061524000038],[100.44216016500013,13.932250761000034],[100.44203543300011,13.932043988000032],[100.44228341800016,13.931942652000032],[100.4423026250002,13.931935700000167],[100.44233315300005,13.931920993000062],[100.44278137300006,13.931683338000028],[100.44327586600019,13.931430024000065],[100.44368838500014,13.931219924000061],[100.44430015500012,13.9309218140001],[100.44430776500019,13.93091475400007],[100.44431230800012,13.930906393000157],[100.44431158700019,13.930896141],[100.44421008900014,13.930612822000114],[100.44410701000004,13.93033574000009],[100.44311584899998,13.927422841000066],[100.4430486710001,13.927291800000148],[100.4425977250001,13.926509439000142],[100.44254475000008,13.926439082000115],[100.4425083550002,13.926366376000146],[100.44247197600009,13.926296372000024],[100.44228558500004,13.92566818600011],[100.4419907300001,13.924938016000056],[100.44195713000016,13.924870694],[100.4419125770001,13.924819645000127],[100.44185144400012,13.924771393000071],[100.44164062500016,13.924661906000154],[100.44158654900014,13.924625670000182],[100.44151547600018,13.924123598],[100.44146462100014,13.923764271000039],[100.44190012700011,13.923704289000057],[100.44193324000014,13.923693291],[100.44194967700014,13.923668887000133],[100.44195497700002,13.923631043],[100.44195469200014,13.923585133000131],[100.44175632600002,13.922808475000181],[100.44141574900004,13.92139257100007],[100.44132454200019,13.920603310000047],[100.44136152200008,13.920621093000022],[100.44143904700019,13.920638642000142],[100.44154959600019,13.92063078800004],[100.44176327900016,13.920607915000176],[100.4423707680001,13.920478284000183],[100.44308518800005,13.92035162000019],[100.4440940290001,13.920143988000063],[100.44441439700017,13.920084472000099],[100.4446242570001,13.920040015000097],[100.4454829610001,13.91995860000003],[100.44584417500016,13.919935206000048],[100.44574814800012,13.91948928800008],[100.44571818800011,13.919350153000039],[100.44566723300005,13.91916830100007],[100.44563601100015,13.919056880000028],[100.44554129500011,13.918718831000035],[100.44542038300006,13.918347844000152],[100.44526253700013,13.917911051000146],[100.44509985400009,13.917401585999983],[100.44506976800011,13.917291293],[100.44499009499998,13.916999260000125],[100.44491707300017,13.916755224000156],[100.44458033400014,13.9156745680001],[100.44433326400008,13.914862024],[100.44414245400014,13.914250637000123],[100.44402245900005,13.913850904000014],[100.44402238800012,13.913850672000024],[100.44402231000015,13.913850443000058],[100.44377673500014,13.913125961000162],[100.44372564100019,13.912972492000165],[100.44327894499997,13.911617176000107],[100.44325182800014,13.9115323690001],[100.4431931330002,13.911339556000087],[100.44316562900019,13.911254323000037],[100.44281785800013,13.910199435000152],[100.44279511600018,13.910131475000014],[100.442752064,13.910007097000062],[100.44273489000017,13.909955796000133],[100.44256758,13.90944133000005],[100.44254559800015,13.909372646000065],[100.44251864600005,13.909286682000015],[100.44197719600004,13.907549247000077],[100.44162172500018,13.906424455000092],[100.4416059350001,13.906373036],[100.44159041000017,13.906321151000043],[100.441457534,13.90587100800002],[100.44142614000009,13.905767664],[100.4409957760002,13.904376488000025],[100.44097958300017,13.904325031000099],[100.44096296400011,13.904273659000125],[100.44090616800003,13.904102758000079],[100.44089523600019,13.904068518000088],[100.44088508900018,13.904034160000094],[100.44088327000009,13.904027246000055],[100.44087888600012,13.90400529700014],[100.44086390300004,13.903771741000185],[100.44075746900006,13.903344754999978],[100.44031591700013,13.90199839700017],[100.44013665500006,13.901470448000111],[100.4398387560002,13.900731597000174],[100.43957338700017,13.900109123000163],[100.43955943400016,13.900076397000134],[100.43955429200008,13.900061182],[100.43946402000012,13.899793941000041],[100.43939230300009,13.899562232000108],[100.43934527400006,13.899410289000059],[100.43940370300015,13.899384593000093],[100.43943529,13.899369022000144],[100.43946795600004,13.899353457000188],[100.43951722900016,13.899330658000167],[100.43956673500014,13.899308355000187],[100.43959993500005,13.899293917000023],[100.43964785700012,13.899274128000059],[100.43969603200009,13.899254928000119],[100.43974434800003,13.899236072000122],[100.43979283800013,13.899217706000059],[100.43982536100003,13.899206007000032],[100.43987953700008,13.899187559000097],[100.43993065800015,13.89916968500006],[100.4401856020001,13.899078188000033],[100.44025377300017,13.899054296000031],[100.44033807000011,13.899026418],[100.44060853600013,13.898939186000064],[100.44065901000005,13.898922218999985],[100.44069241500006,13.898910275000105],[100.44072284600014,13.898898602000088],[100.44079851900011,13.898868330000084],[100.44083239300005,13.898855162000075],[100.44088339400014,13.89883584200004],[100.44098562600004,13.898797761000026],[100.44142890700005,13.898633454],[100.44149733600011,13.898608847],[100.44158782200014,13.898577763000105],[100.4416388910002,13.898558935000153],[100.44172364600018,13.898526552000021],[100.4422485400001,13.898324053000067],[100.44233284400013,13.898291989000086],[100.4423988490002,13.89826752700003],[100.44246498200005,13.898243417000174],[100.4425147720001,13.898225902000036],[100.44254819200017,13.898214916000029],[100.4425827450001,13.898204588000056],[100.44261750100014,13.898194886000113],[100.44268730000016,13.898176349000096],[100.44273979500014,13.898163018000162],[100.44277491100001,13.89815467],[100.44279253800016,13.898150801000156],[100.44282827300003,13.89814386900008],[100.44284622400016,13.898140843000022],[100.44288207200009,13.898135682000031],[100.44291805000006,13.89813132],[100.44295410100011,13.898127564000049],[100.4429902070001,13.898124485000096],[100.44302527000008,13.898122447000105],[100.44312720600016,13.898118884000041],[100.44314414200011,13.898117866000177],[100.44316104000012,13.898116483000138],[100.4431793070001,13.898114481000164],[100.44318879200006,13.898113216000127],[100.44319753100018,13.89811205],[100.44323389400006,13.898106335000023],[100.44328833100008,13.898096666000185],[100.44341520000017,13.898072748000175],[100.44345137300007,13.898065655000039],[100.44348743400008,13.898058165000123],[100.44352324800002,13.898049854000021],[100.44354100400011,13.898045169999989],[100.44355615699999,13.898040773000105],[100.44358625500018,13.89803123500019],[100.44373386400008,13.897982605999971],[100.44378413400011,13.897965625999973],[100.44381736300011,13.897953724000104],[100.4438998510002,13.897922949000133],[100.44393307800004,13.897911448000116],[100.44394984500008,13.897906201000126],[100.44396736300013,13.897901243000092],[100.44398500900013,13.897896683000056],[100.44402054600016,13.897888363999982],[100.44407418100008,13.897876919000055],[100.444163855,13.89785887000005],[100.44419978900015,13.89785201300009],[100.4442358010001,13.897845653000104],[100.44427163300008,13.897840266000117],[100.44430728200007,13.897835834000091],[100.44436088300017,13.897830007000039],[100.4446113480002,13.897804485000051],[100.44466500400017,13.897799440000085],[100.44470074700001,13.89779679600008],[100.4447186050001,13.89779590400019],[100.44473645200009,13.89779545500005],[100.4447542800001,13.897795612000152],[100.4447724920002,13.897796535000111],[100.444790689,13.897798081000076],[100.44482703500017,13.897802421999984],[100.44486335500017,13.897807699000168],[100.44489965900016,13.89781341400004],[100.44513560700011,13.897851777000085],[100.44542600400007,13.897898523000038],[100.44549863500015,13.89790996700009],[100.44553499300014,13.897915356000112],[100.44557141600006,13.89792020300007],[100.44560770000004,13.897924214000113],[100.44564404600004,13.897927687000163],[100.44577144300018,13.897938448000048],[100.44586249300005,13.897945426000092],[100.44591739100014,13.897948676],[100.44599122000017,13.89795188100004],[100.44604461600011,13.897954741999968],[100.44613191600007,13.897960652000108],[100.44623662100008,13.897968582999965],[100.44628890300015,13.897973236000098],[100.44632529300014,13.897977066000067],[100.44648885300018,13.897996070000033],[100.44652524500003,13.89799964600013],[100.44656153500017,13.898002306000024],[100.44661583900006,13.898004727000114],[100.44668832899998,13.898006806000012],[100.446996518,13.898014372000148],[100.44705090100018,13.898015311000108],[100.44708715200005,13.898015453000141],[100.44712285700007,13.898014965000073],[100.44717641100004,13.898013513000137],[100.44724780900009,13.898011016],[100.44730133500008,13.898008800000184],[100.44735480100007,13.898005830000102],[100.44737259100015,13.898004500000184],[100.44740741900017,13.898001202000103],[100.44744219600011,13.897997303000068],[100.44749431300005,13.897990897000057],[100.44756374000002,13.89798183400012],[100.44761552800009,13.897974616000056],[100.44773507500008,13.897956412000099],[100.44785001000008,13.897937541999966],[100.44782638500004,13.8977476660001],[100.44783804600019,13.897382169000139],[100.44784363300005,13.897295297000028],[100.44784657200017,13.897260366000069],[100.4478520080001,13.89720769600018],[100.4478584040001,13.897155143000191],[100.44786348400015,13.897120225000151],[100.44786609600004,13.897104636000165],[100.44787187600014,13.897073536999983],[100.4478820770002,13.897025183999972],[100.44789418700014,13.896973249000041],[100.44791516000015,13.896886844000107],[100.44793648800015,13.896800522000035],[100.44794966100011,13.896748927000147],[100.44804011500014,13.896405968000067],[100.44805796900016,13.896337313000174],[100.44806639100017,13.896303497000076],[100.44807817900005,13.89625352500019],[100.44808556300012,13.896220121000056],[100.44809230200008,13.896186598000043],[100.44809770200015,13.896155272000158],[100.44810231400004,13.896123820000184],[100.44810602700005,13.896092946000124],[100.44811009200015,13.896047503000034],[100.44811195200009,13.896017149000158],[100.4481126290001,13.896000725000022],[100.44811484800016,13.895918530000074],[100.44811631500005,13.895884613000021],[100.44812034900019,13.895816803000116],[100.44812549600016,13.895749090000095],[100.44812883800006,13.89571532900004],[100.44813341800011,13.895680629000026],[100.44813629100008,13.895662814000048],[100.44814292199999,13.89562733300005],[100.44815081500002,13.89559210699997],[100.44815530600016,13.89557475100014],[100.44816514000007,13.895540230000051],[100.44818099800011,13.895488705000162],[100.44821378300009,13.89538591700017],[100.44823612700014,13.89531755500019],[100.44825222400016,13.895271142000183],[100.4482685230002,13.895227356000078],[100.4482800990001,13.895198441000105],[100.44829397000007,13.895166448000055],[100.44834495000003,13.895055418000084],[100.44840123500018,13.894926722000093],[100.44841587200006,13.894894812000132],[100.44843751700012,13.894849830000112],[100.44845174000017,13.894818992000069],[100.44846524700012,13.894787102000066],[100.4484716070001,13.894771017000096],[100.44847765000014,13.894754834000082],[100.44848330700017,13.89473852600014],[100.44848847100008,13.894722079000132],[100.44849271800018,13.894706856000028],[100.44849657000015,13.894691518000172],[100.44850353599998,13.894660623],[100.44851714200007,13.89459645300002],[100.44852903900005,13.894543735000127],[100.44858719700011,13.894298256000127],[100.44859888200006,13.894245504000025],[100.44860578800012,13.894211087000144],[100.44861230400011,13.894176587000118],[100.44863103500018,13.894072935000054],[100.44867103500007,13.893848245000129],[100.44867975500011,13.893796313999985],[100.4486851800001,13.893761395000013],[100.44870804500016,13.893604005000157],[100.4487159250001,13.893551591000062],[100.44872160099999,13.893516714000157],[100.44872786000008,13.893481766999969],[100.44874130900007,13.893412043000069],[100.44881771400009,13.893028931000174],[100.44883822800017,13.892924263000054],[100.44903282900003,13.891887829000098],[100.44904624600014,13.891817604000039],[100.44905670100019,13.891766368999981],[100.4490674600001,13.891717911000057],[100.449079058,13.89166964500015],[100.44908731300006,13.891638070000113],[100.44910048300011,13.891590915000052],[100.44910978400009,13.891559622000045],[100.44912002,13.891527312],[100.44914210500019,13.891460658000028],[100.44915243700012,13.891427216000068],[100.44915709100019,13.89141038300005],[100.44916120600004,13.891393443000027],[100.44916471400018,13.89137606700001],[100.44916765900012,13.891358571000183],[100.44917019700017,13.891340988000081],[100.44917446900018,13.891305654000178],[100.44917813500012,13.891270197000154],[100.44919168100017,13.89112808900012],[100.44919752900012,13.891074894000042],[100.44920223900016,13.891039687999978],[100.44921052100017,13.890987266000081],[100.44922248800015,13.890917492000028],[100.44928052600017,13.890586226000153],[100.449299167,13.890481676000036],[100.44931579900015,13.890393716],[100.449393799,13.889989388000117],[100.44941791000014,13.889866408000103],[100.44942871200016,13.889814976000082],[100.44943981200004,13.88976420400013],[100.4494851390001,13.889561296000068],[100.44949715200016,13.889510751000046],[100.44950590700006,13.889477250000027],[100.449510654,13.889460650000103],[100.44952075100008,13.889427600000033],[100.44953674700014,13.889378251000096],[100.44956988300004,13.889279582000029],[100.44958377600005,13.889240204000146],[100.44959968800009,13.88919727900003],[100.44960767100014,13.889176728000052],[100.4496221390001,13.889141743000096],[100.44963300400019,13.889118015000065],[100.44963095100013,13.889106629000025],[100.44962928800004,13.889093671000182],[100.44962764000013,13.889077044000146],[100.44962626000017,13.889056740000058],[100.44962534400008,13.88903440900009],[100.44962488400006,13.889011068],[100.44962484000007,13.888987728000018],[100.44962517400006,13.88896542100008],[100.44962583000012,13.888945164000063],[100.44962781500004,13.888909600000147],[100.44963052000014,13.888874321000173],[100.44963422100005,13.888838566000118],[100.44964309500006,13.888767182000095],[100.4497187610001,13.88819651700004],[100.44973248800005,13.888089466000167],[100.44973663800005,13.888053722000052],[100.44974235500007,13.88800002500011],[100.44976926300018,13.887731356000188],[100.44977854600018,13.88764183700016],[100.4497844660001,13.887590096000054],[100.4497962280002,13.887494348000132],[100.44979991000014,13.887460776000182],[100.44980659200019,13.88739030000005],[100.44982348400015,13.887196312000128],[100.44982947200009,13.887125735999973],[100.44983341100016,13.887073966000116],[100.44983750700015,13.887008062],[100.44983978100015,13.88695860700011],[100.44984051000012,13.886925563000034],[100.44984027200013,13.886892476000071],[100.44983970200008,13.886875955],[100.44983758200004,13.886844523999969],[100.44983599900019,13.886828859000047],[100.44983402400015,13.886813250000046],[100.44983158000008,13.88679744500007],[100.44982871600007,13.886781716000144],[100.44982547200016,13.886766065000131],[100.44982183600018,13.886750498000026],[100.44981778000005,13.886735042000169],[100.44981323000019,13.886719724000159],[100.44980781400011,13.886703670000031],[100.44980190400014,13.886687755000082],[100.44979563400017,13.886671950999983],[100.44978242000013,13.886640536000186],[100.44974817000013,13.886562339000022],[100.44973479900017,13.886530925000045],[100.44972165300015,13.88649854700003],[100.44967694299999,13.886384742000132],[100.4496567590001,13.886335827000096],[100.44960893100006,13.886221969000076],[100.44959063900018,13.886175271000127],[100.4495806290002,13.886147222000034],[100.44957059100011,13.886116213000037],[100.44956066900016,13.886082220000162],[100.449551472,13.886048038000183],[100.44954302400004,13.88601371100009],[100.44953919200009,13.885996486000181],[100.44953573500004,13.88597920500007],[100.44953279100014,13.885961862000158],[100.4495310710002,13.885949339000092],[100.44952970200018,13.88593677800003],[100.44952834300017,13.885918996000157],[100.44952751000017,13.885901161],[100.44952705200012,13.885883288000059],[100.44952684800012,13.885847475],[100.44952739700005,13.885793672999966],[100.44953105000013,13.885542506999968],[100.44953174300008,13.88550664800016],[100.44953281100015,13.885470813000097],[100.44953463300016,13.88543502400006],[100.44953588500005,13.885418361],[100.44953737800012,13.885401715000057],[100.44954095600002,13.88536846500017],[100.44954762800006,13.885318735000112],[100.44956107100018,13.885235153000167],[100.44956335400013,13.8852184160001],[100.44956523000008,13.885201646000098],[100.44956648900012,13.885186122000107],[100.44956732700018,13.885170574000028],[100.44956789200012,13.885139438000124],[100.449567629,13.8851238740001],[100.44956695800005,13.885108316000014],[100.44956573400015,13.885091451000164],[100.44956403800018,13.88507461600011],[100.44956191199998,13.8850578200001],[100.44955936500003,13.885041071000046],[100.44955307400016,13.88500769400008],[100.44954576500015,13.884974463000049],[100.44953378000014,13.884924790000127],[100.44952525200017,13.884891801000151],[100.44951609600014,13.88485898800019],[100.44950652300014,13.884828378000122],[100.44949652899999,13.884799981000185],[100.4494911820002,13.884785902000033],[100.44947913700014,13.884756627000172],[100.44944538900006,13.88468092200003],[100.44943904500002,13.884665733000077],[100.44943313000016,13.884650455000099],[100.44942783800008,13.88463505600015],[100.44942308500015,13.884618316000171],[100.44941950500004,13.884601388000021],[100.44941817199998,13.884592319999967],[100.449417241,13.884583209000027],[100.44941663800006,13.88457107700009],[100.44941669700017,13.884558914000081],[100.44941738900019,13.88454673900003],[100.44941871800006,13.884534360000146],[100.44942062200005,13.884522001000107],[100.44942303900012,13.884509679000132],[100.4494268630001,13.884493792000171],[100.44943127600004,13.884477960000083],[100.44943610000007,13.88446217100011],[100.44945672000017,13.88439897600017],[100.44946679800012,13.884365750000086],[100.44947600100011,13.884332349000033],[100.44948018500008,13.884315609999987],[100.44948399500004,13.884298855000111],[100.44948728700012,13.884282099000131],[100.44948988500016,13.884265352000114],[100.44949153900012,13.884248637000042],[100.44949198700016,13.884232887000167],[100.44949127900009,13.884217253000145],[100.44948930900011,13.884201825000105],[100.44948617700004,13.88418758000006],[100.4494817650002,13.88417367600016],[100.44947520200009,13.884158434000142],[100.44946718100005,13.884143737999977],[100.4494582550002,13.884130069000037],[100.4494484110001,13.884116821000134],[100.4494378710001,13.884103925000147],[100.44942678199999,13.884091336000097],[100.44941524100005,13.884079029000077],[100.44940405800008,13.884067701],[100.44935839100015,13.88402303200013],[100.44934731799998,13.884011586000042],[100.44933513200004,13.88399819],[100.44932344800014,13.883984419000058],[100.44931231700002,13.883970280000028],[100.44930183600013,13.883955730000082],[100.44929347000016,13.883942902000058],[100.44928570900015,13.88392974200002],[100.44927907100015,13.883917248000103],[100.44927293600006,13.883904502000064],[100.44926727100005,13.883891546000086],[100.44926207700013,13.88387839700016],[100.44925659000012,13.883862728],[100.4492517450002,13.88384684700003],[100.4492475460001,13.883830778],[100.44924404500006,13.883814536000102],[100.44924108000009,13.883796845000177],[100.44923870700018,13.883779029000095],[100.4492345480001,13.883743253000148],[100.44923220200008,13.88372541800004],[100.44922982400004,13.883710458],[100.44922699300008,13.883695628000055],[100.44922363100017,13.883680963000131],[100.44921962300003,13.883666524000091],[100.44921398700006,13.883649997000077],[100.44920740100008,13.883633900000063],[100.44919992000007,13.883618297000112],[100.44919150900017,13.883603301000107],[100.4491820520002,13.88358907899999],[100.44917132400019,13.883575873000154],[100.44915912900018,13.883563859000049],[100.44914575900009,13.88355283300001],[100.44913154300019,13.883542531000046],[100.44911672400013,13.883532739000145],[100.44908597200003,13.88351410600012],[100.44900696700017,13.883469241000057],[100.44897556400014,13.883450905000132],[100.44894464700019,13.883431717000121],[100.44891422400008,13.883411649000095],[100.44885421400005,13.883370364000143],[100.44867534200017,13.883244993000119],[100.44863088100016,13.88321339700019],[100.44860165700004,13.8831919160001],[100.44858729800018,13.883180918999983],[100.44857320000006,13.883169658000043],[100.44855947100012,13.883158024000124],[100.44854624300007,13.883145886000023],[100.44853354700007,13.883133062000013],[100.44852134300015,13.88311974200019],[100.44850948900006,13.883106068000131],[100.44845171600014,13.88303621800003],[100.44843980200005,13.883022639000046],[100.44842750200013,13.883009478000133],[100.44841464600012,13.882996913000056],[100.4484029190001,13.882986623000079],[100.44839071900014,13.88297686500016],[100.44837811900004,13.882967588000042],[100.4483651610002,13.882958765000069],[100.44835186800009,13.882950406000191],[100.4483382410001,13.882942550000053],[100.44832208900016,13.882934153000178],[100.44830558900003,13.882926319000092],[100.44828883700006,13.882918888000063],[100.44825488000004,13.88290478000016],[100.44815206900012,13.882863974000145],[100.44811809300018,13.88284977100011],[100.44810127100004,13.882842328000152],[100.44808505500009,13.882834794000019],[100.4480529430001,13.8828190750001],[100.4479733390001,13.882778390000169],[100.44794219099998,13.882762855000067],[100.44791164500015,13.882748279000054],[100.44789479100018,13.882740776000105],[100.44787571800009,13.882732898000143],[100.44785518400016,13.882725047000122],[100.44783403700012,13.882717620000108],[100.4478295130001,13.882716291000122],[100.44780388900011,13.882709844000033],[100.4477835940001,13.882706190000079],[100.44775895700013,13.882703037000056],[100.44774542400017,13.882699817000173],[100.44773380700019,13.88269469700009],[100.44772697000008,13.882690973000138],[100.44772267100012,13.882688635000136],[100.44771102300007,13.882678326000075],[100.44769983800012,13.882665190000068],[100.4476891130002,13.882647808],[100.44767641200013,13.882623833000082],[100.4476632520001,13.882603161000134],[100.4476491470001,13.882586268000068],[100.44763603900009,13.882574088000126],[100.44761567800009,13.882559118000131],[100.4475958050001,13.88254603300004],[100.44757014100014,13.882532978000143],[100.44754835900011,13.882523205000098],[100.44751885700015,13.882513477000032],[100.44749323400009,13.882506555000134],[100.44746328100018,13.882502488000057],[100.44743576600013,13.88250218100012],[100.44731361000015,13.88251838900004],[100.44731588700006,13.882501969000145],[100.44732094600005,13.882471905000102],[100.44732402800008,13.882455602000107],[100.44733420400007,13.882406783000079],[100.44734556500003,13.882358146000058],[100.4473497310002,13.882342018000145],[100.44735893900008,13.882309502000112],[100.44736894900018,13.882277267000177],[100.44737422600019,13.882261295000092],[100.4473854860002,13.882229838000057],[100.44739162700012,13.882214511000143],[100.44739827,13.882199598000057],[100.44740560700018,13.882185263000054],[100.44741388200009,13.882171727000184],[100.44742342300009,13.882159268000123],[100.44743501400006,13.882147678000024],[100.44744800600006,13.882137369000134],[100.44746208700008,13.882128137000109],[100.44747703400014,13.882119886000055],[100.44749270500012,13.882112611000082],[100.44750809200008,13.882106645000079],[100.4475239050002,13.882101376000094],[100.44754003100013,13.88209663400005],[100.44755637200012,13.882092275000161],[100.44758948400005,13.882084368000108],[100.44762294400016,13.88207721000009],[100.44765760500007,13.88207049600004],[100.44776487000019,13.88205163200007],[100.44780000700013,13.882044816000075],[100.44781717000006,13.882040986000106],[100.44783387700011,13.8820366920001],[100.447849927,13.882031734],[100.44786503700004,13.882025840999972],[100.44787883900011,13.88201864500013],[100.44789084000013,13.882009679000078],[100.44790058800004,13.881998575000068],[100.44790827500003,13.881985658000133],[100.44791409900017,13.881971350000185],[100.44791818700014,13.881956103000107],[100.44792096500004,13.881940091],[100.4479228150002,13.881923542000152],[100.44792399599999,13.881906618000187],[100.4479251140001,13.88187210700005],[100.44792523700005,13.881819673000166],[100.44792431900015,13.881767159000105],[100.44792282499998,13.881732266000142],[100.44792019800008,13.881698026000151],[100.4479165530002,13.88166392400018],[100.44791436200012,13.881646929000055],[100.44790901900012,13.881612778000033],[100.44789913300019,13.881561379000118],[100.44787768499998,13.881458623000128],[100.44787111500017,13.881424171000106],[100.44786817700009,13.881407],[100.447862907,13.881372550000037],[100.44785840800012,13.881338037000091],[100.44785504900005,13.881303639000123],[100.44785406900019,13.881286573000125],[100.44785380200005,13.881269676000045],[100.44785453100002,13.881253039000171],[100.44785555400006,13.881243451000103],[100.44785804800006,13.881229320999978],[100.44786164599998,13.881215659000077],[100.4478663210001,13.881202601000098],[100.44787213900008,13.881190322000066],[100.44787923000001,13.881179057999987],[100.44788782000006,13.881169104000094],[100.44790009800016,13.881159327000034],[100.44791423200007,13.88115128000004],[100.44792969700006,13.881144499000072],[100.44794610700018,13.881138616000044],[100.44796317800007,13.881133372000136],[100.44798069600006,13.881128563000175],[100.44801651,13.881119727000168],[100.44812555300007,13.881094512000118],[100.4481771610001,13.88108135200008],[100.44821104100004,13.881071786000177],[100.4482276820001,13.881066625000017],[100.44824401600005,13.88106108200003],[100.4482599160001,13.88105501300015],[100.44827520500019,13.881048215000078],[100.44828966100016,13.881040427000187],[100.44830297400011,13.88103129600006],[100.44831517400007,13.881020249000073],[100.44832613100016,13.881007787000158],[100.44833609500012,13.880994263000105],[100.44834523100013,13.880979940000032],[100.4483536190001,13.880964998000081],[100.44836126300004,13.880949558],[100.44836809000014,13.880933685000059],[100.44837395200011,13.880917384000043],[100.44837882800016,13.880900243000099],[100.44838280400012,13.880882769000095],[100.44838617800008,13.880865077000067],[100.44839785100004,13.880793600000061],[100.44840122000005,13.880775840000013],[100.44840470700007,13.880760004000138],[100.44840864800017,13.880744311000171],[100.44841306200016,13.880728791000138],[100.4484180010001,13.880713485000115],[100.44842356100003,13.8806984470001],[100.44842988200014,13.880683756000053],[100.44843715700011,13.880669363000038],[100.44844526800017,13.880655389000083],[100.44845413200017,13.880641827000034],[100.448464049,13.880628190999971],[100.4484745420001,13.880614895000122],[100.44848544900003,13.88060185],[100.44849665700008,13.88058898300011],[100.4485196220001,13.880563591000168],[100.4485779810002,13.880500673000085],[100.44860101000006,13.880475272000012],[100.44862341700008,13.8804493990001],[100.44863422500009,13.880436169000063],[100.4486450610001,13.880422196999973],[100.44866589600014,13.880393631000118],[100.4486959690002,13.880349909000074],[100.44872514500014,13.880305614],[100.4487438810001,13.88027572700014],[100.44875285900014,13.880260601000145],[100.44876143900012,13.880245291000108],[100.44876946100004,13.880229732000146],[100.4487765230001,13.880214476000106],[100.44878296400003,13.880198958000108],[100.44878882000017,13.880183204000048],[100.44879391500012,13.880167824000182],[100.44879857900014,13.880152285000065],[100.44880695200004,13.880120891000104],[100.44881435700006,13.880089209000175],[100.44881773200007,13.880073284000161],[100.44882085700004,13.880057310000097],[100.44882679000011,13.880022527000165],[100.44883446300014,13.879970129000071],[100.44885100100004,13.879847677000043],[100.44885835900016,13.87979527200008],[100.44886370900002,13.879760429000157],[100.44886982200012,13.879725745000087],[100.44887335600004,13.879708503000074],[100.4488772480002,13.879691640000033],[100.44888147900008,13.879674846000057],[100.44889062100015,13.87964140000014],[100.44890526300009,13.879591424000068],[100.4489451890002,13.879458311000178],[100.448954614,13.879424900000174],[100.44896325000019,13.879391312000052],[100.44896702000017,13.879374847],[100.44897384199999,13.879341762000024],[100.44898002500008,13.879308546000118],[100.44898572100004,13.879275247000123],[100.44899085300011,13.879241879000062],[100.4489931080002,13.879225169000051],[100.44899506800016,13.879208439000138],[100.44899662900019,13.87919167500013],[100.4489977140002,13.879174846000069],[100.44899875300001,13.879141109000045],[100.4489988750002,13.879124223000076],[100.44899852200012,13.879090426],[100.44899740500011,13.879056648000073],[100.44899650000013,13.879039776000127],[100.44899528500008,13.87902292900003],[100.44899176400008,13.878988668000147],[100.44898733300016,13.878954484000133],[100.44897990400017,13.87890326900009],[100.44896675900003,13.878817996000066],[100.44895843800015,13.878766905000191],[100.4489428500001,13.878679431000023],[100.44891040300018,13.878504668000062],[100.44890131000005,13.878452189000086],[100.44889617000018,13.878417146000118],[100.44889413700008,13.878399586000057],[100.44889264400007,13.878381994000051],[100.44889182000014,13.878364793000117],[100.44889152400015,13.878347556000051],[100.44889160200012,13.878330295000126],[100.44889252000002,13.878295722000189],[100.44889405400016,13.878261123000073],[100.44889598600014,13.878226527000038],[100.4488997910002,13.878174748000106],[100.44890351000004,13.878140430000144],[100.44890601800006,13.878123385000038],[100.44890916500009,13.878106458000161],[100.44891300000012,13.878090033000149],[100.44891746100006,13.878073717],[100.44892237900012,13.87805747599998],[100.44893313300008,13.878025132000175],[100.44896744500011,13.87792803900004],[100.44897275900018,13.877911720000043],[100.44897290900019,13.8779112470001],[100.44899194600009,13.877856620999978],[100.44900335500006,13.877818629000046],[100.44900708500018,13.877794334999976],[100.44900848000003,13.877769297000043],[100.44900447600008,13.877749601],[100.44899815500014,13.877731433000122],[100.44898635100009,13.87770571700014],[100.44897457000008,13.87768454900015],[100.44895892700009,13.877665681],[100.44893787700016,13.877651393000065],[100.44890986500013,13.877640942000028],[100.448888098,13.877636519000077],[100.44885627100012,13.877636708000182],[100.448823704,13.87764372600003],[100.44880279000006,13.877651433999972],[100.44877881500014,13.877665989000036],[100.4487471280001,13.87768893000009],[100.44859254500017,13.87781622700004],[100.4485660160002,13.877834477000135],[100.44855063000017,13.877844313000026],[100.44853493000011,13.877853549000122],[100.44851975900019,13.877861544000154],[100.44850425100014,13.877868800000044],[100.44848843199998,13.877875239000105],[100.44847229300018,13.877880732000108],[100.44845690400007,13.877884886000118],[100.44844130600018,13.877888178000035],[100.44842558300002,13.877890703000162],[100.44840980400005,13.87789248700011],[100.44839405400018,13.87789348900003],[100.44837840400015,13.877893600000107],[100.44836295500016,13.87789264300011],[100.44834866500008,13.877890544000024],[100.44833477900016,13.877887106000117],[100.44831980600009,13.877881504000186],[100.44830549900007,13.877874316000145],[100.44829188600005,13.877865823000036],[100.44827904900018,13.877856186000031],[100.44826715800014,13.877845468000032],[100.44825645300006,13.877833626000154],[100.44824663300017,13.877819822000049],[100.44823818200007,13.877804994000087],[100.44823087700007,13.87778942600005],[100.44822462000019,13.877773318000095],[100.44821941900005,13.877756820000172],[100.44821539200012,13.877740021000136],[100.44821277400013,13.877722975000154],[100.4482117780002,13.877706276000083],[100.44821202500015,13.877689443],[100.44821320100004,13.877672523000058],[100.44821508500019,13.877655572000151],[100.44821752400014,13.877638622000177],[100.44822042700014,13.877621705000081],[100.4482237590002,13.87760485800004],[100.44822754100016,13.877588108000054],[100.4482318330002,13.877571500000101],[100.44823676500005,13.877555077000068],[100.44824221500016,13.877539466000144],[100.44824824900013,13.877524040000083],[100.44825474200019,13.877508770000077],[100.44826159700017,13.877493632999972],[100.44827688200007,13.877462356000137],[100.44831924900012,13.877381816000081],[100.44832756400018,13.87736565400013],[100.44834171300005,13.877336924000076],[100.44835503700006,13.877307919000089],[100.44836128400016,13.877293297000108],[100.44836715100018,13.877278568000065],[100.44837252800016,13.877263711000126],[100.44837725000019,13.877248691000148],[100.44838066700004,13.87723569000002],[100.44838352800019,13.877222566],[100.44838587900011,13.877209341000082],[100.4483877350001,13.877196033000075],[100.44838915600013,13.87718197300012],[100.44839007200005,13.877167856000142],[100.44839051600007,13.877153701999987],[100.44839049300015,13.877139533000161],[100.44838987399999,13.877123230000166],[100.44838871299999,13.87710692900015],[100.44838708100002,13.877090654000142],[100.44838499500003,13.877074409000102],[100.448382461,13.877058212000122],[100.44837916000017,13.877040595000153],[100.44837542900012,13.87702303500015],[100.44837139700019,13.877005527000108],[100.44836277900015,13.876970595000046],[100.448326523,13.876831271000071],[100.44831336500016,13.876778970000089],[100.448302044,13.876730417999966],[100.44829211700016,13.87668364800004],[100.44828530700016,13.876648578000129],[100.44827564400015,13.876595859000133],[100.44826630900019,13.876543069000036],[100.44825739000004,13.876490213000068],[100.44824953400013,13.876437067000154],[100.44824515900001,13.876401522000151],[100.44824332700006,13.876383739000175],[100.4482418290001,13.876365953000118],[100.44824078900018,13.876348170000142],[100.44824036400007,13.876330387],[100.44824058900019,13.876315900000122],[100.44824129000017,13.876301428000033],[100.44824242100015,13.87628696700017],[100.44824396000018,13.876272535],[100.44824590700011,13.876258137999969],[100.44824884600007,13.876240520000124],[100.44825223900006,13.876222950000113],[100.448267612,13.876152898000157],[100.44827472700018,13.876117850000128],[100.44827767100003,13.876100282000095],[100.44827994900004,13.876082664000023],[100.44828125700019,13.876066797000078],[100.44828182900005,13.876050888000066],[100.44828161800012,13.876033208000024],[100.44828070300014,13.876015510000173],[100.44827926500017,13.875997805000054],[100.44827743400015,13.875980099000174],[100.44827529800011,13.875962398000013],[100.44827029100014,13.8759270380001],[100.4482642710002,13.875891811000145],[100.44825747000004,13.87585891599997],[100.44824956900004,13.875826262000146],[100.44824516100005,13.875810053000123],[100.44824005800007,13.875792800000056],[100.44823463100005,13.875775630000021],[100.44822316800008,13.875741452000057],[100.44818107000015,13.875622293000049],[100.44816410000016,13.875572948000126],[100.44813732500018,13.875491882000176],[100.44812716700005,13.87545928700007],[100.44812237400009,13.875442931000123],[100.44811789600004,13.875426533],[100.44811362000007,13.875409148000074],[100.4481098990002,13.875391719000163],[100.44810686700015,13.875374264000016],[100.44810473200005,13.875356803000102],[100.44810378700004,13.875339367000095],[100.44810400000017,13.875327555000183],[100.44810493600005,13.875315794000187],[100.44810687000006,13.875302481000062],[100.44810964300018,13.875289289000023],[100.4481131930001,13.87527625600012],[100.44811749500013,13.875263412000095],[100.44812364600017,13.875248248000105],[100.44813068700017,13.875233404000085],[100.44813848000018,13.875218886000141],[100.44814693700005,13.875204725000117],[100.44815606300011,13.87519098100006],[100.44816589900006,13.875177761000032],[100.4481765770002,13.875165201000073],[100.44818880600008,13.875152839000123],[100.44820186800007,13.875141173000031],[100.44821551500007,13.875130023000168],[100.44822958200007,13.875119233000191],[100.44825848200014,13.875098352000123],[100.44828789299999,13.875077961000102],[100.44840619900003,13.874997369000027],[100.44849446100005,13.874936683000158],[100.44855287200016,13.874895754000079],[100.4485958260002,13.874864341000034],[100.44863767400011,13.874832265000066],[100.44869306300012,13.874788940000087],[100.44880371400012,13.874701903000073],[100.44884493600017,13.874668800000109],[100.44888616300011,13.874634233],[100.44891316800016,13.874610647],[100.4489394700002,13.874586405000116],[100.44895215600019,13.87457388200005],[100.44896435800013,13.874560965000171],[100.44897536400015,13.874548226000059],[100.4489857740001,13.874535048000041],[100.44899556200005,13.874521458000174],[100.44900462600009,13.874507434000066],[100.44901321900016,13.874492273000158],[100.44902089900006,13.874476671000139],[100.44902670400012,13.874463091000052],[100.4490318550001,13.874449284000093],[100.44903635300011,13.874435291000054],[100.44904014200017,13.874421145000156],[100.44904310600003,13.8744068580001],[100.44904492,13.874394283000072],[100.44904600300003,13.874381648000167],[100.44904633200014,13.874368985999979],[100.4490455720001,13.874352376000047],[100.44904354500017,13.874335855000027],[100.4490402740002,13.87431948600016],[100.44903696900019,13.874307324000029],[100.449033009,13.874295307000011],[100.44902721200015,13.87428044000012],[100.44902069600016,13.874265771000069],[100.44901362900004,13.874251264],[100.44900614700009,13.874236894999967],[100.44899833300019,13.874222654000164],[100.44898187000013,13.874194548000105],[100.44896341700013,13.874165677000121],[100.44893272500008,13.874121344000116],[100.4488384240002,13.87399017000007],[100.44880681600006,13.873946714000056],[100.44878531200004,13.87391813700009],[100.4487742840002,13.873904091000156],[100.44876296600017,13.873890296000184],[100.44875124300017,13.873876856000152],[100.44873905100002,13.873863871000026],[100.44872644500003,13.873851250000143],[100.44871353100007,13.873838897000098],[100.44868704400011,13.873814796000147],[100.44865990000017,13.873791341000071],[100.44864609400008,13.873779871000181],[100.44863209500005,13.87376862300016],[100.44860495400002,13.873747934000107],[100.44857731300016,13.873727867000127],[100.44854933200008,13.873708254000064],[100.44852101200019,13.873689150000075],[100.44850667800006,13.87367986999999],[100.44852010500006,13.873558624999987],[100.44851980300018,13.87355100200017],[100.448518778,13.873539288000075],[100.44851669700012,13.873523056000181],[100.44851355300005,13.873503974000187],[100.4485093470002,13.873482991000117],[100.44850411700014,13.873460997999985],[100.44849814700018,13.873438949000047],[100.44849178800007,13.873417726000184],[100.4484854170002,13.873398202000146],[100.44845591300003,13.87331578300018],[100.44844513400017,13.873282948],[100.4484403310002,13.873266442999977],[100.4484361480001,13.873249857000019],[100.44843281100009,13.873233163000066],[100.44843139600005,13.873223581000161],[100.44843036500009,13.873213969000062],[100.44842956800011,13.873199664000083],[100.44842959900018,13.873185322000097],[100.4484304360002,13.8731709810001],[100.44843238700008,13.873154377000105],[100.44843518000005,13.873137818000089],[100.44843863500006,13.873121301000083],[100.44844263200014,13.873104848000025],[100.44844711000013,13.873088478000113],[100.44845206100007,13.873072241000102],[100.44845753600009,13.873056180999981],[100.44846399200009,13.873039424000126],[100.44847110700005,13.873023007000086],[100.44847890000011,13.873007033000022],[100.4484874740001,13.872991642000102],[100.44849702000016,13.872977055000035],[100.44850418800007,13.872967738000057],[100.44851194300009,13.872958987000118],[100.44852032100005,13.872950892000063],[100.4485318900002,13.872941685000114],[100.44854438100009,13.87293366900019],[100.44855767700011,13.872926879000147],[100.44857300300015,13.872920890000103],[100.44858897600017,13.872916167000142],[100.44860541300017,13.872912499],[100.44862218000003,13.872909765000145],[100.4486391690001,13.872907932999965],[100.4486562990001,13.872907049000105],[100.44867350100014,13.872907237000106],[100.4486907370001,13.872908581000047],[100.44870796900011,13.872910770000146],[100.44875935100009,13.87291885899998],[100.44877622600018,13.87292091500018],[100.44879284600012,13.872922023000115],[100.44880846300009,13.87292183600016],[100.44882353500009,13.87292032300013],[100.44883782500006,13.872917386000154],[100.44885100900007,13.87291281600011],[100.44886267700014,13.872906279],[100.44887248600014,13.872897475],[100.4488804180001,13.872886779],[100.44888650900015,13.87287462100005],[100.44889066400003,13.87286132200012],[100.44889270900012,13.872847981000177],[100.44889322900019,13.872834048000186],[100.44889252500013,13.872819702000072],[100.44889081000008,13.872805086000085],[100.4488879660002,13.872788886000023],[100.44888437200007,13.872772569000176],[100.4488802370002,13.872756191000065],[100.44887570800006,13.872739793000108],[100.448870892,13.872723400999973],[100.44886062200004,13.87269072600003],[100.44884956400006,13.872658312000056],[100.4488435780001,13.872641963000035],[100.44883108400012,13.87260952700018],[100.4488181860001,13.872577332000105],[100.44879823700012,13.872529518000022],[100.44878424300003,13.872498171000188],[100.44877683300012,13.872482793000188],[100.44876900000014,13.872467708000045],[100.4487605770002,13.872453028000109],[100.44875134800009,13.872438895000073],[100.44874112900004,13.872425410000119],[100.4487300940001,13.872412481000026],[100.44871845500012,13.872399967000035],[100.44870637000008,13.872387762000017],[100.44869395800015,13.872375795000039],[100.44866843300008,13.872352417000059],[100.4486421960001,13.8723297250001],[100.44862880500017,13.872318695000104],[100.44861518300007,13.872307964000186],[100.44860127300018,13.872297619000108],[100.44858633100017,13.872287326000048],[100.44857099100017,13.872277604000146],[100.44855543200003,13.872268544000121],[100.44853956700007,13.872259928000119],[100.44852349000007,13.87225162600015],[100.44849091000003,13.872235602000046],[100.44840878700006,13.872196107000093],[100.44837645200016,13.87217929000019],[100.44836065300018,13.872170307999966],[100.4483480180001,13.87216257300014],[100.44833561600012,13.872154520000095],[100.4483117330002,13.87213776600015],[100.44830035000007,13.872129020000102],[100.44828943100015,13.872119842000075],[100.44827736900004,13.87210841500007],[100.44826617700016,13.87209631900015],[100.44825595300006,13.872083616000111],[100.44824687700014,13.87207030900015],[100.44823925500009,13.872056356000144],[100.44823441700004,13.872044729000152],[100.44823070700005,13.872032746000116],[100.44822811900002,13.872020499000087],[100.44822648900009,13.872004622000134],[100.44822673700008,13.871988643000122],[100.44822875199998,13.871973436000019],[100.44823238300006,13.871958449000147],[100.44823798100015,13.87194271900006],[100.44824512600013,13.871927540000115],[100.4482537340001,13.871913089000088],[100.44826384600009,13.871899592000148],[100.44827526700004,13.871887497000102],[100.44828791500004,13.871876390000182],[100.44830149400013,13.871866135000118],[100.44831580900018,13.871856663000074],[100.44833073500018,13.871847987000024],[100.44834622600013,13.87184018],[100.44836237400006,13.871833269000092],[100.44837893500011,13.871827159000077],[100.44839578200015,13.871821672000067],[100.44841283500006,13.871816694000017],[100.44843003000011,13.871812172000034],[100.44844733900004,13.871808088000023],[100.44846474800016,13.871804486000087],[100.44848224900011,13.871801449000088],[100.44849955,13.871799082000166],[100.44851691800005,13.871797217000108],[100.44855178700016,13.871794466000154],[100.44858672100003,13.871792437000067],[100.44867405900015,13.871788110000125],[100.44870895000014,13.871786063000059],[100.44874380600015,13.871783421000032],[100.44877991300007,13.871779767000078],[100.44881603100004,13.871775495000065],[100.44887031700006,13.871768529000065],[100.44890658800011,13.8717635860001],[100.4489428280001,13.871758206000152],[100.44897879000007,13.871751859000085],[100.448996507,13.871748021000144],[100.44901391000013,13.871743498],[100.44903118200011,13.871737949000021],[100.4490478240001,13.871731405000162],[100.44906360700008,13.871723759000076],[100.44907821200013,13.8717148180001],[100.44909055400007,13.87170505],[100.44910140400009,13.871694152000032],[100.44911059200012,13.871682319],[100.44911777200019,13.871669676000124],[100.44912244900013,13.871656283000164],[100.4491241450001,13.871643383000162],[100.44912367400013,13.871630066000023],[100.44912143400012,13.87161652400016],[100.44911767200017,13.871602924000115],[100.44911255000011,13.871589436000079],[100.44910610300019,13.871576217000097],[100.4490973020001,13.87156179699997],[100.44908724200013,13.871547823000071],[100.44907627600014,13.87153419800012],[100.44906468300013,13.871520843000155],[100.44905264300007,13.871507707000148],[100.44904028500008,13.871494759000143],[100.4490149290001,13.871469359000173],[100.4490019820002,13.871456925000189],[100.44897534000012,13.871432310000046],[100.44893485400019,13.871396166000068],[100.4486926420002,13.871182067000177],[100.44865274000011,13.871146078000152],[100.44862659000006,13.871121668000058],[100.44861377200004,13.871109219],[100.44860121699998,13.871096530000102],[100.44858882000011,13.87108336900019],[100.4485766860002,13.871069959000124],[100.44855292300008,13.871042647000024],[100.4485178770002,13.871001069000158],[100.4484597880001,13.870931208000115],[100.44843670400013,13.870903051000028],[100.44841407200005,13.870874548000074],[100.44840310600006,13.87086006300018],[100.44839252700012,13.870845328000144],[100.44838337100009,13.87083166500014],[100.44837469400017,13.870817737000039],[100.44836656500013,13.870803539000121],[100.44835909700004,13.870789056000092],[100.44835198500016,13.870773221000093],[100.4483457880001,13.870757086000083],[100.4483405700002,13.870740695999984],[100.4483364740002,13.870724083000141],[100.44833374900008,13.870707512000081],[100.44833240100013,13.87069020000007],[100.44833251600005,13.870672880000086],[100.44833412500009,13.87065566300015],[100.44833689900014,13.870640465000122],[100.44834082200003,13.870625500000074],[100.44834579700017,13.87061083499998],[100.44835180500013,13.870596571000078],[100.44835858400006,13.870583352000097],[100.44836629600019,13.870570660000112],[100.44837493200004,13.87055857700011],[100.44838454400008,13.870547234000128],[100.44839556500006,13.870536376000132],[100.44840748400003,13.87052628900011],[100.44842009200005,13.870516832000135],[100.44843323500015,13.870507895000173],[100.448446811,13.87049942200008],[100.44846197200013,13.870490680999978],[100.44847744600014,13.870482345000028],[100.44849314800001,13.870474329000047],[100.4485250570001,13.870459135000033],[100.44855568700012,13.870445850000124],[100.44858489900008,13.870434342000067],[100.44859965100005,13.870428935000064],[100.44861688800012,13.870422948000169],[100.44866891300012,13.870405745000085],[100.44870082900007,13.87039465000015],[100.44872974700013,13.870383531000186],[100.4487439770001,13.870377549000068],[100.44876052000012,13.870370020000053],[100.4487766700002,13.87036195200011],[100.4487923170002,13.870353254000065],[100.44880525299999,13.870345163000025],[100.44881759700013,13.87033648900001],[100.44882921600015,13.870327191000172],[100.4488399280001,13.8703171840001],[100.44884947300011,13.870306325],[100.44885783100011,13.870294172000172],[100.44886480600007,13.870281163000072],[100.44887048900006,13.870267475],[100.44887487900007,13.870253243999969],[100.44887736700014,13.870241889],[100.44887909000016,13.870230326000069],[100.44888009500016,13.870218610000165],[100.44888038800008,13.870205324000096],[100.44887986500015,13.870191962999968],[100.44887856100001,13.870178578000036],[100.44887614300018,13.87016326600019],[100.44887283800017,13.870148021999967],[100.44886872000018,13.870132888000171],[100.44886310800007,13.870115786000156],[100.44885676700017,13.870098833999975],[100.44884992700014,13.870081989000141],[100.44882066300005,13.870015035000108],[100.44880655300011,13.869981383000152],[100.44880007300009,13.869964391000167],[100.44879487700001,13.869949398000074],[100.4487901290002,13.86993430300015],[100.4487858120001,13.869919129000152],[100.44878197000014,13.869903893000128],[100.4487786640002,13.869888613000114],[100.44877602500009,13.869873315000063],[100.44877421900009,13.869858013000055],[100.44877344700006,13.869843238000158],[100.44877367500004,13.869828548000044],[100.44877497300018,13.869814013000166],[100.4487774700001,13.869799725],[100.44878126100014,13.869785899000135],[100.44878624700004,13.869772433000094],[100.44879230499998,13.869759375000058],[100.44879937900004,13.869746791000068],[100.44880748800011,13.869734796999978],[100.44881658800017,13.869723566000062],[100.44882657900018,13.869712958000036],[100.4488373000001,13.869702915],[100.44884864900007,13.8696934190001],[100.44886056600006,13.869684490000168],[100.44887240100007,13.869676542000036],[100.44888463700016,13.869669093000084],[100.44889722800008,13.869662112000128],[100.44891260300017,13.86965435999997],[100.44894413400004,13.869640054000058],[100.44899200200007,13.869619499000066],[100.44900782600018,13.869612418000088],[100.44902346200001,13.869605008000178],[100.44903772600014,13.869597759000044],[100.44905178800008,13.86959016000003],[100.44906565900004,13.869582240000057],[100.44907933400003,13.869574006000107],[100.44909362800013,13.86956494500015],[100.44912170700007,13.869546053000022],[100.44914928600014,13.869526441000176],[100.44917639400006,13.86950623100006],[100.44920313100005,13.869485037000118],[100.44921630300007,13.86947397199998],[100.44922919900011,13.869462650000116],[100.44924173800013,13.869451023000124],[100.44925382100018,13.86943902000013],[100.44926529900005,13.86942652200014],[100.44927634599998,13.869413038000118],[100.44928665800012,13.869399002000023],[100.44929628800003,13.869384490000073],[100.44930523400006,13.869369545000154],[100.44931306800004,13.869354954000073],[100.44932031300016,13.869340050000119],[100.44932701900018,13.869324872999982],[100.44933318700015,13.869309452000039],[100.44933913000006,13.869292888000132],[100.44934976000019,13.869259238000154],[100.449378589,13.869156984000028],[100.4493928490001,13.869110369],[100.44940324700008,13.869079573000135],[100.44940883800012,13.86906430800019],[100.44941530000011,13.86904781800007],[100.449429156,13.869015184000034],[100.4494439770001,13.86898299700016],[100.44945176100003,13.868967128000179],[100.44945985700019,13.868951482000114],[100.44946836200006,13.868936150000081],[100.44947741500005,13.86892127200008],[100.44948666600015,13.868907694000029],[100.4494965780001,13.86889475800001],[100.44950719400009,13.86888260500018],[100.44951861600015,13.868871432000049],[100.44953101200008,13.868861524000124],[100.44954368900017,13.86885357500006],[100.44955719200016,13.868846783000038],[100.44957132600007,13.868840914000032],[100.4495859490001,13.868835811000054],[100.44960094300012,13.868831378000095],[100.44961622700015,13.868827568000142],[100.44963175499998,13.868824380000092],[100.44964872500015,13.868821631000117],[100.44966586500016,13.868819396],[100.44971768800008,13.868813737000153],[100.4497499580001,13.868809664000082],[100.44979817199999,13.86880233200003],[100.44983014000019,13.868796618999966],[100.44986165400013,13.86879016800009],[100.44989297,13.868782986000042],[100.44992403500004,13.868774973000143],[100.44993943600014,13.868770561000133],[100.44995597899998,13.868765396000185],[100.44997239500015,13.868759871000123],[100.45000486000004,13.868747823000035],[100.45002087700004,13.868741274000115],[100.45003678400019,13.86873431400005],[100.45005254600011,13.868727021000097],[100.45008368100008,13.868711614000176],[100.45009875900007,13.868703700000026],[100.45012861600014,13.868687325],[100.45015809000012,13.868670300000133],[100.4501726490002,13.868661513000177],[100.45018704900014,13.86865249200008],[100.45020123500007,13.86864316100008],[100.45021515500014,13.868633474000092],[100.45022882800009,13.868623445000026],[100.45025551999998,13.86860250500007],[100.450268516,13.868591589000062],[100.45028138000004,13.868580250000093],[100.45030656300008,13.868556873000045],[100.45034373200019,13.86852093300007],[100.45040503100006,13.868460439000046],[100.45042865400012,13.868436218000113],[100.45044023400004,13.86842365700005],[100.4504509800002,13.868410906000122],[100.45046043300016,13.86839777900002],[100.45046800300008,13.868384062000075],[100.45047142300018,13.868375268000023],[100.45047407400017,13.868364866000036],[100.45047539100017,13.868354201000159],[100.45047507500016,13.868339098000035],[100.45047309100016,13.868326584999977],[100.45046982200017,13.868314071000043],[100.45046548800013,13.868301600000166],[100.45046025800008,13.868289229000084],[100.4504529410001,13.868274538000037],[100.45044473200005,13.868260092000071],[100.45043580800018,13.86824594799998],[100.45042627200013,13.868232178000085],[100.45041613700005,13.868218896000087],[100.45040535800013,13.868206255000189],[100.45039382200008,13.868194473000074],[100.45038133000014,13.868183835000082],[100.45036710000016,13.868174179],[100.45035189700008,13.868165754000131],[100.45033599300018,13.868158233000088],[100.45031959700009,13.86815137400015],[100.450302852,13.86814500600019],[100.45028587000002,13.868139009000117],[100.45025145200003,13.868127887000071],[100.45021663900008,13.868117901000119],[100.45019909300004,13.868113458000039],[100.45018551900017,13.868110366000167],[100.45015820100002,13.868105009000146],[100.45014447100016,13.868102745000158],[100.45012651500008,13.868100212],[100.4501085060001,13.868098040000177],[100.45005431600003,13.868092811],[100.44990972500011,13.868081085000142],[100.44985561100003,13.86807616800013],[100.44982058699998,13.868072502000018],[100.44976811700008,13.868066440000064],[100.44969772600007,13.868057316000034],[100.44964379700014,13.868049369000175],[100.449590006,13.86804058500013],[100.44953566100003,13.868030530000112],[100.44939100900018,13.868002365000166],[100.44935475699998,13.867996022000113],[100.44931836699999,13.867990705000125],[100.44930042900012,13.867988669000113],[100.44926442700017,13.867985506000139],[100.44913794700017,13.867977456000176],[100.4491023870001,13.86797466500019],[100.4490500190002,13.867969276],[100.44901527600007,13.867964610000172],[100.44899800300016,13.867961770000079],[100.44898227000016,13.867958785000098],[100.44896660800015,13.867955465000023],[100.4489354980002,13.86794796100014],[100.44890470800016,13.867939330000013],[100.44888937100006,13.867934485000092],[100.44885907800011,13.867923813000061],[100.44884415000013,13.867917962000035],[100.44882941400016,13.867911713000126],[100.44881492100012,13.867904979000116],[100.44879885800009,13.86789671200006],[100.44878308900013,13.867887879000136],[100.44876753400018,13.867878624000127],[100.44875214400014,13.867869066000083],[100.44872174400012,13.867849273000104],[100.44869177800012,13.867828777],[100.4486635310002,13.867808556000057],[100.4486215930001,13.86777762200012],[100.448496341,13.867684177000115],[100.44844023200011,13.867643280000038],[100.44841094200018,13.867622698000105],[100.44836664800005,13.867592321000188],[100.44832203900017,13.867562416000112],[100.44829201900018,13.867542928000091],[100.4482761970001,13.867533096000159],[100.44825787600013,13.867522362000159],[100.44823868200012,13.867511728000181],[100.44821863100015,13.867501071000106],[100.44817931900008,13.867481046000137],[100.44792779800014,13.867365125000049],[100.44791888300006,13.867400043999965],[100.44790551900019,13.867447110000171],[100.44783512800012,13.867685763000111],[100.44781957200007,13.86773751200019],[100.44780307000013,13.867788954],[100.4477909950001,13.867823077000082],[100.44777835000002,13.867857014000151],[100.4477523500002,13.867924662000064],[100.44767352900016,13.868127333000018],[100.44765344500007,13.86817784700014],[100.44763282500014,13.868227470000079],[100.44758325300018,13.868341878000138],[100.44752620400016,13.868472480000094],[100.44749742200008,13.868537667000055],[100.4474827140001,13.868570125000076],[100.44746820400013,13.868601170999966],[100.44743097600008,13.868678358000068],[100.447400292,13.868739669000092],[100.4473762290001,13.868784792000156],[100.44735136700012,13.868829346000098],[100.44731767600013,13.868888470000059],[100.4472920660001,13.868932617000041],[100.44727465900019,13.868961854000077],[100.44724736200016,13.869005419000018],[100.44720951200003,13.869062913000164],[100.44716133800017,13.869134239000061],[100.44713172000019,13.869176534000076],[100.44711082300012,13.869204757000034],[100.44707770400015,13.869247100000052],[100.44693094400009,13.869428275000018],[100.446886145,13.86948429600011],[100.44685343000009,13.869526275000169],[100.44681019100011,13.869582530000116],[100.44659483000015,13.869864477000078],[100.446561831,13.86990614500013],[100.44653898400014,13.869933164000145],[100.4465270880001,13.869946251000101],[100.44651452000011,13.869959220000169],[100.44650159899999,13.869971866000128],[100.44647504600005,13.869996525000147],[100.4464343100002,13.870032703000106],[100.446324592,13.870128212000111],[100.44627004700004,13.870176300000026],[100.44621722599999,13.870224128000075],[100.44612546200005,13.870308526000144],[100.44608639400019,13.870344965000015],[100.44603498100014,13.870393914999966],[100.4458049970001,13.870615577000024],[100.44576365500006,13.870649524999976],[100.44574418500002,13.870658793000075],[100.44572405200006,13.87066919900002],[100.44570372500004,13.87068042400017],[100.44568400100002,13.870691935000139],[100.445665668,13.870703162000098],[100.44564950800009,13.870713544000068],[100.44554739300008,13.870781931000124],[100.4455034820001,13.870811018000154],[100.44545908000015,13.870839343000057],[100.44542878000016,13.870857565000165],[100.4453981960001,13.870875346000105],[100.44533667700006,13.870910372000026],[100.44522877000014,13.870971285000167],[100.44516690900008,13.87100571100018],[100.44512003000017,13.871030635000068],[100.44508763500005,13.871046695000189],[100.44505496400012,13.871062233000032],[100.44497276100014,13.871100079000144],[100.444906571,13.871129428000188],[100.44488990000013,13.871136482000054],[100.44485666600008,13.871149958000103],[100.44478972900009,13.871175831000016],[100.44458825400005,13.871251923000102],[100.44450433800006,13.871282913000186],[100.44437106400005,13.871330064000063],[100.44422098900014,13.87138274199998],[100.44415420100012,13.871405898000148],[100.444075635,13.871432089000109],[100.44404235500008,13.871442618000174],[100.44398970600008,13.871458626000049],[100.44314529400003,13.871708613000067],[100.44309240500019,13.871723836000172],[100.44304078500016,13.871737898999982],[100.44295568000018,13.8717598880001],[100.44283635800008,13.871790047000047],[100.4427680120001,13.871806622000065],[100.44269713500017,13.871822407000082],[100.4424129480002,13.871882791000075],[100.4423595930001,13.8718937270001],[100.44232393500005,13.87190060000006],[100.44228932300018,13.871906720000027],[100.44223728500015,13.871915303000094],[100.44206356000007,13.87194251000011],[100.4419949500001,13.871952370000088],[100.44192920300003,13.871960541000135],[100.44189627800006,13.871964170000126],[100.44186165700012,13.871967479000148],[100.44178900600008,13.871973141000069],[100.4414617750001,13.871995771],[100.44140722100019,13.871999134000191],[100.441370833,13.872000908000189],[100.441315874,13.872002475000045],[100.44126088400009,13.872003346000042],[100.44069254700003,13.872009642000023],[100.4406008790001,13.872010408000051],[100.44035081499999,13.872010177000163],[100.44024365400014,13.872009465000076],[100.44017117900006,13.87200771800019],[100.4400437600001,13.872003125999981],[100.43995278500012,13.871999138000035],[100.439897837,13.871995746000096],[100.43982435300018,13.871990235000112],[100.43969578900015,13.87198000900014],[100.43964072300008,13.871975366000186],[100.43960405800016,13.871971921000181],[100.43956747200014,13.871967860000098],[100.43954974400009,13.871965542000112],[100.43949668800013,13.871957592000115],[100.43933785700006,13.87193111900018],[100.43926733000018,13.87191901000017],[100.43923212300018,13.871912691000091],[100.4391970060002,13.871905937000065],[100.43914384100015,13.871894502999965],[100.43900258600013,13.871861576000185],[100.43889677700014,13.871836332000044],[100.43884406400014,13.871823168000049],[100.43879160200004,13.871809425000038],[100.43872176600013,13.871790681000107],[100.43863468600006,13.871766520000165],[100.43858203300005,13.871750970000107],[100.4385294970001,13.87173502600001],[100.43815482700006,13.871620044999986],[100.43765903400015,13.871444732000157],[100.437641397,13.871436831000153],[100.43751678100017,13.871383407000167],[100.43748538600016,13.871370304000038],[100.43745481400009,13.871357946000103],[100.43739333800016,13.87133409500018],[100.43736241200008,13.871322674],[100.43731172500009,13.87130502400015],[100.43709092500012,13.871231786000124],[100.43702311800013,13.871208903000081],[100.43697266300012,13.871191296000177],[100.43680480600017,13.87113172200003],[100.4367711340002,13.871120101000031],[100.43673733100019,13.871108887000162],[100.436687264,13.871093420000022],[100.43653632300004,13.871049182000093],[100.43648532500009,13.871033572000044],[100.43639786900013,13.87100523100014],[100.43615344400007,13.870924456000125],[100.43608340000014,13.870902024000031],[100.43604902400017,13.870891650000033],[100.43601533200001,13.870881963000045],[100.43589707100011,13.870849166000085],[100.43584652499999,13.870834724000133],[100.43581305600014,13.870824448000178],[100.43578492600017,13.870814999],[100.43575708300006,13.870804799000041],[100.43574329700016,13.87079937500016],[100.43571066600003,13.87078546500004],[100.4356783770001,13.870770734000189],[100.43558211300018,13.870725080000113],[100.43553377500007,13.870702665000124],[100.43550099300018,13.870688154999982],[100.43546805600005,13.870673980000163],[100.43538539000014,13.870639238000138],[100.43533561200007,13.870618816000047],[100.43528553800002,13.870599132],[100.43525246900003,13.870586965000143],[100.43515282700014,13.870551631000069],[100.43511986400017,13.870539323000116],[100.43508734800014,13.870526040000186],[100.43507136200009,13.870518834000109],[100.435055536,13.870511298],[100.4350242220001,13.870495495000057],[100.43497783900006,13.870470583000099],[100.43493230700005,13.870444784000028],[100.43478144200009,13.870357199000125],[100.43473589200005,13.870331442000065],[100.43468937500018,13.870306426000127],[100.43456342500008,13.870241809],[100.43451647900008,13.870217072],[100.43446874900008,13.870190436000144],[100.4344372490001,13.870172144000037],[100.43440586900016,13.870153336000044],[100.43434340100015,13.870114624000053],[100.43407900800003,13.869948359999967],[100.43401691100013,13.869909081],[100.43397066100005,13.869879268000147],[100.43389436200005,13.869828845000143],[100.43343767099998,13.869524665000029],[100.43334660400018,13.869463463000102],[100.43330218700015,13.869432351],[100.43325938400011,13.86940105399998],[100.43316026800005,13.869327009000187],[100.43307561100005,13.869263152000144],[100.4330181320002,13.86921875600018],[100.43291726800004,13.8691396050001],[100.43285995300016,13.86909400999997],[100.43283163300015,13.86907084100011],[100.43280380000004,13.869047094],[100.43276289800002,13.869010493000076],[100.43256121300016,13.868824329000176],[100.43252064600006,13.868787351000094],[100.43249331400011,13.86876300400013],[100.4324665060002,13.868739826000024],[100.43242588700014,13.868705496000189],[100.43223506100014,13.86854667199998],[100.432180974,13.868500850000146],[100.43215444700007,13.868477417000065],[100.43214144400014,13.86846543400003],[100.43212843700002,13.868452995000155],[100.43210296300003,13.868427562000079],[100.43205304800011,13.868375651000179],[100.43191693900013,13.86823169700017],[100.43186777800003,13.86817908100005],[100.43184359600019,13.868152442000053],[100.43182018000005,13.868125497000051],[100.43179752100019,13.868098253000142],[100.43170870200004,13.86798777600012],[100.43167510500018,13.867946599],[100.43165217000018,13.867919619000077],[100.43162809900019,13.867893102000096],[100.43160287500007,13.867867070999978],[100.43157716800016,13.8678414580001],[100.43140785300011,13.867676898000184],[100.43136897200014,13.867638739000085],[100.43133110800005,13.867600999],[100.431218075,13.867487242000095],[100.43116806600005,13.86743648800018],[100.4311311580002,13.867397924000159],[100.43110732500008,13.867371573000014],[100.43108466299998,13.86734459100012],[100.43106266800004,13.867317054000068],[100.43099811100012,13.86723326900011],[100.43082704200009,13.867008954000141],[100.43079609300008,13.866967354000053],[100.43074710900015,13.866900345000147],[100.43071569900019,13.866858318000084],[100.43065022100012,13.866772906000165],[100.43045276900011,13.866517373000079],[100.43042045600004,13.866474384000128],[100.4303996220001,13.866445263000116],[100.43038185800003,13.866418791000058],[100.43035625900012,13.866378411000085],[100.43033161100004,13.866337451999982],[100.4303143140001,13.866307265999978],[100.43028056400016,13.866246410000088],[100.43018873500012,13.86607852600008],[100.43016402400013,13.866032587000063],[100.43014014200008,13.865986254000063],[100.4301251670002,13.865955145999976],[100.43011068000015,13.86592380900015],[100.43004695800005,13.86578209300012],[100.43002519200019,13.86573509699997],[100.43000165300009,13.865687324000021],[100.42994386300012,13.865575309000064],[100.42992031200004,13.865527659000065],[100.42988266900005,13.865448254000171],[100.4297635750001,13.865193518000012],[100.42972610800012,13.865114026000015],[100.42967955500012,13.865017222000176],[100.42954688700013,13.864743293000174],[100.42946958600004,13.864585357000067],[100.42943052400017,13.864506778000077],[100.4293808650001,13.864410259000124],[100.42928865600015,13.864233726],[100.42927234600006,13.864201473000094],[100.429256882,13.864168971000083],[100.42924973100008,13.864152552000064],[100.42924317600011,13.864135962000091],[100.42923770800002,13.86412009300011],[100.42923298900007,13.864104048000115],[100.42922909200001,13.864087840000025],[100.42922631200014,13.864072778000036],[100.42922431300008,13.864057622000189],[100.4292231280001,13.864042401000063],[100.42922273200003,13.86402610100015],[100.42922290200005,13.863993386],[100.429222578,13.863977487000056],[100.42922169000013,13.863961591000134],[100.42922011700011,13.863945736000176],[100.42921747100007,13.863928314000134],[100.42921401600006,13.863910978000149],[100.42920993200005,13.863893718000156],[100.42920533900013,13.863876538000113],[100.42920029900006,13.863859442000148],[100.42919484200007,13.863842439000052],[100.42918895200012,13.863825556000165],[100.42918307900004,13.863810006000108],[100.42917046500008,13.863779187000148],[100.42915032899998,13.863733365000087],[100.42912938200016,13.863687869000046],[100.4291074840001,13.86364282600016],[100.42909069500007,13.863610771000083],[100.42907325500005,13.863579049000123],[100.42904605700011,13.863532034000059],[100.42901777200012,13.863486341999987],[100.42897908100002,13.863425984000173],[100.42891086400016,13.863320669000075],[100.42888139900015,13.863275688000158],[100.42886145900007,13.863245888000165],[100.42882324400006,13.863190812000084],[100.42875709400005,13.863098040000011],[100.42870252200015,13.86301818700008],[100.42855912100009,13.86309541800017],[100.42847453500002,13.863140974000032],[100.42842334000017,13.86316303100017],[100.42835945700011,13.863185429000055],[100.42827472800013,13.863206669000022],[100.42820574100017,13.863228112000115],[100.42817222800016,13.863237492],[100.42813882300015,13.863247228000091],[100.42808814900008,13.863263031000088],[100.42791992900015,13.863317767000183],[100.42788611900005,13.863327871000138],[100.42781755100003,13.863343467000163],[100.42776498600006,13.863349717000176],[100.42772968900005,13.863352644000145],[100.42769430600003,13.86335514200016],[100.42751709200013,13.863366368000186],[100.42744621900005,13.863371401000165],[100.42741330000007,13.863374287000056],[100.42734775300005,13.863381829000161],[100.42733148500014,13.863384337000184],[100.42729060900012,13.863392544000078],[100.4272611250002,13.863400539999986],[100.42724524300013,13.863405604000093],[100.42719834900015,13.863423021000187],[100.42718300200005,13.863429520000068],[100.42716784300012,13.863436424000156],[100.42715523300012,13.863442608000128],[100.42713048700006,13.863455878000138],[100.42711835900008,13.863462945000094],[100.42710369400004,13.86347200300014],[100.42708923499998,13.863481398000147],[100.42707494900009,13.86349105000005],[100.42704679100007,13.863510956000084],[100.42701921200018,13.863531578],[100.42700570400012,13.863542205999977],[100.4269924620001,13.86355311300008],[100.42697955900019,13.863564384000085],[100.42696691900017,13.863576227000067],[100.42695462800015,13.863588434000121],[100.426930717,13.863613555000143],[100.42684922100005,13.863703820000069],[100.42681429300018,13.863741434000133],[100.42676719400009,13.863790365],[100.42673126200015,13.863826460999974],[100.42670678100018,13.863849990000062],[100.42662779000011,13.863920836999966],[100.42660048600015,13.863944214000071],[100.42658656600008,13.863955550000071],[100.42657236200012,13.863966516000119],[100.42655983400016,13.86397557500004],[100.42654705500007,13.86398428200016],[100.42653403700007,13.863992656000164],[100.42652078700002,13.86400068800009],[100.42650581300006,13.864009187000022],[100.4264906200001,13.864017348000061],[100.42645980000003,13.864032985],[100.42639733700014,13.864062954000076],[100.4263187840001,13.864099611000029],[100.42629389100011,13.864110902000164],[100.42616034200017,13.864171487000135],[100.42611136900007,13.864195569000174],[100.42608317100007,13.864210323000123],[100.42605406200005,13.864227456000037],[100.42601132100015,13.864254575000075],[100.42598357000008,13.86427358900005],[100.4259568710001,13.86429375800003],[100.42594415500014,13.864304517000107],[100.42592138200007,13.864326674999973],[100.42591066099999,13.86433840300009],[100.42590035000012,13.864350504000072],[100.42589046100011,13.864362959000118],[100.42587975300012,13.864377539000088],[100.42586951000004,13.864392473000123],[100.42585963800013,13.86440768600005],[100.42585008700013,13.864423113000157],[100.42583189500004,13.864454537000086],[100.42582330500005,13.864470528000084],[100.4258153740002,13.864486154000133],[100.42578493100007,13.864549175000093],[100.42577702200003,13.86456468800003],[100.42575384800011,13.864603698000053],[100.42573690800009,13.864625853000064],[100.42572550500012,13.864638675000037],[100.42571341300004,13.86465088100016],[100.42570063200014,13.864662408000129],[100.42568691800005,13.86467337199997],[100.42567262700004,13.864683724000145],[100.42565792100004,13.864693636000084],[100.42562772700006,13.864712610000026],[100.42559696400008,13.864730963000056],[100.42548851900006,13.864794416000052],[100.425457865,13.864813035000054],[100.42542832200013,13.864831887000037],[100.4253857810001,13.864860651000129],[100.42535776900007,13.864880281000126],[100.425330084,13.864900261],[100.42530298000008,13.864920785000095],[100.42528979600007,13.864931375000083],[100.42527697900016,13.864942293000126],[100.42526467400012,13.864953660000083],[100.42525305200002,13.864965619000088],[100.42524328200011,13.864977048000071],[100.4252341400001,13.864989011000091],[100.42521745500005,13.865014206000126],[100.42520127400019,13.8650432],[100.42517142600002,13.865103035000118],[100.4251560260002,13.865132626000161],[100.42514779200002,13.865147020000109],[100.42513826200013,13.865162162000104],[100.42512810400018,13.865176726000072],[100.4251173040002,13.86519058700003],[100.42509339900005,13.86521534600007],[100.42507991200011,13.865225544],[100.4250651170002,13.865233825000075],[100.42503264499999,13.865245706999985],[100.425015471,13.865249820000088],[100.42499788700013,13.865252843000064],[100.42498001000018,13.865254750000133],[100.42496333200006,13.865255448000028],[100.42492849500007,13.865254232000098],[100.42491041100004,13.865252638000129],[100.42487363400011,13.865246484000124],[100.42483801700007,13.86524570600011],[100.42480437400002,13.865245332000029],[100.42476885600013,13.865248463000057],[100.42475120000006,13.865251065999985],[100.42473363600004,13.865254232000098],[100.4246988970001,13.865262195000128],[100.42468181900011,13.865267104000054],[100.42466502400003,13.865272811000125],[100.4246481620001,13.865279616000066],[100.42461525600004,13.865295356000104],[100.42458304500013,13.86531280000014],[100.42452014700007,13.865350504000048],[100.42448992500005,13.865370988000166],[100.4244553870002,13.865398367000182],[100.42443403500005,13.865418381999973],[100.42440994000009,13.865445198999964],[100.4243985110001,13.86545920900005],[100.4243700290001,13.865493490000176],[100.42434243200017,13.865530279000097],[100.42431829500003,13.865557004999971],[100.42429261000018,13.865580382000076],[100.42426492599998,13.865601452000021],[100.42425041300015,13.86561106900001],[100.42421981900009,13.865628255000047],[100.42420390000012,13.865635742000052],[100.42418824300012,13.865642188000038],[100.42417228600016,13.865647989000081],[100.4241225780001,13.865662218000068],[100.42408798800011,13.86566967300007],[100.424022702,13.865683735000175],[100.42398324300007,13.865689180000174],[100.4239312590002,13.865700439000136],[100.42386838700014,13.865719616000035],[100.4238218710002,13.865737717],[100.42376200400014,13.86576629200016],[100.4237334560001,13.865783819000114],[100.42369294899999,13.865813180000146],[100.42366787600014,13.865834465000034],[100.42365626900016,13.865845741999976],[100.42363606300012,13.86587016700014],[100.42362737200017,13.865884938000022],[100.42362035300005,13.865900568000086],[100.42361490100012,13.865916858],[100.42361106200008,13.86593366600016],[100.4236089640001,13.865950745000077],[100.42360948200013,13.865984903000026],[100.42361154200012,13.86600180400012],[100.42361767100016,13.866035812000064],[100.42363182200017,13.86610261300001],[100.423637225,13.866133629000103],[100.4236405910001,13.866164456999968],[100.42364023900006,13.866196265000156],[100.42363799700007,13.866212468000128],[100.4236341830001,13.866228155000101],[100.42362833400006,13.866243828000052],[100.42361146000013,13.866272152000079],[100.42360045400011,13.866284248000056],[100.42357917700019,13.866299861000186],[100.4235672050001,13.866306015000134],[100.42353834200009,13.866315764000149],[100.42352151000011,13.866319189000023],[100.42350423300019,13.86632169000012],[100.42348665100019,13.866323537000028],[100.42346887200006,13.86632491],[100.42343299900017,13.866326728],[100.42337895500015,13.866328005000184],[100.42335198000012,13.866327968000121],[100.42334296900003,13.86632795700018],[100.42327289700006,13.86632647500005],[100.42322908699998,13.866327069000135],[100.423194949,13.866329663000158],[100.42316096800016,13.866333861000157],[100.4231125300002,13.866342599000177],[100.42306433200014,13.866353415000162],[100.423014589,13.86636651800012],[100.42297918500009,13.866376989000173],[100.42294378800011,13.866387902000099],[100.4229037990001,13.86640065000006],[100.42287346900008,13.866410321999979],[100.42283963,13.866421909000167],[100.422808557,13.866434185000116],[100.42279495500014,13.86644079500013],[100.42278339200016,13.866447918000063],[100.42277453100007,13.866456010000036],[100.42276986500019,13.86646454300012],[100.42276979100018,13.866474388000142],[100.42277353400004,13.866485182000133],[100.42278007600004,13.866496674000018],[100.42278863800004,13.866508665000026],[100.42279863599998,13.866521014000114],[100.4228096400002,13.866533605000143],[100.42282132899999,13.86654636000003],[100.42282504400004,13.86655023000003],[100.42285856000018,13.866585136000083],[100.42294799300004,13.866676431000087],[100.4229729270001,13.866702871000143],[100.42298502700004,13.866716270000097],[100.42299673100013,13.866729852000162],[100.42300784800005,13.866743676000056],[100.42301813500012,13.866757836000147],[100.42302738000012,13.866772575000027],[100.42303517500011,13.866787730000112],[100.42304128500007,13.866803487000084],[100.42304542000016,13.866819412999973],[100.42304731200016,13.866835280000146],[100.42304692800013,13.866848200000163],[100.42304475600014,13.866860687000042],[100.42303482300008,13.866883398000027],[100.42302676800006,13.866893109000046],[100.42301693000013,13.86690166800014],[100.42300587200009,13.866908313000067],[100.42299602700007,13.866914232000113],[100.42296939300019,13.86692468299998],[100.42295225200007,13.866929804000165],[100.42289950500009,13.86694339900015],[100.4228823630001,13.866948268000101],[100.42286592300013,13.866953805000094],[100.42285056300011,13.866960380000023],[100.42283731800018,13.866967978000105],[100.42282586800013,13.866976999000087],[100.42281673600007,13.866987592000157],[100.42281077700005,13.866998863000106],[100.42280693400016,13.86701131500007],[100.42280492400016,13.867024642],[100.42280454900003,13.867039785000088],[100.42280554000001,13.867054233999966],[100.42280677300005,13.86705699300012],[100.4228107400001,13.86708771300016],[100.42281432800007,13.867104095000116],[100.42282298400005,13.86713697100015],[100.42282799300006,13.867153353999981],[100.42283367500016,13.867170265000084],[100.42284604600019,13.867203816000085],[100.4228781020002,13.867282333000105],[100.42298593300012,13.86756109800018],[100.42306718200018,13.867831379000052],[100.42309494300008,13.867979314000138],[100.42309553700017,13.86798647900008],[100.42309622100004,13.868003044000147],[100.42309605600008,13.868036072000052],[100.423095032,13.86805247500007],[100.42309316500013,13.86806875800005],[100.42308727800008,13.868097821999982],[100.42308324300018,13.868112110000084],[100.42307851800007,13.86812620400002],[100.42306640800012,13.868154609000158],[100.42305900600007,13.86816887100008],[100.42305098600008,13.868182861000037],[100.4230206900001,13.86821334700005],[100.42298438699999,13.86825334200006],[100.4229564270002,13.868291253999985],[100.42294404400013,13.86831581000007],[100.42293377800019,13.86834443500004],[100.42291348800006,13.868408291000037],[100.42290515900004,13.868421610000155],[100.42289632299997,13.868434538000145],[100.42288689200018,13.86844697700019],[100.42287672600008,13.868458774000032],[100.42286480800016,13.868470672000115],[100.42285206600013,13.868481819000067],[100.422838705,13.868492365000066],[100.42282485600003,13.868502412000055],[100.42281061000011,13.86851200000018],[100.42279601500007,13.868521115000135],[100.42278109200015,13.868529717000115],[100.42276581500005,13.86853768900005],[100.4227515460002,13.868544312000154],[100.42273700100014,13.868550345000017],[100.42272222600008,13.868555814000047],[100.42270723500019,13.868560705],[100.42269204100018,13.868564956000114],[100.4226763530001,13.868568573000118],[100.42266050400013,13.868571599],[100.4226445270001,13.868574164000165],[100.42262846400013,13.868576373000053],[100.4225961590002,13.868579950000083],[100.4225638010002,13.868582620000154],[100.42251531599999,13.868585822000057],[100.42248303999997,13.868588274000047],[100.42244838400018,13.868591788000174],[100.42239655500003,13.868598295000083],[100.42234490400011,13.868605836000086],[100.42231063200012,13.868611600000065],[100.42229357700006,13.868614831000059],[100.42227660200012,13.868618405000177],[100.42222714200017,13.868631041000128],[100.42219446600012,13.868640610000114],[100.42216199299997,13.868650818999981],[100.42212978700019,13.86866174100004],[100.42211383500012,13.868667569000138],[100.42209802800011,13.868673745000137],[100.4220824360001,13.868680303000133],[100.42202112500007,13.868709067000054],[100.42194520400011,13.868746769000154],[100.42191469200003,13.8687615770001],[100.42188312100018,13.86877632400018],[100.42183544900013,13.868797808000181],[100.4217875110001,13.868818688000147],[100.42173909500019,13.868838621000066],[100.42170639900013,13.86885112800013],[100.421689953,13.868857112000114],[100.42165681,13.868868365000083],[100.42162275000004,13.868878602000109],[100.42158841700012,13.868888040000172],[100.42153669100014,13.868901497000138],[100.42139826600015,13.86893553100009],[100.42124217700007,13.868971571000088],[100.4211040850002,13.86900540400012],[100.42103940400011,13.869021717000123],[100.42095031400004,13.869046825999988],[100.4208814120002,13.869062043000099],[100.42084527100013,13.869067197000163],[100.42083285900014,13.86906856600001],[100.42082709400012,13.869069206000063],[100.42079062800013,13.869072559000074],[100.42073577800005,13.869076773000074],[100.42046125100012,13.869096262000028],[100.4203698180001,13.86910347700018],[100.42033343100002,13.86910690200017],[100.42029721300008,13.869110706000129],[100.42009805200018,13.869131980000134],[100.42006123000016,13.869134657000075],[100.42002436900003,13.869136869000101],[100.41982148800003,13.869147479000048],[100.41975104300019,13.869152273000111],[100.41962974799998,13.869161849000022],[100.41954316800013,13.869169312],[100.41949133600008,13.869174562000069],[100.41933615600004,13.869192701000088],[100.41931326600007,13.869195731000161],[100.41926675500008,13.869201886000042],[100.41925412100011,13.869203771000116],[100.41910471500017,13.869218943000135],[100.41917450400018,13.869296421000115],[100.41921809000002,13.869338503000051],[100.41931047100013,13.86942769400008],[100.41951251300014,13.86959583200013],[100.41955102800006,13.869659946000127],[100.4196877780002,13.86991989000012],[100.41973330600001,13.86999750900003],[100.41983777400014,13.870078170000056],[100.41999763100017,13.870148352],[100.42013819400012,13.870200920000116],[100.4202023270002,13.870206809000138],[100.42028112800006,13.870237077000183],[100.42028884800015,13.87024433200014],[100.42030363500004,13.870397052000158],[100.42034438500008,13.870817899000087],[100.42030566400013,13.871107761000076],[100.4202749000001,13.871234683000125],[100.42013749800009,13.871801568000024],[100.42060284700011,13.871871592000105],[100.42131271600016,13.87194209300003],[100.42115587500007,13.872959392000098],[100.42028876300009,13.872916940000096],[100.42026605200004,13.873178267000128],[100.42024040400008,13.87322895799997],[100.42009407200004,13.873210502000063],[100.41993101400004,13.873194391000084],[100.41961664400014,13.873179158000141],[100.41943048100012,13.873191611000038],[100.41937820700008,13.873208973000033],[100.41929180900019,13.87335731200011],[100.41918406900015,13.873824195000111],[100.41918448400008,13.873892426000168],[100.41919075300018,13.873966308999968],[100.41952514300016,13.874402196000062],[100.41957211600004,13.87447015600003],[100.41957246200008,13.874527015000183],[100.41950590200003,13.87466686700003],[100.41904481500018,13.875543157000095],[100.41884800000014,13.875841734000176],[100.41864509100014,13.876232004000144],[100.41910009100013,13.876560489000042],[100.41970805500017,13.8769671],[100.41968856700015,13.876973704000022],[100.4180518450001,13.877383572000042],[100.4181226680002,13.877646919000028],[100.41765851400015,13.877756990000023],[100.41758160300009,13.877780401999985],[100.41743174300012,13.87783607200015],[100.41740823100014,13.877841971],[100.41680398800014,13.878047889000186],[100.4161130870001,13.878244001999974],[100.41540061300009,13.87856061499997],[100.41489940200012,13.878794493000157],[100.41479873700007,13.878540415000089],[100.41328187800002,13.879236311000113],[100.413267711,13.879207055000165],[100.413240842,13.879151562000118],[100.41235844600004,13.879524435000121],[100.41235277900017,13.879554272000064],[100.41226434500015,13.879881227000169],[100.41214760400015,13.880077763000088],[100.41214904700018,13.880155658000035],[100.41220095500006,13.880565274000048],[100.41220969800014,13.880711164],[100.41227722200006,13.880825989000186],[100.41063462900013,13.881572848000076],[100.41036790900006,13.88167039700005],[100.4102961480001,13.882154712000101],[100.40946109700019,13.882109558000082],[100.40800788700005,13.882767579000074],[100.40779417900012,13.882478898999977],[100.40699220800008,13.882743277000031],[100.40696621600006,13.882753167000146],[100.40696214600013,13.882742623000127],[100.40695306600009,13.882719100000088],[100.40599774900016,13.883059644000184],[100.40602686600016,13.88313832900019],[100.40604921500017,13.883198735000065],[100.4059802750001,13.88322004500003],[100.40582828800007,13.883267039000032],[100.40536013900015,13.883411777000106],[100.40501297600014,13.883525765000115],[100.40499300800008,13.88355487900003],[100.40496316100018,13.88368983700019],[100.40492881900019,13.883927163000124],[100.40489442100017,13.884154505000083],[100.40488756700012,13.884289330000115],[100.40484685400003,13.884317022000118],[100.40471162700015,13.884347752000167],[100.40430313100012,13.88439752700009],[100.40403507500014,13.88443401],[100.40385895500009,13.884472600000038],[100.40360036600015,13.884547836000024],[100.40326197900009,13.884659231000114],[100.40308848500013,13.884735117000162],[100.40288265100014,13.88482655100006],[100.40264743300008,13.884934474000033],[100.40229473400012,13.885117965000063],[100.40203010000005,13.885237578000101],[100.40177425900009,13.885348499000088],[100.40165667600007,13.885406783000121],[100.4014594040001,13.88545111999997],[100.40120325100014,13.885510194000062],[100.40100890900004,13.885551634000137],[100.40080286100005,13.885607542000116],[100.4006794,13.885668739000153],[100.40052950600005,13.885747366000146],[100.40040016300009,13.885811476000129],[100.40027121399999,13.885941834999983],[100.39983764100009,13.886405180000054],[100.39959756200005,13.886685950000185],[100.39944797800013,13.886816422000152],[100.39931863400005,13.886880535000046],[100.39919215100014,13.886930223000036],[100.3989446870001,13.886963324000021],[100.39876491000007,13.886975875000132],[100.39855861800004,13.88699146100015],[100.39843780799998,13.887003673000095],[100.39830532300016,13.887036116000047],[100.3981258440001,13.88709762700006],[100.39797570600012,13.887135933000025],[100.3977960850001,13.887174408000078],[100.39761370600002,13.887244578000036],[100.39741975800013,13.88735226100016],[100.3972258280001,13.887462827000093],[100.39713491200001,13.887543994000112],[100.3970705500002,13.887627894000161],[100.39695166800016,13.887715467000191],[100.39685403400006,13.887823557000104],[100.39676426400007,13.887931607000155],[100.39672927700013,13.887997096000163],[100.39670226500004,13.888081740000018],[100.3966601260002,13.88826632700011],[100.39651944300016,13.88906211300008],[100.39647403900017,13.889358092000123],[100.3964864290001,13.889457874000016],[100.39665457500018,13.889963858000158],[100.39683491700015,13.890462934000084],[100.39704704700011,13.891174613000032],[100.39660341500019,13.891500034000046],[100.39623105800001,13.891845211000145],[100.39604498900019,13.892020044000105],[100.39592632900013,13.892128630000059],[100.39576978100013,13.892265304000148],[100.39571239600008,13.89231815800008],[100.39567445000017,13.892353108000123],[100.3956455340001,13.892363298000078],[100.39500418600011,13.892508236000026],[100.39502693800006,13.89256906900016],[100.3950866290001,13.892728649000048],[100.39500739700014,13.892771069000162],[100.3941506910001,13.89322971700011],[100.39413166200006,13.893195091000052],[100.39404075800019,13.893029695000052],[100.39377448200014,13.893129920000092],[100.39295075400003,13.893384820000051],[100.39143302800005,13.894222770000113],[100.39070214800017,13.894672401000093],[100.38943180900014,13.895338896999988],[100.38938412800019,13.89535583900016],[100.38896414200008,13.895324885999969],[100.38826437700016,13.895308861],[100.388109128,13.895317417000172],[100.38454301500008,13.895811386000105],[100.37958777500006,13.896769027],[100.37835241800008,13.897117182000159],[100.3779821330001,13.897270656000046],[100.37714886600014,13.897841183000082],[100.37690704100015,13.898097070000063],[100.3761585420001,13.899219715000129],[100.37534893700018,13.900363544000186],[100.37501534300014,13.90104971500017],[100.37428525600018,13.902990408999983],[100.37334827600012,13.906881874000021],[100.37317870400011,13.907474534000187],[100.37306097100009,13.91017962],[100.37324671600004,13.911290256000086],[100.37194322600004,13.911599960000103],[100.37016726000019,13.911534824000057],[100.36922835900003,13.911484285000029],[100.36916138300018,13.910314006000135],[100.36907108800006,13.908736188000148],[100.3688177040001,13.908235112000057],[100.36879631800008,13.906866661000095],[100.368297686,13.90528404000014],[100.36754266100019,13.902618253000128],[100.36693451700012,13.900732079000022],[100.3636342370001,13.889934117999985],[100.36355735200004,13.889224014000035],[100.36362613300014,13.888548624000123],[100.36380255100016,13.887623948000169],[100.36415559600016,13.88581011700012],[100.36432191400007,13.884475470000098],[100.36430130000014,13.88364452900015],[100.36413702600004,13.882491199000128],[100.36389341700004,13.881433442000116],[100.36384422700007,13.881183110000165],[100.36380185600018,13.881078444000025],[100.36294221600014,13.880346387000145],[100.36220992000011,13.879085981000117],[100.36207188700013,13.878801747000011],[100.36199166100005,13.878713196999968],[100.36188702100014,13.878636418000099],[100.35748631500013,13.878569910000124],[100.35736747200019,13.878580577000037],[100.35733207300018,13.878599336000093],[100.35717486500016,13.878774118000138],[100.356907175,13.87926260200004],[100.35601448800014,13.88143857000017],[100.35583110400006,13.881797009000081],[100.35567290100005,13.882019195000169],[100.35554246599997,13.882202383000049],[100.35539560400008,13.88229524999997],[100.35520945900004,13.882356221000123],[100.3511501910001,13.88283541300018],[100.3417628900001,13.883369329000118],[100.34179570100008,13.884533747000035],[100.34176809500008,13.886306989],[100.341737297,13.887526156999968],[100.34163066600019,13.888708806000068],[100.34144761300007,13.889636273000121],[100.3414109270002,13.889987387000076],[100.34129881000007,13.890167634000136],[100.34075417100007,13.89109922700004],[100.34001079400008,13.892466260000106],[100.33990414300007,13.893010469999979],[100.33912700300004,13.894369003000065],[100.33892429900015,13.894634918000122],[100.33884049900018,13.894836945],[100.33860704400013,13.895522243000073],[100.3364569310001,13.901650929000027],[100.33462277400014,13.906293436000169],[100.33314901400007,13.910551179000095],[100.33268840500006,13.911881863000076],[100.33187086200019,13.91439821],[100.331394488,13.917060454000023],[100.33102436300004,13.918466175000049],[100.330621704,13.920795556000144],[100.3305507450001,13.921530104000169],[100.33063995900005,13.921601846000101],[100.33161455600009,13.922385592000069],[100.33229503600012,13.922969316000092],[100.33249201300015,13.923137945000065],[100.33264407500013,13.923241552000036],[100.33286424900007,13.923360076000051],[100.3329881590002,13.923426776999975],[100.33311344000015,13.923521824000147],[100.33325686500018,13.923673339000118],[100.3333735870001,13.923829353000087],[100.33364667400019,13.924062836000132],[100.33486851200007,13.925048273000016],[100.3360951360001,13.92609024300009],[100.33706660200005,13.926916035000033],[100.3378769740001,13.927616515000068],[100.33912114000003,13.928749918000165],[100.33917255400019,13.928800222000064],[100.33923619300003,13.928864760000067],[100.34003174200006,13.929684025000086],[100.34010784100002,13.929761724000059],[100.34013360100005,13.929787237000085],[100.34017280799998,13.929824637000024],[100.3403585010002,13.929996493000033],[100.34039797500009,13.93003363300005],[100.34042397800016,13.93005865200007],[100.3404884320002,13.930121739000072],[100.34084838600012,13.930476037000062],[100.34088684300019,13.930514100000096],[100.34092493600008,13.930552490000082],[100.34096234500004,13.930591856000149],[100.34101133500019,13.930645387000027],[100.34165603500009,13.931358724000177],[100.34171668800019,13.931426162000093],[100.34176356600017,13.931479257000149],[100.34184425100017,13.931572013000164],[100.34188989000012,13.931625391000125],[100.34192479300009,13.931667356000162],[100.34340929299998,13.93348498000006],[100.3434671920001,13.933555154000032],[100.34356566500014,13.933671694000054],[100.34360858400004,13.933723491000023],[100.34362910300007,13.933749146000082],[100.34370465000018,13.933854206000092],[100.34381728400007,13.93401085000005],[100.34402544900018,13.934256928000025],[100.34416342600014,13.93439393300008],[100.34432276600018,13.934549691000143],[100.34436207900012,13.93459563200014],[100.34444049600012,13.934687251000184],[100.34478306100016,13.935087515000077],[100.3447857540001,13.935090655000124],[100.34528171200009,13.935716505000073],[100.34536561600015,13.93582848300008],[100.34539749600009,13.935871662000011],[100.34541866500018,13.935900857000036],[100.34553386900012,13.936062281999966],[100.34556554000017,13.936106126000084],[100.34558700400015,13.93613510200015],[100.34561866900003,13.936176244000023],[100.34568328800015,13.936257589000093],[100.34571601700009,13.93629793800011],[100.3457391730002,13.936325946000125],[100.34606685700015,13.9367153070001],[100.34610174700003,13.936757190000094],[100.346136065,13.93679941500011],[100.34620293800015,13.936884815000099],[100.34667925800011,13.937499108000054],[100.34708138600018,13.93800824400006],[100.34714806400018,13.938093351000077],[100.34721341800008,13.938179166000168],[100.34759249100006,13.938681355000085],[100.34765771600007,13.938767265000081],[100.34773526000009,13.938867467000023],[100.34825756800012,13.939539054000079],[100.34831284100017,13.939610714000139],[100.34834553300004,13.939654141000062],[100.34837789300008,13.939697859000148],[100.34878573000015,13.940253094000184],[100.34885052000016,13.940340480000089],[100.34891661100005,13.940426996000156],[100.34921585200004,13.940814998000121],[100.34926082200019,13.940871953000112],[100.34930657000007,13.940928185000132],[100.34972110900014,13.9414321430001],[100.34979001400012,13.941514534000078],[100.34998470400006,13.941743464000012],[100.35004168500006,13.941811091000034],[100.3500982020002,13.941879358000051],[100.35014314199998,13.941934193000066],[100.35017644800007,13.941975618000072],[100.35019889300008,13.942004349],[100.3502431600001,13.942062274000136],[100.35027592400013,13.942106012000181],[100.35029735500007,13.942135431000054],[100.3503180850002,13.942165274000104],[100.35032800700009,13.94218046900005],[100.35033076900015,13.942185046000134],[100.35044744100003,13.942350153000064],[100.35056201300011,13.942512288000046],[100.35059166500008,13.942551586000093],[100.35069506600018,13.942692255000111],[100.35073831900013,13.942749187],[100.35120335500005,13.94334617100003],[100.35125849200011,13.943417406000151],[100.35129139300005,13.943460759000118],[100.3513349980002,13.943519086000038],[100.35186738600004,13.944234834000099],[100.35190013200008,13.944278545000088],[100.35193321900005,13.944321979000108],[100.35200039200004,13.944408008000039],[100.35300086500013,13.945681127000114],[100.35421434900013,13.947253132000071],[100.35623821600018,13.949894720000145],[100.35000773700006,13.95387480100004],[100.35086982000007,13.95530712100009],[100.35093582800005,13.955415860000073],[100.35099365000019,13.95550795700018],[100.35144011400018,13.956212188999984],[100.3515078640001,13.95631946800006],[100.35218588600009,13.957412849000036],[100.35285718000006,13.958477324000114],[100.35290495900017,13.958553457999983],[100.35293324900005,13.95859921400006],[100.35343651900007,13.959425221000117],[100.35431308300014,13.960845168000105],[100.35436997700003,13.960937934000128],[100.35439787400014,13.960984559000167],[100.3544254110002,13.961031354000056],[100.3547449140001,13.961578305999979],[100.35479998900013,13.961671900000113],[100.35485529900006,13.96176372500014],[100.35497645600003,13.96193755400003],[100.35507797000008,13.962651925999978],[100.35508153500012,13.962702863000061],[100.35508585600007,13.96275241800015],[100.35522252300007,13.964086401000145],[100.35523775200016,13.964245926999979],[100.35525041900007,13.964387532000103],[100.35525427100004,13.964439191000167],[100.35525862500003,13.964507119000132],[100.3552625260001,13.96457507600013],[100.35526500300006,13.964626811000073],[100.35526820200005,13.96471555000005],[100.35527956200008,13.965070587000184],[100.35528175700017,13.965123814000094],[100.35528489799998,13.965176666],[100.3552890790001,13.965229290000082],[100.35529610900011,13.965300444000093],[100.35535576200016,13.965851465000128],[100.35536471500012,13.965940385000067],[100.35536758000006,13.96597600300015],[100.35536965800009,13.966011735000109],[100.35537184600008,13.966065395999976],[100.35537580500016,13.966190684000082],[100.35537782600005,13.966244346000053],[100.3553797290001,13.966280065000092],[100.3553825940001,13.966315693000183],[100.35538678700016,13.966350459000068],[100.35539191400017,13.966385134000177],[100.35540041900003,13.966437066000026],[100.35541806700007,13.966540870000074],[100.35542647500006,13.966592829000035],[100.35543153300011,13.966627541000037],[100.35543802500013,13.966681083000026],[100.35544729900005,13.966770521000171],[100.35554545400004,13.967754834000175],[100.35555232000007,13.967826445000128],[100.35556007700012,13.967915963000053],[100.35556721900019,13.968005521],[100.3555708510001,13.96805912900004],[100.35557558300013,13.968147977000115],[100.35559613300006,13.968574594000131],[100.35559917000006,13.9686278800001],[100.35560325000006,13.968681160000074],[100.35560674400017,13.968716712000173],[100.35561254400011,13.968770001000053],[100.35569368500018,13.969480178000083],[100.35570162600004,13.969551213000045],[100.35570723300003,13.969604544000106],[100.35571580200013,13.969693565000057],[100.35579232400005,13.970512768999981],[100.35580143300018,13.970602262000057],[100.35584500400017,13.971014359000094],[100.35585603100009,13.971121613000093],[100.35597132900006,13.972295664000171],[100.35597808600016,13.972366837000095],[100.35598263300011,13.972420133000071],[100.35598906100006,13.972508628000014],[100.35602536500005,13.973039787000175],[100.35602951900006,13.973110636000115],[100.35603088500017,13.973142412000072],[100.35603237700013,13.973190102000103],[100.35603328400009,13.973241492999989],[100.35603374800013,13.973294739000153],[100.35603744600007,13.973969216000057],[100.35603854800019,13.974039598000047],[100.35604352700017,13.974211018],[100.35604487600017,13.974280956000143],[100.35604761000002,13.97469098400012],[100.356048375,13.974744274000102],[100.35605078300006,13.97485192400012],[100.35605169700011,13.97492030899997],[100.35605172900011,13.974961336000092],[100.35605106400016,13.975011523999967],[100.35605223100015,13.975162522000062],[100.35605212100018,13.975217263000047],[100.3560515590001,13.975251798000158],[100.35605005500014,13.975303970000027],[100.35604758800002,13.975373531],[100.3560398210002,13.975582204000148],[100.35603624800018,13.975669136000022],[100.356033459,13.975722554000015],[100.35602909100004,13.97579461200013],[100.35594230600003,13.977163477000147],[100.35593702400013,13.977253543000131],[100.3559324740001,13.977343590000032],[100.35587575700015,13.97851435299998],[100.35587076600018,13.978622433000055],[100.3558670180002,13.97873012700012],[100.35585168000017,13.979250342000057],[100.35584811700016,13.979357952999976],[100.35580049200018,13.980487254000082],[100.3557947700001,13.980612707999967],[100.35578848000011,13.980720171000087],[100.35575720700007,13.981221565000169],[100.35575132500014,13.98131105900012],[100.35574601600013,13.981383050000147],[100.35573872300017,13.981498650000105],[100.35573592100008,13.981532362000053],[100.35573247000008,13.981566759000145],[100.35571481100015,13.981721393000157],[100.35570935500004,13.981772972000044],[100.35570634000004,13.981807440000068],[100.35570300100005,13.981859279],[100.35570149000017,13.981894429000079],[100.35569983600004,13.981947190000085],[100.35569356800005,13.982211078000091],[100.35569245600016,13.98231902800012],[100.35569122400005,13.982608198000094],[100.35569065599998,13.982680479000123],[100.35568945100016,13.982734652000033],[100.3556887000002,13.982752695000045],[100.35568655300011,13.982787582000185],[100.35568381800016,13.98282244100011],[100.35567919500005,13.98287470800011],[100.355666139,13.983014052000101],[100.35565767000008,13.98310111100011],[100.3556349590001,13.983310771000049],[100.35561904300005,13.983450949000087],[100.35555392600003,13.983970728000031],[100.35554013300009,13.98407822900009],[100.35552788800004,13.984165418000146],[100.35549471300004,13.984390435000023],[100.35548124600007,13.984476867000069],[100.35547202700013,13.984528414000124],[100.35546201500017,13.984579775000043],[100.35544128300006,13.984682370000087],[100.35542706600006,13.984750691000158],[100.35541956800012,13.984784758000046],[100.35540739600003,13.9848348700001],[100.35539872100009,13.984867882000174],[100.35538518500005,13.984917279000058],[100.35537581900013,13.984950114000014],[100.35536600900002,13.984982820000084],[100.35535045400007,13.98503060500002],[100.35533386100008,13.985078062000127],[100.35532215800004,13.98510947200009],[100.3553096830002,13.98514086],[100.3552967440001,13.985172079],[100.35527023400005,13.985234276000085],[100.35524311699999,13.985296218000087],[100.3552291060002,13.985326991000022],[100.35520809800005,13.985370667000097],[100.35518520000011,13.985415555000088],[100.35515965200011,13.985463364000054],[100.35483915200007,13.986050351000017],[100.35480474000008,13.986113925000154],[100.35478782899997,13.986145853000096],[100.35476353100012,13.986193683000181],[100.35473235700005,13.98625764600007],[100.35461687000014,13.986498219000168],[100.35457902100012,13.986578694000116],[100.35454264100014,13.986660310000161],[100.35444254700019,13.986889610000105],[100.35441423800006,13.98695523400005],[100.35439369900007,13.98700471900014],[100.3543745290001,13.987054183000112],[100.35435600500017,13.987103893000153],[100.35430736300003,13.987236746000065],[100.35428342900019,13.987303299000132],[100.354271816,13.987336675000051],[100.35426070500006,13.98737020699997],[100.35423587900016,13.98744965100019],[100.35422485100014,13.987480841000092],[100.35421272700017,13.987511459000132],[100.35419985200008,13.987541809000163],[100.35418643400004,13.987571950000074],[100.35417245000014,13.987601850999965],[100.35415692400011,13.987633188000189],[100.35414078500008,13.987664234000079],[100.35412406100016,13.987694977000046],[100.35411542500015,13.987710198000173],[100.3540971230002,13.98774097200004],[100.35404083300017,13.987832525000044],[100.35402280600005,13.98786357300014],[100.35400541500007,13.987895101000106],[100.35397159600006,13.987958686000127],[100.35387980500019,13.98813420300013],[100.35384665800018,13.988198136],[100.35382235300006,13.988246341000035],[100.35379947000018,13.988293995000049],[100.3537771020001,13.988341891000118],[100.35359230500018,13.988741760000039],[100.35356983500009,13.988789611000186],[100.35354660500013,13.988838085000111],[100.3531545530002,13.989643780000108],[100.35310672900016,13.989740302000087],[100.35296240500014,13.990029588000027],[100.35292274900002,13.99010998700004],[100.3527063090001,13.99055925000016],[100.35265954000005,13.990655016000062],[100.35252519700003,13.990920991000166],[100.3524694680001,13.991030299000158],[100.35244493000005,13.991076805000091],[100.35238609000015,13.99118302000005],[100.3523611650001,13.991229836000059],[100.3522720590002,13.991402694000158],[100.35222408900012,13.991497278000168],[100.35220857900009,13.99152902600008],[100.35218634400013,13.991576789000078],[100.35208601400018,13.991801254000052],[100.35206417800015,13.991849201000036],[100.35204906800016,13.991881363000061],[100.35200969200008,13.991962163000153],[100.35190604800005,13.992171676000169],[100.35186607300017,13.992252204000067],[100.3518337220001,13.992316367000171],[100.3514808870001,13.993003068],[100.35085182300008,13.994210324999983],[100.35081841400012,13.994274780000069],[100.35079371100011,13.994323194],[100.3507453650002,13.994420121000132],[100.34964639500004,13.996636058999968],[100.35062704600006,13.997213787000021],[100.35268146600004,13.998502889000065],[100.3543501420001,13.999549139000123],[100.35514453600013,14.000038326000038],[100.35576105900003,14.000445546000151],[100.35612955400006,14.000763684000162],[100.35617139600015,14.000727330000188],[100.35620730900018,14.00068189000018],[100.3562390140001,14.00063963700012],[100.35626006900014,14.000610823000045],[100.35632264100013,14.000522213000181],[100.35648820800009,14.000285015000088],[100.35652939400012,14.000225588000035],[100.35654974800019,14.000195720000079],[100.35656896400019,14.000166852000177],[100.35664125700004,14.000055385999985],[100.35666999500012,14.000013131000173],[100.35669080200017,13.999984002000133],[100.35672253300004,13.999940651000031],[100.35682927800008,13.999796778000132],[100.35688306100013,13.999725144000024],[100.35691638200018,13.999682182000015],[100.35697314000004,13.999610847999975],[100.3577141400001,13.99868584],[100.35779401300005,13.998587678000092],[100.35844559700013,13.997791172000063],[100.35852543800007,13.997693217000062],[100.35910716500013,13.996966955000175],[100.35965316200014,13.996291741000107],[100.35969915000004,13.99623598],[100.35974564200012,13.996180988000049],[100.36031829400008,13.995509799000047],[100.3603880870001,13.995427350000057],[100.3604227040002,13.995385293000027],[100.36046849100018,13.995328519000168],[100.36095852500006,13.994716465000124],[100.36100428400016,13.994659670000146],[100.36103921500012,13.99461757000006],[100.36106003700007,13.994593579000082],[100.36109344900018,13.99455688900008],[100.36113045000013,13.994518150000147],[100.3612553370001,13.99439033700014],[100.36130562100016,13.994339559000025],[100.36133115900014,13.994314597000084],[100.36134414400004,13.994302348000076],[100.36135734900017,13.994290327000044],[100.36138423600016,13.994267311000101],[100.36141176600012,13.994244982000112],[100.36145365700014,13.99421212700014],[100.36149592599998,13.994179712000061],[100.36153864200014,13.994147865000173],[100.36158109500019,13.99411761100015],[100.36165253500008,13.99406809200002],[100.36172432100017,13.994019060000085],[100.36176779100003,13.993990255000085],[100.3617975040001,13.993971552000062],[100.36184317200014,13.993944263],[100.36204303400012,13.993828969000049],[100.36208894500015,13.993802035000158],[100.3621197830002,13.993783430000121],[100.36221277000016,13.993725365000046],[100.36276882900006,13.99337404500011],[100.36286165700011,13.993315728000141],[100.36293948100018,13.993267991000039],[100.36315815300014,13.993135614000153],[100.36322031400005,13.993097302000024],[100.36326454600015,13.993069166000168],[100.36330857400003,13.993040719000021],[100.3634548660001,13.992945188000022],[100.36352839000011,13.992895879000116],[100.36368997400018,13.992786001000127],[100.36373416900017,13.992756229000122],[100.36377873800006,13.992727038000112],[100.363809329,13.992708054000161],[100.3638407410001,13.992689473000098],[100.36390413900006,13.992653197000152],[100.36415865300012,13.992509481000127],[100.36438118000018,13.992383423000035],[100.3644449050002,13.992347669000083],[100.36449313600019,13.992321653000033],[100.36452316000003,13.992306406000125],[100.3645534380002,13.992291636000118],[100.36458391100012,13.99227725500009],[100.36463004400014,13.992256582999971],[100.36468048600005,13.992235933000075],[100.36474830400016,13.992209649000188],[100.36485034700019,13.992170977],[100.36488446900017,13.992158382000127],[100.36491874200004,13.992146207000076],[100.3649686440001,13.99212966400006],[100.36501879000014,13.992113802000176],[100.36511931800015,13.992082745000175],[100.36518652900008,13.992062665000105],[100.36523922200013,13.992047828000068],[100.36530965500015,13.992028629000117],[100.36564441900015,13.991938147000099],[100.36573264800006,13.991914852000036],[100.36578590300013,13.991901788000064],[100.36585720300019,13.991885296000078],[100.36603085200005,13.99184604200002],[100.36607137800002,13.991836881000097],[100.36616065600015,13.99181724500005],[100.36642860400008,13.991760468000052],[100.36648228400009,13.991749553000147],[100.36653656400017,13.991739335000034],[100.36655887100011,13.991735443000039],[100.36662763700014,13.991723445000105],[100.36733849600006,13.991601870000068],[100.36741144100017,13.99158962100006],[100.36746624500006,13.991581077000035],[100.36752083400006,13.99157368200008],[100.36761198000016,13.991562461000115],[100.36775790300004,13.991545087000077],[100.36783093300005,13.991537091000168],[100.36788570700014,13.991532068000026],[100.36794053000017,13.991527519000044],[100.36843413300005,13.991488441000058],[100.36850722100007,13.991482357000052],[100.36854370200012,13.991478865000147],[100.36858008200011,13.991474651000146],[100.36859822100013,13.991472121000129],[100.36863440600018,13.991466398000057],[100.36868856100011,13.991456927000115],[100.36876068100008,13.99144370200014],[100.36883274400009,13.991430156000092],[100.36888630400006,13.99141961200013],[100.36897406700012,13.991401295000117],[100.36934236600013,13.991323007],[100.36939502100012,13.991312030000074],[100.36944846500012,13.991301265000175],[100.3702028300001,13.991155381],[100.37025667700004,13.991144808000115],[100.37031043400015,13.99113380099999],[100.37036319200007,13.991122194000184],[100.37043340200017,13.991106109000043],[100.37082268900014,13.991015917000027],[100.37085444000019,13.991008561000115],[100.37094208700006,13.990987975],[100.37101248300002,13.990970492000088],[100.3711891150001,13.99092407000012],[100.3712421850002,13.99091047700017],[100.37129366200014,13.99089815400015],[100.37136135500015,13.990883087000043],[100.37139528199998,13.990875907000145],[100.37144802699999,13.99086528099997],[100.37171217800011,13.990814079000188],[100.3718005120001,13.990796336000074],[100.3718902600001,13.990777220000098],[100.37223106100015,13.990703455000073],[100.37228491200005,13.990691986000115],[100.3723386640001,13.990680957],[100.37244568100016,13.990660237999975],[100.37276891600015,13.99059873400006],[100.37314177600007,13.990527787000133],[100.37319529200005,13.990517454999974],[100.37324872600004,13.990506757000162],[100.37330267900018,13.99049524200018],[100.3733565510002,13.990483357000187],[100.37393085700012,13.99035509200013],[100.37405658600011,13.990327256000171],[100.37504792300012,13.990113222000048],[100.37511999000014,13.990097514000126],[100.37519193000008,13.990081377000138],[100.37533561000004,13.990048318000163],[100.37538938400007,13.990035525000053],[100.3754251380002,13.990026599000032],[100.37549641900011,13.990007889000083],[100.37563876700017,13.989969649000159],[100.37572769800016,13.989945619000082],[100.37578094600013,13.989930863000097],[100.37583351800004,13.989915351000093],[100.37588493800001,13.98989901400006],[100.37619237000007,13.989797477000081],[100.37621924900009,13.989788793000116],[100.37624371800007,13.989780887000165],[100.37627807800004,13.989770229000158],[100.37633104500009,13.989754832000017],[100.37641968500014,13.989730293000036],[100.37649069900016,13.989711142000147],[100.37654406600006,13.989697654999986],[100.37657978000016,13.989689827000063],[100.37659771500012,13.989686566000046],[100.3766157280001,13.989683946000014],[100.37663277400009,13.989682177000134],[100.37667681599999,13.989679158000172],[100.37668415899998,13.989678654000102],[100.3767012850002,13.989677224],[100.37671806700013,13.989675330000011],[100.3767348040002,13.98967296100011],[100.37675148300008,13.989670164000131],[100.37676809900017,13.989666942000042],[100.37680229900019,13.98965905900019],[100.37683630300018,13.989650134000101],[100.37688714199999,13.98963582500005],[100.37702254200019,13.98959671900019],[100.37703260600011,13.989593908000018],[100.37705647400014,13.989587239000116],[100.37709067600014,13.98957810000013],[100.37714240600019,13.989565001000074],[100.37719425500012,13.98955233200013],[100.37724618900012,13.989540010000042],[100.37728088400007,13.989532120000092],[100.37735157200007,13.989517182999975],[100.37758181500004,13.989470831000062],[100.37767061300008,13.989452614000072],[100.37853359000019,13.989267994999977],[100.37862358800015,13.98924928300005],[100.37872289100011,13.989229993000038],[100.37877480500015,13.98921895400008],[100.37881041000014,13.989210802000116],[100.37888150700007,13.98919396399998],[100.37987627400008,13.988955406000173],[100.38000068100013,13.988925840000036],[100.38010862100003,13.988901031000182],[100.38049918000007,13.988812153000083],[100.38102657900009,13.98869213200004],[100.38115265900007,13.988663834000022],[100.38124253500001,13.988644715000135],[100.38158436100008,13.988573362000182],[100.3816563580001,13.988558511000065],[100.38171044500001,13.988547803000074],[100.38180018900016,13.988531577000174],[100.38217766300016,13.988466100000153],[100.38223147100013,13.988456207000127],[100.38231558400008,13.9884395200001],[100.38236892000009,13.988429543000052],[100.38263132200012,13.98838294900014],[100.3828320930001,13.988347297000189],[100.38290322500012,13.988334024000096],[100.3829575360001,13.988323002000072],[100.38337302700012,13.988234192000164],[100.38348134900019,13.988210723000066],[100.38358944700008,13.988186368000129],[100.38430969200004,13.988022241000124],[100.38439759800008,13.988002797000092],[100.38453599800016,13.98797289100014],[100.3846225440002,13.987954403],[100.38469274300007,13.987939928000173],[100.38503086800006,13.987873153000066],[100.3850553490002,13.987868174000084],[100.38511973500005,13.987855081000134],[100.38520937500016,13.9878354330001],[100.38549585400017,13.987770863000094],[100.3855855290002,13.987750943000037],[100.38614448599998,13.987630589000048],[100.38628819700006,13.987600208000117],[100.38700401200003,13.987451421000117],[100.38794984100008,13.987248393000016],[100.38805700500006,13.987225837000153],[100.3881102960001,13.987215444000071],[100.38816346500016,13.987205621000044],[100.3885714700001,13.987131797000188],[100.38864247200007,13.98711950300003],[100.38867802900012,13.987114098],[100.38869583900015,13.987111776],[100.38871367600012,13.987109848000046],[100.38873154700008,13.987108434999982],[100.38874836300005,13.987107675000118]]]}},{"type":"Feature","properties":{"districtCode":"TH1205","provinceCode":"TH-12","nameTh":"อำเภอไทรน้อย","shapeName":"Sai Noi","shapeISO":"TH1205","shapeID":"TH1205","shapeGroup":"THA","shapeType":"ADM2","labelPoint":[100.30840142,14.00473982]},"geometry":{"type":"Polygon","coordinates":[[[100.34149878000011,14.100787368000113],[100.341490383,14.100011494000057],[100.34148941400002,14.099885255000174],[100.34149256000012,14.09832151],[100.34149241400013,14.098231647000148],[100.34149157000002,14.098178376000078],[100.34148994700018,14.098126384000068],[100.3414817200001,14.097918453000148],[100.34147786600016,14.097831838],[100.34147666100012,14.097811501000024],[100.34147477800008,14.097779727000045],[100.34146941000017,14.097709812000062],[100.34145896600018,14.097587527000144],[100.34145230200016,14.09751771800012],[100.34144410800019,14.097445998000069],[100.34142419300008,14.097284772000023],[100.34141062200007,14.097177325000132],[100.34140125600004,14.097108001000095],[100.34137681400011,14.096936713000105],[100.34136884100008,14.096885434000058],[100.34136281300016,14.096850778000032],[100.34135613300009,14.096815646000152],[100.3413420440001,14.096745499000122],[100.3413096700001,14.096587782000086],[100.34129498400011,14.096517752000182],[100.34128320700012,14.096465405],[100.34127007500012,14.096413206000022],[100.34126690300019,14.09640136500002],[100.34125149800008,14.096343848000174],[100.34122754200007,14.096257340000136],[100.3412175420001,14.096222855],[100.34120697300006,14.096188463000033],[100.34119583900019,14.09615415200011],[100.34116160100018,14.096051470000134],[100.34115054500018,14.096017136000114],[100.341141226,14.095986706000133],[100.34112791800015,14.095940876000043],[100.34111948200018,14.095910201000095],[100.34110610100004,14.095858139000029],[100.34109332900005,14.095805920000089],[100.34107702,14.095736143000067],[100.3410671640001,14.09569000900018],[100.3410589340001,14.095646899000144],[100.34104286500013,14.095550309000146],[100.34103371400016,14.095500243000117],[100.34102045600014,14.095433672000183],[100.34101339900019,14.095400472000108],[100.34100567600018,14.09536646700002],[100.34099727600017,14.095331656000099],[100.34097984700009,14.095262174000027],[100.34085175000001,14.094758800000136],[100.34083878500013,14.094706668000072],[100.3408265600001,14.094654381999987],[100.34081918800018,14.094619417000047],[100.34080887800002,14.094566818000033],[100.34074969300019,14.094250666000164],[100.34073277900006,14.0941629350001],[100.34070757199999,14.094042142000148],[100.34068138400016,14.09392154800014],[100.34067340800004,14.093887002000088],[100.34066084600005,14.093835017000174],[100.3406346880002,14.093731291000097],[100.34062567800015,14.093697501000122],[100.34061192299998,14.09364795800002],[100.34059778800014,14.093598513000131],[100.34058321900011,14.093549192000069],[100.34055627000009,14.093463044000032],[100.34041312000016,14.093015944000172],[100.3403854170001,14.092930017000072],[100.34036840100009,14.092878661999976],[100.34033335200013,14.092776572000048],[100.34030954300005,14.092707880999967],[100.33983254600008,14.091331639000146],[100.33979152200004,14.091212574000167],[100.339751315,14.09109302100012],[100.339180033,14.089384173000155],[100.33915758200004,14.089315726000052],[100.33913020200004,14.089230078000071],[100.33867349400009,14.087790156000153],[100.33864587800014,14.087704581000082],[100.33863895100018,14.087684165000155],[100.33862851600014,14.087653409000097],[100.33859248700008,14.08755139200008],[100.33793916299999,14.085716618000163],[100.33792142700014,14.085665520000191],[100.3379101910001,14.085631886999977],[100.3378941900001,14.08558209000006],[100.33786727300009,14.085496721000027],[100.33784176600005,14.085415823000062],[100.33783085300013,14.085382708000054],[100.33781929600013,14.08534943800015],[100.33780708000018,14.085316014000057],[100.33778825800005,14.085266042],[100.33772448900004,14.085099812000124],[100.33769197600009,14.085017545000142],[100.33765201200015,14.084920287000102],[100.33762454800018,14.084855787000095],[100.33759508300017,14.08479057000011],[100.33746862900017,14.08451870800019],[100.3374667700001,14.08451471100011],[100.33742880500006,14.08443367600006],[100.337398307,14.084369984000148],[100.33729836800018,14.084164518000023],[100.33726005100016,14.084085005000077],[100.33695336800008,14.083435061000102],[100.33693060200017,14.083386214000086],[100.33690863800012,14.083337485000072],[100.33688790400015,14.083289170000057],[100.3368679690002,14.083240542000112],[100.33684902700003,14.083190694000052],[100.33683092800004,14.08314011300007],[100.3367043940001,14.08277719400013],[100.33662457400004,14.082548258000031],[100.33658284500007,14.08243004500008],[100.3365393740001,14.082312304000027],[100.33625082000003,14.081539589000158],[100.33623169400005,14.08148923500005],[100.33619923200018,14.081405259000064],[100.33549464700008,14.079592690000084],[100.33546262400017,14.079508472000043],[100.335343711,14.079186976000074],[100.33531172500005,14.07910272600003],[100.33527191400003,14.079002623],[100.33515261800011,14.07870589099997],[100.33512455400012,14.078636086000188],[100.33509156700012,14.078552592],[100.33507328900004,14.07850442900019],[100.33504341300005,14.078423938000185],[100.33502574900018,14.078375555000036],[100.33500858000008,14.078327007000098],[100.33499763800006,14.078294335000066],[100.33498712200009,14.078261528999974],[100.33497707700008,14.078228589000105],[100.3349675180001,14.078194824000093],[100.3349584680002,14.078160230000037],[100.33494984400005,14.07812552400003],[100.33493356700018,14.078055954000149],[100.33476020600017,14.077271950000068],[100.33474049400013,14.077184938000187],[100.33472368000014,14.077114688000052],[100.33442247300019,14.07588682000005],[100.33440506800008,14.075816704000147],[100.33439137700009,14.075764295000113],[100.33437882400005,14.075720494000166],[100.334368923,14.075689082000054],[100.33434056900018,14.075604961000124],[100.33433510800018,14.07558807300012],[100.33432681000016,14.075560818999975],[100.33431912200007,14.075533394000104],[100.33431459400003,14.075515918000121],[100.33430611500017,14.075480823000134],[100.3342980860001,14.075445608000166],[100.33399657300009,14.074069271000042],[100.33396994500004,14.073945668000022],[100.33394508200001,14.073821568000085],[100.33391201200016,14.07365336800018],[100.33365556000007,14.07234900300017],[100.3336344120001,14.072242595000091],[100.33362334400005,14.072189570000035],[100.33360785000019,14.072119218000068],[100.33347726900013,14.071539378000068],[100.33345401000008,14.071433859000138],[100.3334434200001,14.07138179400016],[100.33343347000016,14.07133004700006],[100.33338505400008,14.071071067000105],[100.33336863500006,14.070984792],[100.33335811800015,14.07093265400016],[100.33334291900002,14.070862025000054],[100.3330819480002,14.069680192000078],[100.33306612900003,14.069609687000025],[100.33304977300014,14.069539792000171],[100.33291093900016,14.068965366999976],[100.33288538100004,14.068860999000037],[100.3328588810001,14.068757012000049],[100.33267582100007,14.068046895],[100.3326243480002,14.067839386000173],[100.33259941400007,14.067735489000029],[100.33257999100016,14.067647703000034],[100.33249690600013,14.067260916000066],[100.33247768300004,14.06717569500006],[100.33243096500007,14.066972856000064],[100.33241190500007,14.066887020000081],[100.33225274500006,14.066133137000122],[100.3321820430001,14.065798250000057],[100.33216738900012,14.065727974000083],[100.33215685000005,14.065675185999964],[100.33214083200016,14.065586851000035],[100.33210418200014,14.065374533000067],[100.33209267800004,14.065303652000125],[100.33208522500007,14.065251972000112],[100.33207161000007,14.065148429000033],[100.33206328200009,14.065078375999974],[100.33204229600017,14.064882925000063],[100.33203683800008,14.064829598000188],[100.33203006400004,14.064759102000039],[100.3319794590002,14.064212606000126],[100.33197014600006,14.064106648000063],[100.33196182300014,14.063999898000077],[100.33188620900012,14.063003366999965],[100.3318763110002,14.062878740000087],[100.33178291900009,14.061842270000113],[100.33177357500006,14.061735024000086],[100.33176669000011,14.061646147000147],[100.33173772900011,14.06125497],[100.33173294600016,14.061183817000085],[100.33173024000007,14.061133024000014],[100.33172745000002,14.061065277000012],[100.33172631800011,14.061014466000188],[100.33172629400013,14.06099753],[100.33172694300009,14.060963338000022],[100.33172981000007,14.060877856000047],[100.33173061200011,14.06080912200008],[100.3317305060001,14.060740361000171],[100.33172983200006,14.060654415000158],[100.33172888600018,14.060602857000163],[100.33172774600007,14.060567454000136],[100.33172684800019,14.060546379000073],[100.33172397400011,14.06047897100018],[100.33171485200006,14.060284336000166],[100.33171134000014,14.0602136010001],[100.33170651600011,14.060125648000167],[100.33170335900007,14.060038549000183],[100.33169834800015,14.05992785300009],[100.33169486300011,14.059821555000156],[100.33168368500009,14.059431708000147],[100.33168050100016,14.05934315400009],[100.33167852800005,14.059307792000027],[100.331675588,14.059272522000128],[100.3316736270001,14.059255321000023],[100.3316645490001,14.059187627000085],[100.33166065800003,14.059155245000113],[100.33165860600019,14.05913348100006],[100.3316576040001,14.05912285900007],[100.33165658000001,14.059106670000062],[100.33165603300006,14.059090496000124],[100.3316560770001,14.059074229000146],[100.33165628200004,14.059069085999965],[100.33165672400003,14.059057994000113],[100.33165797800018,14.059041810000053],[100.33165989900004,14.059025709000025],[100.33166212800012,14.059011708000014],[100.33166993800006,14.058969801000046],[100.33167264200011,14.058953018000125],[100.33167495200013,14.058936146000178],[100.33167855699998,14.058902231000104],[100.33168080899998,14.058868166000025],[100.33168132600014,14.058851100000084],[100.33168137000013,14.058833794000066],[100.33168101500019,14.058816475000128],[100.33167952700006,14.058781816000021],[100.33167626300013,14.058729805000041],[100.33166333800006,14.058556462000183],[100.33165711500016,14.058486831000039],[100.33164605600007,14.058380765000152],[100.33164291600013,14.058345374000112],[100.33164164300013,14.058327730000087],[100.33163866500007,14.058274742000151],[100.3316355560001,14.058204023000087],[100.33162778700006,14.058009502000061],[100.33162553500006,14.057938756000055],[100.33162488100015,14.057886487000076],[100.33162521900005,14.05780002400013],[100.33162717099998,14.057592491000094],[100.33162802000015,14.057540616000153],[100.33162896400006,14.057505406000075],[100.33163326900018,14.057397894000076],[100.3316455310001,14.05712916900012],[100.33164859099998,14.057075456000064],[100.33165586700005,14.05697422000003],[100.33165899200009,14.056922947000146],[100.33166052500007,14.056887896000148],[100.3316616840001,14.056852833],[100.33166261100007,14.056800239000097],[100.33166232800016,14.056766396000057],[100.33166118100013,14.056733795000127],[100.33165912700014,14.056701259000079],[100.33165766200011,14.05668503600009],[100.33165581800017,14.056668852000143],[100.33165339100003,14.056651739000074],[100.33165057900015,14.056634669000061],[100.33163787400008,14.056566593000127],[100.33163215800016,14.056532549000167],[100.33163045700007,14.05651967100016],[100.33162990600016,14.056515494000053],[100.33162830700007,14.05649840400008],[100.3316275050002,14.056480641000121],[100.3316274720001,14.056462851000049],[100.33162808200018,14.056445053],[100.33162925699997,14.056427260000078],[100.33163099200004,14.056409506000023],[100.331632604,14.05639732800006],[100.33163333500016,14.056391802000121],[100.33163618600014,14.056374931999983],[100.33163955700013,14.056358135000096],[100.33164336300013,14.056341400000065],[100.33164758100008,14.05632458000008],[100.33165679100017,14.056291083000076],[100.33169145200009,14.056174314000089],[100.3317055940002,14.056124111000088],[100.33171628600019,14.056081095000081],[100.33172255500006,14.056052241000032],[100.33172577400006,14.056035589999965],[100.33173140500008,14.056002148000061],[100.3317338400002,14.05598537100019],[100.33173598900015,14.055968558000131],[100.33173959700008,14.055932809000069],[100.33174364300004,14.05587902700006],[100.33175119000003,14.055756477000045],[100.33175248900005,14.055735395000113],[100.33175616400013,14.055681597000103],[100.33175923100009,14.055645836000053],[100.33176337300006,14.055610251000076],[100.33176612700015,14.05559257200008],[100.33176934500005,14.055575682000097],[100.33177301100017,14.055558861000065],[100.33178118900014,14.055525364000061],[100.33179825700012,14.055458425000097],[100.33180583200016,14.055424836999975],[100.33181555400006,14.055374242000141],[100.33183627800014,14.055255747000047],[100.33184278800019,14.055221396000093],[100.3318498370001,14.055186550000087],[100.33186451900008,14.05511696200017],[100.33189075800004,14.054995291000125],[100.33190236000013,14.054943239000124],[100.3319097690001,14.054911862000097],[100.33191052700016,14.054908653000098],[100.33191944000009,14.054874262000169],[100.33192386400015,14.054858730000149],[100.33193325100012,14.054827816000056],[100.33195746900014,14.054750709000189],[100.33196686200012,14.054718430000094],[100.33197594500007,14.054684707000035],[100.33199733700008,14.05460003100012],[100.33204325200006,14.054413423000142],[100.33205525000017,14.054362431000186],[100.33206260400004,14.054328319000035],[100.33206589100007,14.054311447000032],[100.33207178800012,14.054277592000176],[100.33207439400013,14.054260619000104],[100.33207878100006,14.054226573000165],[100.33208190000005,14.054192001000104],[100.33208657900019,14.05412268100008],[100.33208937800015,14.054088061000073],[100.33209114100003,14.054070903000024],[100.33209528500004,14.054036651000047],[100.33210237300005,14.053985357000101],[100.3321124650002,14.053917014000035],[100.33212797600015,14.053814553000166],[100.3321296420001,14.053804020000086],[100.33213877200012,14.05374632000013],[100.33214743700006,14.053696400000035],[100.33216569300015,14.053597864999972],[100.33217454700019,14.053548554000088],[100.33218315900018,14.053496609000149],[100.33220784200017,14.053340591],[100.33222306500011,14.053252472999986],[100.33246696200013,14.051908666000088],[100.33248352700014,14.051820364000093],[100.33249463900017,14.051767605000066],[100.33250704400007,14.051715075000175],[100.33257685900008,14.051435654000045],[100.33259398800016,14.05136572300006],[100.33262182300007,14.05124570200013],[100.33264089700003,14.05115981400013],[100.33265125600008,14.051108089000024],[100.33265699300011,14.051074597000138],[100.33266467900006,14.05102419900004],[100.33267913700018,14.050923239000042],[100.33268669800003,14.050872814],[100.33269536200004,14.05082185000009],[100.33270551900006,14.050769689000106],[100.33282143100007,14.050214558000107],[100.3328388010001,14.050127052000164],[100.33288945200007,14.049863019000043],[100.33289988900015,14.049811936000026],[100.33292127200008,14.049711522000052],[100.33295404699999,14.049561041000118],[100.33296973800014,14.049492284],[100.3329977570001,14.049372081000115],[100.3330099740001,14.049320618000024],[100.33302258900017,14.049269275000142],[100.33303145300005,14.049235182000075],[100.33304533000017,14.049184130000128],[100.33304965700012,14.049167071],[100.33305358600018,14.049149928000134],[100.33305694100017,14.049132941000039],[100.33306252200003,14.049098736000133],[100.33307472000013,14.049012795000067],[100.33307757,14.04899567200016],[100.33308429800002,14.04896153600015],[100.33309214000013,14.048927617000118],[100.33309644000013,14.048910743000135],[100.33310101500007,14.048893934999967],[100.33311128400015,14.048859627000184],[100.33312228200015,14.048825504000092],[100.33313364600002,14.048791479000045],[100.33319733200017,14.048604673000057],[100.33322018600012,14.048536663000107],[100.33323656100009,14.048485443000118],[100.33324651700008,14.048451236000062],[100.33325564800003,14.04841701100014],[100.33326862800004,14.04836546700011],[100.33335242700014,14.048021108000171],[100.33337656700013,14.047917935000044],[100.33345169800009,14.04759113900019],[100.33347194800012,14.0475052540001],[100.33348503200017,14.047453316000087],[100.333530714,14.047279635000166],[100.33356337600009,14.047148152000034],[100.33357605500015,14.047098960000085],[100.33359053200019,14.047046770000179],[100.33360555100012,14.046994722000136],[100.33371729800018,14.04661343100014],[100.3337475350001,14.046509379000042],[100.33377603500014,14.046407511000154],[100.33386424800011,14.046086044000106],[100.33388770400006,14.046001515000114],[100.33390724700018,14.045934463000094],[100.3339427960002,14.045820216000152],[100.33394292100013,14.045819816000119],[100.33394304400002,14.04581941400005],[100.33395795000001,14.045769998000083],[100.33396718100016,14.045737087000077],[100.33398916100003,14.045655070000123],[100.33399924900016,14.045620623000048],[100.33401522500009,14.04556917900004],[100.3340316280001,14.045517847000042],[100.33418063700009,14.045056226000156],[100.33420308800004,14.044988444000069],[100.33425960400012,14.044822772000032],[100.33427586500011,14.044772737000073],[100.33429651300008,14.044705390000104],[100.33436705100002,14.044469148000076],[100.33439273300002,14.04438451599998],[100.33443206300007,14.044257560000176],[100.33456660500019,14.043823256999985],[100.3345826210001,14.04377230200015],[100.33459917500005,14.04372151500013],[100.33461657100008,14.043671461000088],[100.33463449500016,14.043621575000031],[100.33470025200018,14.043441900000175],[100.33470738100016,14.043422420000127],[100.33474491900006,14.043323132000125],[100.33492769000014,14.042843715000117],[100.33495262600007,14.042777496999975],[100.33497105300012,14.042727169999978],[100.3353614350001,14.041627625000046],[100.33539686400007,14.041525660000048],[100.33554340700005,14.041100247000145],[100.3355719870001,14.041015676000143],[100.33561624400011,14.040881696999975],[100.33564921800019,14.040781142000128],[100.33567062500009,14.040713939000113],[100.33569112300017,14.040645494000046],[100.33574584000019,14.040456798000093],[100.33576600900017,14.040388256000085],[100.33580354700007,14.040265632000057],[100.33580762400015,14.040252312000064],[100.33585000500017,14.040116593999983],[100.33588312300009,14.040014614000086],[100.33603359900007,14.039556147999974],[100.33607309600006,14.039437441000018],[100.33612035900018,14.039301299000158],[100.3361433710001,14.039233084000102],[100.33634151500019,14.038635178],[100.33638033000011,14.038516095000034],[100.3364762020002,14.038213460000122],[100.33649826300018,14.038146530000063],[100.33650117100007,14.038137895000148],[100.33653200200018,14.038046368000153],[100.3365660610001,14.037946313000134],[100.33657769300015,14.037913063000019],[100.3365897180002,14.037879952000026],[100.33660256600018,14.037846456000125],[100.33661582200006,14.037813108000023],[100.33665659100012,14.037713422000138],[100.33667731000014,14.037664127000028],[100.33670521900007,14.037599637000028],[100.33672668600013,14.037551508000035],[100.33674153800013,14.037519669000176],[100.33676276900019,14.037477168000123],[100.3367785600002,14.037447512000142],[100.33679580100011,14.037416456000074],[100.33682223200003,14.037370157000055],[100.33685828900013,14.037308876000054],[100.33689642100006,14.037246946000096],[100.33729309900019,14.036615562000065],[100.33735065400009,14.036522875000117],[100.337387589,14.036461326999984],[100.33746066800012,14.036337774000174],[100.33749705000014,14.036275917000125],[100.33752396500012,14.036229327000171],[100.33754141300017,14.036198011000067],[100.33754995100014,14.036182108000048],[100.33756662200017,14.03615009200007],[100.3375910960001,14.036101797000072],[100.3380591630002,14.035165409000058],[100.3381152890002,14.035052341000096],[100.33823288300016,14.034810269000161],[100.3382795240002,14.034713263000128],[100.33830137300015,14.034666482999967],[100.3383644930002,14.034528635000129],[100.33839391800007,14.03446625600003],[100.33843249000006,14.03438691700012],[100.33856452300006,14.034117561000073],[100.33859533400005,14.034054076000018],[100.33861047800002,14.034022221000157],[100.33862522300012,14.033990198000083],[100.33866020200009,14.033910938000076],[100.33869003500013,14.03384623800008],[100.33888800800008,14.033427346000053],[100.338925738,14.033346638000125],[100.33897051999998,14.033247816000141],[100.3391702510001,14.032802316000016],[100.33919261100016,14.032752893000122],[100.33921542200017,14.032703672000025],[100.33923078300012,14.032671731000164],[100.3392542700002,14.032624025000132],[100.33941272100009,14.03230682800006],[100.33945186500011,14.032227323000143],[100.3394670360002,14.032195306000062],[100.33948905699998,14.032146388000115],[100.33953788100013,14.032033545000104],[100.33955296200003,14.031998690000137],[100.33957458800006,14.031949593000093],[100.33958946400003,14.031917017000069],[100.33960475200007,14.031884570000102],[100.33964367099998,14.031803751000098],[100.34004281000006,14.030980350000107],[100.34007456000006,14.030915987000185],[100.34009911500004,14.030868216000044],[100.34013267800003,14.030805018000137],[100.34024263300017,14.030600047000178],[100.34026751800019,14.030552509000131],[100.34028373300004,14.030520342000045],[100.34032308600018,14.030438621000144],[100.34059440500016,14.029864598000131],[100.34063307600007,14.029784260000042],[100.34070285500007,14.029640502000063],[100.34075758900013,14.02952891100017],[100.34078208600016,14.029480792000186],[100.34085747900008,14.02933618100002],[100.34087391600008,14.029303908000088],[100.3409059670002,14.02923957500002],[100.34093163300014,14.029189402000043],[100.34098258800003,14.029086229000143],[100.34105982500012,14.028933141999971],[100.34109088800011,14.028870957000095],[100.3412336520002,14.028578688000152],[100.34127391700008,14.028497803000107],[100.34131477200015,14.028419775000032],[100.341363479,14.028328629000157],[100.34146425100016,14.028140056000098],[100.34150525500019,14.028062096000042],[100.34152896400013,14.028015350999965],[100.34156000600018,14.02795274600004],[100.34158287000014,14.027905599000121],[100.3416053250001,14.02785751800019],[100.34163464600016,14.027792636000129],[100.34175089799999,14.027532631000042],[100.34179411600019,14.027434979000134],[100.34181506500005,14.027385754000022],[100.34184236100003,14.027319774999967],[100.3418828660001,14.027220633000127],[100.34190935900006,14.027154346999964],[100.34192789800011,14.027105483000014],[100.34194557800015,14.027056964],[100.3420206310002,14.02684617000017],[100.34204933799998,14.026762496000174],[100.3421160530001,14.026564624000116],[100.34213470000014,14.026509316000158],[100.34215226200018,14.026458854000055],[100.34216994200006,14.026410420000161],[100.34218824500005,14.026362232000054],[100.34220086800013,14.026330292000125],[100.34223238600003,14.026254038],[100.3422597170001,14.02618687100005],[100.34232073600009,14.026035482000054],[100.3423542720002,14.025951235000093],[100.34238513500014,14.025871433000077],[100.34243390300014,14.02574352500011],[100.34245778800005,14.025679396000044],[100.34247565400011,14.0256294510001],[100.34260353400003,14.025262151999982],[100.34262707300013,14.025195900000028],[100.34265278800018,14.025126445000069],[100.34267012300012,14.025075885000149],[100.34269760900008,14.024990180000088],[100.34283307300012,14.024559416000102],[100.34286580300017,14.024456108000095],[100.34289336500012,14.024371569000152],[100.34296578400017,14.024152928999968],[100.34298732500008,14.024085445000082],[100.34299672900016,14.024053939000112],[100.3430101560001,14.024006542000052],[100.34302268900018,14.023959068000181],[100.34302832500009,14.023934715000053],[100.3430338440001,14.023906263000185],[100.34304199400009,14.023860359000082],[100.34305369900005,14.023797192000131],[100.3430735290001,14.023694137],[100.34311966000013,14.0235770110001],[100.34314809300008,14.02350622500012],[100.34315328200006,14.023493844000086],[100.34316826100013,14.023458103000053],[100.34323098100015,14.023312007000015],[100.34324441100006,14.023279349000177],[100.34326275000006,14.023231946000067],[100.3432805860001,14.023182584999972],[100.34329804200013,14.023132209000096],[100.34348716500006,14.022577053000134],[100.34351077400015,14.022509996],[100.34352916300014,14.022461012000065],[100.34354198300014,14.022428560000037],[100.34356227200016,14.022379818000104],[100.34366020800007,14.022153610000032],[100.34368147200007,14.022105261000036],[100.34369593700006,14.022073157000023],[100.34371107200019,14.02204084200008],[100.34372689500015,14.022008324000069],[100.3437591920001,14.021943583000166],[100.3440601550002,14.021345699000051],[100.34410008200007,14.021264512000187],[100.34420256900006,14.021052716000042],[100.34423462500007,14.02098796700011],[100.34427547100006,14.02090803599998],[100.34446477500012,14.020541042],[100.34449829100004,14.020477528000072],[100.34452403800015,14.020431219000045],[100.344559178,14.02037056600011],[100.34467478500005,14.020174172],[100.3447101380001,14.020113635000087],[100.34472753400007,14.020083219000071],[100.34474449300018,14.020052580000083],[100.34476941600019,14.020004806000031],[100.34480953300005,14.019924451000065],[100.34529507000013,14.018942101000107],[100.34531907799999,14.018893853000066],[100.34534349100016,14.018845811000176],[100.34536901600006,14.01879798900012],[100.3454042780001,14.018734619000043],[100.3458409270001,14.017960712000047],[100.34587637500005,14.017897436000112],[100.34590244200012,14.017849715000182],[100.34592728300015,14.01780219900013],[100.34595164600012,14.017754442000182],[100.34627401500006,14.017116396000176],[100.34631457900002,14.017036774000132],[100.34633111100015,14.017005101999985],[100.34634761200005,14.016974510000125],[100.34637238500005,14.016930371000115],[100.34641710900019,14.01685358800006],[100.3464257130002,14.016838240000027],[100.34644252600003,14.01680712200016],[100.34645894700009,14.016775622000011],[100.34648285200018,14.016728029999967],[100.34651360800007,14.016664396000067],[100.34662761400011,14.01642504400013],[100.34665012900007,14.016377058000103],[100.34666481500005,14.016344931],[100.3466793400001,14.016312031000098],[100.34670061800011,14.016262470000186],[100.34681241400011,14.015997417000051],[100.34684057700002,14.015931247000083],[100.34685496200007,14.015898299000185],[100.34686984400008,14.015865574000031],[100.34689285700011,14.015818294000042],[100.34692468000014,14.01575577],[100.34700513800004,14.015599852000094],[100.34703743300014,14.015537547000179],[100.34706197400016,14.01549098200013],[100.34707891100004,14.015459791000126],[100.34710520400017,14.015412796000078],[100.34724754500013,14.015163244],[100.34727399100018,14.015116330000069],[100.34729134300005,14.015084906000084],[100.34730836000011,14.015053222000176],[100.34733346400003,14.015005474000134],[100.34746605800018,14.014750164000134],[100.34749125900004,14.014702470000088],[100.34750838300005,14.014670885000044],[100.34756100100014,14.014576895000062],[100.34786159300012,14.014045556000099],[100.3479059620002,14.013967508],[100.34794197900004,14.013905236000028],[100.3485060610002,14.012942531000022],[100.3488000320001,14.012448254999981],[100.34884570100002,14.012370886999975],[100.34889064000009,14.012292357000092],[100.34911253500007,14.011897205000082],[100.34913928800006,14.011849860000154],[100.34916639400018,14.01180271100003],[100.34919401200017,14.011756115000082],[100.3492219790001,14.011709716999974],[100.34947484400016,14.01129276000006],[100.34950265200013,14.011246272000108],[100.34952994500014,14.011199497000064],[100.34958353300016,14.011105389000079],[100.34986800800016,14.010602757000072],[100.34992026800006,14.010508091000077],[100.35016213900008,14.010065391000182],[100.35021421300013,14.0099706580001],[100.35026627100018,14.00987771500013],[100.35047542700005,14.009506435000105],[100.35051048300011,14.009444660999975],[100.35053492700018,14.009402255000055],[100.35057625600012,14.009331903000088],[100.35060317400007,14.00928763900015],[100.35065015400005,14.009212342000069],[100.35085805300008,14.008881748000022],[100.35088609500008,14.008836492000057],[100.35091337100005,14.008790821000048],[100.35093074800017,14.008759952000105],[100.35095604100019,14.008713220000118],[100.35114635500014,14.0083529690001],[100.35117138300006,14.00830609000019],[100.35119683900007,14.008259474000056],[100.35124023500009,14.008182458000078],[100.35145037100006,14.007813721000048],[100.35150254200005,14.007721342000139],[100.35154594500017,14.007642439999984],[100.35181290800011,14.007152122000093],[100.35186491100006,14.007057402999976],[100.35190881100016,14.006980325000029],[100.35200670900008,14.006812322000087],[100.35202478800011,14.006781942000032],[100.35204320100007,14.006751760000043],[100.35207236000014,14.006706001000055],[100.35211207000003,14.006645479000042],[100.35232179800016,14.006328473999986],[100.35236099700012,14.006267648000119],[100.35238906900014,14.006222070999968],[100.35242583100012,14.006160907000094],[100.35271842600008,14.00567067600008],[100.3527548720001,14.005609323000101],[100.35278206000004,14.005562883000152],[100.35283619400008,14.005468491000158],[100.35293481300016,14.005295087000036],[100.35297007700007,14.005231815000116],[100.35305701600004,14.005073233000132],[100.35307472200009,14.005041699],[100.35309289300011,14.005010433000109],[100.35311175200013,14.004979565000042],[100.35314083100013,14.004933721000157],[100.35341671700007,14.004508361000148],[100.35344608000008,14.004462673000091],[100.3534748570001,14.004416658000082],[100.35349332900017,14.004385475999982],[100.35351996400016,14.004337946000135],[100.35360627900013,14.00417810600004],[100.35363245800005,14.00413033000001],[100.353650415,14.00409878000005],[100.35366923900017,14.004067764000183],[100.3536890810002,14.00403796200004],[100.35370978100013,14.004008674999966],[100.35374157700011,14.003965206000032],[100.35384862900008,14.003820935000078],[100.35388007600011,14.003777238000112],[100.3539003030001,14.003747641000075],[100.35391011500019,14.00373249900008],[100.35392913200008,14.003701834000083],[100.35395686500016,14.003655342000172],[100.35419356700004,14.003250096000045],[100.35429296300009,14.003045651000093],[100.35457056800004,14.002474653000093],[100.35540417300018,14.001022790000093],[100.35576105900003,14.000445546000151],[100.35514453600013,14.000038326000038],[100.3543501420001,13.999549139000123],[100.35268146600004,13.998502889000065],[100.35062704600006,13.997213787000021],[100.34964639500004,13.996636058999968],[100.3507453650002,13.994420121000132],[100.35079371100011,13.994323194],[100.35081841400012,13.994274780000069],[100.35085182300008,13.994210324999983],[100.3514808870001,13.993003068],[100.3518337220001,13.992316367000171],[100.35186607300017,13.992252204000067],[100.35190604800005,13.992171676000169],[100.35200969200008,13.991962163000153],[100.35204906800016,13.991881363000061],[100.35206417800015,13.991849201000036],[100.35208601400018,13.991801254000052],[100.35218634400013,13.991576789000078],[100.35220857900009,13.99152902600008],[100.35222408900012,13.991497278000168],[100.3522720590002,13.991402694000158],[100.3523611650001,13.991229836000059],[100.35238609000015,13.99118302000005],[100.35244493000005,13.991076805000091],[100.3524694680001,13.991030299000158],[100.35252519700003,13.990920991000166],[100.35265954000005,13.990655016000062],[100.3527063090001,13.99055925000016],[100.35292274900002,13.99010998700004],[100.35296240500014,13.990029588000027],[100.35310672900016,13.989740302000087],[100.3531545530002,13.989643780000108],[100.35354660500013,13.988838085000111],[100.35356983500009,13.988789611000186],[100.35359230500018,13.988741760000039],[100.3537771020001,13.988341891000118],[100.35379947000018,13.988293995000049],[100.35382235300006,13.988246341000035],[100.35384665800018,13.988198136],[100.35387980500019,13.98813420300013],[100.35397159600006,13.987958686000127],[100.35400541500007,13.987895101000106],[100.35402280600005,13.98786357300014],[100.35404083300017,13.987832525000044],[100.3540971230002,13.98774097200004],[100.35411542500015,13.987710198000173],[100.35412406100016,13.987694977000046],[100.35414078500008,13.987664234000079],[100.35415692400011,13.987633188000189],[100.35417245000014,13.987601850999965],[100.35418643400004,13.987571950000074],[100.35419985200008,13.987541809000163],[100.35421272700017,13.987511459000132],[100.35422485100014,13.987480841000092],[100.35423587900016,13.98744965100019],[100.35426070500006,13.98737020699997],[100.354271816,13.987336675000051],[100.35428342900019,13.987303299000132],[100.35430736300003,13.987236746000065],[100.35435600500017,13.987103893000153],[100.3543745290001,13.987054183000112],[100.35439369900007,13.98700471900014],[100.35441423800006,13.98695523400005],[100.35444254700019,13.986889610000105],[100.35454264100014,13.986660310000161],[100.35457902100012,13.986578694000116],[100.35461687000014,13.986498219000168],[100.35473235700005,13.98625764600007],[100.35476353100012,13.986193683000181],[100.35478782899997,13.986145853000096],[100.35480474000008,13.986113925000154],[100.35483915200007,13.986050351000017],[100.35515965200011,13.985463364000054],[100.35518520000011,13.985415555000088],[100.35520809800005,13.985370667000097],[100.3552291060002,13.985326991000022],[100.35524311699999,13.985296218000087],[100.35527023400005,13.985234276000085],[100.3552967440001,13.985172079],[100.3553096830002,13.98514086],[100.35532215800004,13.98510947200009],[100.35533386100008,13.985078062000127],[100.35535045400007,13.98503060500002],[100.35536600900002,13.984982820000084],[100.35537581900013,13.984950114000014],[100.35538518500005,13.984917279000058],[100.35539872100009,13.984867882000174],[100.35540739600003,13.9848348700001],[100.35541956800012,13.984784758000046],[100.35542706600006,13.984750691000158],[100.35544128300006,13.984682370000087],[100.35546201500017,13.984579775000043],[100.35547202700013,13.984528414000124],[100.35548124600007,13.984476867000069],[100.35549471300004,13.984390435000023],[100.35552788800004,13.984165418000146],[100.35554013300009,13.98407822900009],[100.35555392600003,13.983970728000031],[100.35561904300005,13.983450949000087],[100.3556349590001,13.983310771000049],[100.35565767000008,13.98310111100011],[100.355666139,13.983014052000101],[100.35567919500005,13.98287470800011],[100.35568381800016,13.98282244100011],[100.35568655300011,13.982787582000185],[100.3556887000002,13.982752695000045],[100.35568945100016,13.982734652000033],[100.35569065599998,13.982680479000123],[100.35569122400005,13.982608198000094],[100.35569245600016,13.98231902800012],[100.35569356800005,13.982211078000091],[100.35569983600004,13.981947190000085],[100.35570149000017,13.981894429000079],[100.35570300100005,13.981859279],[100.35570634000004,13.981807440000068],[100.35570935500004,13.981772972000044],[100.35571481100015,13.981721393000157],[100.35573247000008,13.981566759000145],[100.35573592100008,13.981532362000053],[100.35573872300017,13.981498650000105],[100.35574601600013,13.981383050000147],[100.35575132500014,13.98131105900012],[100.35575720700007,13.981221565000169],[100.35578848000011,13.980720171000087],[100.3557947700001,13.980612707999967],[100.35580049200018,13.980487254000082],[100.35584811700016,13.979357952999976],[100.35585168000017,13.979250342000057],[100.3558670180002,13.97873012700012],[100.35587076600018,13.978622433000055],[100.35587575700015,13.97851435299998],[100.3559324740001,13.977343590000032],[100.35593702400013,13.977253543000131],[100.35594230600003,13.977163477000147],[100.35602909100004,13.97579461200013],[100.356033459,13.975722554000015],[100.35603624800018,13.975669136000022],[100.3560398210002,13.975582204000148],[100.35604758800002,13.975373531],[100.35605005500014,13.975303970000027],[100.3560515590001,13.975251798000158],[100.35605212100018,13.975217263000047],[100.35605223100015,13.975162522000062],[100.35605106400016,13.975011523999967],[100.35605172900011,13.974961336000092],[100.35605169700011,13.97492030899997],[100.35605078300006,13.97485192400012],[100.356048375,13.974744274000102],[100.35604761000002,13.97469098400012],[100.35604487600017,13.974280956000143],[100.35604352700017,13.974211018],[100.35603854800019,13.974039598000047],[100.35603744600007,13.973969216000057],[100.35603374800013,13.973294739000153],[100.35603328400009,13.973241492999989],[100.35603237700013,13.973190102000103],[100.35603088500017,13.973142412000072],[100.35602951900006,13.973110636000115],[100.35602536500005,13.973039787000175],[100.35598906100006,13.972508628000014],[100.35598263300011,13.972420133000071],[100.35597808600016,13.972366837000095],[100.35597132900006,13.972295664000171],[100.35585603100009,13.971121613000093],[100.35584500400017,13.971014359000094],[100.35580143300018,13.970602262000057],[100.35579232400005,13.970512768999981],[100.35571580200013,13.969693565000057],[100.35570723300003,13.969604544000106],[100.35570162600004,13.969551213000045],[100.35569368500018,13.969480178000083],[100.35561254400011,13.968770001000053],[100.35560674400017,13.968716712000173],[100.35560325000006,13.968681160000074],[100.35559917000006,13.9686278800001],[100.35559613300006,13.968574594000131],[100.35557558300013,13.968147977000115],[100.3555708510001,13.96805912900004],[100.35556721900019,13.968005521],[100.35556007700012,13.967915963000053],[100.35555232000007,13.967826445000128],[100.35554545400004,13.967754834000175],[100.35544729900005,13.966770521000171],[100.35543802500013,13.966681083000026],[100.35543153300011,13.966627541000037],[100.35542647500006,13.966592829000035],[100.35541806700007,13.966540870000074],[100.35540041900003,13.966437066000026],[100.35539191400017,13.966385134000177],[100.35538678700016,13.966350459000068],[100.3553825940001,13.966315693000183],[100.3553797290001,13.966280065000092],[100.35537782600005,13.966244346000053],[100.35537580500016,13.966190684000082],[100.35537184600008,13.966065395999976],[100.35536965800009,13.966011735000109],[100.35536758000006,13.96597600300015],[100.35536471500012,13.965940385000067],[100.35535576200016,13.965851465000128],[100.35529610900011,13.965300444000093],[100.3552890790001,13.965229290000082],[100.35528489799998,13.965176666],[100.35528175700017,13.965123814000094],[100.35527956200008,13.965070587000184],[100.35526820200005,13.96471555000005],[100.35526500300006,13.964626811000073],[100.3552625260001,13.96457507600013],[100.35525862500003,13.964507119000132],[100.35525427100004,13.964439191000167],[100.35525041900007,13.964387532000103],[100.35523775200016,13.964245926999979],[100.35522252300007,13.964086401000145],[100.35508585600007,13.96275241800015],[100.35508153500012,13.962702863000061],[100.35507797000008,13.962651925999978],[100.35497645600003,13.96193755400003],[100.35485529900006,13.96176372500014],[100.35479998900013,13.961671900000113],[100.3547449140001,13.961578305999979],[100.3544254110002,13.961031354000056],[100.35439787400014,13.960984559000167],[100.35436997700003,13.960937934000128],[100.35431308300014,13.960845168000105],[100.35343651900007,13.959425221000117],[100.35293324900005,13.95859921400006],[100.35290495900017,13.958553457999983],[100.35285718000006,13.958477324000114],[100.35218588600009,13.957412849000036],[100.3515078640001,13.95631946800006],[100.35144011400018,13.956212188999984],[100.35099365000019,13.95550795700018],[100.35093582800005,13.955415860000073],[100.35086982000007,13.95530712100009],[100.35000773700006,13.95387480100004],[100.35623821600018,13.949894720000145],[100.35421434900013,13.947253132000071],[100.35300086500013,13.945681127000114],[100.35200039200004,13.944408008000039],[100.35193321900005,13.944321979000108],[100.35190013200008,13.944278545000088],[100.35186738600004,13.944234834000099],[100.3513349980002,13.943519086000038],[100.35129139300005,13.943460759000118],[100.35125849200011,13.943417406000151],[100.35120335500005,13.94334617100003],[100.35073831900013,13.942749187],[100.35069506600018,13.942692255000111],[100.35059166500008,13.942551586000093],[100.35056201300011,13.942512288000046],[100.35044744100003,13.942350153000064],[100.35033076900015,13.942185046000134],[100.35032800700009,13.94218046900005],[100.3503180850002,13.942165274000104],[100.35029735500007,13.942135431000054],[100.35027592400013,13.942106012000181],[100.3502431600001,13.942062274000136],[100.35019889300008,13.942004349],[100.35017644800007,13.941975618000072],[100.35014314199998,13.941934193000066],[100.3500982020002,13.941879358000051],[100.35004168500006,13.941811091000034],[100.34998470400006,13.941743464000012],[100.34979001400012,13.941514534000078],[100.34972110900014,13.9414321430001],[100.34930657000007,13.940928185000132],[100.34926082200019,13.940871953000112],[100.34921585200004,13.940814998000121],[100.34891661100005,13.940426996000156],[100.34885052000016,13.940340480000089],[100.34878573000015,13.940253094000184],[100.34837789300008,13.939697859000148],[100.34834553300004,13.939654141000062],[100.34831284100017,13.939610714000139],[100.34825756800012,13.939539054000079],[100.34773526000009,13.938867467000023],[100.34765771600007,13.938767265000081],[100.34759249100006,13.938681355000085],[100.34721341800008,13.938179166000168],[100.34714806400018,13.938093351000077],[100.34708138600018,13.93800824400006],[100.34667925800011,13.937499108000054],[100.34620293800015,13.936884815000099],[100.346136065,13.93679941500011],[100.34610174700003,13.936757190000094],[100.34606685700015,13.9367153070001],[100.3457391730002,13.936325946000125],[100.34571601700009,13.93629793800011],[100.34568328800015,13.936257589000093],[100.34561866900003,13.936176244000023],[100.34558700400015,13.93613510200015],[100.34556554000017,13.936106126000084],[100.34553386900012,13.936062281999966],[100.34541866500018,13.935900857000036],[100.34539749600009,13.935871662000011],[100.34536561600015,13.93582848300008],[100.34528171200009,13.935716505000073],[100.3447857540001,13.935090655000124],[100.34478306100016,13.935087515000077],[100.34444049600012,13.934687251000184],[100.34436207900012,13.93459563200014],[100.34432276600018,13.934549691000143],[100.34416342600014,13.93439393300008],[100.34402544900018,13.934256928000025],[100.34381728400007,13.93401085000005],[100.34370465000018,13.933854206000092],[100.34362910300007,13.933749146000082],[100.34360858400004,13.933723491000023],[100.34356566500014,13.933671694000054],[100.3434671920001,13.933555154000032],[100.34340929299998,13.93348498000006],[100.34192479300009,13.931667356000162],[100.34188989000012,13.931625391000125],[100.34184425100017,13.931572013000164],[100.34176356600017,13.931479257000149],[100.34171668800019,13.931426162000093],[100.34165603500009,13.931358724000177],[100.34101133500019,13.930645387000027],[100.34096234500004,13.930591856000149],[100.34092493600008,13.930552490000082],[100.34088684300019,13.930514100000096],[100.34084838600012,13.930476037000062],[100.3404884320002,13.930121739000072],[100.34042397800016,13.93005865200007],[100.34039797500009,13.93003363300005],[100.3403585010002,13.929996493000033],[100.34017280799998,13.929824637000024],[100.34013360100005,13.929787237000085],[100.34010784100002,13.929761724000059],[100.34003174200006,13.929684025000086],[100.33923619300003,13.928864760000067],[100.33917255400019,13.928800222000064],[100.33912114000003,13.928749918000165],[100.3378769740001,13.927616515000068],[100.33706660200005,13.926916035000033],[100.3360951360001,13.92609024300009],[100.33486851200007,13.925048273000016],[100.33364667400019,13.924062836000132],[100.3333735870001,13.923829353000087],[100.33325686500018,13.923673339000118],[100.33311344000015,13.923521824000147],[100.3329881590002,13.923426776999975],[100.33286424900007,13.923360076000051],[100.33264407500013,13.923241552000036],[100.33249201300015,13.923137945000065],[100.33229503600012,13.922969316000092],[100.33161455600009,13.922385592000069],[100.33063995900005,13.921601846000101],[100.3305507450001,13.921530104000169],[100.330621704,13.920795556000144],[100.33102436300004,13.918466175000049],[100.331394488,13.917060454000023],[100.33187086200019,13.91439821],[100.33268840500006,13.911881863000076],[100.33314901400007,13.910551179000095],[100.33462277400014,13.906293436000169],[100.3364569310001,13.901650929000027],[100.33860704400013,13.895522243000073],[100.33884049900018,13.894836945],[100.33892429900015,13.894634918000122],[100.33912700300004,13.894369003000065],[100.33990414300007,13.893010469999979],[100.34001079400008,13.892466260000106],[100.34075417100007,13.89109922700004],[100.34129881000007,13.890167634000136],[100.3414109270002,13.889987387000076],[100.34144761300007,13.889636273000121],[100.34163066600019,13.888708806000068],[100.341737297,13.887526156999968],[100.34176809500008,13.886306989],[100.34179570100008,13.884533747000035],[100.3417628900001,13.883369329000118],[100.34079283200015,13.883560946999978],[100.34042615000016,13.883677151000029],[100.34020941500012,13.883735435000062],[100.34008006000016,13.883744299000057],[100.33982115900011,13.883729406000157],[100.33919039500017,13.883655378000071],[100.33856786500019,13.883560910000085],[100.33755663500017,13.883382928000117],[100.33736869400013,13.883367644000089],[100.33721429200017,13.883376647000034],[100.33685927100004,13.883341883000185],[100.33623268100001,13.883267825000075],[100.33575967600007,13.883215765000045],[100.33506287700004,13.883122782000044],[100.33501711600007,13.881431098000064],[100.33363452100019,13.881402215000094],[100.33104012500013,13.881548259000112],[100.32800076700016,13.88240419500005],[100.32793931700007,13.882434476000128],[100.32788087500018,13.882497103000105],[100.32732768400018,13.883875435999983],[100.32668260600008,13.88565129],[100.32650979600015,13.885620254000116],[100.32258072500008,13.884914620000188],[100.32237253100004,13.884841932000029],[100.32214279400017,13.884761725000033],[100.32215765500007,13.884472301000073],[100.32219313600007,13.88302013800012],[100.32231339600003,13.881439273000126],[100.32248272600003,13.87814155600006],[100.32248966100013,13.87803870300013],[100.3225193770001,13.87759791700006],[100.3223988690001,13.877365664000138],[100.3222326880001,13.877344844],[100.32033177000005,13.877182753],[100.31589949500005,13.87679906600016],[100.31345409300002,13.876462861000164],[100.31138765700013,13.87639631900015],[100.31097070300007,13.876437372000055],[100.30935791000013,13.877070029000095],[100.30665450800012,13.877779002000068],[100.30256077700005,13.87881137200003],[100.30198478100016,13.878833849000046],[100.30174553000018,13.878679852000175],[100.30142388900015,13.878002258000038],[100.30039192700019,13.874630631000059],[100.29964266400009,13.871904782000058],[100.29922012600014,13.871276544000125],[100.29873263600012,13.87071579100018],[100.29854323600006,13.870497924000176],[100.29828772900015,13.870328867000126],[100.29778272300013,13.870044680000149],[100.2972864350001,13.869789122000157],[100.29681910800008,13.869552457000168],[100.29613608000005,13.871029432000057],[100.29521107600004,13.872946969],[100.2948649330001,13.873683045000178],[100.29418674200002,13.875125205000131],[100.2938494080002,13.875800108000078],[100.29311897100007,13.877261478000037],[100.29231230300013,13.879006457000116],[100.2923010610001,13.879030770000043],[100.29156810800009,13.880546473000152],[100.29089198600013,13.881928268000024],[100.29000351400015,13.883958109000162],[100.28978311100013,13.884451494000075],[100.2894836170002,13.884959362000131],[100.28897130800016,13.886030892000178],[100.28779026600017,13.888526364000029],[100.28597582100002,13.892333072000099],[100.2845369740001,13.895322065000016],[100.28345405800019,13.897680568000055],[100.28219429500012,13.900326318999987],[100.2814764380002,13.901873730000034],[100.28030474100012,13.904319831],[100.2797771160001,13.905316429000095],[100.27957541100017,13.905715843000053],[100.2793574430001,13.906248132000144],[100.278920873,13.907196527],[100.27829903700007,13.908444659999986],[100.27751000600006,13.910191618000113],[100.2766159310001,13.911958138999978],[100.27612257700014,13.912939906000133],[100.27569161300016,13.913593344000049],[100.27536342100018,13.914077419000023],[100.2751376760001,13.914334247000113],[100.27486266300014,13.914610629000094],[100.27452352900013,13.91490181600011],[100.27392369000017,13.915377662000026],[100.27328461100012,13.915901944999973],[100.27281220900016,13.916203473000053],[100.27232498700016,13.916505080000093],[100.27152759800015,13.91697712500013],[100.270858116,13.917361676999974],[100.27043981000003,13.917624333000049],[100.27013468000018,13.917814042000032],[100.26982955000017,13.918003752000061],[100.26923876100005,13.918330004000097],[100.26847581400006,13.91878256800004],[100.26780122800005,13.919138201000067],[100.26647493400009,13.919966385],[100.26544878200008,13.920607142],[100.265448989,13.920608710000124],[100.26549013800013,13.920695472000034],[100.26551883400003,13.920755973000155],[100.26579642500019,13.921288243000163],[100.26592293400006,13.921530811000139],[100.26693110000019,13.923203694000108],[100.26698935100012,13.923300351000023],[100.26737386400004,13.92393319000007],[100.26788628400016,13.924776529000098],[100.26844425100006,13.925670809000053],[100.26912672500004,13.926757386000133],[100.26933559400015,13.927071417000093],[100.2694304530001,13.927214043],[100.26959748600018,13.92749394599997],[100.26999862600013,13.928166153000063],[100.27063142100019,13.929195100000072],[100.27135857500014,13.930320024000025],[100.27206608700004,13.931464340000048],[100.27242967000018,13.932026800000017],[100.27309634300019,13.932925326000145],[100.27365318900007,13.933607360000053],[100.27425936100013,13.934279492000087],[100.27492145800011,13.934871507000139],[100.27505343900015,13.934994047000146],[100.27530146900006,13.935195337000096],[100.27585248200006,13.935713395000164],[100.27657281300009,13.936486216000048],[100.27695494600016,13.936826685000085],[100.27755564900002,13.937397539000074],[100.27801754800015,13.937872650000031],[100.27828076900016,13.93814138300013],[100.27888160600008,13.938736346999974],[100.27991419200004,13.939710106000177],[100.28060430100004,13.940372128000092],[100.28085257900017,13.940616824000074],[100.28102651300014,13.940813672],[100.28121529400005,13.941015272000186],[100.28132458300013,13.941130462000103],[100.28147363800014,13.941293678000136],[100.28214413900008,13.941979916000037],[100.28303313800018,13.942882060000102],[100.28378782800013,13.94363334100018],[100.28385252000015,13.943697741000165],[100.28460749500016,13.944475174000104],[100.28547691700015,13.945406356000035],[100.28626218,13.946299378000049],[100.2870080150002,13.947207089000074],[100.28744980200003,13.947849806000079],[100.28770506,13.948221168000089],[100.28847128100011,13.949239702000114],[100.28856377000005,13.949368576000154],[100.28928803300016,13.950377779000064],[100.28943687400016,13.950585176000061],[100.2905887880001,13.95222738100017],[100.29097963700019,13.952802219000091],[100.29170421700007,13.95386788899998],[100.29210435200008,13.954414148000183],[100.29309327100009,13.955764200000147],[100.293926688,13.957021869000187],[100.29397893200007,13.957100708000041],[100.29441264400009,13.957755192000036],[100.29513098199999,13.95880899399998],[100.29551924900005,13.959378578000042],[100.29694474100006,13.961497616000088],[100.29813960500019,13.963253059000067],[100.29821991900008,13.963371049000102],[100.2979949970001,13.963518918000148],[100.29791960300008,13.963565494000079],[100.29687237500013,13.964272870000173],[100.29635724400003,13.964624141],[100.29569931200012,13.965054408000185],[100.29507049000017,13.96547978000001],[100.29427959800012,13.966010333000156],[100.29373782000005,13.96637358900017],[100.29315012100017,13.966775030000065],[100.29251157599998,13.967200440000113],[100.29202296500017,13.967520742000147],[100.29152467600005,13.967848205000166],[100.29100935400004,13.968168639],[100.29041670300012,13.96855350400017],[100.29006835900009,13.968778218000125],[100.28980721600004,13.968966902999966],[100.28927276100018,13.969339601000115],[100.28882780700013,13.96965491900005],[100.28844088000017,13.969927253000037],[100.28780941500003,13.970319433000157],[100.28699668800004,13.970859561999987],[100.2863846950001,13.971261111000103],[100.28626141900003,13.97135897100003],[100.28586512200019,13.971692995000126],[100.28554124400006,13.971953135000149],[100.2848040900002,13.972552135000171],[100.28453112900007,13.97280014900008],[100.28446107700012,13.972864534000166],[100.28402868300003,13.973258019000127],[100.28332330100011,13.973894776000122],[100.28262044000013,13.974550490000013],[100.28202386000015,13.975108427000123],[100.28157459200014,13.975525708000077],[100.28102158800004,13.97606207500013],[100.2807680160002,13.976305244000116],[100.28007732000003,13.976967999000124],[100.27955340400007,13.97749710100004],[100.27876852600014,13.978252812000107],[100.27790154500008,13.979089560999967],[100.27737739800011,13.979578358000026],[100.27686058200015,13.980076593000149],[100.27628115300013,13.980667627000173],[100.27609042300014,13.980863037000177],[100.27570987200016,13.981199242],[100.27500920200009,13.981863929000042],[100.27447245300004,13.982398235],[100.27407667600005,13.982784410000079],[100.27375392300007,13.983143406000124],[100.27328552300003,13.983632689],[100.272654031,13.984404199999972],[100.27251847900015,13.984591389000116],[100.27214109500005,13.985112559000072],[100.2717158580001,13.985745929000075],[100.27154227200015,13.986004487000173],[100.2710610040001,13.986650149000127],[100.27039378600017,13.987582628999974],[100.26998144600014,13.988294241000062],[100.2697886410001,13.98865080600018],[100.26978646300006,13.98865527800018],[100.26965677400011,13.988885831000175],[100.2696397360001,13.988916120000113],[100.26959570400004,13.989024601000096],[100.26947678300002,13.989317561000178],[100.26947249200015,13.989326799000082],[100.26929855900005,13.989700911000114],[100.26901392100012,13.990341079000132],[100.26892843600007,13.990590773000179],[100.26879334100016,13.990985374000047],[100.26858170900005,13.991593894000118],[100.26840546400012,13.99198338500014],[100.26836948600015,13.992095225000128],[100.26832949500016,13.992309817000148],[100.26830059700006,13.992439504000117],[100.26821790000008,13.992810626000107],[100.26812418200012,13.993176234000146],[100.26809428800016,13.993292867000093],[100.26807460200013,13.993369660000155],[100.26804726200015,13.99348172700013],[100.26797380900018,13.993630514000074],[100.26796765900002,13.993642976000046],[100.26787098400013,13.993772688000092],[100.26773482700014,13.993965448999973],[100.2677010230002,13.99400020500019],[100.26751650800009,13.994189907000077],[100.26712074900013,13.994585003000111],[100.26658083100006,13.995078589000059],[100.26656551100001,13.995092592999981],[100.26597797000016,13.995546753000099],[100.2654953230001,13.99594677400006],[100.26502160400008,13.996306548000177],[100.26431068400007,13.996783682],[100.26352704200008,13.99734605100008],[100.26296665400008,13.997750935000056],[100.26242900800014,13.99812071100007],[100.26285270500011,13.998482992000106],[100.26351909300001,13.999038251000115],[100.2644561260002,14.00000744700003],[100.26558179900019,14.001208043000076],[100.26453111500012,14.002607894000164],[100.26328989400014,14.004354847000059],[100.26330570600004,14.004468487],[100.26335532300016,14.004545928000141],[100.26406799900013,14.005309686999965],[100.26608515600014,14.00750137100016],[100.2662988300001,14.007663718000174],[100.2663729570001,14.007735326000045],[100.2664817380001,14.007932257000107],[100.26650294400008,14.007955297000024],[100.26650495300015,14.007957476000115],[100.26638904700019,14.008061925000163],[100.26634442100004,14.008097382000187],[100.26573159700013,14.008584297000027],[100.26525429000014,14.009053955000184],[100.26507304600011,14.009232296000107],[100.26426034500008,14.009983327000157],[100.2640663210002,14.010168096000086],[100.26443118600008,14.010769868000125],[100.26570356800005,14.012939299000152],[100.26652771599998,14.014408649000188],[100.26750580500004,14.016155602000083],[100.26817111000008,14.017342569000107],[100.26817779200013,14.017354277000038],[100.26899018900008,14.018778328000167],[100.2690247650001,14.018806950000055],[100.26905928400004,14.018825970000023],[100.26909377500016,14.018840190000162],[100.26912364500015,14.018907233999983],[100.26944641600011,14.02101615100014],[100.26943795800008,14.0210499370001],[100.26941428200013,14.021064824000177],[100.26911553600007,14.021009731000163],[100.2691029240001,14.021007406000024],[100.26905327700018,14.021013994000043],[100.26902749700014,14.021039437000127],[100.26902736900013,14.021059235000166],[100.26926566400005,14.021796596000172],[100.26969787000013,14.023421993000056],[100.26990581400008,14.023431465000158],[100.27183587500019,14.023519399000122],[100.2720004890001,14.023523736000072],[100.27248486300005,14.023537251],[100.27272277000009,14.02355501400018],[100.27313363100006,14.023589825000101],[100.27373012800012,14.023626099000069],[100.27505589700013,14.023744215000079],[100.27686541200006,14.023851687000104],[100.27694289700014,14.023938989000044],[100.27695656100019,14.024089279000066],[100.27647388500009,14.024993996000035],[100.27566983500014,14.026457868000023],[100.27517811700017,14.027284821000137],[100.2748929280001,14.027764427000022],[100.27407945300018,14.029102925000075],[100.27399050700012,14.029249275000097],[100.27323426900006,14.03037360500008],[100.27250754200008,14.031264684000178],[100.27134546500008,14.032611325000119],[100.2694681930002,14.03560614300011],[100.26894857600013,14.036544455000126],[100.2686566230002,14.03739246900011],[100.26836452600008,14.038470568000037],[100.2679857390001,14.039868607000187],[100.26790361600018,14.040255625000043],[100.26731851200009,14.043013003000112],[100.2672780330002,14.043389276000084],[100.26708626300012,14.045171824000136],[100.26706445400004,14.045377827000038],[100.26687097000018,14.046357678],[100.26655176800006,14.047917447000032],[100.26610435200013,14.050285727000016],[100.26566380100019,14.05260518800003],[100.26534412500007,14.05418879900003],[100.26523666100002,14.054767779000144],[100.26486790600018,14.056515412000067],[100.26471068000012,14.057132981999985],[100.26467688200017,14.057478120000155],[100.26464252900007,14.057722210000065],[100.26451675300018,14.05821765900015],[100.26439929800011,14.05892909900001],[100.26428179300007,14.059630090000041],[100.26420475700007,14.059902277000106],[100.26415246300002,14.060110910000049],[100.26416128900007,14.060159499000065],[100.26425896600006,14.060226841000087],[100.2647544200002,14.060577548000083],[100.26534902200018,14.061008029999982],[100.26569613600014,14.061305988000129],[100.26626411300015,14.06188114300005],[100.26698156700019,14.062712461000046],[100.26763295600017,14.06349594600016],[100.26784242800005,14.063692911000032],[100.26804640700016,14.063889902000085],[100.26827211800008,14.06404930900004],[100.2689549160001,14.064559621000114],[100.26948888600003,14.064931526000066],[100.26979160500014,14.06513335699998],[100.27029866700019,14.06559640200004],[100.27054166300002,14.065905605000125],[100.27082899800007,14.066300220000187],[100.27094645200003,14.066585659999987],[100.27098358300003,14.066696863000061],[100.27102559500008,14.06678381200004],[100.27113442900003,14.06693528600016],[100.27122011100005,14.067032145000098],[100.27136020300009,14.06720372500007],[100.271577492,14.067439773000046],[100.27180094100015,14.0676636230001],[100.27206803000013,14.067891291000137],[100.27217674700012,14.068022494000047],[100.27228966500007,14.068161779000093],[100.27234214400005,14.068262868000033],[100.27236331300014,14.068335737000098],[100.27237228000007,14.068455295000035],[100.2723730310002,14.068591125000125],[100.27236709700009,14.068643861000055],[100.27234078000015,14.068767664000063],[100.27230227500007,14.068940184000098],[100.27228009400005,14.069059911000181],[100.27226815300008,14.069153227000072],[100.27226450100011,14.069244475000175],[100.27226537600012,14.069402599000114],[100.2722790700002,14.069625524000173],[100.27227975300013,14.069679124000174],[100.27228275100003,14.069915408000156],[100.27228070100006,14.070296541000175],[100.27229088300015,14.070635042000049],[100.27227919500007,14.07077498600006],[100.27226094800011,14.070854146000045],[100.27223243700013,14.070957689000181],[100.2721568680002,14.071187168000051],[100.27210762600004,14.0714025420001],[100.27206359400009,14.071595139000124],[100.27200305300016,14.071913737000045],[100.27196479000008,14.072130855000069],[100.27196521600013,14.072207894000144],[100.27196986600018,14.072297068000069],[100.27199309600013,14.072367898000039],[100.2720537960002,14.072452726000165],[100.27217066900016,14.072555502000114],[100.27227492399999,14.072629959000153],[100.27242698200013,14.072712275000015],[100.27255197400018,14.072780543000022],[100.27283915100008,14.07288444600016],[100.27301194700016,14.072960569000145],[100.27319107200015,14.073054913000135],[100.27337451600005,14.073177607000162],[100.27351432500012,14.073296475000063],[100.27364169200013,14.073419465000086],[100.27375042500012,14.073552691000089],[100.27385461500006,14.073696550000022],[100.27388645600013,14.073740513000189],[100.27395141000017,14.073843558000135],[100.27400180200004,14.073942626000132],[100.27409240700018,14.074177316000032],[100.27429717000018,14.074774278],[100.27441121200019,14.075116282000067],[100.27464994400003,14.075846862000105],[100.27473447000011,14.076107938000064],[100.27481877400015,14.076330489999975],[100.27509878900014,14.077014227000177],[100.275468617,14.078163756000151],[100.27556460800008,14.078518553000094],[100.27561704500005,14.078712360000054],[100.27568245800006,14.07889852400001],[100.27573118800018,14.079015052999978],[100.27573238300016,14.079017918000147],[100.27577296700014,14.079114961000073],[100.27588434400002,14.079349540000067],[100.27597274300018,14.079559906000043],[100.2760235070001,14.079725872000097],[100.27607527100014,14.079935123999974],[100.27608224900018,14.079963337000095],[100.27615523300017,14.080258346999983],[100.27621064000004,14.08053039900011],[100.27630041800018,14.080971177000038],[100.27633553800007,14.081311569000093],[100.27637603300013,14.08149786399997],[100.27641937099997,14.081821996000144],[100.27645446900004,14.082158338999989],[100.27649375700008,14.082500738000022],[100.27652649500016,14.082786407000128],[100.27658016300018,14.083100351000155],[100.2766169460001,14.083365725000078],[100.27667688800005,14.08368774600018],[100.27670605500009,14.08387336300018],[100.27672057900003,14.083965800999977],[100.2767683670001,14.08426993400019],[100.2767866960001,14.08438656800007],[100.27680626400013,14.08454459100011],[100.27681295600013,14.084627673000057],[100.27682033700012,14.084834415999978],[100.27684097800017,14.085351109000044],[100.27684446500018,14.085438410000052],[100.27685857900008,14.085736350000047],[100.27687241000007,14.086293445000024],[100.27688215500007,14.08662508100008],[100.27689011100006,14.086726642000087],[100.27689794800006,14.086826649000102],[100.27690074000014,14.087039559000118],[100.27690141600016,14.087091279000106],[100.27690187400003,14.087126356999988],[100.27690485700003,14.087256371000137],[100.27691153800015,14.08764531900016],[100.27691154900003,14.087645680000094],[100.27691156500003,14.087646040000095],[100.27693212500014,14.088100313000155],[100.27693326400015,14.088118555000051],[100.27694700100011,14.088339352000105],[100.27695580100016,14.088500194000062],[100.27696555200015,14.088630172000023],[100.276976704,14.089011380000102],[100.27697876800016,14.089382724000075],[100.27697698300011,14.089670340999987],[100.276977939,14.089842237000028],[100.27698199700018,14.089963431000115],[100.27698349400004,14.090029539000057],[100.27698441700005,14.090195493000124],[100.27698503800019,14.09030721800002],[100.27697632100006,14.090567321000151],[100.276971415,14.090903439000044],[100.27696826700009,14.09114919100017],[100.27696915600012,14.091308967000032],[100.27697765500017,14.0914158060001],[100.27698959300011,14.09153255200016],[100.27700306300017,14.091722013000094],[100.27700091100013,14.091943519000154],[100.27700699400003,14.092225580000104],[100.27701797700013,14.092577043000176],[100.27702000700015,14.092739019000078],[100.27701189600009,14.09310710700015],[100.27699893700014,14.093618477000177],[100.2769918260002,14.09416727700011],[100.27699424000002,14.094601428999965],[100.27699006000006,14.094864817000087],[100.27698408600008,14.095211960000142],[100.27697495500013,14.095599887000162],[100.2769748070001,14.095776200000103],[100.27698355600006,14.095928224999966],[100.27699342400012,14.096079136000128],[100.27699202200006,14.096232311000108],[100.27699567300004,14.096483536],[100.27697942200007,14.096605936000174],[100.2769673460001,14.096667707000051],[100.27694204900007,14.096787956000128],[100.27693863800005,14.096807795000075],[100.27691908300011,14.096921410000164],[100.27690510400015,14.097047105000172],[100.27690001200006,14.097146308000106],[100.27689462200016,14.097395374000143],[100.27689678200016,14.097580489999984],[100.2769005340001,14.097646583000028],[100.27691918400006,14.097751173000177],[100.27695419000008,14.09795484600005],[100.27697900600003,14.098155268000141],[100.27698521200017,14.09825550800008],[100.27698844300016,14.098430699000062],[100.27698658600013,14.098502339000163],[100.27696881000008,14.098756976000175],[100.27694121299999,14.099073379000174],[100.27693485600008,14.09914834400007],[100.27693516800014,14.099204548000102],[100.27693540100006,14.099246419000053],[100.27694137700018,14.099305890000096],[100.27694964900019,14.099371960999974],[100.27696748200015,14.099532748000058],[100.27698065400017,14.099669325000093],[100.27698199200012,14.099687816000085],[100.27701720700009,14.099947916000133],[100.27706848800017,14.100236354000174],[100.27710665600011,14.101211371000147],[100.27711053400009,14.101211005000096],[100.27919204400018,14.101015732000178],[100.27972011600014,14.100977948000093],[100.28041758100005,14.100917665000168],[100.28109059200006,14.100870570999973],[100.281696743,14.100826004000112],[100.282240904,14.100781537999978],[100.28372984300017,14.100698103000127],[100.28372303900017,14.100786925000023],[100.28371196500012,14.100952666000126],[100.28363373000013,14.10208091000004],[100.28358962700014,14.102594626000098],[100.28347175300013,14.103356310000038],[100.28338135600006,14.10394821000017],[100.28334645100011,14.104483673000175],[100.28329433200014,14.105130198000097],[100.28329849300019,14.105476147000047],[100.28328493400005,14.105841773000066],[100.28326888700008,14.10616172300007],[100.28321551400018,14.106584137000027],[100.28318385100016,14.106901990000154],[100.28315241000013,14.107186149000142],[100.28313464900015,14.10747046900019],[100.28312134100014,14.107683481000038],[100.28308160800009,14.108069939000075],[100.28309425300017,14.10842126100016],[100.28309487400014,14.108532226000023],[100.28309156100016,14.108736781000175],[100.28309020600011,14.109291649000056],[100.28308401400011,14.109779086000174],[100.28308450100008,14.1098661260001],[100.28308037,14.109924898000145],[100.28307174500009,14.109977162],[100.28298771000016,14.110497655000188],[100.2828841070002,14.111107470000093],[100.28277652800011,14.111804336000034],[100.282750895,14.112004658000103],[100.28272704900019,14.112524829000051],[100.28270318500017,14.113040646],[100.28266342500007,14.113506509000104],[100.28264841600014,14.113613205000036],[100.28262059100007,14.113820070000031],[100.28259487200017,14.114005156000076],[100.28258443200019,14.114131415000145],[100.28256005100002,14.114555854000173],[100.28253162400006,14.115452485],[100.2825321840001,14.115552573000116],[100.28251936800012,14.11565273400015],[100.28246544500018,14.115977231999977],[100.28244213300007,14.116194949000146],[100.28242322000017,14.116399586000114],[100.28241929100011,14.116495348000058],[100.28239028400009,14.116889346000164],[100.2823140750001,14.118049992000067],[100.28229419900009,14.118756322000081],[100.28227582800008,14.119507926000097],[100.2822445070002,14.120186164000074],[100.28222295100005,14.120816618],[100.2822160250002,14.121147122000025],[100.28219268800012,14.121459352999977],[100.28216967400016,14.121829114000093],[100.28214278700017,14.122179307000067],[100.28212157200011,14.122421764000137],[100.28211482000006,14.122560104],[100.28210535700009,14.122661745000187],[100.28208617800016,14.122820957000044],[100.28202125900003,14.12354588800008],[100.28190982300003,14.125155434000021],[100.28182202700009,14.126423542000111],[100.2817902910001,14.126881928000046],[100.28178118400018,14.127013465000175],[100.28338724399998,14.128062956000065],[100.28423338800019,14.128669266000145],[100.28545321200005,14.129611425000178],[100.28692551200004,14.130823995000128],[100.28944610700012,14.132899873000156],[100.29006305600006,14.133426942000142],[100.29051561100016,14.13381356200017],[100.29152696700015,14.134677556000042],[100.29208311900015,14.135152672000117],[100.29309902900019,14.136048298000162],[100.29359681800008,14.13663037100008],[100.29476239400009,14.137993286000153],[100.29606270400018,14.139312669000162],[100.296765881,14.139660761000187],[100.29722252400006,14.13980529500003],[100.29758965600007,14.139961183000139],[100.29794776500012,14.140143204000026],[100.29803358000004,14.14018682200009],[100.29815951600011,14.140205876000039],[100.29862418800019,14.140239399000052],[100.2992462950001,14.140245520000121],[100.30002376100009,14.140222343000062],[100.3002371560001,14.140145310000037],[100.3011002630002,14.139799175000064],[100.30193355100005,14.139339376000123],[100.30820874699998,14.136428943000112],[100.31600723700006,14.132116082000039],[100.32084020400004,14.129635987000086],[100.32279922200013,14.129514622000102],[100.32294838700011,14.129505380000012],[100.32469812300008,14.129430444000036],[100.32588150100014,14.129386050000107],[100.32783744500017,14.129312660999972],[100.33020983500018,14.129204103000063],[100.33284920800014,14.128978501000063],[100.33314749200014,14.12893164000019],[100.33376827400014,14.128576556000098],[100.33478741200008,14.127681750000136],[100.33594842600007,14.126760574000116],[100.338239741,14.1242353720001],[100.33945098500004,14.122716391000097],[100.34049259000017,14.12140077100014],[100.34213389900015,14.118319511999971],[100.34231644200008,14.118004564000046],[100.3438321320001,14.115156710000122],[100.34403512600016,14.115039228000171],[100.34404018300017,14.115030501999968],[100.3440956770001,14.114821754000104],[100.34410206200005,14.114787454000123],[100.34409960300007,14.11474249500003],[100.34408618300006,14.114642374000027],[100.34406588200005,14.114557545000025],[100.34372696200006,14.113120876999972],[100.34370264500012,14.113016044000119],[100.34362663100006,14.112684498000021],[100.34360628500013,14.112597329000039],[100.3435934090001,14.112544853000145],[100.34358007300011,14.112492325000062],[100.3433997480002,14.111792501000025],[100.3433732260001,14.111687413000027],[100.34336129000019,14.111635682000099],[100.34333394600009,14.111502621000056],[100.3433268330001,14.111469413000123],[100.34331898500017,14.111435070000027],[100.34329825000015,14.11134945700013],[100.34321769600007,14.11102450400017],[100.34319254899998,14.110921633000089],[100.34303700999999,14.110263274999966],[100.34301620000008,14.110176736000028],[100.34300297300013,14.110125144],[100.34297943000007,14.110040020999975],[100.34285872900011,14.109615164000104],[100.34283897800015,14.109547313000064],[100.3428136710001,14.109463791999985],[100.34280398200008,14.109430385000167],[100.34279497000006,14.109396478000122],[100.34278648100013,14.109362432000125],[100.34276217500008,14.109259980000047],[100.34271018700008,14.109037826000133],[100.34269445299998,14.108969415000047],[100.34267142200014,14.108864972000049],[100.34257685800014,14.108429509000132],[100.34254706800016,14.108289650000017],[100.34236769300014,14.107429617000037],[100.34235272900014,14.107359770000187],[100.34234481200014,14.107325390000028],[100.34234062400014,14.107308487000125],[100.3423362110002,14.107291883000187],[100.34233148500016,14.107275669000046],[100.34232635000018,14.107259992000081],[100.34232067700015,14.107245013000181],[100.34231377400005,14.10722870300009],[100.34230852200011,14.107214431000159],[100.34230388700018,14.107199496000078],[100.342299717,14.10718405300014],[100.34229590100006,14.10716821800014],[100.34228900500005,14.107135764000134],[100.3422827220001,14.107102659000134],[100.34227680200019,14.10706922200012],[100.34226845300009,14.107018760000017],[100.34225785200005,14.106948087000148],[100.34220973400011,14.106612318000145],[100.3421974630001,14.106523946000152],[100.34218207400016,14.106401295000182],[100.34214148900008,14.106068236000056],[100.34213104700012,14.105980564000106],[100.34212526300018,14.105927506000171],[100.34212059500015,14.105879132000041],[100.34211659100015,14.105837627000085],[100.34202532600017,14.104848526000069],[100.34201989300016,14.10479462100011],[100.34201594400008,14.104759225000066],[100.3420096000001,14.104706184000179],[100.34200286200007,14.104653185000132],[100.34199559000018,14.104600732000165],[100.34198265200018,14.104513810000071],[100.34197492400006,14.104463867000106],[100.34197189999998,14.104444332000185],[100.3419603700001,14.104374122000081],[100.34181858400012,14.103546842000185],[100.34180293000003,14.103458715000102],[100.34177084300012,14.103282307000029],[100.34175839900018,14.103211681000062],[100.3417441850001,14.10312422000004],[100.34173091400015,14.103036622000047],[100.34171901400003,14.102948967000032],[100.34169623200012,14.10277351500008],[100.34168504400009,14.10268576599998],[100.34167652700017,14.102615028000173],[100.34155616800007,14.101568636000081],[100.34154662100008,14.101481130000138],[100.3415385990001,14.101398434000032],[100.3415342290001,14.101348781000127],[100.34152888800008,14.10127892000014],[100.34150445900013,14.100929436000172],[100.34150234700013,14.100894477],[100.34150063800007,14.100859499000137],[100.34149949600015,14.100823440999989],[100.34149878000011,14.100787368000113]]]}},{"type":"Feature","properties":{"districtCode":"TH1206","provinceCode":"TH-12","nameTh":"อำเภอปากเกร็ด","shapeName":"Pak Kret","shapeISO":"TH1206","shapeID":"TH1206","shapeGroup":"THA","shapeType":"ADM2","labelPoint":[100.50407126,13.93583615]},"geometry":{"type":"Polygon","coordinates":[[[100.41083004800004,13.987141363999967],[100.41227827600011,13.986767593000025],[100.41233152300003,13.986753399000122],[100.41240165700015,13.986734139000134],[100.41301473100003,13.98656357800013],[100.41306735800003,13.986549247000085],[100.41310252900001,13.986540016000163],[100.41315494100013,13.986527051000053],[100.41320748200008,13.986514555000099],[100.41355807100007,13.98643247700005],[100.41361054100014,13.986419729000033],[100.4136454400001,13.986410798000122],[100.41373244600004,13.98638719000013],[100.41411466700009,13.986281049000127],[100.41418411500018,13.986261589000094],[100.41423607000013,13.986246584000185],[100.41432137600009,13.986220419000063],[100.4146617990001,13.986113165000063],[100.41471298600015,13.986097477000044],[100.41476522300013,13.98608227000011],[100.41485332100012,13.986057856000059],[100.41520615000007,13.985961602999964],[100.41527553900005,13.985943264000127],[100.41551416000016,13.985881922000033],[100.4155649440001,13.985868333000099],[100.4156830190002,13.985836056000153],[100.4157342330002,13.985822437000024],[100.41582155200001,13.985800147000134],[100.41611872400011,13.985725365000121],[100.4161712200002,13.985712399000136],[100.41622386699999,13.985700069000188],[100.41625788400006,13.985692783000104],[100.41629199500017,13.985685899999964],[100.41636040400005,13.985673025999972],[100.41641450500015,13.985663761000012],[100.41657702900011,13.985637122000014],[100.41663102500013,13.9856274280001],[100.416648953,13.985623866000026],[100.4166812260001,13.98561679900007],[100.41672938300007,13.985605087000124],[100.416765043,13.985595708000176],[100.41681840400008,13.985581105000108],[100.41836409300015,13.985151378000182],[100.418470818,13.985122225000168],[100.41852447600019,13.985108746000037],[100.41857846600004,13.98509641600009],[100.41883114100011,13.985041751000097],[100.4189212550001,13.985021681000035],[100.41897198300018,13.985009579000064],[100.41902260600006,13.98499703900012],[100.41907312000012,13.984984097000108],[100.41910827600003,13.984974734000104],[100.41930120300009,13.984921597000096],[100.41935371400007,13.984906773000091],[100.4193886290002,13.984896584000069],[100.41945641900014,13.984875673000033],[100.41964234300008,13.984816597000076],[100.41967626600012,13.984806270000036],[100.41971034500017,13.984796488000143],[100.41974527600013,13.984787358000062],[100.41978036300009,13.984778782000092],[100.42000926700007,13.984725940000146],[100.42005204800012,13.98471569500009],[100.42006196400007,13.984713319999969],[100.42009693700004,13.984704356000123],[100.42011433400012,13.984699576000082],[100.42012645100016,13.984695973000044],[100.42014692300006,13.98468988500008],[100.4201793380002,13.984679612000036],[100.4202601880001,13.98465324000017],[100.42029263100005,13.984643021000124],[100.42034113800008,13.98462888400013],[100.42037372099998,13.984620337000024],[100.42039149100003,13.98461608800011],[100.42042718900018,13.984608196000181],[100.42048094500018,13.98459716900004],[100.42055194400007,13.984583188000045],[100.42091184700013,13.984512315000131],[100.42101944500013,13.984490555000093],[100.42107326600006,13.984478674000115],[100.42112703100014,13.984466043000054],[100.42118066300014,13.984452861000022],[100.42123199400004,13.984439580000071],[100.42138567500007,13.984398536000072],[100.42148807100017,13.984370691000152],[100.42177858700006,13.984288990000039],[100.42188094000011,13.984259572000099],[100.42198652500002,13.984227356000076],[100.42252114700005,13.984061203000124],[100.42254874200012,13.984052627000096],[100.42260151300013,13.98403646700001],[100.42265446000016,13.98402089300015],[100.42268998300017,13.984011121000037],[100.42274344800006,13.98399705900016],[100.42311840400015,13.98390103500003],[100.42318990900014,13.983883088000027],[100.42324362700015,13.983870267000157],[100.42333158100013,13.983850357999984],[100.42354870600008,13.983801211000127],[100.4235793110002,13.98379413500004],[100.42360248200009,13.983788778000076],[100.42365497300005,13.983776091000152],[100.42381031700012,13.983736879000105],[100.42400003400013,13.983688390000111],[100.42406911000012,13.983669815000042],[100.42419131600013,13.983635467000056],[100.42424421900017,13.983621954000114],[100.42433303100006,13.983601180000164],[100.42454247500012,13.983553569000037],[100.4246888850002,13.983520285000111],[100.42474218800004,13.983507851000184],[100.42481332900019,13.98349013100011],[100.42486673700012,13.983475978000115],[100.424972573,13.983447351000109],[100.42505458800014,13.983425167000064],[100.42516897900009,13.983394223000175],[100.42525812900004,13.983371299000055],[100.42534762000003,13.983350290000033],[100.42607835000013,13.983168472000045],[100.42733404600011,13.98285602600015],[100.42752897000008,13.982798664000029],[100.42897918300008,13.982439575000058],[100.42910460300016,13.982408939000038],[100.42915756100007,13.982396803000086],[100.42924522000015,13.982377670000176],[100.42957857700009,13.982306008000137],[100.42967384200006,13.982285911000133],[100.42970327900008,13.982279701000152],[100.43156527300016,13.98189321100017],[100.43159519400007,13.981887],[100.43170348700005,13.981864910000013],[100.43202890200007,13.981799620000118],[100.43217187800019,13.981769760000134],[100.4326346520001,13.981671364000022],[100.43274154000005,13.981648234000033],[100.43347659800014,13.981482030000166],[100.43358423900003,13.98145800900005],[100.43369091699998,13.981435299999987],[100.43370688800019,13.981431954000072],[100.43408235700008,13.98135330100007],[100.43415344700009,13.981338034000146],[100.43424314800012,13.981317635000153],[100.43431471200017,13.981300588000067],[100.43436809400015,13.981286768000132],[100.43440351600009,13.98127653],[100.43447396300013,13.981254663000072],[100.43470239200013,13.981181657000093],[100.43475479199998,13.981164037000042],[100.43478932400018,13.981151313000055],[100.43480469300016,13.981145129000083],[100.43483510800007,13.981132005000063],[100.43486513800008,13.981118038000034],[100.43488000600007,13.981110746000184],[100.43491145100006,13.98109443800007],[100.43494252699998,13.981077436000078],[100.43497329000013,13.981059899000115],[100.43500365500006,13.981041712000149],[100.43501892000018,13.98103211300014],[100.43504913200019,13.981012418000034],[100.43504973100016,13.98101201500009],[100.43509402000018,13.980982218000179],[100.43545164200009,13.980738482999982],[100.43549659100017,13.980708378000088],[100.43555709700001,13.980668807000086],[100.43608877100013,13.980325828000048],[100.43618008600015,13.980267291000075],[100.43625733500005,13.980219114000079],[100.436475,13.98008548000007],[100.43652140000017,13.980056491000084],[100.43655205100009,13.98003675700005],[100.43658230100016,13.980016511000144],[100.4366272540002,13.979985529000032],[100.43689545100011,13.979797412000039],[100.4369255090001,13.979776918000084],[100.43695593300015,13.979756991000158],[100.43697137800007,13.97974739000017],[100.43700236400014,13.97972937600008],[100.43704969100008,13.979703676999975],[100.4371453500001,13.979653828000039],[100.43725166700011,13.979599111000027],[100.4373213630002,13.979563241000108],[100.43736894800014,13.979538110000078],[100.43739997,13.979520633000106],[100.43741505600019,13.979511455000079],[100.4374297010001,13.97950181400006],[100.43744373500016,13.979491543000051],[100.4374569490002,13.979480405000174],[100.43746816400017,13.979469288000075],[100.43747870800013,13.97945745100003],[100.43748877600007,13.979445103000103],[100.43749855100009,13.979432412000051],[100.43752759400007,13.979393673000118],[100.43754743500006,13.979368823000186],[100.43754905500003,13.9793667940001],[100.43757126900005,13.979340398000033],[100.43759392500016,13.97931429800019],[100.43765149400002,13.979249754000023],[100.43768656100019,13.979211527000132],[100.43771039500001,13.979186504000097],[100.43772255600004,13.97917424700006],[100.43773496400019,13.979162233000125],[100.43774827700014,13.979149968000115],[100.43777562600019,13.979126168000107],[100.43780353,13.979102930000124],[100.43783170800003,13.979079969999987],[100.43793086000005,13.979000161000044],[100.43800195000011,13.978943487000151],[100.43804483800011,13.97891020700007],[100.4381311520001,13.9788447520001],[100.43829525800004,13.97872095100007],[100.43870771900015,13.97840979200015],[100.43876518500008,13.978366070999982],[100.43879366400006,13.978343905000088],[100.43883319000014,13.978311820000044],[100.43888324400018,13.97826921900014],[100.43890795800007,13.978247567000153],[100.43893250000019,13.978225551000094],[100.43900557500007,13.978158389000043],[100.43903014800009,13.978136236000068],[100.43904257200006,13.97812532000006],[100.43906730000015,13.978104346000123],[100.43910513100013,13.97807374000007],[100.43913085200006,13.978053945000113],[100.43915914600007,13.978033252999978],[100.43918784600015,13.978013093000072],[100.43921685800007,13.977993346000176],[100.439246202,13.977974079999967],[100.43926151700015,13.977964372000088],[100.43935428400005,13.977907465000044],[100.43938489600009,13.977888079000081],[100.43941339800017,13.977868846000149],[100.4394266500002,13.977859394000063],[100.43945274300012,13.977839944000095],[100.43947824500009,13.97781978400019],[100.43950336400013,13.977798447000112],[100.43955291800017,13.97775354300012],[100.43957797600012,13.977731393000056],[100.4396060740001,13.977708189000111],[100.43964925500006,13.977674532000037],[100.43970758900008,13.977630503000057],[100.44049779500011,13.977039182000055],[100.44058545200016,13.976973307000037],[100.44062846600013,13.976940379000155],[100.44067016300016,13.976907851000135],[100.44087781500008,13.976744180000026],[100.44093897200008,13.976696269000058],[100.44094719700013,13.976689826000097],[100.44103212100009,13.976624423000146],[100.44123077300014,13.976472416000092],[100.44124023100005,13.976465298],[100.44131727300004,13.976407320000021],[100.44155157200015,13.976233854000043],[100.44162469500009,13.976179125000044],[100.44258856200014,13.975446823000027],[100.4427037010002,13.97535733500007],[100.44415255200005,13.974224148000019],[100.44425369600009,13.974146201000053],[100.44464529100009,13.973846885000171],[100.44468903600006,13.973814011000115],[100.44476226800009,13.973759939000104],[100.44593654100015,13.9728980860001],[100.44599506700018,13.972854760000075],[100.44605307000012,13.972810795000044],[100.44734898300015,13.971810270000162],[100.44743514800007,13.971743285],[100.4474772760002,13.971709713999985],[100.44751887200005,13.971676021000121],[100.44783675000008,13.971416507000185],[100.44789188700008,13.97137090800004],[100.44795341300005,13.97131922],[100.44802993200005,13.97125493700014],[100.44808461000014,13.971209956000052],[100.44826247300006,13.971066167000117],[100.44830390800018,13.971033473000091],[100.44833232800005,13.971011799000053],[100.44836151200013,13.970990206000181],[100.44842031900015,13.970947573000103],[100.44952594900013,13.97015194000005],[100.44956965600011,13.970119924000073],[100.449612645,13.970087952000085],[100.44994120700005,13.969841479000081],[100.44998425700004,13.969809589000079],[100.45002769100006,13.969778315000156],[100.450100938,13.96972767300008],[100.45028561800018,13.96960182600003],[100.45035119900018,13.969557137000152],[100.45044021300009,13.969495978000168],[100.45145684400012,13.968791927000098],[100.45156119500012,13.968719047000093],[100.45165030900006,13.968654728],[100.45219797000016,13.968255610000028],[100.45227146000019,13.968201124000132],[100.45234774200009,13.968142368000088],[100.45240656700008,13.968099178000045],[100.45257971500018,13.967974873000173],[100.45276597100013,13.967843514000037],[100.45341965000017,13.967382498000063],[100.45347629700012,13.967342546000168],[100.45458497800013,13.968778828000154],[100.45473006300011,13.968966783000155],[100.45499950500005,13.969220519000032],[100.45508876100013,13.969295850000094],[100.45521660000014,13.969262814000047],[100.45533780400007,13.969268316000125],[100.45544656599998,13.969323717],[100.45589570200019,13.969756986999982],[100.45615947300007,13.970122857999968],[100.45661667200017,13.97082388300015],[100.4566622120002,13.970966853999983],[100.45666171700009,13.970978089000141],[100.45661637200016,13.972007249],[100.45661198300007,13.97210687900008],[100.45662341700012,13.972290069000167],[100.45666871700013,13.973015828000086],[100.45676888500009,13.974746612000104],[100.45680198500014,13.974939482000082],[100.45691869500001,13.975243954000064],[100.45744175800007,13.976274664000073],[100.45759747800014,13.976697233000095],[100.45766954900017,13.977001973000085],[100.45791918000015,13.977499962000024],[100.45792789500007,13.977517345000138],[100.45816115000008,13.97708621300012],[100.45831811300019,13.976692907000086],[100.45832251600012,13.976667630000065],[100.45839197400016,13.97626896000014],[100.45851445199997,13.976271546000135],[100.45885121600014,13.976278658000012],[100.45957854000011,13.976324111000167],[100.46020752800013,13.976361038999983],[100.4606124840002,13.976448684000047],[100.46076227800017,13.97593085900013],[100.46065912300008,13.975887274000172],[100.46091511100013,13.974750706000066],[100.46163497300017,13.974962279000067],[100.46164783100016,13.974913153000102],[100.46169705800008,13.974724115000129],[100.46171186500015,13.974597411000104],[100.46173304700011,13.974484380999968],[100.46179853700005,13.974306340000112],[100.46181406300008,13.974241579000136],[100.46183835900013,13.974120951000089],[100.46184060700011,13.974070895000068],[100.46184427100007,13.974024501000144],[100.46184654799998,13.973921732000065],[100.46184865800018,13.973826367000072],[100.4618552300002,13.973726677000172],[100.46188113,13.973590257000069],[100.46194339700008,13.973307153000121],[100.46200317900008,13.9730365690001],[100.4620504190001,13.972808600000178],[100.46213016700011,13.972411977000093],[100.4622289190001,13.971640385000057],[100.4622620400001,13.971653835000097],[100.46232930700006,13.97122631500008],[100.46233197000004,13.97120892400011],[100.46238439299998,13.970866658000034],[100.46241655100016,13.970694653000123],[100.46281566700014,13.970804230000056],[100.46349287600015,13.971007606000171],[100.46447132800012,13.971300100000065],[100.464690271,13.971369907000053],[100.46484111700005,13.971417846000179],[100.4648833290002,13.971420494000029],[100.46489379200005,13.97141964400015],[100.46491105500019,13.971412426000086],[100.46492702400013,13.971397387000025],[100.46493962500006,13.971374333000028],[100.4650959290002,13.971022947000108],[100.46534739700019,13.970451434000154],[100.46538011500007,13.970383681000158],[100.46541359800011,13.97034028400003],[100.46542791800005,13.970325694000053],[100.46546605800017,13.970300122000083],[100.46548102400016,13.970293370000036],[100.46551841000007,13.970287495000036],[100.46552074000004,13.970287128000052],[100.465564,13.970291089000114],[100.46571847400008,13.970333785000093],[100.46578185200019,13.970358844000145],[100.46611582600008,13.970497464000061],[100.46620924500013,13.970526220000124],[100.46624804400005,13.97053816600004],[100.4663655550001,13.97056210300019],[100.46646504300014,13.970569945000136],[100.46654284400006,13.970566664000103],[100.46666813900003,13.97055323900014],[100.46674870600009,13.97053164100015],[100.46683687000007,13.97051427700012],[100.46691697900002,13.970498498000154],[100.4669445720001,13.970493063000163],[100.46694009499998,13.970424766000065],[100.46693526100012,13.970352778000176],[100.46693130500017,13.97029881400016],[100.46692684900017,13.970245595000108],[100.46692047600004,13.970174665000116],[100.46689529900004,13.969900307000103],[100.46687190100005,13.969645333000187],[100.46684888900012,13.969394578000106],[100.46684438300008,13.96934136300007],[100.46684079200003,13.969288102000178],[100.4668394140001,13.969255307000026],[100.46683733200013,13.96918966200002],[100.46683587900009,13.96915683900005],[100.4668308840001,13.969082521000132],[100.46683027500018,13.969073458000025],[100.46682696400012,13.969011115000114],[100.46682573400005,13.968962974000135],[100.46682595900018,13.968930538999984],[100.46682655600011,13.968914410000025],[100.4668276210001,13.96889837200007],[100.46682931600014,13.9688824750001],[100.46683132000015,13.968869445999985],[100.46683394600018,13.968856581000125],[100.46683726800012,13.968843919000108],[100.46684181000012,13.968830337000043],[100.46684731200003,13.968817106000131],[100.46685530399998,13.968801532999976],[100.46686452500012,13.968786526000088],[100.46687434600017,13.968772646000161],[100.46688490000014,13.96875915400011],[100.46689597500006,13.96874594400009],[100.46691916000015,13.968720109000174],[100.46693108900013,13.968707405000032],[100.46695540300004,13.968682335999972],[100.46698029000004,13.96865778900019],[100.46699352600007,13.968645253000034],[100.46702038400014,13.968620589000125],[100.4670475170002,13.968596223000077],[100.46721078600012,13.968451009000091],[100.46749574800003,13.968196565000028],[100.46753690100019,13.968160715000067],[100.46757886600017,13.968125411000187],[100.46780505700013,13.967939791000106],[100.4678471950001,13.967904690000125],[100.46787495600017,13.967880925000031],[100.46790065900007,13.967858144],[100.46792610200015,13.967835075000153],[100.46805253900004,13.967718879000131],[100.46809149100005,13.96768418500011],[100.46814554399998,13.96763770300015],[100.46829510900005,13.967510881000123],[100.46834962600019,13.967463940000073],[100.46882731700003,13.967045540000072],[100.4689088780001,13.966973469000095],[100.46894864800004,13.96693724700009],[100.46898782000005,13.966900844],[100.46937799000017,13.966535166000142],[100.46953274400005,13.966393342000117],[100.46959928700011,13.966330771],[100.46987784400017,13.966067017000057],[100.46991800500018,13.966029722000087],[100.46997204300004,13.965981007000039],[100.47038041500008,13.965618877999987],[100.47046238200005,13.965546777000156],[100.47050403500003,13.965511181000068],[100.47054611600004,13.965475917000163],[100.47079954100013,13.965265389000137],[100.4708413840001,13.96522987700007],[100.4708688180001,13.965205725000033],[100.47090875700007,13.965168517000109],[100.47094803000005,13.965130608000095],[100.47128628100006,13.964799826000103],[100.47132563800005,13.964761988000134],[100.4713778590002,13.964712986],[100.47153560200019,13.964567062000185],[100.47160160600015,13.964506551000056],[100.47166966600008,13.964445462000072],[100.47201116100018,13.964141271000017],[100.47207823400015,13.96408006200005],[100.4721708190001,13.963993839000125],[100.47222325200005,13.96394409900006],[100.47227486100013,13.963893496000082],[100.47259470900013,13.963574579000067],[100.4726584780002,13.963510610000185],[100.47269620100019,13.963472086000024],[100.47274602600015,13.963420527000096],[100.47303187600016,13.963123447000044],[100.47309383100009,13.963058698000111],[100.47312999300004,13.963020057000165],[100.47316455400016,13.962982207000039],[100.47322161100016,13.96291864900013],[100.47325541800018,13.962880158000075],[100.47331253400012,13.962812771000074],[100.47349349900009,13.962595634000138],[100.47352782600018,13.962555259000112],[100.47355114000015,13.962528709000026],[100.47357461600012,13.962503058000095],[100.47361046300017,13.9624651150001],[100.47368290700012,13.962389869999981],[100.47373154900009,13.962340031000053],[100.47375618000007,13.962315421000142],[100.47377961900014,13.96229272100004],[100.47380338500017,13.96227036300013],[100.4738275050002,13.96224837300008],[100.47385332900018,13.962225862000082],[100.47389477000019,13.962191483000026],[100.47424496700012,13.961910291000038],[100.47430062100005,13.961864870000056],[100.47433960100011,13.961832078000043],[100.47437817600019,13.961798833000046],[100.47443227700012,13.96175091200007],[100.47481861700015,13.961403874000098],[100.47490267600006,13.961328366000089],[100.47495659499998,13.961280248000037],[100.47499727400009,13.961244634000082],[100.47505178600017,13.961198031000038],[100.47512023400014,13.961140107000062],[100.47516141900007,13.961105485000019],[100.47520286600002,13.961071164000145],[100.47524231099999,13.96103939600016],[100.47529532000004,13.960997516000077],[100.4753353430001,13.96096642599997],[100.47536226400007,13.960946005000153],[100.47538579200005,13.960928713000158],[100.47539031600007,13.960925388000135],[100.47543281500015,13.960895011000048],[100.4754613720001,13.960875091000162],[100.47549019100012,13.960855590000051],[100.47551947200014,13.960836855000025],[100.47553439600011,13.960827968999979],[100.47554805100009,13.96082034300008],[100.47556189200009,13.960813041000165],[100.47557589800016,13.960806027000103],[100.47560433600006,13.960792806000029],[100.47563796900005,13.96077874000008],[100.47567200200012,13.96076549900016],[100.47575757499999,13.960733405000155],[100.47579167800006,13.960720294000055],[100.47582547100012,13.960706548000132],[100.4758421730001,13.960699256000112],[100.47587191500008,13.960685173000059],[100.47590125300019,13.960670256000185],[100.47594476300003,13.96064688700011],[100.47597427099998,13.96063024300014],[100.47601925200007,13.960603688000162],[100.47604886900012,13.960585407000167],[100.4760774630002,13.960566825000058],[100.47611870500003,13.96053836200008],[100.47615919200013,13.96050894700005],[100.4761855810001,13.960488656000052],[100.47619847700008,13.960478182000088],[100.47621108900006,13.960467398000105],[100.47622398600015,13.960455664],[100.47623658000015,13.960443592000047],[100.47626114400003,13.96041878800014],[100.47629719800017,13.960380721000092],[100.47643976000006,13.960226711000132],[100.47648692300015,13.960175081000159],[100.47655900500007,13.960093542000038],[100.47657704800002,13.96007288900006],[100.47662511200014,13.960017872000037],[100.47678571400007,13.959834033000163],[100.47682082500006,13.959793120000086],[100.47685491900006,13.959752642000126],[100.47688873500016,13.959711936000133],[100.47692211800018,13.959670903000188],[100.47696518700008,13.95961592599997],[100.47706094900019,13.959491365000076],[100.47709351800017,13.95945043100005],[100.47711604800008,13.959423872000059],[100.47712775800017,13.959410992000073],[100.477140217,13.959398116999978],[100.477153021,13.959385547000181],[100.47717930900006,13.95936102100012],[100.47721961900004,13.959325021000154],[100.47754532000005,13.959039889],[100.47765347000012,13.958944423000105],[100.47773118100008,13.958873932000074],[100.47788595300005,13.958732275000159],[100.47792437300006,13.958696585000041],[100.47795025700009,13.958671994000042],[100.47798945300013,13.958633880999969],[100.47804129600007,13.958582652000132],[100.47807983900015,13.958543914000074],[100.47810516700008,13.95851775900013],[100.4781300200001,13.958491163000076],[100.47815456199999,13.958464274999983],[100.47851906800014,13.958057756000187],[100.47856715400002,13.958003128000144],[100.47861244800004,13.957949643000063],[100.47865697399999,13.957895543000177],[100.47869073900006,13.957853404000161],[100.47892485100004,13.957556678000117],[100.47895332900009,13.957520809000073],[100.47895336300013,13.957520767000062],[100.47905394500009,13.957397607000189],[100.47962279600017,13.956701043000123],[100.47998660000007,13.956344184000159],[100.480398144,13.955945562000068],[100.48040034800005,13.955943424000054],[100.48056485500007,13.95578809799997],[100.4807676850001,13.955590841000117],[100.48100749300005,13.955325929000026],[100.4811304120002,13.955157948000078],[100.48133513300019,13.954853951000075],[100.48167924100005,13.95433565900015],[100.48176424100018,13.95423669400003],[100.48190105100014,13.954074499000058],[100.48194689200011,13.954020630000116],[100.48198249600017,13.953979862000097],[100.48201885400016,13.953939027000047],[100.48235985100007,13.95355925400014],[100.48242101900013,13.953492297000025],[100.4825192350001,13.953386969000178],[100.48260559400006,13.953295181000044],[100.48263057500009,13.953269244000126],[100.4826558040001,13.953243667000038],[100.48271958200007,13.95318038300013],[100.48301411400013,13.952890350000018],[100.48306479000001,13.952839398000094],[100.48311505400011,13.952786844000173],[100.48391069900015,13.951938007000024],[100.4839726960002,13.951871547000053],[100.48400947000005,13.951831405000064],[100.48404573400018,13.951791027000127],[100.48428597100008,13.95152049100011],[100.48431028000005,13.951493709000033],[100.48433499400016,13.951467308000076],[100.48434761400011,13.951454354000077],[100.48437332200012,13.951429240000095],[100.48441284300009,13.95139247100019],[100.48446619600014,13.951344060000167],[100.48451981000017,13.951295929000025],[100.4845467940001,13.951272062999976],[100.4845740670001,13.951248534000058],[100.48458789000011,13.951236988],[100.48461469900013,13.951215487000127],[100.48465559100009,13.951184024999975],[100.48472456200005,13.9511325900001],[100.48476649500003,13.951102477000177],[100.48478065700016,13.95109269600016],[100.48480996500012,13.951073246000135],[100.48489896100017,13.951016369000172],[100.48494380000005,13.950987016000113],[100.48503291800017,13.950927486000182],[100.48527004600004,13.950767995000035],[100.48531472700012,13.950738430000172],[100.48534477100014,13.950719124000159],[100.48537567800008,13.950700210000036],[100.48540745400004,13.950681711000186],[100.48545552300004,13.950654589000067],[100.48560024200003,13.950574015000143],[100.4856322460002,13.950555858000143],[100.48566375400014,13.950537546000078],[100.48572568000009,13.950500464000186],[100.48584899399998,13.950425412000186],[100.48589500900016,13.95039691900007],[100.48593984700017,13.950368027000138],[100.48598273500016,13.950338948000137],[100.48603925200013,13.950299223000115],[100.48607961700014,13.950269314000082],[100.4861165580001,13.950240054000119],[100.48612863600005,13.950230032000036],[100.48615365900008,13.950208423999982],[100.48617812200007,13.950186255],[100.48619011400018,13.950174954999966],[100.48621345100003,13.950151812000115],[100.48622465600016,13.950139861000082],[100.48623542500007,13.95012755600004],[100.48624647500014,13.950113799000064],[100.48625702800018,13.950099642000055],[100.48626720900006,13.950085189],[100.48628683100009,13.950055705000068],[100.486315058,13.950010611000039],[100.48633315600011,13.949980106000112],[100.48634190500019,13.949964690000058],[100.48635910900003,13.949932686000125],[100.48641677000006,13.949819324000146],[100.48644172500013,13.949772022000104],[100.48648420100005,13.949694594000107],[100.48659599200016,13.949493979000124],[100.48662132700002,13.94944747000011],[100.48663758700013,13.94941618100006],[100.4866453570001,13.94940037800012],[100.48665784300005,13.949373065999964],[100.48667010700018,13.949343591000115],[100.48668221500009,13.949311997000166],[100.48669938200004,13.949264214000038],[100.48671561800012,13.94921610700004],[100.48672641700006,13.949181899000052],[100.48674712500014,13.94911320000017],[100.48692579300018,13.948511423000184],[100.4869469460001,13.948442875000012],[100.48696947600018,13.948374657000045],[100.48703795200015,13.948173999000176],[100.48714355599998,13.947864544000026],[100.48716131900017,13.947813621000023],[100.48717980300006,13.947762675000035],[100.48719878000014,13.947711889000118],[100.48720690200008,13.947690871000134],[100.48721180800015,13.947678178999979],[100.48722548600006,13.947644753000077],[100.48723274200012,13.94762823000002],[100.48724025600018,13.947612185000025],[100.48725628300019,13.947580593999987],[100.48726474900019,13.947565058000123],[100.487273545,13.947549732000084],[100.48728273600017,13.947534675000043],[100.48729242900015,13.947519972000123],[100.48730276900011,13.947505735000107],[100.48731306700006,13.947493031000135],[100.48732392300008,13.947480734000067],[100.48733520300016,13.947468752000134],[100.4873586400002,13.947445445000085],[100.48738285000007,13.947422762000087],[100.48740761800019,13.94740057700011],[100.48743216600008,13.947379519000151],[100.48745701799999,13.94735878900002],[100.48750726600008,13.947317954000141],[100.48756336600007,13.947273771000084],[100.48774644900004,13.947131227000057],[100.48778837500015,13.947097954000014],[100.48781531900005,13.947075896000172],[100.48784128199998,13.94705400200013],[100.48786697600019,13.947031825000181],[100.48790484400013,13.946997913000189],[100.48792926599998,13.94697455100004],[100.4879410490002,13.946962479000092],[100.4879531860002,13.946949261999976],[100.48796498300004,13.94693573000012],[100.48798789700015,13.946908061000045],[100.48801030900006,13.946879934000094],[100.48806581600013,13.946809119000022],[100.48809955400003,13.94676695700008],[100.48812143499998,13.946740532000149],[100.48819874200007,13.946648645000096],[100.4882310480001,13.946608362],[100.4882731510001,13.946553724000125],[100.48833553800006,13.946471161000147],[100.48845074200017,13.946314745000166],[100.4884723290001,13.94628644200003],[100.488508147,13.94624117100011],[100.488519015,13.946227017000183],[100.48853993600005,13.946198176],[100.48854987400017,13.946183462000022],[100.48855931100019,13.946168512000042],[100.48856732100012,13.946154701000069],[100.48857476000012,13.94614069000005],[100.48858155500005,13.946126506000098],[100.4885875760001,13.94611216400017],[100.48859263800017,13.946097671000132],[100.48859645900006,13.946083016999978],[100.48859438200014,13.946037734000072],[100.48858354500004,13.945999604000122],[100.48857857000007,13.94598209600008],[100.48857278400016,13.945961732000171],[100.48854762100007,13.94591140099999],[100.48847686300007,13.945821554000133],[100.48835895600018,13.945682708000163],[100.48812479399999,13.945480104000126],[100.48794123200008,13.945397613000125],[100.4873851170002,13.945141245000059],[100.48738440000005,13.94512620300003],[100.48738508600007,13.945110344000057],[100.48738676600004,13.945093905000022],[100.48738913000005,13.945077059000084],[100.48739196800011,13.94505994400015],[100.48739848800011,13.945025243000032],[100.48740563500013,13.944990298000107],[100.4874132830002,13.944955391000121],[100.48742174700004,13.944920746000037],[100.48742651500004,13.944903601000078],[100.48743114800016,13.944888572000025],[100.48743613300013,13.944873667000138],[100.48744699500014,13.944844191000186],[100.48745900800014,13.944815219000077],[100.48746552400019,13.944800974000032],[100.48747227200005,13.944787283000096],[100.48747938100018,13.944773785],[100.48748682000019,13.944760483000152],[100.48749459400011,13.944747388000053],[100.48750272100017,13.944734538000034],[100.48751125200005,13.944721976000096],[100.48752100600012,13.944708791000153],[100.48753130800009,13.944696041000157],[100.48754217400011,13.944683785000052],[100.48755366800003,13.944672104000063],[100.48756563400013,13.944661251000127],[100.48757813200007,13.944650902000092],[100.48759101600007,13.94464091600014],[100.48760417000011,13.944631186000038],[100.48765769200008,13.944593007000151],[100.48767092900005,13.944583257999966],[100.48768541600009,13.944572146000098],[100.48769963300009,13.944560751000154],[100.48771354299998,13.94454906400017],[100.48772708400014,13.944537063000155],[100.48774015700008,13.944524681000189],[100.48774554800008,13.94451910800018],[100.4877526050002,13.944511814000123],[100.48776421700012,13.944498315000146],[100.4877738850002,13.944485388000032],[100.48778279400011,13.944471924000027],[100.48779106700005,13.944458025000188],[100.48779877300012,13.944443773000046],[100.4878059310002,13.944429212000045],[100.4878125140001,13.944414365000114],[100.48781772799998,13.944401245000108],[100.48782252500013,13.944387950000134],[100.48783107000003,13.944360943000163],[100.48783926600004,13.944329991000075],[100.4878468920001,13.94429613900013],[100.48784984399998,13.944283031000111],[100.48785920800009,13.944235775000095],[100.4878769820001,13.944136672000127],[100.48788377300008,13.94410393100003],[100.48788768100019,13.944087713000101],[100.48789210400014,13.944071650000126],[100.48789689000017,13.94405658800008],[100.48790218100015,13.94404168200009],[100.48790790300012,13.944026922000148],[100.48791400500005,13.94401229000016],[100.48792047400013,13.943997801000137],[100.48792731000003,13.943983464000098],[100.48793554500008,13.943967351000083],[100.4879441710001,13.943951420000076],[100.4879530840002,13.943935619000115],[100.48797154100004,13.943904339000028],[100.48799071000013,13.943873475000146],[100.48800060800005,13.943858251000108],[100.48801078400015,13.943843219000144],[100.48802133300006,13.943828443000143],[100.48803171700001,13.943814771000064],[100.4880424320001,13.943801327000017],[100.48805338800014,13.943788054000095],[100.48807576500013,13.94376183900016],[100.48813283800013,13.943697112],[100.48820202500008,13.943620044000056],[100.4882376160001,13.943581946999984],[100.48827454700006,13.943544104000125],[100.48832450100008,13.943494336000128],[100.48836262300006,13.94345766500004],[100.48838889100011,13.943433491000121],[100.4884288240001,13.943397781000044],[100.4884594510001,13.94337087700012],[100.48860331200018,13.943244497000137],[100.48864341300003,13.943208966000157],[100.48868294599998,13.943172902000185],[100.48870853900007,13.943148131000157],[100.48872109900003,13.94313522699997],[100.48874559800004,13.943108832],[100.4887815130001,13.943068451000158],[100.48904127200018,13.942768831000024],[100.48907685500018,13.942728144000114],[100.48910092200015,13.942701403000171],[100.48911317500017,13.942688271000122],[100.48912565600006,13.942675390000034],[100.48913845400006,13.942662856000084],[100.48915168500014,13.942650798000159],[100.48916526800014,13.94263946100017],[100.48917926600006,13.942628582000054],[100.48920804900018,13.942607661000011],[100.48925195700008,13.942576988000042],[100.489280931,13.942556242000137],[100.48936623600008,13.942492314000162],[100.48939486100005,13.942471312],[100.48942405600002,13.942451138000138],[100.48945136300006,13.94243395500007],[100.48947609600009,13.942419455999982],[100.48947924100008,13.942417613000089],[100.48949059600005,13.942411379000134],[100.48952178400015,13.94239425700016],[100.48953614600009,13.94238677900006],[100.48956744399999,13.942371185000184],[100.48967811000011,13.942318571999976],[100.48972738200007,13.94229445700006],[100.48977619500016,13.942269575000125],[100.48980825800004,13.942252236],[100.48982402600012,13.942243168000175],[100.48983954100004,13.942233704000103],[100.4898508170001,13.942226332000189],[100.48985465600015,13.94222382200013],[100.48986952800016,13.942213557000116],[100.48989878500015,13.942192289000104],[100.48997134800004,13.942138106000186],[100.49000103400016,13.942117365000115],[100.49001575300008,13.942107819000057],[100.49003067800015,13.942098585],[100.4900609990001,13.942080876000034],[100.49009186300015,13.942064158999983],[100.49010750900004,13.942056262000165],[100.49012333800016,13.942048789000125],[100.49013760600013,13.942042582000056],[100.49015204000005,13.942036822000148],[100.49016663300011,13.94203154400003],[100.49018139700007,13.942026807000104],[100.49019634500007,13.94202273000002],[100.49021414500015,13.942018883000173],[100.4902321690002,13.942015903000083],[100.49025035900013,13.942013631000066],[100.49026689200014,13.942012083000122],[100.49030015900013,13.942009918000053],[100.49036693400006,13.942006490000097],[100.49040015600013,13.942003728999964],[100.49041785600019,13.942001519000144],[100.49043541300017,13.941998677000072],[100.49045277000005,13.941995113000132],[100.49046446500006,13.9419921490001],[100.49046684300009,13.941991547000043],[100.49048072200009,13.941987407000056],[100.49049437500003,13.941982672999984],[100.49050863200006,13.941976954000154],[100.49052256600015,13.941970555000069],[100.49053614000002,13.94196348500003],[100.49055036600015,13.941955063000023],[100.49056411600003,13.941945902999976],[100.49057737500016,13.941936064000174],[100.49059009300015,13.941925528000183],[100.49060236100013,13.941914145],[100.49061413600009,13.941902190000178],[100.49062553200014,13.94188980500013],[100.49063664900012,13.941877113000146],[100.49065827300012,13.941851101000111],[100.49068985100007,13.941810740999983],[100.49076224200007,13.941713261000075],[100.49079357300013,13.941671886000165],[100.49079749700007,13.941666970000085],[100.49081509800004,13.941644926000038],[100.49082621600007,13.941631796000024],[100.4908376940001,13.941619003000142],[100.49084964600007,13.941606672000091],[100.49086247000002,13.941594630000168],[100.4908757880001,13.941583050000077],[100.49090335400007,13.941560803000073],[100.49095960000011,13.941517404000138],[100.49097342000016,13.941506341000036],[100.49098695200001,13.941495018000069],[100.49099601600005,13.941486931000043],[100.49100007000004,13.941483313000106],[100.49101261100014,13.941471074000049],[100.49102441100001,13.94145820600005],[100.4910356210001,13.941444795999985],[100.49104638400019,13.941430981],[100.49105681600014,13.941416870000182],[100.491076964,13.941388029],[100.49109433600006,13.941361729000164],[100.4910963910001,13.941358618000152],[100.49111509700009,13.941328710000164],[100.49113321000004,13.941297811000027],[100.4911507600001,13.94126656700007],[100.4912193720001,13.941140550000057],[100.49124552500001,13.941093499000146],[100.49126376700013,13.941062653000074],[100.491273369,13.94104755799998],[100.49128294600018,13.941033492000088],[100.49129297800016,13.941019768],[100.49130350300004,13.941006447000063],[100.49131461500008,13.940993629000047],[100.4913260830001,13.940981695000119],[100.49133810200016,13.940970285999981],[100.49135058100018,13.940959344000134],[100.49136347500018,13.940948879000075],[100.49137677500005,13.940938918000086],[100.4913905000002,13.940929555000082],[100.49140414400011,13.940921209000123],[100.4914181850001,13.940913508000108],[100.49143258700008,13.940906468000037],[100.49144561900005,13.940900820000138],[100.4914588850001,13.940895686000033],[100.49147235300012,13.940891039000121],[100.49148600500001,13.94088688700009],[100.49150328300004,13.940882402],[100.49152076400014,13.940878570000052],[100.49153839700011,13.940875290000122],[100.49155614400007,13.940872505000186],[100.49158826600006,13.940868661000025],[100.49162055800008,13.94086610800008],[100.49163666600015,13.940865318000021],[100.49166891000016,13.940864637000061],[100.49170078800012,13.940865206000183],[100.49173225200008,13.940867033000075],[100.49174794400011,13.940868437000177],[100.49176529100004,13.940870410000059],[100.49178259000013,13.940872763000186],[100.49181701700007,13.940878455000131],[100.49183412800016,13.940881803000025],[100.49185114400012,13.94088553600011],[100.49186754700014,13.940889593000179],[100.49188384100006,13.940894027000184],[100.4919160930001,13.94090389900009],[100.49193202700019,13.940909347],[100.49194778900005,13.940915198000084],[100.49196332700006,13.940921543000115],[100.49197510099998,13.940926822000108],[100.49198670600015,13.940932455000166],[100.49199814200006,13.940938428000038],[100.49201092300012,13.940945630999977],[100.49202350200017,13.940953223000122],[100.49203589500007,13.940961143000038],[100.49206600000014,13.940981875000148],[100.49212534700018,13.941025017000186],[100.49214019300018,13.941035481000142],[100.49214033800007,13.941035582999973],[100.49215552600009,13.94104583100011],[100.49217098900004,13.941055598000105],[100.49218478900013,13.94106359400007],[100.49219885800011,13.941071056000169],[100.49221317300015,13.941077938000035],[100.492227748,13.941084144000172],[100.49224082800004,13.941088972000045],[100.49225409000007,13.94109313500013],[100.49226751300006,13.941096578000156],[100.49228318200016,13.941099555000108],[100.49229896500015,13.94110146100013],[100.49231478600012,13.94110224100018],[100.49232959200009,13.941101865000121],[100.49234428800008,13.94110040600009],[100.49235879300011,13.941097835000164],[100.4923759260002,13.94109317900012],[100.49239258200015,13.941087003000177],[100.49240866900016,13.941079428000137],[100.49242149100019,13.941072090999967],[100.49243377000005,13.941063848999988],[100.49244485300017,13.941055225000184],[100.49245537200005,13.941045877000136],[100.49246710400013,13.941033950000133],[100.49247821200015,13.941021313000022],[100.49248884000014,13.941008159000035],[100.49249910500004,13.940994628000055],[100.49250908500011,13.94098082700009],[100.49252836700015,13.940952659000061],[100.4925377020001,13.940938352000046],[100.49255087100005,13.940917283000147],[100.49255570700007,13.940909546000114],[100.49261679700015,13.940807796000058],[100.4926345570002,13.940778991000059],[100.4926529490001,13.940750617000049],[100.49266263600015,13.940736506],[100.4926826890001,13.940708768000036],[100.49270351000013,13.940681667000035],[100.49271423400012,13.940668418000087],[100.49272522400014,13.940655451000168],[100.49273656400004,13.940642858000103],[100.49274836000012,13.94063077700008],[100.49276076700016,13.940619374000107],[100.49277431100006,13.940608503000021],[100.49278851700018,13.94059840500006],[100.4928032410001,13.940588950000063],[100.49281838500013,13.940580075000128],[100.49283389900017,13.940571758999965],[100.4928497630001,13.940564050000148],[100.49286480100005,13.940557481000042],[100.49288009800017,13.940551435000089],[100.49289560100016,13.940545844000042],[100.4929112870002,13.94054070400017],[100.49292866300004,13.940535581000177],[100.49294618000016,13.94053085400003],[100.49298149100014,13.940522177000162],[100.49301467400011,13.940514705000055],[100.49314134200011,13.94048618300019],[100.49317674800005,13.940477794000117],[100.49321199300005,13.940468828000064],[100.4932463950002,13.940458985000078],[100.49327985900015,13.940447996000103],[100.4933022140001,13.940439681000043],[100.49331213200003,13.940435993000108],[100.4933764500002,13.940410952999969],[100.49339266800013,13.940405095000017],[100.49340900500016,13.940399675000151],[100.49342493500006,13.940395013000114],[100.49344099500013,13.940390987000114],[100.49345879200013,13.940387384000076],[100.49347665400018,13.94038464800002],[100.49349451900014,13.940382857000145],[100.49350909100008,13.940382180000029],[100.49352354300004,13.940382291000105],[100.49353779200004,13.940383274000112],[100.49355174300007,13.94038529500017],[100.49356345000007,13.94038799800012],[100.4935747780001,13.940391634999969],[100.4935856400001,13.94039624100003],[100.49359728700011,13.940402705],[100.49360814700009,13.940410395000129],[100.49361811600016,13.940419255000165],[100.49362924200017,13.940431869000122],[100.49363913299999,13.940445824000108],[100.49364804000015,13.940460761000054],[100.49365613700019,13.940476431000093],[100.49366352000015,13.94049265100017],[100.49367020300008,13.940509311000142],[100.49367575900004,13.940524955],[100.49369571300008,13.940588402],[100.49370101900018,13.940603962000068],[100.4937068370001,13.940619162000075],[100.49371341400001,13.940633833000163],[100.49372057500017,13.940647100000092],[100.49372868900014,13.940659610000068],[100.4937378050002,13.940671210000119],[100.49374805300016,13.940681692000112],[100.49376063400001,13.940691653000101],[100.49377441500019,13.940700282000023],[100.49378910400009,13.940707816000156],[100.493804501,13.94071440200014],[100.49382046000017,13.9407200980001],[100.49383518000013,13.94072446000007],[100.49385017900005,13.940728223000121],[100.49386539199998,13.940731479000021],[100.49388076400004,13.940734271999986],[100.49389625300017,13.940736609000112],[100.49391116000004,13.940738415999988],[100.49392613000003,13.94073980200011],[100.49393313299998,13.940740255000037],[100.49394112900012,13.940740772000026],[100.49395615300011,13.940741285000172],[100.493974079,13.940741243000161],[100.49399198800018,13.940740559000062],[100.49400984100015,13.94073928299997],[100.49402760300018,13.94073739400011],[100.49404524500005,13.940734804000044],[100.49406235900005,13.940731499000037],[100.4940792930002,13.940727477000053],[100.49409601400009,13.940722782000137],[100.49411247600017,13.940717375000133],[100.4941286090002,13.940711170000043],[100.4941416900001,13.940705336000121],[100.49415451800013,13.940698944000133],[100.49416710200006,13.94069207300015],[100.49417945200003,13.940684761000114],[100.49419317600012,13.94067599500005],[100.49420664800016,13.94066681400011],[100.49421991300011,13.94065730900013],[100.49424588500011,13.940637547999984],[100.49427107800017,13.940616860999967],[100.494283295,13.940606119000165],[100.49429517600004,13.94059503700015],[100.49430794900013,13.94058222600006],[100.49432033500005,13.940569021000101],[100.49433242700019,13.940555532000133],[100.49436771800015,13.940514092000114],[100.4944486600001,13.940416092000135],[100.494472357,13.940388788],[100.49448453000008,13.940375551999978],[100.4944970570001,13.940362753000102],[100.49451007000005,13.940350574000036],[100.494523759,13.940339267000127],[100.49452809400009,13.940336198000125],[100.49453735700007,13.940329638000094],[100.49455158600011,13.94032087300019],[100.49456632300019,13.94031284200014],[100.49458148200011,13.940305499000146],[100.49458712300009,13.940303079000103],[100.49459701000012,13.940298837000114],[100.49461084500012,13.940293613000051],[100.49462490000013,13.94028890300001],[100.49463914400008,13.940284680000104],[100.49464702500012,13.940282644000149],[100.49465355300009,13.940280958000187],[100.49467024400013,13.940277317000152],[100.4946870820001,13.940274239000075],[100.494688026,13.94027409400013],[100.49470403400011,13.94027163100003],[100.49472106700017,13.940269434000072],[100.49473816300019,13.940267639000012],[100.49475531300016,13.940266273000077],[100.49477345100007,13.940265320000094],[100.49479162400007,13.94026476100015],[100.49482804000007,13.940264407000143],[100.49488275300007,13.940264848000083],[100.49499246600016,13.940266507000104],[100.49504743500017,13.940266576000056],[100.49506572500007,13.94026617000003],[100.4950839660001,13.940265375000024],[100.49509920600013,13.940264301000127],[100.4951143560001,13.940262802000063],[100.49512936400015,13.940260803000172],[100.49514189100017,13.940258609000182],[100.49514418300004,13.940258208000046],[100.49515873800004,13.94025486400011],[100.49517377600006,13.940250370000115],[100.49518837700015,13.94024496500009],[100.49520247400011,13.940238736000026],[100.49521595900012,13.940231698000161],[100.49522865200015,13.940223796000055],[100.49524033500018,13.940214920000017],[100.49525069100014,13.94020487299997],[100.49526053300008,13.940191863000166],[100.49526852000008,13.9401774640001],[100.49527486200009,13.940162023000028],[100.495279621,13.940145786000187],[100.4952827090001,13.94012949200004],[100.49528450300011,13.940112794000129],[100.49528517200002,13.940095832000111],[100.49528477500013,13.940078710000137],[100.49528337900017,13.940061756000148],[100.49528120600007,13.940044762000184],[100.49527538300003,13.940010720000032],[100.49525833300004,13.939925611000149],[100.49525694500011,13.939917821000051],[100.49525529900018,13.939908586000058],[100.49525266800003,13.939891563000174],[100.49525076000003,13.939876230000095],[100.49524935100004,13.939860922000037],[100.49524853100013,13.939845673000093],[100.4952484150001,13.939830510000036],[100.4952491840001,13.939815491000104],[100.49525065400002,13.939803017000145],[100.49525289800005,13.93979071900003],[100.49525594300019,13.93977864599998],[100.49526032000011,13.939765526000144],[100.49526572600001,13.939752815000077],[100.49526943000018,13.93974581000009],[100.4952727390002,13.939739552000106],[100.49527402900009,13.939737537000042],[100.49528084300016,13.939726893000056],[100.49528206500008,13.939725288000034],[100.4952899700001,13.93971490500013],[100.49530012500014,13.939703697000084],[100.4953118050002,13.93969295400018],[100.49532438699998,13.939683001000162],[100.49533764000012,13.939673664],[100.4953513910001,13.939664802000152],[100.49536552000012,13.939656335999985],[100.49537994200006,13.939648220000038],[100.49539459800002,13.939640438000083],[100.49540947400004,13.939633016000187],[100.49542456900014,13.939626003000058],[100.49543772600003,13.939620359000116],[100.49545103700018,13.939615048000121],[100.49546448000012,13.939610052999967],[100.49547957400017,13.939604866000025],[100.49551008100008,13.939595391000182],[100.49554089100013,13.93958687200012],[100.49555864500019,13.939582379000171],[100.49559429700014,13.93957398800012],[100.49564794100013,13.93956236400004],[100.49568379000016,13.939555265000081],[100.49570176100013,13.939552022000044],[100.49573739400017,13.939546556000153],[100.49575506100012,13.939544328000125],[100.49579048200013,13.939540436000186],[100.49584371600008,13.939535431000024],[100.49591427100012,13.939529804000188],[100.49598331500016,13.939525325999966],[100.4960523960001,13.939521516000013],[100.49611908900005,13.939518981999981],[100.49614640800007,13.93951845700002],[100.49616851700006,13.93951803200008],[100.49623945300004,13.939517682000087],[100.49627476400002,13.939516760000174],[100.49629233200005,13.93951573400011],[100.4963098090002,13.939514104000125],[100.49632767800017,13.939511621000179],[100.49634151400005,13.939509016000045],[100.49634539300013,13.939508285000102],[100.4963615040001,13.939504489000115],[100.49637752000018,13.939500174000045],[100.49641713099999,13.939488555000082],[100.49645840700003,13.939476446000015],[100.49654033100006,13.939452901000152],[100.49657304000004,13.939443222000136],[100.49660689500007,13.939432565000061],[100.49665925000005,13.93941468900016],[100.49669386000005,13.939402020000102],[100.49672807100018,13.939388436000058],[100.49674437400017,13.939381375000096],[100.49677650700005,13.939366322000183],[100.49679232300014,13.939358338000034],[100.49680792900017,13.939350002000026],[100.49682326300001,13.939341248000062],[100.49683471200018,13.939334245000055],[100.49684595100013,13.939326940000115],[100.49685697100017,13.939319324000166],[100.49686943300014,13.93931011800015],[100.49688160200014,13.939300538000055],[100.49689350000006,13.939290621],[100.49690511800014,13.93928039400015],[100.49691643400018,13.93926984799998],[100.4969274140002,13.939258956000174],[100.49693881600007,13.939246819000118],[100.49694986900005,13.939234335000151],[100.49697129500004,13.939208684999983],[100.49698466800015,13.939191906000133],[100.49702355600016,13.9391431090001],[100.49705781300008,13.939101548999986],[100.49708138200015,13.93907452500008],[100.497093523,13.939061389000074],[100.49710601300018,13.939048652000167],[100.49711897500015,13.939036478000048],[100.49713011700004,13.939026977000083],[100.49714166000018,13.939018007000016],[100.49715357200012,13.939009604000148],[100.49716587200004,13.93900184],[100.49718151400009,13.93899332],[100.49719567600005,13.938986917000136],[100.49719769900008,13.93898600200015],[100.49721378800012,13.938980191000098],[100.49722601500014,13.938976792000062],[100.49723025100013,13.93897561500006],[100.4972470040002,13.93897233000007],[100.49726110700004,13.938970670000117],[100.49727531300016,13.938969973000155],[100.49728955300009,13.938970251000171],[100.49730564300017,13.938971748000029],[100.49732168500009,13.938974325000117],[100.49733763500012,13.938977824000176],[100.49735346100005,13.93898216100007],[100.497370489,13.938987755000028],[100.49738736300014,13.93899403800009],[100.49740412100016,13.939000805000035],[100.49743743000016,13.93901519800005],[100.49750384400011,13.939044873000114],[100.49753732200003,13.93905905300005],[100.4975526820001,13.939065123000034],[100.49758365800017,13.939076525000075],[100.49761494100017,13.939086868000118],[100.49763070400013,13.939091512000175],[100.497646556,13.939095681000083],[100.4976625160001,13.939099222000095],[100.4976794480001,13.93910212700007],[100.49769647200009,13.939104201000077],[100.49771353200009,13.939105457000153],[100.49773057700014,13.939105826000116],[100.4977475550001,13.939105171000108],[100.49776222800017,13.939103628999987],[100.49777403400009,13.939101654000126],[100.49777675600012,13.939101199000163],[100.4977910980001,13.939097906000143],[100.49780637200013,13.939093356000114],[100.497821343,13.939087908000033],[100.49783598100015,13.93908165300013],[100.49785022100008,13.939074628000185],[100.4978639740001,13.939066788000048],[100.49787710499999,13.939058034000027],[100.49788970200007,13.939048112000137],[100.49790164000018,13.939037332000112],[100.49791305600007,13.939025895000157],[100.49792401600007,13.939013945000056],[100.49793456000003,13.939001577999989],[100.4979446820002,13.938988847000076],[100.49795434300017,13.93897577100006],[100.49796346000016,13.938962323000055],[100.49797132700019,13.93894953400013],[100.49797866500006,13.938936440000134],[100.49798547400019,13.938923075000162],[100.49799172500008,13.93890945000004],[100.4979974520001,13.938895431],[100.49800264900011,13.938881189000085],[100.49800737300012,13.938866774000019],[100.49801166600002,13.938852208000071],[100.49801596100014,13.938835816000164],[100.49801987600017,13.93881930900011],[100.49804085700003,13.938719666000111],[100.49804471200014,13.93870321300011],[100.4980489240001,13.938686890000099],[100.49805364600013,13.938670753000054],[100.498058636,13.938655929000106],[100.49806418700001,13.93864133700015],[100.49807030500017,13.938626995],[100.4980770300001,13.938612947000081],[100.49808444800004,13.938599252000131],[100.49809330000005,13.9385849250001],[100.49810286700006,13.938570981000169],[100.49811295900014,13.938557323999987],[100.49812342800004,13.93854387700003],[100.49814513100017,13.938517412000067],[100.49817878900012,13.938478431000135],[100.49820180800015,13.938452943000186],[100.49822552000018,13.938428129000044],[100.4982377890002,13.938416140000072],[100.49825038800009,13.938404533000096],[100.49826328600005,13.93839322600013],[100.49828966400014,13.93837121200005],[100.49833001899998,13.93833900500016],[100.49838450300007,13.93829684900004],[100.4984260020002,13.938266095000188],[100.49845389200004,13.938246828000104],[100.49849606700008,13.938219767000078],[100.49852455200005,13.93820226300005],[100.4985532560001,13.93818509700003],[100.49855658000018,13.938183178000145],[100.4985822120002,13.938168373000053],[100.49859682900006,13.938160251000113],[100.49862463700003,13.938145532000021],[100.49865279200014,13.93813145100006],[100.49868127400003,13.938118024000062],[100.4986980880002,13.938110522000159],[100.49874900300006,13.938089033999972],[100.49891985200003,13.938019731000054],[100.4989699460001,13.937998488000119],[100.49901809000016,13.937977144000172],[100.49911404500006,13.937933684000086],[100.4991778480001,13.937904365000065],[100.49918520700004,13.937900888000058],[100.49920957300014,13.937889373000075],[100.49924100900006,13.937873849000027],[100.49927026100016,13.937858436999988],[100.49929607100017,13.937844028000143],[100.49931354600011,13.937834271000156],[100.49934203100008,13.937817548999988],[100.49937008600017,13.93780017000006],[100.49938445800012,13.937790771000095],[100.49941281000014,13.937771393000105],[100.49944080600017,13.937751505000051],[100.49948224200006,13.937720969000168],[100.49950932900003,13.937699998000141],[100.49952259999998,13.937689214000102],[100.499535606,13.937678142000095],[100.49954889700012,13.937666164000177],[100.49956190800003,13.937653877000116],[100.49958736700012,13.937628694000068],[100.49962484100018,13.93759014200009],[100.49971147100007,13.937499328000058],[100.49976070800017,13.937447207000105],[100.49979725600019,13.937407376000067],[100.49983350700006,13.937366448999967],[100.49989329300001,13.937297703000127],[100.49998129000011,13.937185067000087],[100.50004523500019,13.937103218000118],[100.50010071900016,13.937032578000128],[100.50013165300004,13.937006056000087],[100.5001562180002,13.936990849000154],[100.50018543500005,13.936982177000175],[100.50174218700005,13.936725372000126],[100.50178209800009,13.936718788000121],[100.50204300100006,13.937307615000066],[100.502098133,13.93742258300017],[100.50222572900009,13.937688664000063],[100.50241802300019,13.938063385000078],[100.50262246000017,13.938429669000186],[100.50284277600008,13.938784619000103],[100.50308404800018,13.939124363000133],[100.5033492660001,13.93944443300012],[100.50363515800012,13.939749279000125],[100.5039365520002,13.940042577000042],[100.50419850700007,13.940280578000113],[100.50424958300005,13.94032698400008],[100.50457148500004,13.940604276999977],[100.50523528600019,13.941140776000054],[100.50557575300019,13.941399795999985],[100.50592210500008,13.941651323000144],[100.50624601600015,13.94187448700012],[100.5065751640002,13.94208966300016],[100.50690949000011,13.942296174000091],[100.507249388,13.942492631000107],[100.5075244790001,13.942640631000074],[100.50780358500015,13.942780421000123],[100.50808685200019,13.942911159000118],[100.50842626000002,13.943052472000147],[100.5087711870001,13.94318003900014],[100.50912122400018,13.943293580000045],[100.50964805600006,13.94343515300011],[100.51008153800007,13.943529143000092],[100.51051900900006,13.943608731000097],[100.5109592780002,13.94367731799997],[100.51140149800017,13.94373713300007],[100.51228960100002,13.943834388000028],[100.51273484300009,13.943871565000165],[100.51308029100011,13.943893199000172],[100.51318068800015,13.943899486000078],[100.51399260700009,13.943923300000108],[100.51482388000005,13.943916215000115],[100.515899434,13.943872462000115],[100.51795378500009,13.943756263000012],[100.52103236300007,13.943556806000117],[100.52194632600015,13.943510331000084],[100.52267288600018,13.943510532000062],[100.52268407600008,13.943510795000122],[100.5249753700001,13.943564610000067],[100.525787902,13.943629395000187],[100.52619301200014,13.94366991600009],[100.5264740340001,13.94370311200015],[100.52659688900007,13.943717628000115],[100.5269990650001,13.943774619000123],[100.52754765500003,13.943871139000123],[100.52789049500018,13.943944002000023],[100.52823120700009,13.944026152000049],[100.52856970600016,13.944117120000158],[100.52890573800005,13.944216923000113],[100.52929009300016,13.944330798000067],[100.53004462400014,13.944601670000054],[100.53078899700017,13.944899501000123],[100.53115676800013,13.94505806799998],[100.53152072000006,13.945224031000123],[100.53186851400005,13.945392820000166],[100.5322112130001,13.945570131000181],[100.53254794300005,13.945756784000082],[100.53289353500003,13.945962720000068],[100.53394025500012,13.946633811000083],[100.53430417400017,13.946878742000024],[100.53465771800006,13.947132038000177],[100.5349952750002,13.947399158999986],[100.53530981500012,13.947686824000073],[100.53553932,13.947933238000019],[100.53575653800004,13.948192015000075],[100.53612050400017,13.948650784999984],[100.53619118600011,13.948741912000173],[100.536459203,13.94908746100009],[100.53706331000018,13.949890756000173],[100.53744876500019,13.950431826],[100.53764347000003,13.950736523999979],[100.53781964400002,13.951046280000071],[100.53799531100009,13.951381958000127],[100.53815651500014,13.951725263000185],[100.53830621600014,13.952074214],[100.53846094300008,13.952466579000031],[100.53860266900011,13.952863359000048],[100.53865806100004,13.953039846000138],[100.53872854800011,13.953264432000083],[100.53883402300005,13.953670146000093],[100.53887803400005,13.953878855000028],[100.53894209200018,13.954266630000063],[100.53900858800017,13.954857919],[100.53903206200016,13.955209482999976],[100.53902738900007,13.955698917000177],[100.54077334400017,13.95564160500004],[100.54108492800003,13.95561080200008],[100.5413045300001,13.95558909600004],[100.54139615300011,13.955580599000143],[100.54140558400007,13.955579879000084],[100.54143284900016,13.955577805000075],[100.54148726300019,13.955574848000083],[100.5415417430001,13.955572667000183],[100.54168723900005,13.955567712000061],[100.54174076600015,13.955565350000029],[100.54177496900019,13.955563192000056],[100.54179204100018,13.955561811],[100.54180908000006,13.955560133000063],[100.54182607500019,13.955558063000069],[100.54184440400019,13.955555247000177],[100.54186263800005,13.955551820000153],[100.541878027,13.955548394000061],[100.54187897600019,13.95554818000005],[100.54189522500019,13.955544092000025],[100.54191139000005,13.955539607000105],[100.54192744000011,13.955534743999976],[100.54194336300009,13.955529478000074],[100.54195910700014,13.955523765000066],[100.5419746120001,13.955517497000073],[100.54198939100019,13.955510792000155],[100.54200386000002,13.955503541000155],[100.54201802600016,13.95549580900007],[100.54203182500015,13.955487625999979],[100.54204516400006,13.955478970000172],[100.54205791100014,13.955469795000056],[100.54206987700007,13.955459994000023],[100.5420807970001,13.955449428],[100.54209148199999,13.95543649800004],[100.54210036600006,13.955422586000111],[100.54210723400007,13.955407852000121],[100.54211138500017,13.95539414100017],[100.54211354900013,13.955380025000068],[100.54211348400003,13.95536364800006],[100.54211100900011,13.955347166000081],[100.54210678600003,13.955331833000173],[100.54210107900019,13.95531664400005],[100.54209417300012,13.955301664000046],[100.5420862580001,13.955286952999984],[100.54207751500019,13.95527251600015],[100.542068072,13.955258391000143],[100.54205796600007,13.955244631000028],[100.54204650200018,13.955230413000095],[100.54203448800007,13.955216578000147],[100.54202208200013,13.95520304200005],[100.54200939300006,13.955189749000112],[100.541983377,13.955163797000125],[100.54197007400006,13.95515116000007],[100.5419565480002,13.955138806000093],[100.54194272200016,13.95512679500007],[100.54192861800004,13.95511526600012],[100.54189966500002,13.955093118000036],[100.54187015600019,13.95507168500012],[100.54184037300013,13.955050620000065],[100.54178039100009,13.95500915700012],[100.54173524100008,13.954979014],[100.54162943100005,13.954909861999965],[100.54158608000012,13.954880654000021],[100.54155738700013,13.954860851000092],[100.54152905000018,13.954840657000034],[100.541515135,13.954830312000126],[100.54150150700013,13.954819719000056],[100.5414882780002,13.954808776000164],[100.5414756360002,13.954797354000107],[100.541463797,13.954785281000056],[100.54145344900007,13.95477299800001],[100.54144403500015,13.954760049000129],[100.54143555000007,13.954746526000122],[100.5414280620002,13.954732466000053],[100.541421738,13.954718047000028],[100.54141646100004,13.954703218000134],[100.54141223800013,13.954688067000177],[100.54140942000004,13.95467447700014],[100.54140741900017,13.95466073700004],[100.54140622600016,13.954646918000094],[100.54140587100005,13.95463304599997],[100.5414064310001,13.954619004000051],[100.54140790000014,13.954605021000077],[100.54141027700007,13.95459114100015],[100.54141348700011,13.95457779000003],[100.54141749900009,13.954564603000108],[100.54142223300016,13.954551616000174],[100.54142766200016,13.954538851000109],[100.54143382000012,13.954526245000125],[100.54144057500008,13.954513893000183],[100.54144785900013,13.954501774000164],[100.54145561600018,13.954489903000137],[100.54146570600011,13.954475688000116],[100.54147629200008,13.954461757000104],[100.5414872250002,13.954448046000152],[100.54152114800007,13.95440764500006],[100.54159021300018,13.95432795400012],[100.5416108230001,13.954303883000023],[100.5416125650001,13.9543018440001],[100.54162441400007,13.954288006000013],[100.54164676800013,13.954261101000043],[100.54166836800016,13.95423370400016],[100.54167868700006,13.954219698000088],[100.54168794300011,13.954206347000138],[100.5416968450001,13.954192776000127],[100.54171370500012,13.954165067000076],[100.54172165000011,13.954150945000151],[100.54172922900017,13.954136635000054],[100.54173668300007,13.954121528000144],[100.54175048900015,13.954090793000148],[100.5417630990001,13.954059531000041],[100.5417746660001,13.954027203000066],[100.54178009700007,13.954010577000076],[100.54179041500004,13.953977126999973],[100.54182990200002,13.953842391000023],[100.54184441300009,13.95379649300014],[100.54185482800017,13.95376614100013],[100.54186628800005,13.953736231000107],[100.54187187200012,13.953723202000049],[100.54187785900018,13.9537103830001],[100.54188585100013,13.953694886000164],[100.54189448300014,13.95367980900005],[100.54190375100018,13.95366521],[100.54191371800005,13.953651224000112],[100.54192451400007,13.953638030999969],[100.54193634300003,13.953625898000155],[100.54194865699998,13.953615615000103],[100.5419618840001,13.953606378000131],[100.54197581900013,13.953598057000079],[100.54199031100006,13.953590593000172],[100.54200525200014,13.95358401700014],[100.54202058400017,13.953578428000128],[100.54203628700014,13.953574015000015],[100.54205210200013,13.953571019000151],[100.5420681550001,13.953569264000066],[100.54208434600014,13.953568659000098],[100.54210058200005,13.953569202000097],[100.54211610099998,13.953570834],[100.54212620000004,13.953572535000092],[100.54213154700005,13.953573436000056],[100.54214686600017,13.953576906000023],[100.54216201200018,13.953581215999975],[100.54217759700009,13.95358660800008],[100.54219295500013,13.953592750000041],[100.54220808700018,13.953599514000075],[100.54222299500015,13.953606815000057],[100.54223766100012,13.953614622000089],[100.54225354900018,13.953623824000147],[100.54226914700007,13.953633517000128],[100.54228448000015,13.953643622000186],[100.5422995610001,13.953654085999972],[100.54232759600018,13.95367496700004],[100.54235480700004,13.953696830000126],[100.54238083600012,13.953719482000054],[100.54241816300015,13.953754539000045],[100.54250434100015,13.953838152000117],[100.54256883200009,13.953899038000031],[100.54260781200009,13.953935289000071],[100.54263403100003,13.953959197000074],[100.54265453000005,13.953977198000075],[100.54266067900011,13.953982603999975],[100.54267420900015,13.953993926000066],[100.54268793200015,13.954004988000065],[100.54270186800005,13.954015756000047],[100.5427160530001,13.954026153000143],[100.54273054400011,13.954036063000046],[100.54274402599998,13.954044558000135],[100.54275780600005,13.954052545000025],[100.54277185500007,13.954060003999984],[100.54278618500018,13.954066871000123],[100.54280082100018,13.954073052000183],[100.542816131,13.954078560000141],[100.54283172900006,13.954083353000044],[100.54284755300012,13.954087549000064],[100.54286355700003,13.954091220000123],[100.54288089200014,13.95409464700009],[100.54289835300006,13.954097680000075],[100.54298622500005,13.954111076000117],[100.54302131400004,13.954117354000118],[100.54303880800006,13.954120948000082],[100.54307359800009,13.954128911000112],[100.5431080780001,13.954138013000147],[100.54312471200006,13.95414294000011],[100.54315775700002,13.954153543000189],[100.54320701000012,13.954170471000168],[100.54327245700011,13.954193759000134],[100.54335411700009,13.954223286],[100.54343651099998,13.954253958000038],[100.54363456200014,13.954328917000112],[100.54368431600017,13.954347237000036],[100.54373454800009,13.954364827000063],[100.5437851050001,13.954381807000061],[100.5438089910001,13.954389422000077],[100.54381904100006,13.954392625000082],[100.54382740200009,13.954395054000031],[100.54385326300019,13.954402570000127],[100.54388294100016,13.954409903000112],[100.54389788300017,13.95441308300019],[100.54391289600005,13.954415891000053],[100.54392796100018,13.954418247000092],[100.54394227300008,13.954419978000146],[100.54395661400014,13.954421209000145],[100.54397095400009,13.954421896000099],[100.54398527300009,13.954421972000091],[100.54400159000011,13.954421214000035],[100.54401775900016,13.954419526000095],[100.5440337120001,13.954416870000045],[100.54404924800019,13.954413181000177],[100.5440644030001,13.954408554000054],[100.54407908900004,13.954403052000146],[100.54409316800007,13.954396683000084],[100.54410645000013,13.95438937299997],[100.54411868600005,13.954380970999978],[100.54412953900015,13.954371245000061],[100.54413922000015,13.95435929000007],[100.544147291,13.954345949000128],[100.54415404700006,13.95433158600008],[100.5441596880001,13.954316473000176],[100.54416428299999,13.954300821000118],[100.54416780800005,13.95428478600013],[100.54417013300014,13.954268482000032],[100.54417100400013,13.954255431000092],[100.54417103500003,13.95424232199997],[100.54417025100014,13.954229203000068],[100.54416825000004,13.954213714000105],[100.54416515700007,13.954198357000166],[100.5441613280002,13.954184205000047],[100.54415666400018,13.95417024500017],[100.5441512380001,13.954156509000086],[100.54414399100011,13.95414078500005],[100.54413591800005,13.95412537500016],[100.54412715000007,13.954110280000066],[100.54411736700001,13.95409484300012],[100.54410710800016,13.9540796550001],[100.54408574100006,13.954049777000137],[100.54404198000009,13.953990746000159],[100.54402042800007,13.953961100000186],[100.5439923080001,13.953920231999973],[100.54397448100013,13.95389247800017],[100.54396594800005,13.953878388000078],[100.54395790000007,13.953864371000066],[100.54395014900007,13.95385020700013],[100.54393547800015,13.953821462000178],[100.54392858500006,13.953806889000134],[100.54392206100005,13.953792167000131],[100.54391136200013,13.953765288000113],[100.54390196200006,13.953737957999977],[100.54389732100014,13.953722528000128],[100.54389311500012,13.95370698400012],[100.54388937400006,13.953691330000026],[100.5438861450001,13.953675569999973],[100.54388333000014,13.953658559000075],[100.54388109900003,13.953641455000081],[100.54387936800015,13.953624288000185],[100.54387813400007,13.953607077000072],[100.54387741300008,13.953589857000111],[100.54387730500008,13.953572636],[100.5438778350001,13.953556726000102],[100.54387899100004,13.953540855000142],[100.5438807860001,13.953525045000049],[100.54388318600013,13.953509822000115],[100.54388621300006,13.953494707000061],[100.54388987400012,13.953479729000037],[100.54389439200014,13.953464253],[100.54389954000004,13.953448965000177],[100.54390524300004,13.953433861000178],[100.54391148500002,13.953418964999969],[100.54391828700005,13.953404322000097],[100.54392575600008,13.953389879000042],[100.54393379400005,13.953375749000145],[100.54394235100011,13.953361949000055],[100.54395143900018,13.953348517],[100.54396112100005,13.953335525],[100.54397148900006,13.953323083000043],[100.54398386300016,13.95331006500004],[100.54399698600008,13.953297669000051],[100.54401064300009,13.953285726000047],[100.544038962,13.953262693],[100.54406798100001,13.953240280000045],[100.54418520400003,13.953151739000077],[100.54430193000013,13.953062735000174],[100.54433130300015,13.953040730000055],[100.54433754600007,13.953036238000038],[100.54436108400006,13.953019292000022],[100.54437623800004,13.953008964000105],[100.54440123100005,13.952993085000116],[100.54442683500008,13.952978165000104],[100.54443986900009,13.952971097000045],[100.5444534520002,13.952964142000098],[100.54448110100009,13.952951160999987],[100.54449514500004,13.952945150000119],[100.54450935100016,13.952939522],[100.54452506600012,13.952933847000168],[100.54454095900007,13.95292865800019],[100.5445570030002,13.95292393800014],[100.54457318300007,13.952919714000132],[100.54458932699998,13.952916073000097],[100.54460557600004,13.952912986000115],[100.54462192500006,13.95291047500018],[100.54463697200015,13.952908745000059],[100.54465205800011,13.952907528000026],[100.54466715700005,13.952906829000085],[100.54468225100004,13.952906676000168],[100.54469731000012,13.952907145000097],[100.54471139200007,13.952908230000105],[100.54472539400018,13.95290994000004],[100.54473928300013,13.952912278999975],[100.544752759,13.952915211000061],[100.54476606200012,13.952918748000059],[100.54477918400016,13.952922899000157],[100.54479162700005,13.952927482000064],[100.54480385000005,13.952932614000133],[100.54481581100009,13.952938281000172],[100.54483040700006,13.95294610000002],[100.54484456100016,13.952954660000046],[100.54485823500005,13.952963904000057],[100.54487136200015,13.952973839000094],[100.54488381800013,13.952984547000085],[100.5448965060001,13.95299711399997],[100.54490847300013,13.953010457000119],[100.54491991900017,13.953024349000032],[100.54493100300004,13.953038632000073],[100.54494182000013,13.953053181000087],[100.54496298400011,13.95308275200017],[100.54503589100017,13.953187446000129],[100.54505727200007,13.953216891000125],[100.54506828400008,13.953231317000075],[100.54507962300005,13.95324542100019],[100.54509143700017,13.953259055999979],[100.5451038970001,13.953272038000023],[100.54511708200005,13.953284103000044],[100.54513099300004,13.953295374000163],[100.54514551700004,13.953305872000158],[100.54516063000011,13.953315541000109],[100.5451735580001,13.953322839],[100.54518684200013,13.953329489000055],[100.54520045600003,13.953335459000186],[100.54521486700008,13.953340859000093],[100.54522956400012,13.953345441000124],[100.54524272800018,13.953348773000016],[100.54525605000003,13.953351447000102],[100.54526948700016,13.953353451000055],[100.54528478800006,13.953354870999988],[100.54530014000011,13.953355419000047],[100.54531550100006,13.953355090000116],[100.54532906200018,13.953354034000029],[100.54534254500015,13.953352253000162],[100.54535820400014,13.95334924399998],[100.54537364300006,13.953345269000124],[100.54538951400002,13.953340108000134],[100.54540508600007,13.95333409799997],[100.54542035000009,13.953327406000142],[100.54543526800012,13.953320116000043],[100.54544976300014,13.953312264000147],[100.54545437200005,13.953309474999969],[100.54546372300007,13.953303824000159],[100.54547698500011,13.953294694000078],[100.54548931800014,13.953284727999971],[100.54550042500006,13.953273693000028],[100.54551047000012,13.95326081200011],[100.54551918800013,13.953246818000025],[100.54552691100014,13.953232003000153],[100.54552723800009,13.953231285000072],[100.54553388200009,13.95321659800004],[100.54554027500018,13.953200768000158],[100.54554619000004,13.953184631000113],[100.54555169300005,13.953168270000106],[100.5455567890001,13.953151734000187],[100.54556143900015,13.953135046000057],[100.54556554900012,13.953118222000057],[100.54556888700006,13.95310205400017],[100.54557173300009,13.953085779000105],[100.54557415500011,13.95306943200012],[100.54557619700012,13.953053025000088],[100.54557934900004,13.953019941000036],[100.54558462500012,13.952953579000052],[100.545587877,13.952920436000056],[100.54559222100005,13.95288604600006],[100.54560017600005,13.95283464500011],[100.54560642800004,13.952800558999968],[100.54560996900005,13.952783633000024],[100.54561392900007,13.95276682900004],[100.54561843900007,13.952750214000162],[100.54562227200012,13.952737955000146],[100.54562652800013,13.952725861000033],[100.54563121200016,13.952713956000025],[100.54563758600011,13.952699598000038],[100.54564458300007,13.952685588000122],[100.54565217200008,13.952671964000103],[100.54566036300014,13.952658804000066],[100.5456692210002,13.952646225000024],[100.54567886600017,13.952634387000103],[100.54568947800016,13.952623512000173],[100.54570288700012,13.952612510000165],[100.5457174450001,13.952602717000104],[100.54573284500009,13.952593860000036],[100.54574887400008,13.952585719000126],[100.54576535800004,13.952578207000045],[100.5457822030001,13.952571270000078],[100.54579935200019,13.952564947000042],[100.54581678700015,13.952559335999979],[100.54583431700019,13.95255459100008],[100.54585206700006,13.952550563999978],[100.54586997600018,13.952547161000155],[100.54588801700015,13.952544369000123],[100.54590532700018,13.952542267000126],[100.54592270500018,13.952540611000131],[100.54594012600012,13.952539297000044],[100.54597503500008,13.95253742500006],[100.54600997000006,13.952536437000163],[100.54602743300018,13.95253632400005],[100.5460613640002,13.952536912000085],[100.54611219300006,13.952539184000102],[100.54616290400008,13.952542827000173],[100.54619872100011,13.95254644],[100.54623447700004,13.952550625000072],[100.5463058860002,13.952559784000016],[100.54635942900006,13.952567175000013],[100.54644872500018,13.952580297000054],[100.54657293700018,13.952598869000155],[100.54686817599998,13.952643022000188],[100.54687714900012,13.952644362000115],[100.54694863700018,13.952654419000169],[100.54698230500009,13.952658480000025],[100.54702968400005,13.952662997000118],[100.5470648610002,13.952665350000075],[100.54711770200004,13.95266756400008],[100.54715294400012,13.952668048000135],[100.54716967300016,13.952667896000094],[100.54720312100011,13.952666962000023],[100.54725326400006,13.952664393000077],[100.54728663500009,13.952661883000076],[100.54734012300003,13.952656309000133],[100.54750030000008,13.952636371999972],[100.54753592200018,13.952632211000093],[100.54757156200009,13.95262848700014],[100.54764289400015,13.952622138000038],[100.54776784300009,13.952612101],[100.54782142000016,13.952608176000126],[100.54787503300008,13.952605115000154],[100.54790845300016,13.952604053000073],[100.54794189800003,13.952603532000126],[100.54799208600008,13.952603521000185],[100.54802553400003,13.952604121999968],[100.54807480500011,13.952606193000065],[100.54812404800015,13.95260946100018],[100.54815758100017,13.952612436000152],[100.54824319300019,13.95262103300007],[100.54826030500016,13.952622358000042],[100.54827741300016,13.952623325000047],[100.5482917650001,13.952623761000098],[100.54830609400011,13.952623787999983],[100.54832038000006,13.952623369000037],[100.54833801400008,13.952622127000154],[100.54835551800011,13.952620091000142],[100.54837286100008,13.95261723599998],[100.54838997000013,13.952613454000016],[100.54840473000013,13.952609262000067],[100.54841922900016,13.952604264000172],[100.54843442800006,13.952598057000102],[100.54844931800005,13.95259107700008],[100.54846388200002,13.952583396000023],[100.54847809800015,13.952575052000043],[100.54849310200012,13.952565272000129],[100.54850776300003,13.952554905000056],[100.54852218000008,13.95254412800017],[100.54855053700004,13.952521795],[100.548592488,13.952487410000117],[100.54863413300018,13.952452666000056],[100.54867550200015,13.952417657000069],[100.54870275700017,13.952393979000078],[100.54878757400019,13.952317594000078],[100.54881387000006,13.95229512200018],[100.54884085200013,13.952273602000162],[100.54885471000006,13.952263372],[100.54886890900008,13.952253661000043],[100.54888257300013,13.952245145],[100.54889656400013,13.95223714399998],[100.54891082900014,13.952229604000081],[100.5489253450001,13.952222505000123],[100.54894010300012,13.952215868],[100.54895606600007,13.952209331000063],[100.54897224000018,13.952203226000051],[100.54900501000003,13.952191931000073],[100.54903814800014,13.952181489999987],[100.54907154100016,13.952171778000093],[100.54910540999998,13.952162788000066],[100.54915648200017,13.952150263000021],[100.54919063300002,13.952142411000068],[100.5492248930002,13.952135113000168],[100.54925928500006,13.952128739000159],[100.54929380900006,13.952123278000158],[100.54932842300008,13.952118377000033],[100.54939782900016,13.952109667],[100.54947109900013,13.952102039000067],[100.54963612000006,13.952086170000086],[100.54967272700014,13.952082234000159],[100.54970923700012,13.952077632000112],[100.5497439630002,13.952072188000045],[100.54977847200007,13.952065631000096],[100.54981125600017,13.952058156000078],[100.54984376100009,13.952049573000181],[100.5498589610001,13.952045133000183],[100.54988917700013,13.952035634000026],[100.54993410100008,13.952020140000172],[100.54994895100009,13.95201464400003],[100.54997940300012,13.952002691000018],[100.55000962200006,13.951990151000075],[100.55003962600006,13.95197713000016],[100.55006937700011,13.951963570000089],[100.55011706000005,13.951940260000129],[100.55016434100014,13.951916118999975],[100.55025866200003,13.951867338000113],[100.55030603500012,13.951843371],[100.55033791200003,13.951828003000173],[100.550353056,13.951821081000105],[100.55038360000009,13.951807831999986],[100.55041450000016,13.951795443000151],[100.55043010600019,13.95178965800011],[100.55045929900001,13.95177983200017],[100.55048882700015,13.951771002000157],[100.55050369800006,13.951766964000171],[100.55053508300006,13.951759455000172],[100.55056816400008,13.951752852000084],[100.55060144700008,13.95174720200015],[100.55061813700019,13.95174472900004],[100.55065163800003,13.951740668000127],[100.55066989500006,13.951739071000077],[100.55068819000007,13.951737842000057],[100.55072485500017,13.951736088000075],[100.55076157700017,13.95173485800018],[100.5509269480001,13.951730775000101],[100.55098204500013,13.95172909200005],[100.55101872600005,13.951727420000111],[100.55105529800005,13.951724759000115],[100.5510717860002,13.951723037000022],[100.55110463200003,13.951718676000098],[100.55113730400006,13.951713207000068],[100.55115355200019,13.951710018000085],[100.55118798000018,13.95170209000014],[100.55122208300008,13.951692886999979],[100.55123899600017,13.951687818000039],[100.55127229000004,13.951676729000098],[100.55130515900004,13.951664454000024],[100.55133654600007,13.951651471000105],[100.55138302500006,13.951630557000158],[100.55141620600006,13.951614647000099],[100.55144920000015,13.951598364000063],[100.55174515100003,13.95145006000007],[100.55184406600011,13.951401197],[100.5518933530002,13.95137786000015],[100.5519426140001,13.95135519400003],[100.55204136500004,13.951310315000114],[100.55210736100014,13.951280729000189],[100.55214052500003,13.951266303000068],[100.55219010800016,13.95124567500011],[100.55224001,13.951225727000065],[100.552289428,13.951206883000111],[100.5523536620002,13.951183868000044],[100.55240217100004,13.951167465000026],[100.55243478400013,13.951157336000165],[100.55246927400015,13.951147918000117],[100.55250406300013,13.951139688000126],[100.5525215610001,13.951136082],[100.5525390580001,13.951132914000084],[100.55255661100017,13.95113020000008],[100.55257419400016,13.951128014000062],[100.55259180400014,13.951126473000045],[100.5526057460001,13.951125810000065],[100.55261967600018,13.951125658000024],[100.55263357000007,13.951126038000098],[100.55264740500007,13.951127016000157],[100.5526609440002,13.95112860800009],[100.55267437200007,13.951130827000043],[100.5526876780001,13.951133687000095],[100.55270317000014,13.951137879999976],[100.55271844200018,13.951142894000043],[100.55273347200017,13.951148659000069],[100.5527473520001,13.951154731000031],[100.55276102500005,13.95116134300008],[100.55277451300009,13.951168392],[100.55278960900011,13.951176839000084],[100.55281935500005,13.951194676000057],[100.55284875600012,13.951213209000116],[100.55293658500017,13.951269584000045],[100.55296613500013,13.951287943000068],[100.55298958400004,13.951301791000162],[100.55299601700011,13.951305589000071],[100.55302630700015,13.95132241500005],[100.55305701700019,13.951338496000062],[100.55308824600002,13.951353532000041],[100.55310277800015,13.951359910000065],[100.55311745000012,13.951365944000031],[100.55313225800012,13.95137162400016],[100.55314720500019,13.951376912000057],[100.55316248500003,13.9513818100001],[100.55317789000014,13.951386206000109],[100.55319341600006,13.951390069000183],[100.55320905200006,13.951393278000182],[100.5532223460001,13.951395393000041],[100.55323569400014,13.951396940000109],[100.55324907800019,13.95139789500007],[100.55326353200013,13.951398202],[100.5532779630002,13.951397782000186],[100.55329232700012,13.951396612000053],[100.55330766100013,13.951394477000179],[100.55332284100018,13.951391502000035],[100.55333780900014,13.951387718000035],[100.55335251100013,13.951383102000023],[100.55336743000004,13.951377366000088],[100.55338195900009,13.951370762000067],[100.55339605900019,13.95136335300009],[100.55340966100005,13.951355129000092],[100.55342264300009,13.951346024000145],[100.5534355760002,13.95133540900008],[100.55344785500006,13.951323951],[100.55345963400003,13.951311856000189],[100.55347101700016,13.951299299000084],[100.55348207500003,13.951286384000184],[100.55349284200014,13.95127318100009],[100.55350332600011,13.951259725000057],[100.55351351200005,13.951246032000029],[100.55353401200017,13.951216459000022],[100.55356340800012,13.951171183000156],[100.55365927300011,13.951019405000068],[100.55382270500013,13.950762312000165],[100.55393794999998,13.9505800230001],[100.55395772300011,13.950549857000112],[100.55397608000015,13.950523259000022],[100.55399523000011,13.950497326000118],[100.55400522400004,13.950484748000122],[100.55401559800003,13.95047256800018],[100.55402647400001,13.950460907000036],[100.5540379900001,13.950449943000024],[100.55405170600017,13.950438758000075],[100.55406619600012,13.950428478000106],[100.5540812480001,13.950418953999986],[100.55409671200016,13.950410103000081],[100.55411245700014,13.950401943000088],[100.5541283880001,13.950394567000046],[100.55414444100012,13.950388162000138],[100.55416054800014,13.95038305100013],[100.55417665300013,13.95037965900002],[100.55419270500005,13.950378612000065],[100.554208626,13.950380408],[100.55422438500017,13.950384585999984],[100.55423991800012,13.950390580000146],[100.5542551260001,13.950398002000043],[100.55426989700004,13.950406618000045],[100.55428404300011,13.950416317000077],[100.55429733000005,13.950427109000088],[100.55430943900006,13.950439132000099],[100.5543172780001,13.950448881000113],[100.55431928300004,13.950451375000114],[100.5543280920001,13.950464551000152],[100.55433607700019,13.950478414000145],[100.55434341400013,13.950492790000055],[100.55435020800019,13.950507549000122],[100.55435650800018,13.95052258800007],[100.55436233100005,13.950537862999965],[100.55436764100011,13.950553330000105],[100.55437235500017,13.950568986000178],[100.55437657000004,13.950585579],[100.55438017400019,13.950602328000059],[100.55438329500015,13.950619187000143],[100.5543860040001,13.950636121000116],[100.55439016600013,13.950668460000031],[100.5543931480002,13.950699221000036],[100.55439641400011,13.950745404000031],[100.55439805400005,13.950780083000154],[100.55439982900009,13.950829063000128],[100.55440244700014,13.950901288000125],[100.55440437600004,13.950935819000051],[100.55440568600017,13.95095305700005],[100.5544073010002,13.950970209000047],[100.55441130000008,13.951004449000038],[100.55441612900006,13.951038589],[100.55442181600006,13.951072609],[100.55442474000012,13.951087950000101],[100.55443116800012,13.951118528000165],[100.55444197800011,13.951164195000104],[100.55445525200014,13.951213658000029],[100.55446936400011,13.951262964000023],[100.55448422700016,13.951311990000022],[100.55449507499998,13.951344185000096],[100.55450105100016,13.951359967000144],[100.55450759300015,13.951375418000111],[100.55451407100014,13.951388827000073],[100.55452126400013,13.951401773000043],[100.5545282870001,13.951412703000074],[100.554536,13.951423138000166],[100.55454443600007,13.951432989000182],[100.55455691900016,13.951445206000187],[100.55457047300018,13.951456532000066],[100.55458479600003,13.95146720400004],[100.55459966100011,13.951477426],[100.55461490200003,13.951487314000133],[100.55464606700008,13.951506426000094],[100.5546776770002,13.951524746000189],[100.55469354600018,13.951533507000136],[100.55470943700016,13.951541852],[100.55472534000012,13.951549605000025],[100.5547412470001,13.951556488000165],[100.55475715600011,13.951562143],[100.55477307300009,13.95156608300016],[100.55478900900016,13.951567657000112],[100.55480487300002,13.951566348000085],[100.55482076100014,13.951562705000072],[100.5548366540001,13.951557360000038],[100.55485256800017,13.951550796000049],[100.55486848200007,13.951543378000167],[100.55490033100011,13.951526976000025],[100.55494811000011,13.951500621000093],[100.55495125100009,13.951498838000191],[100.55499573200012,13.951473614000065],[100.55502715300014,13.951455302000113],[100.55503866400011,13.951448218999985],[100.55505792900004,13.951436363000084],[100.55507287400013,13.951426434000041],[100.55508737300016,13.951416022999979],[100.55510125200016,13.951404928000045],[100.55511419800013,13.951393176000124],[100.5551265420001,13.951380755000116],[100.55513844,13.951367853000079],[100.5551500200001,13.951354593000076],[100.55517257800017,13.951327426000034],[100.55519469200004,13.951299787000153],[100.55540285700016,13.951035406000017],[100.55556559100012,13.950825596000072],[100.55559774599999,13.95078336400013],[100.55561875700005,13.950754916999983],[100.5556482570002,13.95071289599997],[100.55567679400014,13.950670256000024],[100.5556952030002,13.95064145800012],[100.55571318500006,13.95061154400014],[100.55573072100009,13.950580509000133],[100.55574779900007,13.950549205000016],[100.55576043800016,13.950525484000138],[100.55580654900012,13.95043894100013],[100.55583215600006,13.950391858000103],[100.5558499600001,13.950360865999983],[100.55586754800015,13.950332446000118],[100.55588598100013,13.950304591000076],[100.55589552400016,13.950290910999968],[100.55590533700013,13.95027745700014],[100.55591549000019,13.950264300000185],[100.55592607900007,13.950251540000181],[100.5559372420002,13.95023932099997],[100.55594884200013,13.950227995000091],[100.55596100800005,13.950217235000082],[100.555973644,13.950206961000163],[100.55598665800005,13.950197131000039],[100.5560000160001,13.950187751000158],[100.55601371200015,13.950178872000038],[100.55602775800008,13.950170588000049],[100.55603946400015,13.950164364000102],[100.55605140900013,13.950158638000119],[100.55606359300009,13.950153430000057],[100.55607709200007,13.950148407000086],[100.55609082600012,13.950144039000065],[100.55610477300013,13.950140329000135],[100.55612208600007,13.950136715000042],[100.55613961800009,13.950134087000151],[100.55615616000006,13.9501324740001],[100.55617280700005,13.950131561000148],[100.55618951900004,13.950131237000107],[100.5562062690002,13.950131447000103],[100.55622301000005,13.95013215299997],[100.55625651400015,13.950134578000132],[100.55632537399998,13.950141182000095],[100.5563402860002,13.950142612000036],[100.55637477800019,13.950145447000011],[100.55639251600007,13.950146610000047],[100.55642799200012,13.950148179000053],[100.5564457270001,13.950148485000113],[100.55646372400008,13.950148363000096],[100.55648171400014,13.95014785800015],[100.55651761600012,13.950145774000134],[100.55653550400018,13.950144159000104],[100.55655333000004,13.9501420630001],[100.55656951100002,13.95013967000017],[100.55658561500013,13.95013682900003],[100.55660163400012,13.950133558],[100.55661754500011,13.95012983900017],[100.55663453400018,13.950125316000026],[100.55665139100006,13.950120320000167],[100.556668123,13.950114914000096],[100.55668471900015,13.950109116000135],[100.55670115700008,13.950102910000169],[100.55671647800006,13.950096649999978],[100.55673161900012,13.950090006000153],[100.5567465860002,13.95008298700003],[100.55676134900011,13.950075569000091],[100.55677670300014,13.950067258000047],[100.55679182500012,13.950058522],[100.55680672600005,13.950049413999977],[100.55682140900012,13.950039952000111],[100.55683585000014,13.950030117000097],[100.55685075600013,13.950019364000184],[100.55687995200003,13.949996933000023],[100.5569086800001,13.949973765000038],[100.55694946900002,13.949940014000163],[100.55699404299997,13.949903130000166],[100.55702256800015,13.949880394000047],[100.55703690200005,13.949869596000042],[100.5570513200002,13.949859450000076],[100.55706585000019,13.949850247000143],[100.55708054600012,13.949842385000181],[100.5570954740001,13.949836400000152],[100.55711072200012,13.949833012],[100.55712633100012,13.94983279600018],[100.5571422550002,13.949835163000103],[100.55715841400018,13.949839405000091],[100.55717473200014,13.94984498600013],[100.55719116100016,13.949851501000069],[100.55720768200018,13.949858659000085],[100.5572242410002,13.949866242000098],[100.55725746900009,13.949882132000027],[100.55742353500017,13.949963893000131],[100.55745526800007,13.94998002200009],[100.55748567500018,13.949995881000063],[100.55754607900019,13.950028185000122],[100.55759175300005,13.950053535000052],[100.55760695200019,13.950062351999975],[100.55765406300009,13.950089681],[100.5577004450002,13.95011752400012],[100.55777736300013,13.950165096000148],[100.55785399100012,13.950213126000051],[100.55789974800007,13.95024225700007],[100.55794532100003,13.950272152000139],[100.55803614600018,13.950332866000167],[100.55806670700008,13.950352664000036],[100.55808214100011,13.95036230300002],[100.55811188500013,13.950379968000163],[100.55814207700013,13.950396876000127],[100.55817270600011,13.950412990000075],[100.5581882240001,13.950420643000086],[100.5582192170001,13.950434789000155],[100.55826642900013,13.95045453900019],[100.55831415100016,13.950473154000065],[100.55834746600016,13.950485295000078],[100.55841710900012,13.950508965000097],[100.55850456400003,13.950537402000066],[100.55855713000011,13.950553581000065],[100.55862714,13.950573771000109],[100.5587149270001,13.950598135000178],[100.55878511300006,13.950616630000013],[100.55899588000017,13.950670302000049],[100.55903107800003,13.950678874],[100.55906637300006,13.950686874000155],[100.55908408700009,13.950690496000107],[100.55910186800003,13.950693737000108],[100.5591193840001,13.950696465000135],[100.55913696100004,13.95069881500018],[100.55915459600016,13.950700882999968],[100.55918994400002,13.950704455000107],[100.55922536800011,13.950707517000183],[100.55926084100014,13.950710142000105],[100.55929635500007,13.95071219200014],[100.5593130520001,13.950712879000093],[100.55934646400004,13.950713777000146],[100.55937988800014,13.95071416400009],[100.55941346600008,13.950714026000071],[100.55943836199998,13.950713578000034],[100.559447192,13.950713422000035],[100.55949776700004,13.950711942999988],[100.55953147000008,13.950710597000068],[100.55956592900014,13.950708777000102],[100.55960113600014,13.950706495000077],[100.55974191600006,13.950696236000056],[100.55979472900009,13.950692728000092],[100.55993757400012,13.950685264000185],[100.55999114700018,13.950682130000132],[100.56002631700005,13.950679432000072],[100.56007828600019,13.950674485000093],[100.56013358800016,13.950668434000022],[100.56016489000007,13.950665005000019],[100.56019945000008,13.950660563000042],[100.5602166600001,13.950658032000092],[100.56023379300018,13.950655169000129],[100.56025080600006,13.950651840000091],[100.5602659320001,13.950648353000076],[100.56028089900019,13.950644339000121],[100.56029566500013,13.950639760000172],[100.56031192300009,13.95063391500014],[100.56032790300014,13.95062741300012],[100.56034360700005,13.950620358000151],[100.56035899500006,13.950612817000149],[100.56037402400017,13.950604785],[100.56038857100003,13.950596210000128],[100.5604024910001,13.950586991000137],[100.56041556400004,13.95057695200012],[100.56042750500006,13.950565850000089],[100.56043860600016,13.950552810999966],[100.5604484700001,13.95053864200014],[100.56045741600013,13.950523651000083],[100.56046567900017,13.950508069000023],[100.56047340700013,13.95049206100009],[100.56048070000008,13.950475743000027],[100.56048758700001,13.95045918600016],[100.56049406100004,13.95044243500007],[100.56050004100018,13.950425509000127],[100.56050540900009,13.950408392000043],[100.56050942300004,13.950393486000053],[100.5605129000001,13.95037844900014],[100.56051583500005,13.950363300000049],[100.5605163100002,13.950360266000132],[100.5605182170001,13.950348047000091],[100.56052021700009,13.950330521000069],[100.56052156200008,13.950312903000054],[100.56052234800018,13.950295226000094],[100.5605226580002,13.950277143999983],[100.56052247200017,13.950222844000109],[100.56052265900007,13.950204807000148],[100.56052332500013,13.950186856000187],[100.56052473500012,13.950169035000044],[100.56052637500005,13.95015627000015],[100.56052859200014,13.950143633000039],[100.56053140900013,13.95013115900008],[100.56053565600018,13.950116356000024],[100.56054073000007,13.95010185600006],[100.5605465660002,13.950087695000036],[100.56055315000003,13.95007394900017],[100.5605605180001,13.950060705000112],[100.56056878300018,13.950048110000068],[100.56057811200014,13.950036344000125],[100.56058938900009,13.950024868000071],[100.56060179000013,13.950014336000095],[100.5606150280002,13.950004533000083],[100.5606288940001,13.94999530900003],[100.5606432350001,13.949986576000128],[100.56065795600017,13.949978288000125],[100.56067298599999,13.94997044400003],[100.56068830300012,13.949963106000155],[100.56070391100019,13.94995636800013],[100.56071800300009,13.949950999000123],[100.56073231200014,13.949946184000169],[100.56074681600006,13.949941933000048],[100.56076249900002,13.94993802],[100.56077834500013,13.949934679000023],[100.56079431500018,13.949931830000025],[100.560810388,13.949929441000108],[100.56083873900013,13.949926266000091],[100.56086725500018,13.949924125],[100.56088354700012,13.949923286000057],[100.56094877499999,13.949920920000181],[100.5609812470002,13.94991914600007],[100.56099739000001,13.949917748000132],[100.56101159600013,13.949916101000042],[100.56102570700017,13.949914007000075],[100.56103708000012,13.949911893999968],[100.56103968100007,13.94991141000014],[100.56105447100003,13.949907999000118],[100.56106905600012,13.949903949000145],[100.56108337800003,13.949899223000102],[100.56109856900014,13.949893325000119],[100.56111339200004,13.949886673000094],[100.56112781000019,13.949879330000101],[100.56114174900017,13.949871273000099],[100.56115510400014,13.949862439000071],[100.56116771600011,13.949852692000036],[100.5611797630001,13.949841615000139],[100.56119105900018,13.949829660000091],[100.56120177700018,13.949817049000046],[100.56121206400019,13.949803963000022],[100.56122202500006,13.949790517000167],[100.56123171800004,13.94977680900007],[100.56125042100007,13.949748803999967],[100.56126817600006,13.949720141],[100.56127658500014,13.94970553000013],[100.561283877,13.94969207700018],[100.56129750400015,13.949664685000016],[100.56130430000019,13.949649785000076],[100.56131713700012,13.949619650000159],[100.56134848500005,13.949542034000103],[100.56135553700011,13.949526371000161],[100.56136327000013,13.949511157000131],[100.5613719930002,13.949496604999979],[100.56138179300012,13.949483081000096],[100.56139262400006,13.94947025800002],[100.56140424400013,13.949458008000079],[100.56141647700014,13.949446263000084],[100.56142921400004,13.949435007000034],[100.56144237700016,13.949424292000117],[100.56145595400011,13.949414205000096],[100.56146995700016,13.949404942000115],[100.56148445200017,13.949396746000161],[100.56149954400018,13.949389977000067],[100.5615153820001,13.949384922999968],[100.56153177100009,13.949381386000141],[100.56154854000016,13.949379105000048],[100.56156556000013,13.949377928000047],[100.56158271100003,13.949377809000111],[100.56159989200012,13.949378812000077],[100.56161613700016,13.949380860000076],[100.56163229200018,13.949383818000172],[100.56164832900015,13.949387501000047],[100.56166419600015,13.949391823000042],[100.56167983500012,13.949396738000189],[100.56169515600004,13.949402278000093],[100.56171005100009,13.949408524000091],[100.56172437600014,13.949415640000154],[100.56173793400018,13.949423835000175],[100.5617504870001,13.94943324500008],[100.56176221600009,13.949443727000073],[100.56177323200012,13.94945505700008],[100.56178361300016,13.949467067000057],[100.56179334400014,13.949479663000034],[100.5618023990001,13.949492786000121],[100.56181068500007,13.949506448000022],[100.56181856000012,13.949521565999987],[100.56182566100006,13.949537153000165],[100.56183219500008,13.949553079000054],[100.5618441810002,13.94958554800013],[100.56186465100012,13.949645927000063],[100.56187210300004,13.949667919000149],[100.56188381200019,13.94970068200007],[100.56189007600017,13.949716891000094],[100.5618967630001,13.949732907000168],[100.56190395500016,13.949748644000124],[100.5619116060002,13.949764154000036],[100.56191964300007,13.94977943900011],[100.56192320000008,13.94978582900012],[100.561928023,13.949794488],[100.56193674600013,13.949809253000126],[100.56194585000014,13.949823641000023],[100.56195540700014,13.949837518000038],[100.56196554700011,13.949850688000083],[100.56197644800005,13.949862887999984],[100.56198836200014,13.94987376500012],[100.56200114800015,13.949882757000125],[100.5620149360002,13.94989018900003],[100.56202951900008,13.949896082000066],[100.56204477400019,13.949900343000024],[100.56206034500013,13.949902856000108],[100.56207632300004,13.949903990000053],[100.56209258600006,13.949904080000067],[100.56210904000017,13.949903362000157],[100.56212560700004,13.949901987000146],[100.56214223100017,13.949900054000068],[100.56215886100011,13.949897607000139],[100.56217543700006,13.94989463000013],[100.56219279300007,13.949890885000116],[100.56221005400016,13.949886634],[100.56222722000018,13.949881984000172],[100.56224478200005,13.9498766480001],[100.56226124400013,13.949871650000034],[100.56227806900006,13.949865964000082],[100.56227844000017,13.9498658280001],[100.56230820900004,13.949854711000114],[100.56233792400008,13.949842496000088],[100.56235262100017,13.949836060999985],[100.56238248200003,13.949822047999987],[100.56241270700014,13.949806705000071],[100.56245740400004,13.949782577],[100.56248679200019,13.949765804000151],[100.56251753900011,13.949747306000063],[100.56254799700014,13.949728329000152],[100.56263896500008,13.949670549000189],[100.56266947500006,13.949651534000111],[100.56270035100016,13.949633143000085],[100.56271602600015,13.949624385000106],[100.5627321930001,13.949615912000183],[100.56274857000017,13.949607889000163],[100.5627651420001,13.949600333000035],[100.56278190600005,13.949593322999988],[100.56279888000006,13.949587007],[100.56281548400017,13.949581717000115],[100.56283229100006,13.949577328000032],[100.56284583200005,13.949574551000069],[100.56285946600008,13.949572449000073],[100.56287315700007,13.94957107600004],[100.56288587900008,13.949570516000165],[100.56289861300002,13.949570637000079],[100.56291131600011,13.949571437000145],[100.56292459700006,13.949573031000114],[100.56293779800018,13.949575354000046],[100.56295088600018,13.949578369],[100.5629662300002,13.949582790000079],[100.56298142100013,13.949587951000069],[100.56299648000004,13.949593667000045],[100.56302631000005,13.949606272000096],[100.56304109700011,13.94961299900001],[100.56307148900015,13.949627584000098],[100.56311818400019,13.949651290000077],[100.5632265700001,13.949707485000033],[100.5632576820002,13.949723124000172],[100.56328905500004,13.949738085999968],[100.56330490300007,13.949745125000106],[100.56331986600014,13.949751306],[100.56333497100007,13.949757053000042],[100.56335024200018,13.949762285000133],[100.56336497100006,13.949766721000117],[100.56337984700008,13.949770604000037],[100.56339485100006,13.949773891],[100.56341259000004,13.94977693400017],[100.5634304690002,13.949779073000116],[100.56344374600013,13.949780048000093],[100.56345707200018,13.94978055100006],[100.56347042900012,13.949780625000017],[100.56348836600006,13.949780096000097],[100.56350632700003,13.94977902700009],[100.56354228800012,13.949775864000117],[100.56363230200009,13.949766093999983],[100.56366836200004,13.949762660999966],[100.56368462100005,13.949761398000135],[100.563733453,13.94975858700019],[100.56376604400015,13.949757496000188],[100.56378234500016,13.949757241000043],[100.56380017900005,13.949757234000174],[100.56383582000007,13.949757989000148],[100.56387137300004,13.949759757000095],[100.56388907900009,13.949761138000099],[100.56390671200006,13.94976299100017],[100.5639242200001,13.949765465000041],[100.56394009900004,13.94976839700007],[100.5639558310001,13.949771933000022],[100.56397141500014,13.949776035000184],[100.56398682800011,13.949780697000051],[100.56400259300005,13.949786145000132],[100.56401814800006,13.949792118],[100.56403347800006,13.949798562000183],[100.56404858000008,13.94980545500016],[100.56406338300013,13.949812809000036],[100.5640778300002,13.94982068700017],[100.56409180700018,13.949829205000128],[100.56410517400013,13.949838529000033],[100.56411868900011,13.949849563000043],[100.56413153199998,13.94986146000008],[100.56414388700006,13.949873988000036],[100.56415587900017,13.94988696400003],[100.56416762900005,13.94990025300018],[100.56420204800014,13.949941141000181],[100.56424927600017,13.949999263],[100.56426961500017,13.950024291000148],[100.5642918580001,13.950052209000148],[100.56431374000016,13.950080369000148],[100.56433458800012,13.950108426999975],[100.56437416500012,13.950164226000084],[100.56439409900014,13.950191831000154],[100.56440431100009,13.950205344000096],[100.56441479600016,13.95021854200013],[100.56442568300008,13.95023129000009],[100.56443712200007,13.950243415000159],[100.56444931100009,13.95025468900019],[100.56446235900012,13.950264908000065],[100.56447615899998,13.950274280000144],[100.56449051000004,13.95028301700006],[100.56450527600003,13.950291296000103],[100.56452033600004,13.950299218000055],[100.56455105900017,13.950314351000145],[100.56458228200017,13.95032877],[100.56461388200012,13.950342478000096],[100.564645923,13.950355132000084],[100.56466221600004,13.950360903999979],[100.56469514800011,13.950371551000103],[100.56474499300003,13.950386292000132],[100.56481175900007,13.950405033000038],[100.5648787230001,13.950422979000052],[100.56491346100012,13.950431681000111],[100.56498311400014,13.950448392000112],[100.56519227100011,13.950497662000146],[100.56526207000013,13.950513719000128],[100.56529705700007,13.950521360000153],[100.56533144000014,13.950528397000085],[100.56548658300011,13.95055861000003],[100.56553811100014,13.950569709000149],[100.56555520400019,13.950573791000124],[100.5655885290002,13.950582501000156],[100.56565483500003,13.95060120400018],[100.5656879460002,13.950610213000118],[100.56570450400011,13.950614329000075],[100.56572106800007,13.95061802500004],[100.56573105000018,13.950619876000133],[100.56573762300013,13.950621097000123],[100.56575418700004,13.95062331400004],[100.56577073900019,13.950624362000156],[100.56578622300003,13.950624035000033],[100.56580166600014,13.950622583999973],[100.56581702300008,13.950620182000137],[100.56583225800006,13.950616930000024],[100.56584731400005,13.950612863000174],[100.5658621140002,13.950607964000028],[100.56587658800015,13.95060214100016],[100.5658913270002,13.950594968000189],[100.56590569000008,13.950586895000129],[100.56591975400016,13.950578136000047],[100.56593356700017,13.950568861000079],[100.5659471690002,13.95055917600007],[100.5659738,13.950538845000096],[100.5659868960002,13.950528231000078],[100.56602572500015,13.950495812000156],[100.56605194600007,13.950474681000117],[100.56607504800007,13.9504576],[100.56608688800014,13.950449481000135],[100.56609894400009,13.950441696000098],[100.56611269100006,13.950433420000138],[100.56612670100014,13.950425579000125],[100.56614094100007,13.950418132000095],[100.56615539700005,13.950411075000147],[100.56617144600006,13.95040379400018],[100.56620407400004,13.950390273000039],[100.56623714100004,13.950377685000035],[100.56627050000003,13.950365882000085],[100.56630415799998,13.950355142000035],[100.56632113900008,13.950350399000115],[100.56633826200016,13.950346264000018],[100.56635542200013,13.95034292300005],[100.56637272300009,13.95034027700018],[100.56639014900009,13.95033826000008],[100.56640825300019,13.95033679900007],[100.56642644800019,13.950335827000174],[100.56646299300007,13.95033490200018],[100.56649968,13.950334947000101],[100.56651805400008,13.950335309000081],[100.5665364350001,13.950335964999965],[100.56655479800014,13.950336988000174],[100.56657273700012,13.950338424000108],[100.56659062800009,13.950340225000161],[100.56662617799998,13.95034468100016],[100.56666104800001,13.950350233000108],[100.56667798000018,13.950353558000131],[100.56669435800012,13.950357421000149],[100.56670995200017,13.950362012000085],[100.56672443200011,13.950367626],[100.56673736700003,13.950374632000091],[100.56674819300008,13.950383539000029],[100.56675673200016,13.950395227000115],[100.56676296100005,13.950408940000045],[100.56676744700007,13.950424117000182],[100.56677057600007,13.950440333000074],[100.5667726220002,13.950457283000048],[100.56677370000011,13.950474736],[100.56677392900008,13.950490361000163],[100.5667736110002,13.950506164000103],[100.56677176600016,13.950538051000024],[100.56676932800013,13.950563506000094],[100.56676870100017,13.95057006899998],[100.56676458200008,13.950601967000125],[100.56675969600019,13.95063375],[100.56674970800009,13.9506934690001],[100.5667452720001,13.950726248000024],[100.56674346700004,13.950744126000075],[100.56674212800016,13.950762027000053],[100.56674133600012,13.950779255000043],[100.56674098300016,13.950796487000048],[100.56674105400009,13.95081371599997],[100.56674155900004,13.950830908000171],[100.56674257800006,13.950848053000072],[100.56674422200018,13.950865107000084],[100.56674625300008,13.95087969900004],[100.56674888100014,13.950894161000178],[100.56674922700012,13.950895678],[100.566752151,13.950908458000185],[100.56675662200013,13.95092420300017],[100.56676184600019,13.950939671000185],[100.56676774200014,13.950954825000053],[100.56677428500006,13.950969604000079],[100.56678151200003,13.950983901000143],[100.56678951900011,13.950997574000098],[100.56679849100016,13.951010405000034],[100.56680866900007,13.951022125000065],[100.56681914200016,13.951031587000159],[100.56683061700011,13.951040068000054],[100.56684289400016,13.951047723999977],[100.56685579400016,13.951054673000101],[100.5668692210001,13.951060970000185],[100.56688061400007,13.951065706000065],[100.56690407100018,13.951074135000113],[100.5669214080001,13.951079516000107],[100.56695667400015,13.951089185000114],[100.56706209400016,13.951115656000127],[100.56715233000017,13.951139793000038],[100.56717606200004,13.95114614400012],[100.56720863000004,13.951154560000134],[100.56724267900012,13.951162663000162],[100.56727824100005,13.951170325000078],[100.56731391700015,13.95117747500018],[100.567351089,13.951184377],[100.56739643000014,13.951191667000103],[100.56745960100011,13.951200157000073],[100.56754835800007,13.951203277000161],[100.56753847300007,13.951160793000042],[100.56751865500001,13.951075527000057],[100.56632171900014,13.945921951000173],[100.5637364820002,13.935139195999966],[100.56358803600017,13.934503346000156],[100.56358727300017,13.934500067000158],[100.56269530399999,13.930692],[100.56082276400014,13.92269712400008],[100.56005677000019,13.919426503000125],[100.5588945500001,13.91446317700013],[100.55889311700008,13.914457016000085],[100.55818077700013,13.911421294000093],[100.55802483700018,13.910818693000067],[100.55770047500016,13.909438137000052],[100.55751377900003,13.908645186000058],[100.55730672200019,13.907778650000125],[100.5571786000001,13.907231067000055],[100.55703962100006,13.906643468000027],[100.55696743200019,13.906331849000082],[100.55678334500016,13.905543136000063],[100.55657614100005,13.904653312],[100.55639349000012,13.903870688000097],[100.55607346100004,13.902540541000064],[100.55591126700011,13.901847027000088],[100.55572756800012,13.90110449700012],[100.55550260500007,13.900130719000174],[100.55525224000019,13.899119590999987],[100.55509146300011,13.898438995000163],[100.55501551900005,13.898169161000055],[100.55484489300017,13.897400687000072],[100.5546897210001,13.896743984000182],[100.55459143700017,13.89632296700006],[100.55441833100002,13.895579075000171],[100.5544176840001,13.895567648],[100.55435750400005,13.89530176400001],[100.55430907300007,13.895078586000068],[100.55429769400007,13.894987410000113],[100.55185542800018,13.884547440000176],[100.55191591500011,13.884421656000086],[100.55182828100016,13.884026750999965],[100.55179027800011,13.88388012400003],[100.55038799300019,13.878140099000177],[100.5502851820001,13.877585603000114],[100.54998522500006,13.877675149000083],[100.54996190500009,13.877683244000139],[100.54993917400009,13.877691925000022],[100.54992354900008,13.877697549000175],[100.54990520100017,13.877703808000035],[100.54988490400018,13.877710274000037],[100.54986350000019,13.877716528000064],[100.54984177000017,13.877722340000162],[100.5498205450001,13.877727535000133],[100.5498006850001,13.877731950000054],[100.54976629500004,13.877738364000095],[100.54973276200002,13.877743450000139],[100.5496981930001,13.877747368000087],[100.54966350900008,13.877750431000095],[100.54961137300006,13.877754071000027],[100.54957658000006,13.877755906000118],[100.54954170500014,13.877757053000096],[100.54948928600015,13.877757650999968],[100.54936690900007,13.877757545000122],[100.54931444400006,13.877757762000101],[100.54927866700007,13.877758368000116],[100.54922380600004,13.87776018000011],[100.5491872550001,13.877761977000148],[100.549150784,13.877764580000132],[100.54913485000014,13.87776610300017],[100.5491030870001,13.877769891000128],[100.54907150500014,13.87777473400007],[100.54905581200018,13.877777655000045],[100.54902928900003,13.877783598000065],[100.5490161530002,13.877787053000077],[100.54899914000009,13.877792060000047],[100.54898226100005,13.877797524000187],[100.54894879900013,13.877809424000077],[100.5489157080001,13.877822310000113],[100.54889933600003,13.877829121000048],[100.54888313000009,13.877836242000171],[100.5488671490001,13.877843757000164],[100.54885147500005,13.877851801000133],[100.54883752100011,13.877859688000171],[100.54882386900005,13.87786806000014],[100.54881050000012,13.877876834000176],[100.54879741400009,13.877885983000112],[100.54878463000011,13.8778954980001],[100.54877220000014,13.87790540200001],[100.54876020700016,13.877915755000117],[100.54874876100007,13.877926648000027],[100.54873677500012,13.877939479000077],[100.5487254320002,13.87795291500015],[100.54871453900006,13.877966797000056],[100.5487039800002,13.877980987000171],[100.54868348100018,13.878009957000074],[100.54859382800015,13.878142637000053],[100.54856356100004,13.878186567000114],[100.54854287100011,13.878215472000136],[100.54853278800005,13.878229027999964],[100.54851215900004,13.878255798000055],[100.54850162800017,13.878268999],[100.54848003700005,13.878294955],[100.54846892400008,13.878307643000028],[100.54845751400006,13.878320072000065],[100.54844541700004,13.878332578000027],[100.54840832100012,13.878369340000063],[100.5483961770002,13.87838176400004],[100.5483844090001,13.878394496000169],[100.54837423900017,13.878406331000178],[100.54836445200016,13.878418484],[100.54835498500017,13.878430895000065],[100.54833691100009,13.878456377000077],[100.54832828600019,13.87846941000015],[100.54830952500015,13.878499913000098],[100.54828283100005,13.878546626000173],[100.54823954800014,13.878625252000063],[100.5481017940001,13.878877339999974],[100.54808446500016,13.878908768000088],[100.54806681900016,13.87893995100012],[100.54804847400015,13.878970586000037],[100.5480388250001,13.878985536000073],[100.54802869300016,13.879000103000124],[100.54801788700019,13.879014146000088],[100.54800667000006,13.879027090000136],[100.54799481900005,13.879039550000073],[100.54798250900006,13.879051641000103],[100.54796985600018,13.879063471],[100.54794390100011,13.879086628999971],[100.5478377410002,13.879177509000044],[100.54774483800003,13.879259111000067],[100.5477046330002,13.879293749000055],[100.54767730700007,13.87931628300015],[100.54764968200016,13.879338480000115],[100.54753836000003,13.879426302000127],[100.54749684700005,13.879459491000091],[100.547469536,13.879482014000075],[100.54745608400015,13.87949349600018],[100.54742994000009,13.879516771000056],[100.54740423500004,13.87954051800017],[100.54735337000017,13.879588624000064],[100.54723950600015,13.879697487999977],[100.54718924800011,13.879746214000136],[100.54715156400016,13.879783663000126],[100.54710166400014,13.879833948000112],[100.546865277,13.880073622],[100.54684031400018,13.880098151000027],[100.54681530500017,13.880121950000103],[100.54678979100015,13.88014515000009],[100.54677675500017,13.880156390000138],[100.54676344500012,13.880167280000137],[100.54674964600014,13.880177826000136],[100.54673550200005,13.88018789300014],[100.54672102400008,13.88019744800016],[100.54670616099997,13.880206411000074],[100.54669265600006,13.880213790000084],[100.54667887600016,13.880220692000137],[100.54666485900015,13.880227171],[100.54665063500005,13.880233255000178],[100.54663390700006,13.880239839000183],[100.54661698800015,13.880246037000177],[100.54659994000019,13.88025195500012],[100.54656559400019,13.880263260000106],[100.54651377400018,13.880279493000103],[100.54644488800017,13.880300011000031],[100.54620499000004,13.880368686999986],[100.54615352100012,13.880383119000157],[100.54610184900008,13.880396732000122],[100.54607038100016,13.880404168000041],[100.54602291000003,13.880414204000147],[100.54596859400016,13.88042414299997],[100.54589595100009,13.880436335000127],[100.54522363300009,13.880547168000135],[100.54513272800011,13.880561837000187],[100.54500767300016,13.88058066300016],[100.54448929900008,13.880656996000141],[100.54443523800012,13.880664433000163],[100.54434381000004,13.880676081000047],[100.54342903700012,13.880789448000087],[100.54337419100017,13.880796484000143],[100.54331944300009,13.880804170999966],[100.54328327700011,13.880809938000027],[100.54322913400017,13.88081924800008],[100.54283254000006,13.880890376000082],[100.54272428300004,13.880909267000163],[100.54265252900018,13.880920528000104],[100.54245540099998,13.880949240000177],[100.54240188100005,13.880958097000132],[100.54238415600008,13.88096149300003],[100.54236652400004,13.880965266999965],[100.54234913500011,13.880969474000096],[100.5423318610001,13.880974102000096],[100.54229762200004,13.880984434000084],[100.5422806700002,13.880990129999986],[100.54224706200011,13.881002568000156],[100.54216384700004,13.881035963000159],[100.54213042100014,13.881048938000049],[100.5420980770001,13.881060407000064],[100.54208248100008,13.881065474000025],[100.54205105400001,13.881074878000106],[100.54201583300005,13.881084285000043],[100.54196265600018,13.881097284000191],[100.54169584900006,13.881159172000139],[100.54164240900008,13.881171154000072],[100.54160668700013,13.881178686000169],[100.54157118100005,13.881185542000026],[100.54153558800004,13.881192005000116],[100.54092938600013,13.881296187000032],[100.54087592500008,13.881305543000053],[100.54082257900006,13.88131539699998],[100.54076958800005,13.881326412000135],[100.54068173500013,13.881346546000032],[100.54048872900017,13.88139209000002],[100.5404362020002,13.881404924000037],[100.54040132700004,13.881413969000164],[100.54036777000005,13.881423316000166],[100.54031763000012,13.881438021],[100.54021757900011,13.881468252000104],[100.54015097700011,13.881488724000064],[100.54011776300001,13.881499218000044],[100.54006921800004,13.881515256000114],[100.54003700300012,13.881526367000049],[100.5400049650001,13.881537939000111],[100.53995378300016,13.881557778000058],[100.53990289600011,13.881578368000191],[100.53958124500008,13.881710438000084],[100.53927638000016,13.881835219000038],[100.53919194200006,13.881870417000073],[100.53915846000018,13.881885113000067],[100.53914269800009,13.881892342000071],[100.53909576100006,13.88191473300003],[100.5390180730002,13.881953191000036],[100.53895640500002,13.881984818000035],[100.53892596500003,13.882001319000096],[100.53889429000014,13.882019600000092],[100.53886295300015,13.882038465000164],[100.53875386800007,13.882105463000187],[100.53872240200013,13.882123969000133],[100.53870649500016,13.882132870000078],[100.53869040600017,13.882141409000155],[100.53867407500013,13.882149439999978],[100.53865776900005,13.882156721000172],[100.53864122600015,13.882163516000105],[100.53862450800005,13.882169958000077],[100.53859073100017,13.882182142000033],[100.53853964300004,13.882199553000135],[100.53828331500011,13.88228483],[100.53821484800005,13.882307174000061],[100.53818011100014,13.882318003000023],[100.53812726100017,13.882333773000084],[100.53786232900012,13.882410474000096],[100.53779184200005,13.882431394000037],[100.53773978999999,13.882447967000076],[100.53770594000008,13.882459505000156],[100.53765534800016,13.882477317000053],[100.53743655500006,13.882555854000032],[100.53738624000005,13.882574417000058],[100.53735214699998,13.882587404],[100.53726720400016,13.88262054800009],[100.5366053680001,13.88288096600013],[100.5365373950001,13.882907442000032],[100.53648618200003,13.882926804000022],[100.5363830610001,13.882964174000108],[100.53547072200001,13.883290687],[100.53534951400013,13.883332584000186],[100.53469045900005,13.883557779000114],[100.53460369400005,13.883587276000128],[100.53455189800002,13.88360454400015],[100.53443239600011,13.883643304000145],[100.53410776400005,13.883747678000077],[100.53363223800017,13.883896138000125],[100.53354426100009,13.883923888000083],[100.53345951600005,13.88395140300014],[100.53320555600004,13.884034798000016],[100.53313771800009,13.884056692000058],[100.53308555500013,13.88407285600016],[100.53299742000019,13.884099222000032],[100.5318507200002,13.884439089000182],[100.53174474300005,13.884470024000166],[100.53167480000019,13.884489172000144],[100.53148284300005,13.884539535000158],[100.5314129480002,13.884558611000102],[100.53130795400006,13.884588398000176],[100.53043354000016,13.884838377000165],[100.53036352700013,13.884858181000027],[100.53029575500005,13.884876748000067],[100.53014472700016,13.884916912],[100.53009424500004,13.884929753000108],[100.53005895500019,13.884938229000113],[100.52998818600008,13.8849544200001],[100.52993497000011,13.884965938000164],[100.52989938000019,13.88497299200003],[100.5298639180001,13.884979004000172],[100.52981087100005,13.884986232000074],[100.52977542100018,13.884990426000059],[100.52973993800015,13.884994225000128],[100.52970446000006,13.884997483],[100.52968673000004,13.88499878600004],[100.52966900100006,13.884999763000053],[100.5296512930002,13.885000296000158],[100.52963359800003,13.885000237000042],[100.52961723300001,13.884999547000177],[100.52958454200007,13.884996902000069],[100.5295354640001,13.884992149000084],[100.5295190650001,13.884990919000188],[100.52950119600013,13.88499001700012],[100.52948329500015,13.88498950800016],[100.52946537600019,13.88498928600012],[100.52942949400006,13.884989415000064],[100.52933966400008,13.884990841],[100.52930373600014,13.884991003000039],[100.52928578100017,13.88499079200011],[100.52925017300004,13.884989601000086],[100.52919684200015,13.88498635100018],[100.52916138400008,13.884983251999984],[100.52912607500008,13.884979034000025],[100.5291081360001,13.884976268000116],[100.52909025100013,13.884973149000132],[100.52905457900005,13.884966213000098],[100.5289300730002,13.884939533000022],[100.52887661200015,13.884928781000042],[100.52884081600018,13.884922770000117],[100.52882450200008,13.884920579000038],[100.52880813800016,13.884918765000066],[100.52879173800005,13.884917338000037],[100.52877337000012,13.884916200000134],[100.52875496700011,13.884915451000154],[100.52869963800003,13.884914551000065],[100.52864424700016,13.884914616000174],[100.52860732100015,13.884914998000056],[100.52857043200004,13.884915793000175],[100.5285336140002,13.884917401000166],[100.52851525200009,13.884918725999967],[100.52849704000016,13.884920515000033],[100.52847885800008,13.88492267200013],[100.52842444300012,13.884930515000178],[100.52835200800007,13.884942256000159],[100.52827963800013,13.884954450000123],[100.52822547800008,13.884964112000034],[100.52818952700005,13.88497123600007],[100.52817177000009,13.884975117000124],[100.52813637800017,13.88498342600019],[100.52808345200003,13.884996626000031],[100.52760783900004,13.885118604000183],[100.52751995200015,13.885141803000067],[100.52746800700004,13.885156693000056],[100.52738225600012,13.885182861999965],[100.52710825600019,13.88526797600008],[100.5270567550001,13.885283491000052],[100.52700466300007,13.885298163000016],[100.526951602,13.885311839999986],[100.52689839500016,13.88532502300012],[100.52629477300013,13.88547241100008],[100.52624166900017,13.885485904],[100.52620646300011,13.885495513000023],[100.52617209700009,13.885505944000101],[100.52612188000012,13.885523],[100.52607194000007,13.885540940000112],[100.52585591700006,13.885619874999975],[100.52580589400009,13.88563760300002],[100.52577163400008,13.885649313000101],[100.52568573000008,13.88567785700019],[100.5253417290001,13.885790972000052],[100.5252900370001,13.885807654000189],[100.5252380070001,13.885823716000061],[100.52518547200009,13.885839027000031],[100.52511526000012,13.88585895500006],[100.52469378900014,13.885977870000033],[100.52460587600007,13.886002242000131],[100.52457039000018,13.886011644000178],[100.52451669900006,13.886025301000132],[100.52424780100006,13.88609205299997],[100.52419416400011,13.886105901000064],[100.52415936400007,13.88611531600003],[100.52407257100009,13.886139612000079],[100.52362163100008,13.886267342],[100.52355231100006,13.88628715700014],[100.5235004540001,13.886302437000154],[100.5234480250001,13.886318697000092],[100.52339572100004,13.886335359000043],[100.52255969100014,13.886604379000119],[100.52245512200011,13.886637807],[100.52236853300013,13.886664493000126],[100.52219602800017,13.88671612100012],[100.52212725900006,13.886737455000116],[100.52205750899998,13.88676071599997],[100.52186625400009,13.886826340000084],[100.52177874800009,13.886854823000021],[100.52097107600008,13.887109957000177],[100.52090074800014,13.887131839000062],[100.52084852700017,13.887147442000185],[100.52077918700007,13.887167452000085],[100.52070973300005,13.887187062000066],[100.52067494400006,13.887196588000165],[100.52064005200003,13.88720565900013],[100.52060497600019,13.887213894000183],[100.5205871350002,13.887217582000119],[100.52053340300017,13.887227888999973],[100.52050245000004,13.88723421800006],[100.52045614600013,13.887244426000052],[100.52042058799998,13.887252708000176],[100.5203141080001,13.887278467000101],[100.5199948410002,13.887356510000075],[100.51990622400007,13.887378432000105],[100.51983537900014,13.887396848000037],[100.51965833700007,13.887444865000191],[100.51944465600008,13.887499822000052],[100.51940918700006,13.887509460000103],[100.51937679300005,13.887518823999983],[100.51934457100003,13.887528711000186],[100.5193125730001,13.887539246000074],[100.51929566799998,13.887545195000143],[100.51926203900018,13.887557628000025],[100.51919516300012,13.887583538],[100.518944943,13.887682239000128],[100.51889474600006,13.887701574],[100.51884445800016,13.887720020000131],[100.51881100100013,13.887731622000047],[100.51876065400018,13.887748603000091],[100.5185924930002,13.887804314000164],[100.5185249910001,13.887825843000087],[100.51847576300014,13.887840156000095],[100.5184433460002,13.88784888500004],[100.51841081900005,13.887857225],[100.51833983700004,13.887874244000102],[100.51705941300014,13.88816987700011],[100.51430320000009,13.888786252000045],[100.51424900600006,13.888797612000133],[100.51423088400014,13.888801116000025],[100.5141947960002,13.888807503000123],[100.51415860100013,13.888813377000076],[100.51410420600018,13.888821674000155],[100.51403152300009,13.888831855000035],[100.51399508200018,13.888836200000128],[100.51395884300013,13.888839498000038],[100.51392282300014,13.888841806000016],[100.51385074200016,13.888845561999972],[100.51381492900015,13.888848044000042],[100.5137971850001,13.888849775999972],[100.51377961800011,13.888852041000064],[100.51376230000011,13.888855069000158],[100.51374534800016,13.888859153000169],[100.51373161200007,13.888863564000076],[100.51371822100009,13.888868868000145],[100.513705212,13.88887504500002],[100.51369123800009,13.88888289100015],[100.51367777700017,13.888891678999983],[100.51366349900019,13.888902334000079],[100.51364969400004,13.888913745000025],[100.51363621700006,13.88892568600005],[100.51360983100005,13.88895050200017],[100.51355745400002,13.88900100899997],[100.51354410800019,13.889013389000127],[100.51351723500017,13.889037177000148],[100.51347605900014,13.889071912000077],[100.5134064990001,13.889128718000165],[100.51336423700013,13.889162011000167],[100.51333546600017,13.889183215000116],[100.51332073300011,13.889193236000153],[100.51330565000018,13.889202653000154],[100.51328735300018,13.889212723000071],[100.51327341800015,13.889219464],[100.51325920800008,13.889225671000077],[100.51324477200012,13.889231412000129],[100.51323014800016,13.889236728000014],[100.51321535200015,13.889241622999975],[100.51320039300009,13.88924606500018],[100.51318302800013,13.889250585000013],[100.51316549700005,13.889254615000027],[100.51314786400008,13.889258299000119],[100.51311237900006,13.889265008000052],[100.51273824600014,13.889329115000123],[100.51266712699999,13.889341793000085],[100.51261396300004,13.889352112000154],[100.51257853100014,13.889359817000184],[100.5125255580001,13.889372143000116],[100.51215543200004,13.889461728000185],[100.512102519,13.889474351000047],[100.51204950400017,13.889486552000108],[100.51196102000011,13.889505285000155],[100.51153547900014,13.889591646000099],[100.51144693800006,13.889610105000088],[100.51141164300003,13.889617994000162],[100.51137612500014,13.88962652300006],[100.51126996500005,13.889653714000076],[100.51104021100002,13.889713713000162],[100.5109873900002,13.88972816400019],[100.51095240500007,13.889738498000156],[100.51093504500005,13.88974401500019],[100.51090050500005,13.889755617000048],[100.5108489390002,13.889773770000033],[100.5104546450001,13.88991609300001],[100.51038616300013,13.889941069000145],[100.51029656700018,13.889974237000047],[100.51026526500004,13.889985115000059],[100.5102478190002,13.889990870000076],[100.51021279800005,13.890002016000096],[100.51016008600016,13.890018256000019],[100.509561738,13.890199715000051],[100.50947362400018,13.890225989999976],[100.50942084200011,13.890240898000172],[100.50931521600006,13.890269367000144],[100.5084343050001,13.890504347000046],[100.50832852700006,13.89053227100004],[100.50820331700015,13.890564150999978],[100.50737999100005,13.890771718000053],[100.50727270200014,13.890799163000054],[100.50714945900017,13.890832239000133],[100.50642823600009,13.891028271000039],[100.5063401770002,13.891051757000184],[100.50630483000003,13.891060677000041],[100.50625133000005,13.891073170000084],[100.50617977700006,13.891088971999977],[100.50592911700011,13.891143379000141],[100.50587550300008,13.891155413999968],[100.50583986400011,13.891163852000147],[100.50577072700014,13.891181696000046],[100.50554674000017,13.891242564000095],[100.50546039400012,13.891265420000025],[100.50542570800013,13.89127405700009],[100.50539065300012,13.891282138000179],[100.50531981700016,13.89129713799997],[100.50528452600014,13.891304887],[100.50526700800015,13.891309082000078],[100.50524963500004,13.891313653],[100.50523248900004,13.89131874700007],[100.50521563900003,13.891324579000013],[100.50519908100011,13.891331382000146],[100.50518288700016,13.89133901200006],[100.505167046,13.891347347000135],[100.50515156100005,13.891356341000176],[100.50513648600014,13.891365993000079],[100.50512194200019,13.891376269000034],[100.50510778900019,13.891387092000116],[100.50509396700011,13.891398343999981],[100.50508045800012,13.89140995200006],[100.505067263,13.891421875000106],[100.50505443900005,13.891434127000025],[100.50504207900008,13.8914467460001],[100.50503032300014,13.891459827],[100.50501935500017,13.89147349000018],[100.50500943200012,13.891487719000054],[100.50500027300018,13.891502494000122],[100.50499165500014,13.891517674000113],[100.50498342200012,13.891533123000045],[100.50495194100006,13.891596076000042],[100.50493569000008,13.89162772700007],[100.50491838200003,13.891659181000023],[100.50490929000017,13.891674656000134],[100.5049004230001,13.891688996000084],[100.50488189700013,13.891717188000086],[100.50486249400006,13.891744804999973],[100.50485246200009,13.89175837700003],[100.50483155400013,13.89178496],[100.50480967300001,13.891810862000057],[100.50478724000004,13.891836342000033],[100.50475298100014,13.891874062000113],[100.50472974000007,13.891898845000128],[100.50470601200004,13.89192316499998],[100.50469367400012,13.89193527700013],[100.50466856500009,13.891959107000105],[100.50457953900019,13.892041371000175],[100.50455459300008,13.89206533000015],[100.50452986800008,13.892090518999964],[100.50450539700006,13.89211698500003],[100.50448137400014,13.892143868000062],[100.50437440700006,13.892265966000025],[100.504350139,13.892292635],[100.5043251190001,13.89231858300002],[100.50429954300012,13.892342855000095],[100.50428642500009,13.892354658999977],[100.50425971099997,13.892377768000017],[100.50423239700007,13.892400173000055],[100.50421846900014,13.892411029000016],[100.50420429400015,13.892421556000102],[100.50419058900013,13.892431141000088],[100.50417663400015,13.892440380000096],[100.50416245700012,13.8924492700001],[100.50414804600007,13.892457804000117],[100.5041333960001,13.89246592700016],[100.50411801600006,13.892473826000185],[100.50410241300011,13.892481344000089],[100.50407076200008,13.89249558500012],[100.504022658,13.892515760000094],[100.5039903070001,13.892528540000058],[100.50397403700015,13.892534650000073],[100.50395768300007,13.892540482000186],[100.50394132700012,13.89254593100003],[100.5039248670002,13.892551001000072],[100.50390830900005,13.892555642],[100.50389164500012,13.892559771000094],[100.50387485300013,13.892563262000124],[100.50385963400004,13.892565741000055],[100.50384431400016,13.89256764400011],[100.50382892500005,13.89256901900012],[100.5038134850002,13.892569881000043],[100.50379564100012,13.892570257000045],[100.50377775100009,13.892570126000123],[100.50375983800012,13.89256962200011],[100.50370602700019,13.892566887000157],[100.50350862400012,13.89255409500015],[100.50345540400014,13.892551270000183],[100.50340341100019,13.892549040000176],[100.50331670900016,13.89254591800011],[100.50326467000019,13.892544633000057],[100.50322997000018,13.892544451000049],[100.50321174600009,13.8925447310001],[100.50317529700015,13.892545958000085],[100.5031388920001,13.89254787699997],[100.50312072200018,13.892549110000175],[100.50308451500013,13.892552368999986],[100.50306652200015,13.892554590000088],[100.50304864700018,13.892557401999966],[100.50303310900011,13.892560473000174],[100.5030176960002,13.892564053000115],[100.50300238900007,13.892568078000181],[100.50298720700005,13.892572515000097],[100.50297215900002,13.8925773630001],[100.50295728300006,13.892582655000012],[100.50294260900012,13.892588458000091],[100.50292668000009,13.892595536000101],[100.50291103300015,13.892603227000109],[100.50289563800004,13.89261145900008],[100.50288000600017,13.892620462000025],[100.50284929200012,13.892639523000128],[100.50280396800008,13.892669448],[100.50277402000006,13.892689836000102],[100.502744317,13.892710525000155],[100.5027150470001,13.892731743000127],[100.50270068700013,13.892742685000144],[100.502672308,13.89276573300009],[100.50264457100013,13.89278955399999],[100.50261725400009,13.89281383000008],[100.5025903510001,13.892838509000057],[100.50256413900001,13.892863785000031],[100.50255145600016,13.892876786000102],[100.50253921800004,13.892890155000089],[100.50252822800019,13.892903093000086],[100.5025176370001,13.892916365000133],[100.50250735800006,13.892929889000186],[100.5024973240001,13.892943608000166],[100.50247787000012,13.892971504000116],[100.50245922000016,13.892999920000022],[100.50245026800013,13.893014350000158],[100.50244165400011,13.89302898200009],[100.50243307000011,13.893044500000144],[100.50241685400005,13.893076072999975],[100.50240138400017,13.893108078000068],[100.50237883600005,13.893156459000068],[100.50232688600005,13.893269839000027],[100.5023116590001,13.8933019320001],[100.5022956590002,13.893333369000175],[100.50228712700005,13.893348622000076],[100.50227803300015,13.893363369000156],[100.50226815500008,13.893377419000046],[100.50225719900004,13.893390501000056],[100.50224594600007,13.893401497000127],[100.50223375000013,13.89341161800013],[100.50222082800013,13.893421054000044],[100.50220735700003,13.893429928000046],[100.5021934520002,13.89343832000003],[100.5021791960001,13.893446258000154],[100.50216463600009,13.893453734000047],[100.50214979800012,13.893460694000112],[100.5021346650002,13.893467028000089],[100.50211816799998,13.89347298000007],[100.50210136600003,13.893478093000056],[100.50208429100013,13.893482346000155],[100.50206656600017,13.893485790000057],[100.50204865400013,13.893488497000021],[100.50203060500013,13.893490682000106],[100.50199426700016,13.893494080000039],[100.50192131600005,13.893499501000065],[100.50188497300013,13.893502602000012],[100.5018669050001,13.893504531000076],[100.50184895500018,13.89350686500012],[100.50183117400007,13.893509774999984],[100.50181362300009,13.893513501000143],[100.50179985900002,13.893517189000079],[100.50178629700014,13.893521516000021],[100.50177295500015,13.893526445000134],[100.50175926300005,13.893532221999976],[100.50174580700019,13.89353856300005],[100.50173258400008,13.893545406000044],[100.50171959500017,13.893552716999977],[100.50170538100002,13.893561412999986],[100.5016914320002,13.893570571000055],[100.50167770600012,13.89358009300014],[100.50165088200004,13.893600051000021],[100.50163781000003,13.89361047400007],[100.50162502000006,13.893621218000078],[100.50161181300012,13.893632985000067],[100.50158615300012,13.893657358000041],[100.50156108400012,13.893682363000096],[100.50152393000002,13.893720352000116],[100.50143771300009,13.893809335000071],[100.50138875800002,13.893860411000048],[100.50135340800011,13.893898375],[100.50127280600003,13.893986828000152],[100.50123771500006,13.894024199000114],[100.501213575,13.894048392000059],[100.50120109900007,13.894060154000158],[100.50118839800018,13.894071701000144],[100.50116256100006,13.894094369000072],[100.50110987100015,13.894138716999976],[100.50106962600012,13.894171129000028],[100.50104211600012,13.894191798],[100.501028,13.894201605000035],[100.50101316300015,13.89421116900013],[100.50099802000005,13.894220256999972],[100.50098260800019,13.89422889499997],[100.50096693800015,13.894237068000052],[100.50095101200009,13.894244722000167],[100.50093677500001,13.894250956000121],[100.50092235500011,13.894256745000177],[100.50090776700011,13.894262089000051],[100.50089303200008,13.894266978000019],[100.50087814300014,13.894271335000155],[100.50086220200018,13.8942753],[100.5008461220001,13.894278622000115],[100.50082994399997,13.89428130500005],[100.5008136840001,13.894283285000029],[100.50079737100003,13.89428447000006],[100.50078403500004,13.894284755000172],[100.50077067900014,13.894284458000072],[100.5007562180001,13.894283524000173],[100.50074177800013,13.894282034000014],[100.50072736900012,13.894280055000138],[100.50071300300016,13.894277602000045],[100.50069577699998,13.89427407300019],[100.50066150200007,13.894265699000186],[100.50057617300007,13.894242093],[100.50052353300015,13.894228425000108],[100.5004878520001,13.894220029000167],[100.50046996700013,13.894216113000027],[100.50043408400012,13.894209136000029],[100.50041607700012,13.894206274000169],[100.50039889400006,13.8942041090001],[100.50038168700013,13.894202520000022],[100.50036447600019,13.894201567000039],[100.50034740000001,13.894201322000129],[100.50033038700013,13.89420176800013],[100.5003134700001,13.894202897000127],[100.50029671100003,13.894204800000068],[100.50028017300008,13.894207601000176],[100.50026393400003,13.89421152400007],[100.5002475030002,13.894216957000083],[100.50023139100011,13.89422351800016],[100.50021551800012,13.894230907000178],[100.50019982000009,13.894238877000134],[100.50018424800004,13.894247255000096],[100.50015333100004,13.894264780000015],[100.50006128000018,13.894319360000111],[100.5000155080001,13.894347025000172],[100.49996999600006,13.894375507000063],[100.49992463700016,13.894405182000128],[100.49981950600005,13.894475398000054],[100.49977426700013,13.89450516700009],[100.49974377500007,13.894524448000027],[100.49972833700008,13.894533750999983],[100.49971270100019,13.894542719000015],[100.49969799400014,13.894550650000042],[100.49966809400013,13.89456566300015],[100.49962248600008,13.894586766000032],[100.49959171200004,13.894600036000043],[100.49957620300006,13.894606366000062],[100.49956059100003,13.894612426000037],[100.49954485000006,13.89461813000014],[100.49952870100009,13.894623490000072],[100.49951242200007,13.894628472000079],[100.49947956199998,13.89463756300006],[100.4994464080001,13.894645703000037],[100.49941065800016,13.894653452000057],[100.49933879100018,13.894667515000037],[100.4990149690002,13.894728672000042],[100.4989610790002,13.894739172000016],[100.49890733300015,13.894750307000152],[100.49885480900008,13.894762385999968],[100.4988024290002,13.894775094000181],[100.49871525100008,13.89479679100009],[100.49864568300018,13.89481478900018],[100.49857765000013,13.894833712000036],[100.49849284100014,13.894858179000039],[100.49844207500001,13.894873224000094],[100.49839156500013,13.894889011000089],[100.49835767000008,13.894900474000053],[100.49830708400015,13.894918430000132],[100.49808859000018,13.894998282000131],[100.49803806800008,13.895016425000165],[100.49800426300004,13.895028148000108],[100.49798727900009,13.895033799000146],[100.49795327800018,13.895044527000152],[100.49790199,13.89505979800009],[100.49783333300013,13.895079276000104],[100.49778157800017,13.895092925000085],[100.49772954600013,13.895105088000093],[100.49764242900011,13.895123835000163],[100.49757256300006,13.895138122000162],[100.49753752700013,13.895144710000181],[100.49751996200001,13.895147721000171],[100.49750247500009,13.89515045200011],[100.49746738600015,13.895155321000061],[100.49741460100012,13.895161629000086],[100.49737934500001,13.895165179],[100.49736169800008,13.895166659000154],[100.49734404100013,13.89516785000012],[100.49732637200003,13.895168648000038],[100.49730918400019,13.895168957000124],[100.49729199000018,13.895168874000035],[100.49725762500009,13.895167788000151],[100.49722334800003,13.895165624000128],[100.49720629200004,13.895164072],[100.49718932200005,13.895162117000098],[100.49717247300015,13.895159632000173],[100.49715579800011,13.895156437000026],[100.49713970500011,13.895152482000128],[100.49712382500002,13.895147758000064],[100.49710816800007,13.895142321000094],[100.49709277500011,13.895136192],[100.49707724300009,13.895129170000132],[100.49706196700009,13.895121549000123],[100.49704688000014,13.895113462000097],[100.49703197000014,13.895105022999985],[100.49700260500015,13.895087267000122],[100.49698815800008,13.895077981999975],[100.49696067700006,13.895059339000113],[100.49690643000008,13.895021006000093],[100.49687913000014,13.895002159],[100.49685131700005,13.894984145000137],[100.49683754000006,13.894975878000082],[100.49682359100007,13.894967895000036],[100.49679530600014,13.894952557000181],[100.49676663900016,13.894937850000133],[100.49673698300018,13.894923351999978],[100.49667569700006,13.894894852000107],[100.49659852100007,13.894860387],[100.49648285200004,13.894811511000057],[100.49636619900008,13.894760119000068],[100.49633275700012,13.894745849000117],[100.49631594200008,13.89473903000004],[100.49629903500016,13.894732539000074],[100.4962819770002,13.89472652700016],[100.49626753300004,13.894721965000087],[100.49625294800018,13.894717905000107],[100.4962382240002,13.894714417000046],[100.49622121400006,13.89471118800003],[100.49620404700016,13.894708618000152],[100.49618677600006,13.89470653300009],[100.4961520110001,13.894703338000056],[100.49611708200013,13.894700938000085],[100.49606456300012,13.894698243000107],[100.49601321000006,13.89469677500017],[100.49591536200012,13.89469603900011],[100.4958428170001,13.894694260000051],[100.49575216300008,13.894691055000067],[100.4956252720001,13.894686084000057],[100.49557091300017,13.894683592000035],[100.49551651200017,13.894680415000039],[100.49542583000016,13.89467406500006],[100.49482744500011,13.89463021000006],[100.49471862800004,13.894622510000147],[100.49462932300003,13.894617105000123],[100.49432678500006,13.894600562000107],[100.49423757900013,13.894594961999985],[100.4938947670002,13.894568202000073],[100.49364301900016,13.894551596000156],[100.49357045700003,13.894546388000037],[100.49294842200015,13.89449699000005],[100.49285693000002,13.894489939000096],[100.4927868420001,13.894485109000072],[100.49268323900014,13.894478581000044],[100.49241739000007,13.894462928999985],[100.4923458520002,13.894458478000047],[100.49225547300011,13.89445195900015],[100.49205669800011,13.894436676000055],[100.49041229700003,13.894419043000084],[100.49037630300006,13.894244293000042],[100.49025612000014,13.89384748100008],[100.4901055140001,13.893457113000068],[100.48993342200009,13.893071492000047],[100.4897467400001,13.892689237000127],[100.48955078700016,13.892309226000066],[100.48913699600007,13.891537336000113],[100.48891750800004,13.891147512000032],[100.48847678100009,13.890428551000127],[100.48824649700003,13.890074628999969],[100.48777407100005,13.889374244000066],[100.4870458260001,13.888338146000137],[100.48654661600017,13.887658732000034],[100.48629068100007,13.88732421300017],[100.48602864300005,13.886994575000074],[100.48574339100009,13.886652106000042],[100.4851547090002,13.885981653000101],[100.48468860300017,13.885474996000028],[100.48284320600015,13.886560240000108],[100.48280907800017,13.886581616000058],[100.48279218800002,13.886592602000121],[100.48277336600006,13.886605374999988],[100.48275664400012,13.88661725300011],[100.48274197500007,13.886628102000032],[100.48268447999999,13.886672147000013],[100.48262753100016,13.886716922000062],[100.48254509400005,13.886783373000185],[100.48244936700019,13.886861415000055],[100.482408749,13.886895313000025],[100.48236850900008,13.88693042500006],[100.48231552200019,13.886978530000079],[100.48218377000012,13.887099569000043],[100.4821437240002,13.887135281000155],[100.48211644700018,13.887158407000129],[100.48210268300011,13.887169489000144],[100.48207471000018,13.887191137000173],[100.48204638200014,13.887212371000146],[100.48196088700007,13.887275503000012],[100.48193258700007,13.887296817],[100.48190364200008,13.88731921100009],[100.48186059500011,13.887353264000183],[100.48181784800005,13.887387686000181],[100.4817896040002,13.887410897000052],[100.48176175300011,13.88743453800015],[100.48173498700004,13.887458605000063],[100.48170929000014,13.887483064000037],[100.4816713960002,13.887520466000126],[100.48158355600003,13.8876083560001],[100.48155800500012,13.887632902],[100.48154498900016,13.887644880000153],[100.48153172600018,13.887656533000097],[100.48151810700006,13.887667756000042],[100.48150441200005,13.887678150000056],[100.48149030500008,13.887687990000131],[100.48147578900011,13.887697259000106],[100.4814607990001,13.887705965000123],[100.4814454910001,13.887714188000189],[100.4814299360001,13.88772204200012],[100.48139833300007,13.887736967000023],[100.4813500520001,13.88775806600006],[100.48120363900011,13.887818725000045],[100.48112216500016,13.88785199500012],[100.48107366300002,13.887870942000177],[100.48102618300004,13.887888505000149],[100.48096258700008,13.887911198000154],[100.48091390700017,13.887927860000104],[100.48084660300009,13.88794978900006],[100.48079593000006,13.887965659000088],[100.48076183000006,13.88797585900005],[100.4806758740001,13.88800062000007],[100.48064157500016,13.888010768000015],[100.48055216400013,13.888039222000089],[100.48051799200016,13.888049458000012],[100.48046647900009,13.888063982000176],[100.48032863100002,13.888101619000167],[100.48027807500011,13.888116006000018],[100.48019483100018,13.888140733000057],[100.48016159800017,13.888151051000023],[100.48012852300019,13.888161932000116],[100.48009551900009,13.888173953000091],[100.48006261300003,13.888187181000148],[100.48003000000011,13.888201150000157],[100.47999784400014,13.888215795],[100.47998208000007,13.888223483000104],[100.4799666610001,13.888231493999967],[100.47995176,13.88823998000015],[100.47993757699999,13.888249096000038],[100.4799244300001,13.88825909700006],[100.4799149430001,13.888267842000175],[100.47990647400019,13.888277329000118],[100.47989921900006,13.888287587000093],[100.47989170500011,13.888302312000178],[100.4798861760001,13.888318103000131],[100.47988228700007,13.888334661000101],[100.47987985600014,13.888351721000106],[100.47987885500015,13.888369118000185],[100.47987922500016,13.88838467800008],[100.47988068900008,13.888400276000084],[100.47988305100012,13.888415136000106],[100.47988627100005,13.888429867000127],[100.47989024900016,13.888444409000101],[100.47989500200015,13.888458690000164],[100.47990057500016,13.88847259500011],[100.47990711100016,13.888486026000066],[100.4799152400002,13.888499606000153],[100.47992456499998,13.88851242100003],[100.47993506000006,13.888524363000158],[100.47994755900015,13.888536098000145],[100.47996110899999,13.888546962000134],[100.47997539700015,13.888557186000128],[100.4799902060002,13.888566983000146],[100.48000533800018,13.888576478000118],[100.48005129100017,13.888604342000122],[100.48006632400012,13.888613767000095],[100.48008094200009,13.888623424000116],[100.48009400400008,13.888632790000145],[100.48013583600016,13.8886590890001],[100.48014826600013,13.88867427700012],[100.4801565910002,13.888690293000025],[100.4801600040002,13.88871114900013],[100.48016017200007,13.888737657000036],[100.48015541600017,13.888764196000182],[100.4801489800002,13.888786727000024],[100.48013762200014,13.888810895000063],[100.48012456800012,13.88882704000008],[100.48003244900002,13.88890709900005],[100.47960055400011,13.889304138000114],[100.479572765,13.889330807000078],[100.47955478300014,13.889347785999973],[100.47935724700011,13.889521683000055],[100.47935317000008,13.88952557500005],[100.47932740400006,13.889550536000058],[100.47930195600009,13.889575813000135],[100.47927713500007,13.889601599000116],[100.4792529400001,13.889627892000078],[100.47919327400018,13.88969450400009],[100.4791691800001,13.889720983000018],[100.47914451300011,13.889746926000157],[100.47913179800003,13.889759538000135],[100.47911890000006,13.889771640000049],[100.47910571,13.889783452000131],[100.47907867499998,13.88980635500019],[100.4790509190002,13.889828301000023],[100.47903675400016,13.889838785],[100.47902235100014,13.889848794000045],[100.47900764600007,13.889858161],[100.47899251800004,13.889866631000189],[100.47897928500015,13.889872933],[100.47896574800018,13.889878392000185],[100.47895193300019,13.889882986000032],[100.47893788700009,13.88988661999997],[100.47892364400008,13.889889187000108],[100.47891179700002,13.889890371000035],[100.47889986300015,13.889890717000071],[100.47888241700008,13.88988984200006],[100.4788649090001,13.88988760900014],[100.47884741200016,13.889884299000073],[100.47882995500004,13.889880087000051],[100.47881596000019,13.889876103000063],[100.4787073060001,13.889839641000094],[100.4786869260002,13.889834945000075],[100.47867026200004,13.889833236000186],[100.47865115400009,13.889835161000065],[100.47863393000006,13.889840685000024],[100.4786204190001,13.889847379],[100.47861587200015,13.889850010000146],[100.47860850600011,13.889856914000177],[100.47860261600016,13.889865715000099],[100.47859473400018,13.889883692000069],[100.47858257600006,13.889928512000097],[100.4785700290002,13.88997480900008],[100.47856154400012,13.889998960000014],[100.47855057700019,13.890019515000063],[100.47853712800003,13.890038867000044],[100.478517544,13.890061275000107],[100.47848810000005,13.89008616200016],[100.47846045900019,13.890103189000058],[100.47843955600013,13.890114165000057],[100.47840754700007,13.890127962000065],[100.47835592000013,13.890150211000048],[100.47832641100013,13.890164848999973],[100.47829077699998,13.890185554000027],[100.47825393700015,13.890211076000185],[100.47821404900003,13.890242046000083],[100.47817542600012,13.890277220000144],[100.47814763700006,13.89030814300014],[100.4781365030002,13.890319139000155],[100.4781114750001,13.890345224999976],[100.47800044700011,13.890464513000097],[100.4779755470002,13.89049081100012],[100.47795031200019,13.890516793000188],[100.47791366400014,13.89055292400002],[100.4778143810002,13.890647795000177],[100.47778973700014,13.890671672999986],[100.47776543000015,13.890695875000063],[100.47774492600007,13.890717114000154],[100.47772482200014,13.890738704000114],[100.47770321600012,13.890762828],[100.47763424600015,13.890843055000175],[100.4776110470001,13.890869626000153],[100.47758710800014,13.890896191000138],[100.47756286800006,13.89092250200008],[100.47735460900014,13.891144265000037],[100.47731734500013,13.891182908000133],[100.47729196000006,13.891208132000088],[100.47727901700011,13.891220445000101],[100.47725268500011,13.89124464200006],[100.47722601800012,13.891268505000028],[100.47717224500019,13.891315828000131],[100.47713166200009,13.891351040000188],[100.47709048500019,13.891385522000178],[100.47707646900005,13.891396650000047],[100.47705180800006,13.89141513400017],[100.47703920600009,13.891424011000083],[100.47701205700008,13.891441918000055],[100.47698430700007,13.891458911000143],[100.47695601700008,13.891474981000044],[100.47694163400018,13.891482590000066],[100.47692706800007,13.891489819000014],[100.47691141799999,13.891497002000165],[100.47689556700004,13.89150378000005],[100.4768634790002,13.891516562],[100.4768310720001,13.891528711000035],[100.47678218900006,13.891546317000063],[100.47674947900003,13.89155772600003],[100.47671662900012,13.891568703000132],[100.47668359400018,13.891578895000123],[100.47666699800004,13.891583612000034],[100.47665032700019,13.891588083000158],[100.47661448300005,13.891596836000076],[100.476542338,13.89161266700006],[100.476216965,13.891680973],[100.47610864300009,13.891704297],[100.47605625500006,13.891716354000039],[100.47586753700006,13.891762064999966],[100.47579734800019,13.891778405000082],[100.47567174100004,13.891806345000077],[100.4750254290002,13.891948753000179],[100.47497165099998,13.89196097700011],[100.47491813200008,13.891974109000103],[100.47486496400012,13.89198842999997],[100.47482982500014,13.891998945000068],[100.4748019450002,13.892008223000119],[100.47477153400007,13.89201917600002],[100.47473862400017,13.89203181300013],[100.47470596000011,13.892045101000122],[100.4746737170002,13.89205899700005],[100.47460951500005,13.892087420000166],[100.47457724300006,13.892101157000184],[100.47456097400004,13.89210768099997],[100.47454456700018,13.892113836000078],[100.47452837399999,13.892119416000185],[100.47451205100015,13.89212461700015],[100.47449561800016,13.892129518000104],[100.47446249500013,13.89213854500008],[100.47442908500005,13.892146516000082],[100.47441265100014,13.892149952000011],[100.47437960600013,13.892155818000163],[100.4743629960002,13.892158179000091],[100.47434590199998,13.892160136000143],[100.47431159100012,13.892162885000118],[100.47427720000019,13.892164355000034],[100.4742599880002,13.892164565000087],[100.4742427810001,13.892164369000056],[100.4742266020001,13.892163716000084],[100.47421044800018,13.892162684000027],[100.47417820600015,13.892159620000086],[100.47416214500015,13.892157617],[100.47414613600017,13.89215525100019],[100.47413147300011,13.892152726000063],[100.47410235600012,13.892146713000045],[100.47408792100009,13.892143199000088],[100.47407361100011,13.892139305000114],[100.47405769500006,13.89213442199997],[100.47404192900018,13.892129078999972],[100.47402631400001,13.892123312000138],[100.47401085900009,13.892117164000126],[100.47399557400013,13.892110600000137],[100.47398271300005,13.892104693000078],[100.47395743100009,13.892091957000105],[100.47393147800017,13.892077345000132],[100.4739186970001,13.892069690000142],[100.47389345800008,13.892053829000133],[100.47381718800011,13.892003037000052],[100.47378636800005,13.891983299000174],[100.47377068500009,13.891973895000092],[100.47375492400016,13.891965012000185],[100.47373894800006,13.891956467000114],[100.47370659400002,13.89194007500015],[100.47367392799998,13.891924213999971],[100.47349300100007,13.89183905200008],[100.4734435270002,13.891816108000114],[100.47341172900008,13.891801698000165],[100.47335037600004,13.891774968000107],[100.47330391000014,13.891755996000086],[100.47327170100004,13.891743937000115],[100.4732229080002,13.891727123000123],[100.47318938000006,13.891716565000138],[100.47312039900015,13.891696661000083],[100.47296460700005,13.891653639000083],[100.4729125880001,13.891639687000179],[100.4728777790001,13.891630893000126],[100.4728603050001,13.891626787000178],[100.4728247450002,13.891619225000056],[100.47277110500016,13.891609132000042],[100.47271726500014,13.891600144],[100.4726809980001,13.89159498700019],[100.47262604500008,13.891588661000014],[100.47258964500008,13.89158535900009],[100.47253545800015,13.891581475000123],[100.4724812120001,13.891578403000096],[100.47244503200011,13.89157692700013],[100.47242694800002,13.891576488000169],[100.47239533800007,13.891576326000177],[100.47236374200014,13.89157684300011],[100.47233215000017,13.891577995000034],[100.47231521300012,13.891578910000021],[100.47219673100011,13.891587357000105],[100.47216285700011,13.891589255999975],[100.47214548400018,13.89158989900011],[100.47212753200012,13.891590246000078],[100.47211176900015,13.891591161000065],[100.47207600100006,13.891590521000182],[100.47204130400013,13.891589609000107],[100.4720240040001,13.89158870700004],[100.47200672800011,13.891587372],[100.47198970099998,13.891585559000134],[100.47197270800012,13.891583340000011],[100.47193879800017,13.891578063000054],[100.47190497500009,13.891572069000063],[100.47187120100017,13.891565652000168],[100.47176963200019,13.891544963000172],[100.47175257000004,13.891541853000092],[100.47173545600003,13.891539184000123],[100.47171852800005,13.8915371060001],[100.47170152900014,13.891535487000056],[100.47168448800005,13.891534230000048],[100.4716503040001,13.891532565000034],[100.47161605200012,13.891531800000052],[100.47158033200014,13.891531874000066],[100.47152674500006,13.891532859000051],[100.47127662100019,13.891539521000027],[100.47120518700012,13.891541761000042],[100.47113492200009,13.89154469100015],[100.47099442500007,13.891551285000162],[100.47092419100011,13.891554814000187],[100.4708715480001,13.891557877000139],[100.47080290500003,13.891562934000149],[100.47071717000017,13.891570115000093],[100.47066578400018,13.891574909000155],[100.47059790600002,13.891582265000011],[100.47054709000008,13.891588432000106],[100.47049518600005,13.89159557700009],[100.47042534100007,13.891606246000151],[100.47037308500018,13.891614894000156],[100.47033838100015,13.891621265000083],[100.47032109000008,13.891624759000024],[100.47028631400019,13.891632666000021],[100.47025168800019,13.891641269000104],[100.47018266700007,13.891659454000092],[100.47013108800013,13.891673686000047],[100.47009693200016,13.891683726000167],[100.4700631520002,13.891694725000093],[100.47004651000009,13.891700828000182],[100.47002955500017,13.891707683000106],[100.47001278600015,13.89171500499998],[100.46997962200004,13.891730574000121],[100.46993034900015,13.891755120000028],[100.46981574900008,13.891813400000046],[100.46978277000011,13.891829559000087],[100.46975117200014,13.891844164000133],[100.46972093800014,13.891857173000062],[100.46970570600013,13.89186338200011],[100.46967499300018,13.891875043000084],[100.469659476,13.891880378999986],[100.46964381900005,13.891885267000077],[100.46962632000015,13.891890042],[100.46960865400007,13.891894288000174],[100.46959087700014,13.891898156000138],[100.46955508299999,13.891905107000127],[100.46951911400015,13.89191140600019],[100.46946519500005,13.89192001900011],[100.46941159700003,13.891927871],[100.4690542040002,13.891978820000077],[100.46900063300012,13.891986646000191],[100.46894713600005,13.891994895000096],[100.46891159000012,13.89200097000014],[100.46889378200007,13.892004300000053],[100.46885827000017,13.892011390000107],[100.4687873470001,13.892026126000076],[100.46875183400005,13.892033154000103],[100.46871964800005,13.892038970999977],[100.46867137300006,13.89204688],[100.46862341600013,13.892053824000072],[100.46851856400014,13.892067360000112],[100.46847844500007,13.892071830000134],[100.46844812800015,13.892074563000108],[100.46833934200004,13.892086129000177],[100.46831814400008,13.892090572000086],[100.4683066770001,13.892094958000087],[100.46829611300012,13.892101934000152],[100.46828820300016,13.89211148000004],[100.46828747400019,13.892114821000064],[100.46828476800016,13.892127055000174],[100.46828048600014,13.89214868099998],[100.46828121800002,13.89217881400009],[100.46828765000004,13.892444062000038],[100.46828955199999,13.892464786000119],[100.46829422100012,13.89250450000003],[100.46761009300019,13.892549201000122],[100.4674317940001,13.892559842000026],[100.46719819100002,13.892584338000063],[100.46701296200007,13.892592009999987],[100.466925141,13.892602566000164],[100.46683376200019,13.892610176000062],[100.46674572200016,13.892617503000054],[100.46672217700007,13.8926222610001],[100.4667181280002,13.892632313000036],[100.46671598500012,13.892637649000164],[100.4667294520001,13.892778853000095],[100.46672166700006,13.89279118800016],[100.46670442100003,13.892798972000094],[100.466272571,13.892870667000068],[100.46623330300014,13.892875511000113],[100.46620814800008,13.892875662000051],[100.46619704000005,13.892872480000108],[100.4661908770002,13.892865190000066],[100.46610109200014,13.892515882999987],[100.4660651050001,13.892375882000067],[100.46605712800005,13.89235749900007],[100.46603978500013,13.892349923000154],[100.46562088000019,13.892367699000033],[100.46549554100005,13.892376829000057],[100.46529419300009,13.892404979000048],[100.465229121,13.892410322000046],[100.46521880800015,13.892411302000141],[100.46519549200013,13.892409419999979],[100.46507888400009,13.892385579000063],[100.46482584200015,13.892313510000065],[100.46478498200014,13.892306667000128],[100.46476684200002,13.892305892000138],[100.46474054700008,13.892306050000172],[100.46470702700014,13.89231244900003],[100.46456999700018,13.892343266000012],[100.4641709830002,13.892446346000042],[100.46413650200009,13.892453747000047],[100.46407666500005,13.892462492000107],[100.46308148200006,13.892608074000066],[100.46305402700017,13.892601935000016],[100.46303781800015,13.892587864],[100.46299955300009,13.89254083000003],[100.46266378600012,13.892142016000093],[100.4626033940001,13.892072437000081],[100.46258000900019,13.892049457000155],[100.46254080200009,13.892020861000105],[100.4625272770001,13.89201256500013],[100.4624929160002,13.891998690000094],[100.46247106400017,13.891992483000024],[100.46241558399998,13.891981296000097],[100.46236012300011,13.891974715000174],[100.4621772430001,13.891973585000073],[100.46182115600004,13.892175907000137],[100.46180251800007,13.892179665000072],[100.46179131500014,13.892178515000182],[100.4616279550001,13.892118722000077],[100.46158928300014,13.892101935000028],[100.46106242200011,13.891809742000135],[100.46042175600007,13.891423421000013],[100.45996776800018,13.891157166000141],[100.45949284700004,13.890798391000033],[100.45943493300001,13.890756099000043],[100.45939101800002,13.890724699000145],[100.45915477900013,13.890559029000087],[100.45899255800009,13.890444683000055],[100.45891831400019,13.890393513000106],[100.4589032070001,13.890383732999965],[100.45887064900006,13.890364579],[100.45886371900019,13.890360504000114],[100.45883981900016,13.890348581000126],[100.45880148000009,13.890333141000042],[100.45880025400004,13.890332646000104],[100.45879964900007,13.890332455000191],[100.45875116700012,13.89031737400012],[100.45870131400017,13.890303956000025],[100.45866789900015,13.890295514000059],[100.45863438700007,13.89028743900019],[100.45858163300011,13.890275811000095],[100.45849145900013,13.890257714000143],[100.45840113400004,13.890240495000057],[100.45836601600013,13.890234293000049],[100.45833084500015,13.890228476],[100.45829558300011,13.89022320200013],[100.45827726900018,13.890220764000105],[100.45824057300018,13.890216372999987],[100.45818543300004,13.890210418000152],[100.45813025200016,13.890204859000107],[100.45807502400004,13.890199749000033],[100.45802589700014,13.890195843000072],[100.45796033100004,13.89019142300009],[100.45790851900006,13.89018871400009],[100.45780226100015,13.89018397100017],[100.45776686400012,13.890182020999987],[100.45771608500013,13.890178456000172],[100.457631493,13.890171879000036],[100.45758070700009,13.890168529000107],[100.45752907000019,13.890166297000121],[100.45737403200013,13.890161641000077],[100.45730443300016,13.890157873000135],[100.45721660200007,13.890150787000096],[100.45718150600004,13.890147524000099],[100.45714645500004,13.890143885000043],[100.45711188600012,13.89013977500008],[100.45706011300018,13.890132934000121],[100.4570084340001,13.890125447000116],[100.45697356100015,13.89011986700018],[100.45690297500016,13.890107470000146],[100.45677965300007,13.890084660000014],[100.45672690800006,13.890074380000044],[100.45667292900015,13.890063097000109],[100.45662953300007,13.8900535840001],[100.45615227400015,13.889948952000168],[100.45608058300013,13.88993273200009],[100.45593756500006,13.88989934000017],[100.45590174000017,13.889891302000024],[100.45586601800005,13.889883782000084],[100.45577688800017,13.889866681],[100.45545544800018,13.889807670000039],[100.45538410400013,13.88979522500017],[100.45529505000007,13.889780421000182],[100.4552059350001,13.889765944000146],[100.45513429300019,13.889754843],[100.45476692200009,13.889700517000108],[100.45421609100003,13.889620869000112],[100.45410815000008,13.889604651000184],[100.45405413200007,13.88959565100015],[100.4540001250001,13.889586062000149],[100.45385619000001,13.889559887000019],[100.45378429600015,13.8895464900001],[100.4537484390001,13.889539429000138],[100.45371271900018,13.889531761],[100.45366090800002,13.889519030000145],[100.45359215400003,13.889500661000113],[100.45331755600006,13.889425471000095],[100.45326592300012,13.889411941000049],[100.45321314100005,13.889399177000087],[100.45314185600006,13.889383180999971],[100.45284179900005,13.889318581000168],[100.45276701500006,13.889301098000033],[100.45273119600006,13.889293772000144],[100.45266638900011,13.889282497000181],[100.45263502300014,13.88927810000007],[100.45256568500008,13.889271466000082],[100.45252988900017,13.889269454999976],[100.45249412800013,13.889268565000066],[100.45245851400006,13.88926955300019],[100.45242396700013,13.889273280000054],[100.45240684100008,13.889276105000022],[100.4523898400002,13.889279559000101],[100.45234568500018,13.889292099000102],[100.45231891300011,13.889302200000145],[100.45230285200012,13.88930910199997],[100.45228694700012,13.889316399000165],[100.45222361100002,13.889346464000027],[100.45219190900008,13.88935995200012],[100.45214419000013,13.889377531000036],[100.45206887700004,13.889403324000114],[100.45204771700008,13.889410571000099],[100.45201591000017,13.889422060000072],[100.45193662700012,13.889451407000138],[100.45190477000006,13.889462577000131],[100.45188874100006,13.889467783000043],[100.45187262300016,13.889472595000086],[100.45185855000011,13.88947635900007],[100.451844392,13.889479708000067],[100.45183014900016,13.889482601000054],[100.45181582700008,13.889484989000039],[100.45180052000012,13.889486902000101],[100.45178514200012,13.889488228000062],[100.45176972900015,13.889489017000017],[100.45175428800019,13.889489283000046],[100.4517388430001,13.889488986000117],[100.45172628,13.889488313000129],[100.45171373800002,13.889487257000042],[100.45170122400009,13.889485846000014],[100.45168387900014,13.889483310000173],[100.45166659100016,13.889480255000024],[100.45164933700016,13.889476837000075],[100.45161490900011,13.889469304999977],[100.4515805470001,13.88946128300006],[100.45139188100018,13.889415898000095],[100.45134056600006,13.88940315100001],[100.45128698600007,13.889389104000031],[100.45096633700012,13.889301938000074],[100.45091272200006,13.889288105000105],[100.4508773570002,13.889279720000047],[100.45080733300011,13.889264739000112],[100.45061424900013,13.88922567700007],[100.45054409200009,13.889211208000063],[100.45047456700013,13.889196264000077],[100.45030089000005,13.889158304000091],[100.45024868300004,13.889147464000132],[100.45021376300019,13.889140882000106],[100.4501784160002,13.889135096000132],[100.45014296300019,13.889129878000062],[100.45007192300017,13.889120149000064],[100.45000082100017,13.889110841],[100.44996525400018,13.889106490000074],[100.44992965900013,13.88910269300004],[100.44991184700007,13.889101165999989],[100.44989402100003,13.889100037],[100.44987808700012,13.889099453000142],[100.4498461880001,13.889099332000058],[100.4498142700001,13.889100361000033],[100.44979677200007,13.889101468000035],[100.44977735800006,13.889103110000178],[100.44975427600008,13.889105524],[100.44966672700008,13.889115995000054],[100.4496413560002,13.889118176000181],[100.44963410000008,13.889118182000175],[100.44963354900017,13.889118098000154],[100.44963300400019,13.889118015000065],[100.4496221390001,13.889141743000096],[100.44960767100014,13.889176728000052],[100.44959968800009,13.88919727900003],[100.44958377600005,13.889240204000146],[100.44956988300004,13.889279582000029],[100.44953674700014,13.889378251000096],[100.44952075100008,13.889427600000033],[100.449510654,13.889460650000103],[100.44950590700006,13.889477250000027],[100.44949715200016,13.889510751000046],[100.4494851390001,13.889561296000068],[100.44943981200004,13.88976420400013],[100.44942871200016,13.889814976000082],[100.44941791000014,13.889866408000103],[100.449393799,13.889989388000117],[100.44931579900015,13.890393716],[100.449299167,13.890481676000036],[100.44928052600017,13.890586226000153],[100.44922248800015,13.890917492000028],[100.44921052100017,13.890987266000081],[100.44920223900016,13.891039687999978],[100.44919752900012,13.891074894000042],[100.44919168100017,13.89112808900012],[100.44917813500012,13.891270197000154],[100.44917446900018,13.891305654000178],[100.44917019700017,13.891340988000081],[100.44916765900012,13.891358571000183],[100.44916471400018,13.89137606700001],[100.44916120600004,13.891393443000027],[100.44915709100019,13.89141038300005],[100.44915243700012,13.891427216000068],[100.44914210500019,13.891460658000028],[100.44912002,13.891527312],[100.44910978400009,13.891559622000045],[100.44910048300011,13.891590915000052],[100.44908731300006,13.891638070000113],[100.449079058,13.89166964500015],[100.4490674600001,13.891717911000057],[100.44905670100019,13.891766368999981],[100.44904624600014,13.891817604000039],[100.44903282900003,13.891887829000098],[100.44883822800017,13.892924263000054],[100.44881771400009,13.893028931000174],[100.44874130900007,13.893412043000069],[100.44872786000008,13.893481766999969],[100.44872160099999,13.893516714000157],[100.4487159250001,13.893551591000062],[100.44870804500016,13.893604005000157],[100.4486851800001,13.893761395000013],[100.44867975500011,13.893796313999985],[100.44867103500007,13.893848245000129],[100.44863103500018,13.894072935000054],[100.44861230400011,13.894176587000118],[100.44860578800012,13.894211087000144],[100.44859888200006,13.894245504000025],[100.44858719700011,13.894298256000127],[100.44852903900005,13.894543735000127],[100.44851714200007,13.89459645300002],[100.44850353599998,13.894660623],[100.44849657000015,13.894691518000172],[100.44849271800018,13.894706856000028],[100.44848847100008,13.894722079000132],[100.44848330700017,13.89473852600014],[100.44847765000014,13.894754834000082],[100.4484716070001,13.894771017000096],[100.44846524700012,13.894787102000066],[100.44845174000017,13.894818992000069],[100.44843751700012,13.894849830000112],[100.44841587200006,13.894894812000132],[100.44840123500018,13.894926722000093],[100.44834495000003,13.895055418000084],[100.44829397000007,13.895166448000055],[100.4482800990001,13.895198441000105],[100.4482685230002,13.895227356000078],[100.44825222400016,13.895271142000183],[100.44823612700014,13.89531755500019],[100.44821378300009,13.89538591700017],[100.44818099800011,13.895488705000162],[100.44816514000007,13.895540230000051],[100.44815530600016,13.89557475100014],[100.44815081500002,13.89559210699997],[100.44814292199999,13.89562733300005],[100.44813629100008,13.895662814000048],[100.44813341800011,13.895680629000026],[100.44812883800006,13.89571532900004],[100.44812549600016,13.895749090000095],[100.44812034900019,13.895816803000116],[100.44811631500005,13.895884613000021],[100.44811484800016,13.895918530000074],[100.4481126290001,13.896000725000022],[100.44811195200009,13.896017149000158],[100.44811009200015,13.896047503000034],[100.44810602700005,13.896092946000124],[100.44810231400004,13.896123820000184],[100.44809770200015,13.896155272000158],[100.44809230200008,13.896186598000043],[100.44808556300012,13.896220121000056],[100.44807817900005,13.89625352500019],[100.44806639100017,13.896303497000076],[100.44805796900016,13.896337313000174],[100.44804011500014,13.896405968000067],[100.44794966100011,13.896748927000147],[100.44793648800015,13.896800522000035],[100.44791516000015,13.896886844000107],[100.44789418700014,13.896973249000041],[100.4478820770002,13.897025183999972],[100.44787187600014,13.897073536999983],[100.44786609600004,13.897104636000165],[100.44786348400015,13.897120225000151],[100.4478584040001,13.897155143000191],[100.4478520080001,13.89720769600018],[100.44784657200017,13.897260366000069],[100.44784363300005,13.897295297000028],[100.44783804600019,13.897382169000139],[100.44782638500004,13.8977476660001],[100.44785001000008,13.897937541999966],[100.44773507500008,13.897956412000099],[100.44761552800009,13.897974616000056],[100.44756374000002,13.89798183400012],[100.44749431300005,13.897990897000057],[100.44744219600011,13.897997303000068],[100.44740741900017,13.898001202000103],[100.44737259100015,13.898004500000184],[100.44735480100007,13.898005830000102],[100.44730133500008,13.898008800000184],[100.44724780900009,13.898011016],[100.44717641100004,13.898013513000137],[100.44712285700007,13.898014965000073],[100.44708715200005,13.898015453000141],[100.44705090100018,13.898015311000108],[100.446996518,13.898014372000148],[100.44668832899998,13.898006806000012],[100.44661583900006,13.898004727000114],[100.44656153500017,13.898002306000024],[100.44652524500003,13.89799964600013],[100.44648885300018,13.897996070000033],[100.44632529300014,13.897977066000067],[100.44628890300015,13.897973236000098],[100.44623662100008,13.897968582999965],[100.44613191600007,13.897960652000108],[100.44604461600011,13.897954741999968],[100.44599122000017,13.89795188100004],[100.44591739100014,13.897948676],[100.44586249300005,13.897945426000092],[100.44577144300018,13.897938448000048],[100.44564404600004,13.897927687000163],[100.44560770000004,13.897924214000113],[100.44557141600006,13.89792020300007],[100.44553499300014,13.897915356000112],[100.44549863500015,13.89790996700009],[100.44542600400007,13.897898523000038],[100.44513560700011,13.897851777000085],[100.44489965900016,13.89781341400004],[100.44486335500017,13.897807699000168],[100.44482703500017,13.897802421999984],[100.444790689,13.897798081000076],[100.4447724920002,13.897796535000111],[100.4447542800001,13.897795612000152],[100.44473645200009,13.89779545500005],[100.4447186050001,13.89779590400019],[100.44470074700001,13.89779679600008],[100.44466500400017,13.897799440000085],[100.4446113480002,13.897804485000051],[100.44436088300017,13.897830007000039],[100.44430728200007,13.897835834000091],[100.44427163300008,13.897840266000117],[100.4442358010001,13.897845653000104],[100.44419978900015,13.89785201300009],[100.444163855,13.89785887000005],[100.44407418100008,13.897876919000055],[100.44402054600016,13.897888363999982],[100.44398500900013,13.897896683000056],[100.44396736300013,13.897901243000092],[100.44394984500008,13.897906201000126],[100.44393307800004,13.897911448000116],[100.4438998510002,13.897922949000133],[100.44381736300011,13.897953724000104],[100.44378413400011,13.897965625999973],[100.44373386400008,13.897982605999971],[100.44358625500018,13.89803123500019],[100.44355615699999,13.898040773000105],[100.44354100400011,13.898045169999989],[100.44352324800002,13.898049854000021],[100.44348743400008,13.898058165000123],[100.44345137300007,13.898065655000039],[100.44341520000017,13.898072748000175],[100.44328833100008,13.898096666000185],[100.44323389400006,13.898106335000023],[100.44319753100018,13.89811205],[100.44318879200006,13.898113216000127],[100.4431793070001,13.898114481000164],[100.44316104000012,13.898116483000138],[100.44314414200011,13.898117866000177],[100.44312720600016,13.898118884000041],[100.44302527000008,13.898122447000105],[100.4429902070001,13.898124485000096],[100.44295410100011,13.898127564000049],[100.44291805000006,13.89813132],[100.44288207200009,13.898135682000031],[100.44284622400016,13.898140843000022],[100.44282827300003,13.89814386900008],[100.44279253800016,13.898150801000156],[100.44277491100001,13.89815467],[100.44273979500014,13.898163018000162],[100.44268730000016,13.898176349000096],[100.44261750100014,13.898194886000113],[100.4425827450001,13.898204588000056],[100.44254819200017,13.898214916000029],[100.4425147720001,13.898225902000036],[100.44246498200005,13.898243417000174],[100.4423988490002,13.89826752700003],[100.44233284400013,13.898291989000086],[100.4422485400001,13.898324053000067],[100.44172364600018,13.898526552000021],[100.4416388910002,13.898558935000153],[100.44158782200014,13.898577763000105],[100.44149733600011,13.898608847],[100.44142890700005,13.898633454],[100.44098562600004,13.898797761000026],[100.44088339400014,13.89883584200004],[100.44083239300005,13.898855162000075],[100.44079851900011,13.898868330000084],[100.44072284600014,13.898898602000088],[100.44069241500006,13.898910275000105],[100.44065901000005,13.898922218999985],[100.44060853600013,13.898939186000064],[100.44033807000011,13.899026418],[100.44025377300017,13.899054296000031],[100.4401856020001,13.899078188000033],[100.43993065800015,13.89916968500006],[100.43987953700008,13.899187559000097],[100.43982536100003,13.899206007000032],[100.43979283800013,13.899217706000059],[100.43974434800003,13.899236072000122],[100.43969603200009,13.899254928000119],[100.43964785700012,13.899274128000059],[100.43959993500005,13.899293917000023],[100.43956673500014,13.899308355000187],[100.43951722900016,13.899330658000167],[100.43946795600004,13.899353457000188],[100.43943529,13.899369022000144],[100.43940370300015,13.899384593000093],[100.43934527400006,13.899410289000059],[100.43939230300009,13.899562232000108],[100.43946402000012,13.899793941000041],[100.43955429200008,13.900061182],[100.43955943400016,13.900076397000134],[100.43957338700017,13.900109123000163],[100.4398387560002,13.900731597000174],[100.44013665500006,13.901470448000111],[100.44031591700013,13.90199839700017],[100.44075746900006,13.903344754999978],[100.44086390300004,13.903771741000185],[100.44087888600012,13.90400529700014],[100.44088327000009,13.904027246000055],[100.44088508900018,13.904034160000094],[100.44089523600019,13.904068518000088],[100.44090616800003,13.904102758000079],[100.44096296400011,13.904273659000125],[100.44097958300017,13.904325031000099],[100.4409957760002,13.904376488000025],[100.44142614000009,13.905767664],[100.441457534,13.90587100800002],[100.44159041000017,13.906321151000043],[100.4416059350001,13.906373036],[100.44162172500018,13.906424455000092],[100.44197719600004,13.907549247000077],[100.44251864600005,13.909286682000015],[100.44254559800015,13.909372646000065],[100.44256758,13.90944133000005],[100.44273489000017,13.909955796000133],[100.442752064,13.910007097000062],[100.44279511600018,13.910131475000014],[100.44281785800013,13.910199435000152],[100.44316562900019,13.911254323000037],[100.4431931330002,13.911339556000087],[100.44325182800014,13.9115323690001],[100.44327894499997,13.911617176000107],[100.44372564100019,13.912972492000165],[100.44377673500014,13.913125961000162],[100.44402231000015,13.913850443000058],[100.44402238800012,13.913850672000024],[100.44402245900005,13.913850904000014],[100.44414245400014,13.914250637000123],[100.44433326400008,13.914862024],[100.44458033400014,13.9156745680001],[100.44491707300017,13.916755224000156],[100.44499009499998,13.916999260000125],[100.44506976800011,13.917291293],[100.44509985400009,13.917401585999983],[100.44526253700013,13.917911051000146],[100.44542038300006,13.918347844000152],[100.44554129500011,13.918718831000035],[100.44563601100015,13.919056880000028],[100.44566723300005,13.91916830100007],[100.44571818800011,13.919350153000039],[100.44574814800012,13.91948928800008],[100.44584417500016,13.919935206000048],[100.4454829610001,13.91995860000003],[100.4446242570001,13.920040015000097],[100.44441439700017,13.920084472000099],[100.4440940290001,13.920143988000063],[100.44308518800005,13.92035162000019],[100.4423707680001,13.920478284000183],[100.44176327900016,13.920607915000176],[100.44154959600019,13.92063078800004],[100.44143904700019,13.920638642000142],[100.44136152200008,13.920621093000022],[100.44132454200019,13.920603310000047],[100.44141574900004,13.92139257100007],[100.44175632600002,13.922808475000181],[100.44195469200014,13.923585133000131],[100.44195497700002,13.923631043],[100.44194967700014,13.923668887000133],[100.44193324000014,13.923693291],[100.44190012700011,13.923704289000057],[100.44146462100014,13.923764271000039],[100.44151547600018,13.924123598],[100.44158654900014,13.924625670000182],[100.44164062500016,13.924661906000154],[100.44185144400012,13.924771393000071],[100.4419125770001,13.924819645000127],[100.44195713000016,13.924870694],[100.4419907300001,13.924938016000056],[100.44228558500004,13.92566818600011],[100.44247197600009,13.926296372000024],[100.4425083550002,13.926366376000146],[100.44254475000008,13.926439082000115],[100.4425977250001,13.926509439000142],[100.4430486710001,13.927291800000148],[100.44311584899998,13.927422841000066],[100.44410701000004,13.93033574000009],[100.44421008900014,13.930612822000114],[100.44431158700019,13.930896141],[100.44431230800012,13.930906393000157],[100.44430776500019,13.93091475400007],[100.44430015500012,13.9309218140001],[100.44368838500014,13.931219924000061],[100.44327586600019,13.931430024000065],[100.44278137300006,13.931683338000028],[100.44233315300005,13.931920993000062],[100.4423026250002,13.931935700000167],[100.44228341800016,13.931942652000032],[100.44203543300011,13.932043988000032],[100.44216016500013,13.932250761000034],[100.44262920700004,13.933061524000038],[100.44309224800008,13.933832910000092],[100.44335753000018,13.934318336000103],[100.44398977300017,13.935418075000086],[100.4444881120001,13.936254219000148],[100.44452281400015,13.93632135300004],[100.444907736,13.937042527000187],[100.44507667800013,13.937328659000059],[100.44605956800012,13.939194810000174],[100.44639814300012,13.93987684700005],[100.44707497900004,13.94119025200007],[100.44733465900003,13.941698223000117],[100.44803525400016,13.943121271000052],[100.44821314700005,13.943455197000162],[100.44877954000009,13.944617244000142],[100.4489136090001,13.944855721000067],[100.44930457200019,13.945616260000179],[100.44977722100015,13.94653395600011],[100.4500805300001,13.94710359700008],[100.45026419600003,13.94743748600007],[100.45056682100011,13.947897346000104],[100.45076997000012,13.94820221000009],[100.45045566100015,13.948438853000027],[100.44924326400007,13.949138861000051],[100.44797377600003,13.949886494],[100.44780230200007,13.949995676000185],[100.44650584300018,13.950821166000082],[100.44580787400008,13.951297858000089],[100.44579868400018,13.951328462000106],[100.44582169800015,13.951404894000063],[100.44592735200018,13.951557652000076],[100.4460540140002,13.95179239500004],[100.44607837300015,13.951902071000063],[100.44604800100012,13.952005243000087],[100.44593706400008,13.952121011000088],[100.44583213200013,13.952210452000088],[100.44575812900013,13.95227353100006],[100.44574255900011,13.95228217500005],[100.44547361700006,13.952431532000105],[100.44546094000015,13.952436489000036],[100.44509939800008,13.952572756000052],[100.44504788900014,13.952592519000177],[100.44499666200011,13.952612941000098],[100.44496309700008,13.952627129],[100.44491303600012,13.952649067000038],[100.44461351300009,13.95278276800019],[100.44458035100018,13.952797821000104],[100.44454740500015,13.95281324800004],[100.44451491200005,13.952829455000085],[100.44449895900004,13.952838055000086],[100.44448318400009,13.952847143000099],[100.4444676240002,13.95285659600006],[100.44445221800015,13.952866319000066],[100.44442170600013,13.952886270000079],[100.44437630400012,13.952916826000092],[100.44419513400004,13.953039903000047],[100.44413508200006,13.95308134000004],[100.44410556000008,13.953102681000132],[100.44409107000013,13.953113682000037],[100.44406317900007,13.953136193000034],[100.44402238600014,13.953171224000187],[100.44398234800019,13.953207100000157],[100.44395617200018,13.953231521000134],[100.44394334300006,13.953243977000056],[100.44393077900008,13.953256671000076],[100.44391873299998,13.953269443000067],[100.44389538300004,13.953295647000061],[100.44388398000007,13.953308993000121],[100.44386165200018,13.95333606800017],[100.44384001800012,13.953363686000102],[100.44381899200016,13.953392271000098],[100.44378839100006,13.953435829000114],[100.44373819500015,13.953508998000075],[100.44369841900004,13.953567756000155],[100.44367889300003,13.95359735000011],[100.44365996200014,13.953627279000159],[100.4436509300001,13.953642288000083],[100.44363339800009,13.95367261600012],[100.4436162950002,13.953703189000066],[100.44353212300018,13.95385686300017],[100.44349777500014,13.953917884000134],[100.44346252600019,13.953978179000046],[100.44340007900007,13.954083281000067],[100.44337298500011,13.95412812800015],[100.44334553300018,13.954171979000137],[100.443317917,13.954214181000054],[100.4432803630001,13.95426999200015],[100.4432515490002,13.95431141],[100.44323098200005,13.954339600000026],[100.44319803700006,13.954382715000122],[100.44315337600017,13.954439685000068],[100.44310835800019,13.954496381000126],[100.44307405900008,13.954538450000143],[100.44305051300012,13.95456592100004],[100.44302751200007,13.954591097000161],[100.44300396600005,13.954615819000082],[100.44292061100003,13.954701570000168],[100.44289701200012,13.954726522999977],[100.44281498400005,13.954815009000015],[100.44276770700014,13.954864320000127],[100.44273181000011,13.954900894000104],[100.44269498900019,13.954937130000076],[100.44264404400013,13.954985161000081],[100.44251545000014,13.955104029000154],[100.44245008600006,13.955163521000088],[100.44235655000017,13.955247139999983],[100.44230274100005,13.955294518000187],[100.44226327900014,13.9553279860001],[100.442226114,13.955357906000074],[100.44219794500009,13.955379668000148],[100.44215528199999,13.955411817000027],[100.44184082600009,13.955645616000083],[100.44179843800015,13.955678066000132],[100.44177070200016,13.955700305000107],[100.4417571530002,13.955711680000036],[100.44171725199999,13.95574666500005],[100.44162533600002,13.955829704000053],[100.44154534500007,13.955900537000161],[100.44151894800012,13.955924467000159],[100.44150596900005,13.955936643000086],[100.44148067000015,13.955961471000023],[100.44145588800006,13.955986802000098],[100.44141927600003,13.956025351000164],[100.44139522900008,13.956051374000083],[100.44137202900015,13.956077305],[100.44133864900004,13.956116156000121],[100.44131684900003,13.956142414000169],[100.4412955590002,13.956169039000144],[100.44128519800012,13.956182560000116],[100.44126477500015,13.956210713000075],[100.44124503900008,13.9562393490001],[100.4412163020001,13.956282882000096],[100.4411977700002,13.956312289000095],[100.44118850200016,13.956327562000013],[100.4411614390001,13.956373810000116],[100.44096764300008,13.956715652000184],[100.44092308500012,13.956793045000097],[100.44090628900017,13.956821041000126],[100.44088265600004,13.95685860000009],[100.44086442600013,13.956885944000078],[100.44083324600007,13.95693033599997],[100.44076949700019,13.957018233999975],[100.44073731800012,13.957061973000123],[100.44071561300018,13.957090946000164],[100.44069405400006,13.957118884000124],[100.44067265100017,13.957145799000159],[100.4406182100002,13.957212381000147],[100.44058488900004,13.95725180100004],[100.44053776500004,13.957305042000087],[100.44040634500016,13.957449941999982],[100.44037021800011,13.957489193000129],[100.44034579100014,13.95751501400008],[100.4403207580001,13.95754024700011],[100.4403078260001,13.957552577000058],[100.44029468800005,13.957564709000167],[100.4402680140002,13.957588577000024],[100.44021390500006,13.95763558200008],[100.44007788100015,13.957752369000048],[100.44003665700012,13.957786909000106],[100.44001008200013,13.957808228000147],[100.43997152400016,13.957837545000189],[100.43994532700003,13.95785643000005],[100.43993204600008,13.95786560700003],[100.43991859800002,13.957874545000038],[100.43990330700012,13.95788423100015],[100.43988782500008,13.957893643000034],[100.43985648800003,13.957911912000043],[100.43979307900003,13.95794736900001],[100.43972919300012,13.95798201600013],[100.43969697199998,13.957998826000107],[100.43966427000015,13.958015128000056],[100.43954887000018,13.958070387000078],[100.43949967300011,13.958094520000031],[100.43946734500008,13.95811143000003],[100.43943763700014,13.958128269999975],[100.4394083680001,13.958145858000023],[100.43937944100009,13.95816400900003],[100.4393492270001,13.95818371300004],[100.43931921900008,13.958203732000186],[100.43927439200002,13.958234040000036],[100.4392298300001,13.958264654000061],[100.43920051700007,13.958285465000131],[100.43917193500016,13.958307026000057],[100.4391581210001,13.958318298999984],[100.43914479100005,13.958330070000159],[100.43913185600013,13.958342648000155],[100.43911941900006,13.95835573900007],[100.43910734500014,13.958369207000146],[100.43908389600006,13.958396853000124],[100.43906096800015,13.95842503800003],[100.43895910300017,13.958553202000132],[100.43892466900013,13.958595462000119],[100.43890105300017,13.958623009000178],[100.43888887200012,13.95863642300003],[100.43887630500006,13.95864947400014],[100.43886345700002,13.958661912000082],[100.43885023600012,13.958673994000037],[100.43882305300008,13.958697463000078],[100.43878133300018,13.958731753000109],[100.43820508100009,13.95919461200009],[100.4381630810002,13.959228650000114],[100.43813541000014,13.959251670000015],[100.43810833999999,13.959275293000132],[100.43809519400014,13.959287492000158],[100.43808313200003,13.959299301000158],[100.43805971800009,13.959323630000142],[100.43802566700003,13.959361169000147],[100.43799240800018,13.95939943500008],[100.43797072900009,13.959425353000086],[100.43793751900017,13.959467054000072],[100.43790494000007,13.95950924400006],[100.4376240970002,13.959876010000187],[100.43759217400009,13.95991864399997],[100.43757146200016,13.95994744900014],[100.43756142600006,13.9599620030001],[100.43754182400005,13.959991420000165],[100.43751307400015,13.960035983000182],[100.4374847840001,13.96008082800006],[100.43745706500005,13.960126004000074],[100.43743934200006,13.960156220000101],[100.43738839200012,13.960247119000087],[100.43735375200009,13.960307595000074],[100.43727468500003,13.96044305800001],[100.43723009200016,13.96051792500009],[100.43721188700016,13.960547271000053],[100.43719347500007,13.960576103000108],[100.43714668200005,13.960647732000098],[100.43710866400005,13.960704657000065],[100.43708919300013,13.960732795000126],[100.4370792270002,13.960746702000108],[100.43707001600006,13.960759168000095],[100.437051129,13.96078376800017],[100.43703168000008,13.960807946000045],[100.4370217290001,13.960819860000129],[100.43700987500017,13.960833647000129],[100.43698569600019,13.960860841000056],[100.4369127810001,13.96094123500012],[100.43684349300008,13.961019940000142],[100.4367976420001,13.96107268600008],[100.4367635260001,13.961112462000187],[100.43674111600006,13.961139230000072],[100.43671879200014,13.961166945000173],[100.43669658400006,13.961195628000098],[100.43666377700015,13.961239035000062],[100.43643560700008,13.961544115000095],[100.43640324100005,13.961587868000095],[100.43638212100007,13.96161732600001],[100.43636239600016,13.961646373],[100.43635317299999,13.961660647000144],[100.43633527500015,13.961689512000135],[100.43631817100015,13.961718815000154],[100.43631001600005,13.961733674000072],[100.43630189800012,13.96174928400012],[100.43628660000007,13.961780958000077],[100.43627248500007,13.961813150000069],[100.43626595400013,13.961829450000153],[100.43625993200004,13.96184563900016],[100.43624877300005,13.961878352000099],[100.43623322400009,13.961927858000138],[100.43621341100015,13.961994176000132],[100.43619910400014,13.962044063000064],[100.43618574800007,13.962094180000065],[100.4361601120001,13.96219467000003],[100.4361341030002,13.962291113000106],[100.43612087300016,13.962343606000047],[100.43609980800011,13.962431337000112],[100.43600414100007,13.962835213000176],[100.4359914760002,13.96288784800015],[100.43597853900008,13.962939802],[100.4359386700001,13.963091707000046],[100.43590707900006,13.963209737000057],[100.4358929,13.963259253000047],[100.43588317400008,13.963290985000015],[100.43587302600014,13.963322588000096],[100.43586252199998,13.963353475000076],[100.43585159200018,13.963383596000142],[100.43583992500015,13.963413432000152],[100.43583370800008,13.963428189000183],[100.43582189000017,13.963453959],[100.435815596,13.963466669000184],[100.43580766100018,13.963481839],[100.43579085200008,13.963511714000106],[100.43578203900017,13.96352643300014],[100.4357649700001,13.963553286000149],[100.43574843600015,13.963577506000036],[100.43573121500003,13.963601268000048],[100.43572110600019,13.963614548000066],[100.43570030700016,13.963640660000124],[100.43567884800007,13.96366621500016],[100.43566784600006,13.963678732000062],[100.43565660700011,13.963691019000066],[100.43564506900003,13.963703002000102],[100.4356331410001,13.963714588000187],[100.4356201110001,13.96372625400005],[100.43560666700006,13.963737488000106],[100.43557893100007,13.963759094000125],[100.43555051500005,13.963779974999966],[100.43550714900016,13.963810414000136],[100.43547775300004,13.963830041000051],[100.43544841,13.96384854200005],[100.43540367000003,13.96387517900007],[100.43535668700014,13.96390154],[100.43524631200017,13.963961775000087],[100.43519925900011,13.963987997000174],[100.43515161300007,13.964015564000022],[100.4350726900002,13.96406231200018],[100.43497831800005,13.964118946000042],[100.43493155600004,13.964147895000053],[100.43488640600003,13.96417720500017],[100.43481181400011,13.964227038000104],[100.43464814200007,13.964337305000072],[100.43460374400013,13.964367700000025],[100.43457427100009,13.964388385000063],[100.43450104100003,13.964441336000107],[100.43428226000015,13.964601424000023],[100.43422419500007,13.964644452000186],[100.43418133900008,13.96467737800009],[100.43413935800004,13.96471098100011],[100.43409766100007,13.964744936000159],[100.43373710800017,13.965040196000075],[100.43366804000016,13.965097281000112],[100.43359951100007,13.965155330000186],[100.43338104700013,13.965342032000024],[100.43334025000019,13.965377206000085],[100.43329992900016,13.96541287399998],[100.43328671200004,13.965424993000056],[100.43326033500006,13.965450097000144],[100.43320860000017,13.96550135800004],[100.43278551800012,13.965928081000072],[100.43274719300007,13.96596699600019],[100.43270961200005,13.966005812000049],[100.43266117200017,13.966056993999985],[100.43251652600009,13.96621118000013],[100.4324805510002,13.96624988200017],[100.43245683500004,13.966275902000177],[100.43243359400014,13.966302312000039],[100.43241029300009,13.966330260000063],[100.43238756500017,13.966358668999987],[100.43235428300005,13.966401898000129],[100.43232309600006,13.966444766000109],[100.43229321300015,13.966487627000049],[100.43225401300015,13.966545205000159],[100.43222524600014,13.966588782000144],[100.43220590400011,13.966619309000066],[100.4321774440001,13.966665438000064],[100.43201767500011,13.96692778900001],[100.43198967900008,13.966974191000133],[100.43197134500019,13.967005295000035],[100.43195361500011,13.967036717000155],[100.43194536500016,13.967052097000021],[100.43192159700016,13.967098750000048],[100.43189863600014,13.967145805000143],[100.43187628300012,13.967193136000049],[100.43186195200008,13.967224922000185],[100.43184850700015,13.967257001000064],[100.4318298410002,13.967305631000045],[100.43181196400008,13.96735457200009],[100.43175913200014,13.967501726000023],[100.43173491300018,13.967566835000127],[100.43172201000004,13.967599078000035],[100.43170760400011,13.96763220300005],[100.4316924970002,13.967665046000036],[100.43167694400006,13.967697703000113],[100.43165283100012,13.967746315000056],[100.43163660100004,13.967777072000047],[100.4316203890001,13.967806257000063],[100.43159526700015,13.967849605000083],[100.43157797700013,13.96787819500014],[100.43155132800018,13.967920069000058],[100.431523884,13.967961455000136],[100.4315051700001,13.967988775000038],[100.43147445599999,13.968031915999973],[100.43144322600011,13.96807470300007],[100.43141169900008,13.96811728400013],[100.43137967400014,13.968159488000083],[100.43135843400017,13.968186285000058],[100.43132675500016,13.968224473000191],[100.43129438200003,13.96826211500013],[100.43127153500018,13.968287822000036],[100.43122331100011,13.968340445000024],[100.4310653340001,13.968510410000135],[100.43100488400006,13.968576044000088],[100.43096916400015,13.96861576599997],[100.43088729100003,13.968709080000053],[100.43085152200018,13.968748432000098],[100.43082722100019,13.96877339700012],[100.43079012400005,13.96880896500005],[100.43073953400011,13.96885531900017],[100.43071392900004,13.968878168],[100.43068803000011,13.968900689],[100.43066128200007,13.968922939000095],[100.43063368600008,13.968944913000144],[100.43059183100007,13.968977345000155],[100.43049373400004,13.969052526000041],[100.43045198200014,13.969085092000114],[100.43042517800006,13.969106534000105],[100.43038531800016,13.969139107000046],[100.43034477700007,13.969173018000106],[100.43027680900013,13.969230855000148],[100.4301005060002,13.96938172700004],[100.4299514830002,13.969509754000057],[100.42992418500006,13.969532825000101],[100.429896542,13.969555474000117],[100.42988249500019,13.969566503000067],[100.42985530300007,13.969586596],[100.42984142300014,13.969596241000033],[100.42982734200018,13.969605580000177],[100.42981302200002,13.969614550000188],[100.42979894300004,13.96962279600018],[100.42978462600018,13.969630641000037],[100.42977009300012,13.969638080000038],[100.42975534000004,13.969645082000056],[100.42974169600018,13.96965104200001],[100.42972788300017,13.969656633000056],[100.42971392900012,13.969661877000135],[100.4296998390002,13.969666769000185],[100.42968562200014,13.969671282000093],[100.42967048200012,13.969675606000123],[100.4296552240001,13.969679501000144],[100.42963985699998,13.969682995000085],[100.42962439000007,13.96968606500019],[100.42960987700019,13.969688527000187],[100.42959529800015,13.969690638000088],[100.42956598900014,13.969693866],[100.42954814200016,13.969695191000028],[100.42953025100019,13.969696151000107],[100.42949439500006,13.969697374000134],[100.42935079400019,13.969699792000142],[100.4292790940001,13.969701832000112],[100.42920747300013,13.969704770000021],[100.42888509600016,13.969719037000061],[100.42883131500008,13.969721862000029],[100.42879622200013,13.969724360000043],[100.42876190500004,13.969727526000156],[100.42874478300018,13.969729385],[100.42871067400011,13.969733875000031],[100.42869372400014,13.969736655000077],[100.42867745300015,13.969739806000064],[100.42866130000016,13.96974344],[100.42864529300016,13.96974759300008],[100.42862940200018,13.969752337000159],[100.428613703,13.969757645000072],[100.42859822600008,13.969763517],[100.4285837320001,13.969769662999965],[100.42856948100007,13.96977632800008],[100.42855549700016,13.969783501000052],[100.42854094600011,13.969791691000012],[100.42852671300011,13.969800385000042],[100.42851280100018,13.969809533000102],[100.42849923500012,13.969819118000089],[100.42848608400004,13.969829166000181],[100.42847344900014,13.969839749000073],[100.42846148100006,13.969850987000143],[100.42844957300014,13.969863807000138],[100.42843843800017,13.969877337000185],[100.42842791200019,13.969891405999988],[100.42841790700015,13.969905892000156],[100.42840839500008,13.969920727000044],[100.42839940400012,13.969935876000136],[100.42839100600014,13.969951347000062],[100.42838345600006,13.96996684000004],[100.428376598,13.969982632000097],[100.42837045800007,13.969998695000072],[100.428366,13.970012127000132],[100.42836204800005,13.970025714000087],[100.42835858300003,13.97003942900011],[100.42835561400005,13.970053259000167],[100.4283528690001,13.970069040000169],[100.428350718,13.970084926000027],[100.42834911300014,13.97010089000014],[100.42834798900003,13.970117407000146],[100.42834732200009,13.970133967000095],[100.42834711000006,13.970167139000182],[100.42834751800012,13.970183729000155],[100.4283483050001,13.970200307000084],[100.42834953500017,13.9702174250001],[100.42835291200004,13.970251615000052],[100.42836553000018,13.970353968000097],[100.42836937800013,13.970388068999966],[100.4283723050001,13.970422176000056],[100.42837317800007,13.97043923300015],[100.42837350300005,13.970456705000174],[100.42837328200011,13.970474175],[100.42837252900011,13.970491621],[100.42837122000009,13.97050903000013],[100.42836952600015,13.970524727999987],[100.42836739100005,13.97054037900017],[100.42836486800013,13.970555982000121],[100.42836197000008,13.97057152900004],[100.42835869100003,13.970587015000092],[100.42835447200014,13.970604563000109],[100.42834496300014,13.9706394480001],[100.42833463000011,13.970674167000027],[100.42831839000019,13.970726063000086],[100.42830718900007,13.970760547000054],[100.42828961500004,13.970811452000135],[100.42826483100009,13.970877388000076],[100.42824557500012,13.970926594000048],[100.42823240100006,13.970959268000058],[100.42820435400017,13.971025896000071],[100.42814683300008,13.971158564000064],[100.42812460800013,13.971208028000035],[100.42810947800012,13.971240270000067],[100.42807066100005,13.971320435000052],[100.4280233820001,13.971416310000052],[100.42799907200003,13.971463902000096],[100.42798197700017,13.971495546000028],[100.42796406600019,13.971527145000096],[100.42794581200008,13.971558569000024],[100.42787182000018,13.971683759000086],[100.42783430300017,13.971746039999971],[100.42781500400008,13.971776852000062],[100.42780567900013,13.971791211000095],[100.42778664700018,13.971819707000122],[100.42775750100003,13.97186207100009],[100.4277277870001,13.971904053000173],[100.42770751000006,13.971931710999968],[100.42768569800006,13.971960237000019],[100.42766349000016,13.97198847600015],[100.42755105600008,13.972128680000026],[100.42750649600015,13.972185077000177],[100.42747496300012,13.972226288000115],[100.427443793,13.97226775900009],[100.42741291200002,13.972309432000088],[100.42739261800017,13.972337398000093],[100.4273728030002,13.972365668000123],[100.4273631910001,13.972379984000042],[100.4273439850001,13.97241025700015],[100.42731635200005,13.97245640300008],[100.42725336500007,13.972565016999965],[100.42722613100011,13.972611428],[100.427199019,13.972655732000135],[100.42717277200006,13.97269616200009],[100.42715471500009,13.972722763000093],[100.4271343420001,13.972751501000118],[100.42711348700004,13.972779913000181],[100.42709220400013,13.97280802400013],[100.4270714660002,13.972834465000062],[100.42705033700014,13.972860609000122],[100.42701694700008,13.972900136000078],[100.42699294100004,13.972927315000106],[100.42694429700009,13.972981159000142],[100.42688310400007,13.97304814000006],[100.42684605500011,13.973088010000026],[100.4268209280001,13.97311419100015],[100.42680846300004,13.973126761000117],[100.4267576760002,13.973176171000091],[100.42669331700012,13.973237101000166],[100.42665431100005,13.97327325700013],[100.42661748000012,13.97330636400011],[100.42658021500017,13.973338994000187],[100.42655507700005,13.973360407000087],[100.42652912800008,13.973381726000127],[100.426502378,13.973402949000047],[100.42642154600009,13.973465946000033],[100.42639485600017,13.973487251000108],[100.42636802400011,13.973509388000025],[100.42631501600016,13.973554426000021],[100.42624939700016,13.973611440000127],[100.42621060400006,13.973646253000084],[100.42618448000019,13.973670676999973],[100.42613296400003,13.973720276999984],[100.42586422900007,13.973982469000191],[100.42577405700007,13.974069741000164],[100.42503355500008,13.97477104300009],[100.424941424,13.974858964000134],[100.42417812700018,13.975604710000027],[100.42412665400008,13.975655519999975],[100.42408877800017,13.975694286000191],[100.42405176900002,13.975734603000035],[100.42400339700009,13.975789241000143],[100.42389534100005,13.975912875000063],[100.42384790400013,13.97596829500003],[100.42381362000015,13.976009919000091],[100.42377972999998,13.97605186300018],[100.42358870599998,13.976290333],[100.42353262000017,13.976361903000054],[100.42336499800012,13.976578103],[100.42332051,13.976635909000038],[100.42328775400017,13.976679360000162],[100.42320305200008,13.976795309000067],[100.42303444100008,13.977027786],[100.42290821199998,13.977202374000058],[100.42288702600001,13.97723136999997],[100.42286553800005,13.977260134000062],[100.42284342600016,13.977288412000064],[100.42283315399999,13.977300870000079],[100.42281204200003,13.97732531000014],[100.42279024100009,13.977349149000077],[100.422767653,13.977372219000188],[100.422755956,13.977383352000118],[100.4227429710001,13.977394985000103],[100.42272967400015,13.97740630300018],[100.4227161440001,13.97741737900003],[100.42268862800012,13.9774390500001],[100.42264664000004,13.977470758000095],[100.42261823800015,13.977491354],[100.42260385900016,13.977501400000108],[100.42257504000014,13.977520389000176],[100.42256059000005,13.977529309000033],[100.42253122100016,13.9775463900001],[100.42251630300018,13.977554522000105],[100.4225012030002,13.977562326],[100.42248497800017,13.977570195000055],[100.42246857100014,13.977577735000125],[100.42243541400012,13.977592158000164],[100.42238526000006,13.977612976000103],[100.42211695800006,13.97772233500001],[100.42203290100014,13.977755930000058],[100.42198181200007,13.97777531100013],[100.42193055400014,13.977794278000033],[100.42128048900008,13.978032555000084],[100.4212121170001,13.978057778000164],[100.42116147500019,13.978076809000015],[100.42096376400008,13.978153270000064],[100.4208816630001,13.978185782000082],[100.420848465,13.978199635000067],[100.42081490300006,13.97821429400011],[100.4207816030002,13.97822949000016],[100.42076508100007,13.97823734299999],[100.42073317500007,13.97825340300011],[100.42068717400008,13.978278332000116],[100.42062639300013,13.978312613000185],[100.42053554700004,13.97836462000015],[100.42049038900007,13.978391031000115],[100.42046059100011,13.978409108000108],[100.42042981700018,13.978428683],[100.42039932800009,13.978448697999966],[100.42023282100007,13.97856063200004],[100.42018773700005,13.978591602999984],[100.42015805500012,13.978612753000164],[100.42013066500016,13.978633230000185],[100.4201036120001,13.978654143000028],[100.42005021200015,13.978696801000183],[100.42002403400011,13.978718658000105],[100.42001118000013,13.978729825000073],[100.41999857300004,13.978741220000018],[100.41998628300007,13.97875292600014],[100.41997397900013,13.97876543600006],[100.41996202400014,13.9787782840001],[100.41993885900007,13.978804684000124],[100.41991639700018,13.978831717000162],[100.41989454800006,13.978859266000029],[100.419862863,13.978901539000049],[100.41982158600007,13.97895863499997],[100.41978077300013,13.97901607600005],[100.41975079900016,13.97905959600007],[100.41972164500004,13.979104195000161],[100.41962584000004,13.979254631000174],[100.41960684900016,13.979284766999967],[100.41958860400013,13.979314885000178],[100.41958006900006,13.979329931000166],[100.4195721910001,13.97934495600009],[100.41956526100006,13.979359962000046],[100.41955967900014,13.979374922999966],[100.41955596600013,13.979389833000141],[100.41955482100008,13.979404669000132],[100.41955684700008,13.979419622000023],[100.41956152000006,13.979434483000091],[100.41956813700011,13.979449263999982],[100.41957617399999,13.979463965000036],[100.41958526100012,13.979478574000098],[100.41959513000018,13.979493075000164],[100.41960561300004,13.979507427000101],[100.41961662300008,13.979521591000037],[100.41962764599998,13.979534978000174],[100.41965060600012,13.979561221000097],[100.4196623950001,13.979574123000134],[100.41968644200006,13.979599529000097],[100.41971087800016,13.979624055000158],[100.41978485900012,13.979695193],[100.41980880600005,13.97971946400014],[100.41982081300006,13.97973234300008],[100.4198326020001,13.979745422000178],[100.41985573600004,13.979771985000127],[100.41990109200009,13.97982601100017],[100.41993430300005,13.979867164000098],[100.41995542700005,13.97989519000015],[100.41996536900012,13.979909527000132],[100.41997429900016,13.979923527000096],[100.41998259300016,13.979937801000176],[100.41999014800012,13.979952351000122],[100.41999679300005,13.97996720500015],[100.42000200300015,13.979981394000163],[100.42000613300013,13.979995847],[100.42000942000016,13.980012691000184],[100.4200111720001,13.980029738000042],[100.42001134700001,13.980046880999964],[100.42001003700011,13.980062726000142],[100.42000758400019,13.980078573000128],[100.42000427500017,13.980094402000077],[100.42000032200008,13.980110213000046],[100.41999587300018,13.980125990000033],[100.41999102700015,13.98014172000012],[100.41998035100016,13.980173001000082],[100.41997452200008,13.980188501000157],[100.41996782500019,13.980205173000115],[100.4199608130001,13.980221734000168],[100.41994622200008,13.98025463300013],[100.41991605300012,13.980319953],[100.41988513500007,13.98038481600014],[100.41985280300008,13.980449290000138],[100.41980324900004,13.980545403000178],[100.41977768600015,13.980593001000045],[100.41975973000007,13.980624202000058],[100.41974054700017,13.980654715000185],[100.41971040100003,13.980699695000169],[100.41965890699998,13.980773940000176],[100.4196171270001,13.980832937000173],[100.41959572800005,13.980862056000035],[100.41957362200014,13.98089050200008],[100.41953923800014,13.980932023000037],[100.4195041000001,13.98097297400011],[100.41946846900004,13.981013498000095],[100.41944425899999,13.98104008100006],[100.41941929500007,13.981065940000178],[100.41939347100009,13.981090496999968],[100.41936691100017,13.981114345000037],[100.41932644300005,13.98114951100007],[100.41906834000008,13.981370467999966],[100.41893260100011,13.981487293000157],[100.41865887500006,13.981726248000086],[100.41842643299998,13.981929631000128],[100.41837135900005,13.981977013000176],[100.41834334600014,13.982000119000134],[100.41831458200005,13.98202237900017],[100.41829989299998,13.9820331680001],[100.41827015600012,13.982054305000133],[100.41821001800014,13.982095763000018],[100.4179233110001,13.982291404000136],[100.4178478930001,13.982342434000088],[100.41774299100013,13.982412132000036],[100.41736766900016,13.982660167],[100.41732276700014,13.982690138000123],[100.41727841100004,13.982720824000126],[100.41725194000009,13.982740251000052],[100.41722587900011,13.982760186],[100.41720027000008,13.982780629000047],[100.4171752900001,13.982801747],[100.41716315600019,13.982812674000115],[100.41715031300009,13.982824898000047],[100.41712541400011,13.982850155000108],[100.41710113500011,13.982876055000133],[100.41707715799998,13.982902265000178],[100.41689874100007,13.983100383000021],[100.4168745790002,13.983126444000163],[100.416849866,13.983151936000127],[100.41682594800017,13.98317483700015],[100.41681364300013,13.983185892000108],[100.41680106400008,13.98319662299997],[100.4167881680001,13.983206953000149],[100.41677492600002,13.983216784000149],[100.41676133400017,13.983226147000153],[100.41674741500015,13.983235056000069],[100.41673170800004,13.98324435000012],[100.41671571100005,13.98325321600015],[100.41668316500017,13.983270133000019],[100.41665022300009,13.983286452000073],[100.4163686330001,13.983422595000036],[100.41547572500008,13.983857127000135],[100.41539290700018,13.983897081000066],[100.41536019900013,13.983912395000061],[100.41532793100015,13.983927065000046],[100.41527914699998,13.98394821300019],[100.41524574600015,13.98396156900003],[100.41514312800001,13.983999925000035],[100.41510979800012,13.984013557000083],[100.41507729200009,13.984027930000138],[100.41502891400017,13.984050368],[100.41496471900012,13.984080975000154],[100.41491675900005,13.98410430000007],[100.41486919100004,13.984128346999967],[100.41482152200007,13.984154112000056],[100.41474281300003,13.98419840400004],[100.41464873100006,13.984252181000102],[100.41460200300008,13.984279568000147],[100.41457140200015,13.984298200000126],[100.41448126400013,13.98435521800019],[100.41445105700006,13.98437393900008],[100.41442044400009,13.984391980000055],[100.41438825400007,13.984409504999974],[100.41435562800007,13.984426301000155],[100.41430632400005,13.984450882000147],[100.4141414400001,13.9845319960001],[100.41407528100007,13.984563912000056],[100.41404188700011,13.984579071000155],[100.41402501800007,13.984586216000139],[100.41400798000006,13.984592918000146],[100.41399238400004,13.984598514000083],[100.4139607780001,13.984608646000027],[100.413912762,13.984622232000106],[100.41386402100017,13.98463464700012],[100.41379784500003,13.984650165000176],[100.41371497200015,13.984668935000116],[100.41361033300012,13.984691917000077],[100.41305628100014,13.984811496000134],[100.4130025520002,13.984822520000137],[100.41295001500004,13.98483253500018],[100.41270433300014,13.98487683000019],[100.41261669000005,13.984893132000138],[100.41252945900004,13.984910729000092],[100.41226807700008,13.984965028000033],[100.4122156900001,13.984975285000075],[100.4121800530001,13.984981635000054],[100.41214370900008,13.984987555000032],[100.4120708920002,13.984998672000131],[100.41132399800006,13.985109945000033],[100.41125110400003,13.985120602000109],[100.41119635700005,13.985128011000086],[100.41114153500013,13.98513442300009],[100.41108664500001,13.985140297000044],[100.4103910020001,13.985212286000035],[100.4103177240001,13.985219247000032],[100.41028331400008,13.98522189700003],[100.4102511390002,13.985223882000128],[100.4102004670001,13.985226197000031],[100.41014501900008,13.985227902000133],[100.4098307070002,13.985235387000102],[100.4097382600001,13.985237298000186],[100.40964613500006,13.98523808200008],[100.40920423200015,13.98523903400013],[100.40916741600012,13.985238909000032],[100.4091306210002,13.985238376000098],[100.40909388100016,13.985237012000141],[100.40907743000014,13.985235969000144],[100.40904457800008,13.985233131000086],[100.40901181800007,13.985229453000159],[100.40897917800004,13.985224869000149],[100.40896178500009,13.985221969000065],[100.40892710600014,13.985215463000031],[100.40887523900005,13.985204772000145],[100.40859911500007,13.985145009000064],[100.40817969500006,13.985049878000098],[100.40812733300015,13.985037748000025],[100.40807511200018,13.985025079000138],[100.40803973600009,13.985015888000135],[100.40798681900009,13.98500153700013],[100.40768745700018,13.984918356000094],[100.40758158,13.98488935100005],[100.40644799400019,13.984585982000112],[100.40639492900016,13.984571541000093],[100.40635967800017,13.98456154400003],[100.4063246400001,13.98455090900012],[100.40630756900003,13.984545326000102],[100.40627361300005,13.984533586000055],[100.4062398060002,13.984521398000084],[100.40591957700008,13.98440272800002],[100.40585238800014,13.984377241000175],[100.40581911600003,13.984363807000136],[100.4058026460001,13.984356725000055],[100.40577019700015,13.984341649000044],[100.40575414900007,13.984333742000047],[100.40572234900009,13.984317352000062],[100.40569097900016,13.984300186999974],[100.40566053100014,13.984282406000034],[100.40563040400002,13.984264081000049],[100.40557056300014,13.984226742000033],[100.40551101100004,13.984188957000015],[100.405451836,13.984150231],[100.4053490140002,13.98408071100016],[100.40520243100008,13.983980976000169],[100.40514411800012,13.983940644000029],[100.4050855960001,13.98389882700019],[100.40489641700015,13.98376152100019],[100.40485236400013,13.983730395000123],[100.404822964,13.983710484000142],[100.4047788420001,13.983681838999985],[100.4047195780002,13.983644257000094],[100.40464528600006,13.98359759900012],[100.40460045499998,13.983570085000167],[100.40457022100014,13.983552393000139],[100.40455490900013,13.98354391600003],[100.4045394060002,13.98353581200007],[100.40452316300019,13.983527928000115],[100.40450671900004,13.983520430000056],[100.40449011900012,13.98351322700006],[100.40445663100019,13.983499372999972],[100.40442291000016,13.983485963000135],[100.4043721050001,13.983466334000184],[100.40433809200005,13.983453595000128],[100.40430462900002,13.983441581000022],[100.40423872800017,13.98341917800019],[100.40398776100011,13.983337090000134],[100.40388704400004,13.983304700000133],[100.4038533320001,13.98329434100009],[100.40380260600017,13.983279331000062],[100.40371786800006,13.983254921000025],[100.40366692800012,13.983240630000182],[100.40361579000017,13.983227077000038],[100.40358031600005,13.983218523],[100.40354472500007,13.983210412000176],[100.40336632200012,13.983171507000066],[100.40331274800013,13.98316010600007],[100.40327696700012,13.983152841000106],[100.40324107500015,13.98314619700011],[100.40322425200009,13.983143424000104],[100.40317360500006,13.983136123000122],[100.40313975000004,13.98313183100015],[100.40310585100013,13.983127973000023],[100.403071905,13.983124734000171],[100.40305490600014,13.983123467000155],[100.40301971900016,13.983121745],[100.4029668500001,13.983120523000082],[100.40286101600003,13.983119756000121],[100.40279045700015,13.983120096000164],[100.40273632600002,13.983121322000045],[100.40266415900004,13.9831236280001],[100.40237551000001,13.983133463000115],[100.4022853510001,13.983137147000036],[100.40224934100019,13.98313928500005],[100.40219717700012,13.983143636000136],[100.4020235120002,13.983161186000189],[100.40195164300002,13.983167585999979],[100.40147902600012,13.983204841000145],[100.40138817800005,13.983212394000134],[100.40135189300014,13.983215816999973],[100.401297538,13.983221451000077],[100.40108024100005,13.983245218000036],[100.40100785600004,13.983253441000102],[100.40095368500005,13.98326036200001],[100.40091790700012,13.983265852000102],[100.40086473300016,13.983275388000038],[100.40063493500014,13.983320606000063],[100.40058182400014,13.98333058500009],[100.40054631900011,13.983336647000044],[100.40051294000011,13.983341626000026],[100.4004794810001,13.983346131000133],[100.400429207,13.983352387000082],[100.4003788710001,13.983358183000064],[100.40035798600007,13.983360346000154],[100.40018703700008,13.983370806000096],[100.40007995100007,13.983368192000057],[100.40005911500015,13.983367679000139],[100.39999971800012,13.983357721000175],[100.39999947700016,13.983357646000059],[100.39994423200011,13.983340016000056],[100.39992220699997,13.98333274000015],[100.39988082400004,13.983325060000027],[100.3998663380001,13.983323729],[100.39979729300012,13.983320298000024],[100.39968263000014,13.983314600000085],[100.39961169500003,13.983316229000138],[100.39957620700017,13.983317519000025],[100.39954067000014,13.983319179000034],[100.39948730000015,13.983322266000187],[100.39927395299998,13.983335768000074],[100.39918487500012,13.98334057000011],[100.39905976800014,13.983345942000028],[100.39884521200014,13.983354501000065],[100.3987736900001,13.98335788200012],[100.39873798200017,13.98336028500006],[100.3987213470001,13.983361723000144],[100.39867154500007,13.98336716200015],[100.39863847400011,13.983371719000104],[100.39862200800013,13.98337436300011],[100.39858856900014,13.983380712000042],[100.39855543300007,13.983388234000131],[100.398539018,13.98339248700006],[100.39852275400011,13.983397150000144],[100.39850745000007,13.98340205200003],[100.39849234700017,13.983407449000026],[100.39847748000011,13.983413402000053],[100.39846549200018,13.983418741000094],[100.39845369100016,13.983424477000028],[100.39844208300008,13.983430596000062],[100.3984263960001,13.983439603000022],[100.39841098500017,13.983449134000182],[100.39838070200005,13.983469186999969],[100.39835081600012,13.983489960000043],[100.39818764699999,13.98360617800006],[100.39809831300005,13.983668989000023],[100.39789631900004,13.983807152000168],[100.39786786900004,13.983827370000029],[100.39785384200019,13.983837715000107],[100.39782818300012,13.983857768000064],[100.39780511300017,13.983877381000184],[100.39779389,13.983887525000114],[100.39778136700016,13.98389938500003],[100.39775695600014,13.983923774],[100.39773305700004,13.983948694000162],[100.39769770200007,13.98398657000007],[100.39766280700007,13.984024855000143],[100.3976399880001,13.984050731000139],[100.39763824100004,13.984052820000045],[100.39748282000005,13.984275575000083],[100.39744803100007,13.984315246000108],[100.39740241900006,13.984347084000035],[100.3972816480001,13.984426713000175],[100.39712843100011,13.984488116000023],[100.39709061000008,13.984553034000044],[100.39705287200019,13.984604163000085],[100.39694211700015,13.984696991000135],[100.39634833200012,13.985070548000067],[100.39595087900005,13.985288863000108],[100.39567226200018,13.985419420000142],[100.39559343100012,13.985454251000078],[100.39552965100017,13.985482011999977],[100.39526678100009,13.98559373400019],[100.39521724000019,13.9856140280001],[100.39518394600009,13.98562687000009],[100.39516677900019,13.985633089000146],[100.39513223400007,13.985644957999966],[100.3950801220002,13.985662008000133],[100.39474914400017,13.985767647999978],[100.39469682499998,13.985784112000147],[100.39466185100014,13.98579474000013],[100.39462669800014,13.985804759000132],[100.39459162200012,13.985813779000182],[100.39455637500009,13.98582219800005],[100.3944856650001,13.985838279000063],[100.394149449,13.985913486000186],[100.39409626600013,13.985924842000031],[100.3940606910001,13.985931804000074],[100.39404265000013,13.985935008000183],[100.39400647200017,13.985940924000147],[100.39395207600012,13.98594913300019],[100.39355266600012,13.98600664900016],[100.3934981590001,13.986014153000042],[100.39346179300014,13.986018841000089],[100.39338025400008,13.986028209000153],[100.39334870300019,13.986032462000082],[100.39331305900009,13.986038606000022],[100.39327756900019,13.986045711000031],[100.39320677600011,13.986061164000148],[100.39292391600014,13.986124908000079],[100.39287091400018,13.986136982000176],[100.39281800600008,13.986149435000073],[100.39276604100013,13.986162402000161],[100.39271417000003,13.986175748],[100.39240318500015,13.986256788000162],[100.39235125800019,13.986269886000173],[100.39231652900008,13.986278175000052],[100.39228161200009,13.98628591000005],[100.392229074,13.98629685100019],[100.39189571600014,13.986363573],[100.39179052300005,13.986384999],[100.39170378400007,13.986403553000116],[100.39149579600007,13.98644894000006],[100.39144385500015,13.986460510000143],[100.39137181400014,13.986477041000171],[100.39077795700013,13.986615442000186],[100.3906717870002,13.986639287000116],[100.38999906600009,13.98678897700006],[100.38994608700006,13.986801303000163],[100.38989317,13.986814592000144],[100.38984036000011,13.986828657000103],[100.3896645390002,13.986876398999982],[100.3896292930001,13.98688564500003],[100.38959525000007,13.98689418300006],[100.38954596600007,13.986905846000013],[100.3894800280001,13.98692049300007],[100.3894469560002,13.986927317000095],[100.38938095100019,13.986940071000106],[100.3893481070001,13.986947034000082],[100.38931259800012,13.986955883000178],[100.38927741200007,13.986965848000011],[100.38924259300012,13.986976863000109],[100.38922538300011,13.986982864000026],[100.38920836,13.98698931700011],[100.3891944630002,13.986995055000023],[100.38918072500013,13.987001140000075],[100.389153717,13.987014244000136],[100.38914046600007,13.987021254000183],[100.38910277800017,13.98704246800014],[100.38908877100016,13.987050024000041],[100.38907459100005,13.987057256000128],[100.38906022800018,13.987064104000183],[100.38904565900015,13.98707049300009],[100.38903177800017,13.987075991000154],[100.38901771400003,13.987081008000132],[100.38900348100003,13.987085541000056],[100.38898733600018,13.987090018000174],[100.3889710200001,13.987093899000058],[100.38895455300008,13.987097188000064],[100.38893725400015,13.98709998600009],[100.38891984600014,13.987102250000135],[100.38890236600008,13.987104068000065],[100.38888482300018,13.98710549700013],[100.38886724500014,13.98710655100001],[100.3888496420002,13.987107217000073],[100.38883275400019,13.987107477000109],[100.38876520900004,13.987107348],[100.38874836300005,13.987107675000118],[100.38873154700008,13.987108434999982],[100.38871367600012,13.987109848000046],[100.38869583900015,13.987111776],[100.38867802900012,13.987114098],[100.38864247200007,13.98711950300003],[100.3885714700001,13.987131797000188],[100.38816346500016,13.987205621000044],[100.3881102960001,13.987215444000071],[100.38805700500006,13.987225837000153],[100.38794984100008,13.987248393000016],[100.38700401200003,13.987451421000117],[100.38628819700006,13.987600208000117],[100.38614448599998,13.987630589000048],[100.3855855290002,13.987750943000037],[100.38549585400017,13.987770863000094],[100.38520937500016,13.9878354330001],[100.38511973500005,13.987855081000134],[100.3850553490002,13.987868174000084],[100.38503086800006,13.987873153000066],[100.38469274300007,13.987939928000173],[100.3846225440002,13.987954403],[100.38453599800016,13.98797289100014],[100.38439759800008,13.988002797000092],[100.38430969200004,13.988022241000124],[100.38358944700008,13.988186368000129],[100.38348134900019,13.988210723000066],[100.38337302700012,13.988234192000164],[100.3829575360001,13.988323002000072],[100.38290322500012,13.988334024000096],[100.3828320930001,13.988347297000189],[100.38263132200012,13.98838294900014],[100.38236892000009,13.988429543000052],[100.38231558400008,13.9884395200001],[100.38223147100013,13.988456207000127],[100.38217766300016,13.988466100000153],[100.38180018900016,13.988531577000174],[100.38171044500001,13.988547803000074],[100.3816563580001,13.988558511000065],[100.38158436100008,13.988573362000182],[100.38124253500001,13.988644715000135],[100.38115265900007,13.988663834000022],[100.38102657900009,13.98869213200004],[100.38049918000007,13.988812153000083],[100.38050366200008,13.988858115000028],[100.38108060700011,13.994775593000043],[100.38108859000016,13.994774610000036],[100.38127928700004,13.994751142000098],[100.38132806200008,13.994745140000134],[100.3813988060001,13.994734884000138],[100.38143714200004,13.99473027200014],[100.38150174100019,13.994724155000085],[100.38153405000008,13.994720495000138],[100.3815502010001,13.99471832],[100.38158243400017,13.994713386000171],[100.38161882300011,13.994706973000063],[100.38165513100006,13.994700045],[100.38170951400002,13.994689172000108],[100.3817638060001,13.994677866000075],[100.38179925300011,13.994670098000142],[100.381937977,13.994637800000135],[100.38200725400014,13.99462132399998],[100.38205912600017,13.994608653000114],[100.38209359900009,13.994599811000057],[100.38212793500009,13.994590458000118],[100.38226481800018,13.994551395000144],[100.38233527800014,13.994532334999974],[100.38304820200011,13.994348826000191],[100.38371090500016,13.994174197],[100.3837458640001,13.99416530100018],[100.38379914100017,13.994152242999974],[100.38420839500014,13.99405519000004],[100.38426172400017,13.99404233000007],[100.38431489200013,13.994028905000107],[100.38434967600017,13.994019509],[100.38440169400002,13.994004853000035],[100.38476517300018,13.993899857000088],[100.38486917900008,13.993870391000144],[100.38495689200016,13.993846966000035],[100.38541370100018,13.993727615000012],[100.38548288100003,13.993708955000102],[100.38567027,13.99365743900006],[100.38572227100013,13.993643935000023],[100.38577473800012,13.993630804000077],[100.38626501300013,13.993510256999969],[100.38637021300013,13.993483825000112],[100.38647651900004,13.99345591700012],[100.38776916000012,13.993113495000046],[100.38787545700012,13.993085546000088],[100.3879285500002,13.99307206300017],[100.38799906200012,13.99305487300012],[100.38872258600014,13.992881619],[100.38877545100019,13.992868660999989],[100.38882873800003,13.992855040000052],[100.38893560500009,13.992826659000116],[100.39046655100009,13.992416755000079],[100.39057345100008,13.992388500000175],[100.39062538000019,13.992375447000086],[100.39067656800017,13.992363027000124],[100.390813299,13.992330812000034],[100.39090241600019,13.992310952000139],[100.39124135700007,13.992236778000063],[100.39129479200017,13.992224738000118],[100.39133040500019,13.99221637100004],[100.39141936100009,13.992194446000099],[100.39198808600014,13.992051737999986],[100.39263827200011,13.991894722000154],[100.39272597900003,13.99187295300004],[100.39277901100013,13.991858718],[100.39283218700007,13.991843683000127],[100.39322151400006,13.99173113300003],[100.3933098670002,13.991705156000137],[100.39342719500013,13.991669264000166],[100.3935149990001,13.991643688000181],[100.39411298800013,13.991472645000158],[100.39416579900012,13.99145774699997],[100.39421877600017,13.991443476000143],[100.39423650900011,13.991439017],[100.39427204000015,13.991430736000154],[100.3943255650002,13.991419220000068],[100.39466544300006,13.991349691000096],[100.39475474500017,13.99133079100011],[100.39480687600013,13.991318974000137],[100.39489361400001,13.991298643000164],[100.39504964900004,13.991261664000035],[100.39511889800019,13.991244855000105],[100.39522452700015,13.991217833],[100.39547068900009,13.991153638000128],[100.39554055100018,13.991134881000107],[100.39562639700017,13.991110907000063],[100.39571213900018,13.991086572000086],[100.39578059200005,13.991066666000052],[100.39584970900017,13.991045604000078],[100.39607392500011,13.990975843000058],[100.3961258810001,13.990960507000068],[100.3961610980001,13.99095096600007],[100.39619686100013,13.990942019000101],[100.3962686550002,13.990925054000058],[100.39695161700007,13.990767106000135],[100.3970231130001,13.990749990000154],[100.39718362000013,13.990710873000182],[100.39725491000019,13.990693328000077],[100.39730828400019,13.990679818],[100.397361455,13.990665505000152],[100.39743211500019,13.990645491000123],[100.39808491000014,13.990457599000024],[100.39815522000009,13.990437944000064],[100.39824274600005,13.990414076000036],[100.3987681110001,13.990271599000096],[100.39887361600017,13.990243406000161],[100.39994773400008,13.989967199000091],[100.40003715600017,13.989943881000158],[100.4000728170002,13.98993418800012],[100.40010658900013,13.989924601000155],[100.4002917300001,13.98986979200015],[100.40035963300011,13.989850281000031],[100.40046379500006,13.989821969000161],[100.40082880300002,13.989724385999978],[100.40089887400006,13.989706671000022],[100.4009701510002,13.989689943000087],[100.40163057600006,13.989539439000055],[100.40173760599998,13.98951476600007],[100.40178970400007,13.989502280000124],[100.40189242500014,13.989476914000136],[100.40206353100007,13.989434262000145],[100.40214988200017,13.98941227600011],[100.402216458,13.989394859000186],[100.4024301250002,13.989338963000023],[100.40248255900008,13.989324852000152],[100.40251739500013,13.989315055000134],[100.4025523430002,13.989304684000103],[100.40260458000017,13.989288531000113],[100.40295215400016,13.989178598000137],[100.4030044430001,13.989162616000044],[100.40305740900004,13.989147454000033],[100.40314643800002,13.989123526000014],[100.4042518810001,13.988831626000035],[100.4044204610002,13.988788625000097],[100.40452280300013,13.988763517000166],[100.40487817500008,13.98868046400014],[100.40515815300012,13.988615030000062],[100.40526418700006,13.988589620000084],[100.40537136400013,13.988562550000154],[100.40713866400012,13.988111484000115],[100.40722803500017,13.988089145000174],[100.40738495200009,13.988051891000111],[100.40743714400014,13.98803906400019],[100.40747221000004,13.988029839000035],[100.40752519500006,13.988014951000025],[100.4077264730002,13.987956040000086],[100.40780695100011,13.987932485000158],[100.40789530400002,13.987907308000104],[100.40846350700008,13.98775119200019],[100.40855241500014,13.98772728200015],[100.40858811100009,13.987718243000188],[100.40862385200012,13.98770981400014],[100.4086776360001,13.987697832000038],[100.40882125500019,13.987666621000187],[100.4088923700001,13.987650294000161],[100.4089804050002,13.987629005000088],[100.40931470700014,13.987547177000067],[100.4094201650002,13.987520928000095],[100.4094728230001,13.9875070490001],[100.40952540800009,13.987492665],[100.41029577600005,13.98727853000014],[100.41036585000018,13.98725919400016],[100.41041849200008,13.987245022000025],[100.41048996900003,13.987226685],[100.41074059200008,13.987164098999983],[100.41083004800004,13.987141363999967]]]}}]}