{"type":"FeatureCollection","features":[{"type":"Feature","properties":{"districtCode":"TH7501","provinceCode":"TH-75","nameTh":"อำเภอเมืองสมุทรสงคราม","shapeName":"Mueang Samut Songkhram","shapeISO":"TH7501","shapeID":"TH7501","shapeGroup":"THA","shapeType":"ADM2","labelPoint":[99.99343523,13.39591974]},"geometry":{"type":"Polygon","coordinates":[[[100.03069584000013,13.5065762750001],[100.03071373500006,13.506574569000122],[100.03072639900006,13.50657780900002],[100.03074962200014,13.5065882560001],[100.03089431300009,13.506674646000135],[100.03113940900016,13.506828050000024],[100.03118798400016,13.506854796000141],[100.03124316600008,13.506881666000027],[100.03126926700003,13.506891500000165],[100.03132306300006,13.506902599000057],[100.03135464700017,13.506903723000164],[100.03138834300012,13.50690071400004],[100.03141677000008,13.50689346300004],[100.03144564000019,13.506880268000089],[100.03149485800014,13.506844158000149],[100.03154889200016,13.506795197000088],[100.03157922700012,13.506767713000102],[100.03161967300008,13.50671239900015],[100.03166763000007,13.506632704000026],[100.03169468800019,13.506594796000115],[100.0317208510001,13.50656667300018],[100.03174926600008,13.506550416000152],[100.03176897600008,13.506541415000015],[100.03178081100009,13.506536009000115],[100.03181235500006,13.506523677000189],[100.0318570340001,13.506510700000092],[100.03195319500014,13.50647001699997],[100.03200561800014,13.506438581000054],[100.03204105800006,13.506408927999985],[100.03207978400008,13.506371244999968],[100.0321387080001,13.506326062000085],[100.0321955080002,13.506294935000085],[100.03222021500005,13.506287373000134],[100.03223808900009,13.506287317000158],[100.03242120500016,13.50633525500001],[100.03251984300016,13.506358476000116],[100.03255707900018,13.506362676000094],[100.03266218900018,13.50636312600011],[100.03275631600008,13.506357528000024],[100.03286790600009,13.506337830000177],[100.03298382700018,13.506307589000073],[100.03303631100005,13.506290431000082],[100.03309095500015,13.506267919000152],[100.03317161200016,13.506224545000123],[100.03325038200012,13.506172446000164],[100.03327219400012,13.506154363000178],[100.0334252930001,13.506010002000039],[100.03386538100011,13.505528872000184],[100.03405690700015,13.505329806000077],[100.0342205340001,13.505189480000183],[100.0342561880002,13.505163357000072],[100.03434279500016,13.505106502000046],[100.03446738800005,13.505053746000158],[100.03453780200005,13.505035055000121],[100.03468533300008,13.505010062000053],[100.03528563600008,13.504899884],[100.03534688700012,13.504886308000152],[100.03551964700017,13.50483691100004],[100.0356311290002,13.50479212800019],[100.03566391400011,13.504776912000125],[100.03573818100017,13.504735418999985],[100.03589426100007,13.50463602800005],[100.03593905400015,13.504611835999981],[100.03601565800011,13.504591470000094],[100.03607532500013,13.504587099000162],[100.0361035680001,13.504589578000093],[100.03614103000018,13.504597828999977],[100.03615788200017,13.504603719000102],[100.03620661800011,13.504627780000078],[100.03626852800005,13.50466850100014],[100.0363724280001,13.504750826000134],[100.03641876300014,13.504783029],[100.03653496600009,13.50485815200011],[100.03662686200005,13.504912601000115],[100.03673745800012,13.504965736000145],[100.03701437900003,13.505084040000156],[100.03719759300009,13.505167160000099],[100.03725400600007,13.505195111000035],[100.0373394990001,13.505237470000054],[100.03738863900008,13.505256911000174],[100.03741433800019,13.505259384000112],[100.03741776700019,13.505259581000018],[100.03744580400013,13.505256208],[100.03745563300015,13.505252292000023],[100.03747754500017,13.505243556000039],[100.03748922200015,13.50523566600009],[100.03750210700008,13.505226962000108],[100.03752249400009,13.505207267000117],[100.03771204100002,13.504939676000106],[100.03775363,13.504884565999987],[100.03782768100018,13.504786435000142],[100.0379325240001,13.5046568570001],[100.03801823000003,13.504560575000085],[100.03816616200004,13.504386425000064],[100.03821274900008,13.504334979000078],[100.03824054400013,13.504311141000073],[100.03826739400006,13.50429385700005],[100.03829778200009,13.50428341800017],[100.03832314900018,13.504282695000029],[100.03835284500013,13.504293503000042],[100.03837164200019,13.504310598000131],[100.0383898880001,13.504334246000099],[100.03840142400014,13.504368967000062],[100.03843031700012,13.504525670000135],[100.03844957700011,13.504585434000091],[100.03846190200017,13.504610325000158],[100.03846849100012,13.50461734400011],[100.03848221400006,13.504631935000134],[100.03852355600014,13.504648644000042],[100.0385598430002,13.50465623800011],[100.0386142500002,13.504660586000114],[100.03865157700017,13.504658453000047],[100.03870272400019,13.504647364999983],[100.03871516400017,13.504642625000145],[100.03874849200008,13.504625517000136],[100.03879990400009,13.504588354000191],[100.03883614200004,13.504536853000104],[100.03884824600016,13.504510723000067],[100.03885709600019,13.50447937700011],[100.03886516800014,13.50442401099997],[100.03886771900011,13.504319456000133],[100.03887171400015,13.504262685000128],[100.03888137500013,13.504191254000034],[100.0388903160001,13.50415561699998],[100.038923732,13.504077605000134],[100.03894324900011,13.504046402000085],[100.03899050000001,13.503983589000143],[100.03903385900014,13.50394963000008],[100.03909360900013,13.50391249400002],[100.03914217000016,13.503896011],[100.03920757300017,13.503880731000152],[100.03928983600014,13.503873335000094],[100.03931786900006,13.503873254000155],[100.03940014000017,13.503882105000116],[100.03961570300015,13.503922160000116],[100.03990496,13.504005359000189],[100.04017814100018,13.504101831000185],[100.04036025500011,13.504162129000179],[100.04042903400006,13.504182848000028],[100.04048764300018,13.504188663000036],[100.04050581600018,13.504186662000166],[100.04054013000018,13.504178555000124],[100.04057847800016,13.504164349000177],[100.0406389470001,13.504137240000148],[100.04078526200004,13.504050133000135],[100.04087869900002,13.503981293000152],[100.04092097600005,13.503945528000088],[100.0409632800002,13.503915580000125],[100.04099755100009,13.503897285000107],[100.04148590699998,13.503711311000188],[100.04151128800004,13.503707284000086],[100.04156179000017,13.50369926999997],[100.04161510600011,13.503695500000049],[100.04162281500015,13.50369639500019],[100.04168495300013,13.503714819000095],[100.04172262900005,13.503730997000048],[100.0420201720001,13.503902140000093],[100.04206096700017,13.503917184000045],[100.0421041370002,13.50393310700008],[100.0421815040001,13.50394305499998],[100.0422140410002,13.503943457000048],[100.04224330900013,13.503938798000092],[100.0422495570001,13.503937801000063],[100.04232682500015,13.503912423000145],[100.04240022700014,13.503869367000107],[100.04247028500009,13.503814767000051],[100.04253031800016,13.503761649000069],[100.04258548100006,13.50369099900007],[100.04260976300009,13.503612600999986],[100.04260951900005,13.503556396000079],[100.0425929590001,13.503524345000187],[100.04244020800019,13.503360644000054],[100.04235882300009,13.503256401000044],[100.04234567700007,13.503231787000118],[100.04232317300017,13.503189668000118],[100.04229605600017,13.503138873000069],[100.04228987800019,13.503122714000085],[100.04223313099999,13.502974206000033],[100.0422309770002,13.50296856400007],[100.04222704100005,13.502955814000131],[100.04220351300006,13.502879549000113],[100.0421139610001,13.502544018000151],[100.04209519900013,13.502466381000033],[100.04208037900014,13.502392711000141],[100.04204684000013,13.502196693000087],[100.04202978000018,13.502043314000105],[100.04202176200005,13.501906611000095],[100.04202442800005,13.501853749000134],[100.04203229000018,13.50180448500015],[100.04204881400011,13.501724195000065],[100.04207171500013,13.501631137],[100.04208242900017,13.501565449000111],[100.04208433500014,13.501472470000124],[100.04208415600004,13.501470961999985],[100.04208188200005,13.501451785000086],[100.0420657140001,13.501379488000055],[100.04201115200004,13.501135502000125],[100.04200597800013,13.501097701000106],[100.04200117300019,13.501062615000023],[100.04199958300006,13.501022519000117],[100.04201357600004,13.500964127000088],[100.04202333300009,13.50094037100007],[100.04204117300014,13.500909307000143],[100.04209157000014,13.500852582000164],[100.0421763180002,13.500792131000026],[100.04238685700011,13.500665193000032],[100.04243416300011,13.500632089000135],[100.04245193000008,13.500619656000083],[100.04249220000003,13.500568429],[100.04252317900006,13.50051546900005],[100.04253503500013,13.500488711000173],[100.04254958200016,13.500428788000079],[100.04255162600015,13.500390461000052],[100.04253856000014,13.500284107000141],[100.04252243200006,13.500224886000126],[100.04249767000016,13.500155566000046],[100.04244323900019,13.500045332000184],[100.04236283400019,13.499921678000078],[100.04226111600013,13.49975803000001],[100.04222145500012,13.499683446000063],[100.04219884900004,13.499630672000137],[100.04216258400015,13.49950501700016],[100.04211975800013,13.499330547000113],[100.04205985200014,13.499086502000068],[100.04200354100004,13.498911362000115],[100.04196714100004,13.498783898000056],[100.04196245900016,13.498754834000124],[100.04196310100008,13.498707418000151],[100.04197080000006,13.498681173000023],[100.04197399900005,13.498675817999981],[100.04199032200006,13.498653474000093],[100.042020681,13.498632070000099],[100.04205897499997,13.4986159930001],[100.04209451100007,13.498607201000084],[100.04227956900013,13.498577384000043],[100.04243605700009,13.498559288000138],[100.04253728500015,13.498560447000159],[100.04258750100018,13.498572537000086],[100.04263996399999,13.498592228],[100.0426723180002,13.498606972000175],[100.04272749700004,13.498639754000067],[100.04279331200007,13.498684481999987],[100.04280510300009,13.498692495000057],[100.0428374870001,13.498711546000095],[100.04287810300008,13.498727790000032],[100.04290836000018,13.498737191000032],[100.04295699600016,13.498742277000076],[100.042985858,13.498738131000096],[100.04300816800009,13.498731073000044],[100.0430304510001,13.498720482000124],[100.04310250100019,13.498673617000065],[100.04315355800003,13.498633922000067],[100.04320653500008,13.498581431000105],[100.04323072900013,13.498557458000164],[100.04329094100012,13.49850671400003],[100.043318436,13.498486972000023],[100.04336036500018,13.498462474000121],[100.04339313400015,13.498445482000136],[100.04345869900015,13.498418431000118],[100.04348757200017,13.498410276000072],[100.04353482600015,13.498402672000168],[100.0435890230001,13.498396330000162],[100.0436543020001,13.498388692000049],[100.04373041399998,13.498371601000144],[100.04376321700016,13.498360525000123],[100.04380515300005,13.498339742999974],[100.04391933700009,13.498255683000139],[100.04396942900013,13.498197423000136],[100.0440067720001,13.498143260000177],[100.04401748800012,13.498124109000116],[100.04404642500015,13.498060198000076],[100.04405831600013,13.498020549000046],[100.04406394000006,13.497998286000097],[100.04409297000018,13.497883369000078],[100.04410712500015,13.497849962999965],[100.04412966000018,13.497807825000052],[100.04416605100005,13.497762601000034],[100.04420779500015,13.497733254000025],[100.04429081900008,13.497697557000151],[100.04434917700013,13.49767918800012],[100.04445697100016,13.497655139000187],[100.04461647400012,13.497631440000077],[100.0446839080002,13.497627495000017],[100.0447266270001,13.49763104200008],[100.04478512800006,13.4976454990001],[100.04478658300008,13.497646208999981],[100.0448233580002,13.497666767999988],[100.04486031100015,13.497695009000097],[100.04488164100013,13.49772440200013],[100.04489948000008,13.497762115000171],[100.044922,13.497845121000125],[100.04493987400008,13.497892882000087],[100.04496515200003,13.49792927700014],[100.04499684000018,13.497956683000098],[100.045025296,13.497971212000152],[100.0450638600002,13.497980065999968],[100.04509200200005,13.497978120000028],[100.04511716000019,13.497972559000175],[100.04512751500005,13.497968049000178],[100.04516220900007,13.497945548000132],[100.04519756100018,13.497902598000167],[100.04521254500014,13.497876846000167],[100.04521739700004,13.497868505000099],[100.04525113100016,13.497795604000032],[100.04530156900006,13.497670003],[100.04532208400008,13.497625931000073],[100.0453318750001,13.497595094000133],[100.045334384,13.497562089000155],[100.0453292520001,13.497533513000064],[100.0453161550002,13.497507160000112],[100.04523989100011,13.497397518000128],[100.04522182100004,13.497371541000177],[100.04516644600017,13.497283408999976],[100.04513432100009,13.497224423000091],[100.04510986200012,13.497160012000165],[100.04510000800019,13.497107854000149],[100.04509764200014,13.497061467000094],[100.0450995130002,13.497039713000106],[100.04511460100002,13.496959536000134],[100.04512786100008,13.496929893000072],[100.04516403100007,13.496873546000074],[100.04523516400013,13.49683033000008],[100.04529432100014,13.496804620000091],[100.04536090800008,13.496788645000095],[100.04542336100019,13.496780103999981],[100.0454804470001,13.496776280000063],[100.04559963300005,13.496780630000046],[100.04568282500014,13.496790111000053],[100.0457272500002,13.496800212000096],[100.04578328700012,13.496816480000177],[100.04583672000018,13.496837915000071],[100.04589759900017,13.496870081000054],[100.04605654300019,13.49696451799997],[100.04618739400007,13.497030790000167],[100.0462436910002,13.497052946],[100.04625089900009,13.497055058],[100.04628420800009,13.497064828000134],[100.04630670199998,13.497069132000092],[100.04636066500012,13.497071520000134],[100.04640827200006,13.497064125000122],[100.0464370300001,13.49705465600016],[100.04647446200005,13.497035623000102],[100.04650422500009,13.497012403000156],[100.0465368360002,13.496965568000064],[100.0465579690001,13.496924884000066],[100.04657427300003,13.4968566820001],[100.04657718599998,13.496832521000158],[100.04658061200013,13.496804086000054],[100.04658004200007,13.496716584000069],[100.046570067,13.496584886],[100.04656945000005,13.496356488000117],[100.04657231600015,13.496324603000062],[100.04658222700016,13.496267712000076],[100.04661037700015,13.49618083100006],[100.04662690200018,13.496138505000147],[100.04666689700002,13.496051310000098],[100.04670291100018,13.495980227000189],[100.04670690000006,13.495974002000082],[100.04675771100011,13.495894717],[100.046848921,13.495777589999989],[100.04700007100007,13.495601339000075],[100.047093931,13.495495933000086],[100.0471140160002,13.495471278000082],[100.04716730500007,13.495395575000089],[100.04721364000005,13.495307621000109],[100.04724505500008,13.495237042000042],[100.04735053800005,13.494877539000072],[100.0473889650001,13.49476596400018],[100.04741978400006,13.49468717800005],[100.04744587900018,13.494636168000056],[100.047464134,13.494605464000188],[100.04749399399998,13.494555243000036],[100.04757308000018,13.49444257100015],[100.04766447000009,13.494325706000154],[100.04770069400007,13.494275776999984],[100.04774140500012,13.494211958000164],[100.04779422000013,13.494106406000128],[100.04782484000003,13.494027303000053],[100.0478603680001,13.493902610000134],[100.04787526600012,13.493859181000175],[100.047890381,13.493815120000022],[100.04793156300008,13.49371478200004],[100.0479719120001,13.49363033200018],[100.04797596700018,13.49362331900005],[100.04824169000005,13.493163813000024],[100.04837753300018,13.492962127000055],[100.04844006900004,13.492873856000074],[100.04845646100017,13.492850719000046],[100.0484879080002,13.492812823000122],[100.04856374100012,13.492721444000097],[100.04860157100006,13.492668099000014],[100.04863126400011,13.492616378000093],[100.04866169700006,13.49255272500011],[100.04868012900016,13.492505042000118],[100.04870075400004,13.492443010000159],[100.04872856500009,13.492339256000093],[100.04873099200006,13.492330198000047],[100.04874790700012,13.492284490000031],[100.04879833000012,13.492187035000029],[100.04887277600005,13.492065659000104],[100.04891020900004,13.492012192000061],[100.04911953300012,13.491735187000131],[100.04914395300017,13.491701694000085],[100.04923999800008,13.491569968000022],[100.04929700600013,13.491486781000162],[100.04954858500008,13.491099445000089],[100.04968566800017,13.49087861300012],[100.04978009600018,13.490732387000094],[100.04981891600016,13.490663542],[100.04984473000019,13.490604067000163],[100.0498706950001,13.490525513000023],[100.04987803600011,13.490487764000022],[100.04989084100015,13.490374609000185],[100.04989962200011,13.49033186700018],[100.04991729300002,13.49027129600006],[100.04994375600018,13.490201443000046],[100.0499888400002,13.490093998000134],[100.05003549900005,13.490014800000154],[100.05008401100014,13.489954868000154],[100.05011442400013,13.48992978300015],[100.05014735200018,13.489902618000087],[100.05039811000012,13.489740852000068],[100.05046481700003,13.489690962000168],[100.05054436100005,13.489625975000024],[100.0505875360002,13.489577365000116],[100.05063114700016,13.489500317000136],[100.05064707300005,13.489468307000152],[100.05067269700004,13.48941680400003],[100.05067808100011,13.489404887000035],[100.05070323900009,13.48934918600014],[100.05072600900019,13.48928670500004],[100.05075050800014,13.489219474000095],[100.05083431300005,13.488971591000052],[100.05085989300005,13.488902034000091],[100.05090056300003,13.488798662000079],[100.05093572600003,13.488719148000087],[100.05095768400008,13.488677375000066],[100.05098334000007,13.488633607000168],[100.05101940100013,13.488579881000021],[100.05117858500012,13.488360923000187],[100.0513540290001,13.488129978000188],[100.05174333500014,13.487626271000124],[100.05181321800018,13.487528733999966],[100.05188711900013,13.487399440000104],[100.05192670200012,13.48732188800011],[100.0520059550002,13.487149513000134],[100.05213421300016,13.486896338000065],[100.05217897700015,13.486815047000164],[100.05221148100014,13.486767145000101],[100.0522453210001,13.486717259000045],[100.05231217800002,13.486640050000176],[100.0524160830002,13.486555138000085],[100.05247675100009,13.486516857000026],[100.05256367900017,13.486455615000068],[100.05265663100005,13.486383102000048],[100.0527960600001,13.48626025100009],[100.052982687,13.486045406000187],[100.05309744300007,13.485886821000122],[100.05315896400015,13.48580179600009],[100.05326369400007,13.485714789999975],[100.0533211550001,13.485609962000012],[100.05334973400011,13.485530648],[100.05335585700016,13.485485001000086],[100.05335404300018,13.485419990000139],[100.05334211399997,13.48534577800018],[100.05327616100016,13.485179877000064],[100.05326731400004,13.485147149],[100.05326881300005,13.485102391000055],[100.05327278500005,13.485085431000073],[100.0532981880001,13.485041561000173],[100.05338695700004,13.48498173500019],[100.05371023300017,13.484816139000145],[100.05380325100003,13.484758227000157],[100.05404405500008,13.484586521000153],[100.05419295600007,13.484473950000165],[100.05429469300003,13.484328627000139],[100.05448627000015,13.484041982000122],[100.05459066100019,13.483868345000076],[100.05477707400007,13.483530526000095],[100.05481038000016,13.4834648530001],[100.0549900810002,13.4830708880001],[100.055011605,13.483028669000078],[100.05549469200014,13.482188729000029],[100.05552743200013,13.48213709900017],[100.05574650500006,13.481810846000087],[100.05596005200005,13.48150334100012],[100.05623708600007,13.481141734000175],[100.05652778700005,13.480735600000116],[100.05678590700012,13.480381093],[100.05696801000016,13.480136911000045],[100.05763219200003,13.479223649000176],[100.05780240299998,13.478979519000063],[100.05825901200006,13.478273098000102],[100.0583993150002,13.478050157000041],[100.05863517300014,13.477688721],[100.05875065500015,13.477531419000115],[100.05878727700014,13.477486796000107],[100.05886799200016,13.477406877000135],[100.05903791700007,13.477213850000055],[100.05909229600007,13.477141456000084],[100.05918087600008,13.477007817000128],[100.05938382300013,13.476672119000114],[100.0596057530002,13.476334148000092],[100.06000140100008,13.475761390000116],[100.0603296540001,13.475263813000083],[100.0606073260002,13.474871772000085],[100.06087787100012,13.474482101999968],[100.06137973400013,13.47374038099997],[100.06196453500013,13.472907020000036],[100.06223669800016,13.47249862199999],[100.06239815100014,13.472261544000105],[100.0626436660001,13.471909427000185],[100.06476486899999,13.46878232500012],[100.064798306,13.468733031999989],[100.06703932700009,13.465429198000038],[100.06723839100005,13.465117979000127],[100.06748832600005,13.46474359400014],[100.06779493300007,13.46432358200002],[100.06813076100013,13.463858059000131],[100.06857336100018,13.46320322400004],[100.06928561300015,13.462156354000115],[100.06946964600019,13.461894974000188],[100.0698743330002,13.461278366000158],[100.07006382100002,13.461011108000037],[100.07030858300004,13.46067480400012],[100.07055485700016,13.460310680000191],[100.07077228800011,13.460005240000157],[100.07104728400014,13.459626351000168],[100.07123302700018,13.459351784000091],[100.07151455200011,13.458953841000096],[100.07173757100014,13.458646908],[100.07177838400008,13.458585246000041],[100.07190776500005,13.458373877999975],[100.07201601100007,13.458209445000136],[100.0724777530001,13.457532563000086],[100.07289529000013,13.456896865999965],[100.07292636,13.456854278000037],[100.07328743300013,13.456400354000095],[100.07331906600018,13.456349530000182],[100.07332757400019,13.45631644800011],[100.07333014500011,13.45629315400015],[100.07332893400013,13.456259946000046],[100.073318127,13.45621429],[100.07329645900018,13.456148501000143],[100.07327295800008,13.456098600000189],[100.0732513800001,13.45604261],[100.0732465600002,13.455969355000093],[100.07324696300014,13.455961225000124],[100.07325410500005,13.455902559000037],[100.07326162500016,13.455885174000116],[100.07326409500018,13.455872550000151],[100.07326818700017,13.455863127000157],[100.0732878880001,13.455807414000105],[100.07329660400012,13.455801580000127],[100.07345168200015,13.455722984000033],[100.0735051810002,13.455661384999985],[100.07352095700008,13.455639534000056],[100.07355636400007,13.455562061000137],[100.07357096500016,13.455523249000123],[100.07362333800012,13.45529651400011],[100.0738108720002,13.454600307000135],[100.07391878200008,13.45423676900009],[100.07394549300005,13.454153205000068],[100.07403592600014,13.453911254000047],[100.07409058400009,13.453745591000086],[100.07411006700016,13.453666453000153],[100.07423400700014,13.453106664000074],[100.07434156400006,13.452653827],[100.07439976400008,13.45246178800005],[100.07456676900011,13.451885719000074],[100.0747245510002,13.451319932000047],[100.07478106800016,13.451100090000182],[100.0748348570001,13.450861220000093],[100.07487669900019,13.450688292],[100.07493195600006,13.45050212600006],[100.07501550800004,13.450249956000164],[100.07505228800005,13.450131215],[100.0750831900001,13.45002128200008],[100.07516886100018,13.449684193000166],[100.07525742500007,13.449401259000183],[100.07533290999999,13.449150588000123],[100.07544436800015,13.448751900000047],[100.07551335,13.44846319100003],[100.07568861300001,13.447778750000168],[100.07575981800017,13.447459285000093],[100.07579170400015,13.44730542800005],[100.07580630600012,13.447261445000095],[100.07592615200008,13.446954955000137],[100.07597093900011,13.44684788700016],[100.0759892010002,13.446795108000117],[100.07608098800006,13.446453595000037],[100.07621572000005,13.445908407000047],[100.07629004900008,13.44562113800015],[100.07643204900006,13.445122767000043],[100.07667121800006,13.44424919100004],[100.07687251900012,13.443538280000098],[100.07699565200011,13.443059022000057],[100.07727884000008,13.441886591000127],[100.07749656000016,13.441020425999966],[100.07757378900004,13.44072875400019],[100.07782373200001,13.439871235],[100.07808306200019,13.438881909000031],[100.078099441,13.438819823000074],[100.07816708000018,13.438572646000125],[100.07825601400009,13.438272145000042],[100.07836333800009,13.437847121000061],[100.07841758900008,13.437662419000048],[100.07847126600012,13.437482117000059],[100.0784764170001,13.437458671000059],[100.07849582000006,13.437350248000087],[100.07850590200019,13.437215516000094],[100.07850060400011,13.437082310000108],[100.07848852700005,13.436969639000097],[100.07846800600004,13.436843817000181],[100.0784302470002,13.43656874300018],[100.07841248100016,13.436388747000024],[100.07835846500012,13.43563208],[100.07827214500008,13.43483309700008],[100.07815346600012,13.433552588999987],[100.07810271600005,13.433049186000176],[100.07802622700018,13.432067155000027],[100.07797490000013,13.431490545000088],[100.07795094400007,13.431273976],[100.07787171400008,13.429770773000087],[100.07784650400015,13.429595741000185],[100.07782189100016,13.42945914600017],[100.07776502000013,13.429192941000053],[100.07773709500009,13.429048118000082],[100.0777259520001,13.42894074600008],[100.07773917600014,13.428832898],[100.0777465050001,13.428802308000172],[100.07777376900009,13.428712702000041],[100.07779704800015,13.42864398],[100.0778908010002,13.428415190000123],[100.07797121900006,13.428177493000078],[100.07801319300017,13.428006019000065],[100.0781238990001,13.42757951700014],[100.07823597300012,13.42711348000006],[100.07837527300012,13.426628840000092],[100.078406529,13.426528610000162],[100.0785054170002,13.426263192000022],[100.07867510400013,13.425788678],[100.0787236760001,13.425607298000102],[100.0787822320001,13.425330343000041],[100.07874667300013,13.42532718000001],[100.07874540699999,13.425315753000064],[100.07874366600015,13.425300055000037],[100.07872237000015,13.425241165000102],[100.07868658300009,13.425152385000047],[100.07863552400005,13.425068360000125],[100.0785642040002,13.424962094000023],[100.07842745700015,13.424840410000058],[100.07828744200003,13.424763092000092],[100.07802018400014,13.424639878],[100.07792971700019,13.424603865000165],[100.0778966370001,13.424601695000149],[100.077872974,13.42461024500011],[100.07785796600001,13.424627171000111],[100.07783874600005,13.424663110000154],[100.07782382400006,13.424699018000126],[100.07780025500011,13.424728635000179],[100.07777232200004,13.424743532000036],[100.07774432900015,13.42474787000009],[100.07771628900014,13.424741662000088],[100.07753288800012,13.424677060000079],[100.07747676100018,13.424654111000052],[100.07744866000007,13.424631030000171],[100.07742047600004,13.424595294000028],[100.07740088100013,13.424546878000115],[100.07734220900005,13.424433243000067],[100.07732693900005,13.424391136000054],[100.07730526800015,13.424363810000102],[100.07727030700016,13.424341476],[100.07638480300011,13.423989090000191],[100.07589723800015,13.423794533000148],[100.07493635300017,13.423440391000156],[100.07425518800017,13.423182255000086],[100.07368781800011,13.422937148000187],[100.07328059600019,13.422755796000104],[100.07320729300005,13.422749338000074],[100.07314032200014,13.422756394000146],[100.07306649400005,13.422808933000113],[100.07306160900009,13.422819083000093],[100.0730597660002,13.42285424000005],[100.07305991300012,13.42288743100005],[100.0730680470001,13.422920588000068],[100.07308414700003,13.422957627000187],[100.07309032000006,13.422996654000144],[100.0730904150002,13.423018124000123],[100.07308255000015,13.423039642000106],[100.07306523500006,13.423065157],[100.07303227500017,13.423113729000136],[100.07294009100019,13.423106278000148],[100.0729303780002,13.423080592000133],[100.07291837700018,13.4230511130001],[100.07290690600018,13.423018905000106],[100.07289491100016,13.423011150999969],[100.07288315700009,13.423008523000135],[100.07287096900012,13.423009294999986],[100.07285194600007,13.423017093000112],[100.07283316900003,13.423030939],[100.07280931800011,13.42305251200014],[100.07278149300004,13.42307411500002],[100.07275368000012,13.423101564000092],[100.07272184700008,13.423121226000148],[100.07268994800017,13.423123320000116],[100.0726599410001,13.423103921],[100.07263784700001,13.423070823000103],[100.07260173500009,13.423022162000109],[100.07258560300016,13.42298317899997],[100.07256951300008,13.422953958000164],[100.07254943499998,13.422924753000132],[100.07250733300009,13.422878062000052],[100.07245729200008,13.42283922200005],[100.0724164500001,13.422808084000167],[100.0724012600001,13.422796505000179],[100.07233344100007,13.422748939000144],[100.07162563700012,13.422488243999965],[100.07153345500012,13.422454952000066],[100.0714408390001,13.422421507000024],[100.07062655400017,13.422127464000141],[100.06943425300017,13.421626400000093],[100.06914917800015,13.421506597000189],[100.06891220600005,13.421380366000164],[100.0688286620001,13.421359855000162],[100.06877894700011,13.421356605000028],[100.06875366100019,13.421356712000147],[100.0687505250001,13.42135672600017],[100.06871154600015,13.421374257000082],[100.06868151400016,13.421407412000065],[100.06864267600014,13.421459715000026],[100.06860563400011,13.421515494000118],[100.06857034300009,13.421564320000073],[100.06854994700018,13.421585246000063],[100.06848183000017,13.421686664999982],[100.06843805000011,13.421750292000013],[100.06838388400007,13.421813962000158],[100.06832704600015,13.421857348000174],[100.06829087600016,13.42188541400003],[100.06824427500015,13.42190083100013],[100.06818466400006,13.421903621000183],[100.06808610200011,13.421888820000106],[100.0679667460002,13.421863938],[100.0676966920002,13.421763587000157],[100.06757456400004,13.421698123000056],[100.0674627410001,13.421619924000083],[100.06738218400011,13.421574594000049],[100.0673302530002,13.421554505000074],[100.06729394900003,13.421552121000047],[100.06725508400007,13.421557363000147],[100.06721372800001,13.42158293600005],[100.06717765500014,13.421636363000118],[100.06710751600014,13.421601131000045],[100.06709689600012,13.421545363],[100.06709411300017,13.421502218000114],[100.06709391100014,13.421456548000037],[100.06710140800016,13.421395602000189],[100.0671192600002,13.421327007000059],[100.0671628410002,13.421215172000132],[100.06717815300004,13.421161821000112],[100.06718062400012,13.421131359000071],[100.06716747900003,13.42109079700009],[100.06713510600008,13.421049847000063],[100.06709693200014,13.42101561700008],[100.06703081300009,13.420941354000036],[100.067027891,13.420934129000102],[100.06698426000008,13.420885523000152],[100.06685348800005,13.420773466000014],[100.0668023250002,13.420675976000155],[100.06676467900007,13.420580083000118],[100.06673049200003,13.420499091000124],[100.06668537500013,13.42044723400005],[100.06664459300009,13.42042767800018],[100.06651864500014,13.420390889000089],[100.0665114320002,13.420387786000106],[100.06645691400013,13.420375071000024],[100.06642396900014,13.42036804900016],[100.06640933900019,13.42036811100013],[100.06638559200007,13.420375373000013],[100.06637281899998,13.42038436900009],[100.06635647400014,13.42041130299998],[100.06634562600016,13.420438199999978],[100.06634213600006,13.420477609000159],[100.06633131800004,13.420511667000142],[100.0663076830001,13.420544024000037],[100.06627479600013,13.420565129000124],[100.06620967800012,13.420585600000095],[100.06618531900011,13.420585703000029],[100.06611558500003,13.420534076000138],[100.06613547100011,13.420482069000172],[100.06622797300008,13.420304426000143],[100.06623876900011,13.420263194000086],[100.0662386670001,13.420239917],[100.06623833100008,13.420239364000054],[100.06623803000014,13.420238872000027],[100.06623829500006,13.420237506000092],[100.06623345100019,13.420212708000179],[100.06621433000015,13.420189525000126],[100.06619046200012,13.420169456000167],[100.0661666200001,13.420149386000105],[100.06612376300018,13.420135597000069],[100.06608569800017,13.420126463000031],[100.06604606300016,13.420123537000165],[100.06600012400014,13.42012528400005],[100.0659895450001,13.420128915000078],[100.06595898900002,13.420139401000029],[100.06595365200008,13.420140663000154],[100.06592579100015,13.420159726000065],[100.06589576400006,13.420176915000127],[100.06585462300012,13.420192587000031],[100.0658197410001,13.420188085000177],[100.06578801900014,13.4201804650001],[100.06575630400005,13.420174397000096],[100.06571192100006,13.420171479000032],[100.06568026700006,13.42017936600007],[100.0656201560002,13.420205992000149],[100.06558199600005,13.42017513400009],[100.06558344000013,13.420145649000062],[100.0655754550001,13.420131726000022],[100.0655611040001,13.420110063000095],[100.06554516500012,13.420088420000184],[100.06552920400009,13.420065210000018],[100.06552122600016,13.420049747000121],[100.0655195720002,13.420034231000045],[100.06552737000015,13.420006272000137],[100.06554467900003,13.419978288000152],[100.06557448500001,13.419944135000037],[100.06558408900014,13.41993313100005],[100.0656172050002,13.419894204000116],[100.06562502600002,13.41987401300014],[100.06562493700011,13.419853843000055],[100.06562646900005,13.419841423000094],[100.06562006600018,13.419825952000167],[100.0656020080001,13.419800641999984],[100.06560050300004,13.419799183000123],[100.06534762900009,13.419649977000063],[100.0652650310002,13.419638998000153],[100.0652211760002,13.419644840999979],[100.065139574,13.419731070000125],[100.06512913300014,13.419745877000025],[100.06485103500006,13.420140268000011],[100.06480932600005,13.420173611000052],[100.06468412200019,13.420320067999967],[100.06460046100011,13.420393348],[100.06454358700017,13.420433917000082],[100.0645167350001,13.42045109300011],[100.06449457000014,13.420457388000159],[100.06446763700012,13.42045905600014],[100.06442327300016,13.4204607960001],[100.06440424900018,13.420459323000046],[100.06438202800007,13.420450109000171],[100.06436930400008,13.420440866000035],[100.06434701600017,13.420416129000046],[100.0643389780002,13.420389791000161],[100.06433563400009,13.420351020000055],[100.06434170800009,13.420292047999965],[100.064337771,13.420238626000184],[100.06431036200013,13.420144029000085],[100.06430553500019,13.420132025000157],[100.06427899200003,13.420014260000073],[100.06426329700008,13.419863598000063],[100.06426025700017,13.41976816500005],[100.06423856200007,13.41970244100014],[100.06420463800009,13.419651596000108],[100.06418000400004,13.419621715],[100.06412156500005,13.419573968000066],[100.06402030700002,13.419538399999965],[100.06306881000012,13.41916149800005],[100.06255920500013,13.418938704000084],[100.0618930930001,13.418656560000045],[100.0612823370002,13.418425195000168],[100.06090794400018,13.418291791000115],[100.06083113300014,13.418244120000168],[100.06079112000009,13.418199325000103],[100.06077677600018,13.418161709],[100.06075479700002,13.418128231000082],[100.06067403300011,13.4180498340001],[100.06052674500017,13.41794518100005],[100.06050623100009,13.417933345000108],[100.06020113000017,13.417733466000016],[100.05957299200003,13.417306919000168],[100.05933880100014,13.417168003000029],[100.05912229300014,13.417039575000103],[100.05888569500013,13.416887605000113],[100.058852345,13.416861714],[100.05880907300019,13.416812006000157],[100.05879332000018,13.416783010000074],[100.058747101,13.416723224000123],[100.05870700900005,13.416663399000015],[100.05866077600007,13.416603613000063],[100.05860243,13.416570867000189],[100.05849808900018,13.416532303000054],[100.0584166320001,13.416519168000093],[100.05835740700007,13.416509616000042],[100.05829614700019,13.416494830000033],[100.0581440200001,13.41645717400013],[100.05798844200001,13.41642866899997],[100.0579268150002,13.416417378],[100.05779214000012,13.416372727000123],[100.05768622000005,13.416321185000129],[100.0574749270001,13.416172908000021],[100.05700400000012,13.415796293000085],[100.05592793500017,13.414985937000154],[100.05551040500006,13.414678068000171],[100.05546349600019,13.414643216000115],[100.05543384400005,13.414592503000108],[100.05541038600006,13.414512362000153],[100.05539228900005,13.414466071000106],[100.0553882210001,13.414459488000034],[100.05537487800012,13.414437891000091],[100.05489200300008,13.413974299000131],[100.05452168900018,13.413637926000092],[100.05437434800012,13.413472416000047],[100.05429796000004,13.41342642100011],[100.05411549700011,13.413278008000134],[100.05404465300012,13.413186760000087],[100.05396899800019,13.413113291000116],[100.05374881000006,13.412982982000074],[100.05367498100009,13.412917298000139],[100.05365015299998,13.412845422000089],[100.05362833100014,13.41276152200004],[100.05353469400012,13.412363014000107],[100.05347905500003,13.412249271],[100.0531277,13.411770828000158],[100.05298613400004,13.41163046700018],[100.05284152300004,13.411493096000072],[100.05263548600016,13.411319988000173],[100.05233745700008,13.411126271],[100.05223616300009,13.411084711000115],[100.05214414700009,13.411061098000062],[100.05203684100007,13.411046527000167],[100.05193571800015,13.41104096200013],[100.0518652350001,13.411041255999976],[100.05177645800012,13.411056643000109],[100.05172150000004,13.411098856000137],[100.05168793100017,13.411128979000068],[100.0516482720002,13.411171140000079],[100.05157188300018,13.411219453000115],[100.05148626900018,13.411258799000166],[100.05140969700005,13.41126511900012],[100.05132383400019,13.411247478000178],[100.05120104600013,13.411193995000133],[100.05111187900013,13.411122387000034],[100.0510472250001,13.411050652000085],[100.05101932700012,13.410975808000103],[100.05100683700016,13.410921865000148],[100.0510065630001,13.410858880000035],[100.05104300700009,13.410783755000125],[100.05106723300014,13.410717661000149],[100.0510578640002,13.410678711000116],[100.05104230300003,13.410621788000128],[100.05096826700014,13.41050812100002],[100.05092516000002,13.410457312000176],[100.05087286700007,13.410415535000027],[100.0508177120002,13.410409765000054],[100.05071355700005,13.410410198000022],[100.05064935900003,13.410446463000085],[100.0505576810001,13.410500826000032],[100.05046590000006,13.410534198000164],[100.05037406600007,13.410552578000079],[100.0502698320002,13.410538020000104],[100.05018381400015,13.410484397],[100.05011611600008,13.410418685000081],[100.05006370600017,13.410340924000138],[100.0500327260001,13.410263074999989],[100.04997114300005,13.410194331000184],[100.04987272500011,13.410107769000149],[100.049779,13.410021965000112],[100.04960202300009,13.40985994200014],[100.04947293900005,13.409767507000026],[100.04935620100014,13.409696],[100.04912599300013,13.40959798700004],[100.0490248050001,13.409577405000107],[100.0489542570001,13.409562705000155],[100.04882868400011,13.40957221900004],[100.04868169700012,13.409590828000091],[100.04850635600008,13.409429587000147],[100.04860692100016,13.409303208999972],[100.04864635900003,13.409210061000124],[100.04865528400018,13.409150042000022],[100.04865813300012,13.40910203600015],[100.04865801400001,13.409074439000051],[100.0486460150002,13.409029803000124],[100.0486451050001,13.409028152000076],[100.0486200200001,13.408982573000117],[100.04860128000013,13.408948524000039],[100.04856785400005,13.40891956300004],[100.04842383500011,13.408858033000115],[100.04837584400013,13.408832240000038],[100.04829596900004,13.408796373000143],[100.04818971399999,13.408770834000109],[100.0479876930001,13.4087761830001],[100.04784390300011,13.40877678000004],[100.04773763000009,13.408746718000032],[100.04766278700004,13.408663404000094],[100.04766271900019,13.408662786000036],[100.04764582400014,13.408646374000114],[100.04761190700009,13.408596057000125],[100.0476015980002,13.408506816999989],[100.0476209570001,13.408398053000042],[100.0476464410001,13.408330021000097],[100.047640156,13.408252411000092],[100.04762795900018,13.40818259000008],[100.04760169400004,13.408070126000041],[100.04753506700013,13.40779286500009],[100.04751489000012,13.407709502000046],[100.04750846300004,13.407598887],[100.04751117799998,13.407311639000056],[100.04753375100017,13.407030120000115],[100.04759186600012,13.406804933000046],[100.04759417200012,13.406792433000078],[100.04759392300019,13.406734864000043],[100.04758367400012,13.406653393000113],[100.04755953500018,13.406575854000039],[100.0475014320001,13.406434409000099],[100.04744525700016,13.406285202000106],[100.04743646600002,13.40626614100006],[100.04737723400012,13.406137988000012],[100.04712778200008,13.405766381000092],[100.04691057400004,13.405505266999967],[100.04689651500001,13.40546455499998],[100.04689036600013,13.405418014000134],[100.04687613700014,13.405334611000058],[100.0468619090002,13.405255099000044],[100.04682378400014,13.40515045300009],[100.04678174800006,13.405057467000063],[100.04671994100016,13.404978139999969],[100.04660034300002,13.404823372000124],[100.04641489400007,13.404581538],[100.04625712500007,13.4043143560001],[100.04605954200014,13.404008525000108],[100.04595978600008,13.403865307],[100.04582611400019,13.403671760000066],[100.04579620000004,13.403645802000028],[100.04577627200018,13.403635073000146],[100.04573469700017,13.403621694000037],[100.04569106800005,13.403619929000115],[100.04564749600019,13.403627877000076],[100.04558615900015,13.403657244000101],[100.04556237700012,13.403659287000039],[100.04554799200008,13.403653322000139],[100.04553821400003,13.40364476200017],[100.04553276299998,13.403637432999972],[100.04553097700006,13.403627185],[100.04553125400014,13.403622283000175],[100.04554420700003,13.40358366900017],[100.04557085900012,13.40352333800007],[100.0456851630002,13.403393809000079],[100.04569140100017,13.403380370000093],[100.04569188200009,13.40336024800007],[100.04569123900012,13.403342921000103],[100.04568430800003,13.40332730199998],[100.04566790900014,13.40331213800016],[100.0456475630001,13.40330029800009],[100.04555950500009,13.40327814300008],[100.04552559500013,13.40326238200015],[100.0454931020002,13.403239934000055],[100.04528852100003,13.403030955000077],[100.04515064700018,13.402852543000051],[100.04502178500019,13.402661463000072],[100.04485658200008,13.402398958000106],[100.04471153200018,13.40212125000005],[100.04444380700016,13.401606324000056],[100.04415210000008,13.400998727000172],[100.04394379000007,13.400522316000092],[100.04382839800013,13.400264922000076],[100.04380233600011,13.400183716000129],[100.04376843900002,13.400119959999984],[100.04373462600017,13.400075578000042],[100.04368704200016,13.400044792000187],[100.04362760200019,13.400019866000093],[100.04356419499999,13.39999109100006],[100.04353644200012,13.399975721000033],[100.04351788100007,13.399961715000131],[100.04349523000008,13.399926721999975],[100.04347916200015,13.399838389000081],[100.04347775000008,13.399831043000177],[100.04341718200004,13.399607814000092],[100.04334122600011,13.399387857000079],[100.04325604000019,13.399200055],[100.04312369600007,13.398948199000131],[100.04301508400016,13.398760496000136],[100.04280897800015,13.39852276],[100.04272365600019,13.398302828000112],[100.04265155400009,13.398069973000133],[100.04262680000016,13.39799002300009],[100.04260894800012,13.397928146000027],[100.04259116900016,13.397880034000138],[100.0425381340001,13.39781140600013],[100.04247815700006,13.397766918000173],[100.04224680700008,13.397643377000179],[100.04206237300008,13.397544914000093],[100.0419530280002,13.397462764000068],[100.04187878099998,13.397366700000077],[100.0418360600001,13.397242961000075],[100.041828496,13.397119102000033],[100.041852178,13.396902168000054],[100.04188583100006,13.396718674000113],[100.04188797700004,13.396706971000128],[100.04188893700012,13.39668992900016],[100.0419069850002,13.3965307630001],[100.04191646900011,13.396438208],[100.04192546800004,13.396365243000105],[100.04192132100013,13.396318806000068],[100.041855515,13.396166555000036],[100.04177277500014,13.395979855],[100.04171602100001,13.395859621],[100.04167706300018,13.395794396000042],[100.04153201700007,13.395585040000128],[100.04144003700014,13.395451185000127],[100.0413022580002,13.395296880999979],[100.04115397000015,13.39514949100004],[100.04107289900014,13.395098191999978],[100.04100597800016,13.395070934000046],[100.0407710090002,13.394990184000108],[100.04064543700008,13.394961652000063],[100.04052554500015,13.394934411],[100.04030428900012,13.394898289000082],[100.04024893100018,13.394898541999964],[100.03992633100012,13.394615083000076],[100.03998252700012,13.394518521000066],[100.04002374800007,13.394446712000104],[100.04005306600004,13.394367210999974],[100.04007058200006,13.394303268000101],[100.04007430200016,13.394247098000108],[100.04006165600003,13.394201352000039],[100.04003902300019,13.394140354000115],[100.04001024900015,13.394067317000065],[100.03999419500002,13.394015106000097],[100.03999198800011,13.393960894000031],[100.03999968500011,13.393908598000166],[100.04001925800009,13.393863996],[100.04004511800008,13.39383250300017],[100.04020702300005,13.393717447000029],[100.0402420850001,13.393692531000113],[100.04025426200013,13.39367725],[100.04025733400005,13.393662269000117],[100.04025507000006,13.393646138000122],[100.04025073800005,13.393634788000043],[100.04023570100014,13.393599725000058],[100.04021467100017,13.393557336000015],[100.04016136300004,13.393461566000099],[100.04015609700014,13.393449626000177],[100.04000560200018,13.393108521000102],[100.04000443700016,13.393098713000029],[100.04000630400009,13.393088916000181],[100.04003244000012,13.39305511200007],[100.04003514600015,13.393045464000124],[100.04003557400017,13.393037188000164],[100.04003359300009,13.39302938000003],[100.03987691700013,13.392688755000052],[100.03970731100009,13.39229315100016],[100.03945288800008,13.391589467000188],[100.03945126600013,13.391557531000046],[100.0394585730001,13.391531370999985],[100.03947093900007,13.391512096000099],[100.03948512700003,13.391499306000128],[100.03951764700003,13.391471587000012],[100.03957532600009,13.391432133000137],[100.03975056600007,13.391331920000141],[100.03975434000017,13.391329760000133],[100.03977206100012,13.39131372300011],[100.03978677200018,13.391284627],[100.039787939,13.391210557000136],[100.03978616800015,13.391143775000103],[100.0397996150001,13.39081138000006],[100.0397929830001,13.390648779000173],[100.03978263000005,13.39054233600018],[100.03976438500001,13.390435926000066],[100.03973829500018,13.390345044000185],[100.03973014100006,13.390290869000069],[100.03972799200011,13.390250208000168],[100.03973375200007,13.390209540000171],[100.03975529600007,13.390161052000053],[100.03984180700002,13.389995202000023],[100.03985737800019,13.389935119000086],[100.03986687000008,13.389844078000124],[100.0398438590002,13.389091055000051],[100.039829656,13.389004003000139],[100.03980480400008,13.388948809],[100.0397718590001,13.388901619000023],[100.03973688000013,13.38885538400001],[100.03971486700004,13.388797388],[100.03969194800015,13.388687271000038],[100.03968110800014,13.38861762300013],[100.03968635200005,13.388534985000092],[100.03970382700015,13.388461355],[100.0397192160001,13.388358671000049],[100.03970708100007,13.388296782000168],[100.03968894100018,13.388215543000115],[100.03966091700016,13.388136276000012],[100.03963503100016,13.38809572700012],[100.03958141700019,13.388041738000027],[100.03952379500004,13.387980023000182],[100.03947608400006,13.387922133000188],[100.03941038300007,13.387817862000134],[100.03933048800008,13.387634268000056],[100.03927076500003,13.387539636000042],[100.03925870500012,13.387495162999983],[100.03925666000004,13.387451534000036],[100.03927201500017,13.387371205000079],[100.03927382400019,13.387332474000118],[100.03926580700016,13.387307335000116],[100.03924966300008,13.387288051000098],[100.03922144400013,13.387278],[100.03917991800006,13.387281075000033],[100.03912731800017,13.387292419000119],[100.03908186900003,13.387298415999965],[100.03901657900013,13.387292875000128],[100.03896509600008,13.38727566800003],[100.0389386720002,13.387265631000048],[100.03885417600014,13.387233535],[100.03853899800015,13.387086766000039],[100.03851021800011,13.387066082000104],[100.0384718910002,13.387014948000171],[100.03845423200005,13.386976410000159],[100.03841476600019,13.386867296],[100.03837557300005,13.386747001000117],[100.03833654300018,13.386664547],[100.03829450100011,13.386622775000149],[100.0382342370001,13.386582364000049],[100.03816372300008,13.386534470000186],[100.03815965300015,13.386530065999978],[100.03813194200006,13.38650019500011],[100.03791396400015,13.385956422000163],[100.03803021500005,13.385887589000049],[100.03817154200016,13.385785387000112],[100.038262588,13.385702410000079],[100.03834660300015,13.385619463000069],[100.03843411100007,13.385529605000102],[100.03849356600011,13.385453541],[100.03850908200019,13.385410573],[100.0385168270002,13.38536923900017],[100.03850866100004,13.385312487000078],[100.03847931800004,13.385232583],[100.03842873899998,13.38511921800017],[100.03833395300018,13.384888992000128],[100.03830901400016,13.384813376000068],[100.03829823700005,13.384754904000033],[100.03829800100004,13.384699836000095],[100.03831520400013,13.384617163000087],[100.03834997400014,13.38452752400002],[100.03840996900004,13.384430061000046],[100.03846529300017,13.384365280000111],[100.03852866400018,13.38430993500009],[100.03855635399998,13.384285752000096],[100.0385779450001,13.38424867000009],[100.0385911510001,13.384199572000114],[100.03859363700013,13.384132355000133],[100.03859151500018,13.383989238000083],[100.03861739500019,13.383465972000124],[100.03861161100002,13.383209008],[100.03860042300016,13.38278684800008],[100.03856691600015,13.382129958000064],[100.03856137500014,13.382068030000141],[100.03855360500006,13.382003825000027],[100.03854425200007,13.381925568000042],[100.03851741900007,13.381817260000162],[100.03847751300015,13.38173482100018],[100.03842179100013,13.381652449000114],[100.03835058900012,13.381546040000103],[100.0383121440002,13.381480639000074],[100.03828044100015,13.38142670700006],[100.03819476500018,13.381278224000141],[100.0381343200001,13.381120150000015],[100.03790120200017,13.380296286000089],[100.03712932600007,13.378102817000013],[100.03686715100014,13.377607660000024],[100.03650283200011,13.376810641000077],[100.03601275400001,13.375745376000111],[100.03587613700017,13.37544841600004],[100.03532350300014,13.374042273000157],[100.03474855700017,13.372862997000084],[100.03470440400014,13.372761227000012],[100.03469035200004,13.372723923000137],[100.03468796700014,13.372627588000057],[100.03467980400006,13.372570836000023],[100.03465316400019,13.372503841000025],[100.03461078300012,13.372457547000124],[100.034584822,13.37244404900008],[100.03453680600012,13.372419124000032],[100.034489227,13.372390938000024],[100.03446273800006,13.372362629000065],[100.0344175580002,13.372280211000032],[100.03414129300018,13.371793456000148],[100.03390767400015,13.371414947],[100.0336822480001,13.371106109000038],[100.03351535900009,13.370920936000061],[100.03277802600007,13.370210878000137],[100.03254643200012,13.369987848000164],[100.03234281500005,13.36974086000015],[100.0322722470001,13.369679196],[100.03219821900018,13.36963131300007],[100.03209959000009,13.36958696500011],[100.03196946300005,13.36957028200004],[100.03190962700012,13.369553323000162],[100.03178987600006,13.369498743000122],[100.03139248100013,13.36926450400017],[100.031238949,13.369174002000136],[100.03063798500006,13.368885801000033],[100.03053675300004,13.36882923900015],[100.03044581600005,13.368764045000034],[100.02922927800012,13.367774469999972],[100.02915289900011,13.367713852000122],[100.02912014000015,13.36768785400011],[100.02878866200007,13.367424835000122],[100.02758222900013,13.366034235000143],[100.0265681320002,13.364795840000113],[100.02581282200003,13.363957353999979],[100.02565266900018,13.363751876000038],[100.02563182200015,13.36373307800011],[100.02561397800008,13.363720091000175],[100.02558874800013,13.363714395000045],[100.02554876500011,13.363724712000078],[100.02550285700005,13.363743780999982],[100.02548360400016,13.363748204000103],[100.02545394900011,13.363751241000102],[100.02543020200017,13.363745515000119],[100.025407895,13.363732545000119],[100.02517997500019,13.363550026000041],[100.02501333300006,13.363417122000044],[100.02465397600008,13.363072010999986],[100.02460752100006,13.363024987000017],[100.02438198400012,13.362765045],[100.02437416100008,13.362757448000025],[100.02436635200007,13.362753135000105],[100.02435412200015,13.362753185000088],[100.024342999,13.362755402],[100.02433412699997,13.362761969000132],[100.0243130400001,13.362771855000062],[100.02428302800013,13.36277633400016],[100.02424854800012,13.362773201000152],[100.02419622600002,13.362763612000151],[100.02415942600004,13.362739801000032],[100.02399979700004,13.362590890999968],[100.02393835800018,13.362554360000104],[100.02384721200013,13.362512126000127],[100.02378187000005,13.362489163000077],[100.02372819300012,13.362479693000012],[100.02369406400004,13.362474033000069],[100.0236451470002,13.362480028000164],[100.02358589300007,13.362493341000118],[100.02352962200013,13.362510999000108],[100.02351183300016,13.362513975000013],[100.02349104500007,13.362512607000099],[100.02347621400014,13.362506856000039],[100.02346429600004,13.362495297000066],[100.02341069800008,13.362446130000023],[100.02335271200008,13.362408624000125],[100.02331943900003,13.362395307000156],[100.02326654,13.362374112000111],[100.02314029100017,13.36232526300006],[100.02311966000013,13.362317693000136],[100.02310876700005,13.36231038600016],[100.02310205700019,13.36230062500016],[100.0230969910001,13.362285943000188],[100.02309408800016,13.36226736400016],[100.02309690700014,13.36223540900005],[100.02319511900009,13.361821545000112],[100.02319515700009,13.361821317000079],[100.02319728000015,13.361807377],[100.02319499100008,13.361791043000096],[100.02318492300014,13.361780197000087],[100.02316042100006,13.361769408000157],[100.02228714400019,13.361565645999974],[100.02226815600005,13.361562830000082],[100.02225369700017,13.361562888000094],[100.02224370000016,13.36156618800004],[100.02223706500001,13.361573855000017],[100.02222823800008,13.361591309000062],[100.022113478,13.361939524000036],[100.02210018900007,13.361954103000073],[100.02207945100014,13.361961448000045],[100.02204980300019,13.361963021000065],[100.02201122900016,13.361958819000108],[100.02186093800009,13.361900935000108],[100.02174212900013,13.361860113000091],[100.02167089600016,13.361847492000038],[100.02160760300018,13.361842582000179],[100.02155488300008,13.361845384000048],[100.0215049040001,13.361871390000033],[100.02087969400009,13.362135979000186],[100.02067038400014,13.362224553000033],[100.02053679700003,13.362282800000173],[100.0203551960002,13.362355801999968],[100.02000660700003,13.362508380000179],[100.0195803950001,13.362714027000038],[100.01943824199998,13.362766233000116],[100.01905336600015,13.362857483000028],[100.01901861400012,13.36286326800007],[100.01898743700008,13.362857584000096],[100.01895921600016,13.362846079000121],[100.01894131699999,13.362822908999988],[100.01892576800003,13.362788011000134],[100.01892050700008,13.362767029000167],[100.01890851900015,13.362738039000078],[100.01889260600018,13.362714863000122],[100.0188707650002,13.362695589000111],[100.01883907500007,13.362678299000095],[100.0188146700001,13.362678398000014],[100.01877615500018,13.362691448000078],[100.01860435000009,13.362790883],[100.01844644,13.362856918999967],[100.01830953400002,13.362902218999977],[100.01809884500011,13.36295468700007],[100.01767641600009,13.363045353000132],[100.01732553400018,13.363117549000037],[100.01731816800009,13.363119064999978],[100.01706534400012,13.363182034000147],[100.0167780330001,13.363265790000128],[100.01629141800004,13.36346508000014],[100.0159170290001,13.363599669000166],[100.01557822800004,13.363746114000094],[100.01554683100017,13.363765647000037],[100.01533592100014,13.363896857000043],[100.01509653700003,13.36409644300005],[100.01503010300007,13.364179313000136],[100.01498477400014,13.36426898000019],[100.01493956100018,13.364386195],[100.01491890300008,13.364489532000164],[100.01491223200014,13.36457559600018],[100.01491625700004,13.364692613000159],[100.01493431600005,13.364812996000069],[100.01460827000005,13.365024271000095],[100.01428157700013,13.364932646000057],[100.01420736400007,13.364923129000033],[100.01410806000007,13.364910392000127],[100.0138114520002,13.36489372],[100.01380333800006,13.364893261000077],[100.01364404700013,13.364907666000079],[100.01335241700014,13.36494309900013],[100.01301642500005,13.365015730000152],[100.01226741400018,13.365234416000135],[100.011785,13.36535106700012],[100.01171648300016,13.365361659000087],[100.01162949800016,13.365364597000166],[100.01156620600005,13.365359696000041],[100.01150548900011,13.36534186400013],[100.01137887400017,13.365266550000115],[100.01134171700005,13.365246377000176],[100.01129122600003,13.365230602000167],[100.01125413500006,13.365226404],[100.01078007800004,13.36528394700008],[100.01073661700008,13.365295741000125],[100.01070310600005,13.365321047000123],[100.01058518500014,13.36549382100003],[100.01055370500006,13.365532672000143],[100.01051031300017,13.365558018000115],[100.01045896200009,13.36557758500004],[100.00812022800005,13.366068408000046],[100.00798451500009,13.366119431000072],[100.00786286400006,13.366170388000114],[100.00771724300017,13.366261818000055],[100.00741408900012,13.36645211399997],[100.00721221100014,13.366555603000108],[100.00707185900006,13.366620412000088],[100.00688461900006,13.366676227000141],[100.00665514500008,13.3667230370001],[100.00489035000015,13.36707867600012],[100.00339602600013,13.367423050000014],[100.00162587100016,13.367801788000122],[100.00002766600016,13.368177244000094],[99.99995220300019,13.368177972000126],[99.99992053600016,13.368172287000107],[99.99988686400002,13.368158867999966],[99.99986504500009,13.36814152400018],[99.9997772850001,13.367959893000148],[99.99976336500004,13.367940585000156],[99.99974750900014,13.367930959000034],[99.9997198100001,13.367927203000079],[99.99968226200019,13.367931217000091],[99.99915309300019,13.3681153120001],[99.99914079600012,13.368117305],[99.99912736300018,13.36811346800016],[99.9991181540002,13.368107291000058],[99.9991106830002,13.368097822000095],[99.99907249300009,13.36804056300008],[99.99904104600006,13.36799341600016],[99.9978310150002,13.36597442500016],[99.99721634200006,13.36494880500004],[99.9959751040002,13.362877687000093],[99.99603855400011,13.3628484300001],[99.99615819000007,13.36279326500005],[99.99625281900018,13.362723197000093],[99.99643604000016,13.362561792000179],[99.99724341100006,13.36146336100012],[99.99727659200005,13.36141821800004],[99.9975160960002,13.361092369000175],[99.99954031000016,13.35839627300004],[100.00047715900013,13.357129402000112],[100.00147302,13.355683309000085],[100.00166858200004,13.355372775000149],[100.00178375900003,13.355172695000135],[100.00183599500014,13.355058891000112],[100.00187763300016,13.354921067000078],[100.00189450700015,13.354755781000108],[100.00192244700014,13.353964689000179],[100.00186438900016,13.35352435699997],[100.00181496300013,13.353365572000087],[100.00170634300002,13.353119329000037],[100.00156717200014,13.352855511000087],[100.00087598300007,13.351787155000125],[100.00042065400015,13.351171969],[100.00004398800007,13.350751257000013],[99.99936198100005,13.350140159000091],[99.99929831700013,13.350044039000124],[99.99926625100011,13.349940912000022],[99.99926572700008,13.349813548000157],[99.99930032399999,13.349679188000039],[99.99935696400007,13.349572541000043],[99.99958429900016,13.349213406000047],[99.99964371900006,13.349130568000135],[99.9996715690001,13.349065058000065],[99.99967131500006,13.349003118999974],[99.99964292300018,13.348911711000085],[99.99961450600006,13.34883955100014],[99.999226571,13.347791604],[99.99919567400008,13.347737226000163],[99.9991439050001,13.347682373000112],[99.99909398900007,13.347645476000025],[99.99903770600014,13.347615636000057],[99.99896120200003,13.34760302900014],[99.99868827500006,13.347602968000047],[99.99865559500006,13.347591490000184],[99.99862436100011,13.347568360000025],[99.9985886720001,13.347543833000032],[99.99855153000004,13.347529455000085],[99.99849960900008,13.347522409000021],[99.99845660000017,13.347521114000017],[99.9984179970001,13.347509658000149],[99.99838635800006,13.347487996000154],[99.9983492300002,13.34743652100002],[99.99831267100006,13.347357030000126],[99.998284926,13.347234826000147],[99.99827058300014,13.347166046000154],[99.99823506700005,13.3470767],[99.99816429100008,13.346959957000024],[99.998121788,13.346884404000093],[99.99807936800005,13.346826054000076],[99.99804058500013,13.346795225999983],[99.99797369800018,13.346771390000185],[99.99794196900012,13.346769039000037],[99.99788579000005,13.346764863999965],[99.99777679500016,13.346758398000134],[99.99771699299998,13.346744865],[99.99764996300013,13.346686625000189],[99.99740985100016,13.346419122000157],[99.99732927400015,13.346359634],[99.9973217060001,13.346354055000177],[99.99722622100006,13.346289170000034],[99.99721597700011,13.346282188000032],[99.99709266900004,13.34621728500008],[99.99689685900017,13.346146629999964],[99.99685455300005,13.346115814000086],[99.99680953100005,13.346066948000157],[99.99677497300007,13.345997387000182],[99.99675059200007,13.345943274000035],[99.9967402480001,13.3458839380001],[99.99674311000018,13.345833165000101],[99.99677050900004,13.345657519000099],[99.996804741,13.345437109000159],[99.99681820600017,13.345289052000112],[99.99681740099999,13.345092867000119],[99.99681353900002,13.345006324000167],[99.9968124680002,13.344745257000113],[99.99680466300003,13.344555982000031],[99.99677558400003,13.344322041999988],[99.99677503600014,13.344320831000175],[99.99674364700013,13.344249895000189],[99.99669066400008,13.344188138000106],[99.99661656300009,13.34411615800002],[99.99658100700015,13.34401991500016],[99.99657366500008,13.343940788999987],[99.99658390700006,13.343868465000071],[99.99660477000009,13.343813313000112],[99.9968560860001,13.343382094000049],[99.99689096500003,13.343316557000037],[99.9969046010001,13.343213248000097],[99.99689361399999,13.34311003700003],[99.99686444900016,13.343037211000023],[99.99682616000013,13.342941636000035],[99.9967800940002,13.342852342000072],[99.99671945000017,13.342777998000145],[99.99660201300014,13.342709624000179],[99.99644247800018,13.342664363999972],[99.99628773200016,13.34264202200012],[99.99617520800007,13.342633282000065],[99.99610510600013,13.341982027000086],[99.9961109210002,13.341934160000164],[99.99612166600008,13.341874754],[99.99615780200003,13.341816487000074],[99.99627433000012,13.341659993000121],[99.99632896800017,13.341606060000174],[99.99638635200012,13.341549415000031],[99.99646583800012,13.341503203000116],[99.99655473700011,13.341466137000054],[99.9968076130001,13.341419256000165],[99.99700888600012,13.341354214000148],[99.997149256,13.3413031770001],[99.99726612400008,13.341229296999984],[99.99736407300014,13.341118774],[99.99799865400013,13.340022579000163],[99.9984564670001,13.339110941000058],[99.99850602000004,13.33900670900016],[99.99853675600008,13.338884225000129],[99.9985943150001,13.338332880000053],[99.99863555300016,13.337720821000119],[99.99851776899999,13.336430198000016],[99.99852963800004,13.33627717000013],[99.99857227100006,13.33600777099997],[99.99887573600006,13.334329995000076],[99.9991533600001,13.33365276700016],[99.99918098600006,13.333533339000041],[99.99919457400011,13.33341855000009],[99.99917526800016,13.333280953000155],[99.99911302200013,13.333136289000095],[99.99821317200013,13.331802428000117],[99.99788721400017,13.331170405000137],[99.99780238000005,13.331056003000072],[99.99762902600008,13.330859764000081],[99.99742202800019,13.330664779000017],[99.99703317900008,13.330311404000042],[99.99663103500006,13.329968387000122],[99.99627845200007,13.32969899800014],[99.9959965180002,13.32951654600015],[99.99563959300008,13.329329791000077],[99.99427465600019,13.328788380000105],[99.99291796300014,13.32821087100001],[99.99267860200013,13.328124619],[99.99250969600018,13.328074783000147],[99.9921438470002,13.327998207],[99.9918906330002,13.3279624810001],[99.99166088600015,13.32793124699998],[99.99140771200013,13.327904713000123],[99.9911546410001,13.327901104000091],[99.99093983200015,13.327901943000029],[99.99079480600005,13.327951971000118],[99.990629296,13.327994942000032],[99.99051414500019,13.32802360800008],[99.99042770500012,13.32802394500004],[99.99037717500005,13.327995926000085],[99.99036972100015,13.3279359980001],[99.99035134200011,13.327844359000096],[99.99035106600013,13.327776686999982],[99.990285482,13.327697484000112],[99.98978331900014,13.327310650000072],[99.98977713000005,13.327307883000117],[99.98969287300008,13.32728675200002],[99.9896733650001,13.327281865000089],[99.98951980600009,13.327054582000187],[99.98938576799998,13.326856188000136],[99.98965524500016,13.326679473000183],[99.98967824000005,13.32664414400017],[99.98975057600018,13.326566245000038],[99.98998120900012,13.3263178790001],[99.99011873800009,13.326127721000148],[99.99015930400003,13.325897295000118],[99.99014963300004,13.32576334200013],[99.9901446400001,13.325694177000173],[99.98996351300008,13.325369812000076],[99.98988732200013,13.32530663000017],[99.98939451000018,13.32489795700019],[99.98827094300003,13.32410318899997],[99.98729914300009,13.323462915000107],[99.98512345100005,13.322178494000184],[99.98458293900006,13.321909703000017],[99.98444436700015,13.321842514000082],[99.98430583700008,13.32178886700018],[99.9841119240001,13.321721894000063],[99.98261193500008,13.321505786000102],[99.98173155800015,13.321378945000163],[99.98137196900012,13.321380335000129],[99.98095703700011,13.321381938000172],[99.98065287400004,13.321410206],[99.98026016600005,13.321344768000074],[99.97960061700013,13.32082949800008],[99.98019468100006,13.32012632400017],[99.98087380800001,13.319140477000076],[99.98088887600005,13.319118606000131],[99.98096344000015,13.319017361000022],[99.98100995800013,13.318929979000075],[99.98101889600014,13.318824391000021],[99.98101687000013,13.318817552000098],[99.98099112400013,13.318730607000077],[99.98099039099998,13.318728130000125],[99.98092909000019,13.318631997000068],[99.98029871500017,13.318028655999967],[99.98012473700015,13.317882474000157],[99.97989437799998,13.317699789000073],[99.97869987500019,13.316972669000108],[99.97559351300004,13.315304010000148],[99.97498852900009,13.314997147999975],[99.9749738210001,13.31498968699998],[99.97479312700005,13.314898029000062],[99.97446374300017,13.31473918600011],[99.97343482500014,13.314242999000044],[99.97201071600017,13.313624085000129],[99.97149323400015,13.313399694000168],[99.97142980700016,13.31337219],[99.97125862400009,13.31329796100016],[99.97040214000009,13.312996659000135],[99.96985734600014,13.312868202000061],[99.96946342200005,13.312826799000106],[99.96939348100005,13.312829022000187],[99.96913542500005,13.312837220000176],[99.96884506200007,13.312879631000044],[99.96862026900004,13.3129126070001],[99.9673599210002,13.31178387600005],[99.96563862100004,13.31080831800017],[99.96470347200005,13.310236392999968],[99.96018599700011,13.30747347900018],[99.95869815500009,13.306699483000102],[99.9585616660001,13.306633295000097],[99.95760633200007,13.306175803000087],[99.95743586200018,13.306136178000088],[99.95737714100005,13.306122543000129],[99.95726035800004,13.306095398000082],[99.95694453000004,13.306102422000151],[99.95663510700012,13.306226143000174],[99.95644481800008,13.306331920000162],[99.95633051100015,13.3064344820001],[99.95631416900005,13.306449144000055],[99.95621086800008,13.306633876999967],[99.9560296890001,13.306741274999979],[99.95599594500015,13.306723315000113],[99.9548735150002,13.30545498400005],[99.95410466200008,13.304586179000012],[99.95411206800014,13.30456412400008],[99.95411687600006,13.304520352000168],[99.95410568199998,13.304484347000141],[99.9540899390002,13.304469034000022],[99.95407771600014,13.304265361000148],[99.95408363900003,13.304263116000016],[99.95413243600007,13.304182765000064],[99.95413466000008,13.30412499700003],[99.95410020200006,13.303990092000163],[99.9539919230001,13.303736584000148],[99.95395007400009,13.303700807000155],[99.95386405200009,13.30341676400019],[99.95388231200019,13.303344018000189],[99.95389530300008,13.303282395000167],[99.953863474,13.302896508000117],[99.95383195000011,13.302730294000014],[99.95381695100019,13.302704115999973],[99.95379783600009,13.302683662999982],[99.95375871400006,13.302388721000113],[99.95376234700012,13.302377907000107],[99.95376476900014,13.302337657000123],[99.95364058000007,13.301039451],[99.95362599700019,13.300895074000039],[99.95360449200007,13.300682252000058],[99.95352197900013,13.300157202000094],[99.95343967000014,13.29968470700004],[99.95329417400018,13.299054831000149],[99.95312221800015,13.29852137600011],[99.95265612100008,13.297343431000115],[99.9526191760001,13.297258388000103],[99.95259709900012,13.29718604600015],[99.95258080200011,13.297132610000176],[99.9525795420002,13.297128478000161],[99.95248936500013,13.296832980000033],[99.95248442000013,13.296740530000022],[99.95250447900014,13.29662013300009],[99.95249965700009,13.296619783999972],[99.95197092600012,13.296561202000134],[99.95136111700003,13.296444690999977],[99.95126858700019,13.296416749000173],[99.95118757500006,13.296377451000126],[99.95068985400019,13.2961219230001],[99.95051345500002,13.296063185000037],[99.95037181400016,13.296029774000033],[99.9501319540002,13.29598824400017],[99.94994418900018,13.295974801],[99.94978246200003,13.295975405000036],[99.949626523,13.29597881400008],[99.94947641800013,13.295996345],[99.9493609810001,13.296016579000081],[99.94919655600006,13.296065272000135],[99.94867174800015,13.296270881000169],[99.94854768600004,13.296302458000014],[99.94844665599999,13.296314153000026],[99.94831956600018,13.296308968000062],[99.94786605300004,13.296282371000075],[99.9470487590001,13.296282588000167],[99.9469621560001,13.296291397000118],[99.9464514030002,13.29639795200012],[99.94629837200006,13.296407006000152],[99.94617708200019,13.2964074570001],[99.94607018500011,13.296396538000181],[99.94595456800005,13.296371511000132],[99.94520847600012,13.29611406400005],[99.94468797300016,13.29594063400009],[99.94454346800018,13.295912889000022],[99.94437012600002,13.29589656100012],[99.94414192600016,13.295883265999976],[99.94388486900016,13.295875733000173],[99.943607574,13.295862619000161],[99.94305011800009,13.295842063000066],[99.94283342100016,13.295814577999977],[99.94250393100009,13.295747918000131],[99.94201823900005,13.29561394600006],[99.94153539100006,13.295468652000125],[99.94118255400008,13.29533702200007],[99.94056919900004,13.295050785000115],[99.93980833400008,13.294702863000111],[99.93961455400006,13.29463003900014],[99.93955962400008,13.29461327200005],[99.9390047650001,13.29451632200005],[99.93887469000009,13.29448568800018],[99.93878216600007,13.294457745999978],[99.93863173400007,13.294390416999988],[99.93819750300014,13.294120483000086],[99.93812516900016,13.294083982000132],[99.93801525500015,13.294039128000179],[99.93737023700004,13.29377845700003],[99.93730654300009,13.293736267000043],[99.9372515350002,13.293699695000043],[99.93720223899999,13.293648965000102],[99.93703367199998,13.293369566000024],[99.93701041700012,13.293330050000122],[99.93692931400005,13.293268126000157],[99.9368628040001,13.293245742000067],[99.93674142900005,13.293223561000104],[99.93636572000014,13.293151402000092],[99.93591473200013,13.293028609000146],[99.93574700700003,13.292969830000175],[99.93567171400014,13.292916364000178],[99.93559059200015,13.2928487800001],[99.93551809600018,13.292769846000112],[99.93546869600004,13.292690834000155],[99.935317333,13.292380256000058],[99.93511620600015,13.291894491999983],[99.93494934000006,13.291306775000123],[99.93486723200016,13.290981804000182],[99.93461076400007,13.290371789000062],[99.93458452400006,13.290306828999974],[99.93448473100005,13.289888579000035],[99.93445559500014,13.289820803000111],[99.93441785200014,13.289767200000028],[99.9343801330001,13.289722084],[99.93407901800015,13.28951953800015],[99.93404423500004,13.289485723000098],[99.93401807300017,13.289440563000085],[99.93398899000016,13.28938692800017],[99.93372658800013,13.288737335000178],[99.93365096000008,13.288593364000064],[99.93332000200007,13.288139186000137],[99.93329963600013,13.288099662000093],[99.93327916900012,13.288034681000113],[99.93326739300005,13.287975326000094],[99.93327289000007,13.287901766000061],[99.93337253800013,13.287528035000093],[99.93358044900003,13.286769240000126],[99.93359179200013,13.286715455000035],[99.93358872200008,13.286667379000164],[99.93358852800009,13.286616469000023],[99.93357684200015,13.286582572000157],[99.9335183350002,13.286384791000046],[99.93352390000007,13.286331027000188],[99.933543913,13.286277214999984],[99.93408961900002,13.285497377000127],[99.93414120200015,13.28539253200006],[99.93414680200004,13.285347258000058],[99.93414659600006,13.285293514000045],[99.9341319720001,13.285245485000075],[99.93409707100011,13.285180555000068],[99.93404774900011,13.285121340000046],[99.93397536200007,13.285070694000126],[99.93388565700002,13.285022938000054],[99.93377287700014,13.284983751000084],[99.93365729300018,13.284964379000087],[99.9335129280002,13.284970562000183],[99.933160784,13.285017111],[99.93311456200013,13.28501162100008],[99.9330595510001,13.284975056000178],[99.93302187000006,13.284938421000106],[99.93298412100006,13.284884821000105],[99.93286170300007,13.284588273000054],[99.93282108800014,13.284540341000024],[99.93278634800015,13.284517840000035],[99.93274008400005,13.284501037000155],[99.932676529,13.28449561400015],[99.93215692500019,13.284551261000047],[99.93208180500017,13.284540218000075],[99.93202974000008,13.284517785000105],[99.93197473000009,13.284481213000106],[99.93190226100006,13.284410764000029],[99.93166696800006,13.284132231000171],[99.93119533600009,13.28380805500018],[99.93037907400009,13.28506078800018],[99.92913039800015,13.286726388000147],[99.92882024500017,13.287136867000072],[99.92855683100004,13.287473840000189],[99.9282623840001,13.287892792000036],[99.92810815600012,13.288092913000128],[99.92791748800016,13.288327280999965],[99.9274908880002,13.288799586999971],[99.92718564300009,13.289128180000091],[99.92701260700017,13.289322181000045],[99.9268162890001,13.289542286000085],[99.92650236500003,13.289877733000026],[99.92620392700002,13.290165365],[99.92583795700011,13.290553874000125],[99.9256819360001,13.29074206200005],[99.92560569200003,13.290841262000072],[99.92553646000016,13.290954087999978],[99.92541539600006,13.291174552000143],[99.92531532900006,13.29141730300006],[99.92529287700017,13.29147177900012],[99.92511372900009,13.291989236],[99.92504319500011,13.29221804600013],[99.92500734300017,13.29240750100007],[99.92499391900009,13.292542294000157],[99.9249928710002,13.292724798000108],[99.92499870400007,13.292885105000153],[99.92500810700005,13.2930692810001],[99.92502245500015,13.293178388000172],[99.92505265400007,13.293335195999987],[99.92507755100007,13.29347155400012],[99.92510579900011,13.293573792000018],[99.92513742800014,13.293647015000147],[99.92526739200008,13.29393649800005],[99.92537638300013,13.29420559099998],[99.92546971900003,13.294478154999979],[99.92551050600014,13.294672447999972],[99.92552486800008,13.294784965000133],[99.92553403800014,13.29490773800012],[99.92553447200015,13.295022014000153],[99.92551749100011,13.295136351999986],[99.92548489700005,13.29526609800007],[99.92543661800005,13.295394196000188],[99.92537968900007,13.295535969000127],[99.92534011900017,13.295664037000051],[99.92530747400019,13.295780140000147],[99.92527011500005,13.296032708000098],[99.92525390400004,13.296350013000165],[99.92523383000014,13.29656669600007],[99.92521167400008,13.296694701000092],[99.92517581500005,13.296882449000123],[99.92513455800008,13.297024165000153],[99.925023942,13.29724630100003],[99.92483359300019,13.297565944000098],[99.92465395300002,13.297827402999985],[99.92448230800017,13.298027584000124],[99.92441400200016,13.29809786800007],[99.92430662900006,13.298198998000089],[99.9242392060001,13.298244332000138],[99.92420303000011,13.298261734000164],[99.92417267600013,13.298265682000135],[99.92413643300006,13.298265814000104],[99.92410699300007,13.298252489000163],[99.92383682100012,13.298045279000064],[99.92373369800004,13.29797561700019],[99.92364437700019,13.297928932000161],[99.9235669200001,13.297910022000167],[99.92348557000008,13.297898803000066],[99.92328082,13.297894750000125],[99.92307799200012,13.297881096000083],[99.92304465500013,13.297873541000058],[99.92301424400017,13.297862136000106],[99.92298674000006,13.297842092000053],[99.92296410700004,13.297814350000067],[99.92294340000018,13.297778928000184],[99.92291848400009,13.29766676500003],[99.92289268700017,13.297580512000081],[99.92286995900002,13.297527825000088],[99.92283252300012,13.29747135600013],[99.92278825200015,13.297422588000188],[99.9227479650001,13.297389156000065],[99.92270475400016,13.297360529000116],[99.92264587500017,13.297332916000016],[99.92254879600006,13.297307366000041],[99.92249097400003,13.297299900000155],[99.92236067200008,13.297295576000124],[99.92218729800015,13.297299084000088],[99.92208248800017,13.297300423000081],[99.92203642300018,13.297294835000173],[99.92198444100012,13.297277753000174],[99.92191281300006,13.297246350000137],[99.92185200700004,13.297227384000166],[99.92180201300016,13.297218929999985],[99.92172360700005,13.297208658000045],[99.92166579100007,13.297203113000023],[99.92159624200008,13.29720336500003],[99.92150222200013,13.297209461000023],[99.92143074800009,13.297219317000156],[99.92135833000015,13.297237808000148],[99.9212800730001,13.297266875000162],[99.92123311700016,13.297284315000184],[99.92118423900018,13.297310394000135],[99.92114124099999,13.297338370000148],[99.92110411500016,13.297365372000058],[99.92107193400005,13.297402908000151],[99.92104465400013,13.297443298000076],[99.92100962800004,13.297506749000092],[99.92097364400007,13.29757499600015],[99.92095612000008,13.29760384300016],[99.92093562400015,13.297624063000058],[99.920896519,13.29764531000012],[99.92083979200004,13.297668545000022],[99.92077915100009,13.297693710000033],[99.92071167500018,13.297724655000025],[99.92066574500012,13.297753603000103],[99.9206218060001,13.297792140000183],[99.92059644500006,13.29782005200019],[99.92056236500008,13.297874862000128],[99.92052835600003,13.29794790000011],[99.92050312500015,13.298011314],[99.92047393500002,13.298064191000037],[99.9204544540001,13.29809304400004],[99.92042515700007,13.298117132000073],[99.92037921200011,13.29814320200012],[99.92035774400011,13.298165346000133],[99.92034411700013,13.298188423],[99.92033244700008,13.298211490000085],[99.92032085100016,13.298252788000127],[99.92031705700003,13.298285424000142],[99.92031615700012,13.298307491000116],[99.92032217500008,13.298343929999987],[99.92033301900011,13.29836307700009],[99.92035662000018,13.298386016000109],[99.92039687200014,13.298409856000148],[99.92044791600011,13.298437497],[99.92046169500009,13.298454716000094],[99.92046862500013,13.298474836000025],[99.92046873000004,13.2985026610001],[99.92046403500012,13.298556405999989],[99.920455404,13.298605366000174],[99.9204447350001,13.298633228000142],[99.92041449300012,13.298665956000036],[99.92039202000012,13.298681389000137],[99.92035189300009,13.298692090000031],[99.9202950780001,13.29869229600007],[99.9202000160002,13.29868112600019],[99.92011278000007,13.298668010000029],[99.9200579350001,13.298670126],[99.92000903400003,13.298692368000047],[99.91997095400006,13.298725128000115],[99.9199368240001,13.298765544000105],[99.9199183360002,13.298799191000114],[99.9198969790001,13.298851080000077],[99.91987489600012,13.298969164000027],[99.91985289000007,13.299108361000094],[99.9198403330002,13.299155418],[99.91981698400014,13.299197716000151],[99.91979555900002,13.299231374000101],[99.91976141200013,13.299267956000108],[99.91970475400007,13.299310377000154],[99.91962366400014,13.29936823300011],[99.91947117500001,13.299455130000126],[99.91919849200013,13.299621135000109],[99.91899422800009,13.299747559000082],[99.918904317,13.299803531000066],[99.91882028700019,13.299861400000168],[99.91877928300016,13.29989800400017],[99.91874906800007,13.299938410000152],[99.91872085300014,13.299990320000177],[99.9186907200002,13.300052793000077],[99.91865859600006,13.300105675000054],[99.91862931500003,13.300134565000121],[99.91859704400008,13.300150027000143],[99.91855593300016,13.300157851999984],[99.91849030700007,13.30016001100006],[99.91841782300008,13.300162189000105],[99.91835123700008,13.300169148000066],[99.91829935200013,13.30017797000005],[99.9182517930002,13.300192247999973],[99.9181980780001,13.300205732000052],[99.91816144400013,13.300220123000088],[99.91814402500017,13.3002321620001],[99.91813474400004,13.300242461000153],[99.91812547900008,13.300256182000112],[99.91812030400007,13.300273883000102],[99.91811978000004,13.300289282000051],[99.91812274500018,13.300302960000124],[99.91813385100005,13.300314325000045],[99.9181484410002,13.30032283200012],[99.91816652199998,13.300330178000024],[99.91817202300018,13.300332177000143],[99.91818518100001,13.30033695300017],[99.91829708900008,13.300363925000056],[99.91838219500016,13.30038585900013],[99.91840051100007,13.300395907000052],[99.91842209200018,13.300413431000095],[99.91844405700016,13.300443674],[99.91848171000015,13.300507650000156],[99.91859575000018,13.300678981000033],[99.91865681500013,13.300752038000155],[99.91868708500016,13.300781154000049],[99.91870721500004,13.300787348000028],[99.91874112700003,13.300789511000119],[99.91877618100006,13.300784806000024],[99.91878278799999,13.300783091000142],[99.91880759800011,13.300772596000058],[99.91882399000002,13.30075371900017],[99.91886220800018,13.300657407000017],[99.91893401900018,13.300480828000047],[99.91895611600012,13.300449833000073],[99.91898878100011,13.300431398000057],[99.91901330700017,13.30042558600013],[99.91913031800016,13.300453784000126],[99.91917601200004,13.30048110000007],[99.9192006880001,13.300515358999974],[99.91922441400015,13.300605721000181],[99.9192393690002,13.300780578000172],[99.91925203200009,13.300824256000055],[99.91926930800014,13.300847231000091],[99.91928266500008,13.300864995000154],[99.919301443,13.300882517],[99.91937182200007,13.300946379000152],[99.91941056000007,13.300988600000153],[99.91944229300015,13.301033139000026],[99.91947183100007,13.30111546900008],[99.91947789000017,13.301172693000012],[99.91947340500002,13.301223084000014],[99.91945274900013,13.30132620400002],[99.91944136000012,13.301405246000172],[99.91943469400013,13.301498011000149],[99.91943495300006,13.30156670200006],[99.91944570900006,13.30162849400017],[99.91946479700005,13.301730322000083],[99.91950266900017,13.301853836000191],[99.91952165700013,13.301929335000125],[99.91955703100001,13.302009352000084],[99.91959351600013,13.302074481000034],[99.91974750700018,13.302298333000067],[99.9198039800001,13.302394303000028],[99.91983348500014,13.30246747200016],[99.91985717700015,13.302550966000126],[99.91987282700006,13.302669981000122],[99.91988135200012,13.302760401000114],[99.91988896400005,13.302919516000031],[99.91989322700016,13.30311986400011],[99.91990773900011,13.303248046000078],[99.9199173240001,13.30330983600004],[99.91997652200018,13.303507698000033],[99.92008528600013,13.303827882000064],[99.9201857160001,13.304109175000178],[99.92024926700009,13.304288806000045],[99.92031520800015,13.304512045000081],[99.92032661100012,13.304571251000027],[99.92032939500018,13.304611817000023],[99.92032967500018,13.30468587700011],[99.9203294850002,13.304808888000082],[99.92033222700002,13.304839789000027],[99.92033689100009,13.304855230000157],[99.920348144,13.304875799000172],[99.9204089390002,13.304953508000153],[99.92042218600011,13.304979218000142],[99.92042953200018,13.305008816000111],[99.92042965400003,13.305041016000075],[99.9204220330002,13.305111888000113],[99.92041501400007,13.305169874000114],[99.92041509600006,13.305191772000114],[99.92041911300015,13.305210433000184],[99.92042519500012,13.305224424000187],[99.9204517980001,13.305251809000026],[99.9206659800002,13.305420481000112],[99.92071291000019,13.30546458300006],[99.9207395590002,13.305504177000103],[99.92074440900006,13.305549960000121],[99.92073832200015,13.305589670000188],[99.92071664300005,13.305627912000148],[99.92069023900018,13.305652432000045],[99.92066223100016,13.305666278000103],[99.92061391200019,13.305666453000072],[99.92057336700009,13.305662019000067],[99.9205015120001,13.305621059000032],[99.92042647400012,13.305563320000147],[99.92034203200006,13.305491878999987],[99.9203170470002,13.305479754000146],[99.92028432700016,13.305482929000163],[99.92027036700006,13.305501297000092],[99.92026427000019,13.30553795500009],[99.92026335500003,13.305708936000087],[99.92026052900013,13.305785276000051],[99.92025286300003,13.305820415000028],[99.92022804400005,13.305851038000128],[99.9201984980001,13.305869462999965],[99.92012685800017,13.30588651200003],[99.91996948500002,13.305902349],[99.91995587900016,13.305903881000177],[99.91991824500008,13.305916131000117],[99.91990257200013,13.305931597000153],[99.9198947340002,13.305948826000076],[99.91988865400003,13.305962178000073],[99.9198888730001,13.306020187],[99.91992820299998,13.306114692000108],[99.91995832000009,13.306171616000029],[99.92013700400014,13.306509319000156],[99.92038045100014,13.306996943000172],[99.92048878000014,13.307202641000174],[99.92056906,13.307409964000158],[99.920654055,13.307627958000069],[99.92083184000006,13.30806391200008],[99.92103629300004,13.308544046],[99.9212046510001,13.308960187000082],[99.92137307600012,13.309393127000021],[99.92149565200009,13.309656778999965],[99.92159538100009,13.310059435000085],[99.9217281390001,13.310541350999983],[99.9218217090002,13.310965398000178],[99.92199415100004,13.311634937000065],[99.92207008600002,13.311929292000173],[99.9221096030002,13.312074173000155],[99.92213006400004,13.312126002000127],[99.92236837000019,13.31248846200009],[99.92244299000015,13.312582472000031],[99.92245652800005,13.312606701000163],[99.92253659500017,13.312867971000117],[99.92264870300005,13.313246152000033],[99.92279409500014,13.31377076400014],[99.9229851880001,13.314424972999973],[99.92311160800006,13.314877905000174],[99.92321432600005,13.315246966000075],[99.92331705999999,13.315619078000111],[99.92341045100017,13.315994274000047],[99.9235147710001,13.316374010000061],[99.92360493000018,13.31671869000013],[99.92369821000011,13.31706335500013],[99.92379482000013,13.317466020000154],[99.92389921500012,13.317864074000056],[99.92397358400012,13.318155380000178],[99.92406525400008,13.318487838000124],[99.9241348490001,13.318753210000068],[99.9242090840001,13.319007877000104],[99.92430087600007,13.319372396000176],[99.92437200100017,13.319630126000163],[99.92443044800012,13.319832948000055],[99.92447460200003,13.319965600000046],[99.92453611000013,13.320154672000058],[99.92455339800017,13.320191246000036],[99.9246643840001,13.32027327600008],[99.9246807130001,13.320308583000099],[99.92474801600008,13.320517307000102],[99.92484634000004,13.320867047000092],[99.92502043400009,13.321466185000133],[99.92517778500002,13.322035534000065],[99.92531886500018,13.32256402500019],[99.92540061000011,13.322847094000053],[99.9254326620001,13.322974922000128],[99.92548605500014,13.32318081800014],[99.92552789200016,13.32334553600009],[99.92557331900008,13.323530847000029],[99.9256230950001,13.323707555000112],[99.92569688200007,13.32397348600017],[99.92577256200013,13.324274610000032],[99.92578148600018,13.324315797000168],[99.9257953720001,13.324508091999974],[99.92580162700017,13.324539843000025],[99.92590462400005,13.324876074000088],[99.92599702900014,13.325194315000033],[99.9260396150001,13.325325542000144],[99.92607248899998,13.325438770000062],[99.92608318700019,13.325485100000037],[99.92608615400013,13.325573536000036],[99.9260950540002,13.32583797899997],[99.92610401100012,13.325887751000039],[99.9261662290001,13.326107353000054],[99.92622139500008,13.326318391000143],[99.92633349500011,13.326742178000131],[99.92639133300008,13.326964369000109],[99.92647850200012,13.327288636000048],[99.92653190500016,13.327496246000123],[99.92658170500005,13.327678967000054],[99.92662973199998,13.327856541000017],[99.926686669,13.328071010000087],[99.92673201800011,13.328236573000027],[99.92680055100004,13.328502520000086],[99.92685307,13.328708415000165],[99.9269108850001,13.328923737000025],[99.92695535500002,13.329087586000185],[99.92700613900013,13.329297781000093],[99.92702659100007,13.329372410000133],[99.92704250900016,13.329407559000117],[99.92709895500019,13.329494083000156],[99.92714130000007,13.329560049000122],[99.92717129800008,13.329608885000084],[99.9271828140001,13.32963975500013],[99.92721391900011,13.329748695000092],[99.92727763500005,13.329983764000076],[99.92732123600018,13.330136327],[99.92737502600005,13.33034076600012],[99.92742095700004,13.330498588000069],[99.92748943900017,13.330729304000158],[99.9275284580001,13.330887903000189],[99.92760006800017,13.331131398000025],[99.92765770000017,13.331336571],[99.92770364900014,13.331498909000118],[99.92775504200006,13.331680034000101],[99.92779482300006,13.331836372000055],[99.9278267590002,13.331951361999984],[99.92788519100003,13.332164811000155],[99.92792959700017,13.332325649000154],[99.92798414900005,13.332527826999979],[99.92803324800013,13.332711216000178],[99.92808937100006,13.332923166000114],[99.92814537599997,13.333104275000096],[99.92818981900001,13.333274890000098],[99.9282325870002,13.33340940200003],[99.92828008800012,13.333575494000058],[99.92833465100011,13.333781431000148],[99.9283937460001,13.33396628700018],[99.92843893600013,13.33413163900019],[99.92847162300006,13.334241359000032],[99.92850435300011,13.334363117000123],[99.92852919800015,13.334430733000033],[99.92858200700016,13.334579501000121],[99.92863864500004,13.334724494000113],[99.92869695200017,13.334904843],[99.92873031500017,13.334990483000183],[99.92874269800006,13.33501376099997],[99.92875813000006,13.33503176400012],[99.9287982350001,13.335071489000143],[99.92887690900005,13.335152451000113],[99.92905950600016,13.335287956],[99.92923058700018,13.335425003000069],[99.92903267300017,13.335752864000142],[99.92896541300007,13.335943329000145],[99.92892717,13.336101983000162],[99.92889545000008,13.336273297000105],[99.92888281400008,13.336355770000068],[99.928883117,13.336435028999972],[99.92890603400008,13.336501522000049],[99.9289589930001,13.336586639000075],[99.92906081600006,13.336694605000162],[99.9291503070001,13.336790573000087],[99.92918121700018,13.33683710300005],[99.92919747500008,13.336870901000168],[99.92920839100009,13.336912239000014],[99.92921550900019,13.336965626999984],[99.92921883999998,13.337032572000112],[99.92923426300013,13.337248433000127],[99.92923783300006,13.337379326000018],[99.92924825400013,13.337492139000062],[99.92926553300003,13.337591383000074],[99.92928441600009,13.33770717300007],[99.92930094900015,13.33781168500019],[99.92931805600006,13.33786579100007],[99.9293382080001,13.337911611000095],[99.92937685600009,13.337972407000166],[99.9294077890001,13.338024957000073],[99.92942792200006,13.338066261000108],[99.92944033400005,13.338098566000042],[99.92945841800008,13.33820608300016],[99.929482151,13.338385802000175],[99.929531393,13.33860455100006],[99.92957734800018,13.338768389000109],[99.92963187700013,13.338964551],[99.9296925610002,13.339162190000138],[99.92976651800018,13.339416960000051],[99.92981635400008,13.339590565000151],[99.9298684580001,13.339755136000178],[99.92989885900005,13.339868624000133],[99.92994179600015,13.340046769000026],[99.93000115900014,13.340302346000158],[99.93008761200014,13.340608225000153],[99.93012665300006,13.340772088999984],[99.93016421100015,13.340949500000022],[99.9301860440001,13.341032931000086],[99.93020315700016,13.341088541999966],[99.93027843400012,13.341284622000046],[99.93032740700016,13.341434159000073],[99.93037317000011,13.341547591000051],[99.93042359200001,13.341673797],[99.93051886000012,13.341873570000132],[99.93054832200005,13.341944180000098],[99.93058892500011,13.342114059000039],[99.93060300300004,13.34217870600014],[99.93060964500006,13.342308833000175],[99.93061625600018,13.342430687000103],[99.93061553100017,13.342641341000103],[99.9306212190001,13.342722575000096],[99.93062599700016,13.34276694200014],[99.93067602100007,13.342989449000129],[99.93071268500006,13.343133763000026],[99.93074305600015,13.343240480000077],[99.93081970200012,13.343393676000119],[99.9308422310001,13.343457539000156],[99.93085812499999,13.343595914000161],[99.93087791000016,13.343747059000123],[99.93088886800018,13.343799680000132],[99.93093880000004,13.343998113000112],[99.93099098700014,13.344183746000112],[99.93106046600013,13.344470880000074],[99.93111200000016,13.344686610000167],[99.93116036400005,13.344876772000077],[99.93123291,13.345162392000077],[99.93128124900005,13.345345783000084],[99.93129760000005,13.345402146000026],[99.93131312800011,13.34544100200003],[99.93135910800015,13.345558531000108],[99.93150245600015,13.345896830000129],[99.93159071300005,13.346115856000097],[99.93166234400019,13.346274304000076],[99.93176746800003,13.346616311000048],[99.93189486700015,13.347070583000118],[99.93202067400017,13.347581927000022],[99.93213523200006,13.348011286000087],[99.93222550100018,13.348280228000135],[99.93229022800011,13.348536788000047],[99.93233842500013,13.3487577410001],[99.93239769500019,13.349016097000174],[99.93251579300005,13.349416907000148],[99.9326285480002,13.349849836000146],[99.93268591100008,13.350086805000103],[99.93276925100002,13.35044672000015],[99.93290781600007,13.350961587000029],[99.93296149400004,13.35118608100015],[99.93303333800014,13.351398031000087],[99.93309776900003,13.35157790900007],[99.93314757800016,13.3517435710001],[99.93322144900014,13.35200901200011],[99.93330094300018,13.35231723000004],[99.9333357930002,13.352381300000161],[99.93336880900011,13.35244180900014],[99.93336902800019,13.352498873000059],[99.93335462100015,13.352541729000052],[99.93333476000004,13.352586380000105],[99.93328215100018,13.352640076000114],[99.93321504300013,13.352711655000064],[99.9331369960002,13.352781488000062],[99.93297112900007,13.35289609400013],[99.93307279700014,13.353089070000124],[99.93329691700018,13.35352387200004],[99.933507625,13.353956106000112],[99.93365625200016,13.354273096000043],[99.93378103800018,13.354663653000102],[99.93394110200012,13.355166925000162],[99.93396398000004,13.355231949000029],[99.93420394700007,13.355913874000066],[99.9343314840001,13.35632279300006],[99.93456784400007,13.357151192000117],[99.9347796290001,13.357861591000187],[99.93494548100017,13.35847506100015],[99.93513868200006,13.359230141000126],[99.93525294400013,13.359670598000037],[99.93534832900008,13.360079635000034],[99.93534924300019,13.360083104000068],[99.93539184800005,13.360244800000146],[99.9354151940002,13.360314062000157],[99.9355897640001,13.360831908000023],[99.93571737700006,13.361259198000027],[99.9358861190002,13.361925141000143],[99.9359760960001,13.362278262000132],[99.93607117300002,13.362651379],[99.93623975100013,13.36327533800005],[99.93637837500006,13.36377606100018],[99.93651137600011,13.364208573000099],[99.93670724400016,13.364958392000062],[99.93685410000006,13.365508948000127],[99.93704160900006,13.366174819000037],[99.937070254,13.366263459000095],[99.9372830370001,13.366921846000139],[99.93753273800007,13.367729197000074],[99.93763965000005,13.368099727000185],[99.93780192000014,13.36884165300006],[99.938066542,13.369819678999988],[99.93835869200007,13.370928104000143],[99.93853507600005,13.37157125400006],[99.93867850800001,13.372124071000087],[99.93886040200016,13.372785822000026],[99.93908086300019,13.373583102000111],[99.93926837400016,13.374292717000117],[99.93947177100006,13.374893194000151],[99.93960974100008,13.375438052000106],[99.93981388399999,13.37623007600007],[99.93997651500007,13.376828045000082],[99.94016657600008,13.377492422000046],[99.94036462800011,13.378114205000088],[99.94054937100003,13.378807868000024],[99.94067098100015,13.379336817000024],[99.94080085800016,13.379895004000105],[99.94087827400017,13.380237905000115],[99.9409830850002,13.380639220000035],[99.94116511700014,13.381332892000046],[99.94127819300013,13.381763445000047],[99.94146566100017,13.382457095000063],[99.94163091700017,13.383028449999983],[99.9417936820002,13.383658342000047],[99.941942831,13.384280305000118],[99.94210287300012,13.384907545000146],[99.942290523,13.385646419000182],[99.94238145600019,13.385970642000075],[99.94252730800014,13.38644363700007],[99.94269227100006,13.38693784200018],[99.94285811400016,13.387658176000059],[99.94306736099998,13.388359722000018],[99.94325194600009,13.38900815200003],[99.94340897400008,13.389558255000168],[99.94360182900016,13.39023592],[99.9437200100001,13.390578662000166],[99.94386060300008,13.391094239000097],[99.9440045680002,13.39177740700012],[99.94409566100018,13.392141532000153],[99.9442282390001,13.39269172600018],[99.94444554300014,13.393366636000053],[99.94457773300007,13.393815736000079],[99.94472708500018,13.394485583],[99.94485935500012,13.394955965],[99.9450054900002,13.395498125000131],[99.94520385200013,13.396191731000158],[99.94538592100014,13.396888055000034],[99.94550220100018,13.397438304000161],[99.94562940400016,13.39800182100015],[99.94572040700012,13.398341999000081],[99.94602025200015,13.399274651000155],[99.94622701500015,13.400029410000172],[99.94642560900002,13.400781537000114],[99.94653319100007,13.401190825000072],[99.9467174020001,13.401738159000047],[99.94686312300018,13.402171249000162],[99.94693189200007,13.402383815000178],[99.94698772800007,13.402764032000107],[99.94702414000011,13.403040569000154],[99.94708948500005,13.403617197000074],[99.94726667800006,13.403733652000028],[99.94744402700007,13.403890035000074],[99.94758855100014,13.403995964000046],[99.94775472800012,13.404077858999983],[99.94789089900013,13.404133246000072],[99.94804343100014,13.40420188100012],[99.9482041330001,13.40427314200008],[99.94840565000015,13.404352242000073],[99.94857996700011,13.404428777000078],[99.94873412400017,13.404478441000094],[99.94882803900003,13.404506039000069],[99.94890558400016,13.404519720000053],[99.94894840000012,13.40451756200008],[99.94899933300019,13.404505395000058],[99.9490747100001,13.404485149000152],[99.94914803700004,13.404462912000156],[99.94921323500012,13.40444869300012],[99.94928048200006,13.40443645900018],[99.94939259000012,13.404424060000167],[99.94951495600014,13.40442559700017],[99.94964956800004,13.40443108],[99.94977604800005,13.40444258000008],[99.94997606400005,13.404485750000106],[99.95020877400015,13.40454476399998],[99.95031704800004,13.404594264000025],[99.95041515100007,13.40464979300009],[99.95046635000017,13.404705499000045],[99.95051354200012,13.40477918800002],[99.9505772060001,13.404892738],[99.95066343000013,13.405038150000166],[99.95074951200013,13.405149622000124],[99.95081702900012,13.40520526600011],[99.95090694400017,13.405252836000159],[99.95100704900005,13.40529837600019],[99.95110301500017,13.405329957000049],[99.95122141299998,13.405359455000166],[99.95142139600011,13.405394636000153],[99.95159077300019,13.405423942000084],[99.95169897700009,13.405455479000125],[99.95176643700017,13.405497148000109],[99.95184010100002,13.40556075100011],[99.95195278400001,13.40569408400006],[99.95207570600007,13.405837359000088],[99.95213532500014,13.405894280000098],[99.95218287800009,13.40593003400005],[99.95221810800012,13.405943378000075],[99.95231761400004,13.405966959000182],[99.95251494700011,13.405975196000043],[99.9529218020001,13.405981147000091],[99.9530594960001,13.405991111000048],[99.95309779500019,13.40600743400006],[99.953123903,13.406034287000068],[99.95313935600018,13.406074654000122],[99.95314577300007,13.40615099200005],[99.95314736500018,13.406555245000163],[99.95314550500007,13.406859198000177],[99.9531549570001,13.406929535000074],[99.95316889500003,13.40697290300011],[99.95319657400012,13.40701022900015],[99.95322729800017,13.407044552000059],[99.95326714500015,13.407065359000114],[99.95332375700002,13.407071135000024],[99.95338186600014,13.407067923000113],[99.95350713300013,13.407030020000093],[99.95363538000015,13.406972638000184],[99.95369805000018,13.406963419000022],[99.95374393700018,13.406963246000089],[99.9537883270001,13.406972064000115],[99.95378988600015,13.406972180000139],[99.95379488300011,13.406974439000066],[99.95380991900015,13.406981241000096],[99.95386876200013,13.40700785000007],[99.95395831000008,13.407088015],[99.95403981200008,13.407144757000083],[99.95407215200004,13.407158006000031],[99.95407581500012,13.40715950599997],[99.9540984210002,13.407164702000046],[99.95411792100003,13.407165461000034],[99.9541662790001,13.407159536000165],[99.95417762800008,13.407154235000178],[99.95421262800016,13.407135157000027],[99.95425530800014,13.407099062000157],[99.95429087500014,13.407042015000115],[99.95436296600013,13.40686208500017],[99.95443106900018,13.40667916000001],[99.95449482900011,13.406557639000027],[99.95460579800016,13.40638503700012],[99.95463083600009,13.406345359000056],[99.95478930400009,13.40618222300003],[99.95485387200006,13.406139160000123],[99.954903533,13.406120601999987],[99.95499979400006,13.406100232000085],[99.95501292000012,13.406097453000143],[99.95503508100006,13.406097369000122],[99.95510915100016,13.406097088000024],[99.95516163500008,13.406096890000185],[99.95531731100016,13.406110406000039],[99.95536917400011,13.406110525000145],[99.95542996900008,13.40610140800004],[99.95555256300008,13.406065132000037],[99.9555778940001,13.406057634000149],[99.95570551100013,13.406031456000107],[99.95574748000013,13.406026163000092],[99.95575751900014,13.406027253],[99.95579634400008,13.40603618900002],[99.95581646800014,13.406045325999969],[99.95587729600004,13.406078258000036],[99.95596361700018,13.406134584000085],[99.9562012740002,13.406267722999985],[99.95639501300013,13.406359565000173],[99.9564784920002,13.4064103770001],[99.95654785500017,13.406459855000094],[99.95660451700007,13.406512154000097],[99.95663995500018,13.406549323000036],[99.95665703600008,13.406585188000065],[99.95666992000008,13.406630741000015],[99.95667580700012,13.406692895],[99.95669809000009,13.406973316000062],[99.9567244100001,13.407203973000037],[99.95673304800016,13.407246779],[99.95675008000012,13.407270203000166],[99.95677413700008,13.407286693000117],[99.95680238300008,13.407290732000035],[99.95685177700011,13.40728778200014],[99.95708874100018,13.40724543000016],[99.95717340900006,13.407239580000066],[99.9572609380001,13.407243392000169],[99.95732310300019,13.40725835600017],[99.95738250600004,13.407288533000099],[99.95744903200006,13.407335262000117],[99.95749579599999,13.407382063],[99.95752849600007,13.407420565],[99.95755709600013,13.40746528700015],[99.9575838450001,13.407517144999986],[99.95758472000006,13.407519131000186],[99.95763489300003,13.407651775000147],[99.95764521000012,13.40768687100018],[99.9576695360002,13.407771070000138],[99.95768400500003,13.407859448000181],[99.9576944740001,13.40794853400007],[99.9576986400001,13.408049853000023],[99.95769142200004,13.408129099000178],[99.95767288200011,13.408199180000054],[99.95764868600003,13.408267439000099],[99.95761877700016,13.408319142000039],[99.95756064000005,13.408370950000062],[99.95737844700017,13.408461917000182],[99.9571247610001,13.408560526000088],[99.95688003700013,13.408667120000018],[99.95678890200014,13.408710990000088],[99.95672320900013,13.408762538000133],[99.95668605100008,13.408803093000188],[99.9566576360001,13.408845954000071],[99.9566371730001,13.408891112000106],[99.95662702200008,13.408933902000058],[99.95662479800006,13.408974325000145],[99.95662890600005,13.409008508000056],[99.95663696700007,13.409039570000118],[99.95665057400004,13.409067497000024],[99.95667372600019,13.409099280000078],[99.95675662100007,13.409180578000075],[99.95691282700017,13.409328438000045],[99.95702954200016,13.409447594000142],[99.95705530900005,13.409482621999985],[99.95709042800001,13.409534896000082],[99.95712580200012,13.409618284000032],[99.95715816600011,13.409712123000077],[99.95716237500005,13.409728699000027],[99.95718200000016,13.409837182000047],[99.95718487000005,13.409880516000044],[99.95721021500009,13.410018002000072],[99.957236148,13.410086418000049],[99.95727253799998,13.410161029000108],[99.95728041500001,13.410177179000186],[99.95731041300002,13.410226350000073],[99.95734867099998,13.410268820000056],[99.95736183900004,13.410283435999986],[99.95753133100004,13.410443854000107],[99.95764204700009,13.410528001999978],[99.95797033600019,13.410750834000112],[99.95816466100018,13.410139547000085],[99.95816948800012,13.410130605000063],[99.95858949500018,13.40935242200004],[99.95893556800013,13.408938712000122],[99.95947557700015,13.408530808000137],[99.96018992900008,13.408246618000078],[99.96064598100014,13.408111998000095],[99.96110219700006,13.408025495000118],[99.96192691800019,13.407944906000125],[99.9631079830001,13.408090210000069],[99.9642995530001,13.40831685400019],[99.96556233100017,13.408719710000128],[99.96546680800014,13.40945488],[99.96539329600012,13.410150267000063],[99.96534427200015,13.410640727000157],[99.9653350960001,13.410821723000026],[99.965329085,13.410970389999989],[99.96533606400016,13.411064071],[99.96535631500018,13.41117709200006],[99.96543315400004,13.4114062270001],[99.96549646200009,13.411554629000136],[99.96556976600016,13.411725612000112],[99.96561331300012,13.411883780999972],[99.96565361800015,13.412058124000112],[99.96568055600005,13.412190507000162],[99.96574045900013,13.412313072000074],[99.96580687700015,13.412412990000178],[99.96594294900018,13.412596658000098],[99.96620447100014,13.412925848000157],[99.96621498300016,13.41293045599997],[99.96624005600017,13.41293226700003],[99.96628083000019,13.412934009000026],[99.9663644470001,13.412918952000098],[99.96643634900016,13.412886833000016],[99.96649655400006,13.412887027000068],[99.96656124500004,13.412928075000082],[99.96660405600011,13.412964822000163],[99.96668352699999,13.413042011000073],[99.96679811400014,13.413204129000178],[99.96686549200007,13.413335218999975],[99.96688650900012,13.413345852000077],[99.96694800100005,13.41340014900004],[99.96705425000005,13.413503345000038],[99.96722010300016,13.413653575000069],[99.96739340700015,13.41380923100013],[99.96778637100016,13.414104000000123],[99.96806396900018,13.414337413000169],[99.96828368900009,13.414492888000154],[99.96896548100017,13.415042835000065],[99.96933417200006,13.415303159000132],[99.96974950200013,13.415617835000035],[99.97004562500018,13.41584026900017],[99.97033058500017,13.41605728900015],[99.97050935400011,13.416184259000033],[99.97073749000015,13.416312102],[99.97075008600012,13.416318594000188],[99.97080964600008,13.416337456000178],[99.97093926900004,13.416431745000068],[99.97126759100007,13.416697845000044],[99.97131232700019,13.416734099000053],[99.97136899500009,13.416772158000072],[99.97175806500013,13.417033438000033],[99.97183750300013,13.41710181999997],[99.97189194300017,13.417184096000028],[99.97190142300008,13.417224466],[99.97191361600011,13.417476212000054],[99.97189749400019,13.417637748000118],[99.97187845100012,13.417769190000115],[99.9718336580001,13.417974369000149],[99.97182095200009,13.418004684000095],[99.97140548900006,13.418727382000043],[99.9707323880001,13.420053466000127],[99.97066532600002,13.420248214000082],[99.97050140000016,13.42077403400009],[99.97036038300013,13.4215289710001],[99.9702269070001,13.422368485000106],[99.97008265800014,13.423010299000111],[99.96977365300006,13.424287937000088],[99.96962443900014,13.424796142000162],[99.96957689000004,13.424977733000162],[99.97010317800004,13.424973651000187],[99.97069537600004,13.424960828999986],[99.97105082300004,13.42498581600006],[99.97132563800017,13.42504272900004],[99.97157889600015,13.425094454000146],[99.97175682200009,13.42515701200017],[99.97189180300018,13.425251357000093],[99.97219964600015,13.42548733700005],[99.97250738100013,13.425696963000178],[99.97290687800006,13.425964209000085],[99.97351166900012,13.426404578000188],[99.97428937200004,13.42699712000018],[99.97458114900013,13.427254242000117],[99.97469308800004,13.427443375000053],[99.97474920200005,13.427538187000096],[99.97476696400014,13.42759326700002],[99.97492913100012,13.428096145000097],[99.97505434600009,13.428438233000122],[99.97519520500015,13.428653768000117],[99.97536834600015,13.42886391400009],[99.97565499600006,13.429184292000116],[99.97588223700012,13.429457471000092],[99.97595834000009,13.42963636900015],[99.9759698950001,13.42983132400002],[99.97595481000019,13.430094899000096],[99.9758596640001,13.430532705000076],[99.97563178700017,13.431434809000109],[99.97545188200013,13.432215516000099],[99.97526730900006,13.43317542800014],[99.97518784700003,13.43349722400012],[99.97510547000007,13.433610269000155],[99.97469824700005,13.434017063000056],[99.9744388690001,13.43433323700009],[99.97422692300012,13.434582522000028],[99.97412362000017,13.434736338000164],[99.9740119240002,13.434920198999976],[99.97385125600005,13.435210975000075],[99.97367867200012,13.435505135000085],[99.9735161590001,13.43576090300013],[99.97326021200018,13.436083726999982],[99.97304989200018,13.43631466700009],[99.97294313300011,13.43645515600008],[99.97291450700004,13.436538645000155],[99.97290454500012,13.436603716000093],[99.97291159000008,13.436660387000074],[99.97294073300009,13.436705298000163],[99.97298345700011,13.43673848300017],[99.97314211600013,13.436792900000114],[99.97354475100019,13.43693642300019],[99.973614764,13.436977841999976],[99.97364730300012,13.437019405000115],[99.97365429000007,13.437062732000072],[99.97365172400004,13.437135519000151],[99.97363768800011,13.437175978000027],[99.97356841300018,13.437311535000163],[99.97333131599999,13.43766263599997],[99.97312982500011,13.437970248000056],[99.97298113000016,13.43827431800014],[99.9728292690001,13.438638434999973],[99.97263012400009,13.43910612000002],[99.97244428700009,13.439493713000047],[99.9723258520001,13.439697612000145],[99.97227166700014,13.439779531000056],[99.9721443570001,13.439895085000046],[99.97206292600004,13.439980445000174],[99.97203076400007,13.440032263000035],[99.97192759900014,13.44021943100006],[99.97180755200003,13.440446680000093],[99.971636553,13.440712484000073],[99.97151453600014,13.440873038000063],[99.97140597500015,13.440990189000047],[99.9712990540001,13.441092324000067],[99.97107827900004,13.44126660000012],[99.9708591770002,13.441432535000047],[99.97062808300007,13.441583506000029],[99.97050061300018,13.441659039000172],[99.9704387860001,13.441686920000052],[99.97060687800018,13.442005325000025],[99.97064007900019,13.442080957000087],[99.97064806700013,13.442143424000164],[99.97064050600011,13.44218701400007],[99.970623289,13.442236323000145],[99.97060486300012,13.442252984],[99.9705770180002,13.442278168000144],[99.97017539500007,13.44248804900019],[99.97001320900017,13.442575796000085],[99.96987040800019,13.442671038000128],[99.96983185599998,13.44270717000012],[99.96979722700007,13.442756549000023],[99.96978195800011,13.442809638000028],[99.9697707420001,13.44290816800003],[99.96975825300007,13.443169573999967],[99.96976675000013,13.44335893900012],[99.96977684500018,13.443463064000127],[99.96980050900015,13.443572825000047],[99.96983561000013,13.443640868000102],[99.96988237500017,13.443722128000047],[99.96993285600018,13.443765494000104],[99.97000656000006,13.443808769000043],[99.97009566000014,13.443831151000097],[99.9702001510002,13.443832644000167],[99.97027167300007,13.443815324000127],[99.9703141350002,13.443788644000051],[99.97033913300015,13.443748775000017],[99.97038322300006,13.443646335000096],[99.97042720800005,13.443517377000092],[99.97045218600016,13.4434737200001],[99.97049266600015,13.44343568700009],[99.9705544040001,13.44338999300004],[99.97064130000018,13.443346098],[99.97076300100002,13.44329638500011],[99.97087702200014,13.443261856000163],[99.97098338800009,13.443248186000119],[99.97108016500016,13.443255391000093],[99.97113829099999,13.443274107000036],[99.97118484500015,13.443302335000055],[99.97123529800012,13.443338124000093],[99.97128778900014,13.44340042400006],[99.97134036900019,13.443483553000135],[99.97137939400017,13.443564843000104],[99.97139120400004,13.443614035999985],[99.97138753900003,13.443665187000079],[99.9713586850001,13.44370696500016],[99.97127010600019,13.443813369000054],[99.97120078100005,13.443896969000036],[99.97116234300006,13.443961509000076],[99.97114130300008,13.444022194000183],[99.97111666600006,13.444151077000129],[99.97110223400011,13.444410602000175],[99.97110436000014,13.444457945000124],[99.97111801500012,13.444486300000051],[99.9711451760001,13.44450324100012],[99.97117035200006,13.44450882500007],[99.97121678100012,13.444506754000145],[99.97126702200006,13.444489512000132],[99.97137306000013,13.444394404000093],[99.97149640700013,13.444272717000047],[99.97159870200016,13.444207930000118],[99.97172418100018,13.44413548000017],[99.97194441300007,13.44404750700005],[99.97221696999998,13.443919930999982],[99.97227080400017,13.443894729000021],[99.97239575900011,13.443827310000074],[99.97248697500004,13.443774759000064],[99.97260533100007,13.443705053000144],[99.97269543600015,13.443647177000173],[99.97280731500007,13.443591344000083],[99.97285839200015,13.443571976000044],[99.97290297000006,13.443560081000044],[99.97294214800013,13.44355886700015],[99.97297371900015,13.443560874000013],[99.97300968400003,13.443572452000126],[99.97303152500018,13.443590477999976],[99.9730544790001,13.443614895000167],[99.97307423300015,13.443655301000149],[99.97309752900009,13.443763872000147],[99.9731213780002,13.444009874000074],[99.97314285400006,13.444207943000038],[99.97316049500017,13.444263276000072],[99.97318137400003,13.444312198000034],[99.97320655700008,13.444349388000091],[99.97324262500001,13.444386533000056],[99.97331144900005,13.444450188000076],[99.97342716200012,13.44453496799997],[99.97358210200014,13.444630252000081],[99.97364871200017,13.44468326100008],[99.97369460300013,13.44472676100014],[99.97375914600008,13.444807476000165],[99.97383034700016,13.444920124000078],[99.97394986,13.44513699100014],[99.97401346600014,13.445256061000066],[99.97404313499999,13.445325195000066],[99.97406632200006,13.445407136000028],[99.9740731190002,13.445473160000176],[99.9740733390002,13.445527493000156],[99.97406869000008,13.445574856000064],[99.97406706600015,13.445591437000076],[99.97405217400012,13.445676722000144],[99.97403948300007,13.445768391000172],[99.97403869400011,13.445842966000043],[99.97404655100013,13.445901528999968],[99.97406634600009,13.445951522000144],[99.97409046000013,13.445994044000088],[99.97412322500008,13.446021616000053],[99.974160304,13.446040648000064],[99.97420825500018,13.446054314000094],[99.97426379800004,13.446063687000105],[99.97429535800018,13.446062497000185],[99.97433235300014,13.446059159000072],[99.9743769120002,13.446043006000082],[99.97442793800013,13.446010848000071],[99.9744925710001,13.44595367900007],[99.97452229500004,13.445927384000072],[99.97462743000011,13.445818315000054],[99.97472268000018,13.445686912000099],[99.97480597400016,13.445559813000159],[99.97485366500013,13.445510621000153],[99.97487969700012,13.445488151000063],[99.97491554200019,13.445469899000159],[99.9749568540002,13.445458021000093],[99.9749982080001,13.445456795000155],[99.97507223500008,13.445460772000047],[99.97513646000016,13.445462650000024],[99.9751919520001,13.445458177999967],[99.97524088400007,13.445446265000157],[99.97528434000014,13.445426920000045],[99.97539075000003,13.445363654000175],[99.975443988,13.445340011999974],[99.97550377200014,13.445320605000063],[99.9755461960001,13.44531405000015],[99.97559952000012,13.445312775000104],[99.97567790400018,13.445316734000187],[99.97580419400015,13.44532476600017],[99.97590652300016,13.445329699000126],[99.97602626200006,13.445333492000145],[99.9760872120001,13.44533219400006],[99.97615793700004,13.445326592000129],[99.97627213000015,13.445304842000098],[99.97637215700018,13.445277823000083],[99.97643198200007,13.445269065000048],[99.9764581120001,13.445271097000045],[99.97649406500011,13.445279481000057],[99.97652025700017,13.44529642000009],[99.97655199700012,13.445339981000075],[99.97661236900012,13.445466517000057],[99.9766465130001,13.44556546399997],[99.97667411800018,13.44566229999998],[99.97670058500017,13.445748492],[99.97672255200013,13.445796344000087],[99.97674662200012,13.445828211000162],[99.97677830200013,13.44585685100003],[99.97681649400005,13.445880144000114],[99.97698219699998,13.445945552000182],[99.97714897300011,13.44600669099998],[99.9772100470002,13.446037348000118],[99.97723410600014,13.446064953000189],[99.97724620700018,13.446096865000186],[99.9772561370001,13.446129856000141],[99.97724882700004,13.446205523000117],[99.97721155400006,13.446409143999972],[99.97719765200014,13.446469924000041],[99.97716953700007,13.446514778],[99.9771067640001,13.446603444000061],[99.97704720700006,13.446678249000115],[99.97700832600015,13.44675297100008],[99.97698897900005,13.446813772000041],[99.97697942900015,13.446874535],[99.97697958400005,13.446912882000106],[99.97698514600017,13.446942691000174],[99.9769983720002,13.446983122000063],[99.97702690300014,13.447039475000167],[99.97710777200018,13.447120128],[99.97730883200012,13.447315367000101],[99.97769794400017,13.44771761800007],[99.97786619900012,13.447874635000176],[99.97791314600005,13.447910670000056],[99.97796004100007,13.447932861000027],[99.97799818700003,13.447945496000102],[99.97804937700005,13.447953825000184],[99.97810161500007,13.447952554000153],[99.97816034400006,13.447941671000024],[99.97833310200014,13.447866427],[99.97849925300011,13.447773094000013],[99.97856928600015,13.447731455000053],[99.97859541400015,13.447732772000052],[99.97862303300008,13.447744031000013],[99.97865366600018,13.447782264000068],[99.97872230500008,13.44788853000017],[99.97876203200008,13.44802331600016],[99.9788020630001,13.448231967000083],[99.97881830100005,13.448298663000116],[99.97883001600002,13.448325605000036],[99.97884894200018,13.448339736000037],[99.978886703,13.448346691000154],[99.97892297600009,13.448345131000053],[99.97896212600011,13.448336457000039],[99.97898818900006,13.448322152000173],[99.9790155890002,13.448279430000184],[99.97919834600015,13.44789804300018],[99.97923587200006,13.447846759000186],[99.97927784700005,13.447819608000145],[99.97931701900012,13.44781661200011],[99.9793533130001,13.447820735000164],[99.97938386600003,13.447839081999973],[99.97941010500017,13.447867387000088],[99.97942909300014,13.44789714500007],[99.97943958400003,13.447979488000044],[99.97944769200018,13.448189683000123],[99.97945669300009,13.448260671000128],[99.97947150400017,13.448334475000024],[99.9794992730001,13.448382662000029],[99.97955752000018,13.448432152],[99.97959823600019,13.448451879000174],[99.97964035300004,13.448458817000187],[99.97968675900012,13.448450115000185],[99.97993177500018,13.44839092300009],[99.97999706300004,13.448386406000168],[99.98010591000008,13.448387401000161],[99.98024382000011,13.448398229000134],[99.98031061500006,13.448407913000096],[99.98033393100002,13.448430547000157],[99.98035007700014,13.448475940000094],[99.98035178700007,13.44853985500015],[99.980342,13.448630797000021],[99.9802990280001,13.448770173000014],[99.98026471900016,13.448898144000054],[99.980239053,13.449010459000021],[99.98023072100005,13.449102821],[99.9802325660001,13.449199404000126],[99.98025649100003,13.449372606000054],[99.9802876400002,13.449538676000088],[99.98035106500004,13.449789847000034],[99.98038617500009,13.449857893000114],[99.9804474500001,13.449937200000022],[99.98050862100013,13.449990938000042],[99.98060615000009,13.45006441900017],[99.98069500000014,13.450143617000151],[99.98071837700007,13.450181878000024],[99.98073753300002,13.450252827000156],[99.98075098700008,13.450350785000069],[99.9807650780001,13.450603568000133],[99.98076840000004,13.45070583000006],[99.98079044500014,13.4507739230001],[99.98082549800012,13.45082918200012],[99.98090422000007,13.450915523000049],[99.98095814500016,13.45097213200006],[99.98098008700003,13.451014662000034],[99.9809977170001,13.451067148999982],[99.98099806400018,13.451152371000148],[99.98098551600003,13.451278842000022],[99.98098861500006,13.451327124000102],[99.98099453600008,13.451355509000052],[99.98101496700008,13.451383841000109],[99.98104697700006,13.451403602000028],[99.98135074200007,13.451514633000102],[99.98138567000012,13.451538642],[99.9814177470002,13.451575449000131],[99.98144115100018,13.45162081400008],[99.98145445000011,13.451679001000173],[99.98146993300008,13.451917573],[99.98149077100004,13.45191160600018],[99.98155545900005,13.451893090000056],[99.98163228600009,13.451871484000037],[99.98167346000014,13.451866461000066],[99.9816968720001,13.451864121000028],[99.98173727500017,13.451862617000074],[99.98178962600014,13.451863759],[99.9819122510001,13.451869122],[99.98194255700008,13.451869904000091],[99.9819609230002,13.451868932000025],[99.98197422600015,13.451865739000027],[99.98199622599998,13.451856214000031],[99.9821431100001,13.451784775000078],[99.9822704120001,13.451717472999974],[99.98231258600009,13.451698218000104],[99.98235806000008,13.451690090000113],[99.98239624500013,13.451688348000175],[99.98245149600018,13.451688133000061],[99.982624407,13.451700666000136],[99.98267014800018,13.451703978000012],[99.9829074480001,13.451708619000158],[99.98292772800016,13.45170058900004],[99.98295527600015,13.451680596000074],[99.98298845600004,13.451647859000104],[99.98300538300009,13.451613594000037],[99.98302146500004,13.45156939800006],[99.98302305900012,13.451565010000081],[99.98307113300001,13.451397003000125],[99.9831104430001,13.45127357400014],[99.98316359000012,13.451154859000155],[99.98319426600017,13.451104632000181],[99.98326140000006,13.45102802200006],[99.98328727000006,13.450996901000053],[99.98330012400004,13.450960265000049],[99.98332543200019,13.450789965000183],[99.9833389640001,13.450720716000035],[99.98334943300017,13.450696815000072],[99.98336236200004,13.450680061000128],[99.98337693100012,13.450665690999983],[99.98341422099998,13.450644068000088],[99.98355612700004,13.45057114000008],[99.98369236400004,13.450502211000185],[99.98384240400014,13.450431631000185],[99.98390487400019,13.450407526000049],[99.98394629100017,13.45040100400007],[99.98398285100018,13.450399270000105],[99.98404950600008,13.450406166000107],[99.98408693400017,13.450417153000046],[99.98417244100006,13.450462952],[99.98428651100005,13.45053805700013],[99.98438352600016,13.45061642000013],[99.98442190400016,13.450661606000097],[99.98447985800016,13.450725002000013],[99.98453705100019,13.450801926000167],[99.98457466700012,13.450859843000103],[99.98461320000018,13.450943997000138],[99.98465998800015,13.45105834300017],[99.98468550000013,13.451136978000022],[99.98470540000017,13.45123472600011],[99.98472793300016,13.451379391999978],[99.98475041100005,13.451511328000095],[99.98477701900015,13.451659156000062],[99.98478690800016,13.45169332000006],[99.98478912800016,13.45169739],[99.98480318900016,13.451711656000157],[99.98481463600012,13.451717866000138],[99.98486428100006,13.451736758000095],[99.98490820700016,13.451748517000055],[99.98491438000002,13.451751077000097],[99.98493830400008,13.45176359200019],[99.98495464100012,13.451776172000166],[99.98500692300013,13.451843574],[99.98507654300005,13.451925964000111],[99.985114663,13.451981450000062],[99.98513514600018,13.452012674000173],[99.9851425830002,13.452032329000133],[99.98515245800019,13.452063310000085],[99.98515422999998,13.452099093000129],[99.98515439,13.452138064000053],[99.98514800700008,13.452165927000124],[99.98512144400013,13.452228067000135],[99.98507473200016,13.452330054000129],[99.98506266700014,13.452360322000175],[99.98505550700008,13.452398526000138],[99.98505323300009,13.452439097000024],[99.98505257900018,13.452478073000066],[99.98505759400018,13.452511456000025],[99.98507302000019,13.452564508000023],[99.98510264400016,13.452654763999988],[99.98512302600005,13.452721344],[99.98512722800007,13.452742801999989],[99.98512704200004,13.452809016000174],[99.98512404200017,13.45285779000011],[99.98511911600013,13.45288241500009],[99.98511013100017,13.452920477000077],[99.98509837000017,13.45295139000001],[99.9850665890001,13.453003859000034],[99.9849806950001,13.453124537000065],[99.98496617400008,13.453150543000106],[99.98495715900015,13.453181448000066],[99.984952706,13.453210543000068],[99.98494876400002,13.453252615000167],[99.98494979700007,13.453281689999983],[99.98495309000003,13.453304492000143],[99.98496003700018,13.453327283000135],[99.98496742900011,13.45334604400017],[99.98498309000007,13.453375060000099],[99.98501806600012,13.453433533000066],[99.98504938600018,13.453492015000108],[99.98507015800016,13.453541145000088],[99.98508220600007,13.453581364000115],[99.98509616600018,13.453642151000054],[99.98510792800005,13.453723972000034],[99.98510949500013,13.45377138900011],[99.98510647200015,13.453815244999987],[99.98510062800017,13.453838530000098],[99.98508428900016,13.453867229000025],[99.98506474000004,13.453893701000084],[99.9850365060002,13.453918864000173],[99.98500870700013,13.45393910200005],[99.98496813800006,13.4539665530001],[99.98493575500015,13.453990115000067],[99.98490176700017,13.45402445000019],[99.98485726700005,13.45407234300012],[99.98480790100001,13.45412184700018],[99.98476102300003,13.454183272000023],[99.98472302900012,13.454231936000099],[99.9846769560001,13.454292561000045],[99.98463710600004,13.454349939],[99.98461879300004,13.454376302000185],[99.98459376600016,13.454416164000065],[99.98456715499998,13.454466375000038],[99.98453824500012,13.454550795000102],[99.98446285200015,13.45479366700016],[99.98440029200015,13.45499513100009],[99.98435856000009,13.455122550999988],[99.98433701000005,13.455218869000134],[99.98432839700013,13.455298438000057],[99.98431750300011,13.455416188000072],[99.98431692700007,13.455474253000148],[99.98432032200009,13.45550923400009],[99.98433858900012,13.45560539700017],[99.98435435400006,13.455684870000084],[99.98436196500006,13.455757216],[99.98437117600002,13.455823989000123],[99.98438037200009,13.455887576000123],[99.98438556500008,13.45596470400011],[99.984379494,13.456070510000188],[99.98436625700009,13.456212128000175],[99.98433795400013,13.45644368600017],[99.98430002300012,13.456820950000122],[99.98424296400009,13.45732253600005],[99.98417329300008,13.457950584000116],[99.98413162600013,13.458469251000167],[99.98409023500017,13.459054338000158],[99.98427473600003,13.45908783200008],[99.98458157300013,13.459142067000016],[99.98487732500007,13.459195142000056],[99.98516445800016,13.459249459000034],[99.98543308300009,13.459294204000116],[99.98557477600013,13.459315343000185],[99.98567947600009,13.459322160000113],[99.98579769300005,13.45932410600011],[99.98591590100006,13.45932244100004],[99.98597375800011,13.459318597999982],[99.98603035200017,13.459306325000114],[99.98610411600009,13.459277112000109],[99.9862442480001,13.459216303000119],[99.98637449100016,13.459147092000023],[99.98646906800008,13.459088873000098],[99.98663370200018,13.458999044],[99.98673817000014,13.458949218000157],[99.98683895700003,13.458904234000158],[99.9868795380001,13.458890816000121],[99.98692752400018,13.458882192000146],[99.98697801200007,13.45888199400008],[99.9870235910002,13.45888663300002],[99.9870802910001,13.458899669000061],[99.9871197700001,13.45891879900006],[99.98716920800007,13.458963197000173],[99.98727440099998,13.459091737000165],[99.98732640000014,13.459159027],[99.98735854000012,13.459190237000143],[99.9873968180001,13.459215393000079],[99.9874375220001,13.459232109000027],[99.98750406800008,13.459245101000022],[99.98760137200014,13.459250745000134],[99.98769254600006,13.459263646000068],[99.98777021500018,13.459286237000072],[99.98788369100015,13.45933159100008],[99.98799650700005,13.45938367500014],[99.9880386640001,13.459402832000023],[99.98807247900015,13.459414394000078],[99.98810940200008,13.459423403000073],[99.9881452640002,13.459428343000127],[99.98822267500015,13.45942956700003],[99.9882683840001,13.459428875000128],[99.98832447000012,13.459424082],[99.9883701550001,13.459416274999967],[99.98840232400016,13.459406999000123],[99.98846251700007,13.459389981000129],[99.98852372300018,13.459367369],[99.98864456600012,13.459319102000052],[99.98870733700011,13.459298007000143],[99.98874988300003,13.459284621000108],[99.98883172300009,13.459271351000098],[99.98889819000016,13.45926386300016],[99.98899175600008,13.459259877000022],[99.98915673900012,13.459254406000184],[99.9894780950001,13.459245913000132],[99.98970956100004,13.45923776900014],[99.99001740000006,13.459235355000146],[99.99007760900014,13.459235118000038],[99.99029937800009,13.459234245],[99.99054936300007,13.459236874000169],[99.9908289240002,13.45924662200008],[99.99114175100004,13.459259849000034],[99.99147551400006,13.45927420300012],[99.99162452200011,13.45928444100008],[99.99172432600005,13.459291299000142],[99.99206919500006,13.459311633000027],[99.99233774300006,13.45933828900013],[99.99245845800004,13.459347454000067],[99.99274425100015,13.459374048000143],[99.99308302600019,13.459410072000082],[99.99339347500006,13.459443796000073],[99.99340072500013,13.45941002000012],[99.9934103700001,13.459360572000094],[99.993429805,13.45929541300012],[99.99345655600018,13.459213353000052],[99.99349910200016,13.459079412000108],[99.99353309800011,13.458962371000098],[99.99355731100007,13.45886224300017],[99.99358767300009,13.45875968300004],[99.99361794000004,13.458634221000125],[99.99363720700012,13.45852809300004],[99.99365889400008,13.458412306000128],[99.99367182600008,13.458264015000054],[99.99369545300016,13.458021677999966],[99.9937056010001,13.45790669400003],[99.99396702000013,13.457921025000076],[99.9942219790002,13.45793628700011],[99.99433743000009,13.457938543000125],[99.99436633800013,13.457782957],[99.99442523800008,13.457508844000188],[99.99449435700018,13.45725005700018],[99.99458183000002,13.456962268999973],[99.99465181500005,13.45668992100019],[99.99471739400008,13.456468208000047],[99.99483141400009,13.456124274],[99.99491174300005,13.455896177000056],[99.99495082800019,13.455744167000091],[99.99499531200013,13.455558693],[99.99503275400002,13.455456401999982],[99.99545364400007,13.455681777999985],[99.99598880000008,13.455993175000117],[99.99650958100011,13.456225663000168],[99.99652151300006,13.456232690000093],[99.99674843600008,13.456366384000148],[99.99696675700011,13.456229662000055],[99.99716528400012,13.456161626000096],[99.9974306530001,13.45609196600003],[99.99778633000017,13.456067008000048],[99.99807015300007,13.45608932500005],[99.99908075800016,13.456200376000083],[99.99955088100006,13.456276886000012],[99.99968434600015,13.45627635600016],[99.99999499700004,13.456239453000023],[100.00007503200015,13.456229944000029],[100.00010899100005,13.45622386000008],[100.00030181300019,13.456189324000093],[100.00083592000004,13.456093661000068],[100.00078416600002,13.456282417000068],[100.00070006100009,13.45658699300003],[100.00055728400008,13.456998936000105],[100.00049231400004,13.457250861000034],[100.0003867050001,13.457550389000176],[100.00025965400016,13.457833264000044],[100.00014784400014,13.458101616000022],[100.00026841800019,13.458118942000056],[100.00042461000015,13.458134638000104],[100.00054285800013,13.458138618000078],[100.00080206600012,13.458142037000073],[100.00107339100009,13.458142440000188],[100.0012454350001,13.458143240000084],[100.00149932400006,13.458143711000048],[100.00174867600009,13.458145686000137],[100.00195558300004,13.458146345999978],[100.0021837050001,13.458145436999985],[100.0023390790002,13.458147042000064],[100.00248231300014,13.458146471000077],[100.00258390900018,13.458141995000062],[100.00259512200012,13.458141498000145],[100.0026191930001,13.458140439000147],[100.00506959700016,13.458180103000018],[100.00549902200004,13.460197449000134],[100.00586641300015,13.461473341000044],[100.00602114000009,13.462230898000087],[100.00623491600004,13.463012941000045],[100.00629575200009,13.463465958000143],[100.00628836100009,13.463713219000056],[100.00626589299998,13.464380834000167],[100.00622534000013,13.464751844000148],[100.00619290100019,13.465048651000075],[100.0061865460001,13.465543142000058],[100.00612939800016,13.465971906000163],[100.00603038300005,13.46645852100005],[100.00588102300014,13.466986544000122],[100.00577335100013,13.467415514000095],[100.00559497199998,13.467953621999982],[100.00568633699999,13.467952771],[100.00588121100014,13.467942714000174],[100.00613080700003,13.46791903000019],[100.00660258700015,13.467864554000073],[100.00717955700009,13.467812651000145],[100.00751160000016,13.46778687900013],[100.00766641200016,13.467781368000146],[100.00782879000008,13.467792937000127],[100.00791117500006,13.46778527700019],[100.00797851900012,13.467765450000059],[100.00813546100017,13.467671945000063],[100.00827496300013,13.467588278000164],[100.00838699899998,13.467504727000062],[100.00850668700014,13.467399050000154],[100.0085620810001,13.467363066000189],[100.00861355799998,13.467337616],[100.00877312900013,13.467275870000037],[100.00905000600005,13.467196547000185],[100.0094392100001,13.467104548000123],[100.00955899000007,13.46708207200004],[100.00969375300014,13.467059532000121],[100.00976616400015,13.467056795000133],[100.0099910140001,13.467077891000088],[100.01011605200017,13.467099614000063],[100.01019053800007,13.467107567000085],[100.01029027100009,13.467105791000108],[100.01049672500011,13.46709533700016],[100.01068487000015,13.467072580000092],[100.0107971560002,13.467048754000075],[100.01087992900005,13.467023676000167],[100.01092338600017,13.467001504999985],[100.01097239300003,13.46696418300013],[100.01104657900015,13.466900641],[100.01109560000003,13.46686607700019],[100.01114327400006,13.466845262000163],[100.01125550600011,13.466809061000049],[100.01168216500014,13.46671660700008],[100.0118590150002,13.466680146000158],[100.01205687800018,13.466629852999972],[100.0122840750002,13.466542325000034],[100.01250843800005,13.466446559000076],[100.01269903000019,13.466337175000092],[100.01299190800006,13.466168264000089],[100.01315704400008,13.466064766000045],[100.01321047800002,13.466031273],[100.01332960300005,13.46596480300002],[100.01356934900014,13.465853848000165],[100.01389044400014,13.465712321000126],[100.01414848100012,13.465608164000116],[100.01438119699998,13.465484389000096],[100.01444733800008,13.46544920800011],[100.01446104500002,13.465441920000046],[100.01475553300008,13.465321119000066],[100.01504864900016,13.465208573000155],[100.0150865240002,13.465194672000166],[100.01512721000017,13.465182133000098],[100.01516371200017,13.46517786000004],[100.0152339670002,13.465181702000166],[100.01532674700007,13.465196450000121],[100.01546170800015,13.46522203000012],[100.01560357200015,13.465257412000028],[100.01568686200011,13.465264967000053],[100.01583793999998,13.465260834000162],[100.01605430500007,13.465228565000018],[100.01610158300008,13.465402659000063],[100.0161212500002,13.465507544000104],[100.01612458400012,13.465577838000058],[100.0161188730001,13.465663026000186],[100.01610797900008,13.46571951500016],[100.01608396800009,13.46578397899998],[100.016051833,13.465841542000021],[100.01599042000004,13.465915069000175],[100.01594311600019,13.465973686000154],[100.01592007900013,13.466030224],[100.01591617300016,13.466062918000091],[100.01591533700008,13.466104512000129],[100.01592051800009,13.466134203000024],[100.0159337720001,13.466156921000106],[100.01595103700004,13.466172698000094],[100.01597436000009,13.46618448800018],[100.01607562700002,13.466204872999981],[100.0163783100001,13.466241277000165],[100.01642693300016,13.466254944000127],[100.01645838100012,13.466274622000185],[100.0164898770002,13.466305193000153],[100.01651125300003,13.466335803000163],[100.01652352400009,13.466366454000138],[100.01653180900013,13.466411973000106],[100.01653096100006,13.466450595000083],[100.01652607800008,13.46649220200004],[100.01651112300004,13.46654474800016],[100.01648702900013,13.466589407000185],[100.01635527399998,13.466778084000111],[100.01620856100004,13.467016343000182],[100.01606564500008,13.467197148000139],[100.016036521,13.46724776800005],[100.01603458700004,13.467268570000158],[100.01604176400019,13.467291314000079],[100.01605784800006,13.467307482000024],[100.01610840600017,13.467353049000167],[100.01621660600006,13.46741774800006],[100.01626898500007,13.467468586],[100.01628715900011,13.467512526000121],[100.01629827100015,13.467588182000156],[100.01629320900008,13.467667424000126],[100.01622320500019,13.468128947000025],[100.01621983900009,13.468183533000115],[100.01623083300012,13.468231019000143],[100.01624893100018,13.468257353000183],[100.01630666000005,13.46829760900016],[100.01643282200018,13.468355195000129],[100.01652296300011,13.468404125000063],[100.01657891400004,13.468447904000072],[100.01662775300008,13.46851284700017],[100.01667492200016,13.468607721000012],[100.01668783300005,13.468683367999972],[100.01668812300011,13.468752023999969],[100.01668845800003,13.46883124600015],[100.01667254300003,13.468896447000134],[100.01664587200008,13.468970490000117],[100.01661729500012,13.469018142000152],[100.01658507200017,13.469055239000113],[100.01653126500008,13.469092424999985],[100.01643079900015,13.469154449000143],[100.01638059800013,13.469193386000086],[100.01634656700008,13.469228727000086],[100.01625722700015,13.469369928000106],[100.01621446900015,13.469466925000063],[100.01619318600007,13.469539188000113],[100.01616842300007,13.469637876000093],[100.01612746700005,13.469736627000032],[100.01607026100015,13.469821358],[100.0159970090001,13.469939604],[100.01593084400008,13.470031413000072],[100.01587190000015,13.470130243000085],[100.01581674300013,13.47027481900011],[100.0157476780002,13.470532123000112],[100.01570366400011,13.470757641000091],[100.01567208200015,13.470946138000158],[100.01564630200016,13.471231434000117],[100.01563139600017,13.471536052000147],[100.0156210510001,13.471641724000165],[100.01559624900017,13.471731606000162],[100.01556428000009,13.471828559000073],[100.0154755060002,13.472105310000131],[100.01545618900013,13.472218056000088],[100.01544245300005,13.472371271000043],[100.0153831770001,13.472818666000023],[100.01532783100015,13.473343503000024],[100.0152810470002,13.473766204000071],[100.01523779600006,13.474173043000064],[100.01520618100005,13.474354496999979],[100.0151637890001,13.47465972000009],[100.01514438599997,13.47485686400006],[100.015131832,13.474999508000167],[100.01513548700007,13.475145060000102],[100.01514326100016,13.475309411000126],[100.01514271800005,13.475421314000073],[100.01514197800014,13.47548568100018],[100.01513415500011,13.47555007900013],[100.01511922800006,13.475608568000098],[100.01510023300017,13.47566508500006],[100.01506411200012,13.47573653100011],[100.01495578400005,13.475961755000128],[100.01493780400011,13.47601728300009],[100.01493493800007,13.476056902000096],[100.01493728700018,13.476134138000077],[100.01494396800013,13.476278689000026],[100.01494414800015,13.476321264000092],[100.01493620800017,13.476357939000025],[100.01490419300012,13.476444221000065],[100.01486706800017,13.476518640999984],[100.01482499000002,13.476618823000138],[100.01480509900006,13.476700105000077],[100.01478922600012,13.4767744400001],[100.01475671600008,13.476983513999983],[100.01472800800019,13.477135138000108],[100.0147140840001,13.477191641000104],[100.01467694100012,13.477262098000153],[100.01462259700008,13.47733163600003],[100.01456618700001,13.477392272000088],[100.01451075500006,13.477444978000165],[100.01447545300016,13.477470866000033],[100.01435767499999,13.477550037000071],[100.0144306050002,13.477717913000106],[100.01455158300007,13.477942153000185],[100.01469353700008,13.478189301000043],[100.01491166000011,13.478553605000172],[100.01503527900013,13.478782947000127],[100.01514555200009,13.478943387000072],[100.0152189740001,13.479027365000093],[100.01528969300006,13.479088372000092],[100.01536557100007,13.479136590000167],[100.01545183500014,13.479174552000131],[100.01556681600016,13.479212387000132],[100.01566350600012,13.4792451940001],[100.01571843300013,13.479275618000145],[100.015804855,13.47934677600017],[100.01593332400006,13.479491824000092],[100.01607363600016,13.479655621],[100.01622108600009,13.47982329100006],[100.01623669200012,13.479855031],[100.01624149200018,13.479891352000095],[100.01623548900011,13.479935301000069],[100.01617425800015,13.480146991000026],[100.01616779800014,13.48021302400008],[100.01617029400018,13.480254970000146],[100.01617034600014,13.480267233000177],[100.01617125600006,13.480271230000085],[100.01617794700019,13.480300393000107],[100.01619211700012,13.480340313],[100.01621036000012,13.480391688999987],[100.01625062000005,13.480473750000158],[100.0163320920002,13.480611324000165],[100.01640294000003,13.480705528000101],[100.01651307499998,13.480830218000165],[100.01664929900011,13.480954803000031],[100.01686674700011,13.481158220999987],[100.01710005400014,13.481410101000051],[100.01734914800016,13.481690009000147],[100.01752742000019,13.481885924000096],[100.01768995200013,13.482061485000145],[100.01790227300017,13.482285354999988],[100.01806742700018,13.482463449000022],[100.01822219200011,13.48265180200002],[100.01841640900011,13.482916605000185],[100.0185634720001,13.48313563400012],[100.01874453500005,13.483372405000068],[100.01893345400015,13.48361680100004],[100.01908026000007,13.483774537000102],[100.019143193,13.483845789000156],[100.01914734299999,13.483847936000075],[100.0191667970002,13.483893627000043],[100.01915980000007,13.483953985000028],[100.0191508310001,13.483996553],[100.01895095200018,13.484335591],[100.0188585640002,13.484432462000143],[100.01872077300004,13.484530901000028],[100.01825552400004,13.48473880000006],[100.01801416000012,13.484854533000146],[100.01792379000011,13.484938458000045],[100.01785349900007,13.485029921999967],[100.01780871400018,13.485166046000074],[100.01778402300016,13.485326406000183],[100.01774294400008,13.485816415000158],[100.01775023500005,13.485915070000033],[100.01776858100015,13.48596467700014],[100.01782322900004,13.486024786000087],[100.01789224900006,13.486052900000061],[100.01790411400009,13.486057047000145],[100.01795752400005,13.486067929000171],[100.0188653830001,13.48612466200018],[100.01957907300005,13.486195101000021],[100.02048234900013,13.486273055000083],[100.02119747500018,13.486347624000132],[100.02179622600005,13.486426998000127],[100.02188773500006,13.486445802999981],[100.02201514700016,13.486471984000104],[100.02206888600006,13.486702109000078],[100.02214174600005,13.48696038300011],[100.0222011670001,13.487126138000065],[100.02225383400008,13.487237650000054],[100.02241471200006,13.487482798000087],[100.02255588500014,13.487696102000143],[100.02259532900018,13.487766176999969],[100.02260531500013,13.487814017000062],[100.02259573700002,13.487861935000126],[100.0225764000001,13.487916280999968],[100.0225179840001,13.487988741000095],[100.02212446300013,13.488457211000139],[100.02180634000018,13.488838745000123],[100.02153555000018,13.489163066],[100.02118863400005,13.489565500000083],[100.02072310800008,13.490124039000023],[100.02052546500016,13.490391192],[100.02049208800014,13.490454172000113],[100.02047700800017,13.490502115000083],[100.02048335400013,13.490555965000055],[100.02050801200005,13.490600753000024],[100.02056623500016,13.490641544000141],[100.02067363800006,13.490716793000047],[100.021455575,13.491213395000102],[100.02191258500017,13.491528765999988],[100.02246152100014,13.491888642000106],[100.02291851300009,13.492201018],[100.0233448080001,13.492483588000141],[100.02361459700012,13.492641104000029],[100.02394880800017,13.49284622700003],[100.02430437800012,13.493039310000086],[100.02467824900003,13.49322033400017],[100.02517761700017,13.493427784000119],[100.02552671200016,13.493537085000185],[100.02583598300009,13.493628598000043],[100.02628911700009,13.493752438000115],[100.0266136030001,13.493825936000178],[100.02671159700009,13.49385845200004],[100.02676067300001,13.49389116500015],[100.02682210400008,13.493953768000097],[100.0269666550002,13.4941447060001],[100.02715727900016,13.494383339000024],[100.02731092800019,13.494556291000151],[100.02746442500018,13.494693326000174],[100.0276546300002,13.494833205000134],[100.02786322200006,13.494981986000084],[100.02815530900017,13.495166705000031],[100.02847509800006,13.49539434400009],[100.02853952900011,13.495443452000075],[100.02856722800004,13.49548374900013],[100.0285811980001,13.495533065000132],[100.02858373000015,13.495589172000052],[100.028572569,13.495661043000041],[100.02847033500012,13.496155631000136],[100.0282975090002,13.496863361000067],[100.02811336800016,13.49760481200002],[100.02794416799998,13.498263904000055],[100.02771864200014,13.499162639000076],[100.02754020500004,13.499882064000133],[100.02747437600004,13.500147491000178],[100.02725257900005,13.501023766000117],[100.02701923900014,13.50188512300008],[100.02684248700007,13.50256669100014],[100.02666549900016,13.503195884000093],[100.02657518300015,13.503529184000115],[100.02645860799998,13.503982314000154],[100.02636820000015,13.504296914000065],[100.02627754600013,13.504551671000058],[100.02627364800014,13.504561636000119],[100.02637719000018,13.504623010000046],[100.02677066300015,13.504840317000173],[100.02780409900004,13.505411055000138],[100.02909080400019,13.50585436700004],[100.029106076,13.505898575000117],[100.02911563200013,13.506016586000044],[100.0291252200002,13.506143451000128],[100.02912590300014,13.506302815000026],[100.02914808900005,13.506553585000177],[100.02920317700017,13.50673928599997],[100.02927953300008,13.506963267000117],[100.02937376500006,13.50713405700003],[100.02940175300006,13.507331672000134],[100.02938730900013,13.507479293000188],[100.02937918800006,13.507540027000061],[100.02937269600005,13.507588553000176],[100.0293850110001,13.507647525999971],[100.02944408300004,13.507708185000126],[100.02951576800018,13.507781798999986],[100.02958244600018,13.507801072000063],[100.03000423900016,13.507922982000025],[100.03000433700004,13.507923014000028],[100.03028977300016,13.508021228000189],[100.03033020400005,13.508027189000074],[100.03036739800012,13.508029764000185],[100.03039130100007,13.508028191000108],[100.03041608400008,13.508023233000074],[100.03044955900009,13.50800840400018],[100.03051611500007,13.507961115000114],[100.03054754300018,13.507919542000138],[100.03055591300017,13.507904056000086],[100.03057211999999,13.507849849000138],[100.03057382000014,13.507783421000113],[100.03056742400014,13.507722650000176],[100.03055976300016,13.507684707000124],[100.0305035670001,13.507524663000027],[100.03048461800006,13.507446726000069],[100.03047322900011,13.507366277000074],[100.030468069,13.507288815000038],[100.03047296100004,13.507223926000108],[100.03048578700003,13.507153585000083],[100.03062142000016,13.506718996000075],[100.03062479200008,13.506708192000076],[100.03066342400012,13.506602251000118],[100.03067191800011,13.506587966000097],[100.03069584000013,13.5065762750001]]]}},{"type":"Feature","properties":{"districtCode":"TH7502","provinceCode":"TH-75","nameTh":"อำเภอบางคนที","shapeName":"Bang Khonthi","shapeISO":"TH7502","shapeID":"TH7502","shapeGroup":"THA","shapeType":"ADM2","labelPoint":[99.94093292,13.47789996]},"geometry":{"type":"Polygon","coordinates":[[[100.01162504500002,13.513593629000184],[100.01166715100015,13.513591172000076],[100.01174050300017,13.513594461000082],[100.01174657500013,13.513593294999964],[100.01183576900007,13.513576136999973],[100.01189795600015,13.513540001000024],[100.01193137400008,13.513517432000185],[100.01193671400017,13.513511334000043],[100.01197061100004,13.513465331000077],[100.01199299000018,13.513423353000121],[100.01201112400008,13.513362563999976],[100.012002495,13.513317437000069],[100.01185713100006,13.513010771000097],[100.01162025300016,13.512384850000103],[100.01161586500018,13.512358508000034],[100.01161920800018,13.512332002000164],[100.01163020500013,13.512301545000014],[100.01164135900012,13.512278655000102],[100.0116641960002,13.512259307000079],[100.01170250000013,13.512239651000073],[100.01172508500014,13.5122271890001],[100.01180216700016,13.512192283000047],[100.0118500480001,13.512171907000152],[100.01195155400012,13.512158246000183],[100.01204273200005,13.512146231000145],[100.01208063700005,13.512133336999966],[100.01213772200009,13.512099274000093],[100.01240760500013,13.51191824600005],[100.0124705790002,13.51187660100004],[100.01269474500009,13.511728377000054],[100.0127947360001,13.511696101000041],[100.01289546700019,13.511701619000121],[100.01303102700018,13.511706428000082],[100.01316234600012,13.511692425000092],[100.01341731600007,13.511668358000122],[100.01354076799998,13.511646978000158],[100.01362524400008,13.511611276000053],[100.01370552600014,13.511560512000074],[100.0138006480002,13.51147545300006],[100.01408031900013,13.511125844],[100.01424359300017,13.51096001500008],[100.01438523700017,13.510877754000091],[100.0145077430002,13.510807209],[100.01466061600013,13.510702069000047],[100.01475968900007,13.510620642000163],[100.01488638200016,13.510565141000086],[100.01529839400013,13.510447137000085],[100.01583026800006,13.510319132000063],[100.01587242500011,13.510295592000091],[100.01592211100012,13.510260567000103],[100.01597162900015,13.510217959000101],[100.01605128700015,13.510129371000062],[100.01637348200006,13.509759767000048],[100.01639097100019,13.50974758000001],[100.0164808020001,13.50969598],[100.01654802300004,13.509655799000143],[100.01671121600015,13.509641476000127],[100.01671218200005,13.509641388000091],[100.01688251900003,13.509654548000128],[100.01693697800016,13.509679199000118],[100.01737421000013,13.509877140000071],[100.01747676500014,13.509902762000081],[100.01760701300009,13.50989458700019],[100.01770863600007,13.509870381000155],[100.01793321600019,13.509749531000068],[100.01829919500017,13.509609195000053],[100.01837852800008,13.509607575000075],[100.01846921600014,13.509605733000114],[100.01864459000006,13.509652476000156],[100.01881676900018,13.509698368000045],[100.01891868700011,13.509690760000126],[100.01901474000016,13.509672197999976],[100.01907681100005,13.509654332000139],[100.01914947400007,13.509597469000141],[100.01923322099998,13.509523777000084],[100.01940476200008,13.50928766400017],[100.01954958800013,13.509140708000075],[100.01956801600011,13.509122019000017],[100.01958858900008,13.50910115],[100.01962763600005,13.509081089],[100.01966591900009,13.509061416000065],[100.01967844900008,13.509054980000087],[100.01980300300005,13.509033963000036],[100.02005160400012,13.50899200900011],[100.02014203500005,13.508973558000093],[100.02024307400018,13.50891609600012],[100.02039418200008,13.508802221000053],[100.02067286700009,13.508525058000146],[100.02095238800007,13.508292187000109],[100.021558599,13.507925153000144],[100.0222367410002,13.507567596000115],[100.0223280100002,13.50751169900002],[100.02245759100015,13.507434454000133],[100.02252909200013,13.507392534000019],[100.02255673400009,13.507380917000035],[100.02258273000012,13.507366009000066],[100.02266994600006,13.50733497200008],[100.02272639900019,13.507315443000152],[100.02276611400004,13.507301704000156],[100.02284843500018,13.507283445000155],[100.02288694300017,13.507274915000153],[100.02295954400006,13.507262505000028],[100.0231890870001,13.50722327700015],[100.02340621500014,13.507193896000103],[100.02341847100007,13.507190996000077],[100.02348021600011,13.507176328000071],[100.02351580800007,13.507162769000104],[100.02353835100007,13.507148807000021],[100.02355381600017,13.507142883000085],[100.02369009900019,13.507063427000048],[100.02384650500017,13.506975125000054],[100.02396709900017,13.50689354400015],[100.02408102600009,13.506822941000053],[100.02416815100014,13.506772179000109],[100.02428599199999,13.506703748000064],[100.02458219000016,13.506834031000096],[100.0252779430001,13.507170897000094],[100.02530868600007,13.507184041000073],[100.02532389800007,13.507147629000087],[100.02617074600016,13.504841828],[100.02627364800014,13.504561636000119],[100.02627754600013,13.504551671000058],[100.02636820000015,13.504296914000065],[100.02645860799998,13.503982314000154],[100.02657518300015,13.503529184000115],[100.02666549900016,13.503195884000093],[100.02684248700007,13.50256669100014],[100.02701923900014,13.50188512300008],[100.02725257900005,13.501023766000117],[100.02747437600004,13.500147491000178],[100.02754020500004,13.499882064000133],[100.02771864200014,13.499162639000076],[100.02794416799998,13.498263904000055],[100.02811336800016,13.49760481200002],[100.0282975090002,13.496863361000067],[100.02847033500012,13.496155631000136],[100.028572569,13.495661043000041],[100.02858373000015,13.495589172000052],[100.0285811980001,13.495533065000132],[100.02856722800004,13.49548374900013],[100.02853952900011,13.495443452000075],[100.02847509800006,13.49539434400009],[100.02815530900017,13.495166705000031],[100.02786322200006,13.494981986000084],[100.0276546300002,13.494833205000134],[100.02746442500018,13.494693326000174],[100.02731092800019,13.494556291000151],[100.02715727900016,13.494383339000024],[100.0269666550002,13.4941447060001],[100.02682210400008,13.493953768000097],[100.02676067300001,13.49389116500015],[100.02671159700009,13.49385845200004],[100.0266136030001,13.493825936000178],[100.02628911700009,13.493752438000115],[100.02583598300009,13.493628598000043],[100.02552671200016,13.493537085000185],[100.02517761700017,13.493427784000119],[100.02467824900003,13.49322033400017],[100.02430437800012,13.493039310000086],[100.02394880800017,13.49284622700003],[100.02361459700012,13.492641104000029],[100.0233448080001,13.492483588000141],[100.02291851300009,13.492201018],[100.02246152100014,13.491888642000106],[100.02191258500017,13.491528765999988],[100.021455575,13.491213395000102],[100.02067363800006,13.490716793000047],[100.02056623500016,13.490641544000141],[100.02050801200005,13.490600753000024],[100.02048335400013,13.490555965000055],[100.02047700800017,13.490502115000083],[100.02049208800014,13.490454172000113],[100.02052546500016,13.490391192],[100.02072310800008,13.490124039000023],[100.02118863400005,13.489565500000083],[100.02153555000018,13.489163066],[100.02180634000018,13.488838745000123],[100.02212446300013,13.488457211000139],[100.0225179840001,13.487988741000095],[100.0225764000001,13.487916280999968],[100.02259573700002,13.487861935000126],[100.02260531500013,13.487814017000062],[100.02259532900018,13.487766176999969],[100.02255588500014,13.487696102000143],[100.02241471200006,13.487482798000087],[100.02225383400008,13.487237650000054],[100.0222011670001,13.487126138000065],[100.02214174600005,13.48696038300011],[100.02206888600006,13.486702109000078],[100.02201514700016,13.486471984000104],[100.02188773500006,13.486445802999981],[100.02179622600005,13.486426998000127],[100.02119747500018,13.486347624000132],[100.02048234900013,13.486273055000083],[100.01957907300005,13.486195101000021],[100.0188653830001,13.48612466200018],[100.01795752400005,13.486067929000171],[100.01790411400009,13.486057047000145],[100.01789224900006,13.486052900000061],[100.01782322900004,13.486024786000087],[100.01776858100015,13.48596467700014],[100.01775023500005,13.485915070000033],[100.01774294400008,13.485816415000158],[100.01778402300016,13.485326406000183],[100.01780871400018,13.485166046000074],[100.01785349900007,13.485029921999967],[100.01792379000011,13.484938458000045],[100.01801416000012,13.484854533000146],[100.01825552400004,13.48473880000006],[100.01872077300004,13.484530901000028],[100.0188585640002,13.484432462000143],[100.01895095200018,13.484335591],[100.0191508310001,13.483996553],[100.01915980000007,13.483953985000028],[100.0191667970002,13.483893627000043],[100.01914734299999,13.483847936000075],[100.019143193,13.483845789000156],[100.01908026000007,13.483774537000102],[100.01893345400015,13.48361680100004],[100.01874453500005,13.483372405000068],[100.0185634720001,13.48313563400012],[100.01841640900011,13.482916605000185],[100.01822219200011,13.48265180200002],[100.01806742700018,13.482463449000022],[100.01790227300017,13.482285354999988],[100.01768995200013,13.482061485000145],[100.01752742000019,13.481885924000096],[100.01734914800016,13.481690009000147],[100.01710005400014,13.481410101000051],[100.01686674700011,13.481158220999987],[100.01664929900011,13.480954803000031],[100.01651307499998,13.480830218000165],[100.01640294000003,13.480705528000101],[100.0163320920002,13.480611324000165],[100.01625062000005,13.480473750000158],[100.01621036000012,13.480391688999987],[100.01619211700012,13.480340313],[100.01617794700019,13.480300393000107],[100.01617125600006,13.480271230000085],[100.01617034600014,13.480267233000177],[100.01617029400018,13.480254970000146],[100.01616779800014,13.48021302400008],[100.01617425800015,13.480146991000026],[100.01623548900011,13.479935301000069],[100.01624149200018,13.479891352000095],[100.01623669200012,13.479855031],[100.01622108600009,13.47982329100006],[100.01607363600016,13.479655621],[100.01593332400006,13.479491824000092],[100.015804855,13.47934677600017],[100.01571843300013,13.479275618000145],[100.01566350600012,13.4792451940001],[100.01556681600016,13.479212387000132],[100.01545183500014,13.479174552000131],[100.01536557100007,13.479136590000167],[100.01528969300006,13.479088372000092],[100.0152189740001,13.479027365000093],[100.01514555200009,13.478943387000072],[100.01503527900013,13.478782947000127],[100.01491166000011,13.478553605000172],[100.01469353700008,13.478189301000043],[100.01455158300007,13.477942153000185],[100.0144306050002,13.477717913000106],[100.01435767499999,13.477550037000071],[100.01430374400007,13.47757567900004],[100.01423523200009,13.477593245000094],[100.01413759700011,13.477604828999972],[100.01403575700004,13.477606256],[100.0139723690001,13.477606512000023],[100.01383826700004,13.477596882000114],[100.01371350300019,13.477583150000044],[100.01358245700015,13.477558252000108],[100.0133193210001,13.477507442],[100.01315916100015,13.477478597000015],[100.013105096,13.477472115000012],[100.01292937900013,13.47745104900008],[100.01280255500012,13.477441390000081],[100.01267893100004,13.477452059000143],[100.01259273500017,13.477465624000104],[100.01250659900018,13.477494448000186],[100.01243815200007,13.47752726900012],[100.01238841700012,13.477562051000177],[100.01227243800002,13.477660154000034],[100.01189766900006,13.477999319000105],[100.01156434600006,13.478309842000158],[100.01144937800018,13.478400816000033],[100.011373703,13.478445875000148],[100.01130420300012,13.47847666600012],[100.01126266900008,13.478484968000089],[100.01120655700004,13.478486209999971],[100.01116079899998,13.478478261000134],[100.01111918700013,13.478468256000099],[100.01106190000007,13.478436958000032],[100.01100453600014,13.478388372999973],[100.01095756300003,13.47833771300003],[100.01092408800002,13.478285976000109],[100.01089997999998,13.478237257000103],[100.01087159600013,13.478160073000083],[100.0108336890001,13.478042249000111],[100.01080412800007,13.477931515000023],[100.01075635800004,13.477691686000185],[100.01073421000012,13.477614477000088],[100.01070176300004,13.477559690000078],[100.01063273800008,13.477456232000065],[100.01045405500014,13.477223030000118],[100.01036834900015,13.477106414000048],[100.01021475000016,13.476907694000147],[100.01003899400018,13.476629733000152],[100.00982872999998,13.476300039000023],[100.00971673600014,13.476109286000167],[100.00961526100019,13.475950023000053],[100.00956307400003,13.475895310000055],[100.00953388500005,13.475873054000147],[100.00949435700016,13.475865077000094],[100.00945487200016,13.475866252000117],[100.0093759610001,13.475881821000087],[100.0092274910001,13.47591598300005],[100.00901884600012,13.475971742000127],[100.00869185900018,13.476058485000124],[100.00845207400016,13.476122503999989],[100.0081240930001,13.47622145600019],[100.0078449200002,13.476309023000056],[100.0075584540001,13.476394589000051],[100.00736125300006,13.476454366000098],[100.00713601700005,13.476519342000131],[100.0068993800001,13.476592503000063],[100.00662218900015,13.476657690000025],[100.00642700800012,13.47670423600016],[100.00622880300011,13.476772151000034],[100.0059642010001,13.476867797000125],[100.0057151850001,13.476961348000145],[100.00563193900012,13.476990743000158],[100.00553129200006,13.47702500400004],[100.00548827900013,13.477034753000055],[100.00545889800009,13.477029124000069],[100.00543142800012,13.47701199800008],[100.00540976000013,13.476979524000058],[100.00538586200008,13.476880018000145],[100.00536384700013,13.47677509800019],[100.005311978,13.476527893000082],[100.00522607500011,13.476110689000166],[100.00511028400007,13.475563366000074],[100.00505054100017,13.475318438000102],[100.00502276700018,13.47522852600008],[100.00497538200005,13.475129121000123],[100.00495174700018,13.475092822000079],[100.00492425900018,13.475071864000085],[100.0048831040001,13.475058618000105],[100.00484398100014,13.475062606000051],[100.00479903100012,13.47507811200012],[100.0047072960001,13.475137849000134],[100.00450244500013,13.475291899000126],[100.00437949000013,13.475372833000051],[100.00414910699999,13.475505917000078],[100.00403389600018,13.475567671000022],[100.00399284400015,13.47557932300009],[100.0039517470002,13.475579487000118],[100.00390081300009,13.475568202000147],[100.00382454800007,13.475536901000112],[100.0036337590002,13.475466162000032],[100.00356847200004,13.475453648000098],[100.003471902,13.475448929000152],[100.00331537200003,13.475457213000084],[100.00310932600001,13.475481018000039],[100.00303888000008,13.475483857000029],[100.00296838700018,13.475473923000095],[100.00288474400008,13.475441052000122],[100.00270440700018,13.475372823000043],[100.00265219700015,13.47536792699998],[100.0026078590002,13.475373208000178],[100.00257401100009,13.475391222000042],[100.00250635500015,13.475437459999966],[100.00234511500014,13.47556834900007],[100.0019783680001,13.475853282000116],[100.001728662,13.476045814000031],[100.00151812600018,13.476245848000076],[100.00122962800015,13.476522808000084],[100.0009514480002,13.476771635000148],[100.00077199000009,13.476915360000078],[100.00048054300004,13.47711061300015],[100.00043115400013,13.477156778000108],[100.00038966700015,13.477220788000125],[100.00031187400003,13.477338574999976],[100.00024192000012,13.477458880000086],[100.00018479500011,13.477528058000132],[100.00011978200013,13.47758195200015],[99.9997708800002,13.477767212],[99.99957560800004,13.477872694000041],[99.99940383000006,13.477980640999988],[99.99914098300007,13.478152790000138],[99.99885467000007,13.478327583000123],[99.99873208200006,13.478394932000072],[99.99846058400016,13.478524339000046],[99.99840391700019,13.478547547000176],[99.99835502400015,13.478555405000122],[99.99828652100007,13.478553761000171],[99.9981573020001,13.478542785000172],[99.99808097900012,13.478543088000094],[99.9980164430001,13.478554833999965],[99.99788159500014,13.478603258000078],[99.99713525600009,13.478910760000133],[99.99708642700006,13.478935853000166],[99.9970708850002,13.478962729999978],[99.99706711900006,13.478999133000059],[99.99707707500016,13.479039319000037],[99.99722687900015,13.479295380000167],[99.99743570800007,13.479627821000065],[99.99757749100019,13.479837949],[99.99759723700004,13.479880005000098],[99.99759927400015,13.479899153000133],[99.99758762900012,13.479922185000078],[99.99755059600017,13.479958723000038],[99.99747261400012,13.480031813999972],[99.99735953200019,13.480135696000048],[99.99734004200019,13.480154926000068],[99.99733230600009,13.4801779390001],[99.99732853400013,13.480212433000077],[99.99732871700002,13.480256482000073],[99.99731524300017,13.480310164000116],[99.99729386899998,13.48034855800006],[99.99725880600005,13.480388922000031],[99.99714367899998,13.48047173800012],[99.99694847000012,13.480593183000167],[99.99674153200004,13.480718499000034],[99.99671813300012,13.480739658000118],[99.9967103840001,13.480758839000032],[99.9967104870002,13.480783743000131],[99.99672039300015,13.480812435000189],[99.99676171800013,13.480865901000186],[99.9968443350001,13.480967084000099],[99.99717276500007,13.481350768000027],[99.99755221800012,13.481764890000022],[99.99778607000013,13.481993804000126],[99.99807099000009,13.482268481000062],[99.99838535100008,13.48256028100019],[99.99858374200005,13.482733789000179],[99.99881551900012,13.48293397800012],[99.99899619500013,13.483082654000157],[99.99920433800008,13.483246545000156],[99.99936924500014,13.48336847400003],[99.99943404500016,13.483419933999983],[99.99944981200014,13.483446680999975],[99.99945581000009,13.483477309000023],[99.99945203300001,13.483509878000177],[99.99943657100016,13.483557828000073],[99.9993725130002,13.483684494000045],[99.999178158,13.484010877000117],[99.99902083500007,13.484302634000016],[99.99897616900012,13.484387092000077],[99.99895667000015,13.484404405000191],[99.99892538700016,13.48441219300014],[99.99890136700014,13.484409218000167],[99.998674741,13.48430063700016],[99.99849148900012,13.484216949000142],[99.99812604700008,13.484056693000014],[99.99789491600006,13.483955908000098],[99.99770236800015,13.483886499000164],[99.997439176,13.483822456000098],[99.99728210600017,13.483788497000035],[99.99705737100015,13.483726332000117],[99.9967930790001,13.483648050000056],[99.9965911910001,13.483581730000083],[99.99638824800013,13.483513376000076],[99.9960756120002,13.483401480000055],[99.99566481100004,13.483268091000127],[99.99548161600006,13.48319965700017],[99.99526931000008,13.483127269000022],[99.99507994400005,13.483072087000096],[99.99488952400009,13.48301487000009],[99.99463667500004,13.482939589000125],[99.99443169100016,13.48287734700017],[99.99419757100014,13.482807083000182],[99.99402897400012,13.48274977799997],[99.99379066100005,13.482671391000167],[99.9935638010001,13.482597029000033],[99.99340664800013,13.48254273200007],[99.99332020600008,13.482496288000164],[99.99323471400015,13.482430517000125],[99.99317007600013,13.482380939000109],[99.99314248400015,13.482355178000034],[99.99311583100018,13.482330303000026],[99.99307200300007,13.482286745000124],[99.99303749300009,13.482236027],[99.99299876500004,13.482169053000177],[99.99298570000013,13.482140471000093],[99.99297045100019,13.482107127000177],[99.99295148600015,13.482044147000124],[99.99293664900006,13.48197504500007],[99.99292482300018,13.481878473000108],[99.99291920400015,13.481776791000016],[99.99292302800012,13.481695412000136],[99.99294108300006,13.481538714000123],[99.99297755900011,13.48131177300013],[99.99300294100004,13.481166236000035],[99.99302332800005,13.481069534000028],[99.99303239000011,13.48103572000008],[99.99304328400012,13.480994453000164],[99.99305897600016,13.48095861500019],[99.99307709300012,13.480919189000133],[99.9930818970002,13.480901282000161],[99.99308182800007,13.480884585000126],[99.9930756600001,13.480866722000144],[99.99305761500011,13.480843176000121],[99.99296418900002,13.48073287200009],[99.99289918400007,13.480657612000073],[99.99284836000015,13.480618151000101],[99.99279526700008,13.480596236000167],[99.99274223200007,13.48058805700009],[99.99269546900018,13.48058824200018],[99.99266041000004,13.4805921950001],[99.99261681900009,13.480606096000088],[99.99255301400007,13.480632282000101],[99.99249780200012,13.480663013000083],[99.99241308500012,13.48072132100009],[99.9922607700002,13.48083099900009],[99.99218151200006,13.480890045000024],[99.99214030100006,13.480913854000107],[99.99210370800017,13.48092391900019],[99.99206554300014,13.480929405999973],[99.99202579300004,13.480929563000075],[99.9919860230001,13.480925143000093],[99.99181592300005,13.48088081300017],[99.99178161700007,13.480877895000106],[99.99174501200014,13.480884908000064],[99.99171933600019,13.480894924000154],[99.99169288900003,13.48090876000009],[99.99163308800013,13.480960865000043],[99.99160744800014,13.480980032000105],[99.99157940900005,13.48098548400003],[99.99147341600008,13.48098818900013],[99.99138536100014,13.480992352000044],[99.9913503100002,13.48099859700011],[99.99131295600012,13.48101170600006],[99.99121879300003,13.481047932000024],[99.9911176350002,13.48108875600002],[99.99106315800003,13.481108040000038],[99.99102655000002,13.481115053000167],[99.99093299900005,13.48111008300009],[99.99085194100007,13.481110403000116],[99.99080909000014,13.48111438300009],[99.9907654930002,13.481126759000063],[99.99073202500011,13.481138332000057],[99.99068613500003,13.48116140000019],[99.99060056100006,13.481202166000173],[99.990460601,13.481282806000081],[99.99041139700006,13.481311531000074],[99.99031986200004,13.48136498100007],[99.99021729900016,13.481443188000071],[99.99016757100009,13.481480761000057],[99.99012558400011,13.481505338000034],[99.9900415620001,13.481544569],[99.98984238200012,13.481630024000083],[99.9896906350001,13.481688594000104],[99.98952565600018,13.4817517890001],[99.98934198699999,13.48181964000014],[99.98911707400015,13.481902143000127],[99.98894664200009,13.481966123000063],[99.98886801900005,13.481989317000057],[99.98880103800013,13.482003312000018],[99.98876131500009,13.482008810000139],[99.98871456200004,13.482012047000126],[99.98865454300017,13.482011517000103],[99.98848383500007,13.482008372999985],[99.98827649300011,13.48200461500005],[99.98803093100008,13.481994906000068],[99.98789764800017,13.481994664000013],[99.98787192700007,13.481994765000138],[99.98785474300007,13.481986444000086],[99.98784457300013,13.48197732900013],[99.98781942300013,13.481925556000022],[99.98767237700008,13.481611872000144],[99.98751986400015,13.48129362900005],[99.98732072100012,13.480876350000074],[99.987172478,13.480563759],[99.98707891200007,13.480365802999984],[99.98698615500012,13.480175472000155],[99.98691145400011,13.480014817999972],[99.986839938,13.479870935000065],[99.98669532700006,13.479580117000182],[99.98661597700004,13.479426343000057],[99.98649414600004,13.479177395000079],[99.98640851100015,13.479012207000096],[99.98632047100011,13.478830252000023],[99.98622062900006,13.478622402000099],[99.98614755400013,13.478477761000079],[99.98608390100009,13.47835138500011],[99.9860311600001,13.478224212000157],[99.98594146900001,13.478020137000044],[99.9858682750002,13.477848033000043],[99.98579741200012,13.477672873000131],[99.98572501000012,13.477503055000113],[99.98563995200004,13.477287522000097],[99.9855802460001,13.477172576000044],[99.98549142200017,13.476989099000036],[99.9852953850002,13.476606820000086],[99.98509797600013,13.476220667000064],[99.98488196400001,13.475805655000158],[99.98488025800009,13.475802319000081],[99.98470317300007,13.475455588000045],[99.9845597470001,13.47517047800011],[99.9845165660002,13.4750821720001],[99.98451232100007,13.47504351200007],[99.98451707600003,13.47501487],[99.98452672700006,13.474990978000164],[99.98454291200005,13.474975012000073],[99.98458936300005,13.47494520500004],[99.98511758500007,13.474694573000079],[99.98530537200008,13.474589361000085],[99.98532115600011,13.474574433999976],[99.98533894399998,13.474552104999987],[99.98535022200002,13.474529799000095],[99.9853582450001,13.474504323000133],[99.98536049800003,13.474464008000098],[99.98535440500012,13.474326604000112],[99.98533012700005,13.47381139700019],[99.985245637,13.473028827000064],[99.98518002400016,13.472345634000135],[99.98516334400006,13.472001900000123],[99.98516563800007,13.471867958000075],[99.98515963100016,13.471824567000112],[99.985142757,13.47179630900007],[99.98511135500007,13.47178034600006],[99.98507448000015,13.471769893000044],[99.98502462900018,13.47176372400014],[99.98493798600003,13.471766185000092],[99.98481018600012,13.471768809000082],[99.98470947900006,13.471769601000176],[99.98438596900013,13.471767852000141],[99.98403167800018,13.47177526900009],[99.9837021150002,13.471800689000077],[99.98347115799999,13.471828727000116],[99.98320024300006,13.471881050000093],[99.98309247900005,13.4718995610001],[99.98298774200015,13.47190298400011],[99.9828089950002,13.471891622000044],[99.98248540800017,13.471871783000097],[99.98220504700015,13.471872878999989],[99.98182004400019,13.471904536000068],[99.98136730800019,13.471945501000164],[99.9810932480001,13.471982762000152],[99.98074209100008,13.472002224000164],[99.98034473700005,13.47202487800007],[99.97999976300008,13.472050344000024],[99.97979343800017,13.472075276000169],[99.97962088100019,13.472069919000148],[99.97950066100003,13.472055308000108],[99.97937734600004,13.472037699000168],[99.9792170790002,13.472023244000127],[99.97901993400012,13.472033061000104],[99.97886284300017,13.472042716000146],[99.97870573600005,13.472049359000039],[99.9784099270002,13.47204146700011],[99.97834826100006,13.472029648000102],[99.97830503000012,13.472005692999971],[99.97827099000017,13.471969636000097],[99.97825226000003,13.471909404000087],[99.97822394100007,13.471764782000037],[99.9781640720002,13.471436343000107],[99.97808836000013,13.471002432000034],[99.97800905300005,13.470596014000137],[99.97800596600007,13.470580191000181],[99.97796546600011,13.470319527000072],[99.97790175900008,13.469909893000136],[99.97784865,13.469655278000118],[99.97779445900005,13.469311682000125],[99.97778951400011,13.46928032400018],[99.97773968100017,13.469013767000035],[99.97770815100006,13.468889193000052],[99.9777037410002,13.468873412000107],[99.97766093300004,13.468720216],[99.97758793100002,13.468478692000133],[99.97753937600004,13.468326600000125],[99.97752396800018,13.46827833500015],[99.9775114730001,13.468246965000048],[99.97746926900015,13.468140980000044],[99.97740755400014,13.467986016],[99.97734710900016,13.467834440000104],[99.97722396300014,13.46752154000012],[99.97715677400015,13.467346141000121],[99.97705705600009,13.467072186999985],[99.97699103000014,13.466909792000138],[99.97693043800007,13.4667779400001],[99.97689154600005,13.466693308000174],[99.97677636100019,13.466431343000067],[99.97659836200012,13.466087356000116],[99.97658540900005,13.466062321000095],[99.976460787,13.46581124700009],[99.97642439700002,13.465737935999982],[99.97641673300012,13.46572249500008],[99.97602184200002,13.464814689999969],[99.97572599400007,13.464180762000126],[99.97532698500004,13.463421659000119],[99.97510182600013,13.46304220400009],[99.97492868199998,13.462693279000064],[99.97492777900004,13.46267466200004],[99.97493590400006,13.462658601000044],[99.97494916900018,13.462643527000012],[99.9750320300002,13.462575911000101],[99.97526681400012,13.46238917200003],[99.97547299500019,13.462228086000039],[99.97567372399999,13.46207321300011],[99.97568178600017,13.462066992000189],[99.9757340020002,13.46202483899998],[99.97583916800005,13.461939942000186],[99.97587390600006,13.461912570000038],[99.97603298500019,13.461787206000167],[99.97629705500015,13.461581837000097],[99.97671526700015,13.461255171000062],[99.97689999000005,13.461113325000099],[99.977146522,13.460927817000027],[99.97735529000005,13.46076161000019],[99.97763435400003,13.46055362200002],[99.97780486200014,13.46040439800015],[99.97782011800012,13.460382749000189],[99.97782824300003,13.460366688000022],[99.97782981900014,13.460352256000078],[99.97783008200008,13.46033968300003],[99.97782986800007,13.460338301000093],[99.97781983600015,13.460277673],[99.97781640300013,13.460235541000088],[99.97781751200012,13.46018700400009],[99.97782579699998,13.460138438000172],[99.97783994200017,13.460086658000137],[99.97785932300013,13.460039326000128],[99.97789425000008,13.459963839000181],[99.97790290300014,13.459948381000117],[99.97792452300018,13.459909755000126],[99.97794153600006,13.45987936],[99.97801094500005,13.459779469000011],[99.97803163200007,13.459753224000053],[99.97807001100011,13.459704528000145],[99.97807093000011,13.459703331000128],[99.97811090300013,13.459651363999967],[99.97814266800003,13.459600794999972],[99.97815151700013,13.459582714000021],[99.9781717850002,13.45954129100005],[99.97820278000017,13.459455969999965],[99.97821243800013,13.459429382999986],[99.97823887800018,13.459333176000143],[99.97824265600013,13.459319428000072],[99.97826692800015,13.45921552599998],[99.97827087600012,13.45919862200003],[99.97827990000019,13.45915168100015],[99.9782996260002,13.459049082999968],[99.97834700100015,13.458825396000066],[99.97838419200008,13.458664963],[99.97840854600014,13.45858935300015],[99.97846481700009,13.458414646000165],[99.97849058400004,13.458344964000105],[99.97851633500011,13.458259719000068],[99.9785217700001,13.458233599000039],[99.97852999000008,13.458194103000096],[99.97853498000012,13.458170383000095],[99.97854410600019,13.458127001000094],[99.97855132400008,13.458092701000055],[99.97856931100006,13.457991921000087],[99.97856524100007,13.457978189000187],[99.9785536220001,13.457962774000066],[99.97854560800016,13.457955771000115],[99.97854555700002,13.457955740000045],[99.97852423300003,13.457942293000087],[99.97829840100019,13.457862590000161],[99.97771338000018,13.457719383000097],[99.97732078900015,13.457611487000065],[99.9769422810001,13.45750746200008],[99.9759987450002,13.45725983300008],[99.9751531510002,13.45700521200007],[99.97437875400016,13.456813131000104],[99.97367877300007,13.456643908000046],[99.97312426900004,13.456527024000138],[99.97256695599998,13.456414434000067],[99.97248187900016,13.45639724800003],[99.97248296400016,13.456393769000044],[99.97256859100003,13.456119171000012],[99.9726712740001,13.455612890000168],[99.97276095000007,13.455232301000024],[99.97285419900004,13.454901292999978],[99.97292359400018,13.454517478000128],[99.97297959400004,13.454163473000051],[99.97201596600007,13.45395558399997],[99.971667696,13.453877574000103],[99.97159664800017,13.453851398999973],[99.97154241300007,13.45380531799998],[99.97149145700007,13.45373607700003],[99.9714625100001,13.453678326000158],[99.97141165000016,13.453352287000087],[99.97138400500006,13.453236024000148],[99.97137499400014,13.453198127000121],[99.97133420700004,13.45313656400009],[99.97122142600006,13.453092914000024],[99.97107652100004,13.453065658000071],[99.9707391030002,13.453002193000088],[99.97011061400013,13.452912756000046],[99.96995491400008,13.452890598000181],[99.9693147660002,13.45275639900018],[99.96850788000006,13.452600794000148],[99.96781366700009,13.452462391000154],[99.96713763400004,13.452363592999973],[99.96620466400009,13.452217283000152],[99.96553748300005,13.452078769000025],[99.9655725230001,13.451831754000125],[99.96559443000007,13.451601878000133],[99.96560278300012,13.451514217000067],[99.96563307800005,13.45120550100006],[99.9656539130001,13.450983671000017],[99.96566331600008,13.450883557000111],[99.96568999000016,13.450673201000086],[99.96568823200016,13.450642175000041],[99.96568011900013,13.450499071000081],[99.96567833700016,13.450467626000034],[99.96565010400002,13.450396983000132],[99.96561489700008,13.450308882000058],[99.96561061400013,13.450286340000162],[99.96560435800018,13.450253398000086],[99.96560161800011,13.450238979000062],[99.96559278500018,13.450196616000028],[99.96559905300018,13.450139357000182],[99.96562256200008,13.450060835000045],[99.96571471500016,13.449816703000124],[99.96584570400006,13.44953638600009],[99.96593380400009,13.449362221000172],[99.96597202300012,13.44928148300005],[99.96598105000004,13.449262410000188],[99.96602145400004,13.449075711000091],[99.96605251400013,13.44896183200018],[99.96605560200004,13.44895050800011],[99.96607713200018,13.44891863200013],[99.96609900600004,13.448906129000079],[99.96613766200005,13.44888403800013],[99.96616506900011,13.448868378000043],[99.96517151000006,13.448283152000158],[99.96457925200008,13.447934301000146],[99.96398814600019,13.447594374000175],[99.96342907500019,13.44731653800011],[99.96290873600003,13.447010905000127],[99.96244867000019,13.446763795000095],[99.96199915800014,13.446506278000015],[99.96159221,13.446296986000107],[99.96120999800019,13.446091057000046],[99.96093398900018,13.445950394000022],[99.96051286900013,13.445727329000135],[99.96007036300011,13.445455960000174],[99.95948995000015,13.445136718000015],[99.959090059,13.444923937000112],[99.95875020000005,13.444710931000088],[99.95855551100004,13.444594154000072],[99.95851955200015,13.444575847000067],[99.95827242500008,13.44445005600005],[99.95798565200005,13.444264499000099],[99.95779810700009,13.44416843100015],[99.95756301600005,13.444038724000166],[99.9573249730002,13.443887236000023],[99.95716794300017,13.443796358000156],[99.95705774400017,13.443732211999986],[99.95699712800013,13.44369477700019],[99.95690067100008,13.443630575000043],[99.95683461300013,13.443606612999986],[99.956776816,13.44358800100008],[99.95673280000011,13.443580744000087],[99.9566970570001,13.443574849000015],[99.95660082100011,13.443567145000088],[99.95643586800009,13.44355701500018],[99.95638641500017,13.443562581000094],[99.95635625800003,13.443581529000085],[99.956339893,13.443613872000185],[99.95633796500005,13.443623988000127],[99.9563395790002,13.443657873000177],[99.95634062000016,13.443774122000093],[99.95633843500008,13.443810029000133],[99.95630923400006,13.443933801000071],[99.95629542500006,13.443976022000129],[99.9562556360001,13.444072480000102],[99.95622742800003,13.44415236900005],[99.956208919,13.444183212000041],[99.95619499300011,13.44419580300007],[99.95610376000013,13.444239458000027],[99.95597008900017,13.444298662000165],[99.95592943500014,13.444323888000099],[99.95587084700014,13.444378249000067],[99.95583836300011,13.444408575000125],[99.95582736200015,13.44442343500009],[99.95582217800006,13.444438269000045],[99.95581266,13.444534042999976],[99.95580371400018,13.444626964000122],[99.9557974720002,13.444667446000096],[99.95575542900013,13.444783858000164],[99.9557386840001,13.444818116000135],[99.95571896900015,13.444838706000098],[99.95567369700012,13.44487477700011],[99.95559764800015,13.444929205],[99.95547395400007,13.445010023000123],[99.95544608900013,13.445029504000047],[99.95542349000016,13.445057514000041],[99.95540382200011,13.445089500000051],[99.95539980700005,13.445104329000117],[99.95540437300008,13.445228543000098],[99.95540752100015,13.445287797],[99.95540299900011,13.445322579000049],[99.9553770070001,13.445373963000065],[99.95535384600004,13.445407102000047],[99.95530454000004,13.445452879000186],[99.95518437700014,13.445542802999967],[99.95506363600003,13.445633298000075],[99.95493299200007,13.445722124000156],[99.95487375300002,13.445759391000138],[99.95483486500018,13.44578860100006],[99.95475911700015,13.445921093000038],[99.95468978600019,13.446055846000036],[99.95463376700008,13.446171171000117],[99.95459848100018,13.446228858000154],[99.95452952400007,13.446311183000148],[99.95445186000006,13.446400375000053],[99.95440199799998,13.446452991000172],[99.95433757500007,13.446503952],[99.95424354300013,13.446576683999979],[99.95418198800007,13.446616808000101],[99.95403206800012,13.446690316000172],[99.95391760500013,13.446748877000118],[99.95387228300012,13.44677241],[99.95383802800006,13.446795908000183],[99.95374457600013,13.446867493000184],[99.95354605500012,13.447018118000074],[99.95339049200015,13.447137808000036],[99.95329239,13.447211124000091],[99.9532215660002,13.447262680999984],[99.95314372000018,13.447306282000113],[99.9530885280002,13.447336694000171],[99.9530408810001,13.447360239999966],[99.95295309400018,13.447392486000183],[99.95275602300012,13.4474690240001],[99.95264906100016,13.447509889],[99.95259734100017,13.447535725000023],[99.95248753200002,13.447592557000121],[99.95242304700014,13.447628705000056],[99.95235688900016,13.447682521000104],[99.95229827700012,13.447731182000098],[99.95224316300016,13.44778153700014],[99.95220717600012,13.447809028000165],[99.95218168000014,13.447839897000165],[99.95213939900009,13.447895904000063],[99.95213192200009,13.447905322000167],[99.95211217000008,13.447930197000176],[99.95209244000006,13.447946800000011],[99.95195247700008,13.448035657],[99.951926936,13.448054559000127],[99.95191297900004,13.44805973900003],[99.95189145500018,13.448063811],[99.95180308700014,13.44808471100015],[99.951786175,13.448088713000118],[99.9516972040002,13.448116404000189],[99.95166348800007,13.448130775000038],[99.95164607400005,13.448142810999968],[99.95160488000005,13.448179434999986],[99.95156558100007,13.448214279000013],[99.95150740900004,13.448265853000066],[99.95149580800006,13.448276725000028],[99.95147777900007,13.448281924000014],[99.95146264800013,13.448284259000161],[99.95143413200009,13.4482866460001],[99.95143245300005,13.4482869040001],[99.95140387499998,13.448291321],[99.95138235899998,13.448298807000128],[99.95136378200016,13.448311418000173],[99.95134637100006,13.448325727],[99.95133075600006,13.448342383000181],[99.95127554600015,13.448405567000066],[99.95123585700014,13.44846869100013],[99.95120053400012,13.448512254000093],[99.95114744900008,13.448553711000045],[99.95105888800015,13.44859964900013],[99.95084849700004,13.448693817000105],[99.95046531300017,13.44885378500004],[99.95016621700012,13.448959143000025],[99.94985157200006,13.44905804900003],[99.94964545800008,13.44911311500016],[99.94939490700006,13.449150977000102],[99.94915126300015,13.449165126000082],[99.94883053000018,13.449161450000133],[99.94859217200013,13.449162348000073],[99.94837382500009,13.449174166000148],[99.94810063300008,13.449202070000126],[99.94789481400016,13.449226051000096],[99.94779749200012,13.449230083999964],[99.947720107,13.44922670900013],[99.94765143100005,13.449217197000053],[99.94757758500015,13.4492034700001],[99.9474827800002,13.449166188],[99.94735531000015,13.44909718100007],[99.9472217180001,13.4489760780001],[99.94714153100011,13.448895313000094],[99.94698977100018,13.44866715300003],[99.94683809100007,13.448459262000142],[99.94672202300006,13.448280185000158],[99.9466120080001,13.448135833000094],[99.94649915800017,13.448023341000066],[99.94637150699998,13.44790800700008],[99.94626769900009,13.447838910000144],[99.94616092600006,13.447766928000078],[99.94594159000002,13.447654835000094],[99.94580524400016,13.44758585599999],[99.9456245790002,13.447528629000146],[99.94540841000014,13.44747153700007],[99.94521001900017,13.447420164000164],[99.9450472010002,13.44738892600003],[99.94486663300017,13.447357756000144],[99.94449752100019,13.447312976000148],[99.9436077700002,13.447180151000111],[99.94446517900019,13.444033964000084],[99.94504964000015,13.442412967],[99.94566728100017,13.440781822000133],[99.94514761000005,13.440702715999976],[99.9440558610001,13.44064289],[99.94330910500008,13.440536112000075],[99.94271133000012,13.440355718000035],[99.94195439100008,13.440029816000106],[99.94095479700019,13.439677422000045],[99.94042254300018,13.439551570000106],[99.93997460700007,13.439516714000092],[99.93959218400016,13.439536406000116],[99.93899551900006,13.439639080000063],[99.93828711100008,13.439796955000077],[99.93741117500008,13.440055902000097],[99.93659117100009,13.44030550400015],[99.93570590200011,13.440564478999988],[99.93524945100006,13.44073967300011],[99.9348769560001,13.440914555],[99.93451407800006,13.44116245600003],[99.93402286100019,13.441535619999968],[99.932120687,13.442372265000188],[99.93158146200011,13.442504758000041],[99.93113291100019,13.442614973000047],[99.93041936500015,13.442718642000159],[99.92987698400009,13.44276546900005],[99.9294646460001,13.44273900700017],[99.9292985890001,13.44269902700006],[99.92891362200015,13.442606330000103],[99.92823681100003,13.442410604000088],[99.92733070000008,13.44221056200007],[99.9268607520001,13.442134962000182],[99.92526380200013,13.441912534000096],[99.92433443800019,13.441814913000087],[99.92364624300018,13.441800601000125],[99.92287222500005,13.441837117000148],[99.92189208600007,13.441958580000176],[99.92132694100007,13.441998799000032],[99.92096904200008,13.442037996000181],[99.92062555000007,13.442048722000152],[99.92027721600004,13.44205947100005],[99.92001121200002,13.442088856999987],[99.91971619200012,13.442123089000177],[99.91946488500002,13.442199783000149],[99.91926687100016,13.44229522300003],[99.91908840800005,13.442442688000085],[99.91884256400016,13.442685118000043],[99.91851008300011,13.443046264000088],[99.9182453750002,13.443416634000187],[99.9180046940001,13.443744292000133],[99.9177832640001,13.444043464000174],[99.91751885300016,13.444494345000066],[99.91728889500013,13.444887417000132],[99.91719676900016,13.445044890000077],[99.9169474160002,13.445637795000039],[99.91670324400008,13.446320661000016],[99.9164541620001,13.446984602000157],[99.91621441300003,13.447558526000023],[99.91602277500016,13.448061236000058],[99.91580782800008,13.448796092000123],[99.91571282300009,13.449260560000027],[99.9156035470001,13.449791384000036],[99.91527736300014,13.450540853000177],[99.9149600820001,13.451086639000039],[99.91443074600016,13.451855791000071],[99.91397362100008,13.452529958000184],[99.91352134100015,13.453204106000157],[99.91312647100017,13.453707552000083],[99.91285661500001,13.45400216000013],[99.91252400000013,13.454334886000083],[99.91220076200005,13.454587065000112],[99.91183878700019,13.454834645000176],[99.91144285700011,13.455058670000142],[99.9109887530002,13.455254492000165],[99.910244686,13.45554607500003],[99.9098290180001,13.455670713000075],[99.90950023700015,13.455738207000138],[99.90923906700004,13.455772305000096],[99.90900200600004,13.45578263300007],[99.9087308770001,13.455740988000116],[99.908488584,13.45564714600016],[99.90828003900009,13.455520024000123],[99.90810536200013,13.455392785000129],[99.90789160200018,13.455166228000166],[99.90757562500005,13.454779023000185],[99.90716678400008,13.454145875],[99.90695733000018,13.45377722600017],[99.90676219400018,13.453356430000156],[99.90660148900014,13.453082322000057],[99.90646681200008,13.452929683000093],[99.9059048680001,13.452424703000077],[99.905677175,13.452207136000084],[99.90516907000017,13.451713465000182],[99.90497034100014,13.45150478800008],[99.90430692600006,13.450808151000047],[99.9035150040001,13.450126471000146],[99.903446631,13.450069177000046],[99.90306359200002,13.449748213000134],[99.90243520100017,13.449174217000063],[99.90184814300011,13.448563095000111],[99.90127521800002,13.448058993000132],[99.9009541160001,13.447862945999987],[99.90084702100006,13.447797561000186],[99.89996159600008,13.44737765200017],[99.89939933500017,13.447114444000078],[99.89885023100004,13.446920647000127],[99.89820474200019,13.446828235000112],[99.89717882400004,13.446794007000108],[99.89641755800011,13.44679671900019],[99.89590153600005,13.446823812],[99.8954501520002,13.446882253000126],[99.89506339200017,13.44697203000004],[99.89473469800015,13.447061608000126],[99.89419983900018,13.44722768600002],[99.8937423930002,13.447393494000096],[99.89321408100017,13.447584813],[99.89274391900017,13.447801177000144],[99.8924027830002,13.448017081000046],[99.8920488670002,13.448264608000045],[99.89168225500009,13.448569012000178],[99.89091936900019,13.449203085000136],[99.88996566500015,13.450203614000031],[99.88928131800009,13.451022974000182],[99.88878653100011,13.451655453],[99.88836561400018,13.452347735999979],[99.88795723400017,13.453112062000173],[99.88778678200009,13.453491100000122],[99.88767154600015,13.453863936000062],[99.88759304700011,13.45421261600012],[99.8875452760002,13.45457320200012],[99.88752991900009,13.455402210000159],[99.887540103,13.455674772000123],[99.88755034300016,13.455948774000035],[99.88758825200017,13.456242978000091],[99.88762135400009,13.456376917000057],[99.8876505520002,13.456495051000047],[99.88778087200012,13.456885039000156],[99.88794179600012,13.457250898000154],[99.88820732600004,13.457701914000154],[99.88863351600014,13.458425814],[99.88910507000008,13.45934059300015],[99.88965968000014,13.460416489000124],[99.88998137800013,13.461106146000077],[99.89000775500011,13.461168309000186],[99.89001672,13.461189435000165],[99.89039620600016,13.462083808000159],[99.89068708400009,13.462737532000062],[99.89081110300015,13.46307949100003],[99.89099148700012,13.463727599000038],[99.89108488400012,13.46408768200007],[99.8911843480002,13.46442973000012],[99.8912284930002,13.464747937000084],[99.8912423650001,13.465180388000078],[99.89123731800015,13.465474746999973],[99.89118970600009,13.465877379000062],[99.89118106299998,13.46591875200005],[99.89094788000017,13.46703522000007],[99.89093776700014,13.467083641000045],[99.89081024700005,13.467585479000036],[99.89044519500004,13.468451772000037],[99.89014474600015,13.469085570000061],[99.88985986300008,13.469503056000121],[99.88949833900006,13.469838068000115],[99.88945207900014,13.46988093300007],[99.8891638450001,13.47009747300001],[99.88916458600005,13.470098513000096],[99.8892900850002,13.470274705000122],[99.88934299200008,13.47035046100018],[99.88936519300006,13.470371047000071],[99.88945941800011,13.470453040000052],[99.88952413900006,13.470495694000022],[99.88975936300017,13.470650706000072],[99.88994719600015,13.47079197],[99.88998802200013,13.470819135000056],[99.89010511100014,13.470871861000148],[99.89024178500011,13.470917877000034],[99.89030368800013,13.470934631000034],[99.89034519900014,13.470944083000063],[99.89079419600006,13.471017038000184],[99.89083194500006,13.471028712000077],[99.89105629800008,13.471116038],[99.89120411200003,13.471206051000081],[99.89127404700008,13.471264848999965],[99.8913399920001,13.471332849000078],[99.89140064700007,13.47141923300012],[99.89143714800014,13.47150176800011],[99.8914440310001,13.471548981000012],[99.8914622010002,13.471749677000105],[99.89148107800003,13.472140632000048],[99.89149361400018,13.472266552000178],[99.89150048300013,13.472311142000137],[99.89153982400012,13.47243565600013],[99.8915762270002,13.472490640000046],[99.89165293600007,13.472567785000138],[99.89170268400011,13.47260566000017],[99.89175371900012,13.47262909800014],[99.89185840900006,13.472660218000044],[99.89198851800012,13.472675502000072],[99.89210523300011,13.472694766000075],[99.89220857300012,13.47272195700009],[99.89228240400007,13.472746627],[99.89247985499998,13.472844336000037],[99.89261018800005,13.472921290000158],[99.89267073200006,13.472977498000034],[99.89269904800011,13.473020698000028],[99.89271124300012,13.473056082000141],[99.89271822299997,13.473129536000158],[99.89272076800012,13.473409508000032],[99.89271515500008,13.4735227],[99.89271930600017,13.473557127000106],[99.89273245100009,13.473576765000132],[99.89274355300012,13.4735885340001],[99.89275765000014,13.473593405000088],[99.89277876800014,13.473593329999972],[99.89280691100004,13.473590277000028],[99.89289423600007,13.473547649000011],[99.8929634960001,13.473513947000072],[99.8930287840002,13.47349403100003],[99.89309611200008,13.473481983000113],[99.89316950000011,13.473477785000114],[99.89322784100005,13.473483481000073],[99.89328519800011,13.473493120000057],[99.89333351400018,13.473506726000096],[99.89336272800011,13.473521382000058],[99.89338089300014,13.47353903100003],[99.89339525200018,13.473581176000039],[99.89339699100003,13.473642429000051],[99.89339419200007,13.473702224000135],[99.893376494,13.473810049000065],[99.89337619500009,13.47381526900017],[99.89337366000012,13.47385951200016],[99.89337524600012,13.473880905000044],[99.8933806390001,13.473911148000184],[99.89338979300015,13.473938425000028],[99.89350568700013,13.474074561000123],[99.89355953800009,13.474157034000086],[99.89362715400017,13.474291125999969],[99.89366200300009,13.474332336000032],[99.8936899860002,13.474353635000114],[99.89371943800018,13.474364604000016],[99.89375415500007,13.47437186100018],[99.89380618900014,13.474370203000035],[99.89387327900016,13.474361845999965],[99.8939327970001,13.474345396000047],[99.89396715500015,13.474335623000059],[99.89404052700019,13.474314751000065],[99.89410530700019,13.474293850000038],[99.89413016700013,13.474286385000028],[99.89415203400006,13.47428482800018],[99.89417617300018,13.474286957000118],[99.89426760000003,13.474332391000132],[99.89438089900005,13.474379227999975],[99.89440055,13.474390966999977],[99.89441643700019,13.474404934000177],[99.89443315300014,13.474438084999974],[99.89445023600007,13.474483822000138],[99.89449761800006,13.474610663000078],[99.89450615700014,13.474625025000023],[99.89451466800006,13.47463329500016],[99.89452260700006,13.474637698000095],[99.89453448600011,13.474638761000051],[99.8945486140002,13.474635947000024],[99.89467117100014,13.4745862420001],[99.89472326800006,13.47456757800012],[99.89478979600005,13.474543745],[99.8948276660002,13.474535861999982],[99.89485424000009,13.474534107000125],[99.89488931800014,13.474536195000098],[99.894931811,13.474554868000155],[99.89499529200003,13.474590622000107],[99.89502083399998,13.47461378100013],[99.89508138500014,13.474677441000097],[99.89510374100018,13.474700948000134],[99.89513323000006,13.47472243400017],[99.89516497000005,13.47473947900005],[99.89519498900012,13.474750445000097],[99.89525442000013,13.474761856000043],[99.89528967800004,13.47476541900005],[99.89534438900006,13.474770946999968],[99.89538738600015,13.474773559000027],[99.89542871800018,13.474784485000043],[99.89546781600006,13.474803170000087],[99.89549391400004,13.474824110000043],[99.89552005700017,13.474857231000044],[99.89557093200006,13.474975971999982],[99.89561731100008,13.475076187000013],[99.89563478600019,13.475110814000118],[99.89566965600005,13.475158667000073],[99.89569843700019,13.475192514000128],[99.89575661100002,13.475244064000151],[99.89582009300017,13.475280375000068],[99.8958484480001,13.475299648000146],[99.895870001,13.475315624000018],[99.89587854100017,13.475329983000051],[99.89588541200015,13.475353209000048],[99.89588726100004,13.47539417000013],[99.89586829800015,13.47561842600004],[99.89586669900007,13.47579557600011],[99.8958702610002,13.475841507000098],[99.89587327000004,13.475889656999982],[99.89587483700006,13.47590243100018],[99.89587618700017,13.475913451],[99.89588650600007,13.475951054],[99.89592088300014,13.476068288000135],[99.89595031600015,13.476226502000088],[99.89599296700004,13.476475051000136],[99.89599326200016,13.476476773000115],[99.89600550100005,13.476521999000113],[99.89602375300012,13.476563268000064],[99.89606219600017,13.476626114000112],[99.89607035300008,13.476655608000044],[99.89607449000016,13.476686100000109],[99.8960860730001,13.476826786000174],[99.89608821100012,13.47686023700004],[99.8960943290001,13.476882849000106],[99.89612175200017,13.476956562999987],[99.8961349330001,13.476986038000064],[99.89620987300009,13.477128467],[99.89622489400017,13.477189713000087],[99.89623335700003,13.477234710000175],[99.89623130400014,13.477289332999987],[99.89622690100003,13.477323302000059],[99.89621045000018,13.477361000000144],[99.89617218700016,13.477415020000024],[99.89607678800013,13.477517953000074],[99.8960505280001,13.477553473000171],[99.89603254300016,13.477583801000037],[99.89602433500016,13.4776081870001],[99.89601177500003,13.47767556499997],[99.89600437000018,13.477715281000087],[99.89597121900005,13.47792722500003],[99.89593702200011,13.478059464000012],[99.895853994,13.478243544000179],[99.89583008400018,13.47830341600013],[99.89582264700016,13.478332225000145],[99.89580634900005,13.47841126200018],[99.89577471100012,13.478623205000076],[99.89574523700014,13.478809304000094],[99.89573310200012,13.478993132000028],[99.89572354200004,13.479294673000027],[99.89572074000017,13.479353729000081],[99.89570287500004,13.479416774000072],[99.89561725400017,13.479646379000144],[99.89550671900014,13.47993807000006],[99.89549484000014,13.479988303000027],[99.89546616100017,13.480118309000147],[99.89545100800007,13.48020469000005],[99.89545143800012,13.480320155000129],[99.89545536000008,13.480412869000133],[99.89545920100011,13.480484587000035],[99.89543753100008,13.48090629900014],[99.89542546700017,13.481027058000109],[99.8954222120002,13.481112796000048],[99.89542069600003,13.481186285000035],[99.89542332600007,13.48141196400013],[99.89542286400007,13.48157404900013],[99.89542334900017,13.48166019000007],[99.89542721900017,13.481703832000107],[99.89544559900008,13.481784191000088],[99.89549528800018,13.481912359000034],[99.89549657800012,13.481915686999969],[99.89551634300005,13.4819706830001],[99.89559275800008,13.48213752700002],[99.89562350500006,13.48222243400005],[99.89565532500018,13.482314233000068],[99.89576563100007,13.48264701900007],[99.89577685900014,13.482682709000017],[99.89582122900003,13.482823752000058],[99.89585109100005,13.482922445000156],[99.89595194700001,13.48317943799998],[99.89599708400016,13.483284975000117],[99.89601882100004,13.483321666000052],[99.8960662830001,13.48338813100014],[99.89617686000008,13.483527901000173],[99.89628962500007,13.483695234000038],[99.89649775600014,13.48394683700019],[99.89654844400008,13.484001478000152],[99.89671757900015,13.484213007000164],[99.89683569300013,13.484343557000159],[99.89698250800012,13.484529155000018],[99.89707166000005,13.484659811000029],[99.89719900600011,13.484863858000097],[99.89733824900014,13.4850645570001],[99.8974566220001,13.485235181000178],[99.89771475400016,13.485698409000122],[99.89777723400016,13.485826094000117],[99.89781801700008,13.485909438000135],[99.89787364800014,13.486012635],[99.89798348300008,13.486163639000097],[99.89800128400003,13.486182596000162],[99.89801465800008,13.486197754000159],[99.89803164300014,13.486211313000126],[99.89824817000004,13.48635424300005],[99.89833911300019,13.486414272000161],[99.898417574,13.486474344000158],[99.89864070300013,13.48671071400014],[99.89874771000018,13.486832113000162],[99.89885934900008,13.486969582000086],[99.89904576100002,13.487183165999966],[99.8991406190001,13.487281328000108],[99.89928083100011,13.487448310000048],[99.89931484000005,13.487483011],[99.89956806700008,13.487741397000093],[99.89957624400017,13.487753224000073],[99.89957986299999,13.487762035000173],[99.89958507900008,13.487778242],[99.89958919000014,13.48780565700008],[99.89959767800013,13.48793323600006],[99.89960080700013,13.487980246],[99.89960835300008,13.488039964000166],[99.89961359200004,13.488057924999964],[99.89961510100011,13.488062236000076],[99.89962173200018,13.488081141000123],[99.89964493700006,13.488127147],[99.89971668600003,13.48823347800004],[99.89976123100007,13.488291307999987],[99.89982131599999,13.488386168000034],[99.899906343,13.488546703999987],[99.89992702600006,13.48859420500014],[99.89993019400015,13.488606414000174],[99.89993389500017,13.488622435000138],[99.8999353150001,13.488639994999971],[99.89993163500014,13.48865772400012],[99.89992622000017,13.488679904000037],[99.89985248500017,13.48888697100017],[99.89985039300018,13.488920860000064],[99.89985172500013,13.488943458000165],[99.89985534500005,13.488956719999976],[99.89986414700007,13.488973184000145],[99.89987731700012,13.488989017000108],[99.89988813800005,13.488998920000142],[99.89993069399998,13.489027483000086],[99.89998790800013,13.489059384000143],[99.90010788299998,13.489120896000088],[99.90026540900004,13.48917681600011],[99.90038897800008,13.48923130500009],[99.9003924120002,13.489232820000097],[99.90049822800006,13.489274131000059],[99.90067922700018,13.489329437000038],[99.90079212000006,13.489378837],[99.90102962400016,13.489473986000178],[99.90118959900013,13.489557749000085],[99.90133314600001,13.489641468000173],[99.90138486900014,13.489659188000019],[99.90186897900003,13.489771216000065],[99.9020755190001,13.489802538000163],[99.90219988600018,13.489822724000078],[99.90226280200005,13.489833799],[99.90227842100018,13.489836189000016],[99.90229467400019,13.489842850000116],[99.90230281200013,13.489848321000125],[99.90231463900017,13.489858761000107],[99.90240884900015,13.490024567000148],[99.90243984400013,13.490100122000115],[99.90244991300017,13.49012207900006],[99.90245737400016,13.490134621000038],[99.90249257500011,13.490179350000062],[99.90254334800017,13.490233157000034],[99.9026168530001,13.490299369000184],[99.90269646000002,13.490396439],[99.90271008299999,13.490416815000117],[99.90271573700011,13.49042717900005],[99.90272604600017,13.49044832900006],[99.90283578300011,13.49074965900013],[99.90284857200004,13.490784771000165],[99.90288157200007,13.490875378000112],[99.90291648100003,13.491010605000042],[99.90293230000003,13.491078834000064],[99.90293864800003,13.491105685999969],[99.9029472250001,13.491133810000179],[99.90305299800008,13.49135248500005],[99.90316642800019,13.491603000000111],[99.9031672540001,13.491604824000092],[99.90325460400004,13.491813609000019],[99.90331984300019,13.492037999000104],[99.90332868000013,13.492068399000175],[99.90334172600012,13.49210281700016],[99.9033574680002,13.492138111000088],[99.90338777400007,13.492206048000071],[99.90340780899999,13.492240614000082],[99.90342878000007,13.492266889000064],[99.90344715600014,13.492283930000156],[99.90345968100002,13.49229447200014],[99.9034797110001,13.492309060000082],[99.9034939760001,13.49231687400004],[99.90351723300017,13.49232684600014],[99.90354569800013,13.492334180000057],[99.90370538000019,13.492338352000047],[99.90387442800017,13.492335897000089],[99.90391352800003,13.492337321000036],[99.90393677800017,13.492339994000133],[99.9039723620001,13.492345766000085],[99.90399135800004,13.492351887000154],[99.90414477200017,13.492420288000062],[99.90425301600004,13.492482617000121],[99.904361305,13.492556935999971],[99.90437925999998,13.492566749],[99.90439188600016,13.492571901000076],[99.90441301700002,13.492579452000086],[99.90442754600008,13.492583066],[99.904445936,13.492584035],[99.90465114400013,13.492538297000124],[99.90471332600009,13.49252789600007],[99.9047314230001,13.49252599900018],[99.90476504800012,13.49252622400013],[99.90478449400013,13.492528862000142],[99.90482736200016,13.492538963000186],[99.90491659900016,13.492573322999988],[99.90500959600013,13.492618828000161],[99.90515642300011,13.492696892000026],[99.90515781500005,13.492697632000102],[99.90517586100009,13.49270498900006],[99.90518710700013,13.492708158000084],[99.90520069000013,13.492709483999988],[99.90520864300015,13.492708539000034],[99.90521655100008,13.492705543000113],[99.90523145300011,13.492696618000025],[99.90525448400012,13.492682826000078],[99.905353095,13.492611957000179],[99.90536140699999,13.492607776000114],[99.90536683300007,13.49260580500004],[99.9053808000001,13.492602937000129],[99.90539764900018,13.492601656000147],[99.90540378500015,13.492602213000112],[99.9054100410001,13.492603808000126],[99.90541723500019,13.492606286000182],[99.9054238980001,13.492609500000071],[99.90545892900008,13.492628924000087],[99.90550460300011,13.492656250000039],[99.90553465100015,13.492678739000041],[99.9055694920001,13.49272512900012],[99.90557354700013,13.49273053000013],[99.90558734600012,13.49274758100006],[99.90562776300004,13.492787154000041],[99.9056536700001,13.492807973000083],[99.90571485800001,13.492845786000089],[99.90579956300019,13.492892087000087],[99.90591651200003,13.492948346000048],[99.90600892200018,13.492992797000056],[99.90606536500019,13.493018158000154],[99.90615471300009,13.493049910000082],[99.9063685380001,13.49309101200015],[99.90643016400008,13.493101214999967],[99.90645430000012,13.493110640000168],[99.90653162300003,13.4931507820001],[99.90655608200018,13.493163478999975],[99.90662867400016,13.493211273000043],[99.90674730199999,13.493302510000035],[99.90677731500011,13.493339429000173],[99.90678988300004,13.493361377000042],[99.90679662200017,13.493382527000165],[99.90680087800018,13.493406951000054],[99.90679844900006,13.49342569200013],[99.9067902430001,13.49345667199998],[99.90677353500013,13.49349667600012],[99.90672779900007,13.493597942000122],[99.90672179400019,13.493620949],[99.9067218830001,13.493648333000124],[99.90672195700012,13.493667880000089],[99.90672774300009,13.49370134700007],[99.90673383600011,13.493728112000099],[99.90674327000005,13.493751842000108],[99.90675817600004,13.493781782999974],[99.9067730110001,13.493802060000178],[99.90682084400004,13.493846719000032],[99.90685339600009,13.493871034],[99.9068834270002,13.493889428000102],[99.90691635700006,13.493904862000136],[99.90694595700018,13.49391550100006],[99.90697746600006,13.493921028000045],[99.90704419500014,13.493920845000105],[99.90709486100008,13.493917986000156],[99.90713964000014,13.493907369000055],[99.90721821000005,13.493878343000176],[99.90723522300016,13.493874113000174],[99.9072508220001,13.49387331400004],[99.90725936300004,13.493873989000178],[99.90740665100014,13.493906167000148],[99.90750769000005,13.493930963000082],[99.90753942400016,13.493941278000136],[99.907608364,13.493975771000066],[99.90762400700015,13.493986103],[99.90763840400018,13.493996435000156],[99.90764532700013,13.494005639000022],[99.90775390600015,13.494165845000168],[99.9077639360001,13.494177413000045],[99.90777428100017,13.49418403400017],[99.90802623200011,13.494327761000022],[99.90839790500007,13.494507224000074],[99.90843609400014,13.49452439900017],[99.90852961600007,13.494566457000076],[99.90871311500001,13.49465912200003],[99.90893892000014,13.494763048000095],[99.90925596500017,13.494858805000092],[99.90930467600003,13.494874898000091],[99.90932093000015,13.494882171000086],[99.90946923400014,13.49497632300006],[99.90963287300013,13.495099182],[99.90968892900014,13.495128859999966],[99.90972932000017,13.495146705000138],[99.90977583400013,13.495164587000033],[99.90980959400008,13.495177905000048],[99.90982897000009,13.495183942000097],[99.90985771400017,13.495191165000051],[99.90988701700019,13.49519344800018],[99.9100333940001,13.495205846000147],[99.91009587800016,13.495215406000057],[99.91019927800016,13.495238455999981],[99.91030507600004,13.49527417500019],[99.91042060300009,13.495317978000173],[99.91052642500017,13.495361904000106],[99.9108735850001,13.495536307],[99.91105539700004,13.495614293000074],[99.91121810800007,13.49568334300011],[99.91129060900016,13.495721318000165],[99.911478005,13.495841246000111],[99.91155010200004,13.495885002000023],[99.91157846100015,13.49590037400003],[99.91160597800001,13.495913293000115],[99.91171173900017,13.495938934000037],[99.91194197800013,13.495973328000048],[99.91198079900005,13.495982806000143],[99.91201829800002,13.495994075000056],[99.91202107400011,13.49599538900003],[99.9120447430002,13.49600661900007],[99.91207750600012,13.496023995000087],[99.9120972230001,13.496038665000015],[99.91210981800015,13.49605206700005],[99.91211926800003,13.496062124000105],[99.91213287400012,13.496084149000069],[99.91213495200009,13.496087513000191],[99.91214351000008,13.496115058000044],[99.91214322900015,13.496147229000144],[99.91213866100014,13.496159521000095],[99.91212526700008,13.496195548000117],[99.91203182400011,13.496336050000025],[99.91202305000007,13.496369550000168],[99.91202064000004,13.496391552000034],[99.91202320200011,13.496409462000088],[99.91202910500016,13.496428988000105],[99.9120372910001,13.4964412490001],[99.91204750200012,13.496452540000064],[99.91206585800006,13.496463881000068],[99.91219754100001,13.49651021700015],[99.91221691300007,13.49652031700009],[99.912230524,13.49652989200007],[99.91224680300019,13.496544092000022],[99.91241794700016,13.49681184700006],[99.91244268900004,13.496829958000035],[99.91246019500011,13.496836612000038],[99.912480807,13.496840205000069],[99.9124818640002,13.496840175999978],[99.91250702500008,13.496839499000032],[99.91252574800012,13.496838206],[99.9125438430001,13.496835697000051],[99.9125580760001,13.496829526],[99.91284611300006,13.496626286000094],[99.91287385400011,13.49661274600004],[99.91290239000017,13.496606033000091],[99.91292937600008,13.496602769000162],[99.91297200500014,13.49660261400004],[99.91298926200011,13.49660450100015],[99.91301277700018,13.496612810000045],[99.91307973100004,13.496653901000116],[99.91309513400012,13.496669817000054],[99.91313918000003,13.49673872600016],[99.91315474300018,13.496769942000071],[99.91316524900014,13.496800671000187],[99.91320516700011,13.49702571000006],[99.9132233580001,13.497163509000188],[99.91325411000014,13.497310456000037],[99.91328327000008,13.497488269000087],[99.91329014400009,13.49752340700013],[99.91334327300018,13.497794958000156],[99.9133577520002,13.497833337000031],[99.91336784000015,13.497859365000068],[99.9133835770001,13.497882183000172],[99.91339834900009,13.497892513000124],[99.91341794300013,13.497901538000065],[99.91347796400004,13.497918090000042],[99.913481225,13.497918949000166],[99.91351834500006,13.497928731000115],[99.91353743400015,13.497930564000171],[99.91357833800015,13.497934488000112],[99.91377154100007,13.497935631000132],[99.91391964800016,13.497942750000107],[99.91395317400008,13.497946421000165],[99.91398905400001,13.497957309000128],[99.91413818400014,13.49802578200007],[99.9142412830002,13.498103129000128],[99.91425232300003,13.498117347000061],[99.9142595580002,13.498138066000081],[99.91426099900008,13.498147679999988],[99.91426343500007,13.49817241300019],[99.914262539,13.498183415000028],[99.9142611910001,13.498200618000112],[99.91421959000007,13.498293013000023],[99.91421352300006,13.498306489000072],[99.91412632700013,13.498455558999979],[99.91411524800014,13.498477449],[99.91407968400006,13.498577896000086],[99.91407369600012,13.49860959300014],[99.91406792700008,13.498672371000168],[99.91406893300018,13.498697641000149],[99.9140771340002,13.498723430000041],[99.91408612600009,13.498743531],[99.91412741200008,13.498807720000059],[99.91413337700016,13.49881447600012],[99.91420159200004,13.498891773000025],[99.91422540300016,13.498915509000028],[99.9142560620001,13.498934335000172],[99.9142917210001,13.498953758000084],[99.9143914180001,13.49899414400005],[99.91450992700004,13.499042150000093],[99.9145253590001,13.49905167300011],[99.91452620600006,13.49905257800009],[99.91452875800007,13.49905392200003],[99.9145343900002,13.499061319000191],[99.91453629400019,13.499063820000117],[99.91455148,13.499083769000094],[99.91456698000007,13.499113250000164],[99.91460951000005,13.499194136000085],[99.91462113600011,13.49921625200011],[99.91469089700013,13.499376065000149],[99.91471494500013,13.499404606000098],[99.91472085200019,13.499407595000093],[99.91474559099998,13.499420114000145],[99.91477617300006,13.499418701000081],[99.91480061600004,13.49940923500003],[99.91481902200013,13.49939127100015],[99.9148345050001,13.49937164000005],[99.91487300000017,13.499296911000158],[99.91489863800012,13.499247141000126],[99.91491107400009,13.499223005999966],[99.91493220100017,13.49918425900006],[99.91494190400016,13.499177479000025],[99.91495359300018,13.499172853000175],[99.91498776100013,13.499170434000064],[99.91502071700006,13.499168086000054],[99.91503409200016,13.499169375000065],[99.91505192300014,13.499175241000046],[99.91506774400011,13.499185038000064],[99.91508422400005,13.499196553],[99.9152192730001,13.499351940000167],[99.91526390500007,13.49939118500015],[99.91528630500017,13.49940740900007],[99.91538221700011,13.499476884000046],[99.91542208600009,13.49949644000003],[99.91545914200015,13.49951371300017],[99.91550109000008,13.499525444000142],[99.91555983400013,13.49953722400005],[99.91564001900014,13.499550563000184],[99.91614723400005,13.499634941000068],[99.9161895380002,13.499644839000155],[99.91624129000002,13.49967003200004],[99.91632366200008,13.49971962900014],[99.91654741500008,13.499898177000148],[99.916653316,13.499960117000114],[99.9166909380001,13.499974210000119],[99.91679433200017,13.499993614000175],[99.91705508200005,13.500023086999988],[99.91720317000005,13.500064149000025],[99.91732072500008,13.500103748000015],[99.9174689350001,13.500176689000114],[99.91755600300019,13.500226528000042],[99.91763081200008,13.500262261000103],[99.91768054800013,13.500273622000066],[99.91777926000009,13.500275125000087],[99.91792254200004,13.500288013999977],[99.91809632300016,13.500293138000075],[99.91817388800007,13.500314059000118],[99.91838811600002,13.500422350000122],[99.91903807800014,13.500701426000091],[99.91598108500011,13.506260731999987],[99.91345807800013,13.510483232000126],[99.9137344020001,13.510625316000187],[99.91380953700019,13.510673524000083],[99.91394757100005,13.510769243000084],[99.91404620500003,13.51084970800008],[99.91404819200011,13.510851564000063],[99.91414884100004,13.510945555000092],[99.91426317000014,13.511014417000126],[99.91430159700002,13.511034379000023],[99.91437352200006,13.511071749000052],[99.91455866400008,13.511144198000125],[99.9148815590001,13.511239242000158],[99.9150715940001,13.511304459000144],[99.9152488790001,13.511378864000164],[99.91540548100005,13.511444687],[99.91552656100015,13.511478884000098],[99.9155483240001,13.51148235200003],[99.91562955200004,13.511495296000021],[99.91563282300007,13.511495818000071],[99.91570958200009,13.511509966000176],[99.9158277210002,13.511547061000158],[99.915969539,13.511604276000185],[99.91618228100003,13.511692984000035],[99.91627093300008,13.511733075000052],[99.91634779600014,13.51177609399997],[99.91636275100007,13.511785115000123],[99.9163865490001,13.511799471000074],[99.91645720100007,13.511842084000136],[99.91654584400004,13.51187928600018],[99.9167112510001,13.511933531000125],[99.91694164500018,13.512010626000063],[99.9170686920001,13.51206115600013],[99.91717095300015,13.512103338000088],[99.91722824300007,13.512126966000096],[99.91735830800008,13.512195769000186],[99.91747069500008,13.512270411000145],[99.91760091499998,13.512379627000087],[99.91771328600015,13.512451379000026],[99.91781083500013,13.512502982000115],[99.91789354700006,13.512531546000162],[99.91799685200016,13.512545600000067],[99.91814439400014,13.512556608000068],[99.91826244600014,13.512570606],[99.91835103600016,13.512593378000133],[99.91839111100018,13.512619306000147],[99.91843975600005,13.512650781000161],[99.91852852900018,13.512722624000162],[99.91862022400005,13.512785792000045],[99.91871773800011,13.512828734000038],[99.91894520900001,13.512911613000085],[99.91918741700016,13.512991550000038],[99.91946498000016,13.513059811000062],[99.91968941100015,13.51311961000016],[99.919813466,13.513159564000091],[99.91991397900006,13.51321404500004],[99.92009434600016,13.513323071000173],[99.92023643300013,13.513449563000165],[99.92035177000014,13.513524189000123],[99.92049065499998,13.51358430100015],[99.920596962,13.513612775000183],[99.92070611300005,13.513612374000047],[99.9208624170002,13.513600255000028],[99.92099812700008,13.51360264300007],[99.92111620700007,13.513622412000188],[99.92125795900006,13.513662306000072],[99.92137899900013,13.513684953000109],[99.92152944900016,13.513684400000159],[99.9216769470001,13.513683857],[99.92185401500018,13.513700528000072],[99.92199275100012,13.513723110000171],[99.92213746800013,13.51376587600015],[99.92235908500004,13.51386031900006],[99.922506817,13.513920393000035],[99.92267516600003,13.513971733],[99.92290557500013,13.514051713000072],[99.92308278700006,13.514105905000122],[99.92320383500015,13.514131438],[99.92330710900018,13.51413683100003],[99.9233779280001,13.514142343000117],[99.92346358000003,13.514168008000183],[99.92362314900004,13.514236700000026],[99.92383295200005,13.51432829700002],[99.92394238000003,13.514400060000014],[99.92411679500003,13.514494676000027],[99.92416485400014,13.514511853000158],[99.92424492400005,13.514540473000181],[99.92425268600016,13.51454324600013],[99.92432342800015,13.514528551000069],[99.92445589099998,13.514453011000057],[99.92463253800014,13.51435998800008],[99.9248681900001,13.514269631000161],[99.9250980540001,13.514208166000117],[99.92529847500009,13.514161238000156],[99.92541632000012,13.514120388000151],[99.92551931400016,13.514053619000038],[99.92561939400008,13.513995515000033],[99.92573723800007,13.513954665000028],[99.92576508200005,13.513938809000138],[99.9258137710001,13.513911083000153],[99.92590505300018,13.51386744700011],[99.92593734200011,13.513826914000049],[99.92594014000014,13.513786493000168],[99.92592817300016,13.51374323400006],[99.92591749500014,13.513719961000163],[99.9259043740002,13.513691365000113],[99.92590420600004,13.513648069000055],[99.92591580500016,13.513596065000058],[99.9259597320002,13.51351218900004],[99.926091967,13.513378915000033],[99.92618613400009,13.51331795100009],[99.92629510500012,13.51327136000009],[99.92639528100005,13.51323923600006],[99.92645705500018,13.513192820000143],[99.92648339000016,13.513137880000045],[99.92649779400011,13.513048339000022],[99.92650902700007,13.512901079000073],[99.9265323370002,13.512825941000074],[99.92658517000007,13.512756465],[99.92662023200012,13.512669738000056],[99.92662880500018,13.512597539000183],[99.92661385300005,13.512545634000048],[99.92658998899998,13.512476444000015],[99.9265630810001,13.5123841730001],[99.9265687680001,13.512329307000016],[99.9266039540002,13.512274327000114],[99.92670959700013,13.51212960700019],[99.9267653780002,13.512060121000161],[99.92678286900014,13.512005213],[99.92677964900008,13.511935945000175],[99.92677346000016,13.511860913000021],[99.92678505700013,13.511808914000028],[99.92682621500018,13.51177123600013],[99.9269528490002,13.511715918000164],[99.92737112900016,13.511555605000126],[99.92766571600009,13.511447711000073],[99.92774518300018,13.511401233000129],[99.92778628100007,13.511349120000034],[99.9278125420002,13.511273972000026],[99.92782988400018,13.51118153300007],[99.9278388510001,13.511125334000155],[99.92782599400005,13.511090523],[99.92779635000005,13.511053108000056],[99.927746142,13.511038859],[99.92748947400008,13.511034037000172],[99.92740970200003,13.511002579000035],[99.92733874800007,13.51096242500006],[99.92730613100008,13.51091924900004],[99.92728829300006,13.510879986000077],[99.92727340200014,13.510847207000154],[99.92726732300008,13.510801041000036],[99.92729074700009,13.51075476700015],[99.92733885800004,13.51070055100007],[99.92735242700019,13.510685261000049],[99.92738751700011,13.510604306],[99.92739311600013,13.51052634400014],[99.9273922980002,13.510517163000031],[99.9273869480001,13.510457088000123],[99.927362943,13.510353261000148],[99.92731221600019,13.510203340999965],[99.92727035700017,13.510059165000143],[99.92726413300016,13.509975474000044],[99.9272697990001,13.50991483700011],[99.92729617000009,13.509868551000181],[99.92736084600011,13.5098105780001],[99.927496243,13.509732142000189],[99.92770232400011,13.509624574000156],[99.92772232400017,13.509619112000053],[99.92782020200008,13.509592384000143],[99.92805601900017,13.50954532500009],[99.9282239960001,13.509501404000105],[99.92830938600008,13.509460672999978],[99.92836521400005,13.509402733000172],[99.92840913900005,13.509318857000153],[99.9284442010001,13.509232129000111],[99.92848816000014,13.509156915000062],[99.92853220400019,13.509101908000048],[99.92861333100007,13.508986928000127],[99.92866804900018,13.508872610000083],[99.92867780799997,13.508827629],[99.92867758100004,13.508768892000035],[99.928696243,13.50871340000009],[99.92872129200003,13.508675208000113],[99.92875441700005,13.508653991000017],[99.92878408899998,13.508645334000107],[99.92886269100012,13.50862964900017],[99.9289036510001,13.508614445000148],[99.92891296400012,13.5086109880001],[99.928950596,13.508576979000054],[99.92898499300009,13.508521429000098],[99.92899103100007,13.508504986000048],[99.92903481400003,13.508385764000138],[99.92908793800018,13.508290116000069],[99.92916624000009,13.508197453000093],[99.92926973300001,13.508107778000067],[99.92945143600008,13.507900805000077],[99.92965500800005,13.507653725000068],[99.9297200420001,13.507575232000022],[99.93007469200012,13.507147199000087],[99.93033464100006,13.506832171000099],[99.93070093800009,13.506353552000064],[99.93123623600013,13.505640302000188],[99.93169329200009,13.505035106000037],[99.93182202100019,13.504849062000062],[99.93209439800006,13.504494726000075],[99.93223515199998,13.504341199000066],[99.932498421,13.504746905000047],[99.93268488300015,13.504916053000045],[99.93292032300013,13.505116117000057],[99.93300863200005,13.505042716000105],[99.93306793300007,13.504993426000112],[99.93312898200003,13.504942685000117],[99.93330725400006,13.50463439200007],[99.93361557400016,13.504179614000122],[99.93379890200004,13.50384949100004],[99.9340438800001,13.503314587000034],[99.93406214200019,13.50323022200007],[99.9340773130001,13.503164750000167],[99.93410637200009,13.502873491000116],[99.9341118970001,13.502818129000161],[99.93411336500003,13.502803423000046],[99.93413360000005,13.502608128000134],[99.93415419000013,13.50250273800009],[99.93428446100017,13.502023874000088],[99.93432845600017,13.501793896000095],[99.93437301200015,13.501381947000027],[99.93438783300019,13.50100463200016],[99.93437831400001,13.500651329000107],[99.9343597940001,13.500390263000043],[99.93435923900017,13.500361474000044],[99.93435538000011,13.500161237999976],[99.93435374800015,13.500132735000022],[99.93434559100007,13.499990081000135],[99.93433848700005,13.499959995000097],[99.93432727400005,13.49994398400014],[99.93428070400012,13.499933557000077],[99.93352998800003,13.49994148400009],[99.93348533000005,13.499931379999964],[99.93345375300004,13.499913512000091],[99.93344321100005,13.499900718000106],[99.93343779100013,13.499857065000128],[99.93346806400007,13.49975676500003],[99.93364718400011,13.499044103000188],[99.93370137200014,13.498796683000137],[99.93377433300009,13.498423192000075],[99.93381515700008,13.498214217999987],[99.93389987700016,13.497892432000015],[99.93392253000019,13.497849744000064],[99.93393572000019,13.497831243],[99.93394684200007,13.497810965000099],[99.93396023800011,13.497797756000182],[99.93403088500014,13.49765564900008],[99.93418156400008,13.49772665400019],[99.93432791500004,13.497756712000182],[99.93457010200012,13.497802455000112],[99.93495545000019,13.497887133],[99.9354729910001,13.498021564000055],[99.93578497400006,13.498099340000067],[99.93599046300011,13.498154077000095],[99.93606395200004,13.498173653000094],[99.93625114100018,13.498219598999981],[99.93646770200007,13.498272622000059],[99.9368790310001,13.498363230000052],[99.937829249,13.49857253800019],[99.93842354800006,13.498711802000116],[99.939668026,13.499003415],[99.93988447400017,13.499031317],[99.93998486200013,13.499077421000095],[99.94010464000007,13.4990699600001],[99.94016341200017,13.499094860000014],[99.94024117800018,13.499118859000134],[99.94038199300019,13.499045363000107],[99.94048030300019,13.49898951800003],[99.94059120300011,13.49892652300008],[99.94104128900005,13.498765951999985],[99.94185288100005,13.498575991],[99.94346521900007,13.498198597000055],[99.94493278700014,13.497885074000123],[99.94574535700008,13.497753675000183],[99.94650587100011,13.497725142000036],[99.94701752100013,13.497774543000105],[99.94706604300006,13.497787061999986],[99.94968900500004,13.498463853000146],[99.95105016200012,13.498909273000038],[99.95138596200019,13.498962729000027],[99.95157477100008,13.498958369000036],[99.9518659520001,13.498896635000051],[99.95235922700016,13.49883231399997],[99.95268677500007,13.498754071000178],[99.95329558500003,13.498501508000174],[99.95368814300019,13.498281851000172],[99.9542635580001,13.497875410000063],[99.95467575700019,13.497649263000085],[99.95473991900013,13.497622063000108],[99.95490487100011,13.49755213900005],[99.9550697860002,13.497470663000058],[99.95527502500005,13.497400295999967],[99.95539030900017,13.497395963000088],[99.95545797000017,13.497398159000056],[99.95549766900012,13.497399448000067],[99.95560097700019,13.49738347900012],[99.95571615300008,13.497351922000064],[99.9557995670001,13.497332152000013],[99.9558987600002,13.49728118700017],[99.9559424110002,13.497261568000056],[99.95600975300005,13.497195171000158],[99.95612828300011,13.497007963000101],[99.95616017700007,13.496960769000111],[99.95618365300004,13.496937299000138],[99.95623915400012,13.496894711000152],[99.9562787970001,13.496867327000018],[99.95633039600006,13.49684379100006],[99.95636609600012,13.49682419300018],[99.95643163400007,13.49681377200011],[99.95652607200009,13.496796563000032],[99.95665148400013,13.496782532000054],[99.95675881300002,13.49678212300006],[99.95687095700009,13.496786371000098],[99.95704284900012,13.496818389000055],[99.95715749200008,13.496855302000029],[99.95732711800008,13.496917693000114],[99.95744661300012,13.496973253000078],[99.95754459900007,13.497017234000111],[99.95762580500019,13.497042603000125],[99.95771890200018,13.49705859300002],[99.95785734800006,13.497079068000062],[99.95799572200013,13.497083214000043],[99.95808636200019,13.497080529000073],[99.95818173499998,13.497068493000143],[99.95835810200015,13.49702813700003],[99.95851443200007,13.496983989000114],[99.958556542,13.496970165],[99.95885562100017,13.496871981000083],[99.95886558100011,13.496867457000064],[99.95897993700015,13.496831985000142],[99.95902796500002,13.496819107000135],[99.9590429710002,13.496815073000164],[99.95908670300008,13.49680334600015],[99.95913614500012,13.496801453999979],[99.9591682480002,13.496803034000152],[99.95920977600008,13.496810786000083],[99.9592443910002,13.49682379899997],[99.95926860900005,13.496837901999982],[99.95945035800008,13.496949264000136],[99.95948354600017,13.496965614999965],[99.95959138800004,13.497018750000052],[99.95972039100013,13.497067286000117],[99.95989964000012,13.4971506280001],[99.96000237400011,13.497187600000132],[99.9601385310001,13.49723375800005],[99.96025081500017,13.497277689000043],[99.96032492600017,13.497312417000103],[99.96040266400018,13.497354933000054],[99.96045231700009,13.497383137999975],[99.96049130500012,13.497402375999968],[99.96055498700008,13.497423678000132],[99.96068829800004,13.49746009100005],[99.96069372100004,13.497433684999976],[99.96079758600018,13.497083139000097],[99.96099238900001,13.49649810800014],[99.96099720900008,13.496477543000083],[99.96100775200017,13.49643255900014],[99.96106333600011,13.496195326000134],[99.96123040600008,13.495644277999986],[99.96150641600019,13.495035374000054],[99.96156434,13.494875863000118],[99.96178295900006,13.494273793000048],[99.9619257920001,13.49392331000007],[99.9620022000002,13.493735519999973],[99.962024917,13.493693562999965],[99.96227647900008,13.493195810000088],[99.96250370600012,13.492696401000046],[99.96261253400007,13.492457218000084],[99.96300510100014,13.491555174000041],[99.96315291000019,13.491135320000126],[99.96333827700016,13.490692434000096],[99.96350653600012,13.490290423000147],[99.96372886200004,13.489716045000023],[99.96391925400019,13.489404762000106],[99.96427602000006,13.488941618000183],[99.96457995400016,13.488514548000182],[99.96478216600019,13.48820774],[99.96526029400013,13.487537282000176],[99.96552738500009,13.487046725000141],[99.9658999940001,13.48649620100008],[99.96624815000013,13.485945828000126],[99.96644250500015,13.48565867200017],[99.9665697740001,13.485504222000145],[99.96657392200007,13.485499190000098],[99.9665739310002,13.485499234000088],[99.96659802700003,13.48558905699997],[99.96660430200012,13.485680653000088],[99.9666103020001,13.486162053000157],[99.96661040400011,13.486170111000092],[99.96661806700013,13.486202233000085],[99.96663671600015,13.48622756900005],[99.96667307100006,13.486252773],[99.96672631700017,13.486265064000065],[99.96677876400014,13.486258324],[99.9669060270001,13.486229064999975],[99.9675356460001,13.486012204000076],[99.96769472200009,13.485957411000072],[99.96779054300015,13.485959574000162],[99.967857907,13.485969454000099],[99.9679435130002,13.4860071330001],[99.9681409000001,13.486153350000052],[99.96822150100007,13.486234134000142],[99.96825807900007,13.486315084000125],[99.9682712930001,13.486380922000023],[99.9682714970001,13.48643160100005],[99.96826138500018,13.486492460000022],[99.968222981,13.486601571999984],[99.9680916160001,13.486876391000067],[99.9680457990001,13.486972240000114],[99.96803055800018,13.48704578600018],[99.96802935400007,13.487069298000165],[99.96802575700002,13.487139567000042],[99.96802618599997,13.487245999000095],[99.96803948100012,13.487332110000068],[99.96806826900018,13.487408022000125],[99.96845667000008,13.488045123000177],[99.96880850100013,13.488603805000025],[99.96882169600008,13.488664574000154],[99.96881942500016,13.488743138000075],[99.96880429500015,13.488844561000064],[99.96878327100018,13.488912738000067],[99.96876595700019,13.488968881],[99.9687437450001,13.489038230000176],[99.9685920570002,13.489511854000114],[99.96845261400011,13.490252356000099],[99.96844772400004,13.490323329000034],[99.96845602400003,13.490455074000181],[99.96846921700012,13.490515839000125],[99.9684761170002,13.490533193000147],[99.96848229600005,13.490548734000072],[99.96855884500008,13.490567158000033],[99.96864271600003,13.490560475000109],[99.96906812800006,13.490526563000117],[99.96988632500018,13.490461339000035],[99.97113730100011,13.490361612000072],[99.97122599900018,13.490354542000034],[99.97316141200014,13.490200239000103],[99.97328912900014,13.490192981000064],[99.97345910100017,13.49014474200004],[99.97372366700006,13.490069662000053],[99.97383414000006,13.490065853000033],[99.97388945000017,13.490082537000148],[99.97394140300014,13.490122880000058],[99.97396584500018,13.490190356000085],[99.9739627260002,13.490271458000052],[99.97393895300007,13.490369537000106],[99.9738909150002,13.490444057000047],[99.97354677600009,13.490722456000071],[99.973519281,13.49075297200011],[99.97350912100006,13.49080369900014],[99.97352312500016,13.490850950000038],[99.97356128500013,13.490894720000142],[99.97366162700007,13.490948393000053],[99.97391065900007,13.491055551000045],[99.97419458400003,13.491253798000173],[99.97540286000014,13.49206340100011],[99.97656575100018,13.492748155000072],[99.977877707,13.493577615000163],[99.97879154400005,13.494145069000012],[99.97926245300005,13.49447435500008],[99.98053007200019,13.495432368000024],[99.98205714400007,13.49651099200014],[99.98375353800009,13.497619351000083],[99.98485783600017,13.498294630000089],[99.98541158500007,13.498633245000121],[99.98645099700008,13.499283178000155],[99.9873563450002,13.499862595000081],[99.98855244200013,13.500584414000173],[99.98919939200005,13.501011283000082],[99.98947506500019,13.501137858000163],[99.98952521100006,13.501043292000134],[99.98975995500012,13.50062143200006],[99.99008296800014,13.500148958000011],[99.99034467500019,13.499762609000129],[99.99039869400013,13.499632409000185],[99.99042199400009,13.499530183000104],[99.99045885400017,13.499265423000054],[99.99050747700016,13.498977406999984],[99.99054734900011,13.498868155000025],[99.99059214900007,13.498802986000044],[99.99063457700004,13.498737825000092],[99.99064587400017,13.49872995800007],[99.99071499700011,13.498681795000039],[99.99104274000013,13.498504171000093],[99.99112917100007,13.49845732600005],[99.991349389,13.498365932000127],[99.99149141100003,13.49829341200018],[99.9915148570002,13.498276754000017],[99.99155054100015,13.498251398000036],[99.99160247100019,13.498190844000021],[99.991642506,13.498121050000123],[99.99171294500007,13.497946682000077],[99.99172223100015,13.49792487600007],[99.99183090800017,13.497669650000091],[99.99185155000009,13.497621168000137],[99.99206341700011,13.497230375000072],[99.99225681800004,13.49696267600018],[99.99248814400016,13.496690181000133],[99.99269805600017,13.49640152000012],[99.99274058800012,13.496346846000051],[99.99291865800012,13.496117926000124],[99.99295524000013,13.496070897000038],[99.99308736500012,13.495900924000068],[99.993215035,13.495800612000153],[99.99334995700019,13.495732764000024],[99.99364128700012,13.49562948],[99.99370753700009,13.495589754000093],[99.9937359430001,13.495575715000086],[99.99377369200016,13.495526820000066],[99.993854849,13.495378468000013],[99.99386785900003,13.495354682000027],[99.99397538600016,13.495116389000088],[99.99404414000014,13.494964024000012],[99.99405218800007,13.494939783000063],[99.99410973600004,13.494766465000112],[99.99420385700012,13.494582719],[99.99446821300012,13.494268311000098],[99.99467825000005,13.494009831000028],[99.99483117300014,13.493891142000052],[99.99503941100016,13.494229387000075],[99.99551368300013,13.495028714000057],[99.99566177500014,13.495278711000026],[99.99651926600012,13.49669042000005],[99.99670636500008,13.497006621000025],[99.99708806000012,13.497651720000022],[99.99774078000013,13.498711803000049],[99.99797980400018,13.499099991000037],[99.99869338100012,13.50025452900013],[99.99902893600012,13.500822928000048],[99.99954873900003,13.501672348000113],[99.9998609210001,13.502196096000148],[100.00042570400007,13.50312684500011],[100.00120620300004,13.504391817000169],[100.00169855700011,13.50524767100012],[100.0019228700001,13.505616931000134],[100.00241929700007,13.50643413900002],[100.00268125100007,13.506842574000189],[100.00282396600005,13.507065091000015],[100.00299994100016,13.50733947000009],[100.00349510400014,13.508182774000034],[100.00433632600016,13.509525070000109],[100.00471832200014,13.510094320000121],[100.00533385900013,13.5110752920001],[100.00553504900012,13.51140827300003],[100.00600000900005,13.512177830000041],[100.00657959600011,13.51305057400009],[100.00749902400014,13.514515582000172],[100.0083452290001,13.515892587000167],[100.00855825500014,13.516231680000033],[100.00859960000008,13.516249189000177],[100.00863575600005,13.516261818999965],[100.00866572600006,13.516264701000011],[100.00869222800014,13.516254688000174],[100.00869478100009,13.51625380500019],[100.00874123900019,13.516218987000173],[100.0088068140002,13.516161802000113],[100.00896227500016,13.516050563000078],[100.00909795400014,13.5159532240001],[100.00924224000016,13.515894661000175],[100.00956349600011,13.515869642000098],[100.00957919100006,13.51586374100009],[100.00967083800009,13.51585619499997],[100.00972940200012,13.515830840000092],[100.00980988100014,13.515783869000018],[100.00992686300003,13.515697280000097],[100.01011694100015,13.515552987000149],[100.01022650600004,13.515448484000103],[100.01031768100006,13.515329714000018],[100.01039046100004,13.515196656000057],[100.01043794400016,13.515071373000069],[100.01059298600018,13.514813289000017],[100.0106067700001,13.514797959000191],[100.01068177600007,13.514711071000079],[100.010758362,13.514610294000022],[100.0108203690001,13.514531102000035],[100.01084944600007,13.514469991000055],[100.01085577400005,13.51444478500008],[100.01086026500019,13.514426889000049],[100.01087090099998,13.514340725000181],[100.01089944800015,13.514154024000106],[100.01091455600016,13.514063055000122],[100.0109352790002,13.513952945000085],[100.01094606600009,13.513902660999975],[100.01095981200018,13.513840944000151],[100.01096758500017,13.513825115000145],[100.01098229700017,13.513798456000188],[100.01100052600015,13.513773271000105],[100.01102975500015,13.513748033000184],[100.01107366600019,13.51372632400006],[100.01109789400005,13.513719638000055],[100.01113959600013,13.513708116000146],[100.01125338200012,13.513675810000166],[100.01129032100005,13.51366627699997],[100.01134730300015,13.513651565000032],[100.01136300300004,13.513647513000024],[100.01159666100017,13.51359946500014],[100.0116011630002,13.513595023000107],[100.01162504500002,13.513593629000184]]]}},{"type":"Feature","properties":{"districtCode":"TH7503","provinceCode":"TH-75","nameTh":"อำเภออัมพวา","shapeName":"Amphawa","shapeISO":"TH7503","shapeID":"TH7503","shapeGroup":"THA","shapeType":"ADM2","labelPoint":[99.90066683,13.36304695]},"geometry":{"type":"Polygon","coordinates":[[[99.99694847000012,13.480593183000167],[99.99714367899998,13.48047173800012],[99.99725880600005,13.480388922000031],[99.99729386899998,13.48034855800006],[99.99731524300017,13.480310164000116],[99.99732871700002,13.480256482000073],[99.99732853400013,13.480212433000077],[99.99733230600009,13.4801779390001],[99.99734004200019,13.480154926000068],[99.99735953200019,13.480135696000048],[99.99747261400012,13.480031813999972],[99.99755059600017,13.479958723000038],[99.99758762900012,13.479922185000078],[99.99759927400015,13.479899153000133],[99.99759723700004,13.479880005000098],[99.99757749100019,13.479837949],[99.99743570800007,13.479627821000065],[99.99722687900015,13.479295380000167],[99.99707707500016,13.479039319000037],[99.99706711900006,13.478999133000059],[99.9970708850002,13.478962729999978],[99.99708642700006,13.478935853000166],[99.99713525600009,13.478910760000133],[99.99788159500014,13.478603258000078],[99.9980164430001,13.478554833999965],[99.99808097900012,13.478543088000094],[99.9981573020001,13.478542785000172],[99.99828652100007,13.478553761000171],[99.99835502400015,13.478555405000122],[99.99840391700019,13.478547547000176],[99.99846058400016,13.478524339000046],[99.99873208200006,13.478394932000072],[99.99885467000007,13.478327583000123],[99.99914098300007,13.478152790000138],[99.99940383000006,13.477980640999988],[99.99957560800004,13.477872694000041],[99.9997708800002,13.477767212],[100.00011978200013,13.47758195200015],[100.00018479500011,13.477528058000132],[100.00024192000012,13.477458880000086],[100.00031187400003,13.477338574999976],[100.00038966700015,13.477220788000125],[100.00043115400013,13.477156778000108],[100.00048054300004,13.47711061300015],[100.00077199000009,13.476915360000078],[100.0009514480002,13.476771635000148],[100.00122962800015,13.476522808000084],[100.00151812600018,13.476245848000076],[100.001728662,13.476045814000031],[100.0019783680001,13.475853282000116],[100.00234511500014,13.47556834900007],[100.00250635500015,13.475437459999966],[100.00257401100009,13.475391222000042],[100.0026078590002,13.475373208000178],[100.00265219700015,13.47536792699998],[100.00270440700018,13.475372823000043],[100.00288474400008,13.475441052000122],[100.00296838700018,13.475473923000095],[100.00303888000008,13.475483857000029],[100.00310932600001,13.475481018000039],[100.00331537200003,13.475457213000084],[100.003471902,13.475448929000152],[100.00356847200004,13.475453648000098],[100.0036337590002,13.475466162000032],[100.00382454800007,13.475536901000112],[100.00390081300009,13.475568202000147],[100.0039517470002,13.475579487000118],[100.00399284400015,13.47557932300009],[100.00403389600018,13.475567671000022],[100.00414910699999,13.475505917000078],[100.00437949000013,13.475372833000051],[100.00450244500013,13.475291899000126],[100.0047072960001,13.475137849000134],[100.00479903100012,13.47507811200012],[100.00484398100014,13.475062606000051],[100.0048831040001,13.475058618000105],[100.00492425900018,13.475071864000085],[100.00495174700018,13.475092822000079],[100.00497538200005,13.475129121000123],[100.00502276700018,13.47522852600008],[100.00505054100017,13.475318438000102],[100.00511028400007,13.475563366000074],[100.00522607500011,13.476110689000166],[100.005311978,13.476527893000082],[100.00536384700013,13.47677509800019],[100.00538586200008,13.476880018000145],[100.00540976000013,13.476979524000058],[100.00543142800012,13.47701199800008],[100.00545889800009,13.477029124000069],[100.00548827900013,13.477034753000055],[100.00553129200006,13.47702500400004],[100.00563193900012,13.476990743000158],[100.0057151850001,13.476961348000145],[100.0059642010001,13.476867797000125],[100.00622880300011,13.476772151000034],[100.00642700800012,13.47670423600016],[100.00662218900015,13.476657690000025],[100.0068993800001,13.476592503000063],[100.00713601700005,13.476519342000131],[100.00736125300006,13.476454366000098],[100.0075584540001,13.476394589000051],[100.0078449200002,13.476309023000056],[100.0081240930001,13.47622145600019],[100.00845207400016,13.476122503999989],[100.00869185900018,13.476058485000124],[100.00901884600012,13.475971742000127],[100.0092274910001,13.47591598300005],[100.0093759610001,13.475881821000087],[100.00945487200016,13.475866252000117],[100.00949435700016,13.475865077000094],[100.00953388500005,13.475873054000147],[100.00956307400003,13.475895310000055],[100.00961526100019,13.475950023000053],[100.00971673600014,13.476109286000167],[100.00982872999998,13.476300039000023],[100.01003899400018,13.476629733000152],[100.01021475000016,13.476907694000147],[100.01036834900015,13.477106414000048],[100.01045405500014,13.477223030000118],[100.01063273800008,13.477456232000065],[100.01070176300004,13.477559690000078],[100.01073421000012,13.477614477000088],[100.01075635800004,13.477691686000185],[100.01080412800007,13.477931515000023],[100.0108336890001,13.478042249000111],[100.01087159600013,13.478160073000083],[100.01089997999998,13.478237257000103],[100.01092408800002,13.478285976000109],[100.01095756300003,13.47833771300003],[100.01100453600014,13.478388372999973],[100.01106190000007,13.478436958000032],[100.01111918700013,13.478468256000099],[100.01116079899998,13.478478261000134],[100.01120655700004,13.478486209999971],[100.01126266900008,13.478484968000089],[100.01130420300012,13.47847666600012],[100.011373703,13.478445875000148],[100.01144937800018,13.478400816000033],[100.01156434600006,13.478309842000158],[100.01189766900006,13.477999319000105],[100.01227243800002,13.477660154000034],[100.01238841700012,13.477562051000177],[100.01243815200007,13.47752726900012],[100.01250659900018,13.477494448000186],[100.01259273500017,13.477465624000104],[100.01267893100004,13.477452059000143],[100.01280255500012,13.477441390000081],[100.01292937900013,13.47745104900008],[100.013105096,13.477472115000012],[100.01315916100015,13.477478597000015],[100.0133193210001,13.477507442],[100.01358245700015,13.477558252000108],[100.01371350300019,13.477583150000044],[100.01383826700004,13.477596882000114],[100.0139723690001,13.477606512000023],[100.01403575700004,13.477606256],[100.01413759700011,13.477604828999972],[100.01423523200009,13.477593245000094],[100.01430374400007,13.47757567900004],[100.01435767499999,13.477550037000071],[100.01447545300016,13.477470866000033],[100.01451075500006,13.477444978000165],[100.01456618700001,13.477392272000088],[100.01462259700008,13.47733163600003],[100.01467694100012,13.477262098000153],[100.0147140840001,13.477191641000104],[100.01472800800019,13.477135138000108],[100.01475671600008,13.476983513999983],[100.01478922600012,13.4767744400001],[100.01480509900006,13.476700105000077],[100.01482499000002,13.476618823000138],[100.01486706800017,13.476518640999984],[100.01490419300012,13.476444221000065],[100.01493620800017,13.476357939000025],[100.01494414800015,13.476321264000092],[100.01494396800013,13.476278689000026],[100.01493728700018,13.476134138000077],[100.01493493800007,13.476056902000096],[100.01493780400011,13.47601728300009],[100.01495578400005,13.475961755000128],[100.01506411200012,13.47573653100011],[100.01510023300017,13.47566508500006],[100.01511922800006,13.475608568000098],[100.01513415500011,13.47555007900013],[100.01514197800014,13.47548568100018],[100.01514271800005,13.475421314000073],[100.01514326100016,13.475309411000126],[100.01513548700007,13.475145060000102],[100.015131832,13.474999508000167],[100.01514438599997,13.47485686400006],[100.0151637890001,13.47465972000009],[100.01520618100005,13.474354496999979],[100.01523779600006,13.474173043000064],[100.0152810470002,13.473766204000071],[100.01532783100015,13.473343503000024],[100.0153831770001,13.472818666000023],[100.01544245300005,13.472371271000043],[100.01545618900013,13.472218056000088],[100.0154755060002,13.472105310000131],[100.01556428000009,13.471828559000073],[100.01559624900017,13.471731606000162],[100.0156210510001,13.471641724000165],[100.01563139600017,13.471536052000147],[100.01564630200016,13.471231434000117],[100.01567208200015,13.470946138000158],[100.01570366400011,13.470757641000091],[100.0157476780002,13.470532123000112],[100.01581674300013,13.47027481900011],[100.01587190000015,13.470130243000085],[100.01593084400008,13.470031413000072],[100.0159970090001,13.469939604],[100.01607026100015,13.469821358],[100.01612746700005,13.469736627000032],[100.01616842300007,13.469637876000093],[100.01619318600007,13.469539188000113],[100.01621446900015,13.469466925000063],[100.01625722700015,13.469369928000106],[100.01634656700008,13.469228727000086],[100.01638059800013,13.469193386000086],[100.01643079900015,13.469154449000143],[100.01653126500008,13.469092424999985],[100.01658507200017,13.469055239000113],[100.01661729500012,13.469018142000152],[100.01664587200008,13.468970490000117],[100.01667254300003,13.468896447000134],[100.01668845800003,13.46883124600015],[100.01668812300011,13.468752023999969],[100.01668783300005,13.468683367999972],[100.01667492200016,13.468607721000012],[100.01662775300008,13.46851284700017],[100.01657891400004,13.468447904000072],[100.01652296300011,13.468404125000063],[100.01643282200018,13.468355195000129],[100.01630666000005,13.46829760900016],[100.01624893100018,13.468257353000183],[100.01623083300012,13.468231019000143],[100.01621983900009,13.468183533000115],[100.01622320500019,13.468128947000025],[100.01629320900008,13.467667424000126],[100.01629827100015,13.467588182000156],[100.01628715900011,13.467512526000121],[100.01626898500007,13.467468586],[100.01621660600006,13.46741774800006],[100.01610840600017,13.467353049000167],[100.01605784800006,13.467307482000024],[100.01604176400019,13.467291314000079],[100.01603458700004,13.467268570000158],[100.016036521,13.46724776800005],[100.01606564500008,13.467197148000139],[100.01620856100004,13.467016343000182],[100.01635527399998,13.466778084000111],[100.01648702900013,13.466589407000185],[100.01651112300004,13.46654474800016],[100.01652607800008,13.46649220200004],[100.01653096100006,13.466450595000083],[100.01653180900013,13.466411973000106],[100.01652352400009,13.466366454000138],[100.01651125300003,13.466335803000163],[100.0164898770002,13.466305193000153],[100.01645838100012,13.466274622000185],[100.01642693300016,13.466254944000127],[100.0163783100001,13.466241277000165],[100.01607562700002,13.466204872999981],[100.01597436000009,13.46618448800018],[100.01595103700004,13.466172698000094],[100.0159337720001,13.466156921000106],[100.01592051800009,13.466134203000024],[100.01591533700008,13.466104512000129],[100.01591617300016,13.466062918000091],[100.01592007900013,13.466030224],[100.01594311600019,13.465973686000154],[100.01599042000004,13.465915069000175],[100.016051833,13.465841542000021],[100.01608396800009,13.46578397899998],[100.01610797900008,13.46571951500016],[100.0161188730001,13.465663026000186],[100.01612458400012,13.465577838000058],[100.0161212500002,13.465507544000104],[100.01610158300008,13.465402659000063],[100.01605430500007,13.465228565000018],[100.01583793999998,13.465260834000162],[100.01568686200011,13.465264967000053],[100.01560357200015,13.465257412000028],[100.01546170800015,13.46522203000012],[100.01532674700007,13.465196450000121],[100.0152339670002,13.465181702000166],[100.01516371200017,13.46517786000004],[100.01512721000017,13.465182133000098],[100.0150865240002,13.465194672000166],[100.01504864900016,13.465208573000155],[100.01475553300008,13.465321119000066],[100.01446104500002,13.465441920000046],[100.01444733800008,13.46544920800011],[100.01438119699998,13.465484389000096],[100.01414848100012,13.465608164000116],[100.01389044400014,13.465712321000126],[100.01356934900014,13.465853848000165],[100.01332960300005,13.46596480300002],[100.01321047800002,13.466031273],[100.01315704400008,13.466064766000045],[100.01299190800006,13.466168264000089],[100.01269903000019,13.466337175000092],[100.01250843800005,13.466446559000076],[100.0122840750002,13.466542325000034],[100.01205687800018,13.466629852999972],[100.0118590150002,13.466680146000158],[100.01168216500014,13.46671660700008],[100.01125550600011,13.466809061000049],[100.01114327400006,13.466845262000163],[100.01109560000003,13.46686607700019],[100.01104657900015,13.466900641],[100.01097239300003,13.46696418300013],[100.01092338600017,13.467001504999985],[100.01087992900005,13.467023676000167],[100.0107971560002,13.467048754000075],[100.01068487000015,13.467072580000092],[100.01049672500011,13.46709533700016],[100.01029027100009,13.467105791000108],[100.01019053800007,13.467107567000085],[100.01011605200017,13.467099614000063],[100.0099910140001,13.467077891000088],[100.00976616400015,13.467056795000133],[100.00969375300014,13.467059532000121],[100.00955899000007,13.46708207200004],[100.0094392100001,13.467104548000123],[100.00905000600005,13.467196547000185],[100.00877312900013,13.467275870000037],[100.00861355799998,13.467337616],[100.0085620810001,13.467363066000189],[100.00850668700014,13.467399050000154],[100.00838699899998,13.467504727000062],[100.00827496300013,13.467588278000164],[100.00813546100017,13.467671945000063],[100.00797851900012,13.467765450000059],[100.00791117500006,13.46778527700019],[100.00782879000008,13.467792937000127],[100.00766641200016,13.467781368000146],[100.00751160000016,13.46778687900013],[100.00717955700009,13.467812651000145],[100.00660258700015,13.467864554000073],[100.00613080700003,13.46791903000019],[100.00588121100014,13.467942714000174],[100.00568633699999,13.467952771],[100.00559497199998,13.467953621999982],[100.00577335100013,13.467415514000095],[100.00588102300014,13.466986544000122],[100.00603038300005,13.46645852100005],[100.00612939800016,13.465971906000163],[100.0061865460001,13.465543142000058],[100.00619290100019,13.465048651000075],[100.00622534000013,13.464751844000148],[100.00626589299998,13.464380834000167],[100.00628836100009,13.463713219000056],[100.00629575200009,13.463465958000143],[100.00623491600004,13.463012941000045],[100.00602114000009,13.462230898000087],[100.00586641300015,13.461473341000044],[100.00549902200004,13.460197449000134],[100.00506959700016,13.458180103000018],[100.0026191930001,13.458140439000147],[100.00259512200012,13.458141498000145],[100.00258390900018,13.458141995000062],[100.00248231300014,13.458146471000077],[100.0023390790002,13.458147042000064],[100.0021837050001,13.458145436999985],[100.00195558300004,13.458146345999978],[100.00174867600009,13.458145686000137],[100.00149932400006,13.458143711000048],[100.0012454350001,13.458143240000084],[100.00107339100009,13.458142440000188],[100.00080206600012,13.458142037000073],[100.00054285800013,13.458138618000078],[100.00042461000015,13.458134638000104],[100.00026841800019,13.458118942000056],[100.00014784400014,13.458101616000022],[100.00025965400016,13.457833264000044],[100.0003867050001,13.457550389000176],[100.00049231400004,13.457250861000034],[100.00055728400008,13.456998936000105],[100.00070006100009,13.45658699300003],[100.00078416600002,13.456282417000068],[100.00083592000004,13.456093661000068],[100.00030181300019,13.456189324000093],[100.00010899100005,13.45622386000008],[100.00007503200015,13.456229944000029],[99.99999499700004,13.456239453000023],[99.99968434600015,13.45627635600016],[99.99955088100006,13.456276886000012],[99.99908075800016,13.456200376000083],[99.99807015300007,13.45608932500005],[99.99778633000017,13.456067008000048],[99.9974306530001,13.45609196600003],[99.99716528400012,13.456161626000096],[99.99696675700011,13.456229662000055],[99.99674843600008,13.456366384000148],[99.99652151300006,13.456232690000093],[99.99650958100011,13.456225663000168],[99.99598880000008,13.455993175000117],[99.99545364400007,13.455681777999985],[99.99503275400002,13.455456401999982],[99.99499531200013,13.455558693],[99.99495082800019,13.455744167000091],[99.99491174300005,13.455896177000056],[99.99483141400009,13.456124274],[99.99471739400008,13.456468208000047],[99.99465181500005,13.45668992100019],[99.99458183000002,13.456962268999973],[99.99449435700018,13.45725005700018],[99.99442523800008,13.457508844000188],[99.99436633800013,13.457782957],[99.99433743000009,13.457938543000125],[99.9942219790002,13.45793628700011],[99.99396702000013,13.457921025000076],[99.9937056010001,13.45790669400003],[99.99369545300016,13.458021677999966],[99.99367182600008,13.458264015000054],[99.99365889400008,13.458412306000128],[99.99363720700012,13.45852809300004],[99.99361794000004,13.458634221000125],[99.99358767300009,13.45875968300004],[99.99355731100007,13.45886224300017],[99.99353309800011,13.458962371000098],[99.99349910200016,13.459079412000108],[99.99345655600018,13.459213353000052],[99.993429805,13.45929541300012],[99.9934103700001,13.459360572000094],[99.99340072500013,13.45941002000012],[99.99339347500006,13.459443796000073],[99.99308302600019,13.459410072000082],[99.99274425100015,13.459374048000143],[99.99245845800004,13.459347454000067],[99.99233774300006,13.45933828900013],[99.99206919500006,13.459311633000027],[99.99172432600005,13.459291299000142],[99.99162452200011,13.45928444100008],[99.99147551400006,13.45927420300012],[99.99114175100004,13.459259849000034],[99.9908289240002,13.45924662200008],[99.99054936300007,13.459236874000169],[99.99029937800009,13.459234245],[99.99007760900014,13.459235118000038],[99.99001740000006,13.459235355000146],[99.98970956100004,13.45923776900014],[99.9894780950001,13.459245913000132],[99.98915673900012,13.459254406000184],[99.98899175600008,13.459259877000022],[99.98889819000016,13.45926386300016],[99.98883172300009,13.459271351000098],[99.98874988300003,13.459284621000108],[99.98870733700011,13.459298007000143],[99.98864456600012,13.459319102000052],[99.98852372300018,13.459367369],[99.98846251700007,13.459389981000129],[99.98840232400016,13.459406999000123],[99.9883701550001,13.459416274999967],[99.98832447000012,13.459424082],[99.9882683840001,13.459428875000128],[99.98822267500015,13.45942956700003],[99.9881452640002,13.459428343000127],[99.98810940200008,13.459423403000073],[99.98807247900015,13.459414394000078],[99.9880386640001,13.459402832000023],[99.98799650700005,13.45938367500014],[99.98788369100015,13.45933159100008],[99.98777021500018,13.459286237000072],[99.98769254600006,13.459263646000068],[99.98760137200014,13.459250745000134],[99.98750406800008,13.459245101000022],[99.9874375220001,13.459232109000027],[99.9873968180001,13.459215393000079],[99.98735854000012,13.459190237000143],[99.98732640000014,13.459159027],[99.98727440099998,13.459091737000165],[99.98716920800007,13.458963197000173],[99.9871197700001,13.45891879900006],[99.9870802910001,13.458899669000061],[99.9870235910002,13.45888663300002],[99.98697801200007,13.45888199400008],[99.98692752400018,13.458882192000146],[99.9868795380001,13.458890816000121],[99.98683895700003,13.458904234000158],[99.98673817000014,13.458949218000157],[99.98663370200018,13.458999044],[99.98646906800008,13.459088873000098],[99.98637449100016,13.459147092000023],[99.9862442480001,13.459216303000119],[99.98610411600009,13.459277112000109],[99.98603035200017,13.459306325000114],[99.98597375800011,13.459318597999982],[99.98591590100006,13.45932244100004],[99.98579769300005,13.45932410600011],[99.98567947600009,13.459322160000113],[99.98557477600013,13.459315343000185],[99.98543308300009,13.459294204000116],[99.98516445800016,13.459249459000034],[99.98487732500007,13.459195142000056],[99.98458157300013,13.459142067000016],[99.98427473600003,13.45908783200008],[99.98409023500017,13.459054338000158],[99.98413162600013,13.458469251000167],[99.98417329300008,13.457950584000116],[99.98424296400009,13.45732253600005],[99.98430002300012,13.456820950000122],[99.98433795400013,13.45644368600017],[99.98436625700009,13.456212128000175],[99.984379494,13.456070510000188],[99.98438556500008,13.45596470400011],[99.98438037200009,13.455887576000123],[99.98437117600002,13.455823989000123],[99.98436196500006,13.455757216],[99.98435435400006,13.455684870000084],[99.98433858900012,13.45560539700017],[99.98432032200009,13.45550923400009],[99.98431692700007,13.455474253000148],[99.98431750300011,13.455416188000072],[99.98432839700013,13.455298438000057],[99.98433701000005,13.455218869000134],[99.98435856000009,13.455122550999988],[99.98440029200015,13.45499513100009],[99.98446285200015,13.45479366700016],[99.98453824500012,13.454550795000102],[99.98456715499998,13.454466375000038],[99.98459376600016,13.454416164000065],[99.98461879300004,13.454376302000185],[99.98463710600004,13.454349939],[99.9846769560001,13.454292561000045],[99.98472302900012,13.454231936000099],[99.98476102300003,13.454183272000023],[99.98480790100001,13.45412184700018],[99.98485726700005,13.45407234300012],[99.98490176700017,13.45402445000019],[99.98493575500015,13.453990115000067],[99.98496813800006,13.4539665530001],[99.98500870700013,13.45393910200005],[99.9850365060002,13.453918864000173],[99.98506474000004,13.453893701000084],[99.98508428900016,13.453867229000025],[99.98510062800017,13.453838530000098],[99.98510647200015,13.453815244999987],[99.98510949500013,13.45377138900011],[99.98510792800005,13.453723972000034],[99.98509616600018,13.453642151000054],[99.98508220600007,13.453581364000115],[99.98507015800016,13.453541145000088],[99.98504938600018,13.453492015000108],[99.98501806600012,13.453433533000066],[99.98498309000007,13.453375060000099],[99.98496742900011,13.45334604400017],[99.98496003700018,13.453327283000135],[99.98495309000003,13.453304492000143],[99.98494979700007,13.453281689999983],[99.98494876400002,13.453252615000167],[99.984952706,13.453210543000068],[99.98495715900015,13.453181448000066],[99.98496617400008,13.453150543000106],[99.9849806950001,13.453124537000065],[99.9850665890001,13.453003859000034],[99.98509837000017,13.45295139000001],[99.98511013100017,13.452920477000077],[99.98511911600013,13.45288241500009],[99.98512404200017,13.45285779000011],[99.98512704200004,13.452809016000174],[99.98512722800007,13.452742801999989],[99.98512302600005,13.452721344],[99.98510264400016,13.452654763999988],[99.98507302000019,13.452564508000023],[99.98505759400018,13.452511456000025],[99.98505257900018,13.452478073000066],[99.98505323300009,13.452439097000024],[99.98505550700008,13.452398526000138],[99.98506266700014,13.452360322000175],[99.98507473200016,13.452330054000129],[99.98512144400013,13.452228067000135],[99.98514800700008,13.452165927000124],[99.98515439,13.452138064000053],[99.98515422999998,13.452099093000129],[99.98515245800019,13.452063310000085],[99.9851425830002,13.452032329000133],[99.98513514600018,13.452012674000173],[99.985114663,13.451981450000062],[99.98507654300005,13.451925964000111],[99.98500692300013,13.451843574],[99.98495464100012,13.451776172000166],[99.98493830400008,13.45176359200019],[99.98491438000002,13.451751077000097],[99.98490820700016,13.451748517000055],[99.98486428100006,13.451736758000095],[99.98481463600012,13.451717866000138],[99.98480318900016,13.451711656000157],[99.98478912800016,13.45169739],[99.98478690800016,13.45169332000006],[99.98477701900015,13.451659156000062],[99.98475041100005,13.451511328000095],[99.98472793300016,13.451379391999978],[99.98470540000017,13.45123472600011],[99.98468550000013,13.451136978000022],[99.98465998800015,13.45105834300017],[99.98461320000018,13.450943997000138],[99.98457466700012,13.450859843000103],[99.98453705100019,13.450801926000167],[99.98447985800016,13.450725002000013],[99.98442190400016,13.450661606000097],[99.98438352600016,13.45061642000013],[99.98428651100005,13.45053805700013],[99.98417244100006,13.450462952],[99.98408693400017,13.450417153000046],[99.98404950600008,13.450406166000107],[99.98398285100018,13.450399270000105],[99.98394629100017,13.45040100400007],[99.98390487400019,13.450407526000049],[99.98384240400014,13.450431631000185],[99.98369236400004,13.450502211000185],[99.98355612700004,13.45057114000008],[99.98341422099998,13.450644068000088],[99.98337693100012,13.450665690999983],[99.98336236200004,13.450680061000128],[99.98334943300017,13.450696815000072],[99.9833389640001,13.450720716000035],[99.98332543200019,13.450789965000183],[99.98330012400004,13.450960265000049],[99.98328727000006,13.450996901000053],[99.98326140000006,13.45102802200006],[99.98319426600017,13.451104632000181],[99.98316359000012,13.451154859000155],[99.9831104430001,13.45127357400014],[99.98307113300001,13.451397003000125],[99.98302305900012,13.451565010000081],[99.98302146500004,13.45156939800006],[99.98300538300009,13.451613594000037],[99.98298845600004,13.451647859000104],[99.98295527600015,13.451680596000074],[99.98292772800016,13.45170058900004],[99.9829074480001,13.451708619000158],[99.98267014800018,13.451703978000012],[99.982624407,13.451700666000136],[99.98245149600018,13.451688133000061],[99.98239624500013,13.451688348000175],[99.98235806000008,13.451690090000113],[99.98231258600009,13.451698218000104],[99.9822704120001,13.451717472999974],[99.9821431100001,13.451784775000078],[99.98199622599998,13.451856214000031],[99.98197422600015,13.451865739000027],[99.9819609230002,13.451868932000025],[99.98194255700008,13.451869904000091],[99.9819122510001,13.451869122],[99.98178962600014,13.451863759],[99.98173727500017,13.451862617000074],[99.9816968720001,13.451864121000028],[99.98167346000014,13.451866461000066],[99.98163228600009,13.451871484000037],[99.98155545900005,13.451893090000056],[99.98149077100004,13.45191160600018],[99.98146993300008,13.451917573],[99.98145445000011,13.451679001000173],[99.98144115100018,13.45162081400008],[99.9814177470002,13.451575449000131],[99.98138567000012,13.451538642],[99.98135074200007,13.451514633000102],[99.98104697700006,13.451403602000028],[99.98101496700008,13.451383841000109],[99.98099453600008,13.451355509000052],[99.98098861500006,13.451327124000102],[99.98098551600003,13.451278842000022],[99.98099806400018,13.451152371000148],[99.9809977170001,13.451067148999982],[99.98098008700003,13.451014662000034],[99.98095814500016,13.45097213200006],[99.98090422000007,13.450915523000049],[99.98082549800012,13.45082918200012],[99.98079044500014,13.4507739230001],[99.98076840000004,13.45070583000006],[99.9807650780001,13.450603568000133],[99.98075098700008,13.450350785000069],[99.98073753300002,13.450252827000156],[99.98071837700007,13.450181878000024],[99.98069500000014,13.450143617000151],[99.98060615000009,13.45006441900017],[99.98050862100013,13.449990938000042],[99.9804474500001,13.449937200000022],[99.98038617500009,13.449857893000114],[99.98035106500004,13.449789847000034],[99.9802876400002,13.449538676000088],[99.98025649100003,13.449372606000054],[99.9802325660001,13.449199404000126],[99.98023072100005,13.449102821],[99.980239053,13.449010459000021],[99.98026471900016,13.448898144000054],[99.9802990280001,13.448770173000014],[99.980342,13.448630797000021],[99.98035178700007,13.44853985500015],[99.98035007700014,13.448475940000094],[99.98033393100002,13.448430547000157],[99.98031061500006,13.448407913000096],[99.98024382000011,13.448398229000134],[99.98010591000008,13.448387401000161],[99.97999706300004,13.448386406000168],[99.97993177500018,13.44839092300009],[99.97968675900012,13.448450115000185],[99.97964035300004,13.448458817000187],[99.97959823600019,13.448451879000174],[99.97955752000018,13.448432152],[99.9794992730001,13.448382662000029],[99.97947150400017,13.448334475000024],[99.97945669300009,13.448260671000128],[99.97944769200018,13.448189683000123],[99.97943958400003,13.447979488000044],[99.97942909300014,13.44789714500007],[99.97941010500017,13.447867387000088],[99.97938386600003,13.447839081999973],[99.9793533130001,13.447820735000164],[99.97931701900012,13.44781661200011],[99.97927784700005,13.447819608000145],[99.97923587200006,13.447846759000186],[99.97919834600015,13.44789804300018],[99.9790155890002,13.448279430000184],[99.97898818900006,13.448322152000173],[99.97896212600011,13.448336457000039],[99.97892297600009,13.448345131000053],[99.978886703,13.448346691000154],[99.97884894200018,13.448339736000037],[99.97883001600002,13.448325605000036],[99.97881830100005,13.448298663000116],[99.9788020630001,13.448231967000083],[99.97876203200008,13.44802331600016],[99.97872230500008,13.44788853000017],[99.97865366600018,13.447782264000068],[99.97862303300008,13.447744031000013],[99.97859541400015,13.447732772000052],[99.97856928600015,13.447731455000053],[99.97849925300011,13.447773094000013],[99.97833310200014,13.447866427],[99.97816034400006,13.447941671000024],[99.97810161500007,13.447952554000153],[99.97804937700005,13.447953825000184],[99.97799818700003,13.447945496000102],[99.97796004100007,13.447932861000027],[99.97791314600005,13.447910670000056],[99.97786619900012,13.447874635000176],[99.97769794400017,13.44771761800007],[99.97730883200012,13.447315367000101],[99.97710777200018,13.447120128],[99.97702690300014,13.447039475000167],[99.9769983720002,13.446983122000063],[99.97698514600017,13.446942691000174],[99.97697958400005,13.446912882000106],[99.97697942900015,13.446874535],[99.97698897900005,13.446813772000041],[99.97700832600015,13.44675297100008],[99.97704720700006,13.446678249000115],[99.9771067640001,13.446603444000061],[99.97716953700007,13.446514778],[99.97719765200014,13.446469924000041],[99.97721155400006,13.446409143999972],[99.97724882700004,13.446205523000117],[99.9772561370001,13.446129856000141],[99.97724620700018,13.446096865000186],[99.97723410600014,13.446064953000189],[99.9772100470002,13.446037348000118],[99.97714897300011,13.44600669099998],[99.97698219699998,13.445945552000182],[99.97681649400005,13.445880144000114],[99.97677830200013,13.44585685100003],[99.97674662200012,13.445828211000162],[99.97672255200013,13.445796344000087],[99.97670058500017,13.445748492],[99.97667411800018,13.44566229999998],[99.9766465130001,13.44556546399997],[99.97661236900012,13.445466517000057],[99.97655199700012,13.445339981000075],[99.97652025700017,13.44529642000009],[99.97649406500011,13.445279481000057],[99.9764581120001,13.445271097000045],[99.97643198200007,13.445269065000048],[99.97637215700018,13.445277823000083],[99.97627213000015,13.445304842000098],[99.97615793700004,13.445326592000129],[99.9760872120001,13.44533219400006],[99.97602626200006,13.445333492000145],[99.97590652300016,13.445329699000126],[99.97580419400015,13.44532476600017],[99.97567790400018,13.445316734000187],[99.97559952000012,13.445312775000104],[99.9755461960001,13.44531405000015],[99.97550377200014,13.445320605000063],[99.975443988,13.445340011999974],[99.97539075000003,13.445363654000175],[99.97528434000014,13.445426920000045],[99.97524088400007,13.445446265000157],[99.9751919520001,13.445458177999967],[99.97513646000016,13.445462650000024],[99.97507223500008,13.445460772000047],[99.9749982080001,13.445456795000155],[99.9749568540002,13.445458021000093],[99.97491554200019,13.445469899000159],[99.97487969700012,13.445488151000063],[99.97485366500013,13.445510621000153],[99.97480597400016,13.445559813000159],[99.97472268000018,13.445686912000099],[99.97462743000011,13.445818315000054],[99.97452229500004,13.445927384000072],[99.9744925710001,13.44595367900007],[99.97442793800013,13.446010848000071],[99.9743769120002,13.446043006000082],[99.97433235300014,13.446059159000072],[99.97429535800018,13.446062497000185],[99.97426379800004,13.446063687000105],[99.97420825500018,13.446054314000094],[99.974160304,13.446040648000064],[99.97412322500008,13.446021616000053],[99.97409046000013,13.445994044000088],[99.97406634600009,13.445951522000144],[99.97404655100013,13.445901528999968],[99.97403869400011,13.445842966000043],[99.97403948300007,13.445768391000172],[99.97405217400012,13.445676722000144],[99.97406706600015,13.445591437000076],[99.97406869000008,13.445574856000064],[99.9740733390002,13.445527493000156],[99.9740731190002,13.445473160000176],[99.97406632200006,13.445407136000028],[99.97404313499999,13.445325195000066],[99.97401346600014,13.445256061000066],[99.97394986,13.44513699100014],[99.97383034700016,13.444920124000078],[99.97375914600008,13.444807476000165],[99.97369460300013,13.44472676100014],[99.97364871200017,13.44468326100008],[99.97358210200014,13.444630252000081],[99.97342716200012,13.44453496799997],[99.97331144900005,13.444450188000076],[99.97324262500001,13.444386533000056],[99.97320655700008,13.444349388000091],[99.97318137400003,13.444312198000034],[99.97316049500017,13.444263276000072],[99.97314285400006,13.444207943000038],[99.9731213780002,13.444009874000074],[99.97309752900009,13.443763872000147],[99.97307423300015,13.443655301000149],[99.9730544790001,13.443614895000167],[99.97303152500018,13.443590477999976],[99.97300968400003,13.443572452000126],[99.97297371900015,13.443560874000013],[99.97294214800013,13.44355886700015],[99.97290297000006,13.443560081000044],[99.97285839200015,13.443571976000044],[99.97280731500007,13.443591344000083],[99.97269543600015,13.443647177000173],[99.97260533100007,13.443705053000144],[99.97248697500004,13.443774759000064],[99.97239575900011,13.443827310000074],[99.97227080400017,13.443894729000021],[99.97221696999998,13.443919930999982],[99.97194441300007,13.44404750700005],[99.97172418100018,13.44413548000017],[99.97159870200016,13.444207930000118],[99.97149640700013,13.444272717000047],[99.97137306000013,13.444394404000093],[99.97126702200006,13.444489512000132],[99.97121678100012,13.444506754000145],[99.97117035200006,13.44450882500007],[99.9711451760001,13.44450324100012],[99.97111801500012,13.444486300000051],[99.97110436000014,13.444457945000124],[99.97110223400011,13.444410602000175],[99.97111666600006,13.444151077000129],[99.97114130300008,13.444022194000183],[99.97116234300006,13.443961509000076],[99.97120078100005,13.443896969000036],[99.97127010600019,13.443813369000054],[99.9713586850001,13.44370696500016],[99.97138753900003,13.443665187000079],[99.97139120400004,13.443614035999985],[99.97137939400017,13.443564843000104],[99.97134036900019,13.443483553000135],[99.97128778900014,13.44340042400006],[99.97123529800012,13.443338124000093],[99.97118484500015,13.443302335000055],[99.97113829099999,13.443274107000036],[99.97108016500016,13.443255391000093],[99.97098338800009,13.443248186000119],[99.97087702200014,13.443261856000163],[99.97076300100002,13.44329638500011],[99.97064130000018,13.443346098],[99.9705544040001,13.44338999300004],[99.97049266600015,13.44343568700009],[99.97045218600016,13.4434737200001],[99.97042720800005,13.443517377000092],[99.97038322300006,13.443646335000096],[99.97033913300015,13.443748775000017],[99.9703141350002,13.443788644000051],[99.97027167300007,13.443815324000127],[99.9702001510002,13.443832644000167],[99.97009566000014,13.443831151000097],[99.97000656000006,13.443808769000043],[99.96993285600018,13.443765494000104],[99.96988237500017,13.443722128000047],[99.96983561000013,13.443640868000102],[99.96980050900015,13.443572825000047],[99.96977684500018,13.443463064000127],[99.96976675000013,13.44335893900012],[99.96975825300007,13.443169573999967],[99.9697707420001,13.44290816800003],[99.96978195800011,13.442809638000028],[99.96979722700007,13.442756549000023],[99.96983185599998,13.44270717000012],[99.96987040800019,13.442671038000128],[99.97001320900017,13.442575796000085],[99.97017539500007,13.44248804900019],[99.9705770180002,13.442278168000144],[99.97060486300012,13.442252984],[99.970623289,13.442236323000145],[99.97064050600011,13.44218701400007],[99.97064806700013,13.442143424000164],[99.97064007900019,13.442080957000087],[99.97060687800018,13.442005325000025],[99.9704387860001,13.441686920000052],[99.97050061300018,13.441659039000172],[99.97062808300007,13.441583506000029],[99.9708591770002,13.441432535000047],[99.97107827900004,13.44126660000012],[99.9712990540001,13.441092324000067],[99.97140597500015,13.440990189000047],[99.97151453600014,13.440873038000063],[99.971636553,13.440712484000073],[99.97180755200003,13.440446680000093],[99.97192759900014,13.44021943100006],[99.97203076400007,13.440032263000035],[99.97206292600004,13.439980445000174],[99.9721443570001,13.439895085000046],[99.97227166700014,13.439779531000056],[99.9723258520001,13.439697612000145],[99.97244428700009,13.439493713000047],[99.97263012400009,13.43910612000002],[99.9728292690001,13.438638434999973],[99.97298113000016,13.43827431800014],[99.97312982500011,13.437970248000056],[99.97333131599999,13.43766263599997],[99.97356841300018,13.437311535000163],[99.97363768800011,13.437175978000027],[99.97365172400004,13.437135519000151],[99.97365429000007,13.437062732000072],[99.97364730300012,13.437019405000115],[99.973614764,13.436977841999976],[99.97354475100019,13.43693642300019],[99.97314211600013,13.436792900000114],[99.97298345700011,13.43673848300017],[99.97294073300009,13.436705298000163],[99.97291159000008,13.436660387000074],[99.97290454500012,13.436603716000093],[99.97291450700004,13.436538645000155],[99.97294313300011,13.43645515600008],[99.97304989200018,13.43631466700009],[99.97326021200018,13.436083726999982],[99.9735161590001,13.43576090300013],[99.97367867200012,13.435505135000085],[99.97385125600005,13.435210975000075],[99.9740119240002,13.434920198999976],[99.97412362000017,13.434736338000164],[99.97422692300012,13.434582522000028],[99.9744388690001,13.43433323700009],[99.97469824700005,13.434017063000056],[99.97510547000007,13.433610269000155],[99.97518784700003,13.43349722400012],[99.97526730900006,13.43317542800014],[99.97545188200013,13.432215516000099],[99.97563178700017,13.431434809000109],[99.9758596640001,13.430532705000076],[99.97595481000019,13.430094899000096],[99.9759698950001,13.42983132400002],[99.97595834000009,13.42963636900015],[99.97588223700012,13.429457471000092],[99.97565499600006,13.429184292000116],[99.97536834600015,13.42886391400009],[99.97519520500015,13.428653768000117],[99.97505434600009,13.428438233000122],[99.97492913100012,13.428096145000097],[99.97476696400014,13.42759326700002],[99.97474920200005,13.427538187000096],[99.97469308800004,13.427443375000053],[99.97458114900013,13.427254242000117],[99.97428937200004,13.42699712000018],[99.97351166900012,13.426404578000188],[99.97290687800006,13.425964209000085],[99.97250738100013,13.425696963000178],[99.97219964600015,13.42548733700005],[99.97189180300018,13.425251357000093],[99.97175682200009,13.42515701200017],[99.97157889600015,13.425094454000146],[99.97132563800017,13.42504272900004],[99.97105082300004,13.42498581600006],[99.97069537600004,13.424960828999986],[99.97010317800004,13.424973651000187],[99.96957689000004,13.424977733000162],[99.96962443900014,13.424796142000162],[99.96977365300006,13.424287937000088],[99.97008265800014,13.423010299000111],[99.9702269070001,13.422368485000106],[99.97036038300013,13.4215289710001],[99.97050140000016,13.42077403400009],[99.97066532600002,13.420248214000082],[99.9707323880001,13.420053466000127],[99.97140548900006,13.418727382000043],[99.97182095200009,13.418004684000095],[99.9718336580001,13.417974369000149],[99.97187845100012,13.417769190000115],[99.97189749400019,13.417637748000118],[99.97191361600011,13.417476212000054],[99.97190142300008,13.417224466],[99.97189194300017,13.417184096000028],[99.97183750300013,13.41710181999997],[99.97175806500013,13.417033438000033],[99.97136899500009,13.416772158000072],[99.97131232700019,13.416734099000053],[99.97126759100007,13.416697845000044],[99.97093926900004,13.416431745000068],[99.97080964600008,13.416337456000178],[99.97075008600012,13.416318594000188],[99.97073749000015,13.416312102],[99.97050935400011,13.416184259000033],[99.97033058500017,13.41605728900015],[99.97004562500018,13.41584026900017],[99.96974950200013,13.415617835000035],[99.96933417200006,13.415303159000132],[99.96896548100017,13.415042835000065],[99.96828368900009,13.414492888000154],[99.96806396900018,13.414337413000169],[99.96778637100016,13.414104000000123],[99.96739340700015,13.41380923100013],[99.96722010300016,13.413653575000069],[99.96705425000005,13.413503345000038],[99.96694800100005,13.41340014900004],[99.96688650900012,13.413345852000077],[99.96686549200007,13.413335218999975],[99.96679811400014,13.413204129000178],[99.96668352699999,13.413042011000073],[99.96660405600011,13.412964822000163],[99.96656124500004,13.412928075000082],[99.96649655400006,13.412887027000068],[99.96643634900016,13.412886833000016],[99.9663644470001,13.412918952000098],[99.96628083000019,13.412934009000026],[99.96624005600017,13.41293226700003],[99.96621498300016,13.41293045599997],[99.96620447100014,13.412925848000157],[99.96594294900018,13.412596658000098],[99.96580687700015,13.412412990000178],[99.96574045900013,13.412313072000074],[99.96568055600005,13.412190507000162],[99.96565361800015,13.412058124000112],[99.96561331300012,13.411883780999972],[99.96556976600016,13.411725612000112],[99.96549646200009,13.411554629000136],[99.96543315400004,13.4114062270001],[99.96535631500018,13.41117709200006],[99.96533606400016,13.411064071],[99.965329085,13.410970389999989],[99.9653350960001,13.410821723000026],[99.96534427200015,13.410640727000157],[99.96539329600012,13.410150267000063],[99.96546680800014,13.40945488],[99.96556233100017,13.408719710000128],[99.9642995530001,13.40831685400019],[99.9631079830001,13.408090210000069],[99.96192691800019,13.407944906000125],[99.96110219700006,13.408025495000118],[99.96064598100014,13.408111998000095],[99.96018992900008,13.408246618000078],[99.95947557700015,13.408530808000137],[99.95893556800013,13.408938712000122],[99.95858949500018,13.40935242200004],[99.95816948800012,13.410130605000063],[99.95816466100018,13.410139547000085],[99.95797033600019,13.410750834000112],[99.95764204700009,13.410528001999978],[99.95753133100004,13.410443854000107],[99.95736183900004,13.410283435999986],[99.95734867099998,13.410268820000056],[99.95731041300002,13.410226350000073],[99.95728041500001,13.410177179000186],[99.95727253799998,13.410161029000108],[99.957236148,13.410086418000049],[99.95721021500009,13.410018002000072],[99.95718487000005,13.409880516000044],[99.95718200000016,13.409837182000047],[99.95716237500005,13.409728699000027],[99.95715816600011,13.409712123000077],[99.95712580200012,13.409618284000032],[99.95709042800001,13.409534896000082],[99.95705530900005,13.409482621999985],[99.95702954200016,13.409447594000142],[99.95691282700017,13.409328438000045],[99.95675662100007,13.409180578000075],[99.95667372600019,13.409099280000078],[99.95665057400004,13.409067497000024],[99.95663696700007,13.409039570000118],[99.95662890600005,13.409008508000056],[99.95662479800006,13.408974325000145],[99.95662702200008,13.408933902000058],[99.9566371730001,13.408891112000106],[99.9566576360001,13.408845954000071],[99.95668605100008,13.408803093000188],[99.95672320900013,13.408762538000133],[99.95678890200014,13.408710990000088],[99.95688003700013,13.408667120000018],[99.9571247610001,13.408560526000088],[99.95737844700017,13.408461917000182],[99.95756064000005,13.408370950000062],[99.95761877700016,13.408319142000039],[99.95764868600003,13.408267439000099],[99.95767288200011,13.408199180000054],[99.95769142200004,13.408129099000178],[99.9576986400001,13.408049853000023],[99.9576944740001,13.40794853400007],[99.95768400500003,13.407859448000181],[99.9576695360002,13.407771070000138],[99.95764521000012,13.40768687100018],[99.95763489300003,13.407651775000147],[99.95758472000006,13.407519131000186],[99.9575838450001,13.407517144999986],[99.95755709600013,13.40746528700015],[99.95752849600007,13.407420565],[99.95749579599999,13.407382063],[99.95744903200006,13.407335262000117],[99.95738250600004,13.407288533000099],[99.95732310300019,13.40725835600017],[99.9572609380001,13.407243392000169],[99.95717340900006,13.407239580000066],[99.95708874100018,13.40724543000016],[99.95685177700011,13.40728778200014],[99.95680238300008,13.407290732000035],[99.95677413700008,13.407286693000117],[99.95675008000012,13.407270203000166],[99.95673304800016,13.407246779],[99.9567244100001,13.407203973000037],[99.95669809000009,13.406973316000062],[99.95667580700012,13.406692895],[99.95666992000008,13.406630741000015],[99.95665703600008,13.406585188000065],[99.95663995500018,13.406549323000036],[99.95660451700007,13.406512154000097],[99.95654785500017,13.406459855000094],[99.9564784920002,13.4064103770001],[99.95639501300013,13.406359565000173],[99.9562012740002,13.406267722999985],[99.95596361700018,13.406134584000085],[99.95587729600004,13.406078258000036],[99.95581646800014,13.406045325999969],[99.95579634400008,13.40603618900002],[99.95575751900014,13.406027253],[99.95574748000013,13.406026163000092],[99.95570551100013,13.406031456000107],[99.9555778940001,13.406057634000149],[99.95555256300008,13.406065132000037],[99.95542996900008,13.40610140800004],[99.95536917400011,13.406110525000145],[99.95531731100016,13.406110406000039],[99.95516163500008,13.406096890000185],[99.95510915100016,13.406097088000024],[99.95503508100006,13.406097369000122],[99.95501292000012,13.406097453000143],[99.95499979400006,13.406100232000085],[99.954903533,13.406120601999987],[99.95485387200006,13.406139160000123],[99.95478930400009,13.40618222300003],[99.95463083600009,13.406345359000056],[99.95460579800016,13.40638503700012],[99.95449482900011,13.406557639000027],[99.95443106900018,13.40667916000001],[99.95436296600013,13.40686208500017],[99.95429087500014,13.407042015000115],[99.95425530800014,13.407099062000157],[99.95421262800016,13.407135157000027],[99.95417762800008,13.407154235000178],[99.9541662790001,13.407159536000165],[99.95411792100003,13.407165461000034],[99.9540984210002,13.407164702000046],[99.95407581500012,13.40715950599997],[99.95407215200004,13.407158006000031],[99.95403981200008,13.407144757000083],[99.95395831000008,13.407088015],[99.95386876200013,13.40700785000007],[99.95380991900015,13.406981241000096],[99.95379488300011,13.406974439000066],[99.95378988600015,13.406972180000139],[99.9537883270001,13.406972064000115],[99.95374393700018,13.406963246000089],[99.95369805000018,13.406963419000022],[99.95363538000015,13.406972638000184],[99.95350713300013,13.407030020000093],[99.95338186600014,13.407067923000113],[99.95332375700002,13.407071135000024],[99.95326714500015,13.407065359000114],[99.95322729800017,13.407044552000059],[99.95319657400012,13.40701022900015],[99.95316889500003,13.40697290300011],[99.9531549570001,13.406929535000074],[99.95314550500007,13.406859198000177],[99.95314736500018,13.406555245000163],[99.95314577300007,13.40615099200005],[99.95313935600018,13.406074654000122],[99.953123903,13.406034287000068],[99.95309779500019,13.40600743400006],[99.9530594960001,13.405991111000048],[99.9529218020001,13.405981147000091],[99.95251494700011,13.405975196000043],[99.95231761400004,13.405966959000182],[99.95221810800012,13.405943378000075],[99.95218287800009,13.40593003400005],[99.95213532500014,13.405894280000098],[99.95207570600007,13.405837359000088],[99.95195278400001,13.40569408400006],[99.95184010100002,13.40556075100011],[99.95176643700017,13.405497148000109],[99.95169897700009,13.405455479000125],[99.95159077300019,13.405423942000084],[99.95142139600011,13.405394636000153],[99.95122141299998,13.405359455000166],[99.95110301500017,13.405329957000049],[99.95100704900005,13.40529837600019],[99.95090694400017,13.405252836000159],[99.95081702900012,13.40520526600011],[99.95074951200013,13.405149622000124],[99.95066343000013,13.405038150000166],[99.9505772060001,13.404892738],[99.95051354200012,13.40477918800002],[99.95046635000017,13.404705499000045],[99.95041515100007,13.40464979300009],[99.95031704800004,13.404594264000025],[99.95020877400015,13.40454476399998],[99.94997606400005,13.404485750000106],[99.94977604800005,13.40444258000008],[99.94964956800004,13.40443108],[99.94951495600014,13.40442559700017],[99.94939259000012,13.404424060000167],[99.94928048200006,13.40443645900018],[99.94921323500012,13.40444869300012],[99.94914803700004,13.404462912000156],[99.9490747100001,13.404485149000152],[99.94899933300019,13.404505395000058],[99.94894840000012,13.40451756200008],[99.94890558400016,13.404519720000053],[99.94882803900003,13.404506039000069],[99.94873412400017,13.404478441000094],[99.94857996700011,13.404428777000078],[99.94840565000015,13.404352242000073],[99.9482041330001,13.40427314200008],[99.94804343100014,13.40420188100012],[99.94789089900013,13.404133246000072],[99.94775472800012,13.404077858999983],[99.94758855100014,13.403995964000046],[99.94744402700007,13.403890035000074],[99.94726667800006,13.403733652000028],[99.94708948500005,13.403617197000074],[99.94702414000011,13.403040569000154],[99.94698772800007,13.402764032000107],[99.94693189200007,13.402383815000178],[99.94686312300018,13.402171249000162],[99.9467174020001,13.401738159000047],[99.94653319100007,13.401190825000072],[99.94642560900002,13.400781537000114],[99.94622701500015,13.400029410000172],[99.94602025200015,13.399274651000155],[99.94572040700012,13.398341999000081],[99.94562940400016,13.39800182100015],[99.94550220100018,13.397438304000161],[99.94538592100014,13.396888055000034],[99.94520385200013,13.396191731000158],[99.9450054900002,13.395498125000131],[99.94485935500012,13.394955965],[99.94472708500018,13.394485583],[99.94457773300007,13.393815736000079],[99.94444554300014,13.393366636000053],[99.9442282390001,13.39269172600018],[99.94409566100018,13.392141532000153],[99.9440045680002,13.39177740700012],[99.94386060300008,13.391094239000097],[99.9437200100001,13.390578662000166],[99.94360182900016,13.39023592],[99.94340897400008,13.389558255000168],[99.94325194600009,13.38900815200003],[99.94306736099998,13.388359722000018],[99.94285811400016,13.387658176000059],[99.94269227100006,13.38693784200018],[99.94252730800014,13.38644363700007],[99.94238145600019,13.385970642000075],[99.942290523,13.385646419000182],[99.94210287300012,13.384907545000146],[99.941942831,13.384280305000118],[99.9417936820002,13.383658342000047],[99.94163091700017,13.383028449999983],[99.94146566100017,13.382457095000063],[99.94127819300013,13.381763445000047],[99.94116511700014,13.381332892000046],[99.9409830850002,13.380639220000035],[99.94087827400017,13.380237905000115],[99.94080085800016,13.379895004000105],[99.94067098100015,13.379336817000024],[99.94054937100003,13.378807868000024],[99.94036462800011,13.378114205000088],[99.94016657600008,13.377492422000046],[99.93997651500007,13.376828045000082],[99.93981388399999,13.37623007600007],[99.93960974100008,13.375438052000106],[99.93947177100006,13.374893194000151],[99.93926837400016,13.374292717000117],[99.93908086300019,13.373583102000111],[99.93886040200016,13.372785822000026],[99.93867850800001,13.372124071000087],[99.93853507600005,13.37157125400006],[99.93835869200007,13.370928104000143],[99.938066542,13.369819678999988],[99.93780192000014,13.36884165300006],[99.93763965000005,13.368099727000185],[99.93753273800007,13.367729197000074],[99.9372830370001,13.366921846000139],[99.937070254,13.366263459000095],[99.93704160900006,13.366174819000037],[99.93685410000006,13.365508948000127],[99.93670724400016,13.364958392000062],[99.93651137600011,13.364208573000099],[99.93637837500006,13.36377606100018],[99.93623975100013,13.36327533800005],[99.93607117300002,13.362651379],[99.9359760960001,13.362278262000132],[99.9358861190002,13.361925141000143],[99.93571737700006,13.361259198000027],[99.9355897640001,13.360831908000023],[99.9354151940002,13.360314062000157],[99.93539184800005,13.360244800000146],[99.93534924300019,13.360083104000068],[99.93534832900008,13.360079635000034],[99.93525294400013,13.359670598000037],[99.93513868200006,13.359230141000126],[99.93494548100017,13.35847506100015],[99.9347796290001,13.357861591000187],[99.93456784400007,13.357151192000117],[99.9343314840001,13.35632279300006],[99.93420394700007,13.355913874000066],[99.93396398000004,13.355231949000029],[99.93394110200012,13.355166925000162],[99.93378103800018,13.354663653000102],[99.93365625200016,13.354273096000043],[99.933507625,13.353956106000112],[99.93329691700018,13.35352387200004],[99.93307279700014,13.353089070000124],[99.93297112900007,13.35289609400013],[99.9331369960002,13.352781488000062],[99.93321504300013,13.352711655000064],[99.93328215100018,13.352640076000114],[99.93333476000004,13.352586380000105],[99.93335462100015,13.352541729000052],[99.93336902800019,13.352498873000059],[99.93336880900011,13.35244180900014],[99.9333357930002,13.352381300000161],[99.93330094300018,13.35231723000004],[99.93322144900014,13.35200901200011],[99.93314757800016,13.3517435710001],[99.93309776900003,13.35157790900007],[99.93303333800014,13.351398031000087],[99.93296149400004,13.35118608100015],[99.93290781600007,13.350961587000029],[99.93276925100002,13.35044672000015],[99.93268591100008,13.350086805000103],[99.9326285480002,13.349849836000146],[99.93251579300005,13.349416907000148],[99.93239769500019,13.349016097000174],[99.93233842500013,13.3487577410001],[99.93229022800011,13.348536788000047],[99.93222550100018,13.348280228000135],[99.93213523200006,13.348011286000087],[99.93202067400017,13.347581927000022],[99.93189486700015,13.347070583000118],[99.93176746800003,13.346616311000048],[99.93166234400019,13.346274304000076],[99.93159071300005,13.346115856000097],[99.93150245600015,13.345896830000129],[99.93135910800015,13.345558531000108],[99.93131312800011,13.34544100200003],[99.93129760000005,13.345402146000026],[99.93128124900005,13.345345783000084],[99.93123291,13.345162392000077],[99.93116036400005,13.344876772000077],[99.93111200000016,13.344686610000167],[99.93106046600013,13.344470880000074],[99.93099098700014,13.344183746000112],[99.93093880000004,13.343998113000112],[99.93088886800018,13.343799680000132],[99.93087791000016,13.343747059000123],[99.93085812499999,13.343595914000161],[99.9308422310001,13.343457539000156],[99.93081970200012,13.343393676000119],[99.93074305600015,13.343240480000077],[99.93071268500006,13.343133763000026],[99.93067602100007,13.342989449000129],[99.93062599700016,13.34276694200014],[99.9306212190001,13.342722575000096],[99.93061553100017,13.342641341000103],[99.93061625600018,13.342430687000103],[99.93060964500006,13.342308833000175],[99.93060300300004,13.34217870600014],[99.93058892500011,13.342114059000039],[99.93054832200005,13.341944180000098],[99.93051886000012,13.341873570000132],[99.93042359200001,13.341673797],[99.93037317000011,13.341547591000051],[99.93032740700016,13.341434159000073],[99.93027843400012,13.341284622000046],[99.93020315700016,13.341088541999966],[99.9301860440001,13.341032931000086],[99.93016421100015,13.340949500000022],[99.93012665300006,13.340772088999984],[99.93008761200014,13.340608225000153],[99.93000115900014,13.340302346000158],[99.92994179600015,13.340046769000026],[99.92989885900005,13.339868624000133],[99.9298684580001,13.339755136000178],[99.92981635400008,13.339590565000151],[99.92976651800018,13.339416960000051],[99.9296925610002,13.339162190000138],[99.92963187700013,13.338964551],[99.92957734800018,13.338768389000109],[99.929531393,13.33860455100006],[99.929482151,13.338385802000175],[99.92945841800008,13.33820608300016],[99.92944033400005,13.338098566000042],[99.92942792200006,13.338066261000108],[99.9294077890001,13.338024957000073],[99.92937685600009,13.337972407000166],[99.9293382080001,13.337911611000095],[99.92931805600006,13.33786579100007],[99.92930094900015,13.33781168500019],[99.92928441600009,13.33770717300007],[99.92926553300003,13.337591383000074],[99.92924825400013,13.337492139000062],[99.92923783300006,13.337379326000018],[99.92923426300013,13.337248433000127],[99.92921883999998,13.337032572000112],[99.92921550900019,13.336965626999984],[99.92920839100009,13.336912239000014],[99.92919747500008,13.336870901000168],[99.92918121700018,13.33683710300005],[99.9291503070001,13.336790573000087],[99.92906081600006,13.336694605000162],[99.9289589930001,13.336586639000075],[99.92890603400008,13.336501522000049],[99.928883117,13.336435028999972],[99.92888281400008,13.336355770000068],[99.92889545000008,13.336273297000105],[99.92892717,13.336101983000162],[99.92896541300007,13.335943329000145],[99.92903267300017,13.335752864000142],[99.92923058700018,13.335425003000069],[99.92905950600016,13.335287956],[99.92887690900005,13.335152451000113],[99.9287982350001,13.335071489000143],[99.92875813000006,13.33503176400012],[99.92874269800006,13.33501376099997],[99.92873031500017,13.334990483000183],[99.92869695200017,13.334904843],[99.92863864500004,13.334724494000113],[99.92858200700016,13.334579501000121],[99.92852919800015,13.334430733000033],[99.92850435300011,13.334363117000123],[99.92847162300006,13.334241359000032],[99.92843893600013,13.33413163900019],[99.9283937460001,13.33396628700018],[99.92833465100011,13.333781431000148],[99.92828008800012,13.333575494000058],[99.9282325870002,13.33340940200003],[99.92818981900001,13.333274890000098],[99.92814537599997,13.333104275000096],[99.92808937100006,13.332923166000114],[99.92803324800013,13.332711216000178],[99.92798414900005,13.332527826999979],[99.92792959700017,13.332325649000154],[99.92788519100003,13.332164811000155],[99.9278267590002,13.331951361999984],[99.92779482300006,13.331836372000055],[99.92775504200006,13.331680034000101],[99.92770364900014,13.331498909000118],[99.92765770000017,13.331336571],[99.92760006800017,13.331131398000025],[99.9275284580001,13.330887903000189],[99.92748943900017,13.330729304000158],[99.92742095700004,13.330498588000069],[99.92737502600005,13.33034076600012],[99.92732123600018,13.330136327],[99.92727763500005,13.329983764000076],[99.92721391900011,13.329748695000092],[99.9271828140001,13.32963975500013],[99.92717129800008,13.329608885000084],[99.92714130000007,13.329560049000122],[99.92709895500019,13.329494083000156],[99.92704250900016,13.329407559000117],[99.92702659100007,13.329372410000133],[99.92700613900013,13.329297781000093],[99.92695535500002,13.329087586000185],[99.9269108850001,13.328923737000025],[99.92685307,13.328708415000165],[99.92680055100004,13.328502520000086],[99.92673201800011,13.328236573000027],[99.926686669,13.328071010000087],[99.92662973199998,13.327856541000017],[99.92658170500005,13.327678967000054],[99.92653190500016,13.327496246000123],[99.92647850200012,13.327288636000048],[99.92639133300008,13.326964369000109],[99.92633349500011,13.326742178000131],[99.92622139500008,13.326318391000143],[99.9261662290001,13.326107353000054],[99.92610401100012,13.325887751000039],[99.9260950540002,13.32583797899997],[99.92608615400013,13.325573536000036],[99.92608318700019,13.325485100000037],[99.92607248899998,13.325438770000062],[99.9260396150001,13.325325542000144],[99.92599702900014,13.325194315000033],[99.92590462400005,13.324876074000088],[99.92580162700017,13.324539843000025],[99.9257953720001,13.324508091999974],[99.92578148600018,13.324315797000168],[99.92577256200013,13.324274610000032],[99.92569688200007,13.32397348600017],[99.9256230950001,13.323707555000112],[99.92557331900008,13.323530847000029],[99.92552789200016,13.32334553600009],[99.92548605500014,13.32318081800014],[99.9254326620001,13.322974922000128],[99.92540061000011,13.322847094000053],[99.92531886500018,13.32256402500019],[99.92517778500002,13.322035534000065],[99.92502043400009,13.321466185000133],[99.92484634000004,13.320867047000092],[99.92474801600008,13.320517307000102],[99.9246807130001,13.320308583000099],[99.9246643840001,13.32027327600008],[99.92455339800017,13.320191246000036],[99.92453611000013,13.320154672000058],[99.92447460200003,13.319965600000046],[99.92443044800012,13.319832948000055],[99.92437200100017,13.319630126000163],[99.92430087600007,13.319372396000176],[99.9242090840001,13.319007877000104],[99.9241348490001,13.318753210000068],[99.92406525400008,13.318487838000124],[99.92397358400012,13.318155380000178],[99.92389921500012,13.317864074000056],[99.92379482000013,13.317466020000154],[99.92369821000011,13.31706335500013],[99.92360493000018,13.31671869000013],[99.9235147710001,13.316374010000061],[99.92341045100017,13.315994274000047],[99.92331705999999,13.315619078000111],[99.92321432600005,13.315246966000075],[99.92311160800006,13.314877905000174],[99.9229851880001,13.314424972999973],[99.92279409500014,13.31377076400014],[99.92264870300005,13.313246152000033],[99.92253659500017,13.312867971000117],[99.92245652800005,13.312606701000163],[99.92244299000015,13.312582472000031],[99.92236837000019,13.31248846200009],[99.92213006400004,13.312126002000127],[99.9221096030002,13.312074173000155],[99.92207008600002,13.311929292000173],[99.92199415100004,13.311634937000065],[99.9218217090002,13.310965398000178],[99.9217281390001,13.310541350999983],[99.92159538100009,13.310059435000085],[99.92149565200009,13.309656778999965],[99.92137307600012,13.309393127000021],[99.9212046510001,13.308960187000082],[99.92103629300004,13.308544046],[99.92083184000006,13.30806391200008],[99.920654055,13.307627958000069],[99.92056906,13.307409964000158],[99.92048878000014,13.307202641000174],[99.92038045100014,13.306996943000172],[99.92013700400014,13.306509319000156],[99.91995832000009,13.306171616000029],[99.91992820299998,13.306114692000108],[99.9198888730001,13.306020187],[99.91988865400003,13.305962178000073],[99.9198947340002,13.305948826000076],[99.91990257200013,13.305931597000153],[99.91991824500008,13.305916131000117],[99.91995587900016,13.305903881000177],[99.91996948500002,13.305902349],[99.92012685800017,13.30588651200003],[99.9201984980001,13.305869462999965],[99.92022804400005,13.305851038000128],[99.92025286300003,13.305820415000028],[99.92026052900013,13.305785276000051],[99.92026335500003,13.305708936000087],[99.92026427000019,13.30553795500009],[99.92027036700006,13.305501297000092],[99.92028432700016,13.305482929000163],[99.9203170470002,13.305479754000146],[99.92034203200006,13.305491878999987],[99.92042647400012,13.305563320000147],[99.9205015120001,13.305621059000032],[99.92057336700009,13.305662019000067],[99.92061391200019,13.305666453000072],[99.92066223100016,13.305666278000103],[99.92069023900018,13.305652432000045],[99.92071664300005,13.305627912000148],[99.92073832200015,13.305589670000188],[99.92074440900006,13.305549960000121],[99.9207395590002,13.305504177000103],[99.92071291000019,13.30546458300006],[99.9206659800002,13.305420481000112],[99.9204517980001,13.305251809000026],[99.92042519500012,13.305224424000187],[99.92041911300015,13.305210433000184],[99.92041509600006,13.305191772000114],[99.92041501400007,13.305169874000114],[99.9204220330002,13.305111888000113],[99.92042965400003,13.305041016000075],[99.92042953200018,13.305008816000111],[99.92042218600011,13.304979218000142],[99.9204089390002,13.304953508000153],[99.920348144,13.304875799000172],[99.92033689100009,13.304855230000157],[99.92033222700002,13.304839789000027],[99.9203294850002,13.304808888000082],[99.92032967500018,13.30468587700011],[99.92032939500018,13.304611817000023],[99.92032661100012,13.304571251000027],[99.92031520800015,13.304512045000081],[99.92024926700009,13.304288806000045],[99.9201857160001,13.304109175000178],[99.92008528600013,13.303827882000064],[99.91997652200018,13.303507698000033],[99.9199173240001,13.30330983600004],[99.91990773900011,13.303248046000078],[99.91989322700016,13.30311986400011],[99.91988896400005,13.302919516000031],[99.91988135200012,13.302760401000114],[99.91987282700006,13.302669981000122],[99.91985717700015,13.302550966000126],[99.91983348500014,13.30246747200016],[99.9198039800001,13.302394303000028],[99.91974750700018,13.302298333000067],[99.91959351600013,13.302074481000034],[99.91955703100001,13.302009352000084],[99.91952165700013,13.301929335000125],[99.91950266900017,13.301853836000191],[99.91946479700005,13.301730322000083],[99.91944570900006,13.30162849400017],[99.91943495300006,13.30156670200006],[99.91943469400013,13.301498011000149],[99.91944136000012,13.301405246000172],[99.91945274900013,13.30132620400002],[99.91947340500002,13.301223084000014],[99.91947789000017,13.301172693000012],[99.91947183100007,13.30111546900008],[99.91944229300015,13.301033139000026],[99.91941056000007,13.300988600000153],[99.91937182200007,13.300946379000152],[99.919301443,13.300882517],[99.91928266500008,13.300864995000154],[99.91926930800014,13.300847231000091],[99.91925203200009,13.300824256000055],[99.9192393690002,13.300780578000172],[99.91922441400015,13.300605721000181],[99.9192006880001,13.300515358999974],[99.91917601200004,13.30048110000007],[99.91913031800016,13.300453784000126],[99.91901330700017,13.30042558600013],[99.91898878100011,13.300431398000057],[99.91895611600012,13.300449833000073],[99.91893401900018,13.300480828000047],[99.91886220800018,13.300657407000017],[99.91882399000002,13.30075371900017],[99.91880759800011,13.300772596000058],[99.91878278799999,13.300783091000142],[99.91877618100006,13.300784806000024],[99.91874112700003,13.300789511000119],[99.91870721500004,13.300787348000028],[99.91868708500016,13.300781154000049],[99.91865681500013,13.300752038000155],[99.91859575000018,13.300678981000033],[99.91848171000015,13.300507650000156],[99.91844405700016,13.300443674],[99.91842209200018,13.300413431000095],[99.91840051100007,13.300395907000052],[99.91838219500016,13.30038585900013],[99.91829708900008,13.300363925000056],[99.91818518100001,13.30033695300017],[99.91817202300018,13.300332177000143],[99.91816652199998,13.300330178000024],[99.9181484410002,13.30032283200012],[99.91813385100005,13.300314325000045],[99.91812274500018,13.300302960000124],[99.91811978000004,13.300289282000051],[99.91812030400007,13.300273883000102],[99.91812547900008,13.300256182000112],[99.91813474400004,13.300242461000153],[99.91814402500017,13.3002321620001],[99.91816144400013,13.300220123000088],[99.9181980780001,13.300205732000052],[99.9182517930002,13.300192247999973],[99.91829935200013,13.30017797000005],[99.91835123700008,13.300169148000066],[99.91841782300008,13.300162189000105],[99.91849030700007,13.30016001100006],[99.91855593300016,13.300157851999984],[99.91859704400008,13.300150027000143],[99.91862931500003,13.300134565000121],[99.91865859600006,13.300105675000054],[99.9186907200002,13.300052793000077],[99.91872085300014,13.299990320000177],[99.91874906800007,13.299938410000152],[99.91877928300016,13.29989800400017],[99.91882028700019,13.299861400000168],[99.918904317,13.299803531000066],[99.91899422800009,13.299747559000082],[99.91919849200013,13.299621135000109],[99.91947117500001,13.299455130000126],[99.91962366400014,13.29936823300011],[99.91970475400007,13.299310377000154],[99.91976141200013,13.299267956000108],[99.91979555900002,13.299231374000101],[99.91981698400014,13.299197716000151],[99.9198403330002,13.299155418],[99.91985289000007,13.299108361000094],[99.91987489600012,13.298969164000027],[99.9198969790001,13.298851080000077],[99.9199183360002,13.298799191000114],[99.9199368240001,13.298765544000105],[99.91997095400006,13.298725128000115],[99.92000903400003,13.298692368000047],[99.9200579350001,13.298670126],[99.92011278000007,13.298668010000029],[99.9202000160002,13.29868112600019],[99.9202950780001,13.29869229600007],[99.92035189300009,13.298692090000031],[99.92039202000012,13.298681389000137],[99.92041449300012,13.298665956000036],[99.9204447350001,13.298633228000142],[99.920455404,13.298605366000174],[99.92046403500012,13.298556405999989],[99.92046873000004,13.2985026610001],[99.92046862500013,13.298474836000025],[99.92046169500009,13.298454716000094],[99.92044791600011,13.298437497],[99.92039687200014,13.298409856000148],[99.92035662000018,13.298386016000109],[99.92033301900011,13.29836307700009],[99.92032217500008,13.298343929999987],[99.92031615700012,13.298307491000116],[99.92031705700003,13.298285424000142],[99.92032085100016,13.298252788000127],[99.92033244700008,13.298211490000085],[99.92034411700013,13.298188423],[99.92035774400011,13.298165346000133],[99.92037921200011,13.29814320200012],[99.92042515700007,13.298117132000073],[99.9204544540001,13.29809304400004],[99.92047393500002,13.298064191000037],[99.92050312500015,13.298011314],[99.92052835600003,13.29794790000011],[99.92056236500008,13.297874862000128],[99.92059644500006,13.29782005200019],[99.9206218060001,13.297792140000183],[99.92066574500012,13.297753603000103],[99.92071167500018,13.297724655000025],[99.92077915100009,13.297693710000033],[99.92083979200004,13.297668545000022],[99.920896519,13.29764531000012],[99.92093562400015,13.297624063000058],[99.92095612000008,13.29760384300016],[99.92097364400007,13.29757499600015],[99.92100962800004,13.297506749000092],[99.92104465400013,13.297443298000076],[99.92107193400005,13.297402908000151],[99.92110411500016,13.297365372000058],[99.92114124099999,13.297338370000148],[99.92118423900018,13.297310394000135],[99.92123311700016,13.297284315000184],[99.9212800730001,13.297266875000162],[99.92135833000015,13.297237808000148],[99.92143074800009,13.297219317000156],[99.92150222200013,13.297209461000023],[99.92159624200008,13.29720336500003],[99.92166579100007,13.297203113000023],[99.92172360700005,13.297208658000045],[99.92180201300016,13.297218929999985],[99.92185200700004,13.297227384000166],[99.92191281300006,13.297246350000137],[99.92198444100012,13.297277753000174],[99.92203642300018,13.297294835000173],[99.92208248800017,13.297300423000081],[99.92218729800015,13.297299084000088],[99.92236067200008,13.297295576000124],[99.92249097400003,13.297299900000155],[99.92254879600006,13.297307366000041],[99.92264587500017,13.297332916000016],[99.92270475400016,13.297360529000116],[99.9227479650001,13.297389156000065],[99.92278825200015,13.297422588000188],[99.92283252300012,13.29747135600013],[99.92286995900002,13.297527825000088],[99.92289268700017,13.297580512000081],[99.92291848400009,13.29766676500003],[99.92294340000018,13.297778928000184],[99.92296410700004,13.297814350000067],[99.92298674000006,13.297842092000053],[99.92301424400017,13.297862136000106],[99.92304465500013,13.297873541000058],[99.92307799200012,13.297881096000083],[99.92328082,13.297894750000125],[99.92348557000008,13.297898803000066],[99.9235669200001,13.297910022000167],[99.92364437700019,13.297928932000161],[99.92373369800004,13.29797561700019],[99.92383682100012,13.298045279000064],[99.92410699300007,13.298252489000163],[99.92413643300006,13.298265814000104],[99.92417267600013,13.298265682000135],[99.92420303000011,13.298261734000164],[99.9242392060001,13.298244332000138],[99.92430662900006,13.298198998000089],[99.92441400200016,13.29809786800007],[99.92448230800017,13.298027584000124],[99.92465395300002,13.297827402999985],[99.92483359300019,13.297565944000098],[99.925023942,13.29724630100003],[99.92513455800008,13.297024165000153],[99.92517581500005,13.296882449000123],[99.92521167400008,13.296694701000092],[99.92523383000014,13.29656669600007],[99.92525390400004,13.296350013000165],[99.92527011500005,13.296032708000098],[99.92530747400019,13.295780140000147],[99.92534011900017,13.295664037000051],[99.92537968900007,13.295535969000127],[99.92543661800005,13.295394196000188],[99.92548489700005,13.29526609800007],[99.92551749100011,13.295136351999986],[99.92553447200015,13.295022014000153],[99.92553403800014,13.29490773800012],[99.92552486800008,13.294784965000133],[99.92551050600014,13.294672447999972],[99.92546971900003,13.294478154999979],[99.92537638300013,13.29420559099998],[99.92526739200008,13.29393649800005],[99.92513742800014,13.293647015000147],[99.92510579900011,13.293573792000018],[99.92507755100007,13.29347155400012],[99.92505265400007,13.293335195999987],[99.92502245500015,13.293178388000172],[99.92500810700005,13.2930692810001],[99.92499870400007,13.292885105000153],[99.9249928710002,13.292724798000108],[99.92499391900009,13.292542294000157],[99.92500734300017,13.29240750100007],[99.92504319500011,13.29221804600013],[99.92511372900009,13.291989236],[99.92529287700017,13.29147177900012],[99.92531532900006,13.29141730300006],[99.92541539600006,13.291174552000143],[99.92553646000016,13.290954087999978],[99.92560569200003,13.290841262000072],[99.9256819360001,13.29074206200005],[99.92583795700011,13.290553874000125],[99.92620392700002,13.290165365],[99.92650236500003,13.289877733000026],[99.9268162890001,13.289542286000085],[99.92701260700017,13.289322181000045],[99.92718564300009,13.289128180000091],[99.9274908880002,13.288799586999971],[99.92791748800016,13.288327280999965],[99.92810815600012,13.288092913000128],[99.9282623840001,13.287892792000036],[99.92855683100004,13.287473840000189],[99.92882024500017,13.287136867000072],[99.92913039800015,13.286726388000147],[99.93037907400009,13.28506078800018],[99.93119533600009,13.28380805500018],[99.93086004100019,13.283522457000174],[99.9307348690001,13.283353218000116],[99.93058761500004,13.28307268900005],[99.93048713400015,13.28288156200017],[99.93042951000018,13.282786898000154],[99.93029382700001,13.282702543000028],[99.93010942400014,13.28261837000008],[99.92990885100016,13.282555469000101],[99.92983288900007,13.282513320000078],[99.92973492700014,13.282381095000062],[99.92970216200018,13.282306973000118],[99.92958252100016,13.282169532000069],[99.92947387500004,13.2820744710001],[99.92920290600011,13.282006520000039],[99.9291108380001,13.282001555000079],[99.92882410900012,13.282060932000093],[99.9286780020002,13.282082682000123],[99.9285642280002,13.282061880000185],[99.9284719060002,13.281987971000035],[99.928374,13.281871662000071],[99.92832323200014,13.281848210000078],[99.92827677400004,13.281845703000158],[99.92823237500016,13.281842526000162],[99.92818120200013,13.281852742000126],[99.92808574100013,13.28188987599998],[99.92804484700014,13.281910094000068],[99.92799022600013,13.281913632],[99.92789450000004,13.281880541000021],[99.92772371400008,13.281861097],[99.9274170000001,13.28186424400019],[99.92729113600018,13.281870307000077],[99.92672276300016,13.281904193],[99.92652773600008,13.281873087000122],[99.92625688000004,13.281836948000034],[99.92578549600012,13.28174851],[99.92451720800017,13.281392510000046],[99.92432732500004,13.28129243800015],[99.92417534600014,13.281192229000112],[99.92409395200013,13.281144793000067],[99.92403440100014,13.281145009000113],[99.92395868000017,13.281166499999983],[99.92391008900012,13.281203796000057],[99.9238613440001,13.28119867300012],[99.92379089900004,13.281183019000025],[99.9229104710002,13.280305896000016],[99.92285616700013,13.280263665000177],[99.92131467100018,13.28211473500005],[99.91988191800016,13.283799976000125],[99.91857756600007,13.285042009000108],[99.91851220900008,13.285068646000127],[99.91845441000004,13.285057540000082],[99.91837724600003,13.285016338000048],[99.91829986600004,13.284918565000055],[99.91826057500003,13.284826555000052],[99.91813568000009,13.284417119000125],[99.91811254700008,13.28434023400007],[99.91808862100004,13.284294680000187],[99.91805648000013,13.28425273400012],[99.91801980000014,13.284217069000078],[99.91796939300013,13.284176973000115],[99.91791169000004,13.284141385000055],[99.91747696000016,13.283951430000059],[99.91741289900006,13.283924816000138],[99.91735888500006,13.283898163000174],[99.91731583300003,13.283870574000105],[99.91728284600009,13.28384384200001],[99.91724524000017,13.283806389],[99.91720393600013,13.283758207000119],[99.91711115200007,13.283616161000111],[99.916892497,13.283286204999968],[99.91677060900003,13.283127563000164],[99.9167153800002,13.283065849000025],[99.9166767050001,13.283032257000116],[99.91655451500009,13.282930001000182],[99.91651948500004,13.282909484000186],[99.91647778500015,13.282892018000155],[99.91643456000003,13.282878578000066],[99.91638054300012,13.282864177000079],[99.91604774500013,13.282795904000182],[99.91600297800005,13.282781970000087],[99.91595871400011,13.282764506000092],[99.91590619800019,13.282741041000179],[99.91584647900015,13.282713565000051],[99.91580734000019,13.282693063000124],[99.91577385500017,13.282672543],[99.915738814,13.28264850800008],[99.91561665000006,13.2825548080001],[99.9152299660002,13.282233008000162],[99.91500627800019,13.282065169000191],[99.91497588200014,13.282046648000176],[99.91495785900014,13.282037151],[99.91465103200011,13.281903338000063],[99.91462067800006,13.28189539200008],[99.9145877570001,13.281888459000129],[99.91446533599998,13.281862221000097],[99.91425240200016,13.28182221100019],[99.91422926700011,13.281820777000064],[99.91420048000009,13.281819879000182],[99.91396302600003,13.281818210000097],[99.9139342430002,13.28181831300003],[99.91391368300009,13.28181889200016],[99.91370665300019,13.281845310000051],[99.91350629100015,13.28186717200009],[99.9134584950001,13.281869358000051],[99.9134281690001,13.281869466999979],[99.91338600900013,13.281865089000178],[99.91328622200012,13.281844301000035],[99.91326924400016,13.281839328999979],[99.91325380500001,13.28183334400012],[99.91293875999997,13.281702076000101],[99.91274726000012,13.281620204000092],[99.91270147300014,13.281608284000129],[99.9126546830002,13.281602411000108],[99.91261971300014,13.28159851100014],[99.91258680800019,13.28159611000001],[99.91256882400012,13.281596174000015],[99.9124932840001,13.281599464000124],[99.91243211900007,13.281599683000081],[99.91239664500017,13.281596289000106],[99.91236526900008,13.281589858000018],[99.91231946699997,13.2815744130001],[99.91225768800012,13.281547450000062],[99.91221700400013,13.28152544700015],[99.91218350400004,13.28150039400009],[99.912158755,13.281478338000056],[99.91213140700006,13.281450244000041],[99.91205707200004,13.281363416000147],[99.91179887900012,13.2810406480001],[99.91172667700016,13.28097445600008],[99.91166534900003,13.280928860000074],[99.911609193,13.280893823000099],[99.91154895000011,13.280865348000134],[99.91150161100018,13.28084940500014],[99.91146098000013,13.280842505000123],[99.91142859600012,13.280841109000164],[99.91139159900013,13.280843758000117],[99.91136026000015,13.28084739400009],[99.91132431300008,13.280855073000112],[99.91128837600002,13.280866280000055],[99.9112622040002,13.280877950000104],[99.91122888400008,13.280901230000097],[99.91112439100004,13.280996745000095],[99.91099950100005,13.281136643000139],[99.9109114490002,13.281229581000161],[99.91088481400004,13.281252837000125],[99.91084994800019,13.28127712700018],[99.91081506800015,13.281295371999988],[99.91077659100006,13.281314636],[99.910590314,13.281392328000038],[99.91055287400013,13.281414106000057],[99.91052418100014,13.28143787099998],[99.91049296000011,13.281473221000056],[99.91046330100005,13.281514103000063],[99.91043218800007,13.281577143000163],[99.9104123190001,13.281624538000074],[99.91039660700005,13.281683489000045],[99.9103865410001,13.281741420000174],[99.91038362800015,13.281786737000061],[99.91038180700008,13.281850677000023],[99.91038245100015,13.281885409000097],[99.91039618300005,13.282122975],[99.91039064500012,13.28215369700007],[99.91038048500013,13.282185454000114],[99.9103656900001,13.28221419800019],[99.91034265300004,13.282238950000078],[99.91031138500011,13.28226171600005],[99.91027085900015,13.28228249700004],[99.91022824800007,13.282296746999975],[99.91019538200004,13.282302402000028],[99.91015582000011,13.28230657],[99.910097747,13.282308287999967],[99.91005713200013,13.282304911000153],[99.91001907300011,13.28229850200006],[99.90997997100004,13.282287563000125],[99.90994600900007,13.28227661],[99.90984974300011,13.282235677000074],[99.909610327,13.282123265000052],[99.90960362200008,13.282116740000106],[99.90959998600016,13.282106185000032],[99.90959792200016,13.282082208000077],[99.90959785600012,13.282081830000095],[99.90959109100004,13.28204347100018],[99.90958433800012,13.28202386099997],[99.90957604400012,13.282004756000106],[99.90955740700008,13.281968583000037],[99.90954753400007,13.28194042600012],[99.90954595800014,13.281930863000127],[99.9095479660001,13.281918272000041],[99.90955508500008,13.281896093000057],[99.90956220700014,13.2818769430001],[99.90957191400014,13.281861305],[99.90959341500002,13.28183806700008],[99.90962619400017,13.281808754000053],[99.90964875900016,13.281794578000131],[99.90966261900007,13.281788989000063],[99.90968419300009,13.281786394000164],[99.9097376310001,13.281782177000082],[99.90974789700005,13.281779119000134],[99.90975814700016,13.28177153100006],[99.9097658140002,13.281760432000112],[99.90978773100011,13.281710008000061],[99.90979791600017,13.281684298000016],[99.90980250900009,13.281675724000024],[99.90981069500009,13.281665628000098],[99.90986086700013,13.281613594000078],[99.90987314400019,13.281598448000068],[99.90987771700014,13.281583327000135],[99.90987766100011,13.281568227000093],[99.9098750390001,13.28155363400009],[99.90986879700012,13.28153553900006],[99.90983823000016,13.281470202000094],[99.909829355,13.281432982000013],[99.90982822000018,13.281402276000165],[99.90983118000008,13.281369544000086],[99.90983828000014,13.281344347000072],[99.90984949600016,13.28132014700003],[99.9098668850001,13.281295919000172],[99.90993086400016,13.28122571400013],[99.90994006700015,13.281211583000072],[99.9099431140001,13.281201506000059],[99.9099451240001,13.281189923000056],[99.90994723600011,13.281066581000175],[99.90994463400006,13.28105853300002],[99.90993997400005,13.281048984000051],[99.90987905600014,13.280976712000097],[99.90987491300007,13.280968170000108],[99.90987435000011,13.280955081],[99.90987430500019,13.280943],[99.90987530000018,13.280934439000077],[99.9098773290001,13.280926882000074],[99.90988242600008,13.280916288000071],[99.90989522300015,13.280902148000166],[99.90996183300012,13.280846533000101],[99.90996794900013,13.280832921000012],[99.90996995,13.280818816000021],[99.90996733500009,13.28080473099999],[99.90996059400015,13.280790154000158],[99.90982725600014,13.280593294000028],[99.90981741700011,13.28057319100003],[99.90981222100004,13.280557608000095],[99.90980907300013,13.280541003000053],[99.9098090110001,13.280524391000085],[99.90981168300016,13.280413122000027],[99.9098100920001,13.280400042],[99.90978762200001,13.280301453000106],[99.90977676600005,13.28028387400019],[99.90976438000007,13.28026982100016],[99.90975097400019,13.280259296999986],[99.90973964700004,13.280253801000072],[99.90972678700007,13.280250324000065],[99.9097108520001,13.280250381000144],[99.90963534600007,13.280262734000189],[99.90961481000011,13.280269857000178],[99.90950649000007,13.280303966000076],[99.90944900000011,13.280322802],[99.90942742800007,13.280326905000095],[99.90940071000017,13.280329517000098],[99.9093560010001,13.280330684000148],[99.90927529800013,13.28032744900014],[99.90921822500007,13.28032211600015],[99.90918015900013,13.280313192000108],[99.90913641100008,13.280297235000091],[99.90906998600019,13.28026374400008],[99.90904577900005,13.280250239000111],[99.90903289500005,13.280240214000116],[99.90901482000004,13.280218130000037],[99.90898382400013,13.280174441999975],[99.90895438600018,13.280136286000015],[99.90894403500016,13.280118203000029],[99.90893882800015,13.280099595000081],[99.90893409800009,13.280071417000102],[99.90893525500013,13.279967716000101],[99.90893262100008,13.27995110900008],[99.90892794900003,13.279938041000037],[99.9089165650002,13.27991743800004],[99.90889695200008,13.279895865000128],[99.9088397230002,13.279846732000067],[99.9088041240002,13.279811619999975],[99.90876642500018,13.279763430000116],[99.90875401600016,13.279742829999975],[99.90875090000003,13.279734787000109],[99.90874983400016,13.279723721000096],[99.90875183900005,13.279710620000174],[99.9087599250002,13.279673340000102],[99.90878322400005,13.279581135],[99.90878727000006,13.279563498000073],[99.90878723600002,13.279554438000048],[99.90878970600005,13.279389810999987],[99.90878916400004,13.279381754000156],[99.90878655600017,13.279371696],[99.90878240600017,13.27936114300013],[99.908776198,13.27935008999998],[99.90876792700016,13.27933803400009],[99.90872302300016,13.279287350000118],[99.90871321200012,13.27927429500005],[99.90870597600008,13.279262745000153],[99.90869405700005,13.279238116000158],[99.9086695900001,13.279153130000054],[99.90866285000004,13.279137545000083],[99.908644235,13.279107913000132],[99.9085735230002,13.279027618000157],[99.90854311700019,13.27900608300007],[99.90852252500008,13.278996090000021],[99.90850862300016,13.278990093000118],[99.90849165000009,13.278985624000029],[99.90844379100014,13.278970690000051],[99.90840210700009,13.27895573900014],[99.90837947400007,13.278950283000029],[99.9083049050002,13.278939475000016],[99.90824627900014,13.27892961700013],[99.90822929800004,13.278924638000149],[99.90821282200011,13.278916141000082],[99.90820353700013,13.278907115000038],[99.90819733600006,13.278897572000062],[99.90819472200002,13.278887006000048],[99.90819467600005,13.278874423000161],[99.9081966940002,13.278864342000134],[99.9082017980001,13.27885375600016],[99.90824370700011,13.278790678000064],[99.90825032900011,13.278774548000172],[99.90825232300011,13.278757925000093],[99.90825226700008,13.278742824],[99.90825220700009,13.278726718000087],[99.90824906500018,13.278711121000129],[99.9082433430001,13.278692517000025],[99.90823712700006,13.278678943000159],[99.90822161600016,13.278655337000146],[99.90818185300014,13.27860413400009],[99.90815136999998,13.278561455000045],[99.90814360300016,13.278546376000122],[99.90810211800004,13.278446846000065],[99.90809850200009,13.278441827000051],[99.90809283000016,13.27843781900009],[99.9080464660002,13.278408785000181],[99.9080119420002,13.278385253000181],[99.9079923590001,13.278370218000077],[99.90798564500005,13.278362691000098],[99.90797995700012,13.278353147000189],[99.90797581100014,13.278344096000069],[99.90797061600017,13.278328008000187],[99.90796643200014,13.278308891000108],[99.9079622660002,13.278294310000035],[99.90795863500011,13.278284758000154],[99.90795190200004,13.27827119400007],[99.90787279500012,13.278145116000132],[99.90778396000019,13.2780276310001],[99.90773900400018,13.277962854000123],[99.90762830700015,13.277771445000042],[99.90760660500013,13.277740814000083],[99.90759417900017,13.277717196000083],[99.90758175900004,13.27769408600011],[99.90757141300008,13.277675495999972],[99.90756108,13.27766244500009],[99.90753838000012,13.27763785600007],[99.90752287500015,13.277615761000106],[99.9075150990002,13.277597164000099],[99.90751144400019,13.277582070000108],[99.9075028850001,13.277468923000072],[99.90749071200008,13.277327339000067],[99.90749203400014,13.277314576000151],[99.90749747400008,13.277303148000101],[99.90751484500004,13.277293321000059],[99.90755449500011,13.277282947000117],[99.90807016600002,13.27721359700007],[99.90811390900018,13.277182750000065],[99.90814303800005,13.277151956000012],[99.90816377000016,13.277108919000113],[99.90816782300004,13.277076172000136],[99.9081416460001,13.276777558000106],[99.90814970400004,13.276697744000103],[99.90817244800013,13.276634235000074],[99.90822637800017,13.276533796000024],[99.9085380030001,13.27607849200001],[99.90859185500011,13.275955542000133],[99.90859797799999,13.275916653000024],[99.90859780300008,13.275869593000039],[99.90858922500007,13.275810295000099],[99.90856390400006,13.27574082700005],[99.90852813200007,13.275671386000113],[99.90827209500014,13.275344957000186],[99.90817969400007,13.275212299000032],[99.90814386400012,13.275126504000127],[99.9081269310002,13.275065183000095],[99.90812678600008,13.275026309000111],[99.90813915800004,13.274983299000098],[99.90815363500013,13.27494437900009],[99.9081889750002,13.274899240000138],[99.90823269600014,13.274860215000047],[99.90830978600013,13.274808791000055],[99.90840149200011,13.274755272000164],[99.90885625400006,13.274598162000132],[99.90899593300014,13.274526056000184],[99.909162628,13.274417026000037],[99.90923548100011,13.274349252000093],[99.9092915170001,13.274252890000128],[99.90930799300003,13.274189409000144],[99.90931197900005,13.274138246000064],[99.909309689,13.274083017],[99.90926765799998,13.274015647000112],[99.90922367100018,13.273981030000016],[99.90913583000008,13.273950652000167],[99.90900199800006,13.273910214000011],[99.90891830900011,13.273871636000024],[99.90886595300009,13.273834996],[99.90881985400006,13.273796292000043],[99.90878211800015,13.273759599000073],[99.90858477400019,13.273490242000094],[99.90849664400014,13.273380077000127],[99.90843161400011,13.273306655000113],[99.90834147500004,13.273219004000055],[99.90811739800006,13.273062267000114],[99.90802311900012,13.272984857000097],[99.9079601730001,13.27290938599998],[99.9079118530002,13.272833856000148],[99.90789707200008,13.272790943000075],[99.90788437500004,13.272745981000071],[99.90788210300019,13.272696882],[99.90789022300015,13.272633430999974],[99.90792960100003,13.27255145600003],[99.90810359200015,13.272155977000125],[99.90814877800017,13.271951225],[99.90815880000008,13.271836618000066],[99.90815234700017,13.27178753600009],[99.90814181400009,13.271763022000187],[99.90805762600007,13.271591463000107],[99.90801764700007,13.271511820000171],[99.90800064100006,13.271432088000154],[99.90800460000014,13.271372739000128],[99.90804787800016,13.271215048000158],[99.90807682300016,13.271137206999981],[99.90811844400014,13.271094093000158],[99.90817263200017,13.271063211000126],[99.90823320600003,13.27106299500008],[99.90833349300004,13.271070821000023],[99.90842131600016,13.271097103000045],[99.90865994400019,13.271235373000138],[99.90874779200016,13.271267797000178],[99.90881677700008,13.271283921000077],[99.90889406399998,13.27128364500004],[99.90899007700006,13.271264887000086],[99.90923200400005,13.27116786200014],[99.90949529300008,13.271010644000114],[99.90996553000019,13.270648879000078],[99.91002458899999,13.270554102000176],[99.91003916800008,13.27048130999998],[99.91003889800004,13.270408565000139],[99.91000343700006,13.269859474000043],[99.91004211300003,13.269277388000035],[99.91004559800007,13.269215542000097],[99.91007876200013,13.26914632200004],[99.91050318000009,13.268446466000057],[99.91074696100009,13.26810005800013],[99.91076151500005,13.268019991000187],[99.91076856200004,13.267918124],[99.91075707200014,13.26782359900011],[99.91071962900014,13.26774007500012],[99.9106224640002,13.267573117000154],[99.91005090800013,13.26665130900011],[99.9099709520001,13.266520625000112],[99.90981554300015,13.26626660900007],[99.90975223000015,13.266215914000043],[99.90967046200012,13.266194386000052],[99.90958502100005,13.266183777000151],[99.90948848100004,13.266184122000084],[99.90938070400011,13.266159043000073],[99.90925053799998,13.266104950000113],[99.909149968,13.266021657000067],[99.90897093100006,13.265804062000086],[99.90816319400011,13.264272050000159],[99.90802514200004,13.264094323000108],[99.90780546000019,13.263931431000117],[99.90755627800013,13.26382320200014],[99.90732595700018,13.263794922000102],[99.90707716700001,13.263792169000169],[99.90670613800017,13.263869872999976],[99.90635759000008,13.264002053000127],[99.9056053110001,13.264404817000013],[99.90427187600017,13.265300661000083],[99.90346849100007,13.265943654000068],[99.90221269600016,13.266751926000154],[99.90183444000013,13.26688419800007],[99.90122218099998,13.266999118],[99.90002340100011,13.267159753000044],[99.89914357000004,13.26721378000019],[99.89832278300008,13.267169391000152],[99.897728352,13.267084195000052],[99.89739753300012,13.266990787000111],[99.89690300300003,13.266807035],[99.89631904800012,13.266539934000036],[99.89539281500015,13.266092183000012],[99.89486859700008,13.265912161000074],[99.89457875500011,13.265854981000132],[99.89432249600014,13.26584133200015],[99.89408493600018,13.26586399000007],[99.89382893800013,13.265923083000075],[99.8934582330001,13.266091694000067],[99.89326816800013,13.265730912000038],[99.89323289900011,13.265561322000053],[99.89319357900007,13.265338946000156],[99.8931699050001,13.265180639000107],[99.89312308000018,13.265011089000097],[99.89306872800012,13.26488681900014],[99.89299498000008,13.26472491100003],[99.89282845900004,13.264461498],[99.89267751099999,13.264243290000081],[99.89244764900019,13.264013244000068],[99.89235149600012,13.26392607300005],[99.89228801900009,13.263891292000096],[99.89221808600007,13.263866080000128],[99.89215791700019,13.26384720100009],[99.89209778800011,13.263837861000184],[99.89199385500012,13.263844590000133],[99.89186889000018,13.26387366800003],[99.89180236000016,13.263891401000024],[99.89171641400014,13.263929884999982],[99.89145402800011,13.26413604600009],[99.89076383800005,13.264617367000028],[99.8903245360001,13.264859150000063],[99.8901509390002,13.264915444999986],[99.89006326500004,13.264925295000126],[99.8900145130001,13.264919101000146],[99.88996899000017,13.264906532000055],[99.88991852200007,13.264876478000076],[99.88987611800013,13.264827304000107],[99.88985649699998,13.264792369000133],[99.88984334100019,13.264747864000071],[99.88983661700013,13.264685839000038],[99.88988573,13.26434518200017],[99.889885516,13.264286315000163],[99.8898788640002,13.264243379000163],[99.88985428000007,13.264183008000089],[99.88981517200006,13.264148139000099],[99.88975011800017,13.264126094000176],[99.88954371500006,13.264093398000114],[99.88921705600012,13.264045215000124],[99.88915690800013,13.264031103000036],[99.88908045300008,13.263999548000186],[99.88901859500015,13.263961584000015],[99.88896644400018,13.26391562800012],[99.88882779000005,13.263752233000048],[99.88857640400005,13.263409438],[99.88851454000007,13.263369881000187],[99.88843324800013,13.263349477000133],[99.88834387999998,13.26334024400012],[99.8882334600001,13.263348583000038],[99.88812472200016,13.26337282999998],[99.8880436610001,13.263416068000026],[99.88800646200013,13.26345915600001],[99.88797417200016,13.263513365000165],[99.88790257100015,13.263924104000125],[99.88787689600008,13.264010109000083],[99.88784786800016,13.26406748800008],[99.88778795700011,13.264120205000097],[99.8877214760002,13.264152257000092],[99.88766954700009,13.264165170000183],[99.8875981000001,13.264170187000161],[99.88750063100014,13.264167347000125],[99.8873234690002,13.264136144000076],[99.88707147300016,13.264073376000056],[99.88666323100011,13.26392205500008],[99.88659326400011,13.263887295000188],[99.88655253000013,13.263852434000057],[99.88651495400018,13.263793693000082],[99.88650013900013,13.263738061000083],[99.88648847700006,13.263658547000091],[99.88648662800017,13.263596507000102],[99.88649943600018,13.263543956000149],[99.88653006900012,13.263481800000136],[99.88703929800005,13.262814965000132],[99.88707312500009,13.262736889000053],[99.88707943399999,13.262684358000058],[99.88707269200017,13.262617558000045],[99.88705461400008,13.262558754000167],[99.88702520000015,13.26250953300007],[99.886992615,13.262482600000055],[99.88694381700009,13.262463675],[99.88689183100018,13.262460675000113],[99.88682853600005,13.262475217000087],[99.88677993300018,13.26250879700018],[99.88648223200016,13.262831224000138],[99.88643685500006,13.26286002400019],[99.88638817200018,13.26287132699997],[99.8863378260001,13.262873092000063],[99.88630526500015,13.262852526000131],[99.88626941300004,13.262820828000145],[99.88624976200009,13.26277634400003],[99.88624630700008,13.262719079000021],[99.88625575000009,13.262636311000051],[99.8863344290001,13.262384651000048],[99.88635670600007,13.262257292000072],[99.8863612250002,13.262158630000101],[99.8863559740002,13.262055228000065],[99.8863443520001,13.261985266000124],[99.88631481300007,13.261902635000126],[99.88624469700011,13.261826503000066],[99.88584876000016,13.261484214000063],[99.88582752700006,13.261452466000094],[99.88582089600015,13.261415897000177],[99.88582075200014,13.26137611900009],[99.88582063100006,13.261342708000086],[99.8858335060001,13.261309249000078],[99.88586587000015,13.261275728000044],[99.88592096500014,13.261240534000137],[99.88628747700011,13.261081748000151],[99.88633284900015,13.261051358000145],[99.8863570800001,13.261014677],[99.88637315000017,13.260968485000092],[99.88637130300015,13.260906438],[99.88635807500009,13.260841251000045],[99.886333461,13.260772923000104],[99.88627154700004,13.26071903999997],[99.88614943800013,13.26063991500007],[99.88597693000008,13.26054823000004],[99.8859021080001,13.260518258000047],[99.88584361000005,13.260512103000167],[99.88578999600009,13.260507513000164],[99.88572990600005,13.26050931200001],[99.88565042000005,13.260538228000144],[99.8855775400001,13.260595759000182],[99.88550650100018,13.260715332000018],[99.8853128610001,13.261066036999978],[99.88527241000008,13.26110913600013],[99.88522537800009,13.26112998300016],[99.8851750840002,13.261146070000166],[99.8851182530002,13.261151037000104],[99.8850678940002,13.261149622000062],[99.88502075600019,13.261138651000124],[99.88496543800005,13.261113388000126],[99.88490197900006,13.261081785000044],[99.88479616500018,13.26101691800011],[99.88473919900008,13.260985292000157],[99.88466929500015,13.260968035000076],[99.884588087,13.260969908000106],[99.8844744390002,13.260984624000116],[99.8843218310002,13.261004244000105],[99.88427471800009,13.261002818000179],[99.8842178270001,13.260990283000126],[99.88418203500015,13.26097290700011],[99.88416242300013,13.260941153000147],[99.88415416600009,13.260903001000031],[99.88415401000009,13.26086003800009],[99.88416839900009,13.260796349000088],[99.88421503200016,13.260667312000123],[99.88422773000013,13.260584533000156],[99.88421936700007,13.260517741000115],[99.88418500500006,13.260447849],[99.88413442400002,13.260384387999977],[99.88404976300006,13.260328993000144],[99.88389027500017,13.260243626999966],[99.8833225190001,13.259997392000116],[99.88319404600003,13.25995328300013],[99.88311112100018,13.259929704000058],[99.88267871500011,13.259832561999986],[99.8826022790002,13.259805774000085],[99.88255346000017,13.259780488000104],[99.88251763400001,13.25975515500005],[99.88249154599998,13.25972660900004],[99.88243445000006,13.259658389000037],[99.88233316800006,13.259498041000143],[99.88224663000017,13.259372648000124],[99.88217974300005,13.259291736000023],[99.88183410500005,13.258931764000067],[99.88147863500012,13.258549547000143],[99.881475297,13.258524100999978],[99.88147790300008,13.258499347999987],[99.88148752600006,13.258465898000054],[99.88153736400011,13.258322534000115],[99.88155514200014,13.258298606999972],[99.88157618000014,13.258277853000038],[99.88160371400011,13.258255482000095],[99.8816426530002,13.258242614999972],[99.88172382100015,13.258231201000115],[99.88175625000008,13.258215176000135],[99.88177564000011,13.258188063000091],[99.88180300300013,13.258117961000153],[99.88185767400012,13.257965027000125],[99.88188351800017,13.2579251680001],[99.88198548100013,13.25782457300005],[99.88207450100003,13.257736763000025],[99.88228138700009,13.257454426000038],[99.88245084300013,13.257151540000052],[99.88249448300019,13.257092521000061],[99.88251712100009,13.257065394],[99.88275524300008,13.256886374000146],[99.88279083000009,13.256846472],[99.88313168600001,13.256331386000056],[99.8831946840001,13.256234113000062],[99.88327355500013,13.256036550000147],[99.88329775800008,13.255991914],[99.88332200600013,13.255960014000038],[99.88348230800011,13.255822626000054],[99.88351301500006,13.255779557000096],[99.88352587400016,13.255741331000138],[99.88352898800002,13.255704724000054],[99.88352550600013,13.255639499999972],[99.88352193800017,13.25555201000003],[99.88352505800009,13.255515403000118],[99.88353792700019,13.255481946000089],[99.8835653430001,13.255427758000053],[99.88364924800004,13.255274724000174],[99.88365562300015,13.255239700000118],[99.88365199600008,13.255134703000067],[99.88366161400018,13.255099666999968],[99.88367936400005,13.255067784000119],[99.88371337500013,13.255040614000166],[99.88379442000019,13.254994197000144],[99.88400026100004,13.254872561000013],[99.88405530200009,13.254821458000151],[99.88410702800007,13.254752867000093],[99.88416347600014,13.25464288500001],[99.88421011200012,13.254513846000123],[99.88423709,13.254338739000104],[99.88424144800018,13.254195526000046],[99.88423299300013,13.25410327600008],[99.88417843000013,13.253837760000124],[99.88418157400002,13.25380751900019],[99.88419119200012,13.253772485000127],[99.88421863600007,13.253724654000166],[99.88431086200006,13.253628872000093],[99.88450519500009,13.253469096000174],[99.88453105000019,13.253432409000084],[99.88456329700011,13.253367063000155],[99.88468413500016,13.253096165000159],[99.88470340800006,13.253035641999986],[99.88476075900007,13.252725186000077],[99.8847736250001,13.252690138000048],[99.88479138600007,13.252661436000153],[99.88481727400006,13.252634300000011],[99.88485615900015,13.252607120000107],[99.88489347200016,13.252595855000152],[99.88493407900006,13.252595714000051],[99.88497469900005,13.252600340000072],[99.88523067000017,13.25264466300007],[99.88527820100012,13.252650464000112],[99.88545239900014,13.25265105300008],[99.885496225,13.252643740999986],[99.88552663500002,13.252630513000156],[99.88564219000011,13.252583571000173],[99.88567139100013,13.252575116000116],[99.88570062100007,13.252573822000159],[99.88572866200013,13.25257969300003],[99.88575427700005,13.25258915],[99.88577382400018,13.25260459500015],[99.88578243000018,13.252627232000123],[99.88579108400018,13.252661813000088],[99.88579368300009,13.252705954000078],[99.88578909500006,13.252784723000104],[99.88579160200004,13.252805005000027],[99.88579899000013,13.252826459],[99.88581123300014,13.252844315000061],[99.88583689700016,13.252865708000172],[99.88587470300007,13.252878699000064],[99.8859161310001,13.252880940000182],[99.88594901300019,13.252878441000064],[99.88597090300004,13.252867627000057],[99.88599151400007,13.252841299000181],[99.88608283800016,13.252494929000136],[99.88610105300012,13.252479358000187],[99.88612172200015,13.252467350000074],[99.88614120400018,13.252464897000152],[99.88615826900008,13.252468417000046],[99.88618143600013,13.252474305000021],[99.88620706000012,13.252486143000112],[99.8862327220001,13.252508730000102],[99.88635862800004,13.252628815000037],[99.88638547900007,13.252643044000024],[99.88642325600006,13.252646489000028],[99.88645490600004,13.252641611000172],[99.88654130600008,13.252616251000063],[99.88683941400006,13.252520940000068],[99.88689053100012,13.252508829000021],[99.88724368800007,13.252479161000053],[99.88729076100014,13.25247263700004],[99.88733775800006,13.25244224100004],[99.88737173700014,13.252407120000044],[99.8877089390001,13.25178384500009],[99.8877104870001,13.251763158000074],[99.88771040600017,13.251740879000067],[99.88770709000005,13.251721800000041],[99.88769563700009,13.251697973000091],[99.88768422400011,13.251686878000157],[99.88766632500017,13.251677396000048],[99.88761431800003,13.251668026000175],[99.88755093800012,13.251658705000011],[99.88751514799998,13.251642913000126],[99.88733613200009,13.251544898000134],[99.88728561,13.251498928000046],[99.88727249800019,13.251465564000114],[99.88726586800016,13.251428990000136],[99.88726573000014,13.25139080300005],[99.88727212900005,13.251363734000051],[99.88729311000009,13.251327071000105],[99.887322272,13.251306282000087],[99.8873725270002,13.251280651],[99.88739196000012,13.25126308299997],[99.88740155300007,13.251223272000175],[99.88740144399998,13.251193048000118],[99.88739807100018,13.251158052000108],[99.8873832760001,13.251108781000028],[99.88736686400017,13.25106269400004],[99.8871924660001,13.250893064000024],[99.8871793880001,13.250870832000146],[99.88717768500004,13.250848561000169],[99.88717922700016,13.250826285000073],[99.8871856500001,13.250805577000165],[99.88720021200004,13.250791205000041],[99.88722943700009,13.250787923000132],[99.88728303800013,13.250789327000064],[99.88735612400018,13.250787483000067],[99.88745031100007,13.25078397500016],[99.88749412800001,13.250772683000093],[99.88752656800006,13.250759838000022],[99.88755246600005,13.250735887000076],[99.8875897100001,13.250705527000036],[99.88763185300013,13.25068151400012],[99.88768862500007,13.250660635000031],[99.88778429200005,13.250617346000126],[99.88792367900015,13.250535716000115],[99.8881552220002,13.250337621000142],[99.88818441400014,13.250326378000011],[99.88820876500012,13.250323112000103],[99.88823475900011,13.250324613000146],[99.88826728800007,13.250337231000117],[99.88830799200002,13.25036413500004],[99.88862393200009,13.25059691700011],[99.88866786500006,13.250619039000185],[99.88869550300006,13.250625307000178],[99.8887263530001,13.25062360600009],[99.88875390900006,13.250607604000038],[99.88876845900006,13.25059004700006],[99.88877488800011,13.250570934],[99.8887780710001,13.250553423000042],[99.88877310900006,13.250527985000076],[99.88875999100003,13.250494617000186],[99.88863887000008,13.250237286000129],[99.88863545700008,13.250191160000043],[99.88863860500015,13.250164098000084],[99.88865148300016,13.250133827000184],[99.88868222400009,13.250100303000067],[99.88871301600017,13.25008110500005],[99.8887649420002,13.250068198000179],[99.88891268000015,13.250050182000109],[99.88895813,13.250043658000095],[99.88898730100004,13.250026056000024],[99.88901152600016,13.24998778700018],[99.88913000700012,13.249516424000149],[99.88914451600016,13.249487732000091],[99.88916553500002,13.249460612000178],[99.8891963440002,13.249446183000089],[99.88925959500017,13.249422097000092],[99.88933260500016,13.249399567000182],[99.88987454000016,13.249249710000129],[99.88988420400005,13.249227405000113],[99.88988737400018,13.249205118000134],[99.88989055100018,13.249186017000056],[99.8898856200002,13.249170122000123],[99.88987252900012,13.249143115000095],[99.88966417900008,13.249018152000133],[99.88963808900007,13.24898960700017],[99.88962336700007,13.24896101600001],[99.88962003900014,13.248940348000076],[99.88961830700003,13.248910122000098],[99.88962793400003,13.24887667600018],[99.8896570120001,13.248833618000162],[99.88969912900012,13.248803240000143],[99.8897655990001,13.248769595999988],[99.88983051500014,13.248755050000057],[99.88986949100018,13.248754914000017],[99.8898971390002,13.248764360999985],[99.88994434100016,13.248791244000188],[99.89011049400017,13.248925906000125],[99.89016579700018,13.24894798400004],[99.89022757200007,13.248962090000134],[99.8903900730001,13.248985388999984],[99.89041606,13.248985298999969],[99.89043389300019,13.24897727900003],[99.8904533130002,13.248958122000147],[99.89046988000007,13.24891379100012],[99.89054734600006,13.248443367999982],[99.89055697600014,13.248412306000091],[99.89056907900016,13.248389591000091],[99.89058846600011,13.24836208000005],[99.89069644500006,13.24824237200005],[99.89071468000003,13.248230371000034],[99.89073778900007,13.248221943999965],[99.89075972500012,13.24822425200017],[99.89078043500007,13.248225373000025],[99.89080360900005,13.248232452000138],[99.89104154100016,13.248342594],[99.8910805540001,13.248350812000183],[99.89110005600014,13.248354327000186],[99.89112682700011,13.248345879],[99.8911499030001,13.24832790000005],[99.89116927100008,13.248293224],[99.8911873720001,13.24824662500015],[99.8911908770001,13.248204845000089],[99.89117975700009,13.248163124000087],[99.89115151600015,13.248101169000051],[99.89108899400009,13.247992799000144],[99.89107189000009,13.24797853900003],[99.89105359000018,13.247970248000115],[99.89089381100001,13.247914722000132],[99.8908400900001,13.247881496000048],[99.89081076200017,13.24785534800003],[99.89079240400008,13.247831545999986],[99.89078502500007,13.247812482000029],[99.89078373100017,13.247791005000124],[99.89078851300019,13.247767122000027],[99.89079937600013,13.247738441000024],[99.89084420000012,13.247671463000188],[99.89089149800009,13.247614020000128],[99.89094855200005,13.247558931000128],[99.89101540200005,13.247518121000098],[99.89108229099998,13.24748805900009],[99.89128431000012,13.24743604300005],[99.891698,13.247306915000024],[99.89173203500013,13.247286514000052],[99.89175386500017,13.247260185000073],[99.89176230600003,13.24723629000016],[99.89176710800007,13.24721598300016],[99.89177515700015,13.247084693000147],[99.891782369,13.247059610000065],[99.89179444900014,13.247030925000104],[99.89181139600004,13.247002230000135],[99.89183927600004,13.246965145],[99.89191693200007,13.24688014700007],[99.891960579,13.246823909000057],[99.8919908420001,13.246771300000034],[99.89206093400009,13.24661831200018],[99.89215964700014,13.246295781000015],[99.8921813660001,13.246238427000094],[99.89221406300004,13.246185810999975],[99.89224195600013,13.246152297000094],[99.89239611900018,13.246004988000038],[99.89241917200002,13.245979850000083],[99.89243247300016,13.24595235400011],[99.89243723200013,13.245920118000129],[99.89243711900019,13.245889090000048],[99.89243206000003,13.245838991000085],[99.89240975600012,13.245735256000103],[99.8923886620002,13.24563031800011],[99.8923704180001,13.245302230000163],[99.8923727620001,13.24527716100016],[99.89237996700007,13.245248496000158],[99.89240535000016,13.245194711000067],[99.8924477130002,13.245120579000172],[99.89247671200019,13.245056040000065],[99.89254422100015,13.244861299000036],[99.89271504100009,13.244605337000166],[99.89276477900012,13.244549078000034],[99.8928109420001,13.244514313000082],[99.89284863300014,13.244495089000111],[99.89288025600018,13.24448185000017],[99.8929094660001,13.244474589000163],[99.8929484370002,13.244473259000074],[99.89297645600016,13.244474355000136],[99.89303008300004,13.244481325000038],[99.8931239490002,13.244501287000048],[99.89319342600015,13.244514166000158],[99.89321291200014,13.244511712000133],[99.89322628000019,13.244504507000158],[99.89323961400004,13.24448536400007],[99.89324924300007,13.244454307000069],[99.89324905600012,13.24440299400004],[99.89324876500018,13.24432304700008],[99.89323010200019,13.244215717999964],[99.89320670500007,13.244146587000046],[99.89317852500005,13.244101337000188],[99.89312839600012,13.244050203000029],[99.89307828600005,13.244005037000022],[99.89294324100013,13.243827108000175],[99.89232304100017,13.242997161000119],[99.892298644,13.242987700000128],[99.89227101600005,13.242983021000043],[99.89223044800008,13.242992709000134],[99.89212502900011,13.243032854000148],[99.89202443000005,13.243061849000185],[99.89194493200006,13.243084400000157],[99.89157833100018,13.243209783000168],[99.89151014300006,13.243216380999968],[99.89144678800005,13.243213422000167],[99.89138178100006,13.243202515000064],[99.89123221000006,13.243160075000105],[99.89103383300005,13.243097123000041],[99.89090205100018,13.243035536000036],[99.89083370600014,13.242999180000027],[99.8908011360001,13.24297543],[99.89076853100016,13.242942131],[99.89073100700006,13.242894530000058],[99.89069003100008,13.242792849000125],[99.89058353800004,13.242538646000128],[99.8905541960001,13.242508521000047],[99.8900801040001,13.242106047000107],[99.89001011800019,13.242064921000122],[99.88994995100012,13.242046040000048],[99.88988498600014,13.242044675000045],[99.88982330700009,13.242054438000025],[99.88976326700009,13.242070557000034],[99.88971788100008,13.24209458100006],[99.88966608500004,13.242142494],[99.88928433000018,13.24256863100004],[99.88926498199999,13.242606887000022],[99.889257,13.242646690000186],[99.88924752800017,13.24271991],[99.88924455400007,13.24279629400013],[99.8892449990002,13.24291880100003],[99.88926361400007,13.243125578],[99.8892621220001,13.243162173000087],[99.88925253500014,13.24320516500012],[99.88923805600007,13.243243399999983],[99.88920095100013,13.243313534000094],[99.88902644700005,13.243560515000013],[99.88894530000005,13.243689669000048],[99.8889150710001,13.243751829000075],[99.88889941600013,13.24380199900014],[99.88888742400019,13.243853351000098],[99.88885290000019,13.244074232000173],[99.88883726000012,13.244127985000091],[99.88879491200004,13.244206886000143],[99.88873671900006,13.24428346100018],[99.88866756800013,13.24436007300011],[99.8885740550001,13.244439157000102],[99.88853152600007,13.244467948000079],[99.88846827900005,13.244493226000031],[99.88810947900004,13.244643629000109],[99.88806322700015,13.244654534000063],[99.88795607200007,13.2446656460001],[99.88777823900017,13.244668647000083],[99.88772583600019,13.244661675000032],[99.88768925700009,13.244652252000037],[99.88764656900014,13.24463808500019],[99.88756358800009,13.244596608000052],[99.88751968400004,13.244582440000102],[99.88749408800004,13.244577755000023],[99.88747216600018,13.244577831000186],[99.88743198400005,13.244582744000127],[99.88739061100006,13.244594819000156],[99.88732374000017,13.244629661000033],[99.88725931900007,13.244668069],[99.88721191900004,13.24469806400009],[99.88717305100005,13.244729227000107],[99.8871342220001,13.244769935000079],[99.88700317100017,13.244910004000019],[99.88696066200015,13.244944756000052],[99.88691205100008,13.244975951000072],[99.88687071100003,13.244997577999982],[99.88681599400007,13.245024019000141],[99.88676856600006,13.24504565899997],[99.88673210900015,13.245069652000097],[99.88629857700016,13.245438690000071],[99.88618799600016,13.24551306],[99.88592547000007,13.245676259000106],[99.88589145100019,13.245700243000158],[99.88570934900008,13.245871517000126],[99.88567046200012,13.245897902000081],[99.88560601100005,13.245926763000057],[99.88550990000016,13.2459617],[99.88545391800017,13.245976216000145],[99.88539425800019,13.245983584000044],[99.88525544700019,13.245998384000018],[99.885114149,13.246000068000171],[99.88508127100016,13.246002568000051],[99.88505571300016,13.246008625000059],[99.8850228710001,13.246021860000042],[99.88491221800012,13.24607594400004],[99.88485501700006,13.24609046400019],[99.88468948600013,13.246128026000122],[99.88436090100004,13.24621269500011],[99.88417594000009,13.24626703500013],[99.88413576800014,13.246274335000066],[99.88400184200009,13.246293889000071],[99.88392879900016,13.246306079000021],[99.88389107800015,13.246318141000131],[99.88385581200009,13.246333776000085],[99.88382058600018,13.246361341000124],[99.88379024700009,13.246393666000074],[99.88375008100013,13.24646272100017],[99.88372657700012,13.24650247599999],[99.88371281000013,13.246518676999983],[99.8836974310002,13.246536376000165],[99.88369373600017,13.246540628000162],[99.88366561600014,13.246560528000032],[99.88363164100008,13.246578357000146],[99.8834096920001,13.24668698700009],[99.88326880500011,13.246755128000132],[99.88322488700004,13.246769868000115],[99.88318026000013,13.246784612000056],[99.88312852000013,13.246794519000105],[99.88304558900012,13.246806615000025],[99.88293361500007,13.246830624000154],[99.88287692600011,13.246843327000022],[99.88281174700012,13.246861613000135],[99.88274589800011,13.246893108000165],[99.88270346600012,13.246925212000178],[99.88267876200007,13.24695864600011],[99.88265057000018,13.247007375000123],[99.88263654800011,13.247053279],[99.88262673500009,13.24708596400012],[99.88261717900019,13.247188823000045],[99.88261941400009,13.247218689000022],[99.88262960100013,13.247290909000128],[99.88265691800018,13.247392248999972],[99.88267698100015,13.247449149999966],[99.8827376770002,13.247563574000026],[99.8827484050002,13.247588545000042],[99.88275782599999,13.247644096000158],[99.88275665800012,13.247712880000165],[99.88275540500007,13.24776012500007],[99.88274433500004,13.247835893000115],[99.88271874900005,13.247905519000028],[99.88268705800004,13.247959548000097],[99.88265317900016,13.248004131000187],[99.88261422500011,13.248041319000038],[99.88257651600009,13.248073560000137],[99.88248879800011,13.248129230000131],[99.88246615800006,13.248145399000123],[99.88243065000012,13.248181524000188],[99.88240175700014,13.248211267000102],[99.88236035500006,13.248268222999968],[99.8823152650001,13.248351132000039],[99.88227146700018,13.248443918000078],[99.88208862600004,13.248787913000172],[99.8820635080001,13.248815170000057],[99.88203078200007,13.248831340000152],[99.88199679500019,13.248846282000102],[99.88193759100011,13.248861306000151],[99.88189850500004,13.248862676000044],[99.88184931700005,13.248857904000033],[99.88176730300006,13.248840895000114],[99.88169532500012,13.24881026800017],[99.8812669940001,13.24855855100003],[99.88095246500012,13.24839783300007],[99.8809070210001,13.24838193800008],[99.88086917000004,13.248374653000099],[99.88082502900005,13.248372336000159],[99.88079476400014,13.248371208000094],[99.88076577800001,13.248375010000018],[99.88073176300014,13.248381303000087],[99.88068894300017,13.248395040000105],[99.880575583,13.248427542000115],[99.88036276600008,13.248501148000173],[99.88031116100018,13.248526032000086],[99.88027973400017,13.248552076000124],[99.88025712200005,13.24857562000011],[99.88024212000005,13.248610258000156],[99.88023219900003,13.248657227000024],[99.88022988400013,13.248714047000135],[99.88023898400013,13.248790592000148],[99.88025052100011,13.248843664999981],[99.88027336000016,13.248883111000055],[99.88030119800015,13.248911424000028],[99.88034919500012,13.248934725000083],[99.8805348520001,13.249021775000188],[99.88058414900019,13.249056188000111],[99.88061576500013,13.249083252],[99.88063855500008,13.24910911],[99.88065381600018,13.249146110000083],[99.88067820700019,13.249267070000144],[99.88069647200018,13.249437453000098],[99.88069553200006,13.249526387000174],[99.88068829700012,13.249617808000039],[99.88067203300017,13.249653682000144],[99.88065320500004,13.249677214000144],[99.8806116880001,13.249702059000128],[99.88057641300009,13.249710828000048],[99.88053860000008,13.24971342800012],[99.88050077500003,13.249713559000043],[99.88046037400017,13.24969887900005],[99.88029214800008,13.249550780000163],[99.88021917100019,13.24950471700015],[99.88015760000019,13.249475285000017],[99.88008755500016,13.249456074000136],[99.88003645700019,13.24944698700017],[99.87993716800003,13.249447330000123],[99.87984446700011,13.249439313000096],[99.8798047370002,13.249435743000163],[99.87974793800004,13.249419265000029],[99.87970720200019,13.249399028000028],[99.87962380900012,13.249348365],[99.87939327400017,13.249141660000078],[99.87936482900005,13.24912045100018],[99.87933832700014,13.249113133000094],[99.87928344700003,13.249104059000047],[99.87922197400019,13.249102417000074],[99.87918700100005,13.24910623900007],[99.8791539340001,13.24911469500006],[99.87912466000012,13.249125908000167],[99.87907749200014,13.249157567000054],[99.87873442000017,13.249474630000066],[99.87837359500008,13.249851040000124],[99.87831696400008,13.249881803000108],[99.8782706840002,13.249896786000022],[99.87823474000004,13.249895057000117],[99.87819876499998,13.249883136000108],[99.8781163330001,13.249838033],[99.87796482300018,13.249780194000152],[99.87792412300018,13.249769218000097],[99.87777084400005,13.249745659000041],[99.87773017100011,13.249743022000075],[99.87769425200008,13.249745923000035],[99.87766024300004,13.24975622800008],[99.877621535,13.249773960000141],[99.87758569900006,13.24980002500007],[99.87755554100005,13.249828844999968],[99.87749524600014,13.249892045000081],[99.8774444550001,13.24996817900012],[99.87742196100004,13.250024760000088],[99.8774098070001,13.250063709000074],[99.87740812400006,13.250122073000057],[99.87741298300017,13.250158186000135],[99.87743009300016,13.250183136999965],[99.87746517700003,13.250208955000176],[99.87749738700006,13.25022644500018],[99.87774841600014,13.250346929000045],[99.87786688600016,13.250421556000106],[99.87801966400019,13.250569246000055],[99.87808895000006,13.250640335000128],[99.87814600100006,13.250728143000117],[99.87817931400008,13.250788239000144],[99.87819840900016,13.250839123999981],[99.87820228400005,13.250864118000095],[99.87820811200015,13.250907638000172],[99.87820727899998,13.250939133000031],[99.87820267300015,13.25097249800018],[99.87819234900019,13.250994768000055],[99.87816027900004,13.251017111000067],[99.87812911800017,13.251030184000172],[99.87809131400007,13.251035875000184],[99.87803743200004,13.251041616000066],[99.87797501900013,13.25104183100018],[99.87791646900007,13.251033850000113],[99.87775331199998,13.251009710000062],[99.87768943300011,13.251011574000074],[99.87762218799998,13.251011805000132],[99.87757514000003,13.251016909000043],[99.87752810800004,13.251028598000062],[99.8774894930001,13.251043556000013],[99.87741574300003,13.251104741],[99.87737722700007,13.251146044000166],[99.87735545800012,13.251170820000084],[99.87734378500016,13.251197209000054],[99.87733554100015,13.251241702000073],[99.87733562900019,13.251266403000102],[99.87719953900012,13.251289928000176],[99.8771372970001,13.251278614000114],[99.8770985820002,13.251263923000067],[99.87705639300015,13.251219606],[99.87685402200003,13.250896341000043],[99.8765347320001,13.250461131000066],[99.8765005690002,13.250427900999966],[99.87643990700013,13.250388275000091],[99.87640107300012,13.25037080900006],[99.8763151170001,13.250358360000178],[99.8759606820002,13.250321286000144],[99.87564285399998,13.250293969000097],[99.87559241800011,13.25029414200003],[99.87554199900012,13.250298022000152],[99.87545126400016,13.250310685000045],[99.87539959800012,13.250319509000064],[99.87536054000009,13.250327052999978],[99.8753089290002,13.25035069800009],[99.87526236900004,13.250375559000076],[99.875229677,13.250401608],[99.87520582300016,13.250430098000095],[99.87516446600006,13.250500641000144],[99.87509701400012,13.250677497000027],[99.8750644380001,13.250734420000015],[99.87503178100013,13.250770351000085],[99.87500033600014,13.250791458000151],[99.87497262200014,13.25079772700002],[99.87494487200019,13.250795355000037],[99.87492216900017,13.250792961000172],[99.87487169100007,13.250780782000163],[99.87462804300014,13.250695156000177],[99.87442365900012,13.250660039000024],[99.87429123900017,13.25065185000011],[99.87417775000011,13.250648532000014],[99.87413741000012,13.250649908000128],[99.87408953400006,13.250659950999989],[99.87401645400007,13.250675022999985],[99.87373687900015,13.250768614000037],[99.87362096300012,13.250791242000105],[99.87354909900006,13.250792723000131],[99.87340535400017,13.250790747000167],[99.87331706300006,13.25078116700007],[99.87322238000013,13.250748144999989],[99.8731592380002,13.25071995400009],[99.87309232500007,13.250695481000093],[99.87303302700013,13.250684567000064],[99.87294849400018,13.250668798000106],[99.87284250200014,13.250646926000059],[99.87269357100013,13.250604208000084],[99.87230337200009,13.250437568000166],[99.872203636,13.25040085300003],[99.87213675900006,13.250386261000074],[99.87207748000003,13.250381523000044],[99.872003081,13.25037807000001],[99.87175342300014,13.250375219999967],[99.87166009600014,13.25036936400005],[99.87155789400003,13.250348714000097],[99.87148339700019,13.250318090000064],[99.87140006400011,13.25028626500017],[99.87122948800004,13.250184329000092],[99.87109045000011,13.250087231000066],[99.87093637100003,13.250014885000098],[99.87084548000007,13.249984315000063],[99.8707331810001,13.249961232000032],[99.87058811000009,13.249940730000105],[99.87052628300006,13.24992735700016],[99.87047831300015,13.249911463000046],[99.87042528200016,13.249890645000107],[99.8703949470002,13.249869753000155],[99.8703443620002,13.249826694000092],[99.8703303800001,13.249794629000178],[99.87032016000012,13.249757612000053],[99.87032504100011,13.249711896000179],[99.87033373400004,13.249674813000013],[99.87035876500005,13.249622850000094],[99.870431393,13.249481800000126],[99.87044507100006,13.249427407000155],[99.8704497780002,13.249332286000026],[99.8704471050001,13.24929030300018],[99.87043428600015,13.249231061999978],[99.87040892900012,13.249191623],[99.87038742300012,13.249171935000163],[99.87035331800001,13.249153525000054],[99.87022456800003,13.249114439000039],[99.87013748200013,13.249088799000049],[99.870057949,13.249060660999987],[99.86998091000015,13.249025105999976],[99.86959424000014,13.24878557500017],[99.86908620800017,13.248453823999967],[99.86896873000006,13.248392469000123],[99.86890939900019,13.24837290500011],[99.86882738200006,13.248354658000153],[99.86877943400003,13.248344940000038],[99.86873025500012,13.2483426390001],[99.86868487200019,13.248345262000043],[99.86863697200016,13.248349132000044],[99.86855003000005,13.248364252000044],[99.86848956900013,13.248380512000153],[99.86846942200015,13.248387993000108],[99.86844554200013,13.248409070000037],[99.86842042100005,13.248436329000072],[99.86835652500014,13.248551411000165],[99.86832391600018,13.248599692000141],[99.86828998900012,13.248633156999972],[99.86825476500002,13.248655510000162],[99.8682094560001,13.24867789300015],[99.86813013400013,13.248710278999965],[99.86787187900018,13.24877044200008],[99.86736160700002,13.248875927000029],[99.86704536900015,13.248941227999978],[99.86663469200005,13.249042669000119],[99.8663713900001,13.249104082000144],[99.86631847300004,13.249114144000089],[99.86626678700003,13.249116787000048],[99.86601607500006,13.249132666000037],[99.86581425700007,13.24914920100008],[99.86579732600018,13.249148191000131],[99.86577516400013,13.249146864000124],[99.86575622600014,13.249139519000153],[99.86574359100013,13.249132154000165],[99.86573725300013,13.249122291000162],[99.86572963200013,13.249107495000146],[99.86572704700018,13.249088978000145],[99.86573190400009,13.249035849000109],[99.86582514300011,13.248521292000078],[99.86586738800014,13.248287798000092],[99.86597088200017,13.247762657000067],[99.86610304200008,13.247371507000025],[99.86615479100004,13.247158194000065],[99.86630615700011,13.246490767000182],[99.86640198200013,13.246068252000157],[99.865259579,13.24637199800003],[99.86491054200019,13.246459768000022],[99.86479854700008,13.246482104999984],[99.86466957400012,13.246494232000032],[99.8640808620001,13.246507935000182],[99.86402107500004,13.246505213000148],[99.86396722400013,13.246487827000124],[99.86393127400015,13.246464526000068],[99.86388332500019,13.246426628000108],[99.86385928000004,13.246388652000178],[99.86362402400016,13.24578048800015],[99.86360122000019,13.245740763000128],[99.86358856100014,13.245725982000067],[99.86352156300012,13.245676805000187],[99.86346849400007,13.245644874000106],[99.86342155500017,13.245623944000158],[99.86334459200009,13.245602548000136],[99.86280229300007,13.245507555000188],[99.86278589000005,13.245502670000064],[99.86276694700018,13.245494091000126],[99.86275557300013,13.245486720000144],[99.86274039300014,13.245473181000023],[99.862714284,13.245441023000183],[99.86256684200009,13.245191962000092],[99.8625476900001,13.24517370000018],[99.86253379300007,13.245165099000076],[99.86251737500015,13.245157745000029],[99.86247729300004,13.24514531300008],[99.8623993980001,13.245134675000088],[99.86185214400007,13.245039908000138],[99.86111842600013,13.244894862000024],[99.86030882900019,13.244605060000026],[99.85651644400019,13.274082447000183],[99.8534792160001,13.297821417000023],[99.85318114700004,13.300102030000176],[99.853078175,13.300822278000055],[99.85305282300004,13.300999628],[99.85297195200002,13.301625519000027],[99.8528351700001,13.302670141000135],[99.85275720800001,13.303264950000028],[99.8526381010002,13.304182322000088],[99.85253081400015,13.305027187000121],[99.85236625400017,13.306312726000158],[99.852222402,13.307401739999989],[99.85215367500012,13.307943768000086],[99.85215428700013,13.30794815500019],[99.85215438600005,13.307948402000136],[99.85215612600001,13.307953641000097],[99.85215687100003,13.307954997000024],[99.8521590360001,13.30795815100015],[99.85216234500012,13.307960861000026],[99.85216559800011,13.307962430000032],[99.85221845900014,13.307971020000025],[99.85227738900005,13.30798191200006],[99.85234314200005,13.307997224000076],[99.85237120700015,13.30800500600003],[99.85238850500019,13.30801481900005],[99.85240953300013,13.308033158000057],[99.85242714900016,13.308053514000107],[99.85243940700013,13.3080738270001],[99.85245109800013,13.30810113200016],[99.85246826800011,13.308150988000023],[99.85244756300006,13.308557011000119],[99.8524534510002,13.30870423500005],[99.85247283700005,13.308875069000123],[99.85251378200013,13.30906687200013],[99.85275246300006,13.309632690000058],[99.85290599000007,13.309861216000115],[99.85338997700006,13.310411156000157],[99.85344761500005,13.310513800000138],[99.85349105000017,13.310649208000143],[99.85351085600001,13.310854820000088],[99.85357132500013,13.311766106000164],[99.85355949700005,13.31247664200015],[99.85356015200006,13.312663610000186],[99.8536137980002,13.312990629000126],[99.85364782400018,13.313168143000098],[99.85365781400014,13.313294321000058],[99.85354487300009,13.31375278400003],[99.85352620300017,13.313874379000083],[99.85350981800013,13.314007506000166],[99.85351560700019,13.314128434000054],[99.8536059000001,13.314611919000185],[99.85380455199999,13.315371125000127],[99.85398958700011,13.316075156000181],[99.85406272000006,13.316256333000183],[99.8541006210001,13.316348228000038],[99.85411966800012,13.31641915500012],[99.8541278940001,13.316469084000119],[99.85412808300003,13.316499891999968],[99.85412217700008,13.316535416000079],[99.85411210700016,13.316561162000085],[99.85397604700006,13.316744588000176],[99.85391787800012,13.31684816],[99.85389850600012,13.316898432000073],[99.85388654100012,13.316954760000158],[99.85388549600015,13.317016792000118],[99.85389653700008,13.317100894000134],[99.85411902800007,13.317576049000138],[99.85415425200017,13.317667961000097],[99.85418145200009,13.317767776999972],[99.8541805440002,13.318275239000059],[99.85420264900017,13.318453955999985],[99.85422144800003,13.318539197000064],[99.85425978900008,13.318669368000087],[99.85435179800015,13.318876778000174],[99.85446004600004,13.319120933000022],[99.85450633000016,13.319302200000038],[99.85453110200007,13.319478277000144],[99.85453990200011,13.319688598000027],[99.85454041700007,13.31983515900015],[99.85453843100004,13.319860198000185],[99.85442457700003,13.320488291],[99.85441945300016,13.32055930100006],[99.85443048600013,13.320643400000165],[99.8544681410001,13.320746988],[99.85451987300013,13.320866596000144],[99.85454924500004,13.320904472999985],[99.8545923120002,13.320951868000122],[99.85471109200006,13.32103686000005],[99.8547622530001,13.321078752000119],[99.85482700600005,13.321167926000044],[99.85493237600008,13.32135687900012],[99.85496771000015,13.321477718000097],[99.85497628700006,13.321627555000134],[99.85491391600016,13.322216732000129],[99.85477232400012,13.323375007000152],[99.85475732000015,13.323497728000063],[99.85465752300013,13.32413172500003],[99.85464483700014,13.324342109000042],[99.85464821700009,13.32453929899998],[99.85466514200016,13.324773246000063],[99.85474716100009,13.325193661000128],[99.85481316400012,13.325933885000097],[99.85485194700004,13.326106702000118],[99.85488570500019,13.326204747000133],[99.85497684500012,13.326330641000084],[99.8550582790001,13.326414515000067],[99.85544914100012,13.326757643000064],[99.8559440590002,13.327192134000029],[99.85602084000004,13.327308734999974],[99.85608361200008,13.327514193000127],[99.85612249000013,13.327710381000031],[99.85614739000005,13.328004784000143],[99.85614803100003,13.328187070000126],[99.85611108100017,13.32853776800016],[99.8560546870001,13.328790372000128],[99.85595101000013,13.329181510000126],[99.85639003200004,13.329293243000052],[99.8564632080001,13.329312972000025],[99.85650747900007,13.329332801000135],[99.85653986300008,13.329356001000122],[99.85657739400011,13.32939250200019],[99.85659704500006,13.329408551000029],[99.85662001700018,13.329427317000125],[99.85663963500019,13.329439787000126],[99.85666431900012,13.329455473000166],[99.85672225000019,13.329491904000065],[99.85678359000013,13.329529988000047],[99.85682960100007,13.329561464000165],[99.85684036800018,13.329569552000123],[99.8569046070001,13.329617817000099],[99.85695406700012,13.329662603000088],[99.856986538,13.32971077600007],[99.85700198300015,13.329750679000085],[99.85700722600012,13.329792284000064],[99.85700402000003,13.329847236000148],[99.85699061700012,13.329902221000168],[99.85697210700016,13.32995722200019],[99.85695692900015,13.329995256000132],[99.85694682900004,13.330020574000116],[99.8569317940001,13.330046547000052],[99.8568995120001,13.330102312000122],[99.85687080200006,13.330155686000126],[99.85685225700018,13.330200698999988],[99.85684562100016,13.330247335000138],[99.8568492170001,13.330303928000092],[99.85685964400017,13.330367163000119],[99.85688549100013,13.330465302000164],[99.8569003930001,13.33052059400012],[99.85691822200005,13.330586723000124],[99.85693722100012,13.330671571000039],[99.85694940800016,13.330753106000145],[99.8569565030001,13.330836328000089],[99.85695850000019,13.330921226000044],[99.85695712400008,13.331012798000131],[99.85694392800008,13.331127722000076],[99.85693392600012,13.33118435900002],[99.85692057300014,13.331254327000124],[99.85691230200013,13.331319288000088],[99.85691130300012,13.331332956000153],[99.85690743500015,13.331385901000033],[99.85690529900012,13.331745517000115],[99.85690750100014,13.331888688000163],[99.85691453600009,13.331953597000108],[99.85693352300018,13.332035111000096],[99.85695928300015,13.332108277000088],[99.85699865000015,13.332183065000095],[99.85703454100019,13.332237883000175],[99.85707382300006,13.332287696000094],[99.85712334500005,13.33235079200017],[99.85719424100006,13.332441262000032],[99.85723265000013,13.332490274000179],[99.85730612700007,13.332596576000071],[99.85735400300013,13.33267299500011],[99.857389948,13.332742804000134],[99.85741906300018,13.33280263600011],[99.85745169400013,13.332895757000074],[99.85747748900008,13.332978916000116],[99.85749097700011,13.333042365000097],[99.85749304900008,13.333052120000104],[99.85750178400019,13.33311868100003],[99.85751577100001,13.333228514000155],[99.85753157900007,13.33337164000011],[99.8575438110002,13.3334665000001],[99.85755944400017,13.333559679000132],[99.85757850200014,13.333661167000173],[99.85759914300019,13.333729358000028],[99.85762657200007,13.333794198000078],[99.85777872300014,13.334097118000102],[99.85779436900015,13.334128267999972],[99.85786932600007,13.334273818000156],[99.857873112,13.334281170000054],[99.85792096500018,13.334350931000017],[99.85796874800013,13.33440237900004],[99.85801821600012,13.334448831000145],[99.858072768,13.334490269000185],[99.8581341520001,13.334541670000078],[99.85813968800005,13.334546130000092],[99.85819383100016,13.334589750000134],[99.85828930800017,13.33466600900016],[99.85837456400014,13.334737311000026],[99.85843936500004,13.334792035000135],[99.85847115700005,13.334839195000086],[99.85847183700008,13.33484020600008],[99.85850262800005,13.33489337300017],[99.85851982500014,13.334949922000135],[99.85852557300007,13.33497415700009],[99.85853363200016,13.335008148000156],[99.85853663400019,13.335052642999983],[99.85853901500013,13.335088042000166],[99.85854111700013,13.335201245000064],[99.85854024300005,13.335435995000125],[99.85854401800009,13.33554086800018],[99.85855459800007,13.335649050000029],[99.85856674500013,13.335718933000066],[99.8585822020001,13.335762166000166],[99.85860445400016,13.335805379000135],[99.85862838600013,13.335841925000125],[99.85865397600014,13.335866811000017],[99.85868295100016,13.335886690000166],[99.85871703300012,13.335909883000056],[99.85876644600006,13.335939685000028],[99.85879373400019,13.335964565000154],[99.85880913200003,13.335991150000098],[99.85882286100019,13.336027730000126],[99.85882982000015,13.336072656000113],[99.85886986200006,13.3363389000001],[99.85887684000011,13.336388819999968],[99.8588888660002,13.336423745000104],[99.85890999300011,13.336461634000159],[99.85891110400013,13.336463629000036],[99.85893852200007,13.336523467],[99.85894915100016,13.336547187],[99.85895565500016,13.336561701000164],[99.85897632500007,13.336636553000119],[99.85897686000004,13.33663969500003],[99.85899021500018,13.336718082000061],[99.85900064200007,13.336782976000109],[99.85900763500018,13.336836228000038],[99.85901651700004,13.33694441400013],[99.85902868200009,13.337019296000108],[99.8590476940002,13.337107468000113],[99.85906498200006,13.337188986000115],[99.85909255100012,13.337292116000128],[99.85912005200015,13.337376928000026],[99.859258995,13.33772441700006],[99.8592813190001,13.337787605000187],[99.85936189600011,13.337977129000024],[99.85944922900012,13.338153306000152],[99.85950059900011,13.338256355000055],[99.85954512500007,13.338347774000056],[99.85958960200009,13.338424203999978],[99.85962549900017,13.338479023000161],[99.85965111300015,13.338510567000128],[99.85969205600009,13.338550388000101],[99.85975008500014,13.338613455000086],[99.85980124100013,13.338656570000012],[99.85985409700004,13.338698013000169],[99.85989496300004,13.338716187000102],[99.85989780300014,13.338717518000124],[99.85994435000015,13.338739323000027],[99.85999543800011,13.338762460999988],[99.8600244180002,13.338784009],[99.86005346500019,13.338825528000143],[99.86007236800009,13.338882074000026],[99.86008620400014,13.338948617000142],[99.86008741800009,13.338978933000135],[99.86008807200017,13.338995229999966],[99.86006966600002,13.339078531000041],[99.8599096550002,13.339505281000186],[99.85987259900014,13.339603633000138],[99.85983885700006,13.339677002000087],[99.85968015000014,13.33999220000004],[99.85967395200015,13.340002296000023],[99.85964634300012,13.340047256000162],[99.85961250100013,13.340092321999975],[99.85956844200012,13.340134093000131],[99.85952597500011,13.340157852000061],[99.85951753900008,13.340162571],[99.85942253200017,13.340221161000102],[99.85933771400005,13.340274726000132],[99.85925631800006,13.340334934000168],[99.85920038100016,13.340383405000182],[99.8590902850001,13.340500321000093],[99.85905236100018,13.34054659100019],[99.85899040400011,13.340622193000058],[99.85892776300017,13.340697325000065],[99.85888549800012,13.340765728000122],[99.85885509400009,13.340822435000064],[99.85883996500019,13.340870770000095],[99.85883161499999,13.34091408300003],[99.85883526300012,13.340983993000123],[99.85884395200003,13.341037241000095],[99.85887309600014,13.341105403000029],[99.858900463,13.341151922999984],[99.85893462299998,13.341195096000092],[99.85899604800005,13.341258155000105],[99.85904721400016,13.341302933000065],[99.85910177900018,13.341347698000106],[99.85916484400013,13.341392432000077],[99.85924493700008,13.341443776000062],[99.85930115600007,13.341476881000062],[99.85933169800006,13.341492108000182],[99.859364175,13.341508298000065],[99.85944590600013,13.341542987000025],[99.85944913100013,13.341544466000073],[99.85953957000004,13.341585954000095],[99.85960430500018,13.341622362000123],[99.85966735800014,13.341663772000175],[99.85971174600007,13.341715229000044],[99.85974424800014,13.341770061000148],[99.85978703600011,13.341851494000082],[99.85981270899998,13.341899687000023],[99.8598396210001,13.341965662000064],[99.85984186800005,13.341971175000083],[99.85988311000006,13.342095905000122],[99.85990894400004,13.342189049000183],[99.85993312300019,13.342295516000036],[99.85993568900005,13.342319774999964],[99.859947196,13.342428660000053],[99.85994929500009,13.34254020000003],[99.85994463500009,13.342665078000039],[99.85993650200004,13.342769993000104],[99.85992850600007,13.342831344000103],[99.85992326000019,13.342871592000108],[99.85990486499998,13.342958227000054],[99.85988640800014,13.343028219000189],[99.85986287100008,13.343101549000039],[99.85983588800008,13.34316490700013],[99.85980383700019,13.34323660299998],[99.85978509700004,13.343289798000058],[99.8597785890002,13.343308280000144],[99.8597635710002,13.343388244000039],[99.8597502950002,13.343479858000137],[99.8597472200002,13.343573101000118],[99.85974919200015,13.343649675000052],[99.85976313200007,13.343746193000072],[99.85977870800014,13.343822720999981],[99.85980105600004,13.343892569000104],[99.85983025100006,13.343974051000089],[99.85986798500016,13.344067157000154],[99.85988964700016,13.344116732999964],[99.85991083700014,13.344165237000084],[99.86002733300018,13.344414569000094],[99.86010489100005,13.344597011000133],[99.86011991200013,13.344632354000112],[99.86014054800006,13.34469721400012],[99.8601595510001,13.344782059000124],[99.86016489000008,13.344850301000122],[99.86016563900006,13.34487537900003],[99.86017646500011,13.34523817000013],[99.86018541300012,13.345364673000063],[99.86018758900013,13.345497852000108],[99.86018796000008,13.345602737000036],[99.86019853000005,13.345707588000096],[99.86021425900003,13.345827408000048],[99.8603098210001,13.3464064530001],[99.86032715600004,13.346501294],[99.86036875200011,13.346724245000075],[99.86039647900014,13.346872321999967],[99.86043275700013,13.347033692000025],[99.86045520000016,13.34713017700011],[99.86053092200018,13.347387973000139],[99.86061191300007,13.347692372000154],[99.86084460300015,13.348583945000144],[99.86091973000003,13.348913086000096],[99.86095168100007,13.349053074000153],[99.8609828230002,13.349204473000157],[99.86100182000007,13.349287647999972],[99.86104658000005,13.349443992000147],[99.86112226600011,13.349691804000031],[99.86117222700005,13.349876435000112],[99.86119631700006,13.349956261000159],[99.86127295500006,13.350201512000126],[99.86129090500009,13.350258948999965],[99.86130982000014,13.350318818000062],[99.86132707000019,13.350388685000041],[99.8613702360002,13.35057266900003],[99.86141684000012,13.350771301000123],[99.86144607900013,13.350866095000129],[99.86148045800007,13.350970866000182],[99.86159722400015,13.351295115000084],[99.86164871000011,13.351429794000126],[99.86169675100012,13.351552831000106],[99.86178779500017,13.35181390300005],[99.86185826500014,13.352028430000132],[99.86190816499999,13.352194749000091],[99.86198204599998,13.352412592000121],[99.86201132000014,13.352515717000188],[99.8620474120001,13.352625475000025],[99.86207666700011,13.352723603000186],[99.86209908400008,13.352811762999977],[99.86213533600005,13.352966471000173],[99.86216809000013,13.353092892000063],[99.86220077200016,13.353199331999974],[99.86223686300019,13.353307421000125],[99.86227122800011,13.35340886400013],[99.86231073700009,13.353521939000132],[99.8623587690002,13.353641647000074],[99.86250298200014,13.354032398000186],[99.86259232500015,13.354293476000123],[99.8626421400001,13.354436484000018],[99.86268508100017,13.354559538000103],[99.86272981000008,13.354705895000052],[99.86275908200014,13.354809020000118],[99.86277634000015,13.354880546],[99.8629194180001,13.355431130000113],[99.86307661200016,13.356124843000032],[99.86308867700018,13.356171414000073],[99.86311800300012,13.356289524999966],[99.86313877200013,13.356392673000187],[99.86315931900015,13.356483283000046],[99.86317159200019,13.35653740500004],[99.86317856100015,13.356573951000087],[99.86319411700003,13.356655533000037],[99.8632218300001,13.356798616000106],[99.86324081700013,13.356878465000023],[99.8632684760002,13.357006566000052],[99.86330817200013,13.357171247999986],[99.86333747000003,13.357282694000162],[99.8633581150001,13.357350884000141],[99.86343711300003,13.357570378000162],[99.86347659800003,13.357676794000099],[99.86351944500012,13.35777154800013],[99.86355537700007,13.357836352000163],[99.86363582100012,13.357984249000026],[99.86390280600011,13.358472809000148],[99.86391771600012,13.358498878000091],[99.8639284690002,13.358517675000144],[99.86394562200013,13.35855923500003],[99.86410303000014,13.358960775000185],[99.86411377700006,13.35898819900018],[99.86412583499998,13.359031441000184],[99.86412786400007,13.359043859000167],[99.86413452900018,13.359084686000074],[99.8641357250001,13.359098186000097],[99.86414338500003,13.359184551000055],[99.8641504160002,13.359249455999986],[99.86415738900013,13.35929771299999],[99.86425582600003,13.359725243000014],[99.86430071100011,13.359914886000183],[99.86433687000016,13.36004128999997],[99.86438329700019,13.36018764],[99.8644245390002,13.360309037000036],[99.86445554300013,13.360420478000094],[99.86447969900013,13.360520285000064],[99.86449356000014,13.360591828000054],[99.86451092200014,13.360693324000124],[99.86459291500012,13.361275743000078],[99.86460858100014,13.361378913000067],[99.864619,13.361438815000042],[99.86463448500018,13.361490370000126],[99.86473407100004,13.36176140100008],[99.86506558400004,13.36270091400013],[99.86507927300005,13.362740662000022],[99.86508068500012,13.362744762000034],[99.8651041170001,13.362818559000175],[99.86522279100018,13.363344975000018],[99.86525197700013,13.363474441000108],[99.86535055700011,13.363899997000146],[99.86539186000005,13.364078304000031],[99.86541261800016,13.364178128000162],[99.86543158200016,13.364251313000068],[99.86544879500002,13.364309527000103],[99.8655329070001,13.364532330000145],[99.86567226700004,13.364956533000168],[99.86580279200012,13.365353848000098],[99.86584063300012,13.36547525400016],[99.86586129100004,13.365545108000106],[99.86587510000004,13.365603328000134],[99.86588205600009,13.36564658900005],[99.8658873240002,13.365693190000059],[99.86589090600012,13.365744788000086],[99.86594579000007,13.36624852600005],[99.86597177500016,13.366487042000017],[99.86597540399998,13.366551957000183],[99.86597728000015,13.36660189500003],[99.86598424900012,13.36664848900017],[99.86599463300007,13.366698400000132],[99.86612938000013,13.367292292000059],[99.8661811990001,13.367518537000024],[99.86620376800005,13.36764832],[99.86621763900007,13.367723191000096],[99.86622808200013,13.367791414000123],[99.86630928400012,13.368626894000158],[99.86633981500006,13.368925675000128],[99.866353334,13.369057944000133],[99.86639018200003,13.36937747200011],[99.86640405700001,13.369454005000136],[99.86641784300014,13.369505567000147],[99.86643501500009,13.369552125999974],[99.86646589600008,13.369628603000024],[99.8665069990002,13.369710038999983],[99.8665219090002,13.369746410000062],[99.86652388900018,13.369751243000053],[99.86656017200005,13.369839715000069],[99.86665998000018,13.370172346000118],[99.86671332000014,13.370346976],[99.86675638400015,13.370501661000105],[99.86677014600002,13.370546564],[99.8667925810002,13.370639718000064],[99.8668236530001,13.370769472000177],[99.8668479100001,13.370895918000144],[99.8668652500001,13.370989090000023],[99.86687572500017,13.371065637000072],[99.86687940500013,13.371143876000076],[99.86687968500013,13.371222119000038],[99.86687989900014,13.371282056000098],[99.86687722500011,13.37133612100007],[99.86687355700013,13.371410271000173],[99.86687234700008,13.371476708000046],[99.86687213200014,13.371488523000039],[99.86687231000013,13.37153847000019],[99.86687930300008,13.371591721000073],[99.86689482300017,13.371651602000156],[99.86693962700014,13.371817935000138],[99.86697764900009,13.37198928600003],[99.86703286900018,13.372215515000164],[99.867055376,13.372326984000097],[99.86709516100018,13.37251664300004],[99.86712988600016,13.37271630500004],[99.86714546200017,13.372792837000134],[99.86715244700014,13.372844423000174],[99.86718607500006,13.373213906999979],[99.86719330000005,13.373332086000119],[99.86721277200007,13.373546788000112],[99.8672322930002,13.373733623000021],[99.8672409400001,13.373816394000016],[99.86726018200011,13.373966168000152],[99.86727924900015,13.374067658000058],[99.86729647900017,13.374130864000108],[99.86731885200015,13.374204040000109],[99.86736180400015,13.374328756000125],[99.86740477900008,13.374458469000103],[99.86746657800012,13.374621415000092],[99.86748358900019,13.37466284300018],[99.86753347500007,13.374784341000066],[99.8675815410001,13.374910707000083],[99.8676330610001,13.375052044000142],[99.86766283399999,13.375128688000075],[99.86769312500013,13.375206670000125],[99.86773601800019,13.37531307200004],[99.86779598400017,13.375437729000168],[99.86796827000006,13.375827546000153],[99.86802414000005,13.376002596999967],[99.8680314250002,13.376032129000123],[99.86805358700008,13.376137270000015],[99.86805976700009,13.37617777600019],[99.8680688300002,13.376263125000037],[99.86814762500006,13.376770857000167],[99.86834622600009,13.377839086000165],[99.86846931000014,13.378451031000054],[99.86863019800012,13.379155468000022],[99.86869530000018,13.379350419000048],[99.86882726800008,13.379663927000081],[99.86891842800014,13.379896745000167],[99.86896870400005,13.38007740800009],[99.86905738000013,13.38052351400006],[99.86906014300007,13.38053648400006],[99.86908326800011,13.380645081000068],[99.8691272910001,13.380851802000052],[99.86916022900016,13.380980887000135],[99.86925233000005,13.381292698000095],[99.8693976740002,13.381812711000066],[99.86949145400013,13.38212294400006],[99.86968811500014,13.382739880000088],[99.86973881600017,13.382883947000039],[99.8698924520001,13.383242624000161],[99.87018008299998,13.38385770800005],[99.87033508100006,13.384222457000135],[99.8705965810002,13.384871705000023],[99.87072714700014,13.385177713000132],[99.87110688300015,13.38597223000005],[99.87121881400009,13.386174848999985],[99.87131883600017,13.38633892700011],[99.87150356000018,13.386596643000075],[99.8715629850002,13.386686581000049],[99.87160455100008,13.386744461000092],[99.87169223800015,13.386868720000109],[99.87170553900012,13.386888643000077],[99.87171771900006,13.38690370900008],[99.8717315510001,13.386917150000045],[99.87174034400005,13.386923730999968],[99.8717542130002,13.386934880000126],[99.87177576400012,13.386950456000136],[99.87179730600013,13.386963871000091],[99.8718063230001,13.38697025800019],[99.8718223840001,13.386981634000051],[99.871849382,13.387001739000027],[99.8718580370001,13.387008702000173],[99.87186615100006,13.387015524000049],[99.87187784600007,13.38702660000007],[99.87189376100002,13.387045279000063],[99.87189874800004,13.387051885000119],[99.87190035900005,13.387054294000052],[99.87190847000011,13.387067872000102],[99.87191418400005,13.387078554000084],[99.8719193180001,13.387092300000177],[99.87192534100018,13.387112438000031],[99.8719386780001,13.387172981000163],[99.87194372599998,13.387206533000096],[99.87194424400002,13.387235410000073],[99.87194584100007,13.38725051700004],[99.87195056000002,13.387269109000158],[99.87195743700016,13.387289081000176],[99.87198983899998,13.38736551200003],[99.8720651930002,13.387543259000097],[99.87219133600007,13.387791017000154],[99.87232926100017,13.38800275300008],[99.8724269240002,13.388161147000062],[99.8725750500002,13.388493724000114],[99.87257581900019,13.388495452000086],[99.87265514100017,13.388687405000042],[99.87270134300007,13.388818269000069],[99.8727137240001,13.388853335000135],[99.87279821599998,13.389056337000056],[99.87286375899998,13.389312302000178],[99.87290113799997,13.38943899700007],[99.87295947700011,13.389609603000167],[99.87297757100004,13.38967942700009],[99.87300213700007,13.389813925],[99.87301814200009,13.389943059000018],[99.87304434800012,13.390089673000091],[99.87305090300003,13.39011041800012],[99.87313220400011,13.3902897050001],[99.87339602900016,13.390793146000135],[99.87352470900015,13.391067621],[99.87359272800018,13.391204099000106],[99.8735940200001,13.391206688000068],[99.87366963800014,13.391375870000047],[99.87372592400004,13.391566063000027],[99.87376557100004,13.391700032000188],[99.87382228900009,13.391857144000028],[99.87396149000017,13.392181348000065],[99.87400203700003,13.39226697100014],[99.87404287400011,13.392359806000059],[99.87409469200014,13.39246816200017],[99.87419597799999,13.392656756000122],[99.87432355500016,13.39290747900003],[99.87439946200016,13.393034498000134],[99.8744546480001,13.393111473000033],[99.87460543300006,13.393349897],[99.87468261300006,13.393465072000026],[99.87469798000018,13.393499391000148],[99.8747220960002,13.393564170000047],[99.8747466580001,13.393663538000112],[99.87482670200018,13.394092378999972],[99.87485278399998,13.394273086000112],[99.87487389500006,13.394484819000127],[99.87488866800015,13.394587204000175],[99.8749131260002,13.394717013000161],[99.87505996099998,13.395179790000157],[99.87513719100019,13.395394336000152],[99.87518290700007,13.395495108000148],[99.8753080580002,13.395739351000032],[99.87570074800016,13.396470463000128],[99.87574334900006,13.396542610000154],[99.8760006220001,13.396934616000067],[99.8760700790001,13.397051993000105],[99.8760969610002,13.3971055290001],[99.87613778100018,13.397212872000182],[99.87614369500017,13.397228430000041],[99.87615958600014,13.39730403200008],[99.8763203800001,13.398068955000042],[99.876358036,13.398198237000088],[99.8763834450001,13.398268025000164],[99.87642603400013,13.398363639000081],[99.87650015800006,13.39851089900003],[99.87662778000015,13.398740354000097],[99.87675607699998,13.398920854000096],[99.87681757000001,13.399018855000122],[99.87682381400003,13.39902880600016],[99.87684254500004,13.399064716000112],[99.87685336900006,13.39909391100008],[99.87686267300012,13.399126853000155],[99.87686814500006,13.399157562000141],[99.8768687110001,13.399188770000023],[99.87686578400013,13.399225730000069],[99.87686514200004,13.399233810000055],[99.87685864400004,13.399317769000163],[99.87685624500011,13.399345015999984],[99.87685084800012,13.399406344000113],[99.8768494950001,13.399421724000149],[99.8768471950001,13.399538981000148],[99.87684660600013,13.399580412000148],[99.87684907100004,13.399642880000158],[99.876851752,13.399668205000182],[99.87685202300014,13.399669165000091],[99.876853784,13.399687940000149],[99.87685760500005,13.399710286000015],[99.8768633430002,13.39973391],[99.87687647600012,13.399766838000119],[99.87689265300014,13.399795263000044],[99.87690022200013,13.399805710000123],[99.87691452100017,13.399821818000191],[99.87692977300014,13.399834166000176],[99.87693787500012,13.399838568000177],[99.87694250600009,13.399841083000126],[99.87697627400019,13.399855636000154],[99.87701187400012,13.399868772],[99.87704001300006,13.399883827999986],[99.87706275400006,13.399900385000024],[99.87710574300019,13.399938192000036],[99.87711504900005,13.399948774000052],[99.87715516200007,13.39999907300006],[99.87718421400018,13.400049332000037],[99.87719572200007,13.400073841],[99.87720917900003,13.400108417000013],[99.8772199730002,13.40014789300011],[99.87722060400017,13.40016451300005],[99.87721864999997,13.400194796000164],[99.87721403700004,13.40021534400006],[99.8771972360002,13.400274699000079],[99.8771843830001,13.40030463700009],[99.87717333300009,13.40034081300007],[99.87716865200014,13.400365738000062],[99.87716767200004,13.400419647000035],[99.87717468500017,13.400470486000074],[99.87718397000015,13.400505698000131],[99.87719494100008,13.400535085000172],[99.87721849000019,13.400584953000191],[99.87724553200007,13.400628607000101],[99.87728005200012,13.400674805000165],[99.87733430200018,13.40073251500013],[99.87743182100013,13.40080853000012],[99.87743471100003,13.400811691000115],[99.87747429000018,13.400854965000178],[99.87751246700009,13.400904005000143],[99.87758568800018,13.401037812000084],[99.87763221700004,13.401162482000132],[99.87769280300006,13.401373831000114],[99.87770056100015,13.401400903000024],[99.87774999900017,13.401524324000036],[99.87781730700004,13.401643150000098],[99.87790704300005,13.401780019000114],[99.87797439800016,13.401868124000032],[99.8779767530001,13.401871016000086],[99.87797841300005,13.401873373000058],[99.87798670700005,13.401885155000116],[99.87800397700005,13.401911336000069],[99.87801573900015,13.401929163000034],[99.87802601300012,13.401952076000043],[99.87803717400004,13.401982408000094],[99.87803737600007,13.40198324700009],[99.87803983300017,13.402001618999975],[99.87803996800011,13.402038676000132],[99.87803177400014,13.402071258000149],[99.87801855000009,13.40210081500004],[99.87801165500014,13.402113385000177],[99.8780002630001,13.402130237000165],[99.8779897300002,13.402143994000141],[99.87796014300017,13.402169522000122],[99.87792603900016,13.402191954000045],[99.87790312000016,13.40220703],[99.87785285900014,13.402233849000027],[99.87784406200007,13.402240790000178],[99.87783364500018,13.402249011000038],[99.87781829100015,13.402268236000111],[99.87781160500015,13.402279913000086],[99.87780741600005,13.402297880999981],[99.87780557000008,13.402328610000154],[99.87781388500014,13.402369887000077],[99.87782901800006,13.402415131999987],[99.87784548700006,13.402452380000057],[99.87787423300017,13.402497580999977],[99.87790432400004,13.4025387800001],[99.877937105,13.402571975000114],[99.87798897700003,13.402614429000096],[99.87799742400011,13.402621727000167],[99.87806270000004,13.402678128000105],[99.87809328100013,13.402703056],[99.87810501800016,13.402712623000014],[99.87811712700017,13.402726845000132],[99.87813299300007,13.402745478000156],[99.87814471200005,13.402763312000047],[99.8781679560002,13.402804338000067],[99.87820363600014,13.402885487000106],[99.87822371800019,13.402947167000093],[99.87822388600006,13.402947762000053],[99.87824084100009,13.403036523000026],[99.878250439,13.403109593000181],[99.87827617900018,13.403262035000182],[99.8782826420001,13.403322536000132],[99.87828721700004,13.403429163000169],[99.87827886500008,13.4035161810001],[99.87823650600018,13.403721298999983],[99.87823263400003,13.403760227000191],[99.87823294200007,13.403813543000183],[99.8782367870001,13.403840341999967],[99.87824252100006,13.403868409999973],[99.8782504630002,13.403892125000084],[99.87832545200007,13.404076273000044],[99.87833152400009,13.404088413000181],[99.8783761640002,13.404177643000082],[99.87840725600012,13.404239789000087],[99.8784675280001,13.404346165],[99.87849899100013,13.40439135700018],[99.87851489200011,13.40440938900008],[99.8785468170002,13.404434292000076],[99.87855224100014,13.404437803000121],[99.87857678800009,13.404451040000083],[99.87860677500004,13.404464265000172],[99.8786381170001,13.404474808999964],[99.87869098600015,13.404484684000181],[99.87878101500002,13.404508264000185],[99.87879476900014,13.404512904000057],[99.87882381200012,13.404524973000036],[99.87883706700006,13.404534116000036],[99.878849345,13.40455002400006],[99.87886715700006,13.40458327000016],[99.87888365900017,13.404629844000112],[99.87888625800014,13.404639708000047],[99.87888684000018,13.40464089600016],[99.87891868000014,13.40474118600008],[99.87894353600007,13.404849826000031],[99.87895401400004,13.404930954000179],[99.8789643130001,13.405010707000088],[99.87897734800003,13.405075141000111],[99.8790182670001,13.405225809000115],[99.87905223700011,13.405321739000101],[99.8790587630001,13.405336987000112],[99.87931925800007,13.405852262],[99.87934420400018,13.405889035000143],[99.87948550100009,13.406097312000043],[99.87955552699998,13.406206494000173],[99.87962081600017,13.406318575000114],[99.8798158150002,13.406683276000024],[99.87983973700005,13.40673425700004],[99.87988141500011,13.406831326000031],[99.87992063700017,13.406947236000178],[99.87996136499999,13.407095365000089],[99.87998869100011,13.407221109000034],[99.87999926300012,13.407276185000114],[99.88000489100006,13.407312035000075],[99.8800118060002,13.407356080000113],[99.88002222000017,13.407414006000067],[99.8800347630002,13.407493901],[99.88004049100016,13.407529822000072],[99.8800526780002,13.407580511000106],[99.88005552400006,13.407589758000086],[99.88006776800017,13.407626027000106],[99.88008130700018,13.407653937000134],[99.88009741400015,13.40768045800013],[99.88017040600016,13.407789708999985],[99.88036140400015,13.408096481000143],[99.88052173099999,13.408365424000124],[99.88060076300013,13.408520151000062],[99.88070592000008,13.408741495000072],[99.8808309040001,13.409084565],[99.88091357400003,13.409285901000146],[99.88124043800008,13.410024380000038],[99.8813409010001,13.410239157000149],[99.8814244260002,13.410408918000087],[99.88143603700019,13.410437963999982],[99.88143679000012,13.410439851000092],[99.8814471410002,13.410479788000089],[99.88145343200011,13.410524732000056],[99.88145457400003,13.410557701000073],[99.88145368400012,13.410593677000179],[99.88145073500016,13.4106256660001],[99.8814457310001,13.4106526650001],[99.88143969100008,13.410675670000103],[99.88142713000002,13.410710724000182],[99.88141491800008,13.410739701000182],[99.88140832900018,13.410752721],[99.88139007100011,13.410784759000023],[99.88138021900016,13.410800775999974],[99.88135895900018,13.410835335000115],[99.88130455800001,13.410919216000025],[99.8812767460002,13.410964851000188],[99.88125873400014,13.410999953000044],[99.88125685400018,13.411005370000055],[99.88125209800012,13.411019072000101],[99.88124812500007,13.411049062000131],[99.88124821600019,13.411074046000067],[99.88125138300018,13.411103011000023],[99.88125969900011,13.411142955000173],[99.88127618400017,13.41118586600004],[99.88128441800012,13.411203832000126],[99.8812891450001,13.41121365400005],[99.88130289500015,13.411232739000127],[99.8814955950001,13.411411339000153],[99.88158968300007,13.411498541000071],[99.88161018099999,13.411521453000034],[99.88162367600012,13.41154146100007],[99.88163209600015,13.411558817000127],[99.88163708500008,13.411576259000128],[99.88163796600008,13.411582544],[99.88163804900017,13.41160529400014],[99.88163545100014,13.411632571000155],[99.88163319000006,13.411643275000188],[99.88162413100008,13.411676493000073],[99.88162200400018,13.41168429600009],[99.88160796500017,13.411744414000111],[99.88160150500016,13.411781240000096],[99.88159693200004,13.41180729100006],[99.8815940200002,13.411848270000178],[99.88159516700017,13.411883242000044],[99.8816014040001,13.411914195],[99.88161275800013,13.411948129000166],[99.88162559900002,13.411973057000068],[99.88163125000005,13.411981218000165],[99.8816445830002,13.411997983000049],[99.88166239300006,13.412012933000028],[99.8816724940001,13.412019680000128],[99.88169778800005,13.412032773000078],[99.8817499390002,13.412057571000162],[99.88176125200016,13.412062098000092],[99.8817969640001,13.412076396000032],[99.8818300750001,13.412090148000118],[99.8818451960002,13.412097347000099],[99.88187424500018,13.41211441300004],[99.88188747700019,13.41212447700019],[99.88191154300006,13.41214494500008],[99.88192988600008,13.412168191999967],[99.8819369590002,13.412178498000117],[99.8819515780001,13.412207755000168],[99.88197012200004,13.412253657000065],[99.88198735500015,13.412297683000133],[99.88200634700007,13.412336383000138],[99.88211198300013,13.412605340000084],[99.88227249300007,13.413042309000105],[99.88231561200018,13.413151038000137],[99.88244796500004,13.413503034000144],[99.88255194200019,13.413780033000023],[99.88259025399998,13.413869186000056],[99.88268896400018,13.41409889300013],[99.88271191700005,13.414146177000134],[99.8827225280001,13.414165870999966],[99.88274717600018,13.414206758000091],[99.88277077800018,13.414240652000046],[99.88279433500009,13.414263553000069],[99.88282605700005,13.414283424000018],[99.88287105100005,13.414305252000077],[99.88290453100018,13.414321040000118],[99.88293646300014,13.414336096000113],[99.88297066500013,13.414357645000052],[99.88299774800015,13.414378608999982],[99.88303170100005,13.414411612000151],[99.8830509760001,13.414435383000068],[99.88305836000018,13.414444495000112],[99.88308401000018,13.414480379000054],[99.88310457400013,13.414520274999973],[99.88311898800004,13.414553204000129],[99.88313343599998,13.414597116000039],[99.88315346300016,13.414677720000157],[99.88327148800005,13.415068363000046],[99.88358388800015,13.416027181000175],[99.88368261600016,13.416274197000178],[99.88383064300007,13.416590523000025],[99.88397740000005,13.416974994000157],[99.88400085100011,13.417025915000181],[99.88410775200015,13.417225130000077],[99.8842176080002,13.417360390000056],[99.88442117000017,13.417623555000091],[99.88446314100014,13.417688497000142],[99.88460535200011,13.417941105000068],[99.88479411800012,13.418363483],[99.88482690700005,13.418449340000109],[99.88486704000007,13.418593183000041],[99.88490003200013,13.418758543000024],[99.88492243700017,13.418966953000051],[99.88494033500001,13.41931111100007],[99.88494881600013,13.419348092000064],[99.88496444800018,13.419384838000042],[99.8849917660001,13.419428930000151],[99.88516095100016,13.41956502500011],[99.88528545800006,13.41965847400013],[99.88543709600003,13.419772285000079],[99.8854692110001,13.41981891800009],[99.8854964140001,13.419869844000061],[99.88549902500006,13.419875946],[99.88551843300007,13.419921347000127],[99.88553149799998,13.41997532300013],[99.88553462400006,13.420042951000084],[99.88553254200008,13.420166982000126],[99.88551163300002,13.420469051000168],[99.88551509200005,13.420550901000183],[99.88552839300019,13.420623824000074],[99.88554623200014,13.420683135000104],[99.88556773700009,13.42073022599999],[99.88559130300007,13.420767980000107],[99.88570725000017,13.420893859000103],[99.88572618000012,13.420914408000158],[99.8858024340002,13.420983406000175],[99.88589690300012,13.421094530000119],[99.88596196900016,13.421183928000062],[99.88612984400015,13.421475639000107],[99.88641946500019,13.422081499000171],[99.88648877900005,13.42222649900009],[99.8865503500001,13.422371256000076],[99.88669225000012,13.422678724000093],[99.88673447300016,13.42278989100015],[99.88688513300019,13.423146921000011],[99.88695416600012,13.423310515000082],[99.8869998990001,13.423411727000087],[99.88717192600018,13.423746088000144],[99.88753353499999,13.424361414999964],[99.88775905900019,13.424797955000031],[99.88789890600015,13.42505372900007],[99.88802721600007,13.42527816800009],[99.88805755400011,13.425315968000177],[99.88806976000006,13.425337232000174],[99.88808705500014,13.425378423000097],[99.88809636900004,13.425423646000013],[99.88809712400018,13.425473421000163],[99.88808980800013,13.42553574200008],[99.88809111000006,13.425589847000026],[99.88809658400015,13.425630739000042],[99.88812518300011,13.425708747000101],[99.88815179900018,13.425762204000137],[99.88821236400014,13.425883840999973],[99.88825518400012,13.425949179999975],[99.88829591300004,13.425998097000047],[99.88840472800007,13.426092232000087],[99.88847152900019,13.426140107000037],[99.88854163100012,13.426194384000041],[99.8885766900001,13.426235416000054],[99.88860613400004,13.426283241000021],[99.88881389700009,13.426728529000059],[99.88889534400016,13.426876004000121],[99.8889106310001,13.42689875000002],[99.88896779800012,13.426983804000145],[99.88902742600004,13.427057214000172],[99.88908543900016,13.427128635000145],[99.889100971,13.427159221000181],[99.88911263200004,13.427203995000184],[99.88912105200018,13.42726418400008],[99.88911056800004,13.427508604000025],[99.88912659900018,13.427697173000126],[99.88913542800015,13.427746871000124],[99.88914847000012,13.427793859000133],[99.88920637400014,13.427884837000022],[99.88924387300011,13.427926955000089],[99.8896221660001,13.428284849000079],[99.88967645000014,13.428336167000055],[99.88970711600018,13.428374014000042],[99.88973794500015,13.42842083000005],[99.88979263300007,13.428518053000175],[99.88985382900012,13.428642542000091],[99.89002202700004,13.428944344000172],[99.89010697800006,13.429086251000115],[99.89028752800004,13.42940447900014],[99.89036569000012,13.429583416000128],[99.89040017200011,13.42969298000014],[99.89040773600004,13.42974045800014],[99.89041063200011,13.429818928000088],[99.89040119500015,13.42987897800009],[99.89038081100006,13.429936017000102],[99.89037029100007,13.429953157000057],[99.8903521960001,13.429970502000174],[99.89033475700012,13.429981255000087],[99.89031294500012,13.429989885000111],[99.89026460100018,13.43000014100005],[99.89016867300006,13.43001784400019],[99.89011812600006,13.430032501000085],[99.89007244800018,13.430045747000122],[99.89003638400004,13.430064125],[99.89002525500013,13.430075659000067],[99.89002383700017,13.430077500000152],[99.89000971400014,13.430097867000143],[99.88999664900007,13.430138088000035],[99.88999430500002,13.430200151000065],[99.89000534100006,13.430244912000148],[99.89002882100004,13.430295440000066],[99.89003288500004,13.43030192700013],[99.8900681450001,13.430358230000081],[99.89012037700019,13.430417079000108],[99.89022920600019,13.430576373000122],[99.89030554100003,13.43070974900013],[99.89035706200013,13.430857131999971],[99.89046719200019,13.431271424000158],[99.8904954410001,13.431363631000067],[99.89050789700008,13.431404293000071],[99.89054766700019,13.431470516000104],[99.89057806100004,13.43150774000003],[99.89059511400012,13.431528627000034],[99.89063806200011,13.43155069],[99.8907022460001,13.431583665000176],[99.89077108200007,13.431603124000105],[99.89086963100016,13.431614783000043],[99.89091474100019,13.431624366000051],[99.89096718800016,13.431642805000081],[99.89101870700006,13.43167610800009],[99.89111091800015,13.431799586000182],[99.89119813300016,13.431966676000116],[99.89124068400002,13.432058498000117],[99.89132903000007,13.43227274800006],[99.89136852900003,13.432392864000064],[99.89138533200014,13.432524845000046],[99.89136928700015,13.432798424000055],[99.89136461700008,13.432832731000133],[99.89131550100012,13.433193624000069],[99.89128352700016,13.433500486000014],[99.89127190700003,13.433553909000125],[99.891230715,13.433686597000076],[99.89116660600013,13.433850307000114],[99.89114918400014,13.433917486000098],[99.89113654900007,13.43400506200004],[99.89112146000014,13.434175226000093],[99.89112435300012,13.434282176000067],[99.89115495700014,13.434527863000028],[99.89117205400004,13.43459888500007],[99.8912403330001,13.434823785],[99.89129351000014,13.434961500000156],[99.89131184900015,13.43500251100005],[99.89138137800012,13.435135825000089],[99.89144499500014,13.435257799000055],[99.8915168530001,13.435363704],[99.89165068100016,13.435527140000033],[99.89172624500014,13.435607294000079],[99.89180831200014,13.435666014000162],[99.89185977300019,13.435724844000049],[99.89187741100005,13.43575993200011],[99.89189469100006,13.435819135000145],[99.89189899000019,13.435923649000074],[99.891886436,13.436052276000169],[99.89185153600016,13.436260373000039],[99.8918433990001,13.436366843000144],[99.89183863000017,13.436489017000156],[99.89183010900007,13.436707216000173],[99.89183124300013,13.436816750000162],[99.89183224200013,13.436913365000066],[99.89184072500007,13.437177754000174],[99.89183068900013,13.437302761000126],[99.89181261500005,13.43740725300006],[99.89180742200006,13.437426715000072],[99.89173469100018,13.437612278000074],[99.89166271800013,13.437746644000185],[99.8915739270002,13.437859998000135],[99.89154680700005,13.437885154000071],[99.89151352600004,13.437903838000068],[99.89146450900017,13.437918464000177],[99.8914289080002,13.437924544000168],[99.89129742900002,13.437922129000071],[99.89124813300003,13.437929337000128],[99.8911811170002,13.437962817000027],[99.89114355300012,13.438006253000083],[99.89113092800005,13.438031687000034],[99.89112324600012,13.43806215100011],[99.89111967100007,13.438113054000098],[99.89114946800015,13.438259617000085],[99.89118216500009,13.438520440000104],[99.89114362100008,13.438668524000093],[99.89111312400013,13.438764009000067],[99.89111040000012,13.438772532000144],[99.89107490800018,13.438976658000172],[99.89105856200007,13.43922337500004],[99.89105918600012,13.439392317],[99.89106587400016,13.439432307000118],[99.89108742700006,13.4395611650001],[99.89112675500013,13.439929324000104],[99.89116545200005,13.440125164000165],[99.89126018200005,13.440416499000037],[99.891266046,13.440434528000026],[99.8913132040002,13.440579560000117],[99.8914343140001,13.440952046000177],[99.89147303900018,13.441154642000072],[99.89152619100014,13.441526134000071],[99.8915336190002,13.441668023000034],[99.89152356300008,13.441749150000078],[99.89149633300013,13.44185399100013],[99.89144012400004,13.442009826000117],[99.89139382000013,13.4421381840001],[99.89133884199998,13.442205959000091],[99.89128373300014,13.442239942000185],[99.89111829600006,13.442311484000072],[99.89074203000018,13.442433894000033],[99.89065627500008,13.442461791000142],[99.89059423700013,13.442489040000169],[99.89056327900005,13.44251956000005],[99.89054964900015,13.442566913000121],[99.89053955200012,13.44263790500014],[99.89053310100002,13.442759567999985],[99.890533974,13.442799851000018],[99.89054973700019,13.443526521000138],[99.89065559500006,13.444331738000074],[99.89065984800015,13.444364099000154],[99.89069476700007,13.44447210100003],[99.89072609900018,13.444542946000126],[99.89090314800018,13.44481263300014],[99.89096368900016,13.44488909100005],[99.89097251700014,13.444900237000127],[99.8911423780001,13.445092236999983],[99.89122213900004,13.445189939999977],[99.89126740200015,13.445294525000065],[99.89130596100006,13.445453197],[99.89132397100008,13.44565587],[99.89132435800002,13.445760614000164],[99.89132190300012,13.445777676000148],[99.89128060600018,13.446064871000033],[99.89122235400015,13.44618333800014],[99.89118118100004,13.446251061000112],[99.89111930800016,13.446322237000174],[99.89102291200015,13.446393534000094],[99.89098328300014,13.446415726000168],[99.8906646310001,13.446594162],[99.8906272480001,13.446625994000158],[99.89058892300005,13.446658629000126],[99.89055805400005,13.44671280100016],[99.89054455500008,13.446797318000108],[99.89054481700009,13.446868275000043],[99.89055902700005,13.446976349000124],[99.89058817800009,13.44705534500008],[99.89061133000018,13.44711807900012],[99.890626274,13.447141421000083],[99.89069119000004,13.447242816000028],[99.89073285200016,13.447306868],[99.89074080900019,13.447339715000169],[99.89074931500016,13.447374818000128],[99.89075739100014,13.447408149000125],[99.89077184500007,13.447518094000088],[99.8907873490001,13.447636012999965],[99.89078935999999,13.447651313000165],[99.89077580100002,13.447718942000165],[99.89075868900005,13.447759549000068],[99.89073122399998,13.447800192000159],[99.8907198820001,13.447815849000108],[99.8907192160001,13.447816771000191],[99.89066252800018,13.44789504500011],[99.89038460100016,13.448250328000086],[99.89038422300013,13.448250814000119],[99.89037192700005,13.448283844],[99.89036029400006,13.448315098000137],[99.89035282000015,13.448362522000139],[99.89035017200007,13.448379332000115],[99.89035034700004,13.448426636000136],[99.89035741300006,13.448470540000187],[99.89035974500007,13.448474611000108],[99.89038392100014,13.448516845000029],[99.89039215700012,13.448531237000168],[99.89049398100019,13.44868198600011],[99.89080768000008,13.449066267000035],[99.89091936900019,13.449203085000136],[99.89168225500009,13.448569012000178],[99.8920488670002,13.448264608000045],[99.8924027830002,13.448017081000046],[99.89274391900017,13.447801177000144],[99.89321408100017,13.447584813],[99.8937423930002,13.447393494000096],[99.89419983900018,13.44722768600002],[99.89473469800015,13.447061608000126],[99.89506339200017,13.44697203000004],[99.8954501520002,13.446882253000126],[99.89590153600005,13.446823812],[99.89641755800011,13.44679671900019],[99.89717882400004,13.446794007000108],[99.89820474200019,13.446828235000112],[99.89885023100004,13.446920647000127],[99.89939933500017,13.447114444000078],[99.89996159600008,13.44737765200017],[99.90084702100006,13.447797561000186],[99.9009541160001,13.447862945999987],[99.90127521800002,13.448058993000132],[99.90184814300011,13.448563095000111],[99.90243520100017,13.449174217000063],[99.90306359200002,13.449748213000134],[99.903446631,13.450069177000046],[99.9035150040001,13.450126471000146],[99.90430692600006,13.450808151000047],[99.90497034100014,13.45150478800008],[99.90516907000017,13.451713465000182],[99.905677175,13.452207136000084],[99.9059048680001,13.452424703000077],[99.90646681200008,13.452929683000093],[99.90660148900014,13.453082322000057],[99.90676219400018,13.453356430000156],[99.90695733000018,13.45377722600017],[99.90716678400008,13.454145875],[99.90757562500005,13.454779023000185],[99.90789160200018,13.455166228000166],[99.90810536200013,13.455392785000129],[99.90828003900009,13.455520024000123],[99.908488584,13.45564714600016],[99.9087308770001,13.455740988000116],[99.90900200600004,13.45578263300007],[99.90923906700004,13.455772305000096],[99.90950023700015,13.455738207000138],[99.9098290180001,13.455670713000075],[99.910244686,13.45554607500003],[99.9109887530002,13.455254492000165],[99.91144285700011,13.455058670000142],[99.91183878700019,13.454834645000176],[99.91220076200005,13.454587065000112],[99.91252400000013,13.454334886000083],[99.91285661500001,13.45400216000013],[99.91312647100017,13.453707552000083],[99.91352134100015,13.453204106000157],[99.91397362100008,13.452529958000184],[99.91443074600016,13.451855791000071],[99.9149600820001,13.451086639000039],[99.91527736300014,13.450540853000177],[99.9156035470001,13.449791384000036],[99.91571282300009,13.449260560000027],[99.91580782800008,13.448796092000123],[99.91602277500016,13.448061236000058],[99.91621441300003,13.447558526000023],[99.9164541620001,13.446984602000157],[99.91670324400008,13.446320661000016],[99.9169474160002,13.445637795000039],[99.91719676900016,13.445044890000077],[99.91728889500013,13.444887417000132],[99.91751885300016,13.444494345000066],[99.9177832640001,13.444043464000174],[99.9180046940001,13.443744292000133],[99.9182453750002,13.443416634000187],[99.91851008300011,13.443046264000088],[99.91884256400016,13.442685118000043],[99.91908840800005,13.442442688000085],[99.91926687100016,13.44229522300003],[99.91946488500002,13.442199783000149],[99.91971619200012,13.442123089000177],[99.92001121200002,13.442088856999987],[99.92027721600004,13.44205947100005],[99.92062555000007,13.442048722000152],[99.92096904200008,13.442037996000181],[99.92132694100007,13.441998799000032],[99.92189208600007,13.441958580000176],[99.92287222500005,13.441837117000148],[99.92364624300018,13.441800601000125],[99.92433443800019,13.441814913000087],[99.92526380200013,13.441912534000096],[99.9268607520001,13.442134962000182],[99.92733070000008,13.44221056200007],[99.92823681100003,13.442410604000088],[99.92891362200015,13.442606330000103],[99.9292985890001,13.44269902700006],[99.9294646460001,13.44273900700017],[99.92987698400009,13.44276546900005],[99.93041936500015,13.442718642000159],[99.93113291100019,13.442614973000047],[99.93158146200011,13.442504758000041],[99.932120687,13.442372265000188],[99.93402286100019,13.441535619999968],[99.93451407800006,13.44116245600003],[99.9348769560001,13.440914555],[99.93524945100006,13.44073967300011],[99.93570590200011,13.440564478999988],[99.93659117100009,13.44030550400015],[99.93741117500008,13.440055902000097],[99.93828711100008,13.439796955000077],[99.93899551900006,13.439639080000063],[99.93959218400016,13.439536406000116],[99.93997460700007,13.439516714000092],[99.94042254300018,13.439551570000106],[99.94095479700019,13.439677422000045],[99.94195439100008,13.440029816000106],[99.94271133000012,13.440355718000035],[99.94330910500008,13.440536112000075],[99.9440558610001,13.44064289],[99.94514761000005,13.440702715999976],[99.94566728100017,13.440781822000133],[99.94504964000015,13.442412967],[99.94446517900019,13.444033964000084],[99.9436077700002,13.447180151000111],[99.94449752100019,13.447312976000148],[99.94486663300017,13.447357756000144],[99.9450472010002,13.44738892600003],[99.94521001900017,13.447420164000164],[99.94540841000014,13.44747153700007],[99.9456245790002,13.447528629000146],[99.94580524400016,13.44758585599999],[99.94594159000002,13.447654835000094],[99.94616092600006,13.447766928000078],[99.94626769900009,13.447838910000144],[99.94637150699998,13.44790800700008],[99.94649915800017,13.448023341000066],[99.9466120080001,13.448135833000094],[99.94672202300006,13.448280185000158],[99.94683809100007,13.448459262000142],[99.94698977100018,13.44866715300003],[99.94714153100011,13.448895313000094],[99.9472217180001,13.4489760780001],[99.94735531000015,13.44909718100007],[99.9474827800002,13.449166188],[99.94757758500015,13.4492034700001],[99.94765143100005,13.449217197000053],[99.947720107,13.44922670900013],[99.94779749200012,13.449230083999964],[99.94789481400016,13.449226051000096],[99.94810063300008,13.449202070000126],[99.94837382500009,13.449174166000148],[99.94859217200013,13.449162348000073],[99.94883053000018,13.449161450000133],[99.94915126300015,13.449165126000082],[99.94939490700006,13.449150977000102],[99.94964545800008,13.44911311500016],[99.94985157200006,13.44905804900003],[99.95016621700012,13.448959143000025],[99.95046531300017,13.44885378500004],[99.95084849700004,13.448693817000105],[99.95105888800015,13.44859964900013],[99.95114744900008,13.448553711000045],[99.95120053400012,13.448512254000093],[99.95123585700014,13.44846869100013],[99.95127554600015,13.448405567000066],[99.95133075600006,13.448342383000181],[99.95134637100006,13.448325727],[99.95136378200016,13.448311418000173],[99.95138235899998,13.448298807000128],[99.95140387499998,13.448291321],[99.95143245300005,13.4482869040001],[99.95143413200009,13.4482866460001],[99.95146264800013,13.448284259000161],[99.95147777900007,13.448281924000014],[99.95149580800006,13.448276725000028],[99.95150740900004,13.448265853000066],[99.95156558100007,13.448214279000013],[99.95160488000005,13.448179434999986],[99.95164607400005,13.448142810999968],[99.95166348800007,13.448130775000038],[99.9516972040002,13.448116404000189],[99.951786175,13.448088713000118],[99.95180308700014,13.44808471100015],[99.95189145500018,13.448063811],[99.95191297900004,13.44805973900003],[99.951926936,13.448054559000127],[99.95195247700008,13.448035657],[99.95209244000006,13.447946800000011],[99.95211217000008,13.447930197000176],[99.95213192200009,13.447905322000167],[99.95213939900009,13.447895904000063],[99.95218168000014,13.447839897000165],[99.95220717600012,13.447809028000165],[99.95224316300016,13.44778153700014],[99.95229827700012,13.447731182000098],[99.95235688900016,13.447682521000104],[99.95242304700014,13.447628705000056],[99.95248753200002,13.447592557000121],[99.95259734100017,13.447535725000023],[99.95264906100016,13.447509889],[99.95275602300012,13.4474690240001],[99.95295309400018,13.447392486000183],[99.9530408810001,13.447360239999966],[99.9530885280002,13.447336694000171],[99.95314372000018,13.447306282000113],[99.9532215660002,13.447262680999984],[99.95329239,13.447211124000091],[99.95339049200015,13.447137808000036],[99.95354605500012,13.447018118000074],[99.95374457600013,13.446867493000184],[99.95383802800006,13.446795908000183],[99.95387228300012,13.44677241],[99.95391760500013,13.446748877000118],[99.95403206800012,13.446690316000172],[99.95418198800007,13.446616808000101],[99.95424354300013,13.446576683999979],[99.95433757500007,13.446503952],[99.95440199799998,13.446452991000172],[99.95445186000006,13.446400375000053],[99.95452952400007,13.446311183000148],[99.95459848100018,13.446228858000154],[99.95463376700008,13.446171171000117],[99.95468978600019,13.446055846000036],[99.95475911700015,13.445921093000038],[99.95483486500018,13.44578860100006],[99.95487375300002,13.445759391000138],[99.95493299200007,13.445722124000156],[99.95506363600003,13.445633298000075],[99.95518437700014,13.445542802999967],[99.95530454000004,13.445452879000186],[99.95535384600004,13.445407102000047],[99.9553770070001,13.445373963000065],[99.95540299900011,13.445322579000049],[99.95540752100015,13.445287797],[99.95540437300008,13.445228543000098],[99.95539980700005,13.445104329000117],[99.95540382200011,13.445089500000051],[99.95542349000016,13.445057514000041],[99.95544608900013,13.445029504000047],[99.95547395400007,13.445010023000123],[99.95559764800015,13.444929205],[99.95567369700012,13.44487477700011],[99.95571896900015,13.444838706000098],[99.9557386840001,13.444818116000135],[99.95575542900013,13.444783858000164],[99.9557974720002,13.444667446000096],[99.95580371400018,13.444626964000122],[99.95581266,13.444534042999976],[99.95582217800006,13.444438269000045],[99.95582736200015,13.44442343500009],[99.95583836300011,13.444408575000125],[99.95587084700014,13.444378249000067],[99.95592943500014,13.444323888000099],[99.95597008900017,13.444298662000165],[99.95610376000013,13.444239458000027],[99.95619499300011,13.44419580300007],[99.956208919,13.444183212000041],[99.95622742800003,13.44415236900005],[99.9562556360001,13.444072480000102],[99.95629542500006,13.443976022000129],[99.95630923400006,13.443933801000071],[99.95633843500008,13.443810029000133],[99.95634062000016,13.443774122000093],[99.9563395790002,13.443657873000177],[99.95633796500005,13.443623988000127],[99.956339893,13.443613872000185],[99.95635625800003,13.443581529000085],[99.95638641500017,13.443562581000094],[99.95643586800009,13.44355701500018],[99.95660082100011,13.443567145000088],[99.9566970570001,13.443574849000015],[99.95673280000011,13.443580744000087],[99.956776816,13.44358800100008],[99.95683461300013,13.443606612999986],[99.95690067100008,13.443630575000043],[99.95699712800013,13.44369477700019],[99.95705774400017,13.443732211999986],[99.95716794300017,13.443796358000156],[99.9573249730002,13.443887236000023],[99.95756301600005,13.444038724000166],[99.95779810700009,13.44416843100015],[99.95798565200005,13.444264499000099],[99.95827242500008,13.44445005600005],[99.95851955200015,13.444575847000067],[99.95855551100004,13.444594154000072],[99.95875020000005,13.444710931000088],[99.959090059,13.444923937000112],[99.95948995000015,13.445136718000015],[99.96007036300011,13.445455960000174],[99.96051286900013,13.445727329000135],[99.96093398900018,13.445950394000022],[99.96120999800019,13.446091057000046],[99.96159221,13.446296986000107],[99.96199915800014,13.446506278000015],[99.96244867000019,13.446763795000095],[99.96290873600003,13.447010905000127],[99.96342907500019,13.44731653800011],[99.96398814600019,13.447594374000175],[99.96457925200008,13.447934301000146],[99.96517151000006,13.448283152000158],[99.96616506900011,13.448868378000043],[99.96613766200005,13.44888403800013],[99.96609900600004,13.448906129000079],[99.96607713200018,13.44891863200013],[99.96605560200004,13.44895050800011],[99.96605251400013,13.44896183200018],[99.96602145400004,13.449075711000091],[99.96598105000004,13.449262410000188],[99.96597202300012,13.44928148300005],[99.96593380400009,13.449362221000172],[99.96584570400006,13.44953638600009],[99.96571471500016,13.449816703000124],[99.96562256200008,13.450060835000045],[99.96559905300018,13.450139357000182],[99.96559278500018,13.450196616000028],[99.96560161800011,13.450238979000062],[99.96560435800018,13.450253398000086],[99.96561061400013,13.450286340000162],[99.96561489700008,13.450308882000058],[99.96565010400002,13.450396983000132],[99.96567833700016,13.450467626000034],[99.96568011900013,13.450499071000081],[99.96568823200016,13.450642175000041],[99.96568999000016,13.450673201000086],[99.96566331600008,13.450883557000111],[99.9656539130001,13.450983671000017],[99.96563307800005,13.45120550100006],[99.96560278300012,13.451514217000067],[99.96559443000007,13.451601878000133],[99.9655725230001,13.451831754000125],[99.96553748300005,13.452078769000025],[99.96620466400009,13.452217283000152],[99.96713763400004,13.452363592999973],[99.96781366700009,13.452462391000154],[99.96850788000006,13.452600794000148],[99.9693147660002,13.45275639900018],[99.96995491400008,13.452890598000181],[99.97011061400013,13.452912756000046],[99.9707391030002,13.453002193000088],[99.97107652100004,13.453065658000071],[99.97122142600006,13.453092914000024],[99.97133420700004,13.45313656400009],[99.97137499400014,13.453198127000121],[99.97138400500006,13.453236024000148],[99.97141165000016,13.453352287000087],[99.9714625100001,13.453678326000158],[99.97149145700007,13.45373607700003],[99.97154241300007,13.45380531799998],[99.97159664800017,13.453851398999973],[99.971667696,13.453877574000103],[99.97201596600007,13.45395558399997],[99.97297959400004,13.454163473000051],[99.97292359400018,13.454517478000128],[99.97285419900004,13.454901292999978],[99.97276095000007,13.455232301000024],[99.9726712740001,13.455612890000168],[99.97256859100003,13.456119171000012],[99.97248296400016,13.456393769000044],[99.97248187900016,13.45639724800003],[99.97256695599998,13.456414434000067],[99.97312426900004,13.456527024000138],[99.97367877300007,13.456643908000046],[99.97437875400016,13.456813131000104],[99.9751531510002,13.45700521200007],[99.9759987450002,13.45725983300008],[99.9769422810001,13.45750746200008],[99.97732078900015,13.457611487000065],[99.97771338000018,13.457719383000097],[99.97829840100019,13.457862590000161],[99.97852423300003,13.457942293000087],[99.97854555700002,13.457955740000045],[99.97854560800016,13.457955771000115],[99.9785536220001,13.457962774000066],[99.97856524100007,13.457978189000187],[99.97856931100006,13.457991921000087],[99.97855132400008,13.458092701000055],[99.97854410600019,13.458127001000094],[99.97853498000012,13.458170383000095],[99.97852999000008,13.458194103000096],[99.9785217700001,13.458233599000039],[99.97851633500011,13.458259719000068],[99.97849058400004,13.458344964000105],[99.97846481700009,13.458414646000165],[99.97840854600014,13.45858935300015],[99.97838419200008,13.458664963],[99.97834700100015,13.458825396000066],[99.9782996260002,13.459049082999968],[99.97827990000019,13.45915168100015],[99.97827087600012,13.45919862200003],[99.97826692800015,13.45921552599998],[99.97824265600013,13.459319428000072],[99.97823887800018,13.459333176000143],[99.97821243800013,13.459429382999986],[99.97820278000017,13.459455969999965],[99.9781717850002,13.45954129100005],[99.97815151700013,13.459582714000021],[99.97814266800003,13.459600794999972],[99.97811090300013,13.459651363999967],[99.97807093000011,13.459703331000128],[99.97807001100011,13.459704528000145],[99.97803163200007,13.459753224000053],[99.97801094500005,13.459779469000011],[99.97794153600006,13.45987936],[99.97792452300018,13.459909755000126],[99.97790290300014,13.459948381000117],[99.97789425000008,13.459963839000181],[99.97785932300013,13.460039326000128],[99.97783994200017,13.460086658000137],[99.97782579699998,13.460138438000172],[99.97781751200012,13.46018700400009],[99.97781640300013,13.460235541000088],[99.97781983600015,13.460277673],[99.97782986800007,13.460338301000093],[99.97783008200008,13.46033968300003],[99.97782981900014,13.460352256000078],[99.97782824300003,13.460366688000022],[99.97782011800012,13.460382749000189],[99.97780486200014,13.46040439800015],[99.97763435400003,13.46055362200002],[99.97735529000005,13.46076161000019],[99.977146522,13.460927817000027],[99.97689999000005,13.461113325000099],[99.97671526700015,13.461255171000062],[99.97629705500015,13.461581837000097],[99.97603298500019,13.461787206000167],[99.97587390600006,13.461912570000038],[99.97583916800005,13.461939942000186],[99.9757340020002,13.46202483899998],[99.97568178600017,13.462066992000189],[99.97567372399999,13.46207321300011],[99.97547299500019,13.462228086000039],[99.97526681400012,13.46238917200003],[99.9750320300002,13.462575911000101],[99.97494916900018,13.462643527000012],[99.97493590400006,13.462658601000044],[99.97492777900004,13.46267466200004],[99.97492868199998,13.462693279000064],[99.97510182600013,13.46304220400009],[99.97532698500004,13.463421659000119],[99.97572599400007,13.464180762000126],[99.97602184200002,13.464814689999969],[99.97641673300012,13.46572249500008],[99.97642439700002,13.465737935999982],[99.976460787,13.46581124700009],[99.97658540900005,13.466062321000095],[99.97659836200012,13.466087356000116],[99.97677636100019,13.466431343000067],[99.97689154600005,13.466693308000174],[99.97693043800007,13.4667779400001],[99.97699103000014,13.466909792000138],[99.97705705600009,13.467072186999985],[99.97715677400015,13.467346141000121],[99.97722396300014,13.46752154000012],[99.97734710900016,13.467834440000104],[99.97740755400014,13.467986016],[99.97746926900015,13.468140980000044],[99.9775114730001,13.468246965000048],[99.97752396800018,13.46827833500015],[99.97753937600004,13.468326600000125],[99.97758793100002,13.468478692000133],[99.97766093300004,13.468720216],[99.9777037410002,13.468873412000107],[99.97770815100006,13.468889193000052],[99.97773968100017,13.469013767000035],[99.97778951400011,13.46928032400018],[99.97779445900005,13.469311682000125],[99.97784865,13.469655278000118],[99.97790175900008,13.469909893000136],[99.97796546600011,13.470319527000072],[99.97800596600007,13.470580191000181],[99.97800905300005,13.470596014000137],[99.97808836000013,13.471002432000034],[99.9781640720002,13.471436343000107],[99.97822394100007,13.471764782000037],[99.97825226000003,13.471909404000087],[99.97827099000017,13.471969636000097],[99.97830503000012,13.472005692999971],[99.97834826100006,13.472029648000102],[99.9784099270002,13.47204146700011],[99.97870573600005,13.472049359000039],[99.97886284300017,13.472042716000146],[99.97901993400012,13.472033061000104],[99.9792170790002,13.472023244000127],[99.97937734600004,13.472037699000168],[99.97950066100003,13.472055308000108],[99.97962088100019,13.472069919000148],[99.97979343800017,13.472075276000169],[99.97999976300008,13.472050344000024],[99.98034473700005,13.47202487800007],[99.98074209100008,13.472002224000164],[99.9810932480001,13.471982762000152],[99.98136730800019,13.471945501000164],[99.98182004400019,13.471904536000068],[99.98220504700015,13.471872878999989],[99.98248540800017,13.471871783000097],[99.9828089950002,13.471891622000044],[99.98298774200015,13.47190298400011],[99.98309247900005,13.4718995610001],[99.98320024300006,13.471881050000093],[99.98347115799999,13.471828727000116],[99.9837021150002,13.471800689000077],[99.98403167800018,13.47177526900009],[99.98438596900013,13.471767852000141],[99.98470947900006,13.471769601000176],[99.98481018600012,13.471768809000082],[99.98493798600003,13.471766185000092],[99.98502462900018,13.47176372400014],[99.98507448000015,13.471769893000044],[99.98511135500007,13.47178034600006],[99.985142757,13.47179630900007],[99.98515963100016,13.471824567000112],[99.98516563800007,13.471867958000075],[99.98516334400006,13.472001900000123],[99.98518002400016,13.472345634000135],[99.985245637,13.473028827000064],[99.98533012700005,13.47381139700019],[99.98535440500012,13.474326604000112],[99.98536049800003,13.474464008000098],[99.9853582450001,13.474504323000133],[99.98535022200002,13.474529799000095],[99.98533894399998,13.474552104999987],[99.98532115600011,13.474574433999976],[99.98530537200008,13.474589361000085],[99.98511758500007,13.474694573000079],[99.98458936300005,13.47494520500004],[99.98454291200005,13.474975012000073],[99.98452672700006,13.474990978000164],[99.98451707600003,13.47501487],[99.98451232100007,13.47504351200007],[99.9845165660002,13.4750821720001],[99.9845597470001,13.47517047800011],[99.98470317300007,13.475455588000045],[99.98488025800009,13.475802319000081],[99.98488196400001,13.475805655000158],[99.98509797600013,13.476220667000064],[99.9852953850002,13.476606820000086],[99.98549142200017,13.476989099000036],[99.9855802460001,13.477172576000044],[99.98563995200004,13.477287522000097],[99.98572501000012,13.477503055000113],[99.98579741200012,13.477672873000131],[99.9858682750002,13.477848033000043],[99.98594146900001,13.478020137000044],[99.9860311600001,13.478224212000157],[99.98608390100009,13.47835138500011],[99.98614755400013,13.478477761000079],[99.98622062900006,13.478622402000099],[99.98632047100011,13.478830252000023],[99.98640851100015,13.479012207000096],[99.98649414600004,13.479177395000079],[99.98661597700004,13.479426343000057],[99.98669532700006,13.479580117000182],[99.986839938,13.479870935000065],[99.98691145400011,13.480014817999972],[99.98698615500012,13.480175472000155],[99.98707891200007,13.480365802999984],[99.987172478,13.480563759],[99.98732072100012,13.480876350000074],[99.98751986400015,13.48129362900005],[99.98767237700008,13.481611872000144],[99.98781942300013,13.481925556000022],[99.98784457300013,13.48197732900013],[99.98785474300007,13.481986444000086],[99.98787192700007,13.481994765000138],[99.98789764800017,13.481994664000013],[99.98803093100008,13.481994906000068],[99.98827649300011,13.48200461500005],[99.98848383500007,13.482008372999985],[99.98865454300017,13.482011517000103],[99.98871456200004,13.482012047000126],[99.98876131500009,13.482008810000139],[99.98880103800013,13.482003312000018],[99.98886801900005,13.481989317000057],[99.98894664200009,13.481966123000063],[99.98911707400015,13.481902143000127],[99.98934198699999,13.48181964000014],[99.98952565600018,13.4817517890001],[99.9896906350001,13.481688594000104],[99.98984238200012,13.481630024000083],[99.9900415620001,13.481544569],[99.99012558400011,13.481505338000034],[99.99016757100009,13.481480761000057],[99.99021729900016,13.481443188000071],[99.99031986200004,13.48136498100007],[99.99041139700006,13.481311531000074],[99.990460601,13.481282806000081],[99.99060056100006,13.481202166000173],[99.99068613500003,13.48116140000019],[99.99073202500011,13.481138332000057],[99.9907654930002,13.481126759000063],[99.99080909000014,13.48111438300009],[99.99085194100007,13.481110403000116],[99.99093299900005,13.48111008300009],[99.99102655000002,13.481115053000167],[99.99106315800003,13.481108040000038],[99.9911176350002,13.48108875600002],[99.99121879300003,13.481047932000024],[99.99131295600012,13.48101170600006],[99.9913503100002,13.48099859700011],[99.99138536100014,13.480992352000044],[99.99147341600008,13.48098818900013],[99.99157940900005,13.48098548400003],[99.99160744800014,13.480980032000105],[99.99163308800013,13.480960865000043],[99.99169288900003,13.48090876000009],[99.99171933600019,13.480894924000154],[99.99174501200014,13.480884908000064],[99.99178161700007,13.480877895000106],[99.99181592300005,13.48088081300017],[99.9919860230001,13.480925143000093],[99.99202579300004,13.480929563000075],[99.99206554300014,13.480929405999973],[99.99210370800017,13.48092391900019],[99.99214030100006,13.480913854000107],[99.99218151200006,13.480890045000024],[99.9922607700002,13.48083099900009],[99.99241308500012,13.48072132100009],[99.99249780200012,13.480663013000083],[99.99255301400007,13.480632282000101],[99.99261681900009,13.480606096000088],[99.99266041000004,13.4805921950001],[99.99269546900018,13.48058824200018],[99.99274223200007,13.48058805700009],[99.99279526700008,13.480596236000167],[99.99284836000015,13.480618151000101],[99.99289918400007,13.480657612000073],[99.99296418900002,13.48073287200009],[99.99305761500011,13.480843176000121],[99.9930756600001,13.480866722000144],[99.99308182800007,13.480884585000126],[99.9930818970002,13.480901282000161],[99.99307709300012,13.480919189000133],[99.99305897600016,13.48095861500019],[99.99304328400012,13.480994453000164],[99.99303239000011,13.48103572000008],[99.99302332800005,13.481069534000028],[99.99300294100004,13.481166236000035],[99.99297755900011,13.48131177300013],[99.99294108300006,13.481538714000123],[99.99292302800012,13.481695412000136],[99.99291920400015,13.481776791000016],[99.99292482300018,13.481878473000108],[99.99293664900006,13.48197504500007],[99.99295148600015,13.482044147000124],[99.99297045100019,13.482107127000177],[99.99298570000013,13.482140471000093],[99.99299876500004,13.482169053000177],[99.99303749300009,13.482236027],[99.99307200300007,13.482286745000124],[99.99311583100018,13.482330303000026],[99.99314248400015,13.482355178000034],[99.99317007600013,13.482380939000109],[99.99323471400015,13.482430517000125],[99.99332020600008,13.482496288000164],[99.99340664800013,13.48254273200007],[99.9935638010001,13.482597029000033],[99.99379066100005,13.482671391000167],[99.99402897400012,13.48274977799997],[99.99419757100014,13.482807083000182],[99.99443169100016,13.48287734700017],[99.99463667500004,13.482939589000125],[99.99488952400009,13.48301487000009],[99.99507994400005,13.483072087000096],[99.99526931000008,13.483127269000022],[99.99548161600006,13.48319965700017],[99.99566481100004,13.483268091000127],[99.9960756120002,13.483401480000055],[99.99638824800013,13.483513376000076],[99.9965911910001,13.483581730000083],[99.9967930790001,13.483648050000056],[99.99705737100015,13.483726332000117],[99.99728210600017,13.483788497000035],[99.997439176,13.483822456000098],[99.99770236800015,13.483886499000164],[99.99789491600006,13.483955908000098],[99.99812604700008,13.484056693000014],[99.99849148900012,13.484216949000142],[99.998674741,13.48430063700016],[99.99890136700014,13.484409218000167],[99.99892538700016,13.48441219300014],[99.99895667000015,13.484404405000191],[99.99897616900012,13.484387092000077],[99.99902083500007,13.484302634000016],[99.999178158,13.484010877000117],[99.9993725130002,13.483684494000045],[99.99943657100016,13.483557828000073],[99.99945203300001,13.483509878000177],[99.99945581000009,13.483477309000023],[99.99944981200014,13.483446680999975],[99.99943404500016,13.483419933999983],[99.99936924500014,13.48336847400003],[99.99920433800008,13.483246545000156],[99.99899619500013,13.483082654000157],[99.99881551900012,13.48293397800012],[99.99858374200005,13.482733789000179],[99.99838535100008,13.48256028100019],[99.99807099000009,13.482268481000062],[99.99778607000013,13.481993804000126],[99.99755221800012,13.481764890000022],[99.99717276500007,13.481350768000027],[99.9968443350001,13.480967084000099],[99.99676171800013,13.480865901000186],[99.99672039300015,13.480812435000189],[99.9967104870002,13.480783743000131],[99.9967103840001,13.480758839000032],[99.99671813300012,13.480739658000118],[99.99674153200004,13.480718499000034],[99.99694847000012,13.480593183000167]]]}}]}