{"type":"FeatureCollection","features":[{"type":"Feature","properties":{"districtCode":"TH7401","provinceCode":"TH-74","nameTh":"อำเภอเมืองสมุทรสาคร","shapeName":"Mueang Samut Sakhon","shapeISO":"TH7401","shapeID":"TH7401","shapeGroup":"THA","shapeType":"ADM2","labelPoint":[100.27705496,13.53302626]},"geometry":{"type":"Polygon","coordinates":[[[100.35544907600007,13.636540633000038],[100.35551534100017,13.636527912000133],[100.35559750800013,13.636533643000178],[100.3563036700001,13.636639505000062],[100.35692382900015,13.636758573000122],[100.35729634300009,13.636838075000128],[100.35757566300009,13.636884475000045],[100.3579340070001,13.63694375600005],[100.35803628800011,13.636976479000054],[100.35817005000013,13.637039649000087],[100.35828343200012,13.637098804000118],[100.35845540100007,13.637188524000067],[100.35869708800004,13.637319],[100.35878823900003,13.636833913000146],[100.35882397800009,13.636418357000025],[100.35886793500009,13.635773774000086],[100.35893278100014,13.634973316000128],[100.3589866850001,13.634401899000181],[100.35900995100008,13.63394780300007],[100.35902005600013,13.633572325000102],[100.35903643800009,13.633132051000075],[100.3590496130002,13.632838165000123],[100.35905888300005,13.632780153999988],[100.36012275300016,13.632991963000052],[100.36094438700013,13.633109712000078],[100.36248825300015,13.633349163000105],[100.36305663900009,13.633437559000129],[100.36460094900013,13.633785671000169],[100.3646174490001,13.633791055000074],[100.36492421500009,13.633891186000085],[100.36558812700008,13.63319604700007],[100.3660058710002,13.633624022000049],[100.36626829500005,13.63284279000004],[100.36680756800018,13.631468834000032],[100.36704348200016,13.63073897900017],[100.36720966700017,13.630171153000049],[100.36728163700008,13.630157452999981],[100.3675758930001,13.630101462000084],[100.36784923300013,13.63007023400013],[100.3686109890001,13.630119450000109],[100.36872213200013,13.629360576000067],[100.3687690000001,13.629207459999975],[100.368833097,13.629028771000037],[100.36891013600007,13.628837272000112],[100.36907274400005,13.628424501000154],[100.36919680600016,13.628105363000032],[100.36931226800016,13.62779901000016],[100.36941508700005,13.627560659000096],[100.36952258900004,13.627381731000185],[100.36965584700005,13.62715171300016],[100.36994020200007,13.626772243],[100.37051812200008,13.626106660000119],[100.37098786500013,13.625645654000152],[100.37107069100006,13.625564368000028],[100.37126962400009,13.625309622000088],[100.37129048300011,13.625282907999974],[100.37147200400011,13.625057607000088],[100.3715717290001,13.62490756900013],[100.37151644100015,13.624845031000063],[100.37150352100014,13.62482847300015],[100.37141771600005,13.624759936999965],[100.3712083210001,13.624587002000169],[100.37121376100015,13.624569246000078],[100.37129623700008,13.624299877000112],[100.37143215300011,13.623875399000156],[100.3717959350002,13.622730904000036],[100.37183234600008,13.622692524000058],[100.37381409800014,13.621486597000057],[100.3750154810001,13.620630459000097],[100.37529508500018,13.620431199000109],[100.37648208400009,13.619703151000067],[100.37714273800003,13.609317446000091],[100.37718263100004,13.607839425000066],[100.37721618700016,13.606965277000086],[100.37725090600009,13.606687009000154],[100.37725598600014,13.606646266000041],[100.37724642300014,13.606572039000014],[100.37724565800016,13.606566111000063],[100.377231999,13.60654544100015],[100.37716563300006,13.606462383],[100.37714927800005,13.606421722000107],[100.37715602900016,13.606384228000024],[100.3771578570001,13.606374056999982],[100.37719602300007,13.606212707000168],[100.37737932400006,13.605570059000058],[100.3776753100002,13.60453920100008],[100.37815885100014,13.602967018000072],[100.37823642700016,13.602660148000098],[100.37824646700011,13.602627976000122],[100.37833727600008,13.602337135000084],[100.37838771400016,13.60220515900005],[100.37840989100016,13.602133846000072],[100.37842123300004,13.602097386000082],[100.3784396690001,13.602006389999985],[100.37844496800011,13.601939585000082],[100.37844456100015,13.601869104],[100.37843463300004,13.601791251000066],[100.37841438200007,13.601708723000172],[100.37841326300008,13.601704183000152],[100.3783699600001,13.601619965000111],[100.37833192400018,13.601532080000027],[100.37832084000013,13.601489722000053],[100.37831649000015,13.601458741999977],[100.37831717,13.601432643000066],[100.37832371200005,13.601408947000039],[100.3783523690002,13.601359228000092],[100.37835621500017,13.60135490700003],[100.3784006640002,13.601304924000033],[100.37842305900017,13.60128358600008],[100.37844220900013,13.601266221000117],[100.37844259600007,13.601265875000138],[100.37844297300006,13.60126552800017],[100.37845953400006,13.60124667700012],[100.37847355999997,13.601218862000053],[100.3784792310002,13.601191101000154],[100.37848407400014,13.601162525000063],[100.37848640400017,13.601133141000162],[100.37848198000017,13.601089122000133],[100.3784606370001,13.6010035810001],[100.37845464100013,13.600976698000068],[100.37845450900011,13.600953860000118],[100.37845671700012,13.60090327200004],[100.37845971700017,13.600844522000159],[100.37846107900009,13.600791493000145],[100.37845483000007,13.600720559000138],[100.37845295700015,13.60068549500005],[100.37845615500004,13.600662631000091],[100.37846922500006,13.600614436000114],[100.37849218600013,13.60054741900018],[100.37850278400009,13.60050575400004],[100.37850837800005,13.600463304000073],[100.37850734900002,13.600429047000148],[100.37850712700003,13.600390708000077],[100.37849845800008,13.600333655999975],[100.37847284100019,13.600230201000045],[100.37846592700015,13.600187819999974],[100.37846742600004,13.600158441000133],[100.37847137900008,13.60012090000015],[100.37847768000017,13.60005723200004],[100.37850197500012,13.599932295000087],[100.37851168200012,13.599880032000101],[100.37851138900004,13.599829457999988],[100.37850573400016,13.599717734000023],[100.37850496200008,13.599692032000178],[100.3785005680001,13.59954564200018],[100.37847584399998,13.599307587999988],[100.37847564600014,13.599273327999981],[100.37847794700008,13.59923905400018],[100.37851282700012,13.599069997000129],[100.37851759500018,13.599028373000067],[100.37851901900012,13.598985946000028],[100.37849876600012,13.59880170200006],[100.37850112900003,13.598778038000034],[100.37850846800006,13.598748626000088],[100.37852076900009,13.598712663000072],[100.37853892700014,13.598679935],[100.37857871200015,13.598636483000178],[100.37860423000012,13.598607465000043],[100.3786176440002,13.598592215000053],[100.3786424860001,13.598561894000113],[100.37866316900016,13.598533230000044],[100.37867307800013,13.598516049000125],[100.37867961600017,13.598493174000112],[100.37868929400008,13.59843601199998],[100.3786962740001,13.598344612000062],[100.3786968870001,13.598307089000059],[100.37869662300005,13.598261405000017],[100.37869369300017,13.598187186000189],[100.3786915180001,13.59809829000011],[100.37869454200018,13.598045253000066],[100.3786993390001,13.59801014300001],[100.37871323400009,13.597961124000165],[100.37874042000004,13.597902240000053],[100.37875684900007,13.59786055100011],[100.37877075300014,13.597813155999972],[100.37878799200007,13.597764929000164],[100.3788036050002,13.597725691000107],[100.37882337600018,13.597683162000067],[100.37887635800013,13.59761516600014],[100.37891023300017,13.597561137000184],[100.37893912200013,13.597509588000094],[100.37894892700018,13.597474452000029],[100.37895044600003,13.597448347000068],[100.37894779600015,13.597422257000062],[100.37893256500007,13.59738400100008],[100.37889961000008,13.597309948000088],[100.37888609100008,13.597279028],[100.37888429500015,13.59725701200017],[100.37888837400004,13.597241496000095],[100.3789040100001,13.597206327000151],[100.37898140400011,13.597033777000092],[100.37899223900018,13.597004841000171],[100.37899701200013,13.596992092999983],[100.37899929400015,13.59695455200017],[100.37899994500009,13.596923553000181],[100.37899474700004,13.596889320000116],[100.37897951200011,13.596850252000081],[100.37896257500006,13.596805481],[100.37895741000006,13.596778585000095],[100.37895806100005,13.596745952000163],[100.37897037500016,13.596712443000115],[100.37901074900014,13.596627382000122],[100.37902800300014,13.596583235000082],[100.37903875900014,13.59654388100006],[100.37904193800011,13.596517759],[100.3790329040001,13.596492799000089],[100.3789655560002,13.596383316000185],[100.37894752700004,13.596343177000108],[100.3789428890002,13.596310574000029],[100.37894159700011,13.596279038000034],[100.37894474000007,13.596245307],[100.3789578840001,13.59621151000016],[100.37903409500012,13.596122993000051],[100.37907056300008,13.596083630000066],[100.3790881750001,13.596053085000108],[100.37909137600013,13.596029134000162],[100.37908453699998,13.595999810000023],[100.379065309,13.595944449000172],[100.37905621200008,13.595908604000158],[100.37905031200012,13.59584990400009],[100.37903992600013,13.595784704000039],[100.37902630200006,13.59573692300006],[100.37899592600007,13.595675092000022],[100.37898237800016,13.595640366000168],[100.37897550700006,13.595605595000052],[100.37896727400016,13.595527327000127],[100.378956964,13.595475184000179],[100.37894785100008,13.59543824400015],[100.37892865200018,13.595386150000081],[100.3788367320002,13.595258316000184],[100.37877965100017,13.595193375],[100.37872931000004,13.59514035799998],[100.37871240900012,13.595103471000073],[100.37871003800018,13.595077380000134],[100.37871323200011,13.595052351999982],[100.37872200200013,13.595031637000147],[100.37874191800017,13.595014118000051],[100.3787784810001,13.594991076999975],[100.37881943400004,13.594959308000114],[100.37885479800008,13.594921045000035],[100.37887200400007,13.594891994000022],[100.37887935200018,13.594865849000087],[100.37888004500013,13.594840553000154],[100.3788799130001,13.594817715000033],[100.37887059700006,13.594794107000041],[100.37885467000007,13.594778702000099],[100.3787474720001,13.594700982000063],[100.37871144100006,13.594670998000083],[100.37870469300003,13.594658800000104],[100.37870710700003,13.594642472000032],[100.37872452600016,13.594626882000114],[100.37875440900007,13.594602236000071],[100.37878926000019,13.594571869000106],[100.3788132860002,13.594545632000177],[100.37882651200005,13.594524343999979],[100.37883137400013,13.59450066700009],[100.37882537100006,13.594472142000143],[100.37881356500014,13.594448548000116],[100.37879344400017,13.594430721000151],[100.37877420500007,13.594420224000089],[100.37871245000002,13.594413221000138],[100.37858147100013,13.59440415500012],[100.37855059300006,13.594400248000056],[100.37853555500004,13.594395439999971],[100.37852046700004,13.594381655000177],[100.37851196400015,13.594353152000053],[100.37851093100016,13.594319708000114],[100.37851819400015,13.594277249000072],[100.37853388600018,13.594250245000126],[100.3785620910001,13.594225618000166],[100.37860524800004,13.594189484000026],[100.37862927800006,13.594162435000158],[100.37864910200011,13.594130508000092],[100.37866144100019,13.594099444],[100.37867454299999,13.594058586000187],[100.37869094200005,13.594010365000031],[100.37871645900009,13.593953124000166],[100.37873289700002,13.59391142600009],[100.37874516000011,13.593868948000136],[100.37875656900007,13.593822388000035],[100.37876529800013,13.593744846000163],[100.37876918000012,13.593696694000073],[100.3787739770001,13.593659961000185],[100.37878379200009,13.593626457000028],[100.37880441300013,13.593587190000108],[100.37882920800013,13.593548713000189],[100.37887632600012,13.593476662000171],[100.37890023000011,13.59342922000019],[100.3789282080001,13.593363808000106],[100.37894553200016,13.593331896000109],[100.37896211499998,13.593313857000112],[100.37898207100005,13.593304777000071],[100.37900458300015,13.59330384000009],[100.37903131200011,13.59331102800013],[100.37912987400011,13.593339032000188],[100.37919004200012,13.593360726000185],[100.37922259600015,13.593365436000056],[100.37924344300018,13.593365321000135],[100.37926344100009,13.593361952000123],[100.3792767180002,13.59335127700001],[100.37929163200016,13.593333246000043],[100.37935357400016,13.59322929700005],[100.37938001900011,13.593187553000178],[100.37940819200003,13.59315721400003],[100.37943641900017,13.593135031000088],[100.379486283,13.593105393000087],[100.37951869000011,13.593084821],[100.37954610700018,13.593067534000056],[100.37957434000015,13.593046172000072],[100.37959172500007,13.593024871000182],[100.37960493100007,13.593000318],[100.37962712700016,13.59294472800002],[100.37966228400012,13.592823801000065],[100.37967545200013,13.59279273300018],[100.3796919880001,13.592769803000067],[100.37971359900018,13.592756626000096],[100.3797444170001,13.592749932000117],[100.37978191300016,13.592744833000097],[100.37982941400008,13.592738859000178],[100.3798727300001,13.592730460999974],[100.37990437800005,13.592723762000048],[100.37993181900015,13.592710554],[100.37995259500008,13.592698203000168],[100.37996667800007,13.592681811000034],[100.37997654100008,13.592656471999987],[100.3799805490001,13.592628713000124],[100.37998035100003,13.592594452000185],[100.3799776150002,13.592553681000084],[100.37996470600007,13.592484417000037],[100.37995938500012,13.592430604000128],[100.37996172900012,13.592403674000025],[100.37996744100008,13.592381617000058],[100.3799790010001,13.592361160000053],[100.38000721000003,13.592335720000108],[100.3801334380002,13.592244471000129],[100.3803609950001,13.59208251400014],[100.38054625900014,13.59196075500006],[100.38059495400017,13.591927547000182],[100.38060492400012,13.591920765000168],[100.38061485900016,13.591909701000134],[100.3806197720001,13.591893148000054],[100.38062511300012,13.591842957000097],[100.38062870200014,13.5918141840001],[100.38063297600013,13.59179641600008],[100.38063852400006,13.591783540000051],[100.38065093900013,13.591767564000179],[100.38067214900008,13.59175826500001],[100.380704648,13.591753803000188],[100.3807496710001,13.591751718000125],[100.38080283500005,13.591751423000176],[100.3808534870002,13.591750533000095],[100.38088850900004,13.591749721000042],[100.3809210230001,13.591747714000121],[100.38094415100005,13.591745750000143],[100.38096974600012,13.591736426000068],[100.38098841500016,13.591721642000095],[100.38100019000012,13.591702605000023],[100.3810063200001,13.591681163000032],[100.3810080660001,13.591658518000031],[100.38100918700007,13.591635258000053],[100.38100207000014,13.59159553600017],[100.38098233400007,13.591535076000127],[100.38096386500007,13.591478282000026],[100.38095931500004,13.591448327000137],[100.38096355000016,13.591423832000146],[100.38097528300011,13.59139746000011],[100.38098705200014,13.591377205000128],[100.38100258300005,13.591359983000132],[100.38103066399998,13.591348210000092],[100.381061913,13.591344364000122],[100.38110007100016,13.591345989],[100.38117273400002,13.591365167],[100.38121217000008,13.591371057000117],[100.38123531500014,13.59137032000018],[100.38124960400017,13.59136920800006],[100.3812509030002,13.591369111000176],[100.38125219300014,13.591369008000072],[100.3812671870001,13.5913664790001],[100.38128026500016,13.591357226000127],[100.38129954100015,13.591336928999965],[100.38132566500019,13.591312922000043],[100.38136054800015,13.59128825700003],[100.38139919300005,13.591264798000111],[100.38144912200016,13.591246777000151],[100.38149283700017,13.59123551800019],[100.38151966300006,13.59122375100003],[100.38154274100003,13.591211388000147],[100.38156827000006,13.591192275000083],[100.38158816900005,13.59117197500018],[100.38160925099999,13.591140659000075],[100.38162221900018,13.591112443000043],[100.38163143200018,13.59108424800013],[100.38163870600005,13.591043829000057],[100.38164668500008,13.591017477000037],[100.38165777800003,13.590988053000046],[100.38167454600017,13.590967770000077],[100.38169512200011,13.590956639000126],[100.3817275560001,13.590942387000041],[100.38175059100013,13.590932142000156],[100.38180553800015,13.59090769300019],[100.38185169200005,13.59088602900016],[100.38188786800004,13.590868084000022],[100.3818993070002,13.590864216000057],[100.38192095200014,13.590856892000147],[100.38194907100007,13.59085183600007],[100.38198282700017,13.590849204000051],[100.38201783100004,13.590845346000094],[100.38205093000005,13.590838427000108],[100.38207277800007,13.590830350999966],[100.38208897300007,13.590818635000062],[100.3821007620001,13.590802052000015],[100.38211313600004,13.590778739000143],[100.38212109300008,13.590748715000132],[100.38212708500004,13.590703411000163],[100.38213252300011,13.59067156499998],[100.38213425200018,13.590664634000063],[100.3821404700002,13.590639705],[100.38214912600017,13.590621303000091],[100.38215779900008,13.590607182999975],[100.38217272500009,13.590593028000171],[100.38221197100012,13.590565894000065],[100.38225686100014,13.59054117300002],[100.38229111800018,13.590515895000067],[100.38231287500014,13.590493756000114],[100.3823383510001,13.590465471000186],[100.38235944100006,13.590434147000053],[100.38238485300008,13.590394853000191],[100.38241646400007,13.590344508000044],[100.3824412570001,13.590305827000122],[100.3824636060001,13.590276950000089],[100.38247850200008,13.590257295000185],[100.38249155100016,13.590243151999971],[100.38251151100008,13.590233251000143],[100.3825283700001,13.590228867000121],[100.38254899200007,13.590225698000154],[100.38256461200007,13.590223775000084],[100.38259215100015,13.590226068000163],[100.38266229400017,13.590243423000118],[100.38270423400007,13.590249917000108],[100.38274740200012,13.590250296000022],[100.38279115199998,13.590245153000069],[100.38282925000016,13.590236378000156],[100.38287358200006,13.590222678000089],[100.38291851400004,13.590206521000084],[100.38295030400019,13.59018860000009],[100.38297773700009,13.590172540000026],[100.38300890800008,13.590155231999972],[100.3830319400002,13.590136759000131],[100.38305245200013,13.590114619000076],[100.38307973000008,13.590073470000164],[100.38309646800002,13.590046585000152],[100.383102656,13.59003663600015],[100.38312610399998,13.589980836000109],[100.38313329200008,13.589958214000035],[100.3831420750002,13.589930578000065],[100.38315749000014,13.589893175000043],[100.38317231700017,13.589861895000126],[100.38319155400012,13.589834862000146],[100.38322263300012,13.58980165600002],[100.3832538040001,13.589784347000148],[100.38330804600014,13.589755293000053],[100.38336104600006,13.589726855000151],[100.38341490800008,13.589697458000103],[100.38341572700006,13.589697012999977],[100.38341653600008,13.589696567000146],[100.38345144400012,13.58967619300006],[100.3834844490001,13.58965152900015],[100.3835286480001,13.589616412000169],[100.38360027900006,13.589565236],[100.38362957400011,13.5895467200001],[100.38364726800012,13.589535172000012],[100.38365511700016,13.58953006000013],[100.38368883000004,13.589520083000082],[100.383710082,13.589518129000112],[100.38373135799998,13.58952045600006],[100.38375580100018,13.589528892000033],[100.38379658800005,13.589551302000132],[100.38383296100017,13.589568843000052],[100.3838636550002,13.589576619000184],[100.3838924430001,13.589579522000122],[100.38392496,13.589578115000108],[100.38398421600016,13.589568507000024],[100.38404710200018,13.589562314000148],[100.3841158950001,13.589555540000106],[100.3841637920001,13.589556016000131],[100.38427518300011,13.589557110000044],[100.38431685800015,13.589553611000042],[100.38433766600008,13.58954533900004],[100.38435260800009,13.589533832000086],[100.38436168200008,13.589517468000167],[100.3843648190001,13.589362933000075],[100.38436410100002,13.58923918500011],[100.3843496070001,13.589127114000178],[100.38433306600007,13.58900152900003],[100.38433250500009,13.588904848000084],[100.38432983300004,13.588784987000054],[100.38433334700017,13.588709548999987],[100.38434865400006,13.588622454000188],[100.38438168900007,13.588523661000067],[100.38441484700013,13.58844613400015],[100.38443813700013,13.588372529000026],[100.38444179800018,13.588322233000099],[100.38443353399998,13.588260404000039],[100.38440550500007,13.58819868300003],[100.38434777700013,13.588129394000077],[100.38426434500013,13.588058315000126],[100.3842027350002,13.588002581000126],[100.38417888700019,13.587969176000115],[100.38416981800003,13.587939864000191],[100.38416742800018,13.587910506000071],[100.38416815700015,13.58789478],[100.38416940100007,13.58786807600012],[100.38417245000005,13.587818031000154],[100.38417882900018,13.587767967000104],[100.38418837500006,13.587725504000048],[100.38419400500015,13.587700445],[100.384208216,13.587657947000025],[100.38423246400009,13.587621917999968],[100.38426672000008,13.58758584200001],[100.38432098600009,13.58754856000013],[100.38444166200014,13.58745761299997],[100.3844848710001,13.587432355000033],[100.38451591600005,13.587416954000105],[100.38454814200009,13.587413517000073],[100.38457483400015,13.587414455000157],[100.38459936800007,13.587426281000035],[100.38465625300006,13.587457508000057],[100.3847933630002,13.587517651000155],[100.3848847050001,13.58754760000005],[100.38494035600019,13.587555995000116],[100.38499594600017,13.58755568600003],[100.38503306800004,13.587548409000021],[100.38503592600011,13.587547854000093],[100.38506473000018,13.587530285000128],[100.38506744800003,13.587527357000056],[100.38508904500014,13.587504055000124],[100.3851044480001,13.58747568400014],[100.38510868800012,13.587439765000113],[100.38510627600004,13.587408236000101],[100.3850949740002,13.587376579000022],[100.3850927160002,13.587370245000045],[100.3850658730002,13.587343204000035],[100.38503353400012,13.587327069000025],[100.38491101300019,13.58728968400004],[100.38484082000014,13.587265055000046],[100.38481030899999,13.58723871400008],[100.38480991800009,13.587238379000155],[100.38480333000007,13.587227664000068],[100.38480039600017,13.587222763000113],[100.38479268600008,13.587209855000083],[100.3847899820002,13.58720105100008],[100.38478452700019,13.587183284000105],[100.38478135399998,13.587172937000048],[100.38478117600016,13.587167103000127],[100.38477997900014,13.587127269000177],[100.38478632500016,13.58707175800015],[100.3848016340001,13.587027082000134],[100.38482467700015,13.586974745000191],[100.38485977900018,13.586904022999988],[100.38486094800004,13.58690166800011],[100.3848984600001,13.586851431000127],[100.38494926100014,13.586792416000094],[100.38500127600008,13.586749708000127],[100.38504999500014,13.58671463700017],[100.3851364140001,13.58666303300015],[100.38526387100006,13.586591629999987],[100.38529460500013,13.586572179000086],[100.38530375000005,13.586566389000154],[100.38532363300004,13.586543441],[100.38533905500003,13.586518337000086],[100.38534214500015,13.586476995000055],[100.385339698,13.58643784800006],[100.38532391600012,13.586400954000055],[100.38529707900011,13.586375008],[100.3852636360001,13.586359966000032],[100.3852258140002,13.586356909000017],[100.38505791600016,13.5863567560001],[100.38500894700007,13.58634723800003],[100.38496995100007,13.58633332100004],[100.38493203200005,13.58631503600003],[100.38490523500002,13.586294519000035],[100.38488619000015,13.58627070099999],[100.3848737730001,13.586238133000165],[100.38486797400009,13.586196841000117],[100.38486999800006,13.586163106000072],[100.38487981600014,13.586130423000156],[100.38489744000003,13.58610204900009],[100.3849239860001,13.586077977000059],[100.38494083200004,13.586069612000188],[100.38495724600017,13.586061478000033],[100.38501835700015,13.586054606000175],[100.38525511400013,13.586042423000151],[100.38537520800014,13.586042832999965],[100.38547745000005,13.586033569000108],[100.38552408599998,13.58602351899998],[100.38558422900007,13.586008460000073],[100.38559069900009,13.586006835000035],[100.38563170000003,13.585983769000052],[100.38564990200013,13.585971212],[100.38566017600004,13.585964118000163],[100.385668248,13.585958547000132],[100.38567548800012,13.58594967800019],[100.38569143900008,13.585930142000166],[100.38570900500014,13.58589197700013],[100.38571024700002,13.58587123400008],[100.3857110290001,13.585858244000065],[100.38569639800005,13.585826791000045],[100.38566846400005,13.585803013000032],[100.38558267800005,13.585774128000025],[100.38532864200016,13.585684170000093],[100.38522718600012,13.58563579000014],[100.38519586800004,13.585604421000141],[100.38517789800011,13.58557298800008],[100.38516773200018,13.58554584500007],[100.38515860600012,13.585506743000053],[100.3851583660001,13.585465410999973],[100.38516702400011,13.585424030000013],[100.38518684500008,13.585390206000056],[100.38520380700004,13.585375457],[100.38522335500005,13.585358460000123],[100.38526547499998,13.585335387999976],[100.38530318,13.585319950000155],[100.38534761500006,13.585313179000025],[100.38539432800007,13.58531510000006],[100.38542888700005,13.585331213000075],[100.38547250900007,13.58537557000011],[100.38551731600018,13.58543296900018],[100.38556756500014,13.585468575000107],[100.38561105800011,13.585492267000063],[100.38566120500008,13.585510474000102],[100.38571124900011,13.585512376000054],[100.38576457900007,13.585506641000052],[100.38579499600002,13.585497954000118],[100.38579532900013,13.585497863],[100.38579566200008,13.585497764000081],[100.38579839200014,13.585495382999966],[100.38581293800007,13.585482687000024],[100.38581371000015,13.585482020000029],[100.38581447400003,13.585481346000165],[100.3858158810001,13.585478089000162],[100.38582105500012,13.58546608100005],[100.38582423500003,13.5854388730001],[100.38582300300016,13.585428604000072],[100.38582072600019,13.585409530000106],[100.38577704100004,13.585354297000038],[100.38565723300007,13.585210307000011],[100.38564146300001,13.58517559500018],[100.38564129200012,13.585146224000141],[100.38565228500005,13.585124411000038],[100.38567107100016,13.585103639000067],[100.3856863110002,13.58509403800008],[100.38569543800014,13.585088276000135],[100.38574654400009,13.585080382],[100.38581768300003,13.58507672899998],[100.38587213200003,13.58507098900003],[100.38591432400011,13.58506205000009],[100.38593650000018,13.585049964000177],[100.38595526400013,13.585027013000115],[100.38596844400018,13.58499974900019],[100.38597252700009,13.584977091000098],[100.3859749130001,13.584963827000081],[100.38596912700012,13.584924698000123],[100.38587568500003,13.58472726600013],[100.38573755900018,13.584492016000183],[100.38558729900018,13.584273146000044],[100.38548813300014,13.584076656000093],[100.38535650900008,13.583876293000117],[100.38530107700012,13.583787348000158],[100.38528645500014,13.58375915400012],[100.38527740200004,13.583730927000033],[100.3852772260002,13.58370047200009],[100.38528475200008,13.583656925000128],[100.385368541,13.58334212699998],[100.38542523300009,13.583149299000013],[100.38543610700009,13.583105734000071],[100.38543591200016,13.583072020000145],[100.38543350600014,13.583041577000188],[100.38543022200002,13.58302933300007],[100.3854221420001,13.582999221000023],[100.38541099300016,13.582969083000023],[100.3854040710001,13.582950379000067],[100.38538606300006,13.582912413000145],[100.38535471400019,13.582875606000016],[100.38520382000013,13.58273831200006],[100.385165756,13.582695018000038],[100.38515783100019,13.582670043000178],[100.38515986800007,13.582638526000153],[100.38515987600005,13.582638500000144],[100.38517190900006,13.582604709000066],[100.38519621400008,13.582578469000055],[100.38522830600004,13.5825521860001],[100.38528041400008,13.582525801000145],[100.38534813100011,13.58250801600019],[100.38542810300015,13.58249342800002],[100.3854747470001,13.582483388000071],[100.38550357600008,13.582470171000125],[100.38552239100011,13.582455933000062],[100.38554224299997,13.582427538000104],[100.38560072700005,13.582299435000039],[100.38562238200012,13.58225198800011],[100.38564976200007,13.582178960000135],[100.3856562040001,13.582139772000062],[100.38565600800007,13.58210604900006],[100.3856468830001,13.58206694800009],[100.38561081400007,13.581983405000187],[100.38556476700006,13.581902081000067],[100.38555902900015,13.58187274200003],[100.38556445700004,13.581848788000173],[100.38558650100009,13.581817122000018],[100.38560428300013,13.581791361000114],[100.38563171300012,13.581751614000098],[100.38568229200013,13.581654534000052],[100.38570091300016,13.581605487],[100.38570513900015,13.581568483000126],[100.3857005280002,13.581539138000096],[100.38568362700016,13.581502259],[100.38564676700014,13.581472008000048],[100.38558483200006,13.581439326],[100.38556311500014,13.581427873000052],[100.385529685,13.581415011000047],[100.38550958400003,13.581398808000074],[100.38549609200015,13.581373873000018],[100.38543977600011,13.581249101000026],[100.38541193900005,13.58118754700007],[100.38540778900006,13.581178372000124],[100.38537107500002,13.581097217000035],[100.38534642700012,13.581065811000144],[100.38531621000004,13.581031169000084],[100.38528943100005,13.581015004000108],[100.38526266400004,13.58100102000003],[100.38523370900003,13.580992476000176],[100.38518362100018,13.5809829640001],[100.38514467100015,13.580976656000132],[100.38510791600004,13.580965984000102],[100.38509005300006,13.580953026000145],[100.3850699240001,13.580933566000112],[100.38506755300017,13.580907475000174],[100.38506958900012,13.580875921000029],[100.38508075900018,13.580825733000154],[100.38508109600014,13.580824549000056],[100.38510003200008,13.580758286000162],[100.38511960000011,13.580680949000055],[100.3851269330001,13.580602603000159],[100.38512850300003,13.580490566000037],[100.38513697200011,13.580416558000138],[100.3851389850002,13.58040905200005],[100.38514894000002,13.580371901000092],[100.38515990600007,13.58034573600014],[100.3851869610001,13.580315993000056],[100.38518974100015,13.580312940999988],[100.38522409700016,13.58029425500007],[100.38527847600011,13.580276553000033],[100.38540392100009,13.580243228000029],[100.38544942100015,13.580228833000149],[100.38548489600015,13.580210150000141],[100.38550914199999,13.580174120000152],[100.38551786400018,13.58014362400013],[100.38551875299999,13.580105552000191],[100.38551408300015,13.58006750200002],[100.38550711500011,13.580040898000163],[100.3855038480001,13.5800284070001],[100.38547246200017,13.57998507700006],[100.38536396500018,13.579872565000187],[100.38525529000015,13.579730684000083],[100.38523951600007,13.579694877],[100.38522248499999,13.579634067000143],[100.38520087600006,13.579549349000047],[100.38518491200017,13.579480913999987],[100.38513782700011,13.579404027000123],[100.38513613200007,13.579401264000182],[100.3851315170001,13.579395940000097],[100.38510038200013,13.579360042000133],[100.3850344010001,13.579289581000069],[100.38500961000005,13.579253638000012],[100.3849929800001,13.579213650999975],[100.38499262800008,13.57920905300017],[100.38499003000004,13.579174912000099],[100.38499522600011,13.579129454000054],[100.38501538500009,13.579073213000129],[100.38502566300008,13.579049780000048],[100.38505178600019,13.578990160000046],[100.38508968300005,13.578928480000116],[100.38510720900007,13.578905120000115],[100.38512492199999,13.578881521000028],[100.38517373000013,13.578818438999974],[100.3851968680001,13.57878735800017],[100.38521168000011,13.578767449000054],[100.38524968500013,13.57872448300003],[100.38529321200008,13.578692169000021],[100.38535179400014,13.578666454000086],[100.38535788000013,13.578663931000165],[100.38540085100004,13.578646134000053],[100.38543897900013,13.578624549000097],[100.3854716080001,13.578598978000059],[100.3855028600002,13.578569406999975],[100.38553264600017,13.57852380300011],[100.38554089400014,13.57851133700018],[100.3855583740002,13.578484905000096],[100.38558277800007,13.57845404000011],[100.38560726000014,13.578435196000157],[100.38564129900004,13.578416301000118],[100.38569586300008,13.57840263200012],[100.38571135100011,13.578401363000125],[100.38576549800007,13.578396903999987],[100.38587333900006,13.57838427200005],[100.38591018200015,13.578377385000067],[100.38593877500011,13.578362527000081],[100.38597142100014,13.57833829800012],[100.38600129200006,13.57830739300016],[100.38601497600013,13.578290852000123],[100.38603791700012,13.578263093000032],[100.38606387200008,13.578225713000165],[100.3860677200002,13.578220164000129],[100.38607642600005,13.578211968000176],[100.38607726900005,13.578211177000185],[100.38607810500008,13.578210379000097],[100.38609625300018,13.578193283000132],[100.38613572700007,13.578170349000175],[100.38619305600008,13.578162015000032],[100.38627362,13.578156218000174],[100.38634049700016,13.578147830000034],[100.3863721800002,13.578141447000121],[100.3863950760001,13.578136835000066],[100.38644822200007,13.578113825000116],[100.38649445900006,13.578078821000076],[100.38653930100008,13.578038484000047],[100.38657455700013,13.57799285800013],[100.3866043430001,13.577947255000026],[100.38660964500019,13.577932544000134],[100.38662316200015,13.577895038000065],[100.3866377060001,13.577812106000124],[100.38663777400012,13.57781146100018],[100.38663784300007,13.577810817000113],[100.38664548800006,13.577741244000094],[100.38664919700011,13.577674404000106],[100.38665148100011,13.577596889000176],[100.38665787000019,13.577520686000184],[100.3866790890001,13.577412336000066],[100.38670733900011,13.577284048000138],[100.38671503200015,13.577249108000103],[100.38672269500012,13.577224549999983],[100.38674721000012,13.57714603800008],[100.3868402710001,13.576939729000173],[100.38695620800019,13.576675841000167],[100.38692556100006,13.576661771999966],[100.3868596430001,13.576631532000135],[100.38681970300019,13.576613206000047],[100.38671112900005,13.576560126000118],[100.38661969600008,13.576515435000033],[100.38648687100016,13.576458711000157],[100.38645815000018,13.576443695000137],[100.38638822500019,13.576407139000139],[100.38629773100013,13.576350188000106],[100.38622221700012,13.576283788000126],[100.38619742500003,13.576249179000058],[100.38617668500007,13.576205198000025],[100.38616554700008,13.576169188000051],[100.38616536400014,13.576137594000102],[100.38616533800013,13.576133109000011],[100.3861705970001,13.576097000000118],[100.38618541300008,13.576060837000057],[100.38626508900012,13.575904049000087],[100.38633673600009,13.575775369999974],[100.38637460800004,13.575709683000184],[100.38640711200003,13.57566273000009],[100.38643015399998,13.575630530000069],[100.38645292600012,13.575615784000092],[100.38646553100017,13.575607619000039],[100.38651602100009,13.575597980000055],[100.38660616300007,13.57559614700017],[100.38668536300008,13.57559036500004],[100.386763174,13.57558325000008],[100.38684096400004,13.575570785000025],[100.38689550400017,13.57555311699997],[100.38695138300005,13.575531425000179],[100.38699631800012,13.575507119000122],[100.38703303600016,13.575478858000167],[100.38705471300005,13.575447999000176],[100.38705993200006,13.575406548000046],[100.38705695900006,13.575363802000027],[100.38704438800005,13.57531710000012],[100.38701680000003,13.575270483000054],[100.38690676599998,13.57514148100006],[100.38669766800012,13.574887415000148],[100.38665926900006,13.574825170000054],[100.38665916000014,13.57482499400004],[100.38663966500019,13.574779497000122],[100.38663940900017,13.574735402000101],[100.38664736200002,13.574693936000074],[100.38667432900007,13.574632308000105],[100.38672442300009,13.574554528000078],[100.38676093000004,13.574491522000187],[100.3867986620001,13.574401787000113],[100.38682560600006,13.574337493000144],[100.38684851400018,13.574283920000028],[100.38687011399998,13.574239695000017],[100.38689090300005,13.574211269000159],[100.38689857600002,13.57420079100018],[100.38693116500014,13.574168537],[100.38696110700016,13.574148322000042],[100.38696794600008,13.574146545000133],[100.38699793400008,13.574138769000058],[100.38702938600005,13.574145276000138],[100.38708692200015,13.574174354000036],[100.38714868800014,13.574224781000055],[100.3871966760002,13.57425525399998],[100.38723366500017,13.574275088000036],[100.38727881800008,13.574286869000048],[100.3873621830001,13.574294421000104],[100.38757814000013,13.57431726800013],[100.38773045900001,13.574326237000093],[100.38780633400017,13.57433069800004],[100.38786232100011,13.574327720000099],[100.38791692300003,13.574320734000082],[100.38795238000017,13.574309846000062],[100.38797957800011,13.574289646000182],[100.38797962200016,13.574289566000175],[100.38797965900005,13.574289486000168],[100.38799712800017,13.574253477000127],[100.38799957300012,13.574205350000113],[100.38799791300016,13.574194430000091],[100.38799389600007,13.57416796800004],[100.38796351200006,13.574110685],[100.38792512800006,13.574082004000047],[100.38784278500009,13.574020480000115],[100.38766850800016,13.573883820000162],[100.38759157200019,13.573805404000097],[100.3875379120002,13.573741558000108],[100.38751164100006,13.573686917000146],[100.38749492000017,13.573629557000174],[100.38749598800007,13.573578772000133],[100.38750094600016,13.573539150000045],[100.3875025160001,13.573526624000124],[100.38752128100015,13.573465041000077],[100.3875549770001,13.573387352000111],[100.38756534800012,13.573367590000089],[100.38760631600013,13.57328952500012],[100.387650893,13.573203751000108],[100.38769391500006,13.573084580000113],[100.3877342240001,13.572969441000112],[100.38778142000007,13.572863613000038],[100.38783807000016,13.572740358000033],[100.38792168800012,13.572555492000049],[100.38795268800004,13.572484492],[100.38797163999999,13.57245365700004],[100.38799609000006,13.572430806],[100.38802881900006,13.572421266000106],[100.38807252300012,13.572419689000071],[100.38826955800016,13.572478720999982],[100.3884910910001,13.572520252000118],[100.38851787900018,13.572524040000076],[100.3887822800001,13.572561386000189],[100.38889125600008,13.572561450000023],[100.38889139100019,13.572354926000116],[100.38889180600012,13.571666105000077],[100.38908071100019,13.57148486400007],[100.3892983840002,13.57130345400003],[100.3894198070002,13.571187740000028],[100.38946121000015,13.571127320000187],[100.3894681050001,13.571100965000028],[100.38947252400004,13.57106629000009],[100.38947273000002,13.57105373500002],[100.38947431500009,13.570957007],[100.38946446900013,13.570883894000133],[100.38945765400001,13.570868254000061],[100.38944600200011,13.57084149900004],[100.38937849800004,13.570741535000138],[100.38932218000019,13.570658140999967],[100.38931595400004,13.570648915000106],[100.38930306100013,13.570618265000064],[100.38929306699998,13.570569528000021],[100.3892918320002,13.570478147000188],[100.38933439700003,13.57028073500004],[100.3893360310002,13.57027483800016],[100.38939385600008,13.570066606000182],[100.38940622700011,13.570019854],[100.38943937500005,13.56989463900004],[100.38946229800007,13.569843732000038],[100.38948790800004,13.569784795000032],[100.3895177080002,13.569741865000026],[100.38955566400017,13.569692217000181],[100.38961000800003,13.569641136000143],[100.38967259900016,13.56959935700013],[100.38976518500016,13.56954806200008],[100.3898360570002,13.569520945000022],[100.3898405000001,13.569520038000064],[100.38990973200015,13.569505836000133],[100.3899725240002,13.569500137000091],[100.39010833200007,13.569499381000014],[100.39011731100015,13.569499331000031],[100.39036452900018,13.569495287000052],[100.39040684600008,13.569491043000085],[100.39043819600016,13.569478845000106],[100.39046898700013,13.569449417000158],[100.3905006080002,13.5694076690001],[100.39052181900007,13.569368054999984],[100.39053333600003,13.56934684700002],[100.39055724200006,13.569280407000065],[100.39058004700007,13.569195468000032],[100.3905906650001,13.569155948000116],[100.39062420400012,13.569051528000045],[100.39064306800009,13.569007327000179],[100.39066248100016,13.568989050000027],[100.3906845940001,13.568977345000178],[100.39074520600019,13.568962892000172],[100.39090392200018,13.568938286000048],[100.39107031500015,13.568950433000111],[100.39107034200009,13.568950433000111],[100.39111444400015,13.56895518400006],[100.39126846400012,13.568971778000162],[100.39135183600007,13.568979320999972],[100.3913626330002,13.568978527000127],[100.39141054800012,13.568974994000087],[100.39142586300011,13.568970398000033],[100.39143072700011,13.568968949],[100.3914485140001,13.568956747000072],[100.39146634800016,13.568939935000117],[100.39148522800014,13.568898409000042],[100.39149979300015,13.568819484000187],[100.39150483200012,13.568747296000083],[100.39150928100008,13.568572219000089],[100.39150526200018,13.56835176200002],[100.39149382800014,13.568264966000129],[100.39148115600011,13.568199559000163],[100.39145885000005,13.56812217300012],[100.39142984400013,13.568067548000158],[100.3913926530002,13.568014310000024],[100.39134458000018,13.567969140000173],[100.39130620600002,13.56794664000006],[100.39124183900014,13.56791760100009],[100.39110552300002,13.567874326000151],[100.39109522600017,13.567871056000058],[100.39105983100018,13.567859820000024],[100.39100461200013,13.56784264800018],[100.39081078600009,13.567782365000085],[100.39073817900004,13.56774668900016],[100.3906874430001,13.56771356600018],[100.390653134,13.567685702000176],[100.39063384100012,13.567656413000122],[100.39062136400003,13.567624409000132],[100.39061290600006,13.56757901800006],[100.39061537500015,13.567534909000017],[100.39062842200008,13.567429270000105],[100.3906576390001,13.567286129000081],[100.39070991800008,13.567116126000087],[100.39072109900002,13.567083638999975],[100.39077439500016,13.566928692000033],[100.39089016900016,13.56663673900016],[100.39093582700002,13.566502863000096],[100.39097878400014,13.566373000999988],[100.390989423,13.566323496000052],[100.39099444700008,13.566248641000186],[100.39099143300018,13.566200554000034],[100.39098825800005,13.566186941000069],[100.39097462600012,13.566128487000185],[100.39091358600007,13.565967133000186],[100.39087605300006,13.565855093000152],[100.39084525800007,13.565726984000094],[100.39083302100005,13.565668064000022],[100.39082341400007,13.565601968000067],[100.39082318000004,13.565561881],[100.39082497200019,13.565517775000103],[100.39083500200013,13.565479652000079],[100.39085931300008,13.565433400000131],[100.39088879800016,13.565395151000075],[100.39093264700011,13.565359833],[100.3910051530001,13.565319340000144],[100.39107973900002,13.565285855000127],[100.39113793600018,13.565253459000076],[100.39117871300004,13.56521915500008],[100.3912132590001,13.565169852],[100.39123244200016,13.56512164100019],[100.39124144900012,13.565084513000158],[100.39124625900013,13.565030362000186],[100.39124351700008,13.564911118999987],[100.39124274000011,13.564777828000103],[100.39124448500019,13.564725706000047],[100.391254452,13.56467854400006],[100.39129366800006,13.564551043000051],[100.39135517900007,13.564384335000113],[100.3914027040002,13.564276836000033],[100.39141372300014,13.564233676000185],[100.39141349600004,13.564194596000164],[100.39138926400017,13.56407947200006],[100.39134918200006,13.563881267000056],[100.39131418200014,13.563676006000037],[100.39130121300008,13.563560828000107],[100.39129858100006,13.563460617999965],[100.39129900000017,13.563357389000089],[100.39130274900003,13.563296234000063],[100.39130664200007,13.563261139000076],[100.39131773100019,13.563230002000068],[100.3913370200001,13.563199826000073],[100.3913474040001,13.563191797000059],[100.39136964800014,13.56317459000013],[100.39143819600014,13.563158177000105],[100.39165424400005,13.563140941000086],[100.39176077399998,13.563138334000143],[100.39188477600015,13.563145668000061],[100.39199544100012,13.56315106300002],[100.39205842500019,13.563150711],[100.39208456600016,13.563150566000104],[100.39214903900006,13.563139180000064],[100.3921868700001,13.563125939000088],[100.3922174670002,13.563103725000019],[100.39224188700013,13.563074535000112],[100.39226519000016,13.563030300000094],[100.39228827700003,13.562948989],[100.39231023500008,13.562848641000073],[100.39234127600008,13.562726200000156],[100.39236639400019,13.5626418760001],[100.39239879200005,13.562575555000024],[100.39248493100013,13.562415720000047],[100.39249699300007,13.562396637000177],[100.39256309600012,13.562292009000032],[100.39257973100018,13.562269440000023],[100.39264541900008,13.562180307],[100.39272472100009,13.562076639000168],[100.39276701000011,13.562015224000106],[100.39306243300013,13.561580711000147],[100.3931211740001,13.561474597000085],[100.39313779900016,13.561416424000129],[100.3931396050001,13.561362492000114],[100.393128628,13.561298250000107],[100.39309014100013,13.56124246800016],[100.39303050900014,13.561197169000025],[100.39297722000009,13.561174787000141],[100.39261607200007,13.561023175],[100.39261291800017,13.561020720999977],[100.39257267900012,13.560989456000186],[100.39255817700018,13.560956864000104],[100.39255159800007,13.560919566000052],[100.39255451100001,13.560872885000038],[100.39257465800017,13.560782550999988],[100.39257890400017,13.560770953000088],[100.39271395300005,13.560402194000062],[100.39283603200016,13.56006706200003],[100.3928749820002,13.55992994900015],[100.39291441100016,13.559748039000056],[100.39294621300013,13.559601315000123],[100.392963302,13.559531223000022],[100.39301535000004,13.559407419000081],[100.39304328000009,13.559340991000113],[100.3931830620001,13.559043085000155],[100.39331675500006,13.55879188800003],[100.39336521400003,13.558724118000157],[100.39345237300006,13.558643429000142],[100.39365236100008,13.558520635999969],[100.39387212100019,13.558394952000071],[100.39408112400014,13.558264508000093],[100.39403313700018,13.557668865000153],[100.3940101030002,13.557382991000111],[100.39399555900007,13.557202361000066],[100.39401693800016,13.557060455000055],[100.39412276100012,13.556633751000106],[100.39417099300005,13.556276591000028],[100.394212842,13.556065650000107],[100.39423286900018,13.556013779000125],[100.39426655900013,13.55597272600005],[100.39434919500019,13.555922889000101],[100.39457781900012,13.555791956000178],[100.39469831500014,13.55569997400005],[100.39475131200015,13.55563847400009],[100.39476957300019,13.555591530000129],[100.3947846480001,13.555529031],[100.3947730820002,13.555422709000084],[100.39474373200005,13.555355339000187],[100.39465085200004,13.555102925000085],[100.39465400000012,13.555025317000059],[100.39467028200005,13.554985738000084],[100.39471413500019,13.554928368000105],[100.395042783,13.554704436000065],[100.39513834000002,13.55462052200005],[100.39516974200012,13.554578802000151],[100.39522100400012,13.554510707000134],[100.39527423600009,13.554396669000084],[100.3952905270001,13.554324620999978],[100.39537946899998,13.553931400000067],[100.39543107000009,13.553819269000087],[100.39543642500007,13.553807630000108],[100.395576098,13.553648140000064],[100.3957303250001,13.553513250000094],[100.39575851800004,13.553496893000101],[100.39582201600012,13.55347217300016],[100.39585979700013,13.553459621],[100.39595290900019,13.553453344000104],[100.39633929000013,13.553460464000182],[100.39652144100017,13.553439353000101],[100.39663066500015,13.553415525000105],[100.39670371700015,13.55338413800007],[100.39689654300014,13.553196347000096],[100.39699977000004,13.553094186000067],[100.39705250900005,13.553059700000063],[100.39712272900016,13.55303636300016],[100.39751178000012,13.55298481200009],[100.39803087899998,13.552978377000159],[100.39803784300005,13.552979591999986],[100.3982156310002,13.553010413000152],[100.3983167940001,13.55304142500006],[100.3985657250002,13.553197594000096],[100.39869878500019,13.553243832000021],[100.3987698140001,13.553244909],[100.39883239400012,13.55322977100019],[100.39886143600006,13.553213577000065],[100.39887448500019,13.553204579000067],[100.39894401900006,13.553156677000175],[100.39900489200005,13.553085791000171],[100.39906121500019,13.552922228000057],[100.39908642400019,13.552849026000047],[100.39914727500019,13.552774619],[100.39915028900009,13.55277317100007],[100.39920919100012,13.552744874000098],[100.39922759300009,13.552736041],[100.3992797640002,13.552721888000178],[100.39956900200019,13.552732989000106],[100.39963444800009,13.552751329000046],[100.39973531600009,13.55278434600018],[100.39973858000019,13.552785414000084],[100.40014735100016,13.553022963000103],[100.4002339770002,13.553040107000129],[100.40032823300004,13.553039579000085],[100.4003484120002,13.553035458000181],[100.4006082480002,13.552928674000043],[100.40086008200007,13.552839088000098],[100.40093427400018,13.552828706000128],[100.40095285299998,13.55282394000011],[100.40101989700003,13.552822426000148],[100.4011076600001,13.552833480000174],[100.40119595600015,13.552856803000054],[100.40122115700018,13.552870424000048],[100.4013437100001,13.552931604000094],[100.40144189400007,13.553002367000033],[100.4015282900001,13.553054020000104],[100.40169615200011,13.553178851000041],[100.40173879700018,13.553197231000183],[100.40183916200004,13.553219911999975],[100.4019622880001,13.553210772000114],[100.40200259100016,13.553196183000068],[100.4021484060001,13.55314337700014],[100.40223190800003,13.55313224400004],[100.40226777400017,13.553127460000155],[100.40244444100011,13.55313000000018],[100.40266827400012,13.553185173000031],[100.40326489700016,13.553462429999968],[100.4033899320001,13.553529386000037],[100.40340993500007,13.553549260000068],[100.4034865220001,13.55362536900003],[100.40394898300008,13.55424331800009],[100.4039933300001,13.55432885099998],[100.4040382340001,13.554415475000042],[100.40413787500012,13.554806411000072],[100.404197055,13.55491773500006],[100.40426071400003,13.55498966100015],[100.40426706500011,13.554995522000183],[100.40427913200017,13.5550066670001],[100.40433528000017,13.555041177000135],[100.40436917000017,13.555059349000032],[100.40442996500013,13.555070643000079],[100.4046081250001,13.55507535300012],[100.40492154700013,13.555038321999973],[100.40505844200015,13.555019923000145],[100.4051052160001,13.555005544000096],[100.40514466600018,13.554970054000023],[100.40529230600015,13.554711746000123],[100.40536055400008,13.554637066],[100.40541293200016,13.55460878600013],[100.40543888400003,13.554604402000166],[100.40567224300003,13.554565004999972],[100.40605783800004,13.554538144000162],[100.40615372800016,13.55452694000013],[100.40630304300004,13.554487530000074],[100.40635685600012,13.554473332000157],[100.40654530000006,13.554416354000068],[100.40661611200005,13.554414022],[100.40669215700007,13.554419314000086],[100.40672309100012,13.55442722600003],[100.40675334700012,13.554434957000069],[100.40688943800012,13.554490072000078],[100.40724031400003,13.55473055800013],[100.40732821400019,13.554770830000052],[100.40735611400004,13.554779880000126],[100.4073860860002,13.554786888000137],[100.40742009800016,13.554784128000108],[100.40742574299998,13.554783673000145],[100.40747819900008,13.554779430000053],[100.40777132000011,13.55471542700019],[100.4080571940001,13.554636059000188],[100.40844229900011,13.554529127000023],[100.4085177300002,13.554532946999984],[100.40857930100003,13.554551934000074],[100.409559064,13.555024320000086],[100.40963332200016,13.555046218000086],[100.40967517600006,13.555051561000084],[100.40977179900011,13.555060603000129],[100.40980639600008,13.555063833000077],[100.41037065200004,13.555017877000182],[100.41052274300012,13.555022597],[100.41059878300018,13.555024030000027],[100.41067871000013,13.555040317000078],[100.41075683200017,13.555073343000117],[100.41080074600012,13.555106571000067],[100.41118844100009,13.555418649000103],[100.41128997100014,13.55548568000006],[100.41131853400015,13.555496933000029],[100.41136572100004,13.555505044000085],[100.4114189500001,13.555506606],[100.41166064900011,13.555450869000083],[100.41167520300007,13.555447512000114],[100.41175497400019,13.555435902],[100.411836752,13.555444736000027],[100.41189776300018,13.555476004000127],[100.41193822200006,13.555510549000076],[100.41200236500015,13.555590866000045],[100.4120568310002,13.555696396000087],[100.41212586900002,13.555800141000077],[100.41223886600005,13.55594455500011],[100.41227091700017,13.556008447000067],[100.41229623000004,13.556083722000153],[100.41229868900012,13.556096703000094],[100.41230671199997,13.556167317000074],[100.4123012730002,13.556211982000093],[100.412284451,13.556260427000097],[100.4122830300002,13.556264249000094],[100.41224262300011,13.556372895000038],[100.41219292600016,13.556498789000102],[100.41217837100015,13.556558327000062],[100.41217500400012,13.556663612000023],[100.4121962160001,13.556768588000182],[100.41221644000018,13.556817752000143],[100.41223225900012,13.556856197000059],[100.41235563700008,13.557048480000049],[100.41250486700017,13.557213141999966],[100.41255599800019,13.557241341000122],[100.4126023820001,13.557248070000014],[100.41263250500003,13.55724840300013],[100.41265592100001,13.557242240999983],[100.4126855630002,13.557234437999966],[100.41281791500012,13.55716347100008],[100.41282577700002,13.557159260000162],[100.41289645400013,13.557120282000142],[100.4129679420002,13.557093367000107],[100.4129873870001,13.557096427000033],[100.41304240100004,13.557115802000112],[100.41351005700017,13.557477813000105],[100.4135747910002,13.557499040000039],[100.41359864000015,13.557500362000155],[100.4136484330001,13.557497635000175],[100.4137096660001,13.55748526400015],[100.41375515800013,13.557464552],[100.41378613800003,13.557425278000153],[100.41381175800018,13.557393564000165],[100.41403044000015,13.557029831000023],[100.41407630400005,13.556966973000158],[100.4141104410001,13.556930496000064],[100.41416975400011,13.55689561600019],[100.41423450600018,13.556881647000182],[100.41424022400008,13.55688125200004],[100.41435040100009,13.556873548000112],[100.4144303270001,13.556887970000105],[100.4145244520002,13.556929352000111],[100.41484386700006,13.557069736000017],[100.4150494230002,13.557116923000137],[100.41517671500003,13.55714529800008],[100.41521388500013,13.557151797000131],[100.41521236500017,13.55714494600005],[100.4151999410002,13.557088818000182],[100.41520240900007,13.55693279600007],[100.41524537600014,13.556740041000182],[100.41525692500011,13.556665272000146],[100.4152813120001,13.556507494000073],[100.4152770350002,13.556358157000034],[100.41524569500007,13.556222251000179],[100.41512493500005,13.55588105400011],[100.41507316000008,13.555731987000115],[100.41505533300011,13.555586047000077],[100.415059284,13.554533835000086],[100.41496837200015,13.554076310000141],[100.41489678800008,13.553446070000064],[100.41486558100007,13.552759175000176],[100.41485051800015,13.552507000000162],[100.4148088440001,13.552344598000047],[100.414695403,13.5520929810001],[100.41461972400009,13.551917494000065],[100.41460208300009,13.551801427000157],[100.4146113290002,13.551645375000021],[100.41462804700012,13.5515488960001],[100.4146441360001,13.551455988000043],[100.41467122400007,13.551396404000116],[100.4146910250002,13.551352832000077],[100.41478208799998,13.551262695000162],[100.41490718400007,13.551188961000094],[100.41514052100007,13.551061515000185],[100.41567168700016,13.55081288600013],[100.41607088000006,13.550621431000025],[100.41631783600008,13.550500545000148],[100.41648680999998,13.550390050000146],[100.41658797100013,13.55028658600014],[100.41671777400012,13.550134723999975],[100.41681785200007,13.550017644999969],[100.41688446900014,13.549939704],[100.41734917200012,13.549377102],[100.41778434600008,13.548943413000075],[100.41794434700006,13.548783965000041],[100.41809458900008,13.548545869000066],[100.41830925600016,13.54820565600005],[100.41843735800012,13.548068837000017],[100.4186565980001,13.547851846000128],[100.4188894290001,13.547641417000023],[100.41911201300007,13.547417767000184],[100.41925014400005,13.547254346000045],[100.41936110600017,13.547087749000013],[100.4194885870001,13.546844733000171],[100.41971930900002,13.5462791650001],[100.41991947500009,13.545707123],[100.42003988500011,13.545417677000046],[100.42008972900015,13.545241469000018],[100.42009205900013,13.545062222000013],[100.4200774050002,13.544879752000043],[100.42003515800013,13.54462109400015],[100.41997953100008,13.544362671000158],[100.41977533800014,13.543890933],[100.4196911360001,13.543691723000052],[100.4196491990001,13.543507960000056],[100.41958271300012,13.543067584000028],[100.41950635400008,13.542835257999968],[100.41935101900009,13.542527259000167],[100.41914166500004,13.542120188000126],[100.418902194,13.541680122000173],[100.41867022800017,13.541192271],[100.41850860700004,13.540852348000044],[100.41832341700018,13.540539494000086],[100.41832323500017,13.540539176999971],[100.41832304300016,13.540538860000026],[100.41824527,13.540449698000145],[100.41821788000004,13.540418275000093],[100.41816045900003,13.540375741000162],[100.41815479500008,13.540371544000038],[100.41796321900006,13.540229608000061],[100.4178040540001,13.540153160000102],[100.41755212600003,13.540063227000019],[100.41707572500013,13.539901489000158],[100.41681816500017,13.53983093800008],[100.41651924800004,13.539767163000079],[100.41617159300012,13.53968884200009],[100.41600712600012,13.5396311020001],[100.41588051600013,13.539570057999981],[100.41569999500018,13.539466081],[100.415294367,13.539190453000117],[100.41509465100017,13.539043353000011],[100.41484827000016,13.53883212500017],[100.41476559000006,13.5387275920001],[100.414698708,13.538626069000145],[100.41466665500013,13.538542870000128],[100.41466616999998,13.538529586000095],[100.41466287700018,13.538437900000133],[100.4146844980001,13.538357479000126],[100.41473747100014,13.538242927000056],[100.4148658220002,13.538063089000104],[100.41490628200017,13.537967130000084],[100.414908874,13.537871384000141],[100.41487653800016,13.537741867000022],[100.41476748200006,13.537446030000126],[100.41458173300003,13.536990047000131],[100.41435439500003,13.53644164900004],[100.41411786700019,13.535939623000104],[100.41406697700006,13.535871970000073],[100.41399596000014,13.535852155000157],[100.41397839000012,13.535847258],[100.4136939390001,13.535819583000091],[100.41279615200017,13.53582465500017],[100.41257176400006,13.535825923000118],[100.41159169500008,13.53582413600003],[100.41091090600014,13.53582797700011],[100.41090504100009,13.535827852000182],[100.408250329,13.535842811000066],[100.40723321200016,13.535829148000118],[100.40632586800001,13.535797271000035],[100.40649410000009,13.529562397],[100.40649677800013,13.525095162000127],[100.4065188420002,13.524348840000016],[100.40653562000017,13.523067498000046],[100.40660392800015,13.517849800000022],[100.40662839000004,13.51598143900003],[100.40659396199999,13.513512369000011],[100.40661495600017,13.511839868000095],[100.40664835200005,13.509178653000106],[100.40668557700002,13.507458212000131],[100.40675119100013,13.504425748000074],[100.4068249440001,13.50222],[100.4087131230001,13.494094876000077],[100.4088376570001,13.493392753000137],[100.40883825200007,13.493389571000023],[100.40622353200007,13.493038264],[100.40578060500013,13.49299260000015],[100.40508192100003,13.49294838000003],[100.40436357800002,13.492904275000058],[100.40408798700008,13.492876937000062],[100.40391148700019,13.49297418700013],[100.40378444300018,13.493119293000063],[100.40362773800007,13.493235691000109],[100.40338222400004,13.49330444200001],[100.40320532900006,13.493334315000084],[100.4030386070001,13.493421880000142],[100.40272378400005,13.493414016000031],[100.40250726300019,13.493395981000049],[100.40240816000005,13.493271389000029],[100.40233813900005,13.493069619000039],[100.40232733500005,13.492906039],[100.40238550700008,13.492761314],[100.40242430300009,13.492664836000017],[100.40236416500005,13.492472648000103],[100.40222566500017,13.492338649000146],[100.40204798000013,13.492233754999972],[100.40196934600016,13.49224381800019],[100.40191071700019,13.492311529],[100.40188238700017,13.492513835000068],[100.40178487300011,13.49265878100016],[100.40157919500012,13.492813968000121],[100.40146165200008,13.492901257000142],[100.40129460300005,13.492931072000033],[100.40115661800007,13.492883696000035],[100.40099855100004,13.492769063000026],[100.40092879400004,13.492615446000059],[100.40090828700005,13.492471152000178],[100.40079941,13.492356252999969],[100.40057350400014,13.492415259000097],[100.40038773800006,13.492608839000127],[100.4002510210002,13.492782861000137],[100.40016289800008,13.492850737000026],[100.40005457300009,13.49283209600003],[100.4000247260002,13.49277449900012],[100.3999846010002,13.492639953000037],[100.39994462900006,13.49253428600008],[100.39987566800016,13.492515416000117],[100.39968949500008,13.49264160000007],[100.39961142200013,13.492747922000149],[100.39947387600012,13.492777573000012],[100.39934567100005,13.492720543000132],[100.39925641700017,13.49259588800004],[100.39912798800009,13.492500350000114],[100.39884084100004,13.49239384100008],[100.39876061400008,13.492394289000117],[100.39848078000017,13.49234324200006],[100.3983082270002,13.49224951400015],[100.39816754100013,13.492092477000028],[100.39812312200007,13.491850740000189],[100.39820881200006,13.491611684000134],[100.39813685000013,13.491622351000046],[100.3978978560001,13.491799850000064],[100.39769118000004,13.491894189000107],[100.39746765300009,13.49191225300001],[100.39718398399998,13.491939088000038],[100.39699449800014,13.491878445000054],[100.39688163200003,13.491896773000178],[100.39659582500008,13.491802102000065],[100.39643758800008,13.491658574000098],[100.39635756600018,13.491427987000122],[100.3963565590002,13.491254732000073],[100.39621817500012,13.491139971000052],[100.395942353,13.491074118000029],[100.39344347400015,13.491020634000051],[100.39275437100002,13.491007159000105],[100.39270987700007,13.491038268000125],[100.39247357300007,13.490995572000145],[100.39223048700006,13.491007274000026],[100.39211497700006,13.491142405000119],[100.39209545200015,13.491421842000022],[100.39204463600004,13.491773870000031],[100.39192059100014,13.491962966000074],[100.39190841200013,13.49198153900005],[100.39166556800012,13.49203462000014],[100.39155485800018,13.491994679000072],[100.39141131800005,13.49194290800017],[100.39133695200007,13.491881251000109],[100.39123069600004,13.491788723000127],[100.39109375400005,13.491872261000083],[100.39095763900008,13.492100606000065],[100.39090670900009,13.492431943000042],[100.39077256200011,13.49300169300011],[100.39072551200013,13.493106900000043],[100.39068907600011,13.493188367000073],[100.39054167800003,13.493292649000011],[100.39029841000013,13.493273306000106],[100.39010673500019,13.493036422000046],[100.3899417180001,13.492717935000087],[100.38993988500005,13.49271888000004],[100.38988906300011,13.492744959],[100.38970639799999,13.492865591000054],[100.38946962100005,13.492881873000158],[100.38919434100018,13.492846005],[100.38912373900001,13.492811932000109],[100.38909615500006,13.492825627000116],[100.38886986000006,13.492817246000016],[100.38839725300016,13.492742852999982],[100.38812170600016,13.492729584000074],[100.38786538400012,13.492613986000094],[100.38683693700017,13.49217855000012],[100.38627756900007,13.491726552000046],[100.38611815300004,13.49157139500005],[100.38579288000005,13.491457685000057],[100.38522130100006,13.49127793200006],[100.38469913300003,13.49113641700012],[100.38450211300011,13.49108937700015],[100.38425658000011,13.491158114000086],[100.38409019400018,13.491303433000098],[100.38402231800006,13.49147707700007],[100.38384610600008,13.491622459000041],[100.38367910800014,13.491661879000105],[100.38354167100005,13.491710762000139],[100.38345374200014,13.491817147000177],[100.38345446300008,13.491942277000021],[100.38346503300005,13.492067365000082],[100.38340672800012,13.492192815000124],[100.383239888,13.492261155000108],[100.38312180200018,13.492252166000185],[100.38294479400008,13.492262781000079],[100.38279780300013,13.49235983],[100.38256171500012,13.492361132000156],[100.38222672200004,13.492266738000126],[100.38221582000017,13.492083879],[100.38212564300011,13.491795584000045],[100.38198609400018,13.491478681000046],[100.38195514000012,13.49122856400004],[100.38195447600003,13.491113059000156],[100.3820809140002,13.490862070999981],[100.38231533100014,13.490571982000063],[100.38221581400018,13.490370375000168],[100.38203808600002,13.490255819000083],[100.38173281400003,13.490199755999981],[100.38161483000005,13.490210039000033],[100.38149707300016,13.490258799000173],[100.38149773700019,13.490374330000066],[100.3815082320001,13.490489780000189],[100.3813712930002,13.490625306000027],[100.381292798,13.49065463100004],[100.38118485200016,13.490703353000185],[100.3810962030002,13.49068459700004],[100.381017956,13.490762035000046],[100.38094959500012,13.4908490360001],[100.38089153000004,13.491013020000139],[100.38070542000008,13.491148815000088],[100.38054791200005,13.491130418000068],[100.38046886800004,13.491073090000157],[100.38044847300006,13.490948056000093],[100.38055474100014,13.490610546000084],[100.38045594500016,13.490534080000145],[100.38033803500014,13.490553983000098],[100.38017022700012,13.490458643000181],[100.38014968500005,13.490304731000094],[100.3801485800002,13.490112221000118],[100.38016503000017,13.489553786000045],[100.38008563100004,13.48942907500009],[100.37982961400013,13.489382336000062],[100.37938668900011,13.489336655999978],[100.37914116000019,13.489405385000111],[100.3790531790001,13.489502136],[100.37892629500004,13.489676122],[100.37880854200017,13.489724885000044],[100.37866087900011,13.489706442000056],[100.37853238500014,13.489601259000153],[100.37846304700008,13.489515011000094],[100.37839389900006,13.489467257000058],[100.37819700500012,13.489439455000081],[100.3777543720002,13.48944188600018],[100.37749854100008,13.489433666000025],[100.377311341,13.489376935000053],[100.37709441900017,13.48929148200017],[100.37691715600016,13.48925394700018],[100.3766716250002,13.489322680999976],[100.37655391800013,13.489381091000041],[100.37643637500008,13.489468374000069],[100.37636818300012,13.489584274000038],[100.37634942700004,13.4897480140001],[100.37636110400018,13.490065622000088],[100.3763526800002,13.490315958],[100.37626526700018,13.490508975000068],[100.37609864500007,13.490615768000112],[100.37594137200011,13.490635885000131],[100.37553801000013,13.490628471000036],[100.37516362200006,13.490524631000142],[100.37450433900011,13.490489743000126],[100.37440537800018,13.490384393000113],[100.37436514800004,13.490230588000088],[100.37413752900017,13.489991170000167],[100.37396025400011,13.489953632000038],[100.3738029220001,13.489964132000068],[100.37368503900018,13.489993648000166],[100.3736559740002,13.490070819999971],[100.37367620000009,13.490166981000016],[100.37347106100009,13.490418393000084],[100.37336352200015,13.490534490000186],[100.37315694400007,13.49053562000006],[100.37276341800003,13.490528158000188],[100.37266478800007,13.490480568000123],[100.37256636000006,13.490471473000184],[100.37247798500016,13.490500835000148],[100.37238990000003,13.490578325000172],[100.37221301600016,13.490608177000126],[100.37199644800017,13.490580477000151],[100.37171085000017,13.490524275000098],[100.3715631870001,13.490505837],[100.3713666230002,13.490535795000028],[100.37083111000004,13.49044424300007],[100.37080071300011,13.490439044000084],[100.37062054,13.490408243000104],[100.37005703100004,13.490311901000155],[100.36946640000008,13.490238116000171],[100.3689641260001,13.490134969000053],[100.36869776600008,13.490001655000015],[100.36773334000003,13.489929905000167],[100.36728001400019,13.489787965000119],[100.36696481800004,13.489712682],[100.36683638200009,13.489617128000134],[100.36673736900013,13.489502130000176],[100.36666780000019,13.48937736199997],[100.3665585010001,13.48918543100018],[100.3664198560001,13.489022536000107],[100.36621269600016,13.488917771000047],[100.365937201,13.488909640000031],[100.36546455400008,13.488825573999975],[100.36538560100007,13.488777870000149],[100.3653456360002,13.488672195000163],[100.36514847100017,13.488596269000084],[100.36479469300019,13.488655946000165],[100.36459773100006,13.488618508000059],[100.36439071800004,13.488542625000093],[100.36434121600007,13.488485131000175],[100.36431077100013,13.488321641000141],[100.36431026600013,13.488232576000144],[100.3643096240001,13.488119491000077],[100.36424045600006,13.488062113000126],[100.364210787,13.488033394000183],[100.36420012299999,13.4878890600001],[100.36418006600002,13.487821775000157],[100.36412083400012,13.487783589],[100.36402251000015,13.487793753000119],[100.36388479800013,13.487794501000053],[100.36378688000019,13.487872042000163],[100.36367900900007,13.48793041000016],[100.36355106800005,13.48792147100005],[100.36332444400011,13.487855308000178],[100.36304841700013,13.487750906000088],[100.36293967700016,13.487655233000055],[100.36289993800017,13.487588071000175],[100.36282114000005,13.487569252000128],[100.36258517600004,13.487589780000064],[100.36248724100005,13.487667320000071],[100.36247817000009,13.487802142000021],[100.3624000210001,13.487898838000035],[100.36234122100007,13.487937675000126],[100.3621940590001,13.488005849000103],[100.36206629000014,13.488025788000073],[100.3618301680001,13.488017440000078],[100.36176097700019,13.487960070000156],[100.36170157100003,13.487892990000091],[100.36166157700012,13.487777703000063],[100.36157255800015,13.487691539000025],[100.36142490100008,13.487673085000097],[100.36130712599999,13.487721858000157],[100.36126820700008,13.487799078000137],[100.36123948099998,13.487934019000022],[100.36116110000017,13.487992190000114],[100.36110285800015,13.488015355000186],[100.36106296300017,13.488031231000093],[100.360807152,13.488022989000115],[100.36004951000007,13.487988596000037],[100.35991202400004,13.488027841000132],[100.35980432500008,13.488115063000066],[100.35976539300009,13.488192301000083],[100.3595985550001,13.488260579000041],[100.35942138400014,13.48824228900014],[100.35933253800005,13.488185007000027],[100.3592533580001,13.488098802000081],[100.35906623900013,13.488061305000087],[100.35892841700013,13.488042798000038],[100.3587116430001,13.48797659700017],[100.35855347800009,13.487842681000132],[100.35849605500005,13.487782465000123],[100.35843474100011,13.487718167000082],[100.35835572500014,13.487660830999971],[100.3582470250002,13.487574781000149],[100.35794106100013,13.487504732000104],[100.35570118400017,13.486991901000067],[100.35563701500007,13.48696717000007],[100.35532520000015,13.486927095],[100.35333399800004,13.486891869000146],[100.35155177000019,13.486852862000035],[100.35056939800012,13.486711325000101],[100.350412,13.486712172000068],[100.3502152800001,13.486713230000191],[100.34991996100013,13.48667631000012],[100.34971345700006,13.486687067000048],[100.34930961200013,13.486592955000106],[100.34917195200012,13.486603313000046],[100.349074084,13.48669050400008],[100.34902602300019,13.4868929000001],[100.34896753800007,13.486989478000112],[100.34890733500015,13.487030746000187],[100.3487221530001,13.487092088999987],[100.3485311450001,13.48713150400016],[100.34815441700005,13.48710134200013],[100.34780024300005,13.487034009000183],[100.347393098,13.486984254000049],[100.3470568050002,13.48695143599997],[100.34680906200003,13.486935464000112],[100.34636672400018,13.486920519000023],[100.34590681700007,13.486922985000035],[100.3455704270001,13.486872855000172],[100.34526884300004,13.486718667],[100.34525008900005,13.486528340000177],[100.34517865800012,13.486407547],[100.34496619200013,13.486374055000113],[100.34463047200006,13.486445096000011],[100.344259685,13.486568267000166],[100.34420748200006,13.486724353000113],[100.34408395100002,13.48677694700001],[100.34357095900003,13.486779693000074],[100.34298634300018,13.48662701600017],[100.34266745800016,13.486542169000131],[100.34217207600005,13.48652751600008],[100.34169475000016,13.486581991000094],[100.3413766380001,13.486635624000144],[100.34102322800004,13.486706755000114],[100.34074117900002,13.486881379000124],[100.3404760250001,13.486917417000086],[100.34015743100008,13.486884497000062],[100.33982055800016,13.486747809000121],[100.33966690700015,13.486666845000173],[100.33957464500014,13.486662668000065],[100.33870386500007,13.486623248],[100.33859212900006,13.486623844000064],[100.33773897100014,13.486628392000114],[100.33768512700016,13.486628679000034],[100.33676445100014,13.486652759000037],[100.3363411090001,13.48671880500001],[100.33588115900011,13.48679056200018],[100.33574656400003,13.486811559000046],[100.33470919100012,13.48698963400011],[100.33469266600008,13.48699101700015],[100.33450362500014,13.487006830000155],[100.33411816300003,13.487039069000048],[100.33376219000019,13.487068843000031],[100.33373005800019,13.487071531000083],[100.33334460200007,13.487362179000115],[100.33332978900017,13.487373349000165],[100.3330323990001,13.487597590000178],[100.332891937,13.487788766000165],[100.33278715100005,13.488031702],[100.33238202900009,13.488336405000098],[100.33208958600017,13.488501437000082],[100.33183537200011,13.488659964000135],[100.33144705700005,13.488817822000044],[100.33111145100014,13.488906165000174],[100.33072161100006,13.488787048000177],[100.330444489,13.488424971000143],[100.33019453700012,13.488010798000062],[100.3302209430002,13.487820258000113],[100.33030784400017,13.487542803000167],[100.33021739800017,13.487179746000038],[100.33032160500017,13.486832967000055],[100.33028470300013,13.486556160000134],[100.33014279400004,13.486487678000174],[100.32991359000005,13.486627380000186],[100.32968479700003,13.486836341000128],[100.329437531,13.48690688500011],[100.3291903510002,13.48699474800003],[100.32888983800007,13.487030979999986],[100.32853613300006,13.487050153000098],[100.3283769370002,13.48705099600005],[100.32818215300006,13.48701740600012],[100.32786403500006,13.487071031000028],[100.32719510200019,13.487663149000184],[100.327142503,13.4877499910001],[100.32701963900018,13.487923759000068],[100.32694973600013,13.488079937],[100.32679167500015,13.488288511000064],[100.32658026000013,13.488445427000045],[100.32633347000012,13.488602548000188],[100.3260687020001,13.488707822000038],[100.32587382200012,13.488656909000156],[100.32580220800008,13.488501479000092],[100.32569484400005,13.488276996000081],[100.32555236200017,13.488104629000134],[100.32530442500018,13.48805399700018],[100.32502167200016,13.48810743200005],[100.32473912200004,13.488195488000088],[100.32440227400002,13.488058760000115],[100.32399540700004,13.488060907000033],[100.32365987600008,13.488166553000099],[100.32341298600011,13.488306350000187],[100.32322928700006,13.488397450000093],[100.3221790340001,13.488551447000134],[100.32090822800012,13.48885763900006],[100.32017972000006,13.489033165000023],[100.31977333400005,13.489121847000092],[100.3192785060001,13.489211022000063],[100.31880182100019,13.48938664800005],[100.31841360700008,13.489561786000138],[100.31809614700006,13.489736574000062],[100.31774406200014,13.490050039000153],[100.31754993800007,13.490137612000183],[100.31717912800013,13.490260764000084],[100.31677245500015,13.490297500999986],[100.31645404400018,13.490299171000117],[100.31601245700017,13.490422673000069],[100.31562405100016,13.490563200000054],[100.31528889100014,13.490738073000045],[100.31509440600013,13.490756423000164],[100.31481136600019,13.49075790600017],[100.314529269,13.490932495000152],[100.31406972700017,13.491004135000026],[100.31373343900009,13.490971275000163],[100.31334463900004,13.491042553],[100.31295574800009,13.49109653100004],[100.3126198270001,13.491132911000022],[100.31231985200009,13.491272986000183],[100.31200229299998,13.49143043600003],[100.31168454300018,13.491553282000098],[100.31138485800017,13.491745281000078],[100.31103162700015,13.491850992000025],[100.31059022100004,13.492009087000042],[100.3102547900001,13.492132034000178],[100.3099019330001,13.492306996000082],[100.30965539000005,13.492516025000043],[100.30921456900012,13.492778009000062],[100.30843734900009,13.492989795000028],[100.3077665560001,13.493252976],[100.30716658400019,13.493533098000114],[100.30686082000011,13.49371234500012],[100.30671599700014,13.493795110000121],[100.30635511300011,13.493952797000134],[100.30582507500014,13.494076742000175],[100.30545518200017,13.494372965000082],[100.30466024500004,13.494584852000116],[100.30427116500016,13.494604158000072],[100.30365257600005,13.49471126800006],[100.30310522000008,13.494904541000153],[100.3027532000001,13.495235299000171],[100.30250723000017,13.49554818200005],[100.30204849600005,13.495775618000039],[100.30155384000011,13.49589936200016],[100.30154101500005,13.495904085000063],[100.30149855000019,13.495910706000188],[100.30138960800002,13.495940283000039],[100.30137988800016,13.49594495100007],[100.30129143700003,13.495979193999972],[100.30076646800018,13.496148061000042],[100.30076220100011,13.496146625000108],[100.30060311400018,13.49620297700011],[100.30054362700014,13.49621885700003],[100.30009548700019,13.496374096000181],[100.30009002000014,13.496446781000031],[100.29915395000017,13.497019765],[100.29823556600019,13.497301517000096],[100.29663032000008,13.498158090000175],[100.29511305500006,13.498927664000064],[100.29421013900014,13.499168488000066],[100.2920523320002,13.500607739000088],[100.29203829700003,13.500617100000056],[100.29203692700008,13.50061801400011],[100.29177751700013,13.500791036000066],[100.28756170600008,13.503097877000073],[100.285479667,13.504129964000072],[100.2848266800001,13.50442761000005],[100.28431531300015,13.504741848000094],[100.28341584400005,13.505265826000084],[100.28290465900011,13.505614675000118],[100.28262262200013,13.505806542000073],[100.28223570900019,13.506241319000083],[100.28185269600004,13.506643425000107],[100.27506055600008,13.505108498000027],[100.27504800600013,13.504851114000076],[100.27509745700002,13.504675577],[100.27506871000008,13.504533307000145],[100.27500628900015,13.504369289000067],[100.27495515900017,13.504232616000081],[100.27488772400017,13.504183654000087],[100.27473108800018,13.504200882000077],[100.27464242100007,13.50437114000016],[100.27471067100004,13.504573473000107],[100.27459354799998,13.504656226000122],[100.27444773500008,13.504602201000182],[100.27444058300006,13.50459432100007],[100.27428443200017,13.504422256000112],[100.27419409900006,13.504274828000177],[100.27408098700016,13.504056291000097],[100.27400201800009,13.503947142000072],[100.27393990100018,13.503843377000067],[100.27387210400019,13.50372322700008],[100.273753247,13.50361606500013],[100.27331093400011,13.50274583200013],[100.27331092100019,13.502745808000157],[100.27248656400013,13.500117080000052],[100.27227121500016,13.499430351000171],[100.27222882300003,13.499224815000048],[100.27180962600005,13.497192196000185],[100.27143835500016,13.495174890000044],[100.27143076500005,13.49513365900009],[100.27117197300015,13.49358192700015],[100.27111408800005,13.493234842000106],[100.27016024400018,13.490679104000037],[100.2701280240002,13.49064344300001],[100.26939008000005,13.489647143000184],[100.26857496800011,13.488546645999975],[100.26774891000014,13.487594958000102],[100.26738210800016,13.487172361000091],[100.26730284600018,13.487061420000032],[100.26669796000004,13.486214733000054],[100.2664772380001,13.485905776000152],[100.26626108600016,13.485603211000068],[100.26604353800008,13.48529869600003],[100.26556021300019,13.48485693400005],[100.26543676200015,13.484744096000156],[100.26526286600017,13.484585155000048],[100.26458518900012,13.483965745000148],[100.26360077400011,13.483350563000045],[100.26169076200017,13.48163977900009],[100.26044789800005,13.480712791000087],[100.26022618700006,13.480547425999987],[100.26017218500004,13.48050714700014],[100.25820560700004,13.47969682300004],[100.2569793940001,13.47896571300015],[100.2564470100001,13.47858771100016],[100.25635980400017,13.478525795000166],[100.25538285400017,13.478062810000154],[100.25527375000019,13.47801110600011],[100.25512045300002,13.47797345400005],[100.25447553600003,13.47781504700015],[100.25424810800007,13.477816183000073],[100.253760124,13.47781862],[100.25286816900018,13.477266773999986],[100.25280711600004,13.477224056000182],[100.25271757400009,13.477168657000163],[100.25250920500014,13.477044683000031],[100.2521888240002,13.476902285000108],[100.25121845100011,13.476470983000127],[100.25116072500015,13.476451026000177],[100.25023157800007,13.476129817000185],[100.24964083200007,13.475925590000031],[100.24962120500015,13.475918806000038],[100.24950430900003,13.475877186000105],[100.24939987900012,13.475910279000118],[100.24924852500004,13.475867217000086],[100.24895717100009,13.4758084180001],[100.24827836300005,13.475505029000146],[100.24810482100008,13.475500429000135],[100.24798743400004,13.475528386000065],[100.24794669600004,13.475539994000144],[100.24792338400005,13.475533610000127],[100.247772366,13.475507987000071],[100.24764267000012,13.475434804000145],[100.24755060400014,13.475345610000034],[100.247388076,13.47517766400017],[100.24693664700004,13.474944666000056],[100.24685831500017,13.474916625000162],[100.24604303300003,13.474484933000156],[100.2459456700002,13.474371733000169],[100.24592571700009,13.474258161000023],[100.24592522700004,13.474163440999973],[100.2459632560001,13.474030639000034],[100.24604028600004,13.473954485000093],[100.2461363810001,13.473821396],[100.24619383100003,13.473697950000144],[100.24613540000013,13.473631938000153],[100.24606742100008,13.473584915000117],[100.245999272,13.473509481000065],[100.24590224500008,13.473462600000175],[100.24569806000017,13.47328363000014],[100.24534902600004,13.473171679000188],[100.24528128200012,13.473172014000113],[100.24525244900013,13.473210049000159],[100.24479937700016,13.474286364000136],[100.24471700900006,13.474482036000154],[100.24466901099998,13.474558046000027],[100.2445625790001,13.474568045000069],[100.243332742,13.474451000000101],[100.24322612600008,13.47442309700017],[100.24314842000007,13.474366650000036],[100.24304116800005,13.474215619000063],[100.24297281700018,13.474102285000072],[100.24291342600014,13.473846823000088],[100.24282627000002,13.473837794000133],[100.24274905700014,13.473876038000128],[100.24272999700014,13.473932982],[100.2426531930002,13.474056504000146],[100.24256676100015,13.474189546000105],[100.24250888600005,13.474227724000059],[100.24237367100017,13.474285223000152],[100.24230626700012,13.47435186700011],[100.24227742700003,13.474389900000176],[100.24222483900013,13.474499295999976],[100.24199764700012,13.474597920000178],[100.24172737900017,13.474627111000189],[100.24152772300016,13.474544512000023],[100.24134214000014,13.474434014999986],[100.24115661000008,13.474337435],[100.24102810500005,13.474254501000075],[100.24094236100007,13.474185289000047],[100.24072844900013,13.474102771000105],[100.24060044700019,13.474117335000074],[100.24044360500017,13.47406238800005],[100.2404001270001,13.473909403000107],[100.24035672100007,13.473770339000168],[100.24037030200003,13.473644907999983],[100.24041242600015,13.473533267000107],[100.24036915300002,13.47342205800004],[100.24032624800014,13.473380491000057],[100.24021232000013,13.473367118999988],[100.240141365,13.47340926000004],[100.23998497500003,13.47343786700003],[100.23988528300015,13.473424446000024],[100.23964335200014,13.47342564000013],[100.23947278600002,13.473468270000126],[100.2393305390001,13.473482904000093],[100.23910284200014,13.47348402800003],[100.2388038360001,13.473457638000127],[100.2383623840002,13.47340411200014],[100.2380918390001,13.473377578000054],[100.23746529100009,13.473311032000083],[100.23728015100005,13.473284080000155],[100.23719505100013,13.473340209000071],[100.23701111900004,13.473550038000155],[100.2368695150002,13.473690033000082],[100.23674213800007,13.473829938000051],[100.23671418600003,13.473927575],[100.23671504500004,13.47409470499997],[100.23663009,13.474178689000041],[100.23651630200004,13.474193182000079],[100.23634517200009,13.474124381000138],[100.23627278700002,13.473887968000042],[100.23641381800007,13.473636555000098],[100.23646967700017,13.473427358000095],[100.2363134110002,13.473483838000163],[100.23617130500014,13.473526315000015],[100.23615945800015,13.47352394000012],[100.23583706400012,13.47338714500006],[100.2354890740001,13.473239487000114],[100.2354008740001,13.47315404900013],[100.23538642100004,13.472981325000092],[100.2353857290002,13.472973047000096],[100.23538515700011,13.4728616270001],[100.23535604100005,13.472736414000167],[100.2352702350002,13.47265326900009],[100.235113323,13.472584397000105],[100.23498174700018,13.472554419000119],[100.23481410400007,13.472516225000106],[100.23464318900005,13.472489209],[100.2345787070002,13.472481116000154],[100.23363586300019,13.472598045000154],[100.23347652600006,13.472617807000177],[100.23186248200005,13.472765758000094],[100.23039069400016,13.472752964000108],[100.23004846000009,13.472674641000083],[100.22944932900015,13.472537521000106],[100.2292102770001,13.47229431400018],[100.22910652400014,13.472188757000026],[100.22903838100007,13.472119430000078],[100.22898035999998,13.47200379100019],[100.22881650800014,13.471677216999979],[100.22867845300016,13.471402056000045],[100.2283775640002,13.470802349000053],[100.22790950500013,13.47033262500014],[100.22780228500011,13.47022502100009],[100.22763861300007,13.469869396999968],[100.22770502000014,13.469686184000182],[100.22780106400012,13.469409127000063],[100.2279267040002,13.469208248000086],[100.22795004900013,13.46900785600019],[100.22793479200016,13.468883937000157],[100.22787112500015,13.468817500000057],[100.22775884900011,13.46877513100003],[100.22764179700016,13.468751856000154],[100.22755382100019,13.468699831000038],[100.22751950100019,13.468657092000115],[100.22748527200008,13.468633403000013],[100.22745099300005,13.468600196000011],[100.22742649100013,13.468571711000095],[100.22736787100007,13.46854338200012],[100.22726064400018,13.46853436200007],[100.22718764900009,13.468549039000152],[100.22711478100007,13.468592304000083],[100.22704183700012,13.468621265000081],[100.22697376600007,13.468650221000189],[100.22690069000004,13.468650578000108],[100.22682765900015,13.468660470000032],[100.2267595690002,13.46868940800016],[100.226696398,13.468718321000154],[100.22664299900015,13.468756733000134],[100.22658971100014,13.468818981000084],[100.22643938900018,13.468958003000068],[100.2258011520002,13.469924360000164],[100.22575737300002,13.469938877000061],[100.22569407000003,13.469943953000097],[100.22562094300014,13.469934774000137],[100.22551372200007,13.469930520000162],[100.22537734600013,13.469940730000133],[100.22528970200017,13.469950692000054],[100.22521678300006,13.469984421999982],[100.22512940500013,13.470046844000024],[100.22507119900013,13.470099591],[100.22495290800003,13.470193321000124],[100.22457409000009,13.470428818000187],[100.22445055399999,13.470321394000166],[100.22426537500007,13.47008224100017],[100.22406026400006,13.469943207000028],[100.22404485900012,13.469905239000127],[100.22398489300014,13.469757425000125],[100.22387396500017,13.469484002000172],[100.22362593800017,13.469462103000012],[100.22339142500005,13.469373422000047],[100.22335240600012,13.46936407700008],[100.22331342600006,13.469364267000117],[100.22327455400006,13.469383526],[100.22296971800006,13.469804627000144],[100.22292603199998,13.469833452000103],[100.22287749300017,13.469871839000177],[100.22271792300012,13.470111053000096],[100.22268876800007,13.470125488000122],[100.2226546600001,13.470125654000128],[100.22258642700007,13.470121228000096],[100.22253283400016,13.470121488000132],[100.22247942500007,13.470159889000058],[100.22237722800008,13.470184233999987],[100.22230403000003,13.470160743000122],[100.22227460700003,13.47012274499997],[100.22226457400018,13.470065562000116],[100.22229348700017,13.470003425000073],[100.22233221600004,13.469955561000177],[100.22233663500015,13.469864935000146],[100.22232650500001,13.469788685000026],[100.22230667300016,13.469722036000121],[100.22229167100016,13.469645798000045],[100.22227182200004,13.469574369999975],[100.22226149800008,13.469459970000116],[100.22227053900019,13.469321647000129],[100.22229909000015,13.469187987000112],[100.22234238100009,13.469078094000167],[100.22237129500019,13.46901596500004],[100.22241969800018,13.468948972000135],[100.22245831000004,13.468882030000088],[100.22249207900006,13.468815100000029],[100.22251611600018,13.468748227000106],[100.22254490900019,13.468662243000097],[100.22258341700018,13.46857148000015],[100.22263153500006,13.46845201800005],[100.2227137500002,13.468332410000073],[100.22293585000011,13.467930775000184],[100.22297423900017,13.467816136000181],[100.22303200200008,13.467677577000188],[100.22308985900014,13.46755807600016],[100.22314289600018,13.467448155],[100.22317667400011,13.467381223000189],[100.22319099800006,13.467323934000149],[100.22320008700018,13.467195136000157],[100.22321443300012,13.467142613000135],[100.2232385320001,13.467090042000166],[100.22324797600015,13.467032778000032],[100.22324295200008,13.466985923000152],[100.2232377570001,13.46693745500005],[100.2231838740002,13.46688050500012],[100.22269689100011,13.466762710000069],[100.22217894000016,13.46663742200019],[100.22198905500017,13.466662182999983],[100.22186695800013,13.466704213000128],[100.2218625930002,13.466705716000149],[100.22180416200007,13.466710777000117],[100.22173095200003,13.466687286000024],[100.22171283600017,13.466672659000153],[100.2216722450001,13.46663988500012],[100.22162324900012,13.466587672000117],[100.22155973000008,13.466549840000027],[100.22143771200012,13.466507504000106],[100.22127188200011,13.466474937000157],[100.22105251800008,13.466452166000124],[100.22098919700005,13.466457230000174],[100.22087734300004,13.466495924000185],[100.22080556300011,13.466486905000068],[100.22080420600014,13.466486735000046],[100.22080392200007,13.466486570000143],[100.2207309010002,13.466444191999983],[100.22054536900009,13.466368783000064],[100.22041870900011,13.46636939800004],[100.22036521200005,13.46638872900013],[100.22035189399998,13.46639402000011],[100.22034089600015,13.466398391000041],[100.22030709100011,13.46646054300004],[100.22030426700007,13.466471846000161],[100.21995553900013,13.466947447000166],[100.2197521540001,13.467087355],[100.21952403300014,13.466884726000046],[100.21910732700013,13.466812661],[100.21799005900004,13.466669908000028],[100.21776032500009,13.466579223000053],[100.21756459000011,13.466364269000053],[100.21755218300007,13.466153427],[100.21755049900008,13.465820440000073],[100.21755018300007,13.46575791600003],[100.21753002200012,13.465694053],[100.21705404000016,13.465457188000016],[100.21617047400008,13.465165471000148],[100.21533321000004,13.465201046000175],[100.21508404600007,13.46531540900014],[100.21449023200012,13.465587963000132],[100.21408315100012,13.465589930000021],[100.21030460200018,13.464577652000116],[100.21028979800019,13.46453956400012],[100.21025565100012,13.46453021100018],[100.20952379700014,13.464328678000129],[100.20895298300019,13.464178833000062],[100.20888970700008,13.464188672000091],[100.20884107200004,13.46420798400004],[100.20868707900019,13.464260198000147],[100.20859708200015,13.46427842300011],[100.20854553300006,13.464265525000144],[100.20849198600013,13.4642202],[100.208778284,13.463345177000178],[100.20878403400013,13.463324312000111],[100.20893617900003,13.462772201],[100.20893603600013,13.462743594000074],[100.20892619900008,13.462724570999967],[100.20887722300012,13.462672343000122],[100.20885260900002,13.46262478500006],[100.20883291000013,13.462581953999972],[100.20878405500008,13.462553582000112],[100.20738808300018,13.46205005100012],[100.20733935200013,13.462050285000146],[100.20731996200016,13.462069447000147],[100.20728646800006,13.462193594000041],[100.20725750300005,13.462246187],[100.20722837300013,13.462265398000113],[100.20720903200004,13.462294107000048],[100.20707521700007,13.462784205000105],[100.20673057800008,13.464046453000094],[100.20667724700019,13.464099162000139],[100.20653603500006,13.464114153000025],[100.2064335770001,13.464086039],[100.20637004300016,13.464048183999978],[100.206311326,13.463996020000138],[100.2062476700001,13.463934329999972],[100.20620358000014,13.463886854000123],[100.206144925,13.463848986000016],[100.20607168100014,13.46381595300005],[100.2059644360001,13.463806952000084],[100.20587190800006,13.463812143999974],[100.20579389300008,13.463802965000014],[100.2057303900001,13.463769906000039],[100.20560355300017,13.463737149999986],[100.20549636800007,13.463737664000064],[100.205389341,13.463771541000085],[100.20533109100018,13.463814738000053],[100.20529700600008,13.463819668000099],[100.20520922000014,13.463801019000073],[100.20514096500006,13.463791811000021],[100.20509716200007,13.463801556000021],[100.20503885600004,13.463835219000032],[100.2049901360001,13.463835452000126],[100.20489744300016,13.463812067999982],[100.20482412800004,13.463764715000082],[100.2047654970001,13.463731613000164],[100.20469726700014,13.463727174000098],[100.20460484600005,13.463756231000104],[100.204566048,13.46379456600016],[100.204546746,13.463832800000091],[100.20453254600011,13.463913938000076],[100.20450834900015,13.463947436000183],[100.20444994200017,13.463957252000114],[100.20441307900006,13.463945662000015],[100.20440324600003,13.463942561000067],[100.20431026500006,13.463923871000077],[100.20428882400017,13.463918687000046],[100.204254816,13.463910500000168],[100.20410334000013,13.463825388000032],[100.20408452700008,13.463803107000047],[100.20405923900012,13.463773156000173],[100.20406379100012,13.463711137000075],[100.20407339000013,13.463682485],[100.204160338,13.463529467000171],[100.20417922600018,13.463410176000139],[100.20419349100018,13.463338573000158],[100.2041688970001,13.463291016000028],[100.20411012700004,13.463234057000022],[100.20404673100012,13.463220067000123],[100.2039688590001,13.46323951200003],[100.2039058810002,13.463311345000022],[100.20386256300014,13.463416450000125],[100.20376538500011,13.463469350000082],[100.20368748600015,13.463484055000094],[100.20360985000013,13.463546433000147],[100.20356151900012,13.46362293900006],[100.20354276600011,13.463634074000026],[100.20351294000011,13.46365178600007],[100.20343006200017,13.463642647000086],[100.20340071500016,13.463618939000071],[100.20335193700004,13.463609639000026],[100.20330317800017,13.46360033600007],[100.20324938500005,13.463562445000036],[100.20323935600004,13.463505269999985],[100.20324962500007,13.463464240000178],[100.20325369400013,13.463447980000069],[100.2032873730002,13.463361982000038],[100.20330647700018,13.463285591000044],[100.20331588400012,13.463218789],[100.20331082400008,13.463180664000163],[100.20328145300005,13.463152197],[100.20309104800003,13.463076808999972],[100.20299857100008,13.463096339],[100.20296966000012,13.46316322400014],[100.2029504910002,13.463225315000045],[100.20292619300017,13.463234967000119],[100.20286767400017,13.463225711000064],[100.20283827300017,13.463187691000087],[100.20283296100007,13.463106667000147],[100.20283248400011,13.463011290000168],[100.20283686800013,13.46290636100008],[100.20280725600014,13.46283497000013],[100.2027923230001,13.462773061000064],[100.20274799700013,13.462677892000102],[100.20273303500016,13.462606441000162],[100.20273744400009,13.462515805000123],[100.20277121900011,13.46244890600019],[100.20300226200015,13.461885107000171],[100.20300197700004,13.461827879000055],[100.20292383800006,13.461790101000133],[100.20284582000016,13.461776180000129],[100.20276779000011,13.461762233000115],[100.20267519600009,13.461757926000018],[100.20253851100006,13.461706119000098],[100.20250429400016,13.461682434000181],[100.20242626600009,13.461668514999985],[100.20236292200019,13.461668818000135],[100.2023044660001,13.461669097000026],[100.20223019500008,13.461643060000142],[100.20214340400014,13.461612636000098],[100.20196284800011,13.461556277000113],[100.20190439400005,13.461556557000165],[100.20179717400009,13.461552293000182],[100.2017436220001,13.461562083000103],[100.20167532100004,13.461543340000048],[100.20162644300007,13.46151020900004],[100.20148985500015,13.461477471000023],[100.20139235000016,13.461463633000108],[100.20128514200019,13.46145937800003],[100.2012167850001,13.461431107000067],[100.20113877800014,13.461421936000136],[100.20102551200017,13.461401462000026],[100.2008531940001,13.461371642000017],[100.2008218090001,13.461366218000137],[100.20079746900007,13.46137110300009],[100.20076839800004,13.461404615],[100.20073476200008,13.461495381000077],[100.20071540000009,13.461524097000108],[100.20066188800013,13.461538647000111],[100.20061815700012,13.461562702000037],[100.20058912100006,13.461600982],[100.20057961500015,13.461648713000159],[100.20057026800015,13.461729827000113],[100.20054653100004,13.461853918000145],[100.20049814300017,13.461920914000189],[100.20044503900004,13.462021307000043],[100.20031893000015,13.46213635099997],[100.20028977600003,13.462150804000032],[100.20014853900017,13.462161014000174],[100.20006568600019,13.462156631000084],[100.19999256100004,13.462147444000095],[100.19995351600011,13.462138096000047],[100.19986580200015,13.462133757000117],[100.19978310000005,13.462157980000086],[100.19973942500008,13.462191571000119],[100.19971534500002,13.46224890700006],[100.19964274400019,13.46234463400009],[100.19960375600016,13.462344820000112],[100.19951595900005,13.462326170000154],[100.1994767770002,13.462283427000102],[100.19943756900017,13.462235938000163],[100.19937389400013,13.462169468000127],[100.19932985300011,13.462131537000118],[100.19927117400016,13.46208889900015],[100.19920767500014,13.462055836000161],[100.1991050520001,13.461994327000127],[100.1990463260002,13.46194214500008],[100.19897290900008,13.461875748000182],[100.19890943100017,13.461847427000066],[100.19884592000011,13.461814355000172],[100.19879694600019,13.4617621270001],[100.19879166200008,13.461681093000152],[100.19879625800013,13.46162385800011],[100.19884940100013,13.461533001000134],[100.19885891400014,13.46148526100012],[100.19883918200009,13.461437659000069],[100.19879023700008,13.461394984000037],[100.19872682000005,13.461376215000143],[100.19863422400005,13.461371898000039],[100.19858074900014,13.461395982999989],[100.19855176900006,13.46144382500006],[100.19852287200007,13.461515468000016],[100.19850866900003,13.461596604000022],[100.19847471900005,13.46163014900003],[100.1984163840001,13.461654275000058],[100.19837252300016,13.461654484000178],[100.19829471700007,13.46168346200011],[100.19824126700013,13.46171230300007],[100.19821211300018,13.461726774000113],[100.19815362400004,13.461722284000075],[100.19811442200017,13.461679562000143],[100.19811399500009,13.461593718000131],[100.19811380500005,13.46155557700007],[100.19808429199998,13.461498488000075],[100.19805009100008,13.461479580000116],[100.19802561800014,13.461455858000079],[100.19801073400015,13.461403467000082],[100.19801530600017,13.461341455000138],[100.19805385700005,13.46125544500012],[100.19811678800005,13.461174067000115],[100.19815056400017,13.461107151000078],[100.1981112200001,13.46103581300008],[100.19806720600019,13.461002650000069],[100.1979988330001,13.460969584000168],[100.19793541600012,13.460955583000157],[100.19790135100004,13.460960521000061],[100.1978479390001,13.460998918000087],[100.19780930100006,13.46106585900003],[100.1977464420001,13.461161529000151],[100.19770285300012,13.461214199000096],[100.19764474500016,13.461286002000065],[100.19761089800011,13.461338624000177],[100.197582002,13.461405509000087],[100.19754829000004,13.461486740000169],[100.19750979500014,13.461582283000155],[100.19747600800014,13.461649221000187],[100.1974373700001,13.461716133000039],[100.19732568100005,13.46178820800003],[100.19726252600003,13.461826658],[100.19718951000004,13.461841317999983],[100.19709205400017,13.461837015000071],[100.19704320400018,13.461813409000115],[100.19697485500012,13.461785128000145],[100.19680426400015,13.461771620000093],[100.19673604800016,13.46177194500001],[100.19664338400014,13.461753314000191],[100.19655071500006,13.461734686000057],[100.1964922620001,13.461734964000073],[100.19645333000005,13.461744685000099],[100.19641453100013,13.461783018000176],[100.19635424600006,13.46180667100009],[100.19624118500019,13.46180339600005],[100.19617875000006,13.46178843500013],[100.19611638000009,13.461784917000045],[100.19604215800013,13.46175474100005],[100.19597962800015,13.461720711000055],[100.19591301900005,13.461648541000102],[100.19580756400012,13.461607086000186],[100.19570608300012,13.461580870000148],[100.1956318600001,13.461546879000082],[100.19556532900003,13.461489973000141],[100.19549888300003,13.461455970000088],[100.19538920800011,13.461345845000153],[100.1953303190001,13.461262186000056],[100.19525592700018,13.46119388500017],[100.1951775240002,13.461102701000073],[100.19513439200017,13.461053322000168],[100.19507556900004,13.460981114000049],[100.19500499100002,13.460893715],[100.1948757560001,13.460772241000086],[100.19472680200005,13.460605099000134],[100.19468361500009,13.46054046400019],[100.19467553700014,13.460483271000157],[100.1946675160001,13.460437533000118],[100.19466721300017,13.46037649800013],[100.19465139800019,13.460330802000101],[100.1946471240002,13.460254513000052],[100.19461569300017,13.460205050000127],[100.19458451800017,13.460205199000086],[100.19456132400018,13.46024347600013],[100.19454578500006,13.460258808000162],[100.19449116200008,13.460243810000179],[100.19444813400008,13.46021349400013],[100.19442844100013,13.460171632000026],[100.194428346,13.460152560999973],[100.19443583800012,13.460091481000063],[100.19444724500005,13.460034204000067],[100.194450915,13.459988417999966],[100.19443112700014,13.459927459000028],[100.19442702200007,13.45988552199998],[100.19440740600004,13.459862722000082],[100.1943800520001,13.459847594000053],[100.194348774,13.459828673000175],[100.19431752300017,13.459813564000115],[100.19427449500017,13.459783255000161],[100.19427044700018,13.459752745000117],[100.1942780240002,13.459706929000049],[100.19428559100004,13.45966112299999],[100.19425799900006,13.45960021000019],[100.19420331000003,13.459577575000026],[100.19416821900006,13.459573928000168],[100.19412927800016,13.459581741000022],[100.19403201699998,13.459616538000148],[100.19396607100003,13.459681711000087],[100.19393911400005,13.45974668000008],[100.19390448600018,13.459838411000078],[100.19386188400006,13.45989582600015],[100.19382295300011,13.459903646999976],[100.19379952400004,13.459896121999975],[100.19377986900008,13.459861887999978],[100.19374457000009,13.459816284000112],[100.19371321400018,13.459782106000148],[100.19368972199999,13.459763147999979],[100.19358836400016,13.459755983000036],[100.1934676620001,13.459783271000163],[100.19339372600001,13.459806508000042],[100.19334324500005,13.459844889000124],[100.19331623,13.459898415999987],[100.19330092600018,13.459959532000084],[100.19328571600016,13.460035905000098],[100.19322354500008,13.460074341000109],[100.19318452100003,13.460063067000021],[100.19311811200015,13.460032886000135],[100.19308674600006,13.459998707000068],[100.19306304300011,13.459933953000188],[100.19306274100012,13.45987292],[100.1930585610001,13.459815726000102],[100.19304261400009,13.459743315000026],[100.19301878800007,13.459655694000162],[100.1929951620001,13.459606204000181],[100.19296748700003,13.459526221000033],[100.19297108000006,13.45946517700014],[100.19297853300003,13.459396468000023],[100.19297823100004,13.459335434000138],[100.19296631500009,13.4592897120001],[100.19294272700012,13.459251683000048],[100.19290353000014,13.459206081],[100.19286061600013,13.45919865500008],[100.19282168600012,13.459206469000037],[100.19279472900013,13.459271456000181],[100.192779396,13.459324927000068],[100.19274084300008,13.459412852000128],[100.19268303000001,13.459539019000033],[100.19266780999999,13.459619197999984],[100.19265650800014,13.45969555400012],[100.19263738200016,13.459771937000085],[100.19261819000019,13.45982925700008],[100.19260299800015,13.459909436000032],[100.19259187400013,13.460027754000066],[100.19258449700015,13.460111729000175],[100.19258476100015,13.460165125000117],[100.192585157,13.460245222000083],[100.19258941200007,13.460317688000032],[100.19260142400003,13.460378675000015],[100.1925865550001,13.460527514000034],[100.19256379500018,13.460653518000129],[100.19254072600017,13.460718483999983],[100.1924864730002,13.460779769],[100.1924282540001,13.46082963800012],[100.19234262500004,13.460856752000097],[100.19225677700018,13.460834266000177],[100.1922333130002,13.460819121000043],[100.19218626500003,13.460765935000097],[100.1921548630001,13.460716501000093],[100.19215064500014,13.460655478000092],[100.19215828800014,13.460624917000189],[100.19215021100007,13.460567744000116],[100.1921539380001,13.460529566],[100.19213818900016,13.460502942000119],[100.19209522000006,13.460480251000092],[100.19203687100014,13.460507237],[100.19200594100005,13.46055698500004],[100.19196321500004,13.460587702],[100.19192435900004,13.460610771000063],[100.19184281500003,13.460672193000164],[100.1918157840002,13.460725736000086],[100.19180420400016,13.460744863000116],[100.19170304500005,13.460783483000114],[100.19163684400013,13.460799063000024],[100.19159393900009,13.46079163799999],[100.19148076800019,13.460765465000065],[100.19144558300007,13.46074274800003],[100.19141415200005,13.460693312000046],[100.19141004700015,13.46065135800012],[100.19139429000018,13.460617098000114],[100.19138250500015,13.46059808200016],[100.1913303930001,13.460573644000078],[100.19132806700009,13.460572949000152],[100.19128753900014,13.460566964000066],[100.19117916300002,13.460550959999978],[100.19117506400016,13.460503695000057],[100.19122437200014,13.46031433200011],[100.19127754099998,13.4601249480001],[100.1912937420002,13.460091377000083],[100.19135533100007,13.459831429000076],[100.19145464100006,13.459422764000067],[100.19146599300012,13.4593540460001],[100.19145411300002,13.459315953000043],[100.19144223500012,13.459277868000186],[100.19140308400017,13.459243706],[100.19133280900013,13.459217341000056],[100.19122353500018,13.459191150000095],[100.19116110000004,13.459176189],[100.19105578000006,13.459161432000144],[100.19087267200018,13.45917755500011],[100.19079107100009,13.459227535000025],[100.19076018900017,13.459288727000114],[100.19074493100015,13.459353647000114],[100.19072950400005,13.459391861000086],[100.19068682600005,13.459430215000054],[100.19063228900006,13.459434306000162],[100.19057406900004,13.459484165000106],[100.19051194500008,13.459534043000133],[100.19040354900017,13.459683344000155],[100.19031410600013,13.45972572300019],[100.19024020700016,13.459756595000101],[100.19014691600017,13.45981046300011],[100.1900965000001,13.459860275000153],[100.19002260100007,13.459891138000103],[100.18996798699999,13.4598837690001],[100.18993668000019,13.459857218000138],[100.1898857270001,13.459800246000043],[100.1898777180001,13.45975831100003],[100.189873659,13.459723995000047],[100.18984232500009,13.459693629000014],[100.18977991600019,13.45968629600003],[100.18962790900014,13.459687014999986],[100.1895225680002,13.459664628000041],[100.1894873760001,13.459641890000114],[100.18941709800015,13.459619358],[100.18934290600009,13.459589177000112],[100.18911666700006,13.459555909000187],[100.18905826900004,13.45957144200014],[100.18900768500015,13.459586937000097],[100.18894937300013,13.459617737000144],[100.18889892900017,13.459663763000037],[100.18883301800014,13.459736544000123],[100.18875160800019,13.459824682000146],[100.18871662900006,13.459847730999968],[100.18865430700004,13.459855655000126],[100.18856071599998,13.459844654000165],[100.188291515,13.45979632400008],[100.18815881300009,13.459758811000086],[100.18776838500008,13.459627151],[100.18759220700008,13.459467750999977],[100.187552955,13.459410696000134],[100.18755658900017,13.45935727300008],[100.18757196899998,13.459315244000095],[100.18757170600009,13.459261829000184],[100.18755965700007,13.459189408000157],[100.18755527200011,13.459090234000087],[100.18752758000016,13.459006443000021],[100.18748807500015,13.458899817000088],[100.18739380699998,13.458755295],[100.18735063900016,13.458694463000143],[100.18732697600007,13.458637354000132],[100.18728361100011,13.458538372000078],[100.18724671900009,13.458481964000043],[100.18719887000015,13.458442723000076],[100.18715102500016,13.45840348500002],[100.18710745200019,13.458382807000078],[100.18704108200006,13.458364030000041],[100.1869862420001,13.458307067000078],[100.18696263600015,13.458261408999988],[100.18696611900015,13.458177464000073],[100.18699315200018,13.458127743000148],[100.18702404500016,13.45807037600008],[100.18707830300019,13.458009074000188],[100.1871093090001,13.457970778],[100.1871480050001,13.457913364000092],[100.18719057100009,13.457852136000156],[100.1872562260001,13.457725943000128],[100.18726763500007,13.45766865700017],[100.18723231800004,13.457623044000059],[100.187150304,13.457589104000078],[100.18698263400017,13.457574629000021],[100.18693584400006,13.45757103600016],[100.18687351200003,13.45757896800012],[100.1868733710001,13.457579014000146],[100.18611534100012,13.457455870000047],[100.18550371400005,13.457458754000129],[100.183471645,13.456779518000076],[100.1825293920001,13.456532181000114],[100.18192345500017,13.45657547900015],[100.18163422700007,13.456590322000011],[100.18115048800007,13.456268995000187],[100.1806119100001,13.456001855000125],[100.17949481400007,13.455750913000145],[100.17904969500006,13.455602098000156],[100.17905653100013,13.455563325000071],[100.17904858800006,13.455532857000037],[100.17902114200012,13.455498651000028],[100.17747160800013,13.455063373000087],[100.17741316600012,13.455063645999985],[100.177382018,13.45507144100003],[100.17733928100012,13.455102152000165],[100.17731610500016,13.455144225000026],[100.17728521000004,13.455201591000161],[100.17704198000013,13.455675770000028],[100.17700328300003,13.455737004000127],[100.1769490420001,13.455802098],[100.17690248500003,13.455844281000054],[100.17683639400019,13.45588273300018],[100.17672755300015,13.455940482000074],[100.17666913700009,13.455948391000106],[100.17664181100014,13.45594088300004],[100.1765755560001,13.455945007000025],[100.17652502700008,13.45597194200019],[100.1764940380001,13.456010230000174],[100.17647473000011,13.456048469000052],[100.17642022800004,13.456063980000181],[100.17636166300008,13.45604137099997],[100.17625220600019,13.455977034000114],[100.17616227100007,13.455916408000064],[100.17612305000011,13.455866998000033],[100.17610712700014,13.455798408000078],[100.17611072500011,13.455737366000164],[100.17614168700015,13.45569143299997],[100.17618822600019,13.455645435000122],[100.17634201300007,13.455453106999983],[100.17637805600009,13.455408032000093],[100.17642045600007,13.45530863800002],[100.17642386800014,13.455213250000156],[100.1763846570002,13.455163839000022],[100.17635736100004,13.455160153000065],[100.17634562400008,13.45514876600015],[100.1763414940001,13.455103005000183],[100.17635298000016,13.455060998000135],[100.17633321700004,13.4550038590001],[100.176259018,13.45497749599997],[100.17593107600004,13.45486459600005],[100.17584516700015,13.45483446600008],[100.1757633150001,13.45483103500004],[100.17569709500015,13.454842787000132],[100.17564655700005,13.454869740000106],[100.175619428,13.454900380000026],[100.17558866100006,13.454984444000047],[100.17555024300009,13.455099077],[100.17547625600008,13.455114678000143],[100.17544107200018,13.455091960000061],[100.1754175060002,13.455053928000098],[100.17540952600007,13.455015805000073],[100.1753860250002,13.45499302100012],[100.17533139199998,13.454981832000158],[100.1752845470001,13.454966796000178],[100.1752142900001,13.454944228000102],[100.17474197700017,13.45480529300005],[100.17466789999997,13.454798001000142],[100.1745939070002,13.454809799000031],[100.17453562000009,13.454848213000048],[100.1744889590002,13.454871332000096],[100.17443832700008,13.454875384000047],[100.17438762300014,13.454871806000142],[100.17436026900003,13.454860490000101],[100.17431351700009,13.454860709000172],[100.17425895100018,13.454860963000044],[100.1742380120001,13.454873902000145],[100.1742278500002,13.454880180000089],[100.17420458200019,13.454903173000162],[100.17418522700012,13.45492996300004],[100.17417370400011,13.454964355000072],[100.17416618900012,13.45502161200011],[100.17415887700008,13.455120831000045],[100.17413984799998,13.455216292000046],[100.17411669000006,13.455262171000186],[100.17407402800006,13.455308159000083],[100.173996102,13.455312337000066],[100.1739414700001,13.455297326000164],[100.17390226800006,13.455251729000054],[100.17387088800012,13.455213733999983],[100.17382781900005,13.455175784000062],[100.1737848520001,13.455153100000132],[100.17374968700011,13.455134183999974],[100.17374163400007,13.45508080500008],[100.17375304400014,13.45502354000007],[100.17378004400007,13.454966192000143],[100.17379147300005,13.454912731000036],[100.17379514600009,13.45486694200008],[100.17379492300017,13.454821156000037],[100.17379082300016,13.454779210000083],[100.17377753400007,13.454747131000033],[100.173775052,13.45474114200016],[100.17375920400013,13.454687799999988],[100.17377059799998,13.454626711000174],[100.1738170800001,13.454569273000061],[100.17386359100016,13.454515656000126],[100.17385549000011,13.454454641000154],[100.17383187700017,13.454405157000167],[100.17378499400013,13.454382491000047],[100.17372648700018,13.454371321],[100.17366800400004,13.454371594000122],[100.17361738200009,13.454379440000082],[100.17358630000001,13.454398675000164],[100.17352011800006,13.454414250000127],[100.1734849360002,13.454395343000044],[100.1734497610002,13.45437642600018],[100.17337540400018,13.454311913000083],[100.17331681300004,13.454289303000166],[100.17325826700016,13.454270504000135],[100.17319977600005,13.45426315800006],[100.1731022620001,13.454252151000105],[100.17295001300005,13.454203277000147],[100.17286032100009,13.454192255000123],[100.17280184100002,13.454192528000078],[100.17276296400013,13.454211778000058],[100.17273581600017,13.454238604000125],[100.17271260100011,13.454273048000118],[100.1726779560002,13.454360945000019],[100.17265493600007,13.454437355000152],[100.17265477800004,13.454438043000039],[100.172632039,13.454536658000109],[100.17260906600018,13.45462450000008],[100.17258975000016,13.454658927000025],[100.1725547420001,13.454674345000058],[100.17241834200019,13.454674981000096],[100.1723754030001,13.45466373100004],[100.1723480500001,13.45464860100003],[100.17230110100019,13.454614483000057],[100.17228532000001,13.454572601000166],[100.17229682400011,13.454534405000175],[100.17235612200005,13.454355825000164],[100.1724351150001,13.454117925],[100.17246587300014,13.454030046000128],[100.17246561400003,13.45397664800015],[100.17244589799998,13.453930953000167],[100.17243411300018,13.453911927000036],[100.17239891300011,13.453889207000088],[100.1718096780001,13.453746994000142],[100.17177858600019,13.453766203000043],[100.17175148400008,13.453800664000141],[100.17173219400007,13.45384272800004],[100.17170528800017,13.45391913700007],[100.17167424400009,13.45394980500015],[100.17160796900004,13.453946299],[100.17157664500013,13.453915922000078],[100.17156475000007,13.45387402199998],[100.17157232200003,13.453828217000023],[100.17158371500017,13.453767111000104],[100.17157569900019,13.453721368000174],[100.17156777500009,13.453694706000078],[100.1715325460001,13.453664356000047],[100.1705256360001,13.453394358000082],[100.17049837700006,13.453398308999965],[100.17046336800007,13.4534137280001],[100.17044792900015,13.453444322000166],[100.17036837000006,13.45380857200007],[100.1701810200002,13.454666319000069],[100.17014616200015,13.454712260000065],[100.17010342600014,13.454739178000182],[100.17004110400018,13.454747095000187],[100.16995533400018,13.454743679999979],[100.1698890420002,13.454736360000084],[100.16985389500019,13.454725061000147],[100.16982648700008,13.454698490000169],[100.16979515500014,13.454668114000128],[100.16971697600013,13.454618885000059],[100.16967799800011,13.454619066000191],[100.16964302000008,13.454642123000042],[100.16961976800013,13.45466892900015],[100.16958482600006,13.454695799000035],[100.16953807200008,13.454699831000028],[100.16948740200019,13.4547000660001],[100.16944051000019,13.454677392],[100.16942091400017,13.454654598000104],[100.16940124500007,13.45461653700005],[100.16942421800007,13.454532519000054],[100.16943553900006,13.454456156],[100.16942752200003,13.454410414000165],[100.16940779900006,13.454360913000016],[100.16938037200003,13.454330516000084],[100.16934518100004,13.454307796000023],[100.16924754500013,13.454270097000176],[100.16903294800005,13.454221510000139],[100.16878717600014,13.454176866000182],[100.16873256400004,13.454169490000083],[100.16866229300018,13.454143118000047],[100.16863478300007,13.45409746700011],[100.16863457900001,13.454055502000074],[100.16864598300009,13.453994421000118],[100.16860262700004,13.453895408000164],[100.16854772800002,13.45382700800019],[100.16843721500004,13.453760589000126],[100.16839739500011,13.453732019000029],[100.16837176700017,13.453713382000046],[100.16832859700014,13.453652556000122],[100.16831267600014,13.453583947000084],[100.168300606,13.45350389700019],[100.16828076100006,13.453431501000068],[100.1682648420001,13.453362911000056],[100.16826428700011,13.453248471],[100.16826193700012,13.453228637000166],[100.16825209600012,13.453145525000025],[100.16823232400009,13.453088387000093],[100.16819313600018,13.453042789000051],[100.16816559800003,13.452993333000052],[100.16813826499998,13.452982017000181],[100.1680876050001,13.452982253000187],[100.16805272800013,13.45302437100014],[100.16802953200016,13.453066444000115],[100.16797498500017,13.453070511000021],[100.16793190600009,13.45302874600003],[100.1679121730001,13.45297543900017],[100.16788864400007,13.452945043000113],[100.16784959200004,13.452929940000047],[100.16777932800005,13.452911195000183],[100.16773253899999,13.45290378400017],[100.16765449000002,13.452885059000153],[100.16757627500004,13.452832023000042],[100.16753322500006,13.45279408000016],[100.167447133,13.452725806000046],[100.16740800800005,13.45269546500009],[100.16735714600014,13.452653747],[100.16725954900011,13.45261986200012],[100.16719311700012,13.452585843000065],[100.16713452599998,13.452559405000045],[100.16700961400016,13.452521834000038],[100.16686521700018,13.452484352000113],[100.16675597700004,13.452461974000016],[100.16666621900009,13.45243950500003],[100.166588263,13.452436052000053],[100.16642841900011,13.452429175000077],[100.16631907600004,13.452387699000042],[100.16597970800018,13.452332049000063],[100.16591330500012,13.452301835000014],[100.16584693800007,13.452279256],[100.16579624300005,13.452271864000124],[100.16568320599998,13.45227238700005],[100.16557018700013,13.452276724000171],[100.16544786900016,13.45229189800017],[100.16488366300018,13.452166355000031],[100.16406215200016,13.451983554000094],[100.16391125000013,13.451948642000048],[100.16354082300012,13.451862938000033],[100.16309913300017,13.451760745],[100.16301738900012,13.45178462600012],[100.16286253400006,13.451829863000057],[100.16255131300011,13.451855204000083],[100.16200160300014,13.45179799000016],[100.16139055800011,13.451681307],[100.1605040280001,13.451404565000018],[100.16022842600006,13.451220605000117],[100.16001349800018,13.450958685999979],[100.16001313700008,13.450957392000078],[100.15992515300007,13.450642210000126],[100.15941769000011,13.450449241000058],[100.15906353900004,13.450349749000168],[100.1587006100001,13.450256038000134],[100.15864599800005,13.45024866100016],[100.15861485200014,13.45025643300005],[100.15858770199998,13.450283266000099],[100.15856845700011,13.450332960000082],[100.1585451310001,13.450344509000104],[100.15850624500013,13.450363760000187],[100.15846733200016,13.450379195000096],[100.15844797600016,13.4504059840001],[100.15843270000016,13.450470922000136],[100.1584131300001,13.45051680500012],[100.15839031100012,13.450570305000099],[100.15836703100013,13.450593288000164],[100.15834359400003,13.450581954000086],[100.15832784200018,13.450547688000086],[100.15833541500018,13.450501883000129],[100.15833664000019,13.450495739000132],[100.15835063700018,13.450425512000095],[100.15839274100011,13.450265093999974],[100.15840031600015,13.450219279],[100.15838849600004,13.450192626000046],[100.15833780900005,13.450189045000172],[100.15827546100019,13.450193147000164],[100.1582365380001,13.450204768000162],[100.15821720100018,13.450235378],[100.15820572100012,13.450281211000174],[100.15820207200005,13.450330832000077],[100.15819852300007,13.450403326000071],[100.15819114100015,13.450455672000146],[100.15818721800008,13.450483494000139],[100.1581679520001,13.450529354000025],[100.15814610700016,13.450575399000172],[100.15806364600019,13.450555006000172],[100.15788720500007,13.450507760000164],[100.15787151800009,13.450484947000177],[100.15787518600018,13.450439142],[100.15788270400009,13.45038188600006],[100.15788265000009,13.45037072700012],[100.15788248400008,13.45033611700012],[100.1578667490001,13.450305656000126],[100.15784311300013,13.450252357000068],[100.15782723100006,13.450191395000047],[100.15786169800015,13.450065341000084],[100.15785760000017,13.450023402000056],[100.1578106840002,13.449993097000117],[100.15771708699998,13.449978271000134],[100.15760774500018,13.449936819000072],[100.15740873200014,13.44988814800007],[100.15718619200004,13.449812861000169],[100.1569755050001,13.449768058000075],[100.15665546200017,13.449674147000053],[100.15658122200006,13.449636339000108],[100.15645252500019,13.449621672000035],[100.15639797900008,13.449625737000133],[100.15637465400005,13.449637288000076],[100.15635140100017,13.44966409300008],[100.15633286500002,13.449700469000106],[100.15632760100016,13.449730886],[100.15631690200007,13.449752080000167],[100.15625631000017,13.44978142900004],[100.15614412300005,13.449754198000164],[100.15605533200011,13.449818041000015],[100.1560095440002,13.449842023000087],[100.15599575200014,13.449851117000094],[100.15593488800005,13.449891248000142],[100.15587703700015,13.44990661300011],[100.15580303400014,13.449914582000133],[100.15572104600011,13.449888258000101],[100.155658459,13.449838952000107],[100.15561929700016,13.449800990000142],[100.1556035280002,13.449762903000078],[100.15560343300007,13.449743082000168],[100.15560338200015,13.449732381000047],[100.15560319900004,13.449694239999985],[100.15559116100013,13.449621816000047],[100.15555971000009,13.449568544000101],[100.15551663600007,13.449526785000103],[100.15545410500016,13.449488921000182],[100.15527067900007,13.449440179000021],[100.15510698500003,13.449437126000078],[100.15502128200012,13.449448953000058],[100.15497067700011,13.449464439999986],[100.15492402600012,13.449487541000053],[100.15486173900018,13.449503081999978],[100.154795449,13.449499572000093],[100.15472911100005,13.449480807000043],[100.15462758100017,13.449443131000123],[100.1545612000001,13.449416716000144],[100.15451431100001,13.449390232000098],[100.1544751850002,13.44935988800006],[100.15444004,13.449348607000104],[100.15439326900014,13.449348821000115],[100.15435831800016,13.449375692000103],[100.15433757700015,13.449394478999977],[100.15431176600003,13.449417861000143],[100.1542808750001,13.449479049000047],[100.1542541190002,13.44958599600011],[100.15425050400012,13.44964704],[100.15426638400004,13.449707993000175],[100.15428231800013,13.449780426000018],[100.15429814300006,13.44982993800005],[100.15431791000003,13.449887060000151],[100.15432983800014,13.449936617999981],[100.15432612400019,13.449974777000023],[100.15429523100005,13.450035954000043],[100.15424471900013,13.45007051400006],[100.15419023500004,13.45008603000008],[100.15410848500005,13.450105477000022],[100.15405394600003,13.450113355000155],[100.15397601800015,13.450117526000042],[100.15392917400004,13.450102485000116],[100.15389006000015,13.45007595400017],[100.15386646000019,13.450030292000122],[100.15383420900008,13.449975738000035],[100.15380696300014,13.449946876000126],[100.15375682900009,13.449923972000022],[100.15369834800009,13.44992424000003],[100.15365939800006,13.449928232],[100.15363594500019,13.449913082000023],[100.15363190200014,13.44988258800015],[100.15368552500018,13.44968778100008],[100.15369314500015,13.449649596000029],[100.15366961000007,13.449619190000021],[100.15302519,13.44934365100005],[100.15295887100012,13.449332504000097],[100.15288481400012,13.449329029000069],[100.15286081400006,13.449329954000063],[100.15281587300018,13.449331299000107],[100.15258472900007,13.449338042000022],[100.15257294600008,13.44931901600006],[100.15257280000009,13.449288503000105],[100.15260326300017,13.44913957200015],[100.15261475400018,13.449097565000102],[100.1525989480001,13.449051866000161],[100.15220817200009,13.448840005000136],[100.15216525099999,13.448828759000094],[100.1521225140001,13.448855664000064],[100.15205545400005,13.44897244100008],[100.15202509400007,13.449004428000137],[100.15198668200009,13.449008279],[100.15195562600013,13.44900520900012],[100.15192050000007,13.44899392700006],[100.15188531700011,13.448975007000115],[100.15183831100012,13.448925638],[100.15171305600018,13.44881175900008],[100.15153323700014,13.448701960000164],[100.15140821800014,13.44864147900006],[100.15118963200018,13.448573805000137],[100.1511466770001,13.448554948000094],[100.15105683200005,13.448513384000023],[100.15087913200006,13.44844271200003],[100.15085767500017,13.448434179000117],[100.15064309299999,13.448389391000148],[100.15057683900005,13.448393508000038],[100.15049109000012,13.448390086000131],[100.15042086600016,13.448378963000152],[100.15039351600007,13.448363832000041],[100.15038556700017,13.448333336000019],[100.150393152,13.448287520000122],[100.1503945190002,13.448262809000141],[100.15039674000013,13.448222655],[100.15038077900016,13.448146425000118],[100.15034865700017,13.447948197000073],[100.15033294300008,13.447921570000062],[100.15030949000004,13.447906430000046],[100.15023926300017,13.447891474000073],[100.15019641800006,13.447899299000085],[100.15017702500018,13.447918468000182],[100.15016174600004,13.447983389000115],[100.15014656000005,13.448067388000027],[100.15014302700018,13.448143698000138],[100.1501237700001,13.448193389000096],[100.1500927960002,13.448235485],[100.15001890900004,13.448273974000074],[100.14991408800017,13.448358394000138],[100.14987919800012,13.448396696000145],[100.14984798600005,13.448393023999984],[100.1498478220002,13.44835869700006],[100.14988267600006,13.448308934000124],[100.14992137200005,13.448251525000103],[100.14995634400009,13.448228481000172],[100.14999121300008,13.448186367000062],[100.15003781100017,13.448151807000045],[100.15006872200019,13.448094443000059],[100.15005253600009,13.44796481600008],[100.15002103300003,13.447900100000084],[100.1499463680002,13.447770741000113],[100.1498993960002,13.447728990000144],[100.14986419700006,13.447706267000115],[100.14980567900017,13.447695089999968],[100.149739453,13.447699207000028],[100.14970052100017,13.44770701400006],[100.14966165200008,13.447733890000166],[100.14963067800016,13.447775997000178],[100.14960367400005,13.447833351000156],[100.14957308200019,13.447955565000143],[100.14955371500008,13.447982353000043],[100.14954598700018,13.447984913000084],[100.14951869900005,13.447993955000129],[100.14946799400019,13.447990373000152],[100.14939004100006,13.447986914000126],[100.14934321400017,13.44797568600012],[100.14908547900006,13.447873861000119],[100.14901929800004,13.447889419000148],[100.14901946100014,13.44792375600008],[100.14901585500019,13.44798481000015],[100.14900427400005,13.448007746000087],[100.14897320800014,13.448030791000122],[100.14889147300005,13.448057864000134],[100.148860318,13.44806182900004],[100.14882927100001,13.4480886610001],[100.14881378300015,13.448111617000052],[100.14876071800012,13.448428504000105],[100.14875774800004,13.448623077000093],[100.14873077900006,13.448688051000147],[100.14869973200007,13.448714910000149],[100.14863740900012,13.448722822000093],[100.14857903000018,13.448742161000041],[100.14855576700012,13.448768965000113],[100.14854032599999,13.44879954900017],[100.14853275000007,13.448845363000032],[100.14849401700019,13.448895135000043],[100.1484590010001,13.44890673700013],[100.14840831300017,13.448906968000074],[100.14833810000016,13.44889203200006],[100.14830293699998,13.448876936999966],[100.14829500700006,13.44884644800004],[100.14831797900018,13.448758608000048],[100.14830622400018,13.448747219999973],[100.14829060200015,13.448739662000094],[100.14825942700014,13.44873980400007],[100.14818147900007,13.448743975000184],[100.14813082200004,13.448744206000072],[100.14805673700005,13.448736895000138],[100.14797871700017,13.44872582700009],[100.14788895500004,13.448699519000058],[100.14781864800017,13.448669328000108],[100.14778349400012,13.448654223],[100.14772890200004,13.44864684300012],[100.14762754000014,13.448643490000109],[100.14756908700019,13.44864375700007],[100.1475066390002,13.448624971000072],[100.14705744800006,13.448424829000032],[100.1470183360002,13.448394494000127],[100.14701434800003,13.448375442000156],[100.14701811800018,13.448348706000047],[100.1471601130001,13.44788264400006],[100.14715603600007,13.447844520000103],[100.1471402310001,13.447798802000023],[100.14683589700013,13.447731526000155],[100.14681627599998,13.447704914999974],[100.14682006400017,13.447682014000122],[100.14683917600013,13.447601800000086],[100.14683506200015,13.44755604],[100.14682715100008,13.447533172000078],[100.14679588500019,13.44751426200014],[100.14676072300011,13.44749916500001],[100.14671786700012,13.447503176000112],[100.14670229900008,13.447507061000124],[100.14658929100017,13.447507576000078],[100.14654632600008,13.44749251400009],[100.14649948200008,13.447477472000116],[100.14645649100015,13.44745094800004],[100.14642509800012,13.447405311000068],[100.146417042,13.4473519390001],[100.14641684300011,13.447309985000174],[100.14642440900019,13.447260349000146],[100.14654411300012,13.447027099000024],[100.14654752700005,13.447002888999975],[100.14654788200016,13.447000374000027],[100.14653211400014,13.446962303000191],[100.14651253099998,13.446943321000049],[100.14602434000005,13.446731895000141],[100.14597758000008,13.446735931000092],[100.14593096300001,13.446766657000182],[100.14591469700008,13.446795631999976],[100.14589231100001,13.446835507000173],[100.14583832699998,13.446961649000116],[100.14581511900002,13.446996082000055],[100.14576057200003,13.447000145000118],[100.14572537400016,13.446973606000142],[100.14572120600019,13.446916392000048],[100.14572084400015,13.446840102000124],[100.14572446800008,13.446782871999972],[100.14572423200008,13.446733259000041],[100.14571623000012,13.446691340000086],[100.14568884500005,13.446668572000135],[100.14563410700015,13.44663449300009],[100.1451071950001,13.446476656000073],[100.14507210800014,13.446476816000086],[100.14505271500019,13.446495985000126],[100.14504259000017,13.446509996000145],[100.14503335699999,13.44652277200015],[100.14497935300017,13.44664128700009],[100.14462420600017,13.447363896000127],[100.14457750900016,13.44737939200013],[100.14453072800006,13.447379605000094],[100.14449165200006,13.447356888000058],[100.14414781700009,13.44717534200015],[100.14410870500006,13.447148821000155],[100.1440851970001,13.447122210000032],[100.14408503500005,13.447087883000108],[100.14432806200017,13.446560336000061],[100.14433952500013,13.446510671000112],[100.14433932600008,13.446468706000132],[100.14432356700007,13.446434449000037],[100.14411659400008,13.446347647000152],[100.1440502480001,13.44632886800008],[100.14402284200014,13.446306107000055],[100.14401488700014,13.446271815999978],[100.14404831700006,13.44618434300014],[100.14405724500006,13.44616098500012],[100.1440609060001,13.446111373000122],[100.14405691900004,13.446092320000048],[100.14404124200007,13.446073320000096],[100.14382271400012,13.446020895000117],[100.14378374600011,13.446021072],[100.1437643610002,13.44604406500008],[100.14374885900014,13.446086258000093],[100.14366047700008,13.446326826000075],[100.14362948400014,13.44636511699997],[100.14358273900007,13.446372959000087],[100.14355544500012,13.446369259000164],[100.14330172700011,13.44629031300019],[100.14327431500016,13.446259923000184],[100.1432858510002,13.446229339000126],[100.14330134700003,13.44621019900012],[100.14332071300004,13.446183401000042],[100.1433243210002,13.446122348000074],[100.14331247700011,13.446091888000012],[100.143288988,13.446069110999986],[100.1431912600001,13.446008508000034],[100.14307408399998,13.445959446000074],[100.14292962400015,13.445902891000117],[100.14276965600004,13.445865455000046],[100.14266821200016,13.445846835000111],[100.14263314100003,13.445846994000021],[100.1426020290001,13.445862401000113],[100.14260208400003,13.445873845],[100.14258274500008,13.44590446500007],[100.1425516070002,13.44591605000005],[100.14249700600004,13.445908669000062],[100.1424540500002,13.44588977300009],[100.14240323899998,13.445859489000043],[100.14235245300006,13.445833012000094],[100.14224703300005,13.445795337999982],[100.1421884630002,13.445776535000107],[100.14207917300018,13.44573888900004],[100.14177097300006,13.44567924100005],[100.14170849700008,13.44565281600012],[100.14167717000004,13.445622443000161],[100.14164981900018,13.445607301000166],[100.1413179340002,13.445482920000075],[100.14128286200014,13.445483078999985],[100.14125168800018,13.445487035000156],[100.1412244730002,13.445502414000089],[100.14121290800017,13.445529185000112],[100.14119351599999,13.445548342000166],[100.1411700810001,13.445537006000109],[100.14116203500015,13.445483627000044],[100.14116577800019,13.4454530860001],[100.14116181900016,13.445437848000097],[100.14101738300008,13.44539273099997],[100.14097841600017,13.445392908000088],[100.14092775700016,13.4453931380001],[100.14088890700009,13.445420013000103],[100.1408501730001,13.445473597000102],[100.1407881130001,13.445534924000128],[100.14072977900008,13.445561897000118],[100.14067921100019,13.44558118700013],[100.1406363540001,13.445589010000162],[100.14058957600014,13.445585407000124],[100.1405699020001,13.445547337000164],[100.14055032700014,13.445528373],[100.1405462310002,13.44548641800003],[100.14054985800004,13.445429178000097],[100.140561333,13.44538333600019],[100.140557129,13.44531851700009],[100.14054132500013,13.445272808000084],[100.1405100250002,13.445250055000088],[100.140478814,13.44523875300007],[100.14045143000004,13.445219815000087],[100.14043955800014,13.445181719000118],[100.14041209100009,13.445143681000161],[100.14037689300005,13.445117142000186],[100.14031424600006,13.44506019400012],[100.14018919900013,13.444988282],[100.14015017500009,13.44498082900003],[100.14007224800014,13.444984998000109],[100.1399827950001,13.445023545000026],[100.13995183600014,13.445073288000117],[100.13991308500005,13.445119243000079],[100.13986256200019,13.445149985000171],[100.13980021300011,13.445154081000169],[100.13976501600013,13.44512754100009],[100.13974148200015,13.445097127000054],[100.13973736900004,13.445051364999983],[100.13976413300014,13.444940612000153],[100.1397561120001,13.444894869],[100.13973648600006,13.444864426000095],[100.13937969500012,13.444655172000182],[100.13931048400019,13.444614580000177],[100.1392090130002,13.444588340000166],[100.13918184599999,13.444590363000032],[100.13915446700014,13.444592402000126],[100.13910772300017,13.444596428000125],[100.1390455470002,13.444634868000094],[100.13893705800018,13.444772680000142],[100.13886023900011,13.445013368000161],[100.13881754600004,13.445051714000101],[100.13876291800017,13.445036695],[100.13875486400019,13.44498333100006],[100.1387461430001,13.444784996000067],[100.13871467100017,13.444724092000172],[100.1386677640001,13.444697604000112],[100.13862482900004,13.444682542000123],[100.13860137600011,13.444663576000153],[100.13858173800008,13.444636966000076],[100.13857383700008,13.444614099000034],[100.13856584600018,13.44457216900014],[100.13856957300004,13.444534010000098],[100.1385654130001,13.444480631000033],[100.13855742200019,13.44443869100013],[100.138526147,13.444419754000023],[100.13848323900004,13.44441232000014],[100.1384402930002,13.444397257000048],[100.13842057400007,13.444347732000153],[100.13838151600004,13.444328857000073],[100.13831528000009,13.444336786000122],[100.138268563,13.444348419999983],[100.13820612600011,13.444329650000043],[100.13810849800018,13.44429195000015],[100.13806565300013,13.444292143000041],[100.13801877300011,13.444277079000074],[100.13797190500014,13.444254405000152],[100.13791338900012,13.444243228000175],[100.13782378300016,13.44424744600019],[100.13775752600009,13.444251560000168],[100.13768733300009,13.44424043500004],[100.13754291600009,13.444199122999976],[100.13746497300014,13.444199475],[100.13737924300017,13.444203686000094],[100.13728585500007,13.444234610000024],[100.1372274680001,13.444250140000065],[100.13717312700015,13.444299990000104],[100.13713830800003,13.444353528000079],[100.13710348000018,13.444407112000079],[100.13705323400012,13.444498908000014],[100.13700678800018,13.44456777300013],[100.13697976300017,13.444621304],[100.13694104700016,13.444674895000105],[100.136894493,13.444720876000076],[100.13680896900007,13.444770856000162],[100.13674275900007,13.444778784000107],[100.13672313200016,13.44474835900013],[100.136722899,13.44469877500012],[100.13673821500004,13.444641483],[100.13677308100011,13.444595537000112],[100.13679621900008,13.444545839000114],[100.13680368800004,13.444477130000166],[100.13680352600005,13.444442803000072],[100.13679557100016,13.44440850300009],[100.1367837800002,13.444385680999972],[100.13678750700007,13.444351317000155],[100.13679524800006,13.44433984],[100.1367870580001,13.44425594400019],[100.13677130000002,13.44421786600003],[100.13672045300018,13.444179943],[100.13667359300001,13.44416106500006],[100.13662291600019,13.444161293999969],[100.13655278300018,13.444165444000134],[100.13652153700008,13.444150328000148],[100.13649804900007,13.444127539000135],[100.13649777900008,13.444070318000115],[100.13657864800007,13.443863958000065],[100.13657467900003,13.443848700000046],[100.13655121900001,13.443833558000051],[100.13588346900019,13.443624255000032],[100.13544631200017,13.44348697200013],[100.13541062600007,13.443474874],[100.13537618300018,13.443463198000131],[100.13538547300004,13.443426116000069],[100.1353928050001,13.443379765000088],[100.13538746400013,13.443346685000165],[100.13537177000006,13.443327675000035],[100.13509466800002,13.44324500300013],[100.13506346600013,13.443241330000092],[100.13504014100005,13.44325287700002],[100.135024643,13.443272019],[100.13499784900011,13.443378973000165],[100.13497854500014,13.44341720400007],[100.13496112799999,13.443446276000145],[100.13488355100009,13.44348233300019],[100.134834726,13.443497960000172],[100.13479591700013,13.443536276000145],[100.13474551000013,13.443589910000128],[100.13470267300005,13.44359775099997],[100.13463630300004,13.443575146000171],[100.13460104300015,13.443537155000115],[100.13458522200017,13.443487632000028],[100.1345771780002,13.443434268000033],[100.13460377400008,13.443289172000107],[100.1345918670001,13.443243455000129],[100.13456448300013,13.443220684000153],[100.13289451000009,13.442631269000117],[100.13260076100005,13.442527590000168],[100.13128897600012,13.44205660900019],[100.131257802,13.442056749000187],[100.13124225100006,13.44206444700012],[100.131226771,13.442087411000045],[100.13124069700012,13.442355253000017],[100.13124818700004,13.442499324000153],[100.13122493200012,13.442526147000137],[100.13119376800006,13.442530102000035],[100.13117414200019,13.442499657000099],[100.13115433500008,13.442434894000144],[100.13114656900012,13.442339413000127],[100.13114192900014,13.442282355000032],[100.1311300770002,13.442248070000119],[100.13110657200014,13.442221476000043],[100.13091133900002,13.442146051000122],[100.13060680300009,13.442032972999982],[100.130517134,13.442025757000124],[100.13046653800012,13.442041232000065],[100.13042796200011,13.442129151000131],[100.13042050900009,13.442201673000113],[100.13041884400008,13.442216974000019],[100.13041303700004,13.442270363000091],[100.13041330500005,13.442327584000111],[100.13039795100019,13.442377256000157],[100.13036710700015,13.442449874000147],[100.13034386900017,13.442480492000186],[100.13027772400011,13.44250368300004],[100.13021140600011,13.442492538000124],[100.13016441400015,13.442443154000102],[100.13013685800018,13.442386058000181],[100.13013267600019,13.44232501900018],[100.13013246100007,13.44227925000007],[100.13015558300003,13.442221932000109],[100.13018266300014,13.442179855000063],[100.13018322200008,13.442179026000076],[100.13022136300015,13.442122440000048],[100.1302797080001,13.442095479000045],[100.1303066530001,13.442022880000138],[100.13031809300014,13.44196941100006],[100.13033348300019,13.441927385000156],[100.13034885500002,13.441881535999983],[100.13033698700013,13.44184344700011],[100.13030958400009,13.441816852000159],[100.13002069800018,13.441718961000163],[100.12995833200017,13.441715428000123],[100.12988814600004,13.441711928000188],[100.12983353800013,13.44170073000015],[100.12979056600011,13.44167803800002],[100.12971244200003,13.441644061000147],[100.12965786000018,13.441640490000111],[100.12959946500001,13.441652195000131],[100.12956449300015,13.441675238000187],[100.12952954600019,13.44170590900012],[100.12947113800016,13.44171761400014],[100.12942822000014,13.44170636300015],[100.12939690300016,13.441675990000022],[100.12894003700018,13.44149490000018],[100.12887770800006,13.441499013000055],[100.12881931000004,13.44151453100011],[100.12876879200013,13.441549093000106],[100.12874555500008,13.441579710999974],[100.12866415700012,13.441605657000025],[100.12863363000014,13.441586639000036],[100.12862467800011,13.441564998000104],[100.12862841400005,13.441530645],[100.12863983700004,13.441473379000058],[100.12863967600009,13.441439033000051],[100.12861220900004,13.441404827999975],[100.12857314500019,13.44138210900013],[100.12852242399998,13.441370893000112],[100.12849127600009,13.44137484800018],[100.12844857300018,13.441413189000059],[100.12843313100018,13.441443773000117],[100.12839800500012,13.441436302000113],[100.12836665300017,13.441398300000174],[100.12835088600019,13.441360219000103],[100.1283505830001,13.441295378000177],[100.12832693600018,13.44123824400009],[100.12829560900013,13.441207871000131],[100.12824867000006,13.441173744000082],[100.12820182900003,13.441158697000162],[100.12817065500013,13.44115883700016],[100.12811610000011,13.441159081000023],[100.12808102100018,13.441159239],[100.12802637600015,13.44114422600012],[100.12800285400016,13.441113816999973],[100.12794029200018,13.441072123000083],[100.12790123600013,13.441053228000044],[100.12783098600016,13.441034461000186],[100.12776858400014,13.441023298000061],[100.12772167300011,13.440992994],[100.12762792600006,13.44095145700004],[100.1275810050002,13.440917321000086],[100.12750690700011,13.44090621000015],[100.1274289160001,13.440898921000155],[100.12735873100007,13.440891607000083],[100.12727286799998,13.440869109000175],[100.12724559200007,13.440869231000022],[100.12722235400008,13.44089984600015],[100.12722249700016,13.44093037000016],[100.12721482800015,13.440957121000167],[100.12717592200016,13.440972553],[100.12714864400004,13.440972675000012],[100.12710964000019,13.44096903500008],[100.12708628700011,13.44097676900003],[100.12706693799998,13.441003555000123],[100.12706323800006,13.441045529],[100.12705567700004,13.441095157000063],[100.12704024100003,13.441129571000033],[100.12701702000015,13.44116400300004],[100.12700173700006,13.441228922],[100.12700577700019,13.441259427000148],[100.12701380000004,13.441308994000053],[100.12699844600019,13.441358648000062],[100.12695962900011,13.441393150000067],[100.12688947700013,13.441397278000068],[100.12681537000014,13.441382353000165],[100.12676846500011,13.441355872000031],[100.12670213900009,13.441340902000036],[100.12660850200007,13.441318437000064],[100.12655003300011,13.441318699000078],[100.12651873500005,13.441292120000071],[100.12647943700017,13.441223632000117],[100.12646358199999,13.441166480000163],[100.12645157200006,13.441097860000184],[100.12645521800005,13.441044435000094],[100.12646279800009,13.440998629000035],[100.12648206900019,13.44095275400008],[100.12652469300019,13.440899155000182],[100.12655563600015,13.440849423000145],[100.12656689800019,13.440757832000088],[100.12654328600019,13.4407083320001],[100.1264690610002,13.440670505000071],[100.126383341,13.44067852500001],[100.12632120700005,13.440724583000133],[100.12631362700012,13.440770407000173],[100.1263294640001,13.440823736000027],[100.12632966000012,13.440865709000036],[100.12632603000014,13.440922936999982],[100.1263069210001,13.44100314200017],[100.12627993600006,13.441068113000085],[100.12623742900001,13.441144605000034],[100.12619560000002,13.441202482000108],[100.12610188800011,13.441332145000104],[100.12604358700014,13.441366734000042],[100.12598134500018,13.441393713000025],[100.12587240700003,13.44143235100006],[100.12578668600014,13.441440363000027],[100.12567367200018,13.441440868000143],[100.1255449800002,13.441426186000172],[100.12541235800006,13.44140388500017],[100.12529514200014,13.441343380000035],[100.1251194510001,13.441275493000035],[100.12503347300009,13.441226282000116],[100.12496302,13.441161745000045],[100.12493545800004,13.441104638000013],[100.1249351740002,13.44104360200015],[100.12495835900006,13.440997727000138],[100.12499703300006,13.440932693000093],[100.12502792200007,13.440867705000073],[100.1250469540002,13.44081809100004],[100.12505870300004,13.440787459000148],[100.1250779560001,13.440737770000055],[100.12511290300006,13.440707091000093],[100.12516328600009,13.440645810000092],[100.12518228900012,13.440542741000172],[100.12517818800006,13.440500795000048],[100.12516604500019,13.440401660000134],[100.1251307330001,13.440352223000048],[100.12506411300012,13.440276228000073],[100.1250094080001,13.440245959000094],[100.12495474700012,13.440223317],[100.12488447200008,13.440200729000082],[100.12481821000011,13.440197210000065],[100.12477142200015,13.440193604000115],[100.12475186800015,13.440182248999974],[100.12472834500005,13.440151832000083],[100.12467759900011,13.440132986000094],[100.12463858600017,13.440125532000025],[100.12451377400015,13.440107018000106],[100.12446694400018,13.440091971000186],[100.12443563500017,13.440065391000076],[100.12438485300004,13.440042732999984],[100.12434577900018,13.440020012000161],[100.12425990000008,13.439989882000134],[100.12417017600012,13.439975026000184],[100.12409991100009,13.439948632000096],[100.12402177300004,13.439910839000106],[100.12391630299999,13.439857890999974],[100.12384597500005,13.439820054000165],[100.12377180300012,13.439797499000122],[100.12370554200004,13.439793980000104],[100.12365475700005,13.43977131400004],[100.123592331,13.439756336000187],[100.12355336500019,13.439756510000052],[100.12347924600016,13.439741582000067],[100.12340112400011,13.439707603000159],[100.12335817299999,13.439688723000188],[100.12331133200013,13.439673675],[100.12327234500003,13.43967384900003],[100.1232217590001,13.439689332000171],[100.12319074600009,13.439723799000092],[100.12311301500017,13.439773730000013],[100.12305481000004,13.439831219999974],[100.12301621000006,13.439907697000024],[100.1229663950001,13.440091038],[100.12292928000016,13.440109404999987],[100.12291194700003,13.440117980000082],[100.12287768100003,13.440092139000171],[100.12287675300013,13.440091438000024],[100.12286486600016,13.440049515000055],[100.12284910300019,13.440011434000155],[100.12282155900004,13.439954336000085],[100.12277462800012,13.439920217000179],[100.1227239530001,13.439920443000176],[100.1226851200002,13.439951130000168],[100.122677609,13.440012199000137],[100.12267624800018,13.440024727000093],[100.12267387300005,13.440046571000153],[100.1226076910001,13.440062106000084],[100.12256841900006,13.440001234000022],[100.1225561010001,13.439984518000074],[100.12250958700014,13.439921398000024],[100.12245480300004,13.439872037999976],[100.12240388800018,13.439818856000045],[100.12239968300008,13.43975021100016],[100.12241502900014,13.43970055900013],[100.12240308900004,13.439647192000052],[100.12240645400004,13.439532741999983],[100.12240229000008,13.43947552000003],[100.12234738100005,13.439403284000093],[100.12231197300014,13.43933097100006],[100.12226105100018,13.439270145000023],[100.12221406800012,13.439232211999979],[100.12212039399998,13.439202114000182],[100.12203839500006,13.439168123000115],[100.12189390600008,13.439107740000168],[100.12184709200011,13.439096504000133],[100.12177313500013,13.439119720000122],[100.1217382590001,13.439161842000033],[100.12172684300003,13.439219124000147],[100.12171934200006,13.43928399900011],[100.12170784900007,13.439326017000042],[100.12169250000011,13.439379502000122],[100.12166157400003,13.439433039],[100.121646198,13.439482692000126],[100.12163881300006,13.439570489000175],[100.12163906100005,13.439623888000085],[100.12163271600014,13.439675495000188],[100.1216277970002,13.43971550700013],[100.12157752000019,13.439799654000069],[100.12151170400011,13.439891515999989],[100.12149251200009,13.43995644500012],[100.12148105200004,13.44000607900017],[100.12146190600004,13.440078652000068],[100.12141153100004,13.440143739000177],[100.12137270500006,13.440174425000066],[100.12128319400017,13.44020534700013],[100.1211897180001,13.440217207000046],[100.12111939000016,13.440179367000098],[100.12102928700006,13.440076765000128],[100.1209665570002,13.440000749999967],[100.12092721600004,13.439924632999976],[100.12089568800008,13.439848470000186],[100.12085632200007,13.439764713999978],[100.12079741200012,13.439665778000176],[100.12075450200012,13.439658350000059],[100.12071169100005,13.439673798000115],[100.12066522100014,13.43973886599997],[100.12064200200007,13.439773297000102],[100.12059143200014,13.439792601000079],[100.12056016200006,13.439773661000117],[100.12047041200009,13.439751175000026],[100.12038449800008,13.439717229000053],[100.12035314800016,13.439679207000097],[100.12035295300007,13.439637251000022],[100.12036827300005,13.439579960000174],[100.12034078400018,13.439534293],[100.12030563300004,13.439519212000107],[100.12026650600006,13.439485030000128],[100.12026618700014,13.43941636600016],[100.12027382100007,13.439382003000048],[100.12028917800018,13.439332332000106],[100.120316119,13.439259732000153],[100.12036636000016,13.43916794900008],[100.12037796200008,13.439144993000127],[100.12039328300017,13.439087713000049],[100.12039312400009,13.439053386000126],[100.12037349800005,13.439026782000042],[100.1203149850001,13.4390155910001],[100.1202721730001,13.439027232000115],[100.12020602800004,13.439050403000124],[100.1201476650001,13.439073547000078],[100.1200542580001,13.43910067000013],[100.11998810200015,13.43912385200008],[100.11998585800012,13.439124342000127],[100.11986351300004,13.439151114000026],[100.11975446600019,13.43917067100017],[100.11970766900015,13.439163249000046],[100.11969192400016,13.43912898200017],[100.11968788600018,13.439098486000148],[100.11966440900011,13.439079511000045],[100.11965636700012,13.439026147999982],[100.11966092800009,13.439015598000026],[100.119679508,13.43897262600018],[100.11967543400004,13.438934493000147],[100.11961684900007,13.438911868000162],[100.11956624600003,13.438923535000129],[100.11950783900011,13.438935238000113],[100.11944933500007,13.43892786900011],[100.11940798800009,13.438930945000038],[100.11939479000006,13.438931926],[100.11935199600009,13.438947373000133],[100.11931319600006,13.438985688],[100.11927061400013,13.43905074700018],[100.11922048900016,13.439165415000048],[100.11917401300019,13.43922666800006],[100.1191547680001,13.439280154000073],[100.11913544200013,13.439314576000072],[100.11909265800011,13.439333839000142],[100.1190419740002,13.439334064000093],[100.11900692900008,13.439338034000059],[100.11898360200018,13.439349597000046],[100.11895268500018,13.439406949000158],[100.11891380600008,13.439426192000042],[100.11883970600019,13.439418893000095],[100.11875382900007,13.439388761000089],[100.11869514500017,13.439343233000045],[100.11864434800015,13.439312944000108],[100.11856240100002,13.439290414000027],[100.11847646800015,13.439252654000086],[100.11842173800005,13.439214763000052],[100.11835135700017,13.439165462000176],[100.11828091700005,13.439104738000083],[100.11821839200007,13.439070680000157],[100.11815978100014,13.439036619999968],[100.11810510300006,13.43901396800004],[100.11792549900008,13.438946082000143],[100.11774202500004,13.438882046000174],[100.11761702200005,13.438821574000144],[100.11749198200005,13.43874962800004],[100.11743318600014,13.438677418999987],[100.11739009100006,13.438631822000048],[100.11734694600011,13.438570976000165],[100.11732722400006,13.43852146900008],[100.11728391800006,13.438426287000027],[100.1172327920001,13.438327335000167],[100.11709485600005,13.438156787000082],[100.1170759960001,13.438133468000046],[100.11702503900005,13.438068833000102],[100.11695467600015,13.43802717800014],[100.1168296370002,13.437959069000101],[100.11675929300009,13.437917422999988],[100.11666167200008,13.437879695000106],[100.11656259800003,13.437877588],[100.11648922200004,13.437877887000127],[100.11638500600009,13.437888550000025],[100.11634245800013,13.437904962000118],[100.1163149790001,13.437915560000135],[100.11626060000009,13.437957778000055],[100.11622960300014,13.437996055000099],[100.11621435100011,13.43806860300009],[100.11613732500012,13.438271144000055],[100.11607532200003,13.438347723000106],[100.11602094500006,13.438386107000042],[100.11593924500005,13.438420807000114],[100.11575610900019,13.438429246000169],[100.11558057800016,13.438399502000038],[100.11544007800006,13.438354352000033],[100.1152721380002,13.438278792000176],[100.11517041700006,13.438199126000143],[100.11505308300013,13.43810808500018],[100.11496284200018,13.43797878300012],[100.11491189400004,13.43791796100004],[100.11488429700017,13.437853232000123],[100.11486834100009,13.437773187000175],[100.11486802399997,13.437704521000171],[100.11488698000016,13.437586186000033],[100.11492566400017,13.437524960000133],[100.11496453500007,13.437501903999987],[100.11502286199999,13.43747494500019],[100.11503081800015,13.43746596900013],[100.11505001500007,13.43744431100015],[100.11507295500019,13.437348834000147],[100.1150948470002,13.437024454000095],[100.11509456500016,13.436963417000129],[100.11507879200019,13.43692534500019],[100.11504753000008,13.436906413000031],[100.11498906300017,13.436906672000134],[100.11488779100011,13.43691856300012],[100.11483722200012,13.436941671999989],[100.1148061990001,13.43697614700011],[100.11479084000018,13.43702579900014],[100.1147833830002,13.437098320000189],[100.11478743800006,13.437132641000119],[100.11480718600012,13.437189776000139],[100.11485811400007,13.437246784000024],[100.11485834300015,13.437296368000034],[100.11482735599998,13.437338470000157],[100.11478741700017,13.437384506000058],[100.11478084400005,13.437392085000056],[100.11471860900014,13.437422873000116],[100.11467969600005,13.437430674000154],[100.11464458900008,13.437427034000052],[100.11462501000011,13.437408031000132],[100.11462479800014,13.437362251000081],[100.11463169800015,13.437332383000125],[100.11463626600016,13.43731260700008],[100.11465164300012,13.437266768000086],[100.11465536300005,13.437228591000064],[100.1146473940002,13.437190483000109],[100.11463171700007,13.437171472000045],[100.11458877600018,13.437156415000118],[100.11452640200014,13.437152866000076],[100.11447188300019,13.437164552000183],[100.11439410800006,13.437199232000182],[100.11435916800019,13.437229901000137],[100.11435198800012,13.437238768999975],[100.11431265500016,13.437287340000182],[100.11428165700005,13.437325619999967],[100.11421558900008,13.43736787600011],[100.1141338110001,13.43737969],[100.11409480800012,13.437376039000185],[100.11405952700017,13.437330416],[100.11406317900008,13.437273186000084],[100.11408629300007,13.43721966600009],[100.1141211530001,13.437173731000144],[100.11412613200008,13.437163167000108],[100.11414818300005,13.437116388999982],[100.11415558900012,13.437032425000154],[100.11417478300012,13.436967488],[100.11420176000013,13.436902526000154],[100.11424437699998,13.436848921999967],[100.1142714770001,13.436810649000108],[100.11428682600007,13.436757172],[100.11427878600011,13.43670381000004],[100.1142552030002,13.436661938000157],[100.11421999200019,13.436631571000191],[100.11417312700013,13.436608894000187],[100.11408331700017,13.436574943000153],[100.11372803900008,13.436443006000161],[100.11330647200009,13.436303716000168],[100.11324796100013,13.436292532000152],[100.11309980800007,13.436281725000015],[100.11297889500008,13.436263197000073],[100.11291646100005,13.43624440300016],[100.112900787,13.436225392000097],[100.1128811870002,13.43620259100004],[100.11247523500015,13.436070860000086],[100.11241287900015,13.43607113500019],[100.11236211800014,13.436048473000085],[100.11235033900016,13.436029455000096],[100.1123424930002,13.436018055999966],[100.11189356400007,13.435863607000101],[100.11183505100013,13.435852424000132],[100.11179610400018,13.435856410000099],[100.11175717900011,13.435868024000172],[100.11174162800012,13.435875721],[100.11171433400017,13.435875842000087],[100.11169477900006,13.435860671],[100.11167129400019,13.435837889000084],[100.11165170400017,13.435815091000165],[100.11160869100007,13.43578474800006],[100.11094498800014,13.435539703000074],[100.11076936400013,13.435487061000174],[100.11050016899998,13.435427219000019],[100.11031292700011,13.435389894000025],[100.11012198800006,13.435398364000037],[100.11005967800003,13.435406265999973],[100.11002857200015,13.435425484000177],[100.10996244199998,13.43545247600008],[100.10990798700004,13.435475620000034],[100.10981072600003,13.435514192000028],[100.10975625100008,13.435533501000123],[100.10963168800015,13.435568388000092],[100.10959274800013,13.435576188000027],[100.10944074200017,13.435573043000034],[100.10939194400004,13.435578565000128],[100.10937060900017,13.435580980000054],[100.1093239610002,13.435607886000128],[100.10928129300004,13.435650039000166],[100.10925040100017,13.43571122200018],[100.1092233060001,13.435753298000122],[100.10918070600013,13.435814521000111],[100.10913416300014,13.435864331000118],[100.10905240400018,13.43587994699999],[100.10898992500012,13.435857338000176],[100.1089624110001,13.43580784600016],[100.10895829600003,13.43575828000013],[100.10896575600015,13.435685756],[100.10897325000002,13.435620881999967],[100.10898069400014,13.435544544000038],[100.10897267200016,13.435494978000065],[100.1089374280001,13.435456990000091],[100.1088867090001,13.435445770000058],[100.10884774100003,13.435445942000058],[100.10879324100017,13.435461438000118],[100.10876211100009,13.435473038000168],[100.10873494000003,13.435496024000145],[100.10868041200013,13.435503911000183],[100.10862968500015,13.435488878000058],[100.1086100870001,13.435469892000071],[100.10859043700009,13.435431817000051],[100.10859414200013,13.43538983600007],[100.1086133600001,13.435332527000185],[100.10859817099998,13.435312874999966],[100.10858984200013,13.435302099000182],[100.10839850000008,13.435222833000182],[100.10834392800018,13.435219267000036],[100.10833082500011,13.435223380000139],[100.10826996900005,13.43524247900001],[100.10824673100007,13.43527309500007],[100.10825468200011,13.435307407000039],[100.10827830900018,13.435356887000069],[100.10822786000017,13.435406704],[100.10817333200009,13.435414572000127],[100.1081225530001,13.435388096000054],[100.10808347300008,13.435365372000149],[100.10797024900012,13.435323914000094],[100.10791961000007,13.4353279500001],[100.10789256000015,13.435381478000068],[100.10788499500018,13.435431106000067],[100.10787356800017,13.435488391000092],[100.10786614900019,13.43557234500014],[100.10783536200006,13.435656402000063],[100.10781221100018,13.435706099000186],[100.10774232200015,13.435763631000157],[100.10767223300013,13.435779202000106],[100.10761768200013,13.435779442000126],[100.10750457,13.435764676000133],[100.10741485900013,13.435745999000119],[100.10730555800006,13.435712141000181],[100.10718459700013,13.435678354000117],[100.10713762400002,13.435636586000044],[100.10711805400018,13.435617591000153],[100.10709442800004,13.435564285000169],[100.10709425300007,13.435526146000143],[100.1070784580001,13.435480444000063],[100.10707428100005,13.435419404000186],[100.10707398400012,13.43535455500006],[100.10705434800008,13.435327940999969],[100.10701540100013,13.435328112000093],[100.10697262500014,13.435351186000048],[100.10691042600007,13.435385796000048],[100.10687165200005,13.435427934000188],[100.10684842100017,13.435462363999989],[100.10683692300012,13.435504371000036],[100.10682547700009,13.43555783800008],[100.10680625700007,13.435615147000135],[100.10679089500002,13.43566864100012],[100.10676767300009,13.435703054000044],[100.10671708800004,13.435718542000075],[100.10665859300013,13.435711170000161],[100.10658826800005,13.435677160000182],[100.10656476500014,13.435650545000044],[100.10655676200014,13.435604799000146],[100.10677986600012,13.434962914999971],[100.10678748300012,13.434924720000083],[100.10678730900008,13.434886578000146],[100.10677542700017,13.43484466600006],[100.10677530400011,13.434817958000167],[100.10678674900004,13.434764498000163],[100.106809957,13.434722431000182],[100.10681691400015,13.434716616000117],[100.10686043100009,13.434680252000135],[100.10687594600006,13.434664917000191],[100.10691881000008,13.434664728000087],[100.10697338900002,13.434668304000013],[100.10701995700015,13.434622327000056],[100.10701971200007,13.434568911000042],[100.10698055400019,13.434530941000105],[100.10694147100008,13.434508218000133],[100.10678150500013,13.43447076800004],[100.1066722700001,13.434444532000157],[100.10657856300008,13.434410631000105],[100.10644589500009,13.434373055000037],[100.10634063800018,13.434369702000026],[100.10625878300004,13.434366247000185],[100.10618088500019,13.434378033000087],[100.10612259900017,13.434416449000082],[100.1060770320002,13.434468956000046],[100.10600628600002,13.43455047700013],[100.10594421900015,13.434611796000127],[100.10583120300004,13.434616107000068],[100.10578823700001,13.434593410000048],[100.10569824700008,13.434517492000168],[100.10564337600005,13.434452881000084],[100.10563112800008,13.434330851000084],[100.10562832400007,13.434318760000053],[100.10562317700004,13.434296559000074],[100.10559967500006,13.434269961000041],[100.10554504300018,13.434254945000191],[100.10546694300012,13.434224755],[100.10519382600017,13.434157287000119],[100.10515866900016,13.434138361000123],[100.10511954400005,13.434107999000105],[100.10508820600012,13.434073828000066],[100.10507240800007,13.434028107000074],[100.1050292490001,13.433963446000178],[100.10499399600013,13.433925448000025],[100.10495100700007,13.433902752000108],[100.1048886710002,13.433906838999974],[100.10483417100016,13.433918521000066],[100.10479895100008,13.433888161000027],[100.10477924200012,13.433838644000105],[100.10477902300005,13.433790742000099],[100.10477882300017,13.433747095000115],[100.10477857900014,13.433693678000054],[100.10476659200015,13.433628879000082],[100.10469229200004,13.43357579600007],[100.1045751040001,13.433519095000065],[100.10446570800013,13.43345853000011],[100.10437195200018,13.4334131600001],[100.10425886900015,13.433402214000068],[100.10415753200004,13.43339884400018],[100.10404845200009,13.43340695000012],[100.10393152400013,13.433407463000094],[100.10380288900006,13.433404212000084],[100.10367806600016,13.433381873000087],[100.10352574600017,13.433310043000176],[100.10346319100006,13.433268359000124],[100.10337333200016,13.433219158000043],[100.10325624900014,13.433185343000162],[100.1031195760001,13.433128708000027],[100.10290866800005,13.43303044300012],[100.10276431000005,13.432996746000128],[100.10267843400004,13.432966599],[100.10260818000006,13.432944012000178],[100.10249890000011,13.432910162000042],[100.1024130240001,13.432883828000172],[100.10230766700016,13.43285377500007],[100.10225693200016,13.43283873900009],[100.10218273800007,13.43280853300007],[100.10201474600018,13.43272153099997],[100.10187812700019,13.432672534000119],[100.10176102800017,13.432634902000189],[100.10170246400008,13.432612256000084],[100.10163618800016,13.432608731000073],[100.10156213400006,13.432605242000022],[100.1014295760001,13.432598191000068],[100.10136717900019,13.432587021000018],[100.10128521600006,13.432564485000114],[100.10117982300011,13.43252680300003],[100.10109391500009,13.43249285000013],[100.10090651900009,13.432421179000187],[100.1008401630001,13.432398575999969],[100.10074654700014,13.432379913000148],[100.100570995,13.43234634200013],[100.10052412300007,13.432323661000112],[100.10041100800004,13.432301271000028],[100.0998806520002,13.432234911000023],[100.09982213400014,13.432223722000117],[100.0997596840001,13.432201099999986],[100.09972444700014,13.432166918000178],[100.099704686,13.432105975000013],[100.09964967900015,13.432010831000127],[100.099532097,13.43186256000007],[100.09939904200013,13.431748705000132],[100.09935603300005,13.431714547000126],[100.09928572900009,13.431680514000107],[100.0991998450001,13.431650375000174],[100.09914898900013,13.431608639999979],[100.09911374600017,13.431570633000149],[100.09903956200003,13.431544256],[100.09900440600018,13.43152532800002],[100.0989574800002,13.431491207000136],[100.09889890900007,13.431468567000024],[100.09880527700011,13.431446090000065],[100.09874680000019,13.43144253000014],[100.09867665900015,13.431446650999987],[100.0986181610001,13.431435444000044],[100.09852450900013,13.431412987000044],[100.09823567800015,13.4313188590001],[100.09740436500005,13.431063075000054],[100.09721703100013,13.431006660000094],[100.0971195030001,13.43098419],[100.09693986800005,13.430904863000137],[100.0968461130002,13.430859499000121],[100.09680699100016,13.430825324000011],[100.09674444600006,13.430783630000121],[100.09656876700018,13.430719551000095],[100.09644395400005,13.430697190000103],[100.09635032100005,13.430678526000122],[100.09628392300004,13.4306444770001],[100.0961902310001,13.430610548],[100.09608477799998,13.43056142200004],[100.09596767100015,13.430519975000095],[100.09583112500007,13.43049003599998],[100.09563208400004,13.430429861999983],[100.09546820800011,13.430388610000136],[100.09537843800018,13.43036230000007],[100.09529646100003,13.430332142000054],[100.09524954500006,13.430301813000142],[100.09517926100011,13.430271596000068],[100.09513238000005,13.430245099000047],[100.09505040300013,13.430214941000088],[100.09499183100007,13.430192311000155],[100.09489040900019,13.430169866000142],[100.09476549900018,13.430128434000096],[100.094246269,13.429936125000097],[100.09350472300014,13.42970662800019],[100.09339544500017,13.429672773000163],[100.09332528100003,13.42966926300005],[100.09328631400007,13.42966943200014],[100.09321609500006,13.429658294000092],[100.09316149000006,13.429647089000127],[100.09310684200017,13.429628254000079],[100.09306779000013,13.4296131480001],[100.09302096200014,13.429598092999981],[100.09295090100011,13.429617469],[100.09288471700017,13.42963303200014],[100.09284588900016,13.429667529000085],[100.09281109600005,13.429728716000056],[100.09276472200008,13.429786141000136],[100.09273126700009,13.42979836800015],[100.0926907880002,13.429813161000027],[100.092597469,13.429859357000112],[100.09253911700017,13.429913008000028],[100.09251047100008,13.42992717900006],[100.092484668,13.429939945000058],[100.09240676100006,13.429947921000178],[100.09234444100002,13.429955837000136],[100.0922782830001,13.429979009000078],[100.0922472650002,13.430013471999985],[100.09218122200014,13.430059530000108],[100.09214222100019,13.430055885000058],[100.0920759510002,13.430052358000012],[100.092025192,13.430029692000119],[100.09191599200005,13.430014907000043],[100.09187313000007,13.430015093000065],[100.09184599100018,13.43004572500007],[100.09174495200011,13.430114830000036],[100.09167886700004,13.430149453000126],[100.09160880500013,13.430168828000092],[100.09154659400019,13.430203444000085],[100.09149224000015,13.430249451000066],[100.09143405200012,13.430306926000128],[100.09139547000012,13.430398654999976],[100.09132153800005,13.430421868000053],[100.09129027900002,13.430402926000056],[100.09127833800005,13.430349576000083],[100.09128201100009,13.430299957000159],[100.09130914200011,13.430265500000075],[100.09132450400011,13.430215849000149],[100.09132817500017,13.430166230000054],[100.09132802000005,13.430131902000028],[100.09133555600016,13.430074636000086],[100.0913587280001,13.430028765000088],[100.09140912700013,13.429967500000089],[100.09144002400006,13.429906329000119],[100.09145132600014,13.429818532000013],[100.09143928300011,13.429742291000025],[100.0914039540001,13.429685221000113],[100.09136872800008,13.429654859000095],[100.0913414010002,13.429643535000025],[100.09125182000014,13.42965536600002],[100.09117403300019,13.429693845000088],[100.09116239700012,13.429705338000076],[100.0911276020002,13.429766518000179],[100.09112803300013,13.42986190900018],[100.09110501500015,13.429942117000053],[100.09105836800012,13.429969019000168],[100.09103105700007,13.42996532400008],[100.09100757300013,13.42994253900008],[100.09099567800007,13.429896810000116],[100.09098767800015,13.42985107300018],[100.09098350500005,13.429790045000061],[100.09099097000006,13.429717523000136],[100.09099859200018,13.42967934700016],[100.09099053900013,13.429622150000114],[100.09095917700017,13.429580329000146],[100.09092402900012,13.429565215000139],[100.09088492500007,13.429534869000122],[100.09084595800016,13.429538852000178],[100.0907992430001,13.429550496000047],[100.090756484,13.429573558000186],[100.09069804100005,13.4295776350001],[100.0906471610001,13.42953208400013],[100.09064305800007,13.42948632200006],[100.09062337500012,13.429444451000109],[100.09062322000017,13.42941010400017],[100.09060746000011,13.42937201900014],[100.09058396200015,13.429345422000154],[100.0905371670001,13.429337994999969],[100.09050988300015,13.429338112999972],[100.09047510500011,13.429358735000108],[100.090449514,13.429403042000104],[100.09040208300007,13.429445204000046],[100.09034978100004,13.429464067000083],[100.09027833700014,13.429459709000128],[100.09016378600018,13.429404279000153],[100.09008276500015,13.429390639000076],[100.0900255910002,13.429386222000176],[100.0899876220002,13.429414354000187],[100.08993366800013,13.429573980000043],[100.08986664000014,13.42966226699997],[100.08981755400015,13.429741680000063],[100.08977744000003,13.429816659000153],[100.08975068600012,13.42986516500008],[100.08971031400017,13.429882948000056],[100.08962941300013,13.42988770500017],[100.08956645200016,13.429879174000064],[100.0894629510002,13.42985763200005],[100.08941336800007,13.42982703700011],[100.08937273800012,13.429787606000161],[100.08934097500003,13.429721745000109],[100.08932258900012,13.429629429000101],[100.08931781799998,13.429572237000173],[100.08931291800013,13.429479874000094],[100.089301949,13.429270449000057],[100.089289087,13.429218633000062],[100.089261105,13.429181630000073],[100.08923566100003,13.429147088000093],[100.08920522800008,13.42912495400003],[100.08917229700012,13.429110238000078],[100.08913941000014,13.42910790000002],[100.08905854300014,13.429118153000104],[100.08895735800019,13.42910868600012],[100.08888902800004,13.429096602000186],[100.08882571000015,13.429072140000073],[100.08877493900013,13.429025328000137],[100.08870889700017,13.428958790000138],[100.08868588600012,13.428904442999965],[100.08866019500005,13.428815445999987],[100.08865551600007,13.428713294999966],[100.08865152800013,13.428676310000014],[100.08864654800004,13.428649733000043],[100.08863772400002,13.428630512000154],[100.08863480800017,13.42862415999997],[100.08862007500011,13.428599679000172],[100.08856796700002,13.428546068000117],[100.08850961100018,13.42850423300007],[100.0884538460001,13.428469833000065],[100.088405722,13.428452709999988],[100.08834498700008,13.428440593000175],[100.08828935700006,13.428443325000046],[100.0882388760001,13.428460855000083],[100.08819875500006,13.42848352500016],[100.08815059300014,13.428510738],[100.08808000200008,13.42855312100005],[100.08800675400005,13.428570757000102],[100.08795105900015,13.428558620000047],[100.08793332900012,13.42854880800013],[100.08791553500004,13.428529075000029],[100.08789518300017,13.4285019350001],[100.08787990900015,13.428477264000094],[100.08785199600004,13.428455101000111],[100.08781912000018,13.428455243000144],[100.08777619200015,13.42847027800002],[100.08766796600008,13.428579644000024],[100.08759742300003,13.42863687700003],[100.08753946700006,13.42867920499998],[100.08750927400013,13.428713996000113],[100.08747663300016,13.428766112000176],[100.08743649500002,13.42883557100015],[100.08739821800015,13.42887338800017],[100.08732406900015,13.428908878000072],[100.0872397620002,13.428942849000123],[100.08717917100006,13.42896291300002],[100.08712862400006,13.428968083000086],[100.08706536400013,13.428960922000158],[100.08698940100015,13.428936504999967],[100.08686273700016,13.428882604000023],[100.08676390700015,13.42883104700013],[100.08665473700017,13.428734996000117],[100.08661404100019,13.42868072400006],[100.08659615700014,13.428641196000171],[100.08659095300004,13.428606558000126],[100.08659329900007,13.428566969000144],[100.08660073900018,13.428534747000128],[100.08660816800017,13.428500063000115],[100.08661555100014,13.428453010000055],[100.08661033600015,13.428418388000182],[100.08659756700007,13.428391207000175],[100.08658738200006,13.428376402000083],[100.08657466900013,13.428361607],[100.08655188000012,13.428351816000031],[100.08649615000013,13.428329775000066],[100.08644041900004,13.428307739],[100.08558881400018,13.42808635299997],[100.08549384200018,13.42802781500012],[100.08535931400002,13.42791207100015],[100.08529840000017,13.427860349000127],[100.08526290000003,13.427838217000044],[100.08524010100001,13.42783090800009],[100.08518955,13.42783359800012],[100.08513652200008,13.42784867600011],[100.08507837800005,13.427851407999981],[100.08504040900004,13.427839175000145],[100.08501498500004,13.42780959400011],[100.08495900900004,13.427730634000113],[100.08489060100004,13.427703701000098],[100.08485512300012,13.427684059000114],[100.0848245950001,13.427644586000099],[100.0847889710002,13.427592774000061],[100.08474576100014,13.427540976000046],[100.08471522500014,13.427499040000157],[100.0846518400001,13.427459699000167],[100.084616342,13.427440067000134],[100.08457835900015,13.427425371000027],[100.08449991800018,13.427413331000082],[100.08442145600009,13.42739634700007],[100.08432277500015,13.427381913000147],[100.08417096100004,13.427355348000162],[100.08404451900003,13.42735094800014],[100.08384203700018,13.427304778000064],[100.0836672980002,13.427248621000103],[100.08350783300006,13.427207220000184],[100.0833155160002,13.427173395000125],[100.08321935900017,13.42715647600005],[100.08314337799999,13.42712957600014],[100.08296080500008,13.42701403500007],[100.08280605900006,13.426898371999982],[100.08272990300014,13.426834348000057],[100.08265384999999,13.42678765300019],[100.08259048000008,13.426755745000037],[100.08251185000017,13.426696685000081],[100.08232326000018,13.426516134000167],[100.0821309390002,13.426332010000067],[100.08198361600017,13.426184155000158],[100.08181609100006,13.426038830000095],[100.08171467500017,13.425974912000186],[100.08164121400006,13.425945528000057],[100.08156022700018,13.425928555000155],[100.08148174500008,13.42590661600019],[100.08119065800008,13.425836089000143],[100.08086539300007,13.425714501000186],[100.08084817600019,13.425711938000063],[100.08054639800008,13.425631704000182],[100.0802742690002,13.425529987],[100.08003784300018,13.4254300610001],[100.07969826300013,13.425324753000098],[100.07957315600004,13.425286460000052],[100.07941022400001,13.425236305000055],[100.07938720500016,13.425229221],[100.07935386800017,13.42522161200003],[100.07932480700015,13.425214977000053],[100.07931150000002,13.425213053999983],[100.07922442900019,13.425209178000046],[100.07912576600012,13.425204791000112],[100.07905851000004,13.425206615000093],[100.07900241900012,13.425208136000151],[100.07895079500014,13.425213977000169],[100.07891735600009,13.425220676000094],[100.07889254600019,13.425232947000154],[100.07887158700015,13.425248016000069],[100.07885541800016,13.425267759000178],[100.07884213099999,13.425291211000172],[100.07882702000012,13.42533432700003],[100.0787822320001,13.425330343000041],[100.0787236760001,13.425607298000102],[100.07867510400013,13.425788678],[100.0785054170002,13.426263192000022],[100.078406529,13.426528610000162],[100.07837527300012,13.426628840000092],[100.07823597300012,13.42711348000006],[100.0781238990001,13.42757951700014],[100.07801319300017,13.428006019000065],[100.07797121900006,13.428177493000078],[100.0778908010002,13.428415190000123],[100.07779704800015,13.42864398],[100.07777376900009,13.428712702000041],[100.0777465050001,13.428802308000172],[100.07773917600014,13.428832898],[100.0777259520001,13.42894074600008],[100.07773709500009,13.429048118000082],[100.07776502000013,13.429192941000053],[100.07782189100016,13.42945914600017],[100.07784650400015,13.429595741000185],[100.07787171400008,13.429770773000087],[100.07795094400007,13.431273976],[100.07797490000013,13.431490545000088],[100.07802622700018,13.432067155000027],[100.07810271600005,13.433049186000176],[100.07815346600012,13.433552588999987],[100.07827214500008,13.43483309700008],[100.07835846500012,13.43563208],[100.07841248100016,13.436388747000024],[100.0784302470002,13.43656874300018],[100.07846800600004,13.436843817000181],[100.07848852700005,13.436969639000097],[100.07850060400011,13.437082310000108],[100.07850590200019,13.437215516000094],[100.07849582000006,13.437350248000087],[100.0784764170001,13.437458671000059],[100.07847126600012,13.437482117000059],[100.07841758900008,13.437662419000048],[100.07836333800009,13.437847121000061],[100.07825601400009,13.438272145000042],[100.07816708000018,13.438572646000125],[100.078099441,13.438819823000074],[100.07808306200019,13.438881909000031],[100.07782373200001,13.439871235],[100.07757378900004,13.44072875400019],[100.07749656000016,13.441020425999966],[100.07727884000008,13.441886591000127],[100.07699565200011,13.443059022000057],[100.07687251900012,13.443538280000098],[100.07667121800006,13.44424919100004],[100.07643204900006,13.445122767000043],[100.07629004900008,13.44562113800015],[100.07621572000005,13.445908407000047],[100.07608098800006,13.446453595000037],[100.0759892010002,13.446795108000117],[100.07597093900011,13.44684788700016],[100.07592615200008,13.446954955000137],[100.07580630600012,13.447261445000095],[100.07579170400015,13.44730542800005],[100.07575981800017,13.447459285000093],[100.07568861300001,13.447778750000168],[100.07551335,13.44846319100003],[100.07544436800015,13.448751900000047],[100.07533290999999,13.449150588000123],[100.07525742500007,13.449401259000183],[100.07516886100018,13.449684193000166],[100.0750831900001,13.45002128200008],[100.07505228800005,13.450131215],[100.07501550800004,13.450249956000164],[100.07493195600006,13.45050212600006],[100.07487669900019,13.450688292],[100.0748348570001,13.450861220000093],[100.07478106800016,13.451100090000182],[100.0747245510002,13.451319932000047],[100.07456676900011,13.451885719000074],[100.07439976400008,13.45246178800005],[100.07434156400006,13.452653827],[100.07423400700014,13.453106664000074],[100.07411006700016,13.453666453000153],[100.07409058400009,13.453745591000086],[100.07403592600014,13.453911254000047],[100.07394549300005,13.454153205000068],[100.07391878200008,13.45423676900009],[100.0738108720002,13.454600307000135],[100.07362333800012,13.45529651400011],[100.07357096500016,13.455523249000123],[100.07355636400007,13.455562061000137],[100.07352095700008,13.455639534000056],[100.0735051810002,13.455661384999985],[100.07345168200015,13.455722984000033],[100.07329660400012,13.455801580000127],[100.0732878880001,13.455807414000105],[100.07326818700017,13.455863127000157],[100.07326409500018,13.455872550000151],[100.07326162500016,13.455885174000116],[100.07325410500005,13.455902559000037],[100.07324696300014,13.455961225000124],[100.0732465600002,13.455969355000093],[100.0732513800001,13.45604261],[100.07327295800008,13.456098600000189],[100.07329645900018,13.456148501000143],[100.073318127,13.45621429],[100.07332893400013,13.456259946000046],[100.07333014500011,13.45629315400015],[100.07332757400019,13.45631644800011],[100.07331906600018,13.456349530000182],[100.07328743300013,13.456400354000095],[100.07292636,13.456854278000037],[100.07289529000013,13.456896865999965],[100.0724777530001,13.457532563000086],[100.07201601100007,13.458209445000136],[100.07190776500005,13.458373877999975],[100.07177838400008,13.458585246000041],[100.07173757100014,13.458646908],[100.07151455200011,13.458953841000096],[100.07123302700018,13.459351784000091],[100.07104728400014,13.459626351000168],[100.07077228800011,13.460005240000157],[100.07055485700016,13.460310680000191],[100.07030858300004,13.46067480400012],[100.07006382100002,13.461011108000037],[100.0698743330002,13.461278366000158],[100.06946964600019,13.461894974000188],[100.06928561300015,13.462156354000115],[100.06857336100018,13.46320322400004],[100.06813076100013,13.463858059000131],[100.06779493300007,13.46432358200002],[100.06748832600005,13.46474359400014],[100.06723839100005,13.465117979000127],[100.06703932700009,13.465429198000038],[100.064798306,13.468733031999989],[100.06476486899999,13.46878232500012],[100.0626436660001,13.471909427000185],[100.06239815100014,13.472261544000105],[100.06223669800016,13.47249862199999],[100.06196453500013,13.472907020000036],[100.06137973400013,13.47374038099997],[100.06087787100012,13.474482101999968],[100.0606073260002,13.474871772000085],[100.0603296540001,13.475263813000083],[100.06000140100008,13.475761390000116],[100.0596057530002,13.476334148000092],[100.05938382300013,13.476672119000114],[100.05918087600008,13.477007817000128],[100.05909229600007,13.477141456000084],[100.05903791700007,13.477213850000055],[100.05886799200016,13.477406877000135],[100.05878727700014,13.477486796000107],[100.05875065500015,13.477531419000115],[100.05863517300014,13.477688721],[100.0583993150002,13.478050157000041],[100.05825901200006,13.478273098000102],[100.05780240299998,13.478979519000063],[100.05763219200003,13.479223649000176],[100.05696801000016,13.480136911000045],[100.05678590700012,13.480381093],[100.05652778700005,13.480735600000116],[100.05623708600007,13.481141734000175],[100.05596005200005,13.48150334100012],[100.05574650500006,13.481810846000087],[100.05552743200013,13.48213709900017],[100.05549469200014,13.482188729000029],[100.055011605,13.483028669000078],[100.0549900810002,13.4830708880001],[100.05481038000016,13.4834648530001],[100.05477707400007,13.483530526000095],[100.05459066100019,13.483868345000076],[100.05448627000015,13.484041982000122],[100.05429469300003,13.484328627000139],[100.05419295600007,13.484473950000165],[100.05404405500008,13.484586521000153],[100.05380325100003,13.484758227000157],[100.05371023300017,13.484816139000145],[100.05338695700004,13.48498173500019],[100.0532981880001,13.485041561000173],[100.05327278500005,13.485085431000073],[100.05326881300005,13.485102391000055],[100.05326731400004,13.485147149],[100.05327616100016,13.485179877000064],[100.05334211399997,13.48534577800018],[100.05335404300018,13.485419990000139],[100.05335585700016,13.485485001000086],[100.05334973400011,13.485530648],[100.0533211550001,13.485609962000012],[100.05326369400007,13.485714789999975],[100.05315896400015,13.48580179600009],[100.05347229800009,13.485932282000022],[100.05375282300014,13.48607301400017],[100.0539252580001,13.486177896000129],[100.05411456500008,13.486282706000111],[100.05441522300003,13.486400256000024],[100.05480024500014,13.48653394500019],[100.05524604800013,13.486683877000132],[100.05565472400019,13.486827373000096],[100.05599594800003,13.486967838000112],[100.05633037200016,13.487098442000104],[100.05668854300006,13.48725864],[100.05694534900016,13.48737636400017],[100.05725949800012,13.487493854000093],[100.05771878100018,13.487643726999977],[100.05835375300018,13.487865469000042],[100.05914409300016,13.48814264300006],[100.06000546100006,13.488465727000118],[100.06109313000007,13.488870359000032],[100.06204576900012,13.48924255300011],[100.06220795300004,13.489314467000042],[100.06239051000011,13.489415999000073],[100.06255283300015,13.489517614000022],[100.06282027700007,13.48975079600018],[100.06301663200003,13.489921575000153],[100.06311136700015,13.489993776000176],[100.06322959100015,13.490036184000132],[100.0633577810001,13.490045538],[100.06352288599999,13.490015138],[100.06394721700002,13.489881335],[100.06414928700008,13.489821069000186],[100.06423019900018,13.489817430000187],[100.06432134400018,13.48983684000018],[100.06447350100007,13.489928599000052],[100.06472760700012,13.49019483800015],[100.06496514200018,13.490527147000023],[100.06512122600009,13.490740996],[100.06521610700003,13.490846205000082],[100.0652668840001,13.490888891000111],[100.06533783700019,13.490918289000035],[100.06591818800013,13.490988427000161],[100.06648495000013,13.491035523000164],[100.0668055110001,13.491077061],[100.06712958100007,13.491151595000133],[100.067322095,13.491216775000055],[100.06742356100006,13.491282350000063],[100.06752513600003,13.491374323000116],[100.06775558300018,13.491627449000077],[100.06815558300008,13.492091075000076],[100.06830461900017,13.492238954000129],[100.06843996200007,13.49234068000004],[100.06857851100006,13.492402794000043],[100.06873035000012,13.492421951000097],[100.06905408100016,13.492417270000146],[100.06980941300014,13.492400851000127],[100.07009949300016,13.492412813000044],[100.07028172500014,13.492441736000046],[100.07050796500005,13.49250677800012],[100.07067019600004,13.492588586000124],[100.07078527000016,13.492680499000187],[100.07096475400004,13.492848041000173],[100.07111735700016,13.493038803000161],[100.07128699300017,13.493265789000134],[100.07138187900006,13.493370997000113],[100.07150029700006,13.493456291000086],[100.07165244500004,13.49354474400019],[100.07178418800004,13.493593686000168],[100.07194274600016,13.493606209],[100.07252263400017,13.493570728],[100.07307908000001,13.493571650000092],[100.0733793930001,13.493609964000086],[100.07371693700014,13.493677827000113],[100.0741018610002,13.493785087000106],[100.07454770200007,13.49393828600006],[100.07496336900005,13.494131211000138],[100.07536565800007,13.494350601000178],[100.07569356300007,13.494524110000043],[100.07593349200016,13.494635287000108],[100.0762206440001,13.494746256000099],[100.07652123899999,13.494847278000123],[100.07685887300005,13.494934930000113],[100.07739898000005,13.495051416000138],[100.07795238,13.495124942000189],[100.0784721170001,13.495211810000114],[100.07894462800004,13.495295586999987],[100.07945773400007,13.49540888200005],[100.07971433000017,13.49547378200009],[100.0799271320002,13.495548768999981],[100.0802753270001,13.495735382000078],[100.08067091400005,13.495961388000126],[100.08100211400011,13.496118372000126],[100.08117776700016,13.496183621000114],[100.08133306400015,13.496219254000152],[100.08151525500006,13.496238265000045],[100.08166361100007,13.496231030000047],[100.08184561000007,13.496207139000092],[100.08206803600001,13.496173177000173],[100.0822344570002,13.496164318000012],[100.08227032900015,13.496162406000053],[100.08242885800001,13.496168318],[100.08257400500008,13.49619739100001],[100.08265849400004,13.49623663500006],[100.08273629600006,13.49628910500013],[100.08278786900019,13.49636150900011],[100.08283472100015,13.496427279000045],[100.08306214700013,13.496756316000187],[100.0832113240001,13.496930585000086],[100.0832959620002,13.497002820000148],[100.08337707800018,13.497042076000184],[100.08349521000014,13.497064663],[100.08368403100008,13.49705724200004],[100.08403802600014,13.497032618000105],[100.08425049400012,13.497035000000153],[100.08449675500015,13.497050437000098],[100.08470605700006,13.497099037],[100.08499991800016,13.497200067000051],[100.08522965100008,13.497291478000022],[100.08551677800011,13.497395839000035],[100.08587134200013,13.49749660600014],[100.08630357900012,13.497623444000169],[100.08717125100014,13.497834194000177],[100.0879141600002,13.498052086000087],[100.08862668500012,13.498260202999973],[100.0904535890001,13.49879349300005],[100.0920507190001,13.49918714200004],[100.09395377600009,13.499736213000062],[100.0952565230001,13.500117740000121],[100.09565556900009,13.500225451000063],[100.09685215800005,13.500548436000031],[100.09711741100006,13.500620035],[100.09825805600002,13.500949459000083],[100.09983092800013,13.501400179000086],[100.10141587700014,13.501868449000085],[100.10447267500007,13.50272041900007],[100.10486259400011,13.502858728999968],[100.10531299700017,13.503019548000054],[100.10563719900017,13.503114929000049],[100.10575631500006,13.50314101500004],[100.10579473600012,13.503149436000115],[100.10591615900012,13.50315329700004],[100.10605087800019,13.503113103999965],[100.10663655400015,13.502774773000112],[100.10675335600007,13.502684132000184],[100.10690674700004,13.502565093000044],[100.10716087200018,13.502371280000034],[100.10740550700007,13.502218571000128],[100.10752784400017,13.50214853700004],[100.10768565700016,13.502068875000191],[100.10783068199999,13.502017688000137],[100.10804025500005,13.501963064000051],[100.10824021900004,13.501924269000085],[100.10849831799999,13.501891545999968],[100.10876616200017,13.501871406000078],[100.10902783700004,13.50185938900006],[100.10914699900013,13.50185392600008],[100.10975383100003,13.5018449210001],[100.11008298500013,13.501821347000146],[100.11027652000007,13.501788901000111],[100.11044092300006,13.501737637000133],[100.11058900000018,13.501648531000058],[100.11073688900007,13.501518365000095],[100.1108752130001,13.501413509000145],[100.11120677900004,13.50121302600013],[100.1114837630002,13.50107597300007],[100.11150761500005,13.501063658000021],[100.11178003600008,13.500923032000117],[100.11221166300004,13.500722105000136],[100.11250166000013,13.500607102000117],[100.11267160000017,13.500538101000188],[100.11276908500014,13.500498511999979],[100.1128156150001,13.500485874000049],[100.11305279600009,13.500421438000046],[100.11327532900009,13.500376227000118],[100.11347629300002,13.500551560000133],[100.11360642700015,13.500659116000122],[100.11363131400014,13.500679686000069],[100.11380739700007,13.500900184000045],[100.1138922630002,13.501110386],[100.11392281400015,13.501406477999979],[100.11390969900003,13.50172417500005],[100.1139395300001,13.501866806000066],[100.11399120800007,13.501998631000049],[100.1140537890002,13.502123274000155],[100.114101962,13.502287225000146],[100.11412505800018,13.502547664000076],[100.11412298700009,13.50288673100016],[100.11410583700007,13.503122363000102],[100.11403019100004,13.503326136],[100.11400895800017,13.50346541800019],[100.11401684499998,13.503593870000145],[100.11402600400015,13.503639068000155],[100.11403924600017,13.503704406000054],[100.11410164400019,13.503789787000073],[100.11422616000016,13.503899878000084],[100.11436858700017,13.503938507000157],[100.11454416000004,13.504048362000105],[100.11473414000011,13.504118900000037],[100.11476725400018,13.504179424000085],[100.11474581400017,13.504275878999977],[100.11473885500004,13.504347291000045],[100.11476463700006,13.504400716000134],[100.11481945500014,13.504425458000014],[100.1148959950001,13.504414408000173],[100.1150162030001,13.504381745000046],[100.11515098400014,13.504345459000092],[100.1152749200001,13.504330631000073],[100.11534803100017,13.50436599200009],[100.11544095800014,13.504465947000085],[100.11550611700011,13.504486881000048],[100.11556033100015,13.504486640000096],[100.11561011800012,13.50446732100005],[100.11563812500003,13.504426875000036],[100.11566616200014,13.504392794000182],[100.11570728900006,13.504377761000057],[100.11573767800019,13.504381873000057],[100.11577485800007,13.504449610000052],[100.11586938600004,13.504725067000038],[100.11588692300018,13.504765310999971],[100.11592170200015,13.504782125000133],[100.11597810199999,13.504786121000109],[100.11601929700015,13.504783818000021],[100.11608207400008,13.504760195000074],[100.11611869299998,13.504706979000161],[100.11613994800007,13.504613510000127],[100.11615482700017,13.504547659000082],[100.11619806900018,13.50451987700012],[100.11623491400013,13.504515474000186],[100.11639613400013,13.504673916000172],[100.11649832600006,13.504732870000055],[100.1165654630002,13.504713474000027],[100.11662144700006,13.504626224000106],[100.1167467630001,13.504525926000156],[100.11680289700013,13.504472624000186],[100.11685025000003,13.5043960160001],[100.11687390900016,13.504353469000023],[100.11690855800009,13.50434270300019],[100.11694326800011,13.504344667000169],[100.11747429500008,13.504749747000119],[100.11748526800017,13.504777288000184],[100.1174487200002,13.504845355000043],[100.11728341200018,13.505204731000106],[100.11705186800003,13.505778734000103],[100.11701143400006,13.505944438000142],[100.11703374600012,13.50608015400013],[100.11709098600005,13.506262402000118],[100.11712646600017,13.506429896000157],[100.11715309400006,13.506511124000099],[100.11721886000015,13.506711727000095],[100.1172297940002,13.50680424],[100.1172301410001,13.506807170000116],[100.11722197400007,13.506915431999971],[100.11715969100015,13.507047287000148],[100.11704338000004,13.507217568000101],[100.11683604700005,13.507403113000123],[100.11672190100018,13.507573402000048],[100.11659441800003,13.507673702000034],[100.11656054900016,13.507721802999981],[100.11655994500012,13.50772266100006],[100.11655845600006,13.507735166000145],[100.11655714000011,13.507746214000178],[100.11655160000004,13.50779273000012],[100.11655401200005,13.507845780000025],[100.116564444,13.507869082000013],[100.11668395700008,13.508136042999979],[100.11668770000011,13.508144406000042],[100.11669270100009,13.508151617000067],[100.11684694700006,13.508374070000059],[100.11687546700011,13.508415200000115],[100.11707817200005,13.508634994000147],[100.11765089800019,13.509244393000017],[100.11766009300015,13.50925417600007],[100.11773872800018,13.509374790000095],[100.11774538400005,13.509394491000023],[100.11776951300016,13.509465899000077],[100.11777444800015,13.509595327000113],[100.11779885600004,13.509714064000093],[100.117862365,13.509845349000045],[100.11793222000006,13.50994264999997],[100.11796601400016,13.509953508000024],[100.11803646300007,13.509976142000085],[100.11806199000011,13.509978264000097],[100.11813236300014,13.510552075000078],[100.11924512900003,13.510681438],[100.11894833800011,13.511318665999966],[100.11882123300012,13.512059142000169],[100.1190451130002,13.51262948699997],[100.11916738600007,13.51294188999998],[100.11982212300018,13.513405406000174],[100.11996615600009,13.51343790400017],[100.12002571300013,13.513391863000038],[100.12005272800019,13.513457437000113],[100.12065723500018,13.51359383200014],[100.1213111450001,13.51367979000014],[100.12169684900005,13.514014382000084],[100.12188045500011,13.514542431000166],[100.12203328900017,13.515949004000106],[100.122282735,13.517164330000128],[100.12279819400015,13.517925277000131],[100.12326557700015,13.519573098000137],[100.12390564200012,13.519405334000112],[100.12414544800004,13.51932649000014],[100.12461144700012,13.51891742100014],[100.12465012400008,13.51888346800007],[100.12474752600014,13.518797965000033],[100.12501939400005,13.518559309000182],[100.12589969000004,13.517793928000174],[100.12696881300013,13.517274754000027],[100.127068135,13.516898424000146],[100.12795585100008,13.51649876200014],[100.12815793400006,13.516478068000026],[100.12859385400003,13.516682789000185],[100.13044207900009,13.518754774000115],[100.13050680100014,13.51881422700012],[100.13051766000007,13.5188457590001],[100.13051428400013,13.51891239600019],[100.13050011500013,13.518961532000162],[100.13048951100012,13.519007145000103],[100.13051124500015,13.519073714],[100.13064422500014,13.519178592000173],[100.13084192000008,13.519335922000039],[100.130992741,13.519412705000093],[100.1311221310001,13.519514086000015],[100.13120842900008,13.519591037000112],[100.13131632700015,13.519692470000052],[100.1313919420001,13.51979048200019],[100.13149628800005,13.519905970000138],[100.13159708400019,13.520028465000053],[100.13167973600014,13.520087889000024],[100.13184503300005,13.5201997100001],[100.13198515800013,13.520287048000057],[100.1321038280002,13.520391981000103],[100.13218650500005,13.520458415000121],[100.13223698100012,13.520538963000035],[100.13229132800006,13.52070367600004],[100.132313151,13.520798329000172],[100.1323708160001,13.520885871000132],[100.13243553300003,13.52093832200012],[100.13253263800016,13.521025783000141],[100.13269813000016,13.52119023199998],[100.13283841700013,13.52132317800016],[100.13296076100016,13.521449160000088],[100.13309397300014,13.52160668199997],[100.13319112400012,13.521707721000098],[100.13328480100012,13.521795189000045],[100.13336358600014,13.521897309000167],[100.13344992700013,13.52202133500009],[100.13361109800002,13.522181723000074],[100.133655992,13.522203539000088],[100.13370084400003,13.522210734000055],[100.13375681600019,13.522195984000064],[100.13380536900002,13.52219586100017],[100.13384656200014,13.522224995999977],[100.13386548700004,13.52229438400002],[100.1338845050002,13.52238934899998],[100.13391080700006,13.522436791000189],[100.13401212500008,13.522568095000054],[100.13406845600002,13.522655669000187],[100.13407626000014,13.522750667000025],[100.13406529200012,13.522816475000184],[100.13404678400019,13.522864023000182],[100.13407311300017,13.52291512800008],[100.13414040200013,13.522933231000081],[100.13423755200017,13.522940305000134],[100.13436094300016,13.522976545000063],[100.13441341900005,13.523027585000023],[100.1344697680002,13.523115158999985],[100.13449995900015,13.523202790000084],[100.1345639330001,13.52333420900004],[100.13458668800013,13.523429175000047],[100.1345758220001,13.523524223000095],[100.1345574770001,13.52361929600005],[100.13456150400015,13.523696036000047],[100.13459154000014,13.523743479000132],[100.13467010699998,13.523776178000105],[100.13481209100019,13.523786800000096],[100.13486480500012,13.523773529000152],[100.13493805800005,13.523766576000185],[100.13501760200006,13.523771503000148],[100.13508789700012,13.523770576000175],[100.1351244,13.523758130000033],[100.13516986400003,13.523730607000118],[100.13520628500015,13.52371218400009],[100.13524287000007,13.523705723000035],[100.13527380900001,13.52373222000017],[100.13530523500015,13.523794603000113],[100.135333619,13.52385702600003],[100.13536199500004,13.523919451000097],[100.13536564000009,13.523961265000025],[100.13530279100013,13.52405780200013],[100.1352639810001,13.524124106000102],[100.13522835200007,13.52419934000011],[100.13525425500018,13.524303668000016],[100.13528937600017,13.52441085800018],[100.13531519700007,13.524509200000182],[100.13538003400004,13.524556185000051],[100.13543521100007,13.524567413000113],[100.13549323000018,13.524563653000143],[100.13554810900018,13.524553957000023],[100.1356032010001,13.524559208000028],[100.13566172500015,13.52459132700011],[100.13572090800017,13.524671286000057],[100.1357739500001,13.52474832400003],[100.13584560600003,13.524846061000062],[100.13592924000017,13.524925698000175],[100.13601568700011,13.524987346000103],[100.13612978900017,13.525060594000138],[100.13622903800012,13.525163944000155],[100.1364208650001,13.525331855000104],[100.13666009300016,13.525542131000066],[100.13677701300008,13.525634850000017],[100.13693200200004,13.525693132000072],[100.13707130900008,13.525732768000125],[100.13717224400017,13.525784215000044],[100.13729254900011,13.525842963000116],[100.13734681100016,13.525864867000166],[100.13742383700014,13.525860068000043],[100.1374816450001,13.525859302000129],[100.13752455600019,13.525896445000114],[100.13752539299998,13.525956768000015],[100.13753415100018,13.526032074000057],[100.1375349870001,13.526092406000032],[100.13757077800011,13.526171121000061],[100.1376526460001,13.526237918],[100.1377381160001,13.52628580600009],[100.13784267900013,13.52632213000004],[100.13788944999999,13.526359219000028],[100.13793642900009,13.526411387000053],[100.13799502100011,13.52646717500005],[100.1381000070001,13.52653366400017],[100.13815870600007,13.526596992000066],[100.13829573600003,13.52674977900017],[100.13838488800013,13.526786304000098],[100.13846222200016,13.526804140000138],[100.13860454600018,13.526783390000048],[100.1387313510001,13.526755302000026],[100.13881997200008,13.526754131000189],[100.13889762900004,13.526794576000043],[100.13896424100005,13.526872885000046],[100.13902719900011,13.52696632500016],[100.13912459600004,13.527040450000186],[100.1392332280002,13.527091799000061],[100.13944532400012,13.527100298000164],[100.13954120600005,13.527127214000075],[100.139595177,13.527156227000035],[100.13962826500006,13.527194119000171],[100.13963744300014,13.527237975000048],[100.13964367600005,13.52729062800006],[100.13964992300009,13.527346204000082],[100.1396620550002,13.527383186000122],[100.13968728800006,13.527412542000036],[100.13974010800018,13.527442364000024],[100.13983596900005,13.527474126000186],[100.13991990700003,13.527514709000059],[100.1399709330002,13.527552520000086],[100.14002501600015,13.527604956000175],[100.1401091570001,13.527686513000049],[100.14018729500015,13.527765175000184],[100.14030128300016,13.527834889000076],[100.1403852360001,13.527878404000035],[100.14055923400008,13.52798881900003],[100.14071824000013,13.52809051800017],[100.14079919200009,13.528131123000094],[100.14093109100003,13.52819490200011],[100.14106297200004,13.52825282800012],[100.1411440490001,13.528319769000063],[100.141258016,13.528386561000048],[100.1413838590002,13.528432806000069],[100.14144687800018,13.52847641600016],[100.14152784400011,13.528519952000181],[100.14159072300009,13.528534295000043],[100.14166555800017,13.528548583000145],[100.14173146200011,13.52856877400012],[100.14175906500014,13.528595532000054],[100.1417685890001,13.528621074],[100.14177076100009,13.528656389],[100.1417980540001,13.528735273000166],[100.14184334900006,13.528825792000077],[100.14190956400012,13.528913284000055],[100.14195462200007,13.528954052000017],[100.14201757200016,13.52898302500006],[100.14207841900014,13.529006514000116],[100.14211891200017,13.529033902000094],[100.14213452100017,13.529046871000162],[100.14218261700006,13.529096411000182],[100.14223975100015,13.52916053000007],[100.14229086200004,13.5292159010001],[100.14231497800006,13.529256765000127],[100.14232955300014,13.529287750000094],[100.14237075900013,13.529341868000131],[100.14240224700012,13.529367566000133],[100.14243693200001,13.529384333000053],[100.14251305200014,13.529399250000097],[100.14257288300018,13.529398976999971],[100.14264166300018,13.529395741000087],[100.14267281000019,13.529397390000156],[100.14273222200012,13.529413029000068],[100.1427554350002,13.529421558000024],[100.14281538400007,13.529447620000042],[100.14288129300013,13.529470733000096],[100.14292321100004,13.529479317999971],[100.14297104600018,13.529476177000163],[100.1430397690001,13.52946123400011],[100.14314434900001,13.52944026400013],[100.14320716800017,13.529439977000038],[100.14326407099998,13.529457278000109],[100.14330010400005,13.52948638100014],[100.14332721600016,13.529527223000116],[100.14334238600014,13.52957105000013],[100.14338196500017,13.529609426000093],[100.14341033100004,13.529621885000154],[100.14344434700018,13.529629120000095],[100.1435101670001,13.529631742000163],[100.14357604800011,13.529649001000053],[100.14361801300015,13.529669292000051],[100.14364810100017,13.529704276000132],[100.14366326200008,13.529748103000088],[100.14369063900011,13.529844557000104],[100.14372677000017,13.529894143000092],[100.14379287500003,13.529958219999969],[100.1438408510001,13.529984337000087],[100.14390686600018,13.530027933000156],[100.14395192500007,13.530068701000175],[100.14399399700017,13.530109475000188],[100.14402406699998,13.530144458000109],[100.14406905600009,13.530170589000079],[100.14414704200016,13.53021706100003],[100.1441980560001,13.530251940000142],[100.14426121500009,13.530324816000132],[100.14428235800011,13.5303686150001],[100.14429769600014,13.530447564000156],[100.14431599300019,13.530520636000176],[100.14433126500018,13.53058787700013],[100.14436444400019,13.530646260000083],[100.14442749200009,13.530695722000075],[100.1445113480001,13.530718744000012],[100.14461009500019,13.530727077000108],[100.14467890700018,13.530732616000137],[100.14478672000013,13.530761382000037],[100.14488268900016,13.530813624000075],[100.14495171200008,13.53086305800008],[100.1450147170001,13.530903736000084],[100.14511365100009,13.530953043000125],[100.14521259399999,13.531002340000043],[100.14531445400007,13.531036987000164],[100.1453953090001,13.531057099000066],[100.14544625200017,13.531077358000061],[100.14552108900006,13.53109164500006],[100.14557812700014,13.531135281000104],[100.14561432900013,13.531199495000124],[100.14563266800013,13.531281352000065],[100.14565109600005,13.53138369900006],[100.14565737200002,13.531445119000182],[100.14567572500005,13.531529906000173],[100.14569083100008,13.531562027000064],[100.14572092500003,13.531599933000052],[100.14575394400003,13.531623196000112],[100.14580183600009,13.531631760999971],[100.14589154900017,13.531628419000072],[100.14598412300018,13.531598728],[100.14612161100018,13.531577615000117],[100.14624134800005,13.531597550000072],[100.146376176,13.531646682000087],[100.14645718600013,13.531698992000145],[100.14656220100005,13.531768745000136],[100.14662526400019,13.531821129000036],[100.14668536800019,13.53187938900004],[100.14680842800004,13.531969549000053],[100.14685637600013,13.531989812000063],[100.14693430600016,13.532024576000083],[100.1469943830001,13.532076974000177],[100.147036517,13.532132385000011],[100.14707262100018,13.532176116000187],[100.147099734,13.532216957000117],[100.14711784899998,13.53225199600007],[100.14713900700013,13.53229871800005],[100.14716013200001,13.532336673000032],[100.14723133800004,13.53238974300018],[100.14725274800008,13.532398615000034],[100.14731603600012,13.532414967000136],[100.14743290400003,13.532461260000161],[100.14748983000015,13.532481481000161],[100.14756177800007,13.53251627300017],[100.14760379600017,13.532545337999977],[100.14760563800013,13.5325476430001],[100.14762572600017,13.532585727000082],[100.14762810400003,13.532624245000022],[100.14761364800006,13.532729665999966],[100.14762294000013,13.532796934000032],[100.14764134400008,13.53289049700004],[100.14767465000017,13.532975207000106],[100.147743934,13.533077321000064],[100.1477890270001,13.533126864000167],[100.14784599600011,13.533155870000087],[100.1479029030001,13.533170239000128],[100.14805548900011,13.533181246000026],[100.14816921600004,13.533195354000156],[100.14827689100014,13.533194860000094],[100.14837862600012,13.533203177000189],[100.148402,13.533210677000056],[100.14841456699997,13.533214710000152],[100.14847751300005,13.533240767000052],[100.148513525,13.533266937000121],[100.14857654700006,13.533310545000177],[100.14861871900018,13.533371809000073],[100.14865792300009,13.533438931000148],[100.14867618400007,13.53350615800008],[100.14873373600005,13.533606398000018],[100.1488700220001,13.533796759999973],[100.1496159260002,13.533731683000042],[100.15004682800014,13.533704293000085],[100.15025612300013,13.533714914000143],[100.15032213000018,13.53371826600005],[100.15060265200015,13.533737309000117],[100.15083138400001,13.533787067000162],[100.15107592900011,13.533882476000144],[100.15126338500016,13.533988318000013],[100.15145112000016,13.534150054000065],[100.15166528100019,13.534408203000055],[100.15207356400015,13.535077030000025],[100.15226220500006,13.535426755000117],[100.15244587000007,13.53582223400008],[100.15265116100005,13.536395459000175],[100.15277778500007,13.536790284000062],[100.15278297000003,13.536806424000133],[100.15289358500007,13.537131105000071],[100.15298797200012,13.53731867100015],[100.15309765600017,13.537450271000012],[100.15324370500008,13.537581712000133],[100.15337953500011,13.537654338000152],[100.15344156200018,13.537687495000114],[100.1536756910001,13.53777788300016],[100.1539408320001,13.53783762200004],[100.15421087400006,13.537836376000087],[100.15445991800004,13.537789503000056],[100.15469314100011,13.537691884000026],[100.15496230300016,13.537507726000058],[100.15542777700011,13.537109252000164],[100.15573821000015,13.536868999000092],[100.15605862100011,13.536644724000098],[100.1562178440002,13.536544548000165],[100.15630958800017,13.536501509000061],[100.1564255990001,13.53647256000005],[100.15654661600007,13.536476733000143],[100.15657938600009,13.53648493300011],[100.15665805800006,13.536504630000024],[100.15681821800013,13.536598587000071],[100.15694945900009,13.536716364000142],[100.15712952600012,13.536923874000081],[100.15741712200014,13.537348709000128],[100.15767555800005,13.537749998000038],[100.15782678100004,13.537995525000042],[100.1579265860002,13.538132501000177],[100.15800749300007,13.538242938000167],[100.15807722300013,13.53830695900001],[100.15816152400009,13.538363753000112],[100.15826407400004,13.538416903000098],[100.15839218600019,13.538466351000068],[100.15852387700016,13.53850148100014],[100.15864450800007,13.53851522400015],[100.1587467810001,13.538511175000053],[100.1588552340001,13.538488319000123],[100.15888546800011,13.53848193600004],[100.158951951,13.538451424000186],[100.15909252400019,13.53855093500016],[100.1591757490001,13.538603258000137],[100.15922979600003,13.538637803000029],[100.15928057500003,13.538666039000077],[100.15933025200013,13.538689002000126],[100.15937994000018,13.538711965000175],[100.15944911700012,13.53875697900014],[100.15948914400013,13.538788420000174],[100.15953242900008,13.538825123000095],[100.15959961100015,13.538903881000067],[100.15963215200009,13.538946958000167],[100.15964978300002,13.53896505500012],[100.1596689710002,13.538984742000082],[100.15970361700005,13.539017266000087],[100.15973280000009,13.539036111000144],[100.1597651940001,13.539050713000108],[100.15976664000004,13.539051070000028],[100.15979540400008,13.539057956000079],[100.15986544300011,13.539057631000162],[100.15992256400011,13.539059476000034],[100.15997431700009,13.539065566000033],[100.1600196460002,13.539079057000151],[100.16007038700019,13.539099915000122],[100.16010929100003,13.539122928000154],[100.1601493500001,13.53916069700017],[100.16017865700007,13.53920483600018],[100.16020586100007,13.539258487000097],[100.16024496000017,13.53932366600003],[100.16026775000012,13.539356252000061],[100.16030458400013,13.539397197000028],[100.16036843400008,13.539452778000054],[100.16045603500015,13.539517739000019],[100.16052524700018,13.539568016000032],[100.160563094,13.53959631400005],[100.16059776600002,13.539634108000143],[100.16064700700014,13.539699034000023],[100.16067585200011,13.539737069000068],[100.1607474340002,13.539833730000169],[100.16082223700005,13.539926163000075],[100.1608753770002,13.53999655600012],[100.16091988500017,13.540063818000021],[100.16096980600008,13.540135285000133],[100.16102733100013,13.54022041800016],[100.16106862200013,13.54029297600016],[100.16108282000005,13.540330856000082],[100.16108914500012,13.540360491000115],[100.16109384400005,13.540382471000157],[100.16109836600009,13.54042567700003],[100.16109744800019,13.540459415000157],[100.16108795600013,13.54050057500018],[100.16107195900014,13.540534393000144],[100.16105482300014,13.540556616000117],[100.16103551000003,13.540574627000069],[100.16101581800018,13.540587325000047],[100.16098609600004,13.540606480000122],[100.16094634700005,13.540630919000137],[100.1609011920001,13.54065327000012],[100.16085389000011,13.540675623000084],[100.16081628600017,13.54069899200016],[100.16078624300008,13.540724443000045],[100.16075838800003,13.540758308000079],[100.16071241100019,13.540834430000189],[100.16068356600005,13.540885171000184],[100.16067507500014,13.540911564000169],[100.16067627600017,13.540937921000136],[100.16068282300006,13.540953703000184],[100.16069905600006,13.540968390000046],[100.16074224400012,13.540985061000129],[100.16079759900015,13.54099530200017],[100.16085857300004,13.54100812900009],[100.16087852300012,13.541011992000108],[100.16089758900006,13.541015691000155],[100.16091772300013,13.54102335000016],[100.16093239400004,13.541034007000064],[100.16094343200007,13.54104944200003],[100.16096188700004,13.541086897000184],[100.16097726800018,13.541119607000041],[100.16099263300015,13.541146948000119],[100.16101406900015,13.541171879000103],[100.16103364200006,13.541188465000062],[100.1610537910002,13.5411997],[100.16108552700018,13.541212661000088],[100.16115137400004,13.541226059000167],[100.16121658100019,13.541233508000175],[100.16132750100013,13.541248488000122],[100.16142688000008,13.541268880000075],[100.16152137500018,13.541287511000064],[100.16155977900013,13.541292700000099],[100.16158535400007,13.541293173000042],[100.161605447,13.54129069600009],[100.1616194230001,13.541284672000131],[100.16164494700007,13.541272634],[100.16167107000001,13.541257619000078],[100.16169657300009,13.541243198000075],[100.16173549000001,13.541229313000088],[100.16177625200004,13.541220773000077],[100.16181035400018,13.541218831000094],[100.161845697,13.541222242000117],[100.1618706970001,13.541228685000021],[100.16188780100009,13.541238733000114],[100.16191349500014,13.541261851000115],[100.16195459400006,13.541322447000141],[100.16197853900019,13.54136047500009],[100.16199752900013,13.541383624000161],[100.162013435,13.541397854000081],[100.16202931700008,13.541407315000072],[100.16205615400008,13.54141493300017],[100.16210550800008,13.541418878000059],[100.16216276900013,13.541420397000081],[100.1621901920002,13.541423845000168],[100.16221215000002,13.541430295000168],[100.1622377970001,13.54144329400009],[100.16228485600004,13.541477040000075],[100.16231546800009,13.541509078000047],[100.16233323000012,13.541530450000039],[100.16234247500006,13.541551852],[100.16234746000003,13.541575076000186],[100.16234817600008,13.541597718000105],[100.16234522500014,13.54161798399997],[100.16233319000008,13.541646647000164],[100.16231750000003,13.54167711499997],[100.162309655,13.541693239999972],[100.16230849700008,13.541705162000085],[100.16231161299999,13.54171885900007],[100.16232385100011,13.541730711000184],[100.16239047000005,13.541778078000107],[100.1624943380001,13.541846123000141],[100.1625432460001,13.541882846000078],[100.162589718,13.541920179000044],[100.1626129870001,13.541945690000091],[100.162629519,13.541964084000028],[100.1626467000001,13.54199022500012],[100.16266577500016,13.542030660000023],[100.16267748000018,13.542056819000152],[100.16269468100006,13.54208713700018],[100.16270509800017,13.54210079000012],[100.16271428300013,13.542109691000064],[100.16273808500011,13.542120307000062],[100.16277711100014,13.542129061000082],[100.1628106550001,13.542139041000041],[100.16284363300014,13.542156766000176],[100.16286625100008,13.542174529000135],[100.16288646800007,13.542199465000067],[100.16289755300016,13.542224442000077],[100.16290501100008,13.542254798000101],[100.16291372500007,13.542291705000025],[100.162922466,13.542335161999972],[100.16293112400018,13.54236432900018],[100.16295020900009,13.542404756000053],[100.16296680600016,13.542436859000134],[100.16298336900019,13.54246002800005],[100.16300477800007,13.542479590000028],[100.16302617000008,13.542493794000166],[100.1630469110001,13.542502040000102],[100.16307069600003,13.542507298000032],[100.16311514900008,13.542505890000086],[100.16316142400007,13.54250270000017],[100.16321989800014,13.542502428000148],[100.16324853300006,13.542506471000024],[100.16327721400006,13.54251646299997],[100.16329736700004,13.542528287999971],[100.16331511300007,13.542544291000183],[100.16332496600012,13.54256630000009],[100.16332874300014,13.542591303000165],[100.16332461000007,13.542619335000154],[100.16331134400002,13.54264681],[100.16329024700013,13.542691600000182],[100.16328365600003,13.542713086],[100.16328130400007,13.54273037400003],[100.16328322900011,13.542751820000035],[100.16328939000016,13.542766093000012],[100.16331207900004,13.542798169000037],[100.16333540100015,13.542834406999987],[100.16335205100012,13.542875446000096],[100.16336081900016,13.542924872000128],[100.16336714600004,13.542973702000097],[100.16336723500012,13.542992179000066],[100.16336424000013,13.543002922000028],[100.16335819200003,13.543011884],[100.1633399710002,13.543022696000037],[100.1633016630002,13.54303538300013],[100.16317999300009,13.543066348000082],[100.16314106000016,13.54307487200009],[100.16310454100005,13.543080401000111],[100.16304972800009,13.543081847000053],[100.16299979700011,13.543083271000171],[100.16296569600001,13.543085222000059],[100.16294135400017,13.543089503000147],[100.16291763400017,13.54309617299998],[100.16287691400015,13.543115432999969],[100.16283380300007,13.543142446],[100.16281132300014,13.543153276],[100.16278882300008,13.543161726000164],[100.16275231700007,13.543170238000187],[100.162689655,13.543184832000122],[100.16257777800007,13.543224085000077],[100.16247012700018,13.54325616500006],[100.16240445700004,13.543279718000178],[100.16235402400008,13.543303789000106],[100.16229692500002,13.543336236000073],[100.16224896400007,13.543368039000086],[100.16220529500009,13.543406383000104],[100.16217498200018,13.543435720000105],[100.1621477020002,13.543461468000089],[100.16212651500012,13.54348778900004],[100.16211624800007,13.543506905000072],[100.16210901700015,13.54352302600006],[100.16210060100013,13.54354571000016],[100.16209764400014,13.54356301100006],[100.16210017500009,13.543582660000027],[100.16211447500007,13.543641586000092],[100.16212193000001,13.543671350000068],[100.16212263900019,13.543692802000066],[100.16211863400014,13.543745264000165],[100.16211393100019,13.543782223999983],[100.1621140520001,13.543807253000011],[100.16211722800017,13.543832868000095],[100.16213138500018,13.543864382000038],[100.16215347200017,13.54389705200009],[100.16217674400013,13.543923166000127],[100.16226120400017,13.54400620500013],[100.16233710300014,13.544083908000118],[100.16236954300018,13.544115346000012],[100.16238732000016,13.544139692000101],[100.16240086600004,13.544169427000156],[100.16241448400007,13.544214654000086],[100.162425589,13.544243209000058],[100.16244647700017,13.544280060000176],[100.16247100500004,13.544313910000142],[100.16252366600008,13.544372660000022],[100.16266384100004,13.544522935000089],[100.16284568500015,13.54473185200004],[100.16287838099998,13.544775136999988],[100.16292635600018,13.544842719000087],[100.16296785400004,13.544914561000155],[100.16302812200007,13.545062603000133],[100.16309841700007,13.545266733000176],[100.16317322700007,13.545510051000065],[100.16325777000003,13.545749084000022],[100.16332233700012,13.545890743000086],[100.16339770200005,13.546023873000138],[100.16344364600013,13.546119010000098],[100.16350509900019,13.546286100000032],[100.16353027800005,13.546344253000143],[100.16355864400009,13.546387558999982],[100.16361198200002,13.546444520000023],[100.16371419600017,13.54653197000016],[100.16377836500004,13.546591001000138],[100.16382518500018,13.546643747000076],[100.16385571000012,13.546685982000099],[100.1638764860001,13.546727204000149],[100.16389291500013,13.546767387000159],[100.16390397600003,13.546815003],[100.16390748100008,13.546867959000167],[100.16390877000009,13.546908211000073],[100.16390470200008,13.546964381000123],[100.16389633800014,13.547025859000087],[100.16388252500013,13.547079956000175],[100.16386431000012,13.547118181000087],[100.16383851300003,13.547157492000053],[100.16380941900013,13.547187301000122],[100.16374578400013,13.547239502000082],[100.16363142700015,13.547325849],[100.16352892800012,13.547402599000122],[100.16343552000018,13.547458001000109],[100.16328807200006,13.547525601000189],[100.16322107500014,13.547560555000075],[100.16317358900011,13.547589454000047],[100.16313954200001,13.547619488000066],[100.16311157900014,13.547645902000113],[100.16309341900006,13.547678246000146],[100.16308257200012,13.547708165000017],[100.16307786300018,13.54774403100015],[100.1630780960001,13.5477918200001],[100.16308335000019,13.547868261000133],[100.16309875400003,13.548022331000084],[100.16312899800005,13.548214551000171],[100.16313170500018,13.548268299000028],[100.16313186800011,13.54830175900014],[100.16312592800017,13.54833642900013],[100.16311388100013,13.548369947000083],[100.16309086000007,13.548407091000115],[100.16306047200004,13.548435908000101],[100.1630190730001,13.548462384000175],[100.16296914200012,13.548490100000151],[100.16284726100008,13.548539649000077],[100.162749711,13.548571172000095],[100.16265704100016,13.548600278000038],[100.16259240600004,13.54861970100012],[100.1625594960002,13.54863299200008],[100.16252539900012,13.548652266999966],[100.16250351700006,13.548672682000188],[100.1624865550001,13.54870143800008],[100.16247451900017,13.548737335999988],[100.16246376100014,13.548785179000163],[100.16244948900004,13.548864103000085],[100.16244256300018,13.548946578000084],[100.16245008700008,13.548987164000096],[100.1624649220002,13.54902413100001],[100.16248459100012,13.549051525000152],[100.1625177050002,13.549080047000018],[100.16255690100007,13.54910376200013],[100.16261685000012,13.549126183000112],[100.16268289400011,13.549146182000072],[100.16271836800018,13.549159163000184],[100.16275025800013,13.54918649800004],[100.16278342700014,13.549226965000116],[100.16281549600006,13.549291337000113],[100.1628378200001,13.549361731999966],[100.16286017400017,13.54943809200006],[100.16287026700007,13.549503759000117],[100.16287547900015,13.549571840000112],[100.16287230800015,13.549673412000175],[100.16286787400014,13.549765435999973],[100.16285369000019,13.549862283000095],[100.1628357690002,13.54994600100008],[100.16278895800014,13.55011228899997],[100.16273228400007,13.550261908000039],[100.16269965800007,13.550333750000107],[100.16265358900006,13.550402068999972],[100.16260505100013,13.550468009000099],[100.16255407400007,13.55053276600006],[100.16253348600014,13.550567514000079],[100.16252028200012,13.550615365000056],[100.16250968100007,13.550695465000103],[100.16249903200014,13.550766012000167],[100.16248950800008,13.550815039000042],[100.16246898700007,13.550865317000103],[100.16244117300005,13.550922800000023],[100.16240614000009,13.551000619000149],[100.16239658900014,13.551046070000098],[100.16239437700011,13.551093871000035],[100.16239701300015,13.551133295999989],[100.162408197,13.551172664999967],[100.16242925900013,13.551235897000083],[100.16246024300006,13.551327756000092],[100.1624788330002,13.551383820000126],[100.16248634100009,13.551420823000058],[100.1624853020001,13.55145787400005],[100.16248058100012,13.551492538000048],[100.1624648990001,13.551532039000051],[100.16244072800015,13.55158472000005],[100.16240571800006,13.551667326000143],[100.16234791200009,13.551834873000075],[100.16232872600011,13.551909045000173],[100.16228667900009,13.552051419],[100.16223611800007,13.552202203000093],[100.16220957900009,13.552269230000036],[100.162181708,13.552314766000052],[100.1621537790001,13.552348349000113],[100.16210881000018,13.552392764000103],[100.16202250000015,13.552475607000133],[100.16194224100019,13.552546478000068],[100.161880273,13.552610095000091],[100.16180976400017,13.55267612700004],[100.1617501550001,13.552725394000106],[100.16170392900017,13.552761454000063],[100.161654,13.55279155500017],[100.16159911900002,13.552807348000158],[100.1615332230001,13.552818409000054],[100.16146118800009,13.552821126000026],[100.16142454000004,13.552818914000056],[100.16138906300006,13.552807133000044],[100.16136333500009,13.552790521000077],[100.16133633600003,13.55276316200002],[100.16131783100019,13.552725020000082],[100.16130537300006,13.552673694000077],[100.16129528600004,13.55260923100019],[100.16128139500006,13.552513706000184],[100.16125155000015,13.552405118000081],[100.16121430200008,13.55227983399999],[100.16117852800016,13.552204726000184],[100.16114520500014,13.552133192000156],[100.16110711300018,13.552084375999982],[100.16104202500014,13.552010608000103],[100.16098440600007,13.551964276000035],[100.16091455700007,13.551915618000066],[100.16084963600008,13.551876483000115],[100.16078355600013,13.551849313],[100.16071995700014,13.551829294000015],[100.16064661200016,13.551815297000019],[100.16058796400011,13.551809602],[100.16053055800018,13.551808667000046],[100.16048174000002,13.551814870999976],[100.16043418000004,13.551829429000122],[100.16039401000006,13.551854708000178],[100.16035629200013,13.551884751000102],[100.16031862600005,13.551924356000086],[100.16029681200018,13.551959109000052],[100.16027503300006,13.552001022000013],[100.1602581250001,13.552040531000046],[100.16024491800016,13.55208838100009],[100.160233,13.55214818200011],[100.16022469700016,13.552198404000023],[100.1602224660001,13.55224262000013],[100.16023002999998,13.552291575000027],[100.16024860500005,13.552344057000084],[100.16028317700005,13.552420368000071],[100.16032389300005,13.552507400000025],[100.16037936200007,13.552611092000063],[100.16044339900014,13.552723106000087],[100.16046684500014,13.55277197900017],[100.16047442400014,13.552823328000045],[100.16047832400011,13.552872291000085],[100.16048229600011,13.552935600000069],[100.16047894500008,13.55300013800013],[100.160470654,13.55305274300008],[100.16045506700004,13.553113752000115],[100.16043583800013,13.553177169000094],[100.1603936100002,13.55328250700012],[100.16035979800006,13.553362714000059],[100.1603319850002,13.553420194000068],[100.1602870800001,13.553477756000177],[100.16022510300002,13.553541365000058],[100.1601570320002,13.553606210000169],[100.16007917700006,13.553668698000024],[100.15998545600019,13.553734847000044],[100.15989048200015,13.553793831000121],[100.15984053000011,13.553819155000099],[100.15978566500007,13.55383612999998],[100.15974417500001,13.553844693000087],[100.15970145400013,13.553848476000155],[100.15963793800006,13.55384757700017],[100.15958293900019,13.553837070999975],[100.1594532950001,13.553799444000163],[100.15930040600017,13.553751163000186],[100.15920134700008,13.553722954000023],[100.15914270400009,13.553718442000047],[100.15909384500003,13.5537162870001],[100.1590560350001,13.553726013000016],[100.15901827900018,13.55374650400006],[100.1589902980001,13.553769333000048],[100.15896847100015,13.553801693000082],[100.15895640300005,13.553832818000103],[100.15894564300004,13.553880657000036],[100.15894717200007,13.55394277900001],[100.158957272,13.554012029000091],[100.15897489400004,13.554119483000079],[100.15899253300017,13.554230520000146],[100.15900649500009,13.55433918100016],[100.15901921400018,13.55444426400004],[100.15902461200011,13.554550580000125],[100.1590214530001,13.554654546000052],[100.1590085860002,13.554770501000121],[100.15899450400008,13.554888855000172],[100.15899470700003,13.554930667000065],[100.15899855100014,13.554967695000073],[100.15900603500006,13.55499991],[100.1590184000001,13.555032114000028],[100.1590356480001,13.555064302000176],[100.159052857,13.5550869220001],[100.15907981000004,13.555104709999966],[100.1591214250002,13.55512245],[100.159182564,13.555138888000158],[100.15926691200008,13.555155226000068],[100.15940014000006,13.555176114],[100.15963838000005,13.555196515000034],[100.15972512000013,13.55520208200005],[100.15976666400019,13.55520667400009],[100.15980335300014,13.555217256000049],[100.15983395100017,13.55523145300009],[100.15985726200006,13.555254043000161],[100.1598720390001,13.555279065000093],[100.15988442500009,13.55531366200006],[100.15989068300007,13.555345892000048],[100.15989330100012,13.555381717000046],[100.15988619400014,13.55542715700011],[100.15986324600004,13.555481031000113],[100.15983051900008,13.555530174000182],[100.15977338700014,13.555586589000143],[100.15968221000014,13.555673040000102],[100.15958249500017,13.555760722000059],[100.1594863590002,13.555831664999971],[100.15938055500015,13.555924152000102],[100.1592235170001,13.556028831000162],[100.15907976500012,13.556102379000038],[100.15898594200007,13.556145828000126],[100.15892983400005,13.556161627000108],[100.15888590300005,13.556169002000104],[100.1588260630001,13.55616928000012],[100.15878818900018,13.55616587000003],[100.15873563200017,13.55615655300005],[100.15868302500019,13.556138872000076],[100.15864263600008,13.556121138000037],[100.15858998600004,13.556092706000186],[100.15850062900017,13.556050108000022],[100.15845414200015,13.556034793000094],[100.15839304500014,13.556026716000076],[100.15832585600003,13.55602224200004],[100.15827457300014,13.55602487200008],[100.15821234100014,13.556035915],[100.15817088200015,13.55605044400005],[100.15813555900019,13.556068530000118],[100.15810760200009,13.556094943000119],[100.15807842300006,13.556123754000112],[100.15805294400019,13.556158525000058],[100.15802876700019,13.556208821000098],[100.15801189800015,13.556256688000076],[100.15799157700013,13.556346395000105],[100.15797236100013,13.556414589999974],[100.15795181000016,13.556458890000101],[100.1579129550002,13.556504467000082],[100.15786427800003,13.556541739000124],[100.15781312000001,13.55656826000012],[100.15774727100018,13.556588870000041],[100.15767408800008,13.556608332000053],[100.15759599900008,13.556623033000108],[100.15748735500017,13.556634290000034],[100.1573909600001,13.556651468000041],[100.15732265400015,13.556668506000051],[100.15723605200009,13.55669160399998],[100.15716656300009,13.556717027000047],[100.15708247300006,13.556754454000043],[100.15702036700009,13.556789386000105],[100.15694235500018,13.556822006000118],[100.15688870100018,13.556837794000046],[100.15683011600004,13.556845235000026],[100.15676905400016,13.556846709000126],[100.15673117500012,13.556842107000136],[100.15668469400009,13.55682798700019],[100.15664429400016,13.556807858000013],[100.15660997900005,13.556782926000096],[100.15657804500006,13.556746035000174],[100.15651167200019,13.556656730000157],[100.15640960600007,13.556512632000135],[100.15637628399998,13.556441096000071],[100.15633304400012,13.556337347000067],[100.15630964100006,13.556298027000025],[100.15628265600009,13.556273059000091],[100.15624468400011,13.55624934399998],[100.15620309200006,13.556236389999981],[100.15615175100015,13.556227068000112],[100.15610779600019,13.556227271000068],[100.1560540970001,13.556235888000117],[100.15600169600009,13.556258829000171],[100.15594932600004,13.556290132000186],[100.1559031320001,13.556333368000026],[100.15586185200004,13.556384926000021],[100.15578897700016,13.556466514000022],[100.1557015210002,13.556564891999983],[100.15566751400013,13.556605679000086],[100.15563840400006,13.556645242000059],[100.15559478600017,13.556717135000099],[100.1555524060002,13.556793787],[100.1554859090001,13.556947637000121],[100.15542794600003,13.557083842000111],[100.15535923800002,13.557241347000115],[100.15531423300013,13.557364753],[100.15527375500017,13.557524246000128],[100.15523776900005,13.55771559100009],[100.15518760300012,13.55811727600019],[100.15515008900007,13.5584424380001],[100.15508963200011,13.558961002],[100.15506083000002,13.559290368000063],[100.15504067600017,13.559613331000094],[100.15501602000006,13.559902323000188],[100.15498865400014,13.56008087000015],[100.15496325800012,13.560216933000106],[100.15491619000016,13.560361588999967],[100.15483892200018,13.560546744000135],[100.15474867700004,13.560742577000099],[100.15465609000012,13.560902320000082],[100.154567741,13.561040793000075],[100.15441680000004,13.56125602000003],[100.1542959640002,13.561413767000033],[100.15419019000012,13.56153958100009],[100.15410374200007,13.561622822000174],[100.15402376500015,13.561697537000043],[100.15394612000017,13.561804097000163],[100.1538749990001,13.561914882000167],[100.15380180400012,13.562042664999979],[100.15373298200012,13.562178919000075],[100.15369006900005,13.562285328000087],[100.15363022500009,13.562481021000053],[100.15354437800016,13.562689582000132],[100.15345186200017,13.562864185000137],[100.15338092600012,13.5630131960001],[100.15332094800016,13.563181284000166],[100.15327388900005,13.563328068000033],[100.15324189400019,13.563447166000117],[100.15320526800019,13.56350994800016],[100.1531772890001,13.563557913000125],[100.15309535100005,13.563675122000177],[100.15300902299998,13.563783850000107],[100.15293558200005,13.563862782000058],[100.1528210960002,13.563984381000068],[100.15272601500004,13.564078280000103],[100.15261006900005,13.564202226000077],[100.15249960700015,13.564342863999968],[100.15241290800014,13.5644344480001],[100.1523374370002,13.564543128000025],[100.152255519,13.56466671100003],[100.15218482400013,13.564789174000111],[100.15240105800007,13.564903825000101],[100.15256685800011,13.564973124000062],[100.15271534600015,13.56503766600008],[100.1528662840002,13.565099786000076],[100.153004797,13.565145055000187],[100.15311607400008,13.565173526000137],[100.15324061400008,13.565201645000059],[100.15331353800008,13.565215372000068],[100.15338150800017,13.565228169000136],[100.15345909000001,13.565240453000058],[100.15351497000006,13.565249298000026],[100.1536780990001,13.565279348],[100.15385427700011,13.56532383400014],[100.15414546600016,13.565407651000044],[100.15431423500019,13.565452170000128],[100.1544143590001,13.565473454000085],[100.15452742300005,13.565491047000023],[100.15467380600018,13.565503056000068],[100.15486094700009,13.565516688000116],[100.15504987300011,13.56551943400018],[100.15517214400018,13.565524307000146],[100.155246235,13.565523964000022],[100.1553332220002,13.56551269400012],[100.15549049700013,13.565477533000148],[100.155573726,13.565453593000143],[100.15567362000013,13.565427765000152],[100.15578466000005,13.565409126000077],[100.15595499900002,13.56539565900016],[100.15613275400011,13.565385777000017],[100.15626416300006,13.56536523300008],[100.15644180500016,13.565329978000136],[100.15660093800011,13.56529843700008],[100.15671083200016,13.565270471000076],[100.15679612300016,13.565242556000157],[100.15684811200015,13.565219892000073],[100.15687096100015,13.565204494000056],[100.15688752,13.565181992000134],[100.15690711800005,13.565142154000057],[100.15692565900008,13.565098242000147],[100.1569473580002,13.56506144900004],[100.15696704300012,13.56503791700004],[100.1569930240002,13.565024544999972],[100.157033598,13.56501110500011],[100.15707836500007,13.565006827000104],[100.1572887750001,13.56499769400017],[100.15747006900017,13.564998893000165],[100.1576065340002,13.564996221000115],[100.15767527600019,13.564990799000043],[100.15776793000003,13.56497712600003],[100.15786471700011,13.564954253000053],[100.15793129000002,13.564933558000178],[100.15803631400001,13.564891284000055],[100.15815798500006,13.564844854000114],[100.15829004000005,13.564792257000136],[100.15845020300009,13.564733422000131],[100.15852609800004,13.564699432000168],[100.15857810699998,13.564682884000035],[100.1586197530001,13.56467657100012],[100.15865099400008,13.564674397000147],[100.15870102400015,13.564679259],[100.15883867600019,13.564705115000038],[100.1589429980001,13.564734189000092],[100.15900871100013,13.564748151],[100.1590545590002,13.564751003000083],[100.15914518500006,13.564747517000171],[100.15922224600013,13.564740027000084],[100.15934403600005,13.564718061],[100.15954903700003,13.564667164000184],[100.15965412800011,13.564641196000139],[100.15971658800015,13.564629694000075],[100.15980305400018,13.564628277000054],[100.15992908600015,13.56462157300001],[100.16010414400006,13.564626878000013],[100.16025109400016,13.56463842300019],[100.16034700600011,13.564651229],[100.16045649600011,13.564670081000145],[100.16053156100014,13.564680944000088],[100.1605930460002,13.56468473800004],[100.16065971300009,13.564681372999985],[100.16078363500009,13.564669585000104],[100.16096271000004,13.564645302000145],[100.1610398160002,13.564646982999989],[100.16107009400002,13.564660096000125],[100.16119232900013,13.564729857000088],[100.16129364000005,13.564780344000098],[100.16141473900007,13.564831765],[100.16152534400004,13.564866927000082],[100.16168187800002,13.564919200000077],[100.16188735400016,13.564966138000045],[100.16203546600019,13.565001126000084],[100.16217105700008,13.56503209300007],[100.1622471890002,13.565049070000157],[100.16234725700014,13.565058793000162],[100.16241918500003,13.565066605000084],[100.16246611300016,13.565077601000098],[100.16250685500017,13.56509881900007],[100.16258424800009,13.565159609000148],[100.16273901900018,13.565278137000178],[100.16288346200014,13.565416084000162],[100.16293679700004,13.56545660800009],[100.162984806,13.56547473],[100.16321511100017,13.565486901000043],[100.16312805800015,13.56617991200011],[100.16300794500006,13.567208070000106],[100.16281382900019,13.568594126],[100.16262465900013,13.570056934999968],[100.16239402200017,13.571982191000131],[100.16226484800012,13.573105228000031],[100.16216348600011,13.573930350000126],[100.16211347600006,13.574480349000055],[100.16202801600008,13.574961790000032],[100.161930644,13.575403213000016],[100.16186788800013,13.575741374000017],[100.16171214900015,13.57621742100008],[100.16158763400006,13.576489166999977],[100.162400758,13.576441174000024],[100.1637232240002,13.57638678800015],[100.1646981520002,13.576348581000104],[100.16564386100004,13.576323064],[100.16640463400017,13.576280326000017],[100.16714701500007,13.576255763000063],[100.16825910200015,13.576232465999965],[100.16902604000018,13.57618970100009],[100.16987622300007,13.576161605000095],[100.17074792500011,13.576121344],[100.17163813000013,13.576087024],[100.17253753900019,13.576043626000171],[100.1734647180001,13.576009124000166],[100.17430255000016,13.575975041000106],[100.17506650000013,13.575953361000074],[100.1758766370001,13.575925433000066],[100.17706264500015,13.575898741000174],[100.17792998200008,13.575880317000042],[100.1779744970001,13.57587937500017],[100.1786798980001,13.575854942000035],[100.17963789800018,13.575823293000155],[100.18068214800007,13.57579122300018],[100.18197900700017,13.575751931000127],[100.18273375100006,13.575736302000166],[100.1835928810001,13.575704585000096],[100.18546321600007,13.575657010000157],[100.18594918900004,13.575649171000123],[100.18596387600007,13.575808134000056],[100.18579458100004,13.576530305],[100.18574123100007,13.576627902000041],[100.18567918900004,13.576741397999967],[100.18563716300014,13.57680372599998],[100.18558441200014,13.576838489000124],[100.18549275300012,13.57685273100003],[100.1854059010002,13.576844430000165],[100.18535508400015,13.576839579000023],[100.18501260400006,13.576792885000089],[100.18461346200007,13.576701594000099],[100.18421090300006,13.57663446600003],[100.18404149100007,13.576624923000054],[100.18397093600004,13.57662525800015],[100.1839039410001,13.576635923000083],[100.18386182100016,13.576677546000042],[100.18379887800018,13.576791744000047],[100.18371853100018,13.576954344],[100.183662835,13.577106480000168],[100.1835860010001,13.577265611000087],[100.18347736300012,13.577414545000181],[100.18338637800014,13.577566847000185],[100.18333049200015,13.577681002000134],[100.1832364940002,13.577936862000115],[100.18320176200018,13.578047483000148],[100.18312078600002,13.57831993000002],[100.18307335500009,13.578479524000102],[100.18298997500011,13.578742238000189],[100.18294447,13.578814935000025],[100.18288817300004,13.578846271000145],[100.1828176250001,13.578850049000096],[100.18272915100005,13.578795246000084],[100.18263720900006,13.578754264999986],[100.18258425100015,13.578747612000086],[100.18253490900014,13.578758202000074],[100.18249975900005,13.578785985000138],[100.18227449600016,13.579608510000071],[100.1820383050001,13.580362064000099],[100.18192722200007,13.580731903000014],[100.18185796400019,13.580994549000081],[100.18183369200011,13.581080947000146],[100.18178095700011,13.58111916900009],[100.18171047600003,13.58113675500016],[100.18156937800012,13.581144327000061],[100.18145645800018,13.581141419000176],[100.18136244800002,13.581128100000058],[100.18121670700015,13.58108737700013],[100.18110804100002,13.581054235000067],[100.18094649400007,13.581029114000046],[100.18077176100007,13.58101182400003],[100.18062888000009,13.581015088000129],[100.18043568899998,13.58101341500003],[100.1802293400001,13.581024741000078],[100.18005213400016,13.581043703999967],[100.17986435000006,13.581062708000161],[100.17973208500007,13.581073691000086],[100.17962359600006,13.581074204],[100.17950168900018,13.58103853900019],[100.17940894500015,13.581013092000092],[100.1793055400002,13.580972165],[100.17919151000018,13.580923521000102],[100.17914134400013,13.580889386000024],[100.17909326600005,13.580856683000036],[100.17900574900017,13.580818260000171],[100.17887340800013,13.580813712000122],[100.17876233800018,13.580827179000096],[100.17867512800007,13.58085088900009],[100.17861181000018,13.580890018000048],[100.17855388400017,13.580949833000147],[100.17850388700003,13.581007014000136],[100.17844344200012,13.581090140000072],[100.17836740900009,13.581235466000066],[100.17832802200013,13.581297771000152],[100.17829106100004,13.581313484000077],[100.17823285499998,13.581316346000165],[100.17800303700017,13.581309230000102],[100.1773922750001,13.581236187],[100.17702870400012,13.58120683400017],[100.17686993500018,13.58120758300015],[100.17674300400012,13.581225443],[100.17664788800005,13.581256960000019],[100.17652116000005,13.58131622500008],[100.17640866500005,13.58139959700003],[100.17629274400014,13.581503694000048],[100.17616627100006,13.581614738000155],[100.17606791700013,13.581704936000165],[100.1758674400001,13.581833589000041],[100.175726784,13.581930900000032],[100.17571509700002,13.581938601000047],[100.175484116,13.582090812000104],[100.17512538900007,13.582327204000137],[100.17487923300018,13.58249749600003],[100.17448190200008,13.582775485000184],[100.17419707300019,13.582973565000032],[100.17411284200006,13.583063696000124],[100.17403567600007,13.583157257000153],[100.17399013200003,13.583223051000118],[100.17397629000016,13.58327833900006],[100.17399775000013,13.583336915000075],[100.17412870700008,13.583419129000163],[100.17428425200006,13.583480523000105],[100.17437987800014,13.58355255700019],[100.17445065600015,13.583597101000123],[100.17452869000005,13.583679565000011],[100.17463326300003,13.583800023000038],[100.17476119300017,13.583769809000046],[100.17493574700006,13.583750765000048],[100.17515453300018,13.583729224000137],[100.17536167400004,13.583707756000138],[100.17565494500002,13.583679032000077],[100.17594587800005,13.58364804900009],[100.17602036700009,13.583643142000142],[100.17607625900007,13.583645156000102],[100.17612758500007,13.583663137000087],[100.17618828400003,13.583694738000133],[100.17630275700014,13.583769376000078],[100.17643839200014,13.583884904000058],[100.17665119000014,13.584066142000154],[100.17679602700014,13.584161127000073],[100.17687542900012,13.584206316000177],[100.17694303300004,13.584221933000151],[100.17701289700011,13.584221603000117],[100.17708733000018,13.584205316000123],[100.17719661900003,13.584172901000159],[100.17737089399998,13.584096912000177],[100.17750792300006,13.584023365000064],[100.1775159340001,13.584019250000154],[100.17763334500012,13.583958995000046],[100.17775413200008,13.583896923000054],[100.17787496300002,13.58384395400003],[100.17801440300002,13.583788628999969],[100.17809783300004,13.583765175],[100.17815018900006,13.583758093000142],[100.17819733000016,13.583754454000086],[100.17823925900018,13.583757672],[100.17828298100005,13.583769420000067],[100.17832149400016,13.583788033000133],[100.17838804900003,13.583827015000168],[100.17847047100014,13.583894961999988],[100.17862845200011,13.584056511000142],[100.1786947990002,13.584124496000186],[100.17871973600006,13.584150045000058],[100.17882143000008,13.584229860000164],[100.17893536100001,13.584314747000178],[100.17901245600012,13.584363931000155],[100.17909474900006,13.58440625500009],[100.17917523300014,13.584436625000137],[100.17925390900012,13.584453336000024],[100.1795563550001,13.584515110000154],[100.17977138900011,13.584558518],[100.18016301699998,13.584640378000017],[100.1804829780001,13.584712327000034],[100.1806770390001,13.584752410000078],[100.1809165910002,13.58481107200015],[100.18100264700018,13.58483308000018],[100.18102151800008,13.584837908000054],[100.18114393200005,13.584869783000102],[100.1812401570001,13.584903502000145],[100.18127868500011,13.584925533000103],[100.18129978600018,13.584954471000174],[100.181313951,13.584993699000051],[100.18131959200002,13.585073970000053],[100.18130908800003,13.585422543],[100.181306436,13.585482570000067],[100.18130280600008,13.585564369],[100.1812859330002,13.585684043000128],[100.18125564100018,13.585914827000067],[100.18124049500017,13.586031065999975],[100.18122715000004,13.586157557000092],[100.18122690600018,13.58616321500017],[100.18122401300002,13.58622933100014],[100.18123127600018,13.586285667000027],[100.1812419920002,13.586333459000059],[100.18125963800003,13.58635737200018],[100.18128528800003,13.586392149000119],[100.18128595200011,13.586393040000075],[100.18138084000014,13.586508767000169],[100.18146159700018,13.586593810000181],[100.18153182300011,13.586668645000088],[100.18170198000007,13.586818182000115],[100.18177917500014,13.586889566000139],[100.18185456200007,13.586947302000112],[100.18193513300008,13.586993041000085],[100.18200167200018,13.587028604000125],[100.1820663700002,13.587043679000033],[100.18215547400013,13.587050088000126],[100.18229170900008,13.58705115600003],[100.18239650900006,13.587054074999969],[100.1824646880001,13.587067420000096],[100.18252766100005,13.587085908000063],[100.18260465300006,13.58711630099998],[100.18264670100018,13.58714343600019],[100.18267790800019,13.587171963000173],[100.18273047100018,13.587220730000183],[100.1827911420001,13.587272339000094],[100.18282367300003,13.587294519000181],[100.1828532090002,13.587308073000031],[100.18287386800006,13.587313750000078],[100.1829011430001,13.587315774000047],[100.18293208500012,13.587314187],[100.18296888600008,13.58730608500008],[100.18300784500019,13.587289328],[100.1830519610001,13.587268937000033],[100.18311214600004,13.587222522000161],[100.18321042500008,13.587131958000157],[100.18326681500014,13.587062501000162],[100.18335613500005,13.586946756000088],[100.18346301600013,13.586807144999966],[100.18354132400003,13.5867008190001],[100.18358669500014,13.586637188000054],[100.18360940900004,13.58661113200003],[100.18364095200008,13.58658358700012],[100.18365930400017,13.58656980600017],[100.18369529200015,13.586546574000181],[100.18372540800016,13.5865284140001],[100.18378200100011,13.586500033000164],[100.18384966800011,13.586475204000124],[100.18395187700014,13.586434362000148],[100.18409456600011,13.586383227999988],[100.18414970800006,13.586359182000137],[100.184181292,13.586339573000032],[100.18420917300011,13.586316382000177],[100.184235861,13.5862856440001],[100.18426938400006,13.58623698100007],[100.18430704300005,13.586170738000021],[100.18433941700005,13.586103495000032],[100.18436445499998,13.586045575000014],[100.18438105500013,13.585989760000132],[100.18439548200018,13.585919511999975],[100.18439607600004,13.585915880000073],[100.18442211300015,13.585757334999983],[100.18444134200007,13.585593135000067],[100.18444872600014,13.585531564000064],[100.18446464700014,13.585398980000093],[100.18447144600003,13.585281287000043],[100.1844722400001,13.58522863900015],[100.18446465900013,13.585188425000183],[100.18444973600003,13.585158567000178],[100.18442854800008,13.58514111500017],[100.18440842600018,13.585125725000125],[100.18435452100005,13.585108439000123],[100.18428582300004,13.585085025000126],[100.18420442000019,13.58505341700004],[100.18414835100003,13.585023745000058],[100.18406895800013,13.584971485000153],[100.18400325300013,13.58491297200004],[100.18392166000007,13.584843171000045],[100.183858021,13.584777417000112],[100.18379438600016,13.584710630000188],[100.18373389000016,13.584639696000181],[100.1836903210002,13.58457694600014],[100.18364994000012,13.584520370000064],[100.18360629200004,13.584442133000039],[100.18359031500006,13.584412279999981],[100.18357852800006,13.584374143000105],[100.18357413000007,13.584339069000066],[100.18357392000007,13.584296755000139],[100.1835737360002,13.584259595000049],[100.18357772900009,13.584213130000023],[100.18358916300014,13.584180047000075],[100.18363519200017,13.584100352000121],[100.18373976300018,13.583909942000162],[100.18380779200004,13.583796082000163],[100.18387584200013,13.583690486000137],[100.18392613500015,13.58361902500019],[100.18396600500006,13.583574455000019],[100.18402907100011,13.583524609000165],[100.18409533000005,13.583481978000123],[100.1841563860001,13.58345279100007],[100.1842143250002,13.583433932000048],[100.18427124900012,13.583423341000127],[100.18432821400012,13.583421005000105],[100.18440633500006,13.58342993000008],[100.18455419600014,13.583459157000107],[100.18475383900005,13.583503624000116],[100.1848542530002,13.583539273000156],[100.18494515800018,13.583572895000088],[100.1850065380001,13.583608729000048],[100.18509230299998,13.583670256000062],[100.18514738100009,13.583713342000067],[100.1852352890001,13.583778979999977],[100.18533907800008,13.583856929000149],[100.18537507600001,13.583881531000031],[100.18543750700013,13.583918395000069],[100.18549352300016,13.583937736000166],[100.18554740200011,13.583949868000104],[100.18561919400014,13.583959846000027],[100.185845078,13.583976314000154],[100.18593057900006,13.583984173000033],[100.18602035100002,13.584000255000092],[100.18606472700014,13.58401243100002],[100.1861038310002,13.584026697000127],[100.18614508200017,13.584046109000155],[100.1861789470002,13.584066589000088],[100.1862064890002,13.584089164999966],[100.18623408400003,13.584121030000063],[100.18625961900011,13.584163233000083],[100.18627777700004,13.58420855300011],[100.186317502,13.584345641000084],[100.18637764300013,13.584556944000042],[100.18642048600003,13.584685761000173],[100.18646776100013,13.584856874000025],[100.18647969700004,13.584922873000039],[100.18648210000015,13.584981687000095],[100.1864793430002,13.585064275000036],[100.18647160799998,13.585205712000118],[100.18646580200004,13.585312055000088],[100.18646292400018,13.585368836999976],[100.1864641430002,13.585424894000084],[100.18646429400007,13.585431787000061],[100.18646661900004,13.585476157000187],[100.18647314300006,13.585514320000073],[100.18648917700011,13.585555526000064],[100.1865146930001,13.585595663000106],[100.18654016600016,13.585625472000174],[100.18657299900013,13.585650089000183],[100.18661852600007,13.585681867000119],[100.1866682770002,13.585713626000029],[100.1867497090002,13.58575039700014],[100.18682477500016,13.58578203500008],[100.18690508200018,13.585805393000044],[100.18700227900013,13.585829705000094],[100.18707198400011,13.58584279200005],[100.18713003300019,13.585847672000114],[100.18717645600003,13.585845386000074],[100.18721969400008,13.585841046999974],[100.18726816500009,13.585829472],[100.18732189500008,13.585811664000119],[100.18736296700013,13.585794959999987],[100.18742294700013,13.58576370100019],[100.18749555700009,13.585724139000092],[100.18756181200013,13.585680475],[100.18761018000004,13.585646184000097],[100.18765431900005,13.585610880000047],[100.18769314700006,13.585569410000176],[100.18772248800013,13.585527980000109],[100.18776747900017,13.58545138900007],[100.18780399900004,13.58536864000007],[100.18782795400011,13.585307635999982],[100.18784039000008,13.585262160000127],[100.18784754500007,13.58521464600011],[100.18784840100011,13.58517439200017],[100.18784190700012,13.585142429000086],[100.18782806300004,13.585115653],[100.18776453100014,13.585071575000086],[100.18760984900013,13.584943300000077],[100.18760025700004,13.584923726000056],[100.18760014900005,13.584902053000121],[100.1876063520001,13.584877251000023],[100.18761890100018,13.584854484000175],[100.18764513400009,13.584826496000176],[100.18772298100004,13.584778643],[100.18788075800006,13.584679841000025],[100.18795331700011,13.584632016000057],[100.18797222500007,13.584613349],[100.18798477300004,13.584590573000071],[100.18799098700003,13.584567844000048],[100.18799296500003,13.58454099700009],[100.1879917240002,13.584503842000117],[100.18797884100007,13.584459521999975],[100.18796280900017,13.584417283000164],[100.1879478140001,13.584372973000029],[100.18794024100009,13.584334815999966],[100.1879347260001,13.584287369000037],[100.18793768300009,13.584245039999985],[100.1879447870001,13.584189271000128],[100.18795715600015,13.584130378000111],[100.18797901600004,13.584070406000137],[100.18799455400006,13.584037612999964],[100.18800303200004,13.584019721000118],[100.18803235500008,13.58397622400014],[100.1880722530002,13.583937849999984],[100.18810377500012,13.583909828000174],[100.18813531300009,13.583886978000066],[100.18818159900019,13.58385888600003],[100.18828057400009,13.58381609900016],[100.18846801100005,13.5837419180001],[100.18873968900016,13.583633285000133],[100.18884078600007,13.58359254200019],[100.18891030700007,13.583568471000092],[100.1889851050002,13.58354644100001],[100.18903360000007,13.583537955000054],[100.18909161600004,13.583534579000116],[100.18922666600002,13.583533935000048],[100.1893269470001,13.583542745999978],[100.18940295900018,13.583550645],[100.189502269,13.58357700199997],[100.1897231160001,13.583642003000136],[100.18988375900017,13.583694916000127],[100.1899957830002,13.583731533000048],[100.1901754490001,13.583791574000145],[100.19037834500006,13.583852532000037],[100.19055486100007,13.583915687],[100.19075365900017,13.584002469000097],[100.19099372200003,13.584112792000099],[100.19120420100018,13.584213970000121],[100.19137032600014,13.584309162000181],[100.1914084670002,13.584339943000145],[100.19143181400005,13.584366669000019],[100.19144671700013,13.584392404000141],[100.19145743600006,13.584426413000187],[100.1914588030001,13.584488332999967],[100.19145458999998,13.584702006000157],[100.19145020500008,13.584879561000037],[100.19145166200013,13.584960055000124],[100.19145628100006,13.585040542000115],[100.19146712000014,13.585098290000076],[100.1914792250002,13.585144080000134],[100.19148756000004,13.585175604000085],[100.19151538800003,13.585255978000191],[100.19154960100013,13.585345611000037],[100.19158688800013,13.585416653000038],[100.1916304990001,13.585487658000147],[100.19167615200001,13.585542142000065],[100.19172278000013,13.585584243000085],[100.1917265530002,13.585586565000085],[100.19183073900012,13.585650817000044],[100.19201271100007,13.585749030000102],[100.19217665200006,13.585827722000033],[100.19227922400017,13.585872638000012],[100.19239226300004,13.585901000999968],[100.19247250800004,13.585911970999973],[100.19253161600011,13.585915820000025],[100.1926043970002,13.58591030800011],[100.19273408200019,13.585892145000116],[100.19281630300014,13.585876266000128],[100.19287422500014,13.58585431400013],[100.19289840300019,13.585835616000168],[100.19292357800003,13.58580763100008],[100.19294030999998,13.585776588000101],[100.19295280700004,13.585743501000081],[100.19295788500011,13.585703219000152],[100.19295447900004,13.585655762000044],[100.19294358899998,13.585587692000104],[100.19292097900006,13.585496973000147],[100.19290687800009,13.585420653000028],[100.19290452400008,13.58537216000019],[100.19291171000015,13.585332908000112],[100.19292838500019,13.58529050400017],[100.1929524460001,13.585249107000038],[100.19297555500015,13.585228355000083],[100.1930239580002,13.585201284000107],[100.19310189000004,13.585172015000069],[100.19336320700006,13.585101608000173],[100.19360340000014,13.585026148000168],[100.19376460100005,13.584978930000148],[100.1938173260001,13.58497351200009],[100.19385741800005,13.584972287000028],[100.19389437000007,13.584976242000096],[100.19393450500013,13.58498533900007],[100.19398527900006,13.585009868000043],[100.19409114700011,13.58508263900012],[100.19414094400003,13.585122659000035],[100.19419599000014,13.585157489000096],[100.19423302100012,13.585176920000038],[100.19428801300006,13.585202455000115],[100.19434399800014,13.585215605000087],[100.19441686300007,13.58522867500011],[100.19459739100006,13.585249485000077],[100.19497636400007,13.58528379600017],[100.19503033500018,13.585287007000147],[100.19512095800013,13.585292390000177],[100.1951937820001,13.585296175000053],[100.19523384700017,13.5852908170001],[100.19527494900018,13.585280300000022],[100.19534974400005,13.585257232000117],[100.19544345800017,13.58521859100017],[100.195642459,13.585136104000185],[100.19575510100009,13.585084984000048],[100.19585938000012,13.585047325000062],[100.19600154900007,13.584994007000091],[100.19611417900018,13.58494083000005],[100.19617940700005,13.584901291000051],[100.196235107,13.584857674999967],[100.19627079600008,13.584820353000111],[100.19629275699998,13.584781021000026],[100.1963114610001,13.584724163000146],[100.19631240500001,13.584720090000076],[100.19632798900005,13.584652873000095],[100.19634528199998,13.584524801000157],[100.19635632800004,13.58441327700018],[100.19636349299998,13.584369893000144],[100.19637179000006,13.584339925000108],[100.19638433000006,13.584317149000015],[100.19641163100005,13.584290187000079],[100.19646738400013,13.584256892000099],[100.19655898299999,13.584217226000021],[100.1966822230001,13.584176385000092],[100.19680758300012,13.584136558000068],[100.19685396600016,13.584126015000038],[100.19689613500003,13.584119625000028],[100.19696152400019,13.584114145000115],[100.19703750300016,13.584116878999964],[100.19720531200011,13.584124329000076],[100.19754312000015,13.58415883300006],[100.19764557600013,13.584178982000026],[100.19773958600007,13.584201238000105],[100.19786321100008,13.584234704000039],[100.19795619900015,13.584262130000184],[100.19802916600008,13.584295841000028],[100.1981371220001,13.584361377000107],[100.19830650000011,13.584473067000147],[100.19835207200015,13.584513098000173],[100.19839662900017,13.584561396000083],[100.19844862900004,13.584619971000052],[100.19849215500011,13.584673440000131],[100.19851134000015,13.584712566000121],[100.19853064000017,13.584772340000143],[100.19855111900017,13.584858939000071],[100.19856835300016,13.584928010000056],[100.19858118100018,13.584960978000083],[100.19860352400013,13.584998029000076],[100.1986342740002,13.585028844000021],[100.19868091800015,13.585071967000147],[100.1989509500001,13.585266781000087],[100.19928025600018,13.585498458000131],[100.19953688500004,13.58569487900013],[100.19970008500019,13.585821314000043],[100.19976079300005,13.585879810999984],[100.19981314800003,13.585938737000106],[100.19986413700008,13.586005926000041],[100.199909504,13.586077272000068],[100.19996761600004,13.586160936000056],[100.20002016000012,13.586259766000069],[100.20005426900019,13.58632841300016],[100.20007430300006,13.586395750000122],[100.20008862200012,13.58644522700007],[100.20010454400017,13.58653322500004],[100.20011788400006,13.586668028000133],[100.2001186660001,13.58682353],[100.2001221820002,13.586962512000127],[100.20011871800011,13.587113903000159],[100.20011378700013,13.58725292600019],[100.20009349600014,13.587414032000027],[100.2000786430001,13.587536592000049],[100.20006778800018,13.587617832000035],[100.20004616900007,13.58772117],[100.20004444199998,13.587729423000098],[100.2000223120001,13.587806595000075],[100.19999608700016,13.587905806000038],[100.19997526100008,13.58796095300005],[100.19994874500014,13.588003740000147],[100.19992352200012,13.58802450200011],[100.19988284100003,13.588046718000157],[100.19980280300018,13.58807738400003],[100.19972276800002,13.58810804400008],[100.19963847200017,13.588131846000067],[100.19957808700008,13.588154153000062],[100.1995248130001,13.588190193],[100.199480016,13.588234438000029],[100.19945356000017,13.588289620000182],[100.19942295200008,13.588357198999972],[100.19939802800019,13.588437139],[100.19937445200014,13.588504686000022],[100.19936076100004,13.588580438000065],[100.19936101000013,13.588629985000182],[100.1993767030001,13.588672570000085],[100.19939937700019,13.58870548800013],[100.19942339100004,13.588724635],[100.19945860500013,13.588732721000156],[100.19952755300011,13.588735144999987],[100.19959083500004,13.588730708000071],[100.19970613300018,13.588717767000162],[100.19977361100007,13.588706433000084],[100.19984665800018,13.588685440000063],[100.19996321000019,13.588642218000018],[100.1999975240002,13.588625790000094],[100.20013162500004,13.58856158900005],[100.20021442300015,13.588519906000045],[100.20025647900007,13.588490799000056],[100.20030965400008,13.588432750000095],[100.20033475700012,13.588388592],[100.20036969800009,13.588344378999977],[100.20040753200004,13.588313924000033],[100.20044119800014,13.588294498000039],[100.2004945600001,13.588273599],[100.200535285,13.588259638000181],[100.20058306200013,13.588248400000111],[100.20064635200009,13.588245341000174],[100.20083070000004,13.588255462000177],[100.20117270100019,13.588282719000063],[100.20132468100013,13.588290241000152],[100.20141336600011,13.588299445000189],[100.20150210600019,13.588321037000185],[100.20160072500005,13.588349458000152],[100.20169377700012,13.588388923000139],[100.20176429300011,13.588422987000115],[100.20182637000016,13.588457093999978],[100.20187579100008,13.588494014000048],[100.2019295460002,13.588551547000066],[100.20209663500009,13.588766805000148],[100.20218727400004,13.58888610300005],[100.20223128000009,13.588964323000141],[100.20232352800008,13.589123517000132],[100.20242136500013,13.58927442200013],[100.20248389400007,13.589397985000119],[100.20251943900007,13.589472126000146],[100.20254227500016,13.589536694000174],[100.20257508000014,13.589625986999977],[100.20259365800007,13.589683697000169],[100.20260237600007,13.589737324000055],[100.20260550100005,13.589800619000073],[100.20260163500012,13.589869448000172],[100.20259495599998,13.58994103700013],[100.20257565800017,13.590019571000028],[100.20251093300004,13.590296494000143],[100.20248633800009,13.590441120000037],[100.2024772310001,13.590526979000117],[100.20247290500009,13.59056779700012],[100.20246357300005,13.59066967900003],[100.20245546600017,13.590735767000126],[100.20243607800018,13.59079779300015],[100.2024027380001,13.590880519000052],[100.20234131300009,13.590975774000015],[100.20229654399998,13.591025538000054],[100.20225175500013,13.591071167],[100.202201301,13.591109940000138],[100.20214658900011,13.591140484000164],[100.20201882800012,13.591193393000026],[100.20191489500013,13.591228301000058],[100.20179133100004,13.591275688000167],[100.20169442100018,13.591309182999964],[100.20160173700015,13.591341281000155],[100.20156379800011,13.591351095999983],[100.20153004100007,13.591352634000145],[100.20150325300017,13.591341756000134],[100.20145945600018,13.591304806999972],[100.2012444450001,13.591074648000017],[100.20122877600011,13.591034817000036],[100.20122296900007,13.591000442000109],[100.20122135500014,13.590959157000157],[100.20122682500005,13.590927480000119],[100.20124211000018,13.590888871],[100.20132845000018,13.590713681000125],[100.20137005600009,13.590595195000049],[100.20137539200016,13.590548898000065],[100.20137453600012,13.590509650000172],[100.20137040600014,13.590469314000018],[100.20136237100007,13.590434764],[100.20135241200006,13.59040694100014],[100.20133757100012,13.590384912000161],[100.20131979000018,13.590366740000093],[100.20128231000012,13.590337134000094],[100.20124682500011,13.59031232000001],[100.20120251700018,13.590292351000073],[100.20114427000004,13.590276970000104],[100.20113404900019,13.590274264000072],[100.20103444,13.59026107700015],[100.20095581499999,13.590254624000067],[100.20086151700019,13.590255078999974],[100.20077769900018,13.590258898000059],[100.20069571000005,13.590276376000077],[100.20061899000012,13.590298960000155],[100.2005457620001,13.590323227000113],[100.20047781100004,13.590356009000175],[100.2004081880001,13.590402466],[100.20035423500013,13.590438607000067],[100.20029859100015,13.590486707000139],[100.2002568850001,13.590527899],[100.20020826900014,13.590584513000067],[100.20016313900015,13.590639397000189],[100.20010414900008,13.590714849],[100.20002958300012,13.590821115000097],[100.19999495500008,13.590879366000024],[100.19996210400012,13.590946145000146],[100.19993275700011,13.591012917000171],[100.19991211700017,13.591076220000161],[100.19989500600008,13.591146348000109],[100.19988657099998,13.591206177000174],[100.19987942300014,13.591283523000186],[100.1998771060002,13.591381239999976],[100.19987760500015,13.591480322000052],[100.19988376100014,13.591586263000181],[100.19989560400012,13.59170317600018],[100.19991142900011,13.591771909999977],[100.19993006300007,13.591839255000139],[100.19996715200017,13.591942290000077],[100.20001184900008,13.592050041],[100.20001272500014,13.592052164999984],[100.20006385400018,13.592146880000087],[100.20012898700014,13.592230507000181],[100.20019976100014,13.592315496000026],[100.20028463200015,13.592405915000143],[100.20038498000014,13.592497638000168],[100.20053607600016,13.592608381],[100.20069140900017,13.592721849000156],[100.2007746810001,13.592776494000134],[100.20085503900003,13.592809143000125],[100.2009959610001,13.592855248000092],[100.20118616600013,13.592910755000162],[100.20152431200006,13.593008217000033],[100.20169203000006,13.593067955000038],[100.2018371630001,13.593111292000174],[100.20194278700012,13.593134180000106],[100.20215685000016,13.593175806000147],[100.20230606600006,13.593192981000072],[100.20241300700013,13.593197966000048],[100.2024664330001,13.59318945300015],[100.20250012700006,13.593175526000152],[100.20252677400003,13.593160265000051],[100.20255898600004,13.593129828000087],[100.20257291600012,13.593103610000071],[100.20258400500006,13.593069152000055],[100.20259752700014,13.59296174800005],[100.20260785000016,13.592777286000057],[100.20261602900007,13.592723578000061],[100.20262129600007,13.592690657000048],[100.20262902500008,13.592664673000058],[100.20263775600017,13.592643493000082],[100.20265339100013,13.59262612300006],[100.20268275500007,13.592605800000058],[100.20271314100012,13.59259219900008],[100.20275135900005,13.592573756000093],[100.20279157400012,13.59256203199999],[100.20282789800007,13.592558015000122],[100.20287994700004,13.59255391500011],[100.20295852800007,13.592551619000119],[100.20302533600011,13.592555138000137],[100.20308729100014,13.59256636900011],[100.20312958300008,13.592576733000044],[100.2031836910001,13.592592813000124],[100.20322995600014,13.592610849000039],[100.20332445700006,13.59265074600006],[100.2035007610001,13.592742145000045],[100.20392369200016,13.59296760000018],[100.20392522900005,13.592967988],[100.20466507400005,13.591733765000129],[100.20524775700005,13.590859555000065],[100.20558508000016,13.590340661000141],[100.20593959900009,13.589828389000047],[100.20649840300013,13.588972532000184],[100.20694824800012,13.588298575000124],[100.20740165000018,13.58764812000004],[100.20780371900014,13.587034852000102],[100.20805239999999,13.586644025000169],[100.20861810100018,13.585794837000094],[100.20889403900009,13.585363566000183],[100.20912912699998,13.584999666000101],[100.20956188500008,13.58434594500011],[100.20995380900001,13.583762962000094],[100.2103048890001,13.58325406299997],[100.21050732900017,13.583429185000114],[100.21056796200014,13.583648343000107],[100.21071623000012,13.584194696000111],[100.21078185300013,13.584438735000163],[100.21083158400012,13.584597206000183],[100.21091806000015,13.584891520000042],[100.21099012500014,13.585120653000047],[100.2110240200002,13.58523384700004],[100.2110550320001,13.585351312000057],[100.21108594300011,13.585447518000024],[100.21112404400014,13.585533772000076],[100.21115484100011,13.585607315],[100.21117997300007,13.585707795000133],[100.2112495610001,13.586003612000013],[100.21131766800016,13.586293778000083],[100.21135309500016,13.586423969000066],[100.21138543000006,13.586515921000057],[100.2114177520001,13.58660503900012],[100.21146611900008,13.586715330000118],[100.21149983500004,13.586793103000048],[100.21152340700007,13.586870920000024],[100.21154122100012,13.586955861000035],[100.21155893300016,13.587022370000113],[100.21158545300005,13.587108682000178],[100.2116204260002,13.587209440000152],[100.2116359850001,13.58726436700016],[100.21164717400006,13.587303167000186],[100.21165792000005,13.587371862999987],[100.2116755400001,13.587471611000069],[100.21168950000003,13.587574361000065],[100.21169452800007,13.587601246000077],[100.21170193300009,13.58761615800006],[100.21170994800013,13.587628664000022],[100.21171915000019,13.587636998000164],[100.21173446800003,13.58764289100003],[100.21176627000017,13.587647521000065],[100.21181882100018,13.587646674999974],[100.21190493900019,13.587637286000188],[100.21204722100003,13.587615669000115],[100.212129656,13.587602715000116],[100.21220477100013,13.587591588000123],[100.21229395700004,13.587583985000151],[100.21237336600012,13.587575820999973],[100.21241549000007,13.587567246000106],[100.21244720400017,13.587554548000128],[100.21248438800006,13.587537026000064],[100.2125258420001,13.587515901000188],[100.21256727600019,13.587492384000086],[100.21260932300004,13.587467071000049],[100.212676924,13.587423103000162],[100.21272874600004,13.587397741000188],[100.2127689990001,13.587382007000144],[100.212798293,13.587374096000076],[100.21281600500004,13.587371616000041],[100.2128355690001,13.587372713000093],[100.21286799000018,13.587378534000095],[100.2129316610002,13.587400939000077],[100.21296960700016,13.587412708999977],[100.2130063240001,13.587421500000119],[100.2130601240001,13.587425420999978],[100.21312428700014,13.587425711000037],[100.21319457800001,13.587427762000118],[100.21325323200011,13.58742388200011],[100.21330329700004,13.587415268000143],[100.21337470200018,13.587396989000126],[100.21356208500015,13.587350646000118],[100.21366097200007,13.587326848000089],[100.21376173000004,13.587312612000176],[100.21394370000019,13.587284224000143],[100.2140560520001,13.587263946000064],[100.2141928590001,13.587248341000077],[100.21426565000019,13.587241489000064],[100.21431307800003,13.587239809000096],[100.21436100300019,13.587238129000127],[100.21440054500005,13.587238421000166],[100.21443811100016,13.587241135],[100.2144801450001,13.58724673000006],[100.214526659,13.587258589000044],[100.21456379900008,13.587272914000096],[100.2146014540001,13.587293029000023],[100.21465252200005,13.587325171000032],[100.21469022900004,13.587353505000067],[100.21471849700009,13.587372709000078],[100.2147348430002,13.587380362999966],[100.2147506710001,13.587383667999973],[100.21476599600004,13.587385050000137],[100.21478130600002,13.58738207100015],[100.21479757300006,13.587374258000125],[100.21483104200007,13.587347987000157],[100.21485708500018,13.58731885900005],[100.21488750500004,13.587275680000118],[100.21490661900003,13.587243204000117],[100.21492720100014,13.587210713000161],[100.21494440000004,13.58719032199997],[100.21495719500012,13.587180592000095],[100.21497050800008,13.587173764000056],[100.21498530900016,13.587170303],[100.21500261100016,13.587170218000097],[100.21502486700001,13.587173985000163],[100.21504219100007,13.58718017800004],[100.2150630060001,13.587191202000042],[100.21508186900013,13.587207061000015],[100.21511619500012,13.58725185100019],[100.21516449600011,13.587324123000144],[100.21518739700014,13.587356403000115],[100.2152048000001,13.587376617000018],[100.21522265300007,13.587389100999985],[100.21523849900012,13.587395795000191],[100.2152607610002,13.587400524000145],[100.21532154500005,13.58740022800015],[100.21556960900017,13.587397077000105],[100.21574800600007,13.587395730000082],[100.21577273100007,13.587398505000067],[100.21579747400011,13.587404671000058],[100.21581975400017,13.587412782000115],[100.21584155500011,13.587424761000136],[100.21586338000003,13.587440609000168],[100.2159348780001,13.587505997000108],[100.2160133340002,13.587578617000077],[100.21603417100005,13.587595917000044],[100.2160495490001,13.587605997000026],[100.21606836900003,13.587613637000118],[100.21608915300015,13.58762029900015],[100.21611141100004,13.58762406600016],[100.21614057500017,13.587624886000071],[100.21618799500015,13.587621750000153],[100.2162280140002,13.587618173000124],[100.21626751000008,13.587611209999977],[100.216312915,13.587600357999975],[100.21636917900008,13.587584617],[100.2164200110002,13.587572283000043],[100.21646148200017,13.587563373000023],[100.21648913800016,13.587560344000053],[100.21651334300009,13.587558291000164],[100.21653658400015,13.587560597000163],[100.21655342600013,13.587567278000108],[100.2165673200002,13.587578811000071],[100.2165792470002,13.58759228700012],[100.21659219900005,13.587613501000078],[100.21660973700006,13.587659818000134],[100.21663282000014,13.587728357000174],[100.21664885200005,13.5877713000001],[100.21665983400004,13.587792029000127],[100.21667624200018,13.587813225000104],[100.21669463700016,13.587834881000106],[100.21672043700016,13.587853612000174],[100.21674574100012,13.587874272000079],[100.21678738000014,13.587898241],[100.21684039100018,13.587924089000012],[100.21687012300015,13.58794038300016],[100.21689688900005,13.587955718999979],[100.21691970500012,13.587971561000074],[100.21694152200007,13.58798643700004],[100.21696834000016,13.588011925000046],[100.2169902170001,13.588038412000174],[100.21702855500007,13.588094790000014],[100.21707487000009,13.588164653000035],[100.21711824700003,13.588239368000075],[100.21713916800007,13.58827117300018],[100.21715956999998,13.588298627000142],[100.21718243700019,13.58832462300012],[100.21720476700011,13.58834433300018],[100.21722909500016,13.588364519000038],[100.21725486600008,13.588379375000045],[100.2172791320001,13.58838941099998],[100.21731723900018,13.588400340000078],[100.2173509050001,13.588411291],[100.21738604600012,13.588423214000045],[100.21741576800008,13.588435631999971],[100.21743658500009,13.588447132000056],[100.2174494800002,13.588457221999988],[100.21746486200004,13.588470194000024],[100.2174837550001,13.588491865000094],[100.21750766600019,13.588527998000188],[100.21753805600008,13.588577643000121],[100.21758132600007,13.588631092000185],[100.21766882200006,13.588732661000165],[100.21778018300012,13.588861191000149],[100.21791117300012,13.589005225000165],[100.21797833800008,13.589082818000065],[100.21801847100011,13.589142215000095],[100.21804450200005,13.589193647000116],[100.21807176800019,13.58925767900007],[100.21809425700013,13.589301112000044],[100.21814259600018,13.589362755000082],[100.21820978600005,13.589444930000184],[100.21826159800008,13.589497392999988],[100.21831571100017,13.589542957000049],[100.21837685999998,13.589587349000169],[100.21843447300006,13.58963060900004],[100.21847920200014,13.589672795000126],[100.21852165700017,13.58972758800013],[100.21855240100007,13.589784726000062],[100.21858080100009,13.589840738000078],[100.21862573900006,13.58992187300015],[100.21867903600014,13.590037347000077],[100.21871806700005,13.59011049500009],[100.21874287000009,13.590149334000046],[100.2187687350002,13.590168684000048],[100.2188226940001,13.590182167000023],[100.21891065800014,13.590203516000088],[100.21898341200011,13.590228365000087],[100.21904917100011,13.590260127000079],[100.21909732000012,13.590282810000076],[100.21912125300003,13.590303494000182],[100.21913452200016,13.590321482999968],[100.21914187900018,13.590342715000133],[100.21914597300014,13.590368475000162],[100.21914397800003,13.59049417700004],[100.21914169000007,13.590563801000144],[100.21914508600014,13.590583764000087],[100.21915246300011,13.590606930000035],[100.2191777810001,13.590662239000096],[100.21919645900005,13.590707262000024],[100.21922702000018,13.590756748000047],[100.21926418700014,13.59080812500008],[100.21930796000015,13.59086270000006],[100.21934903400017,13.590906978000021],[100.21937818600009,13.590938416000142],[100.21941325900002,13.590966601000048],[100.21944829300008,13.590988996000078],[100.21948860100008,13.591012],[100.21955266800012,13.591041333000021],[100.21960548200008,13.59105977400003],[100.21966026700005,13.591077551000183],[100.2196972280002,13.591090260000101],[100.21973882300017,13.591107457000021],[100.21976856000003,13.591122779000045],[100.21980425600015,13.591145814000072],[100.21983866300008,13.591172713000049],[100.21987308400014,13.591204127000026],[100.21990424300014,13.59124007400004],[100.21993078900005,13.591277323000043],[100.21995273100009,13.59131652900004],[100.21996608400002,13.59135127500008],[100.21998289700008,13.591417584000169],[100.22000832100008,13.591493519000153],[100.22004843900004,13.591606115000047],[100.2200785060001,13.591687827000044],[100.22009925200007,13.591748960000075],[100.22011201900011,13.591797879000126],[100.22011487800012,13.591841055000145],[100.22011662000006,13.591924193000068],[100.22011890400006,13.59198412800015],[100.22012299100015,13.59201053300012],[100.22013432800009,13.592036899000163],[100.22015424200015,13.5920664570001],[100.22018012300009,13.592100489000075],[100.22024168900003,13.592157556000132],[100.22035939000006,13.592236894999985],[100.22052918100019,13.592355781000094],[100.22069533400014,13.59247108000011],[100.220740868,13.592516694000153],[100.22076452300013,13.592560880000065],[100.22079622200016,13.592650872999968],[100.22083421300005,13.592749992000108],[100.22086577100015,13.592812483000046],[100.22090824300011,13.592870333],[100.22099779900003,13.592975307000188],[100.22112188900019,13.593110675],[100.22121137600004,13.59320037700013],[100.22127460000013,13.593260472000054],[100.22131077500018,13.593290373000116],[100.22135570900019,13.593314213000156],[100.2214727880002,13.593360050000115],[100.22157751300006,13.59339390499997],[100.22165324500008,13.593427057000099],[100.22171579500014,13.593461128000115],[100.22176513700015,13.593489244000182],[100.221800427,13.593517427999984],[100.22182516200002,13.59354309600019],[100.22185259400015,13.593582495000135],[100.22187215600019,13.593627080000033],[100.22189542700005,13.593710336000129],[100.22191079900011,13.593795339000167],[100.22192596800005,13.593840813000043],[100.22194551800004,13.593884543000115],[100.22197735000003,13.593924775000062],[100.22201359800016,13.593969298000104],[100.22205421700005,13.594008633000044],[100.22210008400003,13.594043642000031],[100.22221905800012,13.594116098000143],[100.22237242300008,13.594211603000133],[100.22249399200012,13.594273743000144],[100.22257771300002,13.594323179000128],[100.22265881200008,13.594376924000073],[100.22272592200011,13.594442765999986],[100.22280707800007,13.594505969000181],[100.22297549600017,13.594625459000099],[100.22323376800006,13.594790052000121],[100.22367814300014,13.595052163000048],[100.2234232780001,13.595595266000146],[100.22332222800009,13.595986401000118],[100.22329827200008,13.596339361000162],[100.22333834199998,13.59661638900019],[100.22350795199998,13.597031399000059],[100.22398951300016,13.597986728000137],[100.22479384600018,13.599079080000081],[100.22563579800004,13.599969624000039],[100.22638654600013,13.600658995000174],[100.22695674200008,13.601311452000061],[100.22726812900015,13.601738357000102],[100.22751588900007,13.602316793],[100.22770059100009,13.60316016500019],[100.2279041320001,13.604494406000185],[100.22792726000006,13.604645990999984],[100.22793525700013,13.60482987000006],[100.22796511500013,13.6055162830001],[100.22916375000005,13.605485550000083],[100.2292961230001,13.6054919340001],[100.22939764100016,13.60550135799997],[100.22949480200009,13.605510800000047],[100.22957163700016,13.605513262999978],[100.2296513500001,13.60551144800013],[100.22977302700014,13.605495249000114],[100.2298932650001,13.605483310000125],[100.22998311700007,13.605480032000173],[100.23005706200007,13.605483922000133],[100.23012668400014,13.605493502000058],[100.23018471500006,13.605503137000028],[100.23022989999998,13.60550518100007],[100.23028381,13.605497051999976],[100.23037207900012,13.605474162000064],[100.2304202590002,13.605467188000034],[100.23049025300014,13.605461229000127],[100.23060963100005,13.605459509000184],[100.230681947,13.605459152000037],[100.23073932400007,13.60545550300003],[100.23076912000005,13.60544524900007],[100.23082408100004,13.605418031000113],[100.23084694700015,13.605407828000068],[100.2308609750001,13.605403367000122],[100.23087613600018,13.605401088000065],[100.23089356700012,13.605404851000117],[100.23094703800018,13.605422721000139],[100.23101797000004,13.605449850000184],[100.23103879400014,13.605456892000063],[100.23105791600011,13.605461192000064],[100.2310747780001,13.605461659000184],[100.23108937800004,13.605459388999975],[100.23110676200008,13.60545380900004],[100.23114094400006,13.605436601000065],[100.23126192000012,13.60536181599997],[100.2313229930001,13.605329088000133],[100.23134766200013,13.60531907100011],[100.23136392400005,13.6053134980001],[100.23138469000014,13.605308999000158],[100.23140715300013,13.60530723800008],[100.23142795000018,13.605308785000148],[100.231453822,13.605314701999987],[100.23150282600017,13.60533754100004],[100.23152083500014,13.605343499000185],[100.23154331700005,13.605345036000017],[100.23161521000003,13.60534028300009],[100.23171743600017,13.605334278000043],[100.23178261200002,13.605334507000123],[100.2318230640002,13.605334307000135],[100.23185508199998,13.605333051],[100.23187360100019,13.605329113000039],[100.23191060700009,13.605313540000111],[100.23203725800016,13.605251367],[100.23221939400014,13.605161432000102],[100.2322748900001,13.605137529],[100.23229677100005,13.605130827000153],[100.23233044000006,13.605122417000189],[100.23235402400007,13.605119553000122],[100.23237536900012,13.605118893000054],[100.23239673200004,13.605120985000042],[100.23241867400009,13.605127472000163],[100.23246657900006,13.60515581200002],[100.23249645400011,13.605174901000055],[100.23251841600018,13.605184132000034],[100.23254486100012,13.605191146999971],[100.23257071800003,13.605193770000142],[100.23260104400009,13.605190869000126],[100.23262965400016,13.605183034000106],[100.2326873790002,13.60515417300013],[100.23276186800007,13.605108735000101],[100.2328106080002,13.605082122000113],[100.23282855800005,13.605075983000063],[100.23284540100013,13.605073152999978],[100.23285944100007,13.605072538000059],[100.23287294700009,13.605076315000076],[100.23289321800007,13.605085005000092],[100.23292251300012,13.605100248000042],[100.23294333600018,13.6051067410001],[100.23295963200007,13.605107756000109],[100.23300962300004,13.605105315000174],[100.23306130500004,13.605103409000037],[100.23308658900004,13.605103832000168],[100.23310851200017,13.605105375],[100.23312146100005,13.605110255000056],[100.23313218400017,13.605120096000064],[100.23314804000006,13.605144198000119],[100.23317072700007,13.60518530000013],[100.23318032500015,13.605194594000181],[100.23318934300016,13.605200048000086],[100.23320171400002,13.60520163100017],[100.23321854900013,13.605198253000026],[100.23330097000007,13.605165424000063],[100.23336826300005,13.605139261000147],[100.23341426500014,13.605126389000134],[100.23345971000009,13.6051140780001],[100.23349395100013,13.605107860000146],[100.23353494100019,13.605103262000114],[100.23358267500004,13.605098630000043],[100.23361524000018,13.605095173000052],[100.23363937700009,13.605090100999973],[100.23365845200016,13.605084516000147],[100.23367582500009,13.605075636000095],[100.23369036400015,13.605062374000113],[100.23370654600006,13.60504141400014],[100.23372662000014,13.605011634000164],[100.23374225200018,13.604992874],[100.23375511000017,13.604979621999973],[100.23377638900007,13.604966326000124],[100.23379881500017,13.604956868000045],[100.2338302230001,13.604946274000099],[100.23387565500013,13.604931208000096],[100.23391437900011,13.604923320000125],[100.23393683400013,13.60491936600016],[100.23396098800015,13.604918146000045],[100.23399526400016,13.604919077000034],[100.23403741600009,13.604922164000016],[100.2340823620001,13.604921391000062],[100.23413402900019,13.604916741000011],[100.23423845800005,13.604903033000141],[100.2342856030001,13.604892907000021],[100.23433836200013,13.604882753000084],[100.23440402300014,13.604868140000178],[100.23446744800015,13.604856287000189],[100.23450449199999,13.604847859000188],[100.23454824500016,13.604834452000034],[100.2345852580001,13.604821628000082],[100.23464077900019,13.604801567000095],[100.23470190000018,13.604778732000057],[100.23492959700008,13.604698466000173],[100.23505579500005,13.604656627000168],[100.23514551300019,13.604623207000088],[100.2351847810001,13.604610371999968],[100.23522912600009,13.60460300699998],[100.23536724100006,13.60458418800016],[100.2354430540002,13.604576670000029],[100.235525601,13.604568560000075],[100.23555198600019,13.60456403700016],[100.23558619500005,13.604552327000079],[100.23561926300016,13.604537321000066],[100.23563552700006,13.604530646000171],[100.23565516700012,13.604526700000179],[100.23567762800008,13.60452274700009],[100.23571243000015,13.60451817600017],[100.23574220000012,13.604515829999968],[100.23577142700015,13.604517883000085],[100.23579952500012,13.604519390000121],[100.23582649900004,13.604519808000134],[100.23584558800013,13.60451806400016],[100.23586243000011,13.604514688000052],[100.23588150000006,13.604509095000026],[100.23590838600018,13.604493023000146],[100.23595318700006,13.604464223999969],[100.23597726600019,13.604448717000025],[100.23599855900011,13.604438168000115],[100.2360170660001,13.604432029000066],[100.2360372770001,13.604428634000044],[100.2361029830002,13.604422814000088],[100.23612487800017,13.60441940700008],[100.23616021300012,13.60440714200007],[100.23621068200015,13.604388757000038],[100.2362392870001,13.604380370000172],[100.23628138700002,13.60437191799997],[100.23636164800018,13.604356679000034],[100.23642114400013,13.60434429500009],[100.236461523,13.604330358000084],[100.2365293790001,13.604305837000084],[100.23659670500018,13.604286818000048],[100.23664047300008,13.604276709000032],[100.23666798200014,13.604272724000111],[100.23668820900014,13.604272623000043],[100.2367118250001,13.60427690400013],[100.23674895099998,13.604284963000168],[100.23677874900017,13.604288666],[100.23680291300019,13.604289092000045],[100.23682425499999,13.604287886000122],[100.23684557500019,13.604281738000168],[100.23688200300018,13.604265067000085],[100.23698173300005,13.604210717000058],[100.23701815500004,13.604191848000028],[100.23706635700017,13.604169632000094],[100.23714373200005,13.60413956900004],[100.23718522600012,13.604122876000133],[100.23721439400003,13.604113384000073],[100.2372357210001,13.60410943100004],[100.23725538000008,13.604107690000149],[100.23727223800006,13.604108706000034],[100.23728855900004,13.604113569],[100.237326843,13.60412931500008],[100.23737246400015,13.604149970000094],[100.23739721200008,13.60415644200009],[100.23742868,13.60415683400015],[100.23745729900014,13.604150097],[100.2374791680001,13.604141198999969],[100.23749539800019,13.604129575000115],[100.23752504800018,13.604104698000071],[100.23756863400007,13.604059417000144],[100.23758430600009,13.604047795999975],[100.23760222400017,13.60403562100015],[100.23761790600003,13.604026748000024],[100.23763752900015,13.604018412000016],[100.23766727700013,13.604012765],[100.23771949299999,13.604005910000069],[100.23780260300015,13.60399725300016],[100.23787392600008,13.603991406000091],[100.23796716400017,13.603986545000168],[100.23808625400005,13.603982106000046],[100.23813904500008,13.603977994000047],[100.23816485999998,13.603971818000105],[100.23818785100002,13.603963466000096],[100.23820744600016,13.603950725000061],[100.23824162600016,13.603932971000177],[100.23827247600019,13.603922928000145],[100.23833642500006,13.603903373000037],[100.23839083500013,13.60388661800016],[100.23844805500005,13.603869295000038],[100.23850693700012,13.603847566000127],[100.23857365900017,13.603820864000056],[100.2386274770002,13.603798612000162],[100.23865942400005,13.603783613000076],[100.238709315,13.603760830000056],[100.23875586200006,13.603744667000058],[100.23879400300012,13.603732384000182],[100.23881589400003,13.603727877999972],[100.23883666200015,13.60372448000004],[100.238859697,13.603724366000051],[100.23888330800014,13.603727542000115],[100.23895471100008,13.60373652900006],[100.23898956500011,13.603740753000068],[100.23900811000016,13.603741761000151],[100.23902326900009,13.603739482000037],[100.239046267,13.603731129000153],[100.23913873500004,13.603686704000154],[100.23917799000014,13.603671668000118],[100.23921330700017,13.603657205000104],[100.23923350100006,13.603651065000122],[100.23925651400009,13.603647095000156],[100.23928066900004,13.603645878000123],[100.2393413750001,13.603650528000173],[100.23938633500006,13.603653045000101],[100.2394189220002,13.603653436000059],[100.23943520800015,13.60365225400011],[100.23945316600003,13.60364776700004],[100.23950419800013,13.603629378],[100.23957484700003,13.60360209900017],[100.23962701800019,13.603586453000105],[100.23972635700017,13.603566174000093],[100.23984758200015,13.603540840000164],[100.24002551500001,13.603507529000126],[100.24018661100001,13.603477601000122],[100.24030955100011,13.603458304000071],[100.24038308600007,13.603445848000092],[100.24043808400017,13.60343293000011],[100.24047847800011,13.603422840000121],[100.24053793800005,13.603403312000125],[100.24059513800017,13.603383244000042],[100.24064895700008,13.603360438000152],[100.24069773500003,13.603341513000089],[100.2407403520001,13.60332536500016],[100.24076784400006,13.603316983000184],[100.24080598300014,13.60330525400019],[100.24086042800008,13.603295092000053],[100.24101256700015,13.603271249000102],[100.24114334800004,13.603247513000099],[100.24127245100016,13.603224339000178],[100.24139874200006,13.60320007700011],[100.24148855600004,13.603184795000061],[100.2416041890001,13.603164434000064],[100.24169343099999,13.603147505000038],[100.24185954800015,13.603110952000122],[100.2419717800002,13.603085112000088],[100.2420424930001,13.603069373000096],[100.24210703700015,13.603056962999972],[100.2421379070002,13.60305076300017],[100.24216429700004,13.603047877000108],[100.24221374000018,13.603048185000148],[100.24225250000018,13.603046896000137],[100.24231599500018,13.603048223000144],[100.24234126400006,13.603045899000108],[100.24238898300018,13.603037416000063],[100.242491116,13.603014377000022],[100.24257753100017,13.602993611000045],[100.2426673110001,13.60297173000015],[100.24271612800015,13.602958845000046],[100.24276102300007,13.602949832000093],[100.24282613700012,13.60293796200017],[100.2429075450001,13.602927117999968],[100.243008588,13.60290957500007],[100.24308101500009,13.602900969000018],[100.24314784199998,13.602894595000066],[100.24324723900014,13.602884751000147],[100.24330675900012,13.602878414000031],[100.24335449700015,13.602874875],[100.2434303350002,13.60287285100003],[100.24348653200013,13.602874764000092],[100.24353711100014,13.602877813000077],[100.24360344500013,13.602885178000065],[100.24363044100005,13.602889988000129],[100.24366415900016,13.602891469000156],[100.2437074120001,13.602890151000054],[100.24375009700003,13.602887192000082],[100.24385172600017,13.602874590000056],[100.24400162800015,13.602854058000162],[100.2444423300002,13.60279692500012],[100.24496606500009,13.602862993000087],[100.245416363,13.60298902000011],[100.24569585100005,13.603067243000112],[100.24630364600017,13.603168151000148],[100.2468962600002,13.603269130000058],[100.24756485600005,13.603384583000093],[100.24811185000004,13.603470940000022],[100.248551792,13.603409331000023],[100.24939722500005,13.603290944000094],[100.24943176300008,13.603942912000036],[100.24945131300012,13.603999325000132],[100.24949484200005,13.604036781000048],[100.2505636410001,13.604021994000163],[100.25168053300018,13.603997548999985],[100.25174322600009,13.604016067000089],[100.25178206200013,13.604077098000118],[100.25183178800017,13.60437825300005],[100.25194345900007,13.605470285000024],[100.25198840000013,13.605776175000074],[100.2520319730001,13.605823048000161],[100.25210442000014,13.605865069000174],[100.25217202200008,13.60590240700003],[100.25220125700008,13.605968192999967],[100.25229007500013,13.606377466000026],[100.25248237900007,13.607238328],[100.252605222,13.607708660000185],[100.2526297890002,13.607802721999974],[100.25340438800009,13.607690506000097],[100.25390474400007,13.60761734700003],[100.25422233900014,13.607582782000065],[100.25441470000015,13.607539428000052],[100.25452025200019,13.607468253000093],[100.25469747700004,13.607293111],[100.2549324310001,13.607108252000103],[100.25504123400015,13.607000912000103],[100.25513220500011,13.606903015000057],[100.25521112800016,13.606833014000017],[100.25528808400014,13.606776954],[100.25537938200006,13.606740695000155],[100.25544643300003,13.60673439500016],[100.25551356800014,13.606742011000051],[100.25568859700013,13.606778905000112],[100.25607742800008,13.60687836500017],[100.25624634600018,13.60691131600015],[100.25636023300012,13.606918696000037],[100.25685327900004,13.607010736000177],[100.25709948800011,13.607094335000056],[100.25727795900019,13.607126431999973],[100.25743213800007,13.607120940000073],[100.25762487300011,13.607115251000039],[100.2580777230001,13.607089393000024],[100.25814134400014,13.607086790999972],[100.258186029,13.607102149000184],[100.2582116010002,13.60711760200013],[100.25823404400018,13.607143976000032],[100.25824697800016,13.607179750000114],[100.25825833600004,13.607218654000178],[100.25827571200006,13.607322804999967],[100.25831229500017,13.607705685000042],[100.25831802900012,13.607880062000163],[100.25836664100007,13.60795994600005],[100.25841987700016,13.608002097000053],[100.25858377400016,13.608010698000157],[100.25917604500006,13.607922858000165],[100.25951324600015,13.607897582000021],[100.25975298600008,13.607912637000084],[100.26028293200005,13.607976908000182],[100.26062189400005,13.608035098000016],[100.26122026700006,13.608095497000136],[100.26216486800018,13.608224620000101],[100.26248424500005,13.608272052000075],[100.26248769500012,13.608272564000117],[100.26286976700015,13.608344678000037],[100.26311925200008,13.6083989440001],[100.26336873800011,13.608453217999966],[100.26351713600013,13.608480229000179],[100.26366866100017,13.60850106100014],[100.2638012110001,13.608512726000129],[100.26386429899998,13.60851240500017],[100.2639020370001,13.608490617000143],[100.2639492030001,13.608462611000164],[100.26398996199998,13.608416124000087],[100.2640245930001,13.60840360700007],[100.26407504900004,13.608400263000135],[100.26417283300015,13.608399767000094],[100.26425811500008,13.60842092900009],[100.26432152900014,13.608482316000106],[100.26440377500006,13.608525095000175],[100.26450804300015,13.608558509999966],[100.26470067500009,13.608597633000102],[100.2648017250001,13.608618719000106],[100.26506380400019,13.608666758000084],[100.26541102600015,13.608711270000185],[100.26544563900012,13.608695665000084],[100.26547076000014,13.608673941000063],[100.26548310900017,13.608624511000016],[100.26552403099998,13.608013399000072],[100.26556279400012,13.60699811],[100.26560182500003,13.606032181000103],[100.26560598700001,13.60591334500009],[100.2656346940002,13.605094062000035],[100.26567181300015,13.604362633],[100.26569041,13.60430083500006],[100.26572174000012,13.604260563000082],[100.26578160800011,13.604247921000137],[100.265882563,13.604250490000084],[100.2660562260001,13.604283546000147],[100.26637517000017,13.604349802000115],[100.26682038300015,13.604433928000162],[100.26753385600011,13.60454445500011],[100.26797249900011,13.604609841000013],[100.26894547000006,13.60476683000013],[100.26937674700008,13.604823792000047],[100.2706249040001,13.604939452000053],[100.2706413730001,13.604954074000034],[100.27065715800006,13.605180971000038],[100.27082214300015,13.607035877000044],[100.2708482000001,13.607328825000138],[100.27095787700017,13.609200415999965],[100.27101104300016,13.609200145000045],[100.27115717900017,13.609186398000077],[100.27182075700017,13.608994494000171],[100.27215892800018,13.608849754000119],[100.27279626800015,13.608722983000177],[100.27336112799998,13.608795730000054],[100.27376724900012,13.60884803000016],[100.27401349000013,13.608911772999988],[100.27402080000002,13.609035249000101],[100.27397179200005,13.609256739000102],[100.2735470940001,13.611176342000078],[100.27355412200018,13.61124781400008],[100.27362767600005,13.611331942000163],[100.27390687200005,13.611343513000122],[100.27464449600012,13.61132673600008],[100.27487031400017,13.61129958000015],[100.27531555200005,13.611290794000126],[100.27641963900004,13.611447650000116],[100.27645701199998,13.611447459000033],[100.27674528700015,13.611445980000155],[100.27685197000017,13.611510438000153],[100.27688688800004,13.61180767400009],[100.27696339500005,13.612458942000103],[100.27695730599999,13.61256298100011],[100.27711072100016,13.612666200000035],[100.27800970100014,13.61262586700019],[100.27922151400014,13.612571499000126],[100.27972864400016,13.612548745000026],[100.27988174600006,13.612593460000085],[100.28002957700011,13.61323983200009],[100.28033933100016,13.614594185000158],[100.28035058500018,13.614609911],[100.2804707210002,13.615146474000085],[100.2805640470001,13.615435377000097],[100.28108595100008,13.617389219000131],[100.28132024900015,13.618314670000018],[100.28136016900004,13.61853593700016],[100.28149159800017,13.61909611700014],[100.28151500800016,13.619195902000115],[100.28159134499998,13.619521268000028],[100.28172917700005,13.620070494],[100.28179411800016,13.620318400000087],[100.28186759500011,13.620356836000099],[100.282008141,13.620377017000067],[100.2820273320001,13.62037677800015],[100.28242637300019,13.620371872000078],[100.28342565200018,13.620172133000153],[100.28396673000015,13.62011359600001],[100.28408882800016,13.620108990000176],[100.28441157400005,13.620074501999966],[100.28519895100004,13.61998544800008],[100.28530901700009,13.619984879000128],[100.28537307400018,13.62004687000018],[100.28567665000008,13.621513658000026],[100.28583110200003,13.62225991300005],[100.28586083300013,13.62240140700004],[100.2859536420001,13.622423592000189],[100.28697292800001,13.622367327000063],[100.28707710900005,13.622349788000122],[100.28715781100016,13.622275714000068],[100.28718890600015,13.62179346900001],[100.28720057200002,13.621612568000046],[100.28725243000008,13.621561308000082],[100.28845209100012,13.621651414999974],[100.28894473600013,13.621694189000152],[100.28958653400008,13.621785229000068],[100.28976644300013,13.621782172000053],[100.2900686910001,13.621754315000146],[100.29039931500012,13.621652941000093],[100.29104630700016,13.621358962000045],[100.29152360700004,13.621142090000035],[100.29169276800013,13.62158966100003],[100.29171571600006,13.621650379000073],[100.29180869400011,13.621666412000081],[100.29296993000008,13.621423768000056],[100.29431246000013,13.621153881000055],[100.29541410900009,13.621075847000157],[100.296334323,13.620998758000098],[100.29751696700015,13.620986018999986],[100.29794035000009,13.620990382000116],[100.29819735200005,13.621042460000126],[100.29825653800015,13.621054455000149],[100.2985478130002,13.621104681000077],[100.29870047000014,13.621131005999985],[100.30131554000013,13.621314514000119],[100.30171869100019,13.621305833000179],[100.30222885200004,13.62120457300017],[100.30283287300017,13.621063390000074],[100.30317361000004,13.620990830000153],[100.30319631700007,13.620985996000115],[100.30330576000011,13.620972611000127],[100.30365824900008,13.6209970700001],[100.30384950000018,13.621048687000041],[100.30409655,13.621122488000026],[100.30419467200016,13.621209980000174],[100.30430806700019,13.621288305000121],[100.30447515700018,13.621347936],[100.30461782200018,13.621368233],[100.30478703800014,13.621325254000112],[100.30488916200005,13.62130893300008],[100.30498864800012,13.621303150000017],[100.30520646600019,13.621294115000069],[100.30556982900015,13.621339561000127],[100.30626672199998,13.621385885000052],[100.30629630800013,13.6213857300001],[100.30634460600004,13.621364430000142],[100.30640324100017,13.621266787000138],[100.30644838800009,13.621161322000034],[100.30648557900008,13.621076943000048],[100.30654184600019,13.621037189000162],[100.30657952900003,13.621042252000109],[100.30680580500012,13.621104199],[100.30688114700013,13.621109065000041],[100.306922795,13.62110884600014],[100.30697999900013,13.621098512000174],[100.30701817300007,13.621082039000157],[100.30707714300019,13.621044897000104],[100.30717088900013,13.620973372000094],[100.30724590900007,13.620920365000075],[100.30740153200009,13.6208511480001],[100.30758116300012,13.620744977000129],[100.30766170600015,13.62071824700007],[100.30771835100012,13.620709862000183],[100.30779070500006,13.620699152000157],[100.30826777900012,13.620689077000122],[100.30828824600007,13.620688643999983],[100.30873197500011,13.620675787000096],[100.30889597400011,13.620661771000186],[100.30896045200012,13.620648278000033],[100.308992611,13.620627063000143],[100.30901919000019,13.620569047000117],[100.30903436300008,13.620484240000167],[100.30904439600016,13.620428170000139],[100.3090440810002,13.620371009999985],[100.30901509300008,13.620308537000085],[100.30899613300016,13.620231175000072],[100.30899561600017,13.620137242000055],[100.30899675000012,13.620036705000132],[100.30898045700008,13.619832433000113],[100.30898496000003,13.619731879000142],[100.30901170200008,13.61969218300004],[100.30911597600004,13.619657023000173],[100.30951477900004,13.619557693000104],[100.30972669100004,13.619485711000038],[100.30983775400006,13.619458757000132],[100.30988491400007,13.61945521299998],[100.30991525400009,13.619456697000146],[100.30992882400011,13.619473111000048],[100.30993774800015,13.619563706000179],[100.30994794500003,13.619580133000056],[100.30996316700003,13.619589938000047],[100.31023408700008,13.619524239000043],[100.31026950100016,13.619528999000067],[100.31029146000009,13.619538768000098],[100.31029731400008,13.619683768000186],[100.31030583000006,13.619700204000083],[100.31033622299998,13.619711579000068],[100.31056529400001,13.619695536000052],[100.3108044380001,13.619672855999966],[100.31093747000011,13.619657320000101],[100.31100152400006,13.619661927000038],[100.31108258400019,13.619694460000176],[100.31115715400017,13.619773172000123],[100.311202788,13.619797653000091],[100.31123143200006,13.619797502000154],[100.31155819200012,13.619774355000118],[100.31194540700011,13.619712987000185],[100.31239418799998,13.619613305000087],[100.31250855800005,13.619587187000093],[100.31274865400019,13.620146272000056],[100.31290697100007,13.620760475000168],[100.31310240900007,13.621494830000074],[100.31334492000013,13.62250078400018],[100.3136724900001,13.623720648000074],[100.31398483300006,13.623677073000067],[100.31549317100018,13.623683867000125],[100.31685575200004,13.623698937000142],[100.31722969400005,13.623750438],[100.31726188800008,13.623803749000103],[100.3172667660001,13.623861664000174],[100.31725408000011,13.62404],[100.31717970200003,13.624597492000134],[100.31718034400006,13.62471336800013],[100.31717628000007,13.624802529000135],[100.31721300700019,13.624851357000068],[100.31728172400011,13.624917849999974],[100.31743683100007,13.624948227000118],[100.31747048200009,13.624968009000156],[100.31754197900005,13.62501005900009],[100.31758343800004,13.625090061000094],[100.31761119800018,13.625165679000133],[100.31767942700009,13.625191219000158],[100.31769339200008,13.625196442000117],[100.31805339800019,13.62519899200015],[100.319147429,13.625268954000092],[100.31955328200013,13.625320282000075],[100.31976769300019,13.625363717000027],[100.31991826700005,13.625398576000123],[100.32007789900007,13.625424469000052],[100.32032406000013,13.625440987],[100.32050190000007,13.625462324000068],[100.32067975600006,13.625488120000114],[100.32098528900019,13.625526612999977],[100.32132235600011,13.625502530000063],[100.32160970600012,13.625550035000174],[100.32177865200003,13.62561152600017],[100.32196156200007,13.625726434000114],[100.32222704700013,13.62593894700018],[100.32326912300016,13.626665538000168],[100.32363921200016,13.62715431200013],[100.32389261300006,13.627536947000067],[100.32400281400004,13.627701739000031],[100.32386120600006,13.628457183000023],[100.3237352770002,13.629848380000112],[100.32361783300007,13.630579913000133],[100.32566624300011,13.630184641000085],[100.3265862780001,13.631019040000126],[100.32793917400011,13.632246],[100.3284895050001,13.632365930000049],[100.32900842600014,13.632486027000084],[100.32929204100009,13.632653463999986],[100.32960810100008,13.63300503400012],[100.33059537000014,13.634354879],[100.33071588799999,13.634519658000045],[100.33168072500018,13.635743224000066],[100.33224952800009,13.63635454700011],[100.33355815000016,13.637269075000063],[100.33505523100013,13.638182583000173],[100.33611114000018,13.638837352000053],[100.33704008000012,13.638908029000163],[100.33780799400006,13.638966450000112],[100.33959898100005,13.639079669000125],[100.34014380200006,13.639091367000049],[100.34516205600016,13.639710049000087],[100.34703843000017,13.63999658299997],[100.3475640650002,13.640085371000055],[100.34797228800016,13.640139179000073],[100.34894776300013,13.640267761000018],[100.34952102700015,13.640380771000139],[100.35024229000004,13.64049734800011],[100.35041994900007,13.640526064000028],[100.3519613950001,13.640775195000117],[100.35198404500017,13.640778858000147],[100.35210598800006,13.640791154000112],[100.35342972400014,13.640924577000021],[100.35434040900009,13.640888889999985],[100.35439643500013,13.640843668000173],[100.35445800900004,13.640562200000147],[100.35451856200018,13.640101554000069],[100.35458797500013,13.639532732000077],[100.35459981200017,13.639393651000034],[100.35461446400012,13.63903928100018],[100.35462420200002,13.638991573000112],[100.35476416300014,13.638306109000098],[100.35489272900014,13.637870058000146],[100.35492224400019,13.637769981000133],[100.35506765600013,13.63723473300007],[100.35509866600006,13.637132608000059],[100.35515470500013,13.636990195000124],[100.35527350600012,13.636773294000022],[100.35532657000005,13.636661787000094],[100.35537986300011,13.636590439000088],[100.35540821700016,13.636570033000169],[100.35544907600007,13.636540633000038]]]}},{"type":"Feature","properties":{"districtCode":"TH7402","provinceCode":"TH-74","nameTh":"อำเภอกระทุ่มแบน","shapeName":"Krathum Baen","shapeISO":"TH7402","shapeID":"TH7402","shapeGroup":"THA","shapeType":"ADM2","labelPoint":[100.26098844,13.66372473]},"geometry":{"type":"Polygon","coordinates":[[[100.30909018300008,13.721703381000168],[100.30914568000014,13.72168610100016],[100.30959761700018,13.721727870000109],[100.31008857300009,13.721818585999983],[100.31011587400013,13.721823630000074],[100.3102675880001,13.721612217000086],[100.310361306,13.721594735000053],[100.31048295100004,13.721600881000029],[100.31211495200017,13.722030424000138],[100.31215278900004,13.722017870000172],[100.31219819200015,13.722002808000127],[100.3123397600001,13.721842397000103],[100.31248204700006,13.721811069000182],[100.31268359200016,13.721813397],[100.31283048900013,13.721833116000141],[100.31346021300004,13.722131981000075],[100.31431346500011,13.722484122000026],[100.31559854700004,13.723010601000112],[100.3156281740001,13.722825478000175],[100.31571607100017,13.722276235000095],[100.31582456800015,13.721554512000182],[100.31586198200006,13.721305639000093],[100.3159700990002,13.720803543000102],[100.31597779400005,13.720719342000166],[100.31603542900012,13.72008854400002],[100.31849579700008,13.720203926000181],[100.31866382000004,13.72022894200012],[100.31872438400012,13.72023795900003],[100.31923347700001,13.720411724000144],[100.32039962500005,13.72091532900015],[100.32074084100003,13.719763107],[100.32222003800013,13.720055865000063],[100.32244993600017,13.719322567000177],[100.32259303000012,13.718609341000104],[100.32405176200018,13.718830301000082],[100.32407297400016,13.718575643000179],[100.3240776930001,13.718576537000047],[100.32421428800012,13.71732654800013],[100.32493031800004,13.717495954000128],[100.32553642200008,13.717596664000098],[100.32699190200009,13.717827963000104],[100.32718626000019,13.71787890800016],[100.3271390340002,13.718463946999975],[100.32743764100013,13.7185529730001],[100.32757575100015,13.718594156],[100.32791420500013,13.718740483000147],[100.32825326300008,13.718995966000023],[100.32825763400018,13.718997237000053],[100.32827453000016,13.719012088000113],[100.32835691000002,13.719044386000121],[100.3290335740001,13.719188076000137],[100.32943996900002,13.719270029000086],[100.32971239800014,13.719401363000088],[100.3297143960001,13.719408547000171],[100.32989547000017,13.719499727000084],[100.3303328560001,13.719719976000079],[100.33045957200011,13.719783776000043],[100.33134296700013,13.720076702000142],[100.3312502330001,13.720505118000062],[100.33189240700011,13.720768328000133],[100.33311072600009,13.720837635000123],[100.33328484900005,13.720536565999964],[100.33356743400003,13.720026531000144],[100.33358162700006,13.719992624999975],[100.33359538400003,13.719959736000021],[100.33371636200013,13.71977938700013],[100.33373797900003,13.719749529000126],[100.33374840900018,13.719731549000073],[100.33375428200003,13.719722778000119],[100.33381660500015,13.71962969499998],[100.33387793300005,13.719537833],[100.33392722800016,13.71946750800015],[100.33399600800016,13.719366574000162],[100.33402639100012,13.719321193000042],[100.33405330700003,13.719279246000042],[100.33409238000013,13.719217368000045],[100.33411079000007,13.719189636000067],[100.33414174300003,13.719141401000115],[100.33416418900015,13.719102367000062],[100.33417417600015,13.71908649300019],[100.33421196700016,13.719024156000046],[100.33423312000008,13.718986751000102],[100.33424574700012,13.718969726000182],[100.33427270800013,13.718935661000103],[100.33430483500007,13.71889708700013],[100.33434213300012,13.718848310999988],[100.33438633700001,13.718796084000019],[100.33441419600013,13.718760902000156],[100.33447429000012,13.718692732000022],[100.3345071650001,13.718645748000029],[100.33452695900013,13.718621296000151],[100.33457227000008,13.718562283000153],[100.33464073500011,13.718482261000077],[100.33468951900005,13.718437325000082],[100.33473731400005,13.718393271000025],[100.33478881600001,13.718354841],[100.3348232100002,13.71832757900006],[100.33484650399998,13.718312192000155],[100.33489200500014,13.718281435000165],[100.33495306700001,13.718248335000112],[100.33500896700002,13.718215272000123],[100.33506024000013,13.718186736000064],[100.3351639230001,13.71812967600016],[100.33522025500014,13.718098258],[100.33528884100008,13.718065454000168],[100.3353009060001,13.718057427000133],[100.33532402499998,13.718043937000061],[100.33532405900019,13.718043917000045],[100.33533002700011,13.718040435000148],[100.33534240600017,13.718028627000024],[100.33543146500017,13.717943679000086],[100.33552228200017,13.717840777000106],[100.33555910100006,13.717800988000135],[100.33561371100018,13.71774759800013],[100.33567460100005,13.71768398200004],[100.33575157600012,13.717598808000105],[100.33584926200018,13.717499934000102],[100.33591013100016,13.717434100000162],[100.3359842590001,13.717354572000147],[100.33604513400007,13.717289851000032],[100.33609509000013,13.717237591000128],[100.33613704300012,13.717194451000125],[100.33616231000019,13.71716150900005],[100.3361869740001,13.717129753999984],[100.33622430200012,13.717086603000098],[100.33626387300012,13.717031028000179],[100.33630171900006,13.716986762999966],[100.33634421100004,13.716933396000115],[100.3363717420001,13.716898217000107],[100.33640782400005,13.716843809000068],[100.33643879600015,13.716800692000106],[100.33645886700009,13.716774592000093],[100.33649489600015,13.716729878000137],[100.33658078000013,13.716600918000097],[100.3366153990001,13.716562587000055],[100.3366780230001,13.716502614000149],[100.33670852300014,13.716464760000065],[100.33663502700011,13.716346482],[100.33653941900019,13.716197856000178],[100.33642513800004,13.716021064000131],[100.33627456900012,13.715755170000136],[100.33607810300003,13.71545904400017],[100.33648036300008,13.715157426000076],[100.33673358800019,13.715071297000122],[100.33714543100007,13.714930099000185],[100.33754459400012,13.714797971000053],[100.33787315600017,13.714344192000112],[100.33808763000013,13.714050361000034],[100.33815267199998,13.713904230000082],[100.33824565600008,13.71369129500016],[100.33828218000008,13.713606346000176],[100.33834035100017,13.713472692000096],[100.33836321000018,13.713422839000145],[100.33837687200008,13.713387735000083],[100.33839173500013,13.713357145000032],[100.33840598900008,13.71332655800012],[100.33843521800009,13.713283484999977],[100.3384953800001,13.713194993000116],[100.33853261800016,13.713136068000154],[100.3385853320001,13.713054394000153],[100.33862827700017,13.712987511],[100.33866614700014,13.712933064000026],[100.33871883700004,13.71285364300013],[100.33874633099998,13.71280718200012],[100.33877210000009,13.712768633000053],[100.3386230120002,13.71268666800006],[100.33834451100017,13.712521735000053],[100.33824828000007,13.712479598000186],[100.3382324150001,13.712470966000183],[100.33820513700016,13.712455301000034],[100.3381634270001,13.712434050000127],[100.33812226700007,13.712416201000167],[100.33805855300011,13.712386036000055],[100.33800410900005,13.712362599000187],[100.33794792700019,13.712339164000127],[100.33790155800017,13.712317938000126],[100.33786158700019,13.712301239000055],[100.3378233200001,13.712278819000176],[100.33777977200003,13.712247433000073],[100.33769968100012,13.712182326000118],[100.33755973900008,13.712067814000022],[100.33740533300005,13.711942091000026],[100.3372921030001,13.711850017000074],[100.33723699600012,13.71181644],[100.33710064000019,13.7117143480001],[100.33697910300015,13.711624856000185],[100.33693012300017,13.711577741999974],[100.33685376400018,13.71152503900015],[100.33677095200005,13.71145960399997],[100.33664833600005,13.71134162400017],[100.33660344400005,13.711309477999976],[100.33650541000014,13.711262973000146],[100.33650534900005,13.711238097000034],[100.33650482899998,13.711053070000105],[100.33648213400016,13.711007488000064],[100.33643934500009,13.710959757000126],[100.33631437400015,13.710873342000127],[100.33611676200013,13.710822960000087],[100.33606809800017,13.710831883000026],[100.33597220300015,13.710849466000127],[100.33588022200007,13.710869259999981],[100.33558532100011,13.711063777],[100.33538840100016,13.711135588],[100.33513213100008,13.711181987000032],[100.33510971800013,13.711204143000089],[100.33509033300004,13.711246067000161],[100.33498528000013,13.711469254000065],[100.33491271200018,13.711615416000086],[100.33486349400016,13.711700441000119],[100.33480738300005,13.711797906000072],[100.3347070750001,13.711940863000109],[100.33463772400012,13.712039512],[100.33460847100014,13.712078099999985],[100.33450144100016,13.712265154000022],[100.3344352490002,13.712414655000032],[100.3342731890001,13.71277715600013],[100.33419969700003,13.712946412000065],[100.33414435800017,13.713061560000028],[100.3339853780002,13.713021309000169],[100.33387107400011,13.712992369000062],[100.33375117400016,13.712944341000025],[100.33365178700018,13.712904530000174],[100.33346410500013,13.71285078600016],[100.3334640180002,13.712850755999966],[100.33309956000005,13.712723962000155],[100.33232533500006,13.712464130000171],[100.33242857200014,13.712276336000059],[100.33265293600004,13.711887518000026],[100.3328971860002,13.71154605300012],[100.33308643800007,13.710981170000025],[100.33313787800006,13.710473538000088],[100.33322677500018,13.710245929],[100.33330982600006,13.710010423000085],[100.33337240000009,13.709837204000053],[100.33340258300018,13.709756802000129],[100.33341698200002,13.709543145000112],[100.33342509700009,13.709451570000112],[100.33342809500016,13.709262853000041],[100.33347781200007,13.709262585000033],[100.33348104300012,13.70901622600013],[100.333480119,13.708852380999986],[100.33347925300012,13.708698679000065],[100.33348284500005,13.708415063000075],[100.33348268500004,13.708386814000107],[100.33346152200016,13.708252395000102],[100.3334436560001,13.708098756000084],[100.33342324900013,13.708017490000088],[100.3334114290002,13.707947593000085],[100.3333952910001,13.707852778000188],[100.33337333700007,13.707854016000113],[100.33335600900006,13.707751271],[100.3333429610002,13.70769373800016],[100.33331935800015,13.70760569000015],[100.33329437900011,13.707480412000109],[100.33328664200008,13.707437504000097],[100.33326832000017,13.707365283000058],[100.33324940600005,13.707295325000132],[100.33323703400009,13.707250190000025],[100.33322759900011,13.707216358999972],[100.33322056800012,13.707199439000021],[100.3332094550002,13.707175768000127],[100.33319947000018,13.707152118000124],[100.33318954400005,13.707129546000033],[100.33317550500004,13.707099111000048],[100.33316610900016,13.70707768300008],[100.33314163800014,13.707037162000177],[100.33311539400012,13.706996605000086],[100.33310197600008,13.706974095000021],[100.33309029800017,13.706952680000143],[100.33307101200018,13.706917754000074],[100.33320787400015,13.706895545000123],[100.33326386400017,13.70688394400014],[100.33320757000013,13.706640157000095],[100.33322833900013,13.706635535000089],[100.33322508900005,13.706570011000167],[100.33342690200016,13.706487572000185],[100.3332449360002,13.706093016000068],[100.33320341500001,13.706002857000158],[100.33297134500003,13.705636857000059],[100.3327632230002,13.705319317999965],[100.3326017990002,13.705074986],[100.33255413700016,13.704923797000049],[100.332477659,13.704686898000034],[100.3324236140001,13.704524486000139],[100.33236298200006,13.704330452000022],[100.33231241600015,13.704174802000125],[100.332290753,13.704025733000151],[100.33227280700015,13.703920739000182],[100.33226581100007,13.703800995000051],[100.33226243300015,13.703717403000041],[100.33225431900019,13.70360895600004],[100.33225361400008,13.70358636900005],[100.33224868000019,13.703529888000048],[100.33224076900012,13.703462130000162],[100.33223232700016,13.703396644000065],[100.3322227490001,13.703342447000125],[100.33220830300013,13.703238555000041],[100.33208718200012,13.702558955000086],[100.33208284600016,13.701990766999984],[100.33229792800017,13.702000696000027],[100.33229298800012,13.701613716000168],[100.33232918800007,13.700530906999973],[100.3323531040001,13.699917702000164],[100.33217333700009,13.699884949000023],[100.33216765900016,13.699883914],[100.33103645000006,13.69971203],[100.33082700900007,13.699682027000108],[100.33070863100005,13.69966487500011],[100.33067203500019,13.699629485],[100.33065157800019,13.699570553000115],[100.33056957300005,13.699207468],[100.3305582000001,13.699174627000048],[100.33090113500015,13.698371697000027],[100.33095108800012,13.698264731000052],[100.3310918090001,13.697963366000124],[100.33117415400011,13.697756221000077],[100.33120987300009,13.697659873000134],[100.3312475210002,13.697526151999966],[100.33126007200008,13.697473240000022],[100.3313022270001,13.69723865200018],[100.3313796430001,13.696666020000066],[100.33151652100008,13.695545774999971],[100.3316474350001,13.694577266000067],[100.33177389100007,13.693684641],[100.33179427200008,13.69353905200012],[100.33179940300005,13.693502414000136],[100.33180513100018,13.693461482000089],[100.33185274300018,13.69325171600019],[100.33188249400007,13.693128235000188],[100.33188411800006,13.693123362000051],[100.33192861200018,13.693007730000033],[100.33198366400012,13.692902105000087],[100.33204763300017,13.692802426000128],[100.33206846100012,13.692763753],[100.33208420000005,13.692707768000105],[100.3320868020001,13.692682540000135],[100.33208988100012,13.692627878000053],[100.33204853000012,13.69199155399997],[100.33204639400014,13.691947239000172],[100.3320305260001,13.691431505000082],[100.33203031600004,13.69140631100015],[100.33203052400006,13.691359166000098],[100.33203052500016,13.691348184000049],[100.33206225700013,13.690991135000104],[100.3320921740002,13.690797717000066],[100.33211416200004,13.690655544000094],[100.3321618830002,13.690365768000106],[100.33220116100006,13.690127222000115],[100.33221645200018,13.690015879000043],[100.33223603300013,13.689896646000022],[100.33233422600017,13.689172508000183],[100.33236494500011,13.688906782],[100.33236499700013,13.688906340000187],[100.33242019300008,13.688428882000096],[100.33242349100016,13.688400384000033],[100.33242907100009,13.688363558],[100.33249322500006,13.688111116000073],[100.33258304000015,13.687757692000162],[100.33260393600011,13.687686063000172],[100.33277450100007,13.687101126000186],[100.33278054200014,13.687080408999975],[100.33278450900019,13.687069749000159],[100.33278452200011,13.687069712000095],[100.33303270900012,13.686404244000073],[100.33323081900016,13.685705673000086],[100.33326813400015,13.685574100000167],[100.33347901500008,13.684847722000086],[100.33372030600009,13.684054131000039],[100.33372225600004,13.684047711000062],[100.33373437300008,13.683994924000046],[100.33373442700008,13.683994688000041],[100.33383708900004,13.68354729500004],[100.3338438830001,13.68351771000016],[100.33384433400005,13.683503327000153],[100.33384433600003,13.68350328400004],[100.33384460900015,13.683494303000089],[100.33384500000011,13.683482003000165],[100.33384276200007,13.683459689000074],[100.33383830500014,13.683432910000079],[100.33381435000007,13.683296177000045],[100.33380739800003,13.683256451000148],[100.33380371400006,13.683235416000059],[100.33369324800015,13.682762327000091],[100.33361494700017,13.682442065000089],[100.33361493200005,13.682442000000151],[100.33361491600004,13.682441934000167],[100.33361484300013,13.682441635000032],[100.3335939390002,13.682356175000052],[100.33358561400013,13.68229982500003],[100.33356281600004,13.68214558600016],[100.33356281300013,13.682145552000122],[100.33356277700011,13.682145314000138],[100.33355601000017,13.682099550000089],[100.33355310600012,13.682056873000022],[100.33354820300013,13.681984623000062],[100.33354912000016,13.681616881000025],[100.33354931900004,13.681538310000178],[100.33355247900016,13.681507905000046],[100.33355489500019,13.681484754],[100.33356047100011,13.681442349000122],[100.33356716400004,13.681404414000099],[100.33357832600007,13.681366480000179],[100.3335961750002,13.681326313000113],[100.33361625900011,13.68128056400019],[100.33365196700004,13.681218079000075],[100.33390301700018,13.680798547000165],[100.3343515590002,13.680061010000145],[100.33442238700019,13.679943964000074],[100.33478226,13.679349143000138],[100.33521518200013,13.678628348000075],[100.33558004700006,13.678032511000083],[100.33584336900014,13.67761632600002],[100.33586233500012,13.677580620000072],[100.33596182200012,13.677301123000177],[100.336028495,13.67709902200005],[100.3360358180002,13.677076815000078],[100.33605704200016,13.677012501999968],[100.33606894100018,13.676991674000021],[100.33608828400008,13.676981258000069],[100.33611506200015,13.676981264000062],[100.33631887400014,13.677030353000134],[100.33680685800005,13.677162261000035],[100.33754623800007,13.677362113000072],[100.33756706800006,13.677357649000044],[100.33758492200008,13.677345749000096],[100.33759980000008,13.67732640600019],[100.33761170399998,13.677293687000088],[100.33762349000011,13.677252748000171],[100.33777237400017,13.676735789000077],[100.33793036800006,13.676152154000022],[100.33817107900018,13.675262954000175],[100.33824628800011,13.674982059000115],[100.33841138000008,13.673411353000176],[100.33844707500009,13.673071850999975],[100.33853856600012,13.67219261100007],[100.33855073000007,13.67205745700005],[100.33855076700019,13.672057049000045],[100.33861890300011,13.671299986],[100.33868696600018,13.670598159000122],[100.33875614300013,13.66998670099997],[100.33876723600002,13.669903144000102],[100.3387728730001,13.669860623000034],[100.33878738800013,13.669757971000081],[100.33880076900004,13.669668708000074],[100.33882195800015,13.669583799000065],[100.33900272300008,13.669123087000116],[100.33907009700016,13.668954883000026],[100.33917344600007,13.668696860000125],[100.33919799500006,13.668622103000075],[100.33921473200013,13.66855961500005],[100.33931738400008,13.667841058000022],[100.33931861000019,13.66783426800015],[100.33933077200015,13.667767411000057],[100.33934527100018,13.667708282000035],[100.3393742830001,13.667646910000087],[100.33970252300008,13.667257264],[100.33970271400017,13.66725703700007],[100.33983988300008,13.66709421600001],[100.33996054500011,13.666950971000176],[100.339960566,13.666950946000043],[100.3400303680001,13.666868086000136],[100.34006049200013,13.666821229999982],[100.34007402700007,13.666796182000041],[100.34008281000018,13.666779944000155],[100.34010735300018,13.666718571000104],[100.34011213300005,13.666698455000073],[100.34012045700018,13.666663404000076],[100.34012855200007,13.666629310000076],[100.34014975200006,13.666280068000162],[100.34013154600012,13.665453224000146],[100.34013079100015,13.665418684000144],[100.34013401600015,13.665315288000102],[100.34013525600011,13.665275864000023],[100.34015087200015,13.66515089600017],[100.34018039000011,13.665003334000062],[100.34018881000009,13.664961213000026],[100.3402758150001,13.664628124000103],[100.3403706860002,13.664264968000055],[100.34043657500007,13.664069192],[100.34043658500008,13.664069162000033],[100.34047028700019,13.663969030999965],[100.34060276600002,13.663575410000021],[100.34067214400011,13.66325580800003],[100.3406721660001,13.663255710000044],[100.34069969200004,13.663128887000084],[100.34073331200017,13.66297400000019],[100.34074558600014,13.662923790000093],[100.34076009400007,13.66286800600011],[100.3407935640002,13.662763123000047],[100.34088714300003,13.66250082700003],[100.34088718000015,13.662500722000118],[100.34088852900015,13.662496927000063],[100.34102006500018,13.662128240000186],[100.34117293200012,13.66163171300002],[100.34125102900015,13.661313715],[100.341301247,13.660874092000142],[100.34130236300012,13.660827235000113],[100.3412978930001,13.660787065000136],[100.34126776600016,13.66066544400013],[100.34124433599999,13.660607428000105],[100.34116958300012,13.660445632000062],[100.34114280100005,13.66039654300016],[100.34111044400015,13.660322897000128],[100.34103122100004,13.660013828000046],[100.34101002300008,13.659917866000058],[100.34093080800017,13.659357750000083],[100.34091428100015,13.659200107000117],[100.34091427500016,13.659200051000084],[100.3409085080001,13.659145050000063],[100.34090179100019,13.659081029000049],[100.34088058800012,13.659012973000074],[100.34085930800012,13.658950434000133],[100.34085929200012,13.658950388000164],[100.34085360800003,13.6589336830001],[100.34080918500018,13.658803204000037],[100.34076883700004,13.658716297000069],[100.3407688170002,13.658716252000147],[100.34075955200007,13.658696298000109],[100.34073665900019,13.658646994000094],[100.34071880200003,13.658621330000074],[100.34069983800009,13.658597896000117],[100.34066301800004,13.65856331200007],[100.34063177500002,13.658536528000184],[100.34029146200004,13.65829552300005],[100.34002366800007,13.658113644000025],[100.33998127500007,13.65808017500018],[100.33994445400009,13.658042237000075],[100.33990651500005,13.65799983700009],[100.33988085200019,13.657961900000089],[100.33986077100019,13.657922855000152],[100.33983287600012,13.657867053000132],[100.33981166900003,13.657815735000156],[100.33978936000005,13.657761059000052],[100.33976704100007,13.657688533000112],[100.33973691200015,13.657579191000139],[100.33961975400007,13.657112787000074],[100.33948251500016,13.656515844000126],[100.33944793300014,13.656311658000106],[100.33943007000016,13.656192266],[100.3393999500002,13.65596129800008],[100.33938879200014,13.655828520000114],[100.33937986000012,13.655656693000026],[100.33937540200009,13.65553060700006],[100.33937428799999,13.655410109000059],[100.33937428799999,13.655325305000133],[100.33938354700012,13.654990333000114],[100.33943292000004,13.654992291000099],[100.33979417700004,13.65495616600009],[100.3401933310002,13.654951981000181],[100.34062697200011,13.654941639000185],[100.34090488200019,13.654952542000103],[100.34115351500003,13.654942529000095],[100.34142618700002,13.654932359000156],[100.34173818800019,13.654918260000102],[100.34177602100004,13.654934131000118],[100.34181128400019,13.65494075600003],[100.3419666710002,13.654941840000106],[100.34236864900004,13.65490863500014],[100.3426932820002,13.654887032000033],[100.34291125099998,13.654831277000142],[100.34325745200016,13.654813257000058],[100.34360370600018,13.654796489000091],[100.343778709,13.654783147000046],[100.34382515400006,13.654781377000063],[100.34422877700013,13.654735747000018],[100.34428151700007,13.654729785000086],[100.3444493450001,13.654723014000126],[100.34478658000018,13.654709410000066],[100.34504517300019,13.654708008000114],[100.34527356900008,13.654732134000028],[100.34530994400012,13.654735979000066],[100.34534663100004,13.654748608000148],[100.34563644700006,13.654848357000105],[100.34571367300003,13.65487493500018],[100.34578248800017,13.654909530000111],[100.34581711700008,13.65492694600016],[100.34614189500013,13.655090217000065],[100.34644264000008,13.655232678],[100.34644553600015,13.655233801],[100.3465751400002,13.655284081000104],[100.34668591200011,13.655318324000177],[100.34669574200007,13.655321361000176],[100.34672510600018,13.6553304360001],[100.34672833100018,13.65533070000015],[100.34676011300013,13.65533327300011],[100.34683683500009,13.655339496000181],[100.34683704300011,13.655339513000058],[100.34684506600013,13.654998482],[100.346858602,13.65484022600009],[100.34686628700001,13.654667294000149],[100.34687250200011,13.65454070900006],[100.34686747000006,13.654468416000043],[100.34686510300014,13.65435994000012],[100.34686148800006,13.65422887000011],[100.34686137900019,13.654107942000053],[100.34685891100014,13.65398143200008],[100.34685247400006,13.653860529000099],[100.34685068200008,13.653753198000175],[100.34684692600013,13.653597286999968],[100.34684950700006,13.653437915000097],[100.34684805100011,13.653181422000102],[100.34684786700012,13.652948625000136],[100.34684765800017,13.65281303400019],[100.34684681100003,13.65266388800012],[100.34684645400006,13.652494380000121],[100.34684623600009,13.65245597900008],[100.34684596000005,13.652407365000101],[100.34684621100013,13.652349741000137],[100.34684598700011,13.652310192000186],[100.34684571700012,13.652262734000146],[100.3468456650001,13.652253481000173],[100.34669530500008,13.65224715800008],[100.3466934720002,13.652210459000173],[100.34662428800016,13.651630013000101],[100.3465751780002,13.65122234000006],[100.34651750600005,13.650726590000033],[100.34646773100008,13.650301962000071],[100.34641360200015,13.649824255999988],[100.3463774400002,13.649563447],[100.3463238110001,13.649173861000122],[100.34582414500017,13.649190131000012],[100.34536551900004,13.649205056000085],[100.34490110600007,13.649220011000182],[100.34467639000013,13.649228008000023],[100.34470039400014,13.649079839000137],[100.34472555000008,13.648929404000057],[100.3450827690001,13.646820012000092],[100.34522270800005,13.64602485200004],[100.34536476500017,13.64519580800004],[100.34544933700005,13.644725233000088],[100.346028827,13.644832841000095],[100.34672523600017,13.644973697000012],[100.34717057500018,13.645060569000123],[100.34721271600017,13.644754109000132],[100.34723877800002,13.644555087000015],[100.34726327800013,13.644394477000048],[100.34735833800016,13.643637996999985],[100.34760746600017,13.643657013000166],[100.347875069,13.643676995000021],[100.34791496800005,13.64368018600004],[100.348026516,13.643689724000126],[100.34808372300006,13.64369509],[100.3481241730002,13.643698269000026],[100.3482478570001,13.643702118000078],[100.34835417300002,13.643709424000122],[100.348508487,13.643719877000024],[100.34860616200018,13.643725023000115],[100.3485963980001,13.643426729000112],[100.34858439599998,13.643046010000148],[100.34857633500013,13.642745447000038],[100.34856496800018,13.642371487],[100.34855223500011,13.641955697000071],[100.34854511900005,13.641722973000185],[100.34853889600015,13.64154109400016],[100.34853769700015,13.641434863000143],[100.3485311300002,13.641292535000105],[100.34852516200004,13.641160340000056],[100.34851968100008,13.641008958000157],[100.34874496000015,13.64100322400003],[100.349058023,13.640993587000025],[100.34942771900006,13.640983695000102],[100.34975237200018,13.640974012000129],[100.35009028300016,13.640965404000099],[100.35021274600007,13.640961322000123],[100.35022566200007,13.640797411000165],[100.35023831900014,13.640584910000086],[100.35024229000004,13.64049734800011],[100.34952102700015,13.640380771000139],[100.34894776300013,13.640267761000018],[100.34797228800016,13.640139179000073],[100.3475640650002,13.640085371000055],[100.34703843000017,13.63999658299997],[100.34516205600016,13.639710049000087],[100.34014380200006,13.639091367000049],[100.33959898100005,13.639079669000125],[100.33780799400006,13.638966450000112],[100.33704008000012,13.638908029000163],[100.33611114000018,13.638837352000053],[100.33505523100013,13.638182583000173],[100.33355815000016,13.637269075000063],[100.33224952800009,13.63635454700011],[100.33168072500018,13.635743224000066],[100.33071588799999,13.634519658000045],[100.33059537000014,13.634354879],[100.32960810100008,13.63300503400012],[100.32929204100009,13.632653463999986],[100.32900842600014,13.632486027000084],[100.3284895050001,13.632365930000049],[100.32793917400011,13.632246],[100.3265862780001,13.631019040000126],[100.32566624300011,13.630184641000085],[100.32361783300007,13.630579913000133],[100.3237352770002,13.629848380000112],[100.32386120600006,13.628457183000023],[100.32400281400004,13.627701739000031],[100.32389261300006,13.627536947000067],[100.32363921200016,13.62715431200013],[100.32326912300016,13.626665538000168],[100.32222704700013,13.62593894700018],[100.32196156200007,13.625726434000114],[100.32177865200003,13.62561152600017],[100.32160970600012,13.625550035000174],[100.32132235600011,13.625502530000063],[100.32098528900019,13.625526612999977],[100.32067975600006,13.625488120000114],[100.32050190000007,13.625462324000068],[100.32032406000013,13.625440987],[100.32007789900007,13.625424469000052],[100.31991826700005,13.625398576000123],[100.31976769300019,13.625363717000027],[100.31955328200013,13.625320282000075],[100.319147429,13.625268954000092],[100.31805339800019,13.62519899200015],[100.31769339200008,13.625196442000117],[100.31767942700009,13.625191219000158],[100.31761119800018,13.625165679000133],[100.31758343800004,13.625090061000094],[100.31754197900005,13.62501005900009],[100.31747048200009,13.624968009000156],[100.31743683100007,13.624948227000118],[100.31728172400011,13.624917849999974],[100.31721300700019,13.624851357000068],[100.31717628000007,13.624802529000135],[100.31718034400006,13.62471336800013],[100.31717970200003,13.624597492000134],[100.31725408000011,13.62404],[100.3172667660001,13.623861664000174],[100.31726188800008,13.623803749000103],[100.31722969400005,13.623750438],[100.31685575200004,13.623698937000142],[100.31549317100018,13.623683867000125],[100.31398483300006,13.623677073000067],[100.3136724900001,13.623720648000074],[100.31334492000013,13.62250078400018],[100.31310240900007,13.621494830000074],[100.31290697100007,13.620760475000168],[100.31274865400019,13.620146272000056],[100.31250855800005,13.619587187000093],[100.31239418799998,13.619613305000087],[100.31194540700011,13.619712987000185],[100.31155819200012,13.619774355000118],[100.31123143200006,13.619797502000154],[100.311202788,13.619797653000091],[100.31115715400017,13.619773172000123],[100.31108258400019,13.619694460000176],[100.31100152400006,13.619661927000038],[100.31093747000011,13.619657320000101],[100.3108044380001,13.619672855999966],[100.31056529400001,13.619695536000052],[100.31033622299998,13.619711579000068],[100.31030583000006,13.619700204000083],[100.31029731400008,13.619683768000186],[100.31029146000009,13.619538768000098],[100.31026950100016,13.619528999000067],[100.31023408700008,13.619524239000043],[100.30996316700003,13.619589938000047],[100.30994794500003,13.619580133000056],[100.30993774800015,13.619563706000179],[100.30992882400011,13.619473111000048],[100.30991525400009,13.619456697000146],[100.30988491400007,13.61945521299998],[100.30983775400006,13.619458757000132],[100.30972669100004,13.619485711000038],[100.30951477900004,13.619557693000104],[100.30911597600004,13.619657023000173],[100.30901170200008,13.61969218300004],[100.30898496000003,13.619731879000142],[100.30898045700008,13.619832433000113],[100.30899675000012,13.620036705000132],[100.30899561600017,13.620137242000055],[100.30899613300016,13.620231175000072],[100.30901509300008,13.620308537000085],[100.3090440810002,13.620371009999985],[100.30904439600016,13.620428170000139],[100.30903436300008,13.620484240000167],[100.30901919000019,13.620569047000117],[100.308992611,13.620627063000143],[100.30896045200012,13.620648278000033],[100.30889597400011,13.620661771000186],[100.30873197500011,13.620675787000096],[100.30828824600007,13.620688643999983],[100.30826777900012,13.620689077000122],[100.30779070500006,13.620699152000157],[100.30771835100012,13.620709862000183],[100.30766170600015,13.62071824700007],[100.30758116300012,13.620744977000129],[100.30740153200009,13.6208511480001],[100.30724590900007,13.620920365000075],[100.30717088900013,13.620973372000094],[100.30707714300019,13.621044897000104],[100.30701817300007,13.621082039000157],[100.30697999900013,13.621098512000174],[100.306922795,13.62110884600014],[100.30688114700013,13.621109065000041],[100.30680580500012,13.621104199],[100.30657952900003,13.621042252000109],[100.30654184600019,13.621037189000162],[100.30648557900008,13.621076943000048],[100.30644838800009,13.621161322000034],[100.30640324100017,13.621266787000138],[100.30634460600004,13.621364430000142],[100.30629630800013,13.6213857300001],[100.30626672199998,13.621385885000052],[100.30556982900015,13.621339561000127],[100.30520646600019,13.621294115000069],[100.30498864800012,13.621303150000017],[100.30488916200005,13.62130893300008],[100.30478703800014,13.621325254000112],[100.30461782200018,13.621368233],[100.30447515700018,13.621347936],[100.30430806700019,13.621288305000121],[100.30419467200016,13.621209980000174],[100.30409655,13.621122488000026],[100.30384950000018,13.621048687000041],[100.30365824900008,13.6209970700001],[100.30330576000011,13.620972611000127],[100.30319631700007,13.620985996000115],[100.30317361000004,13.620990830000153],[100.30283287300017,13.621063390000074],[100.30222885200004,13.62120457300017],[100.30171869100019,13.621305833000179],[100.30131554000013,13.621314514000119],[100.29870047000014,13.621131005999985],[100.2985478130002,13.621104681000077],[100.29825653800015,13.621054455000149],[100.29819735200005,13.621042460000126],[100.29794035000009,13.620990382000116],[100.29751696700015,13.620986018999986],[100.296334323,13.620998758000098],[100.29541410900009,13.621075847000157],[100.29431246000013,13.621153881000055],[100.29296993000008,13.621423768000056],[100.29180869400011,13.621666412000081],[100.29171571600006,13.621650379000073],[100.29169276800013,13.62158966100003],[100.29152360700004,13.621142090000035],[100.29104630700016,13.621358962000045],[100.29039931500012,13.621652941000093],[100.2900686910001,13.621754315000146],[100.28976644300013,13.621782172000053],[100.28958653400008,13.621785229000068],[100.28894473600013,13.621694189000152],[100.28845209100012,13.621651414999974],[100.28725243000008,13.621561308000082],[100.28720057200002,13.621612568000046],[100.28718890600015,13.62179346900001],[100.28715781100016,13.622275714000068],[100.28707710900005,13.622349788000122],[100.28697292800001,13.622367327000063],[100.2859536420001,13.622423592000189],[100.28586083300013,13.62240140700004],[100.28583110200003,13.62225991300005],[100.28567665000008,13.621513658000026],[100.28537307400018,13.62004687000018],[100.28530901700009,13.619984879000128],[100.28519895100004,13.61998544800008],[100.28441157400005,13.620074501999966],[100.28408882800016,13.620108990000176],[100.28396673000015,13.62011359600001],[100.28342565200018,13.620172133000153],[100.28242637300019,13.620371872000078],[100.2820273320001,13.62037677800015],[100.282008141,13.620377017000067],[100.28186759500011,13.620356836000099],[100.28179411800016,13.620318400000087],[100.28172917700005,13.620070494],[100.28159134499998,13.619521268000028],[100.28151500800016,13.619195902000115],[100.28149159800017,13.61909611700014],[100.28136016900004,13.61853593700016],[100.28132024900015,13.618314670000018],[100.28108595100008,13.617389219000131],[100.2805640470001,13.615435377000097],[100.2804707210002,13.615146474000085],[100.28035058500018,13.614609911],[100.28033933100016,13.614594185000158],[100.28002957700011,13.61323983200009],[100.27988174600006,13.612593460000085],[100.27972864400016,13.612548745000026],[100.27922151400014,13.612571499000126],[100.27800970100014,13.61262586700019],[100.27711072100016,13.612666200000035],[100.27695730599999,13.61256298100011],[100.27696339500005,13.612458942000103],[100.27688688800004,13.61180767400009],[100.27685197000017,13.611510438000153],[100.27674528700015,13.611445980000155],[100.27645701199998,13.611447459000033],[100.27641963900004,13.611447650000116],[100.27531555200005,13.611290794000126],[100.27487031400017,13.61129958000015],[100.27464449600012,13.61132673600008],[100.27390687200005,13.611343513000122],[100.27362767600005,13.611331942000163],[100.27355412200018,13.61124781400008],[100.2735470940001,13.611176342000078],[100.27397179200005,13.609256739000102],[100.27402080000002,13.609035249000101],[100.27401349000013,13.608911772999988],[100.27376724900012,13.60884803000016],[100.27336112799998,13.608795730000054],[100.27279626800015,13.608722983000177],[100.27215892800018,13.608849754000119],[100.27182075700017,13.608994494000171],[100.27115717900017,13.609186398000077],[100.27101104300016,13.609200145000045],[100.27095787700017,13.609200415999965],[100.2708482000001,13.607328825000138],[100.27082214300015,13.607035877000044],[100.27065715800006,13.605180971000038],[100.2706413730001,13.604954074000034],[100.2706249040001,13.604939452000053],[100.26937674700008,13.604823792000047],[100.26894547000006,13.60476683000013],[100.26797249900011,13.604609841000013],[100.26753385600011,13.60454445500011],[100.26682038300015,13.604433928000162],[100.26637517000017,13.604349802000115],[100.2660562260001,13.604283546000147],[100.265882563,13.604250490000084],[100.26578160800011,13.604247921000137],[100.26572174000012,13.604260563000082],[100.26569041,13.60430083500006],[100.26567181300015,13.604362633],[100.2656346940002,13.605094062000035],[100.26560598700001,13.60591334500009],[100.26560182500003,13.606032181000103],[100.26556279400012,13.60699811],[100.26552403099998,13.608013399000072],[100.26548310900017,13.608624511000016],[100.26547076000014,13.608673941000063],[100.26544563900012,13.608695665000084],[100.26541102600015,13.608711270000185],[100.26506380400019,13.608666758000084],[100.2648017250001,13.608618719000106],[100.26470067500009,13.608597633000102],[100.26450804300015,13.608558509999966],[100.26440377500006,13.608525095000175],[100.26432152900014,13.608482316000106],[100.26425811500008,13.60842092900009],[100.26417283300015,13.608399767000094],[100.26407504900004,13.608400263000135],[100.2640245930001,13.60840360700007],[100.26398996199998,13.608416124000087],[100.2639492030001,13.608462611000164],[100.2639020370001,13.608490617000143],[100.26386429899998,13.60851240500017],[100.2638012110001,13.608512726000129],[100.26366866100017,13.60850106100014],[100.26351713600013,13.608480229000179],[100.26336873800011,13.608453217999966],[100.26311925200008,13.6083989440001],[100.26286976700015,13.608344678000037],[100.26248769500012,13.608272564000117],[100.26248424500005,13.608272052000075],[100.26216486800018,13.608224620000101],[100.26122026700006,13.608095497000136],[100.26062189400005,13.608035098000016],[100.26028293200005,13.607976908000182],[100.25975298600008,13.607912637000084],[100.25951324600015,13.607897582000021],[100.25917604500006,13.607922858000165],[100.25858377400016,13.608010698000157],[100.25841987700016,13.608002097000053],[100.25836664100007,13.60795994600005],[100.25831802900012,13.607880062000163],[100.25831229500017,13.607705685000042],[100.25827571200006,13.607322804999967],[100.25825833600004,13.607218654000178],[100.25824697800016,13.607179750000114],[100.25823404400018,13.607143976000032],[100.2582116010002,13.60711760200013],[100.258186029,13.607102149000184],[100.25814134400014,13.607086790999972],[100.2580777230001,13.607089393000024],[100.25762487300011,13.607115251000039],[100.25743213800007,13.607120940000073],[100.25727795900019,13.607126431999973],[100.25709948800011,13.607094335000056],[100.25685327900004,13.607010736000177],[100.25636023300012,13.606918696000037],[100.25624634600018,13.60691131600015],[100.25607742800008,13.60687836500017],[100.25568859700013,13.606778905000112],[100.25551356800014,13.606742011000051],[100.25544643300003,13.60673439500016],[100.25537938200006,13.606740695000155],[100.25528808400014,13.606776954],[100.25521112800016,13.606833014000017],[100.25513220500011,13.606903015000057],[100.25504123400015,13.607000912000103],[100.2549324310001,13.607108252000103],[100.25469747700004,13.607293111],[100.25452025200019,13.607468253000093],[100.25441470000015,13.607539428000052],[100.25422233900014,13.607582782000065],[100.25390474400007,13.60761734700003],[100.25340438800009,13.607690506000097],[100.2526297890002,13.607802721999974],[100.252605222,13.607708660000185],[100.25248237900007,13.607238328],[100.25229007500013,13.606377466000026],[100.25220125700008,13.605968192999967],[100.25217202200008,13.60590240700003],[100.25210442000014,13.605865069000174],[100.2520319730001,13.605823048000161],[100.25198840000013,13.605776175000074],[100.25194345900007,13.605470285000024],[100.25183178800017,13.60437825300005],[100.25178206200013,13.604077098000118],[100.25174322600009,13.604016067000089],[100.25168053300018,13.603997548999985],[100.2505636410001,13.604021994000163],[100.24949484200005,13.604036781000048],[100.24945131300012,13.603999325000132],[100.24943176300008,13.603942912000036],[100.24939722500005,13.603290944000094],[100.248551792,13.603409331000023],[100.24811185000004,13.603470940000022],[100.24756485600005,13.603384583000093],[100.2468962600002,13.603269130000058],[100.24630364600017,13.603168151000148],[100.24569585100005,13.603067243000112],[100.245416363,13.60298902000011],[100.24496606500009,13.602862993000087],[100.2444423300002,13.60279692500012],[100.24400162800015,13.602854058000162],[100.24385172600017,13.602874590000056],[100.24375009700003,13.602887192000082],[100.2437074120001,13.602890151000054],[100.24366415900016,13.602891469000156],[100.24363044100005,13.602889988000129],[100.24360344500013,13.602885178000065],[100.24353711100014,13.602877813000077],[100.24348653200013,13.602874764000092],[100.2434303350002,13.60287285100003],[100.24335449700015,13.602874875],[100.24330675900012,13.602878414000031],[100.24324723900014,13.602884751000147],[100.24314784199998,13.602894595000066],[100.24308101500009,13.602900969000018],[100.243008588,13.60290957500007],[100.2429075450001,13.602927117999968],[100.24282613700012,13.60293796200017],[100.24276102300007,13.602949832000093],[100.24271612800015,13.602958845000046],[100.2426673110001,13.60297173000015],[100.24257753100017,13.602993611000045],[100.242491116,13.603014377000022],[100.24238898300018,13.603037416000063],[100.24234126400006,13.603045899000108],[100.24231599500018,13.603048223000144],[100.24225250000018,13.603046896000137],[100.24221374000018,13.603048185000148],[100.24216429700004,13.603047877000108],[100.2421379070002,13.60305076300017],[100.24210703700015,13.603056962999972],[100.2420424930001,13.603069373000096],[100.2419717800002,13.603085112000088],[100.24185954800015,13.603110952000122],[100.24169343099999,13.603147505000038],[100.2416041890001,13.603164434000064],[100.24148855600004,13.603184795000061],[100.24139874200006,13.60320007700011],[100.24127245100016,13.603224339000178],[100.24114334800004,13.603247513000099],[100.24101256700015,13.603271249000102],[100.24086042800008,13.603295092000053],[100.24080598300014,13.60330525400019],[100.24076784400006,13.603316983000184],[100.2407403520001,13.60332536500016],[100.24069773500003,13.603341513000089],[100.24064895700008,13.603360438000152],[100.24059513800017,13.603383244000042],[100.24053793800005,13.603403312000125],[100.24047847800011,13.603422840000121],[100.24043808400017,13.60343293000011],[100.24038308600007,13.603445848000092],[100.24030955100011,13.603458304000071],[100.24018661100001,13.603477601000122],[100.24002551500001,13.603507529000126],[100.23984758200015,13.603540840000164],[100.23972635700017,13.603566174000093],[100.23962701800019,13.603586453000105],[100.23957484700003,13.60360209900017],[100.23950419800013,13.603629378],[100.23945316600003,13.60364776700004],[100.23943520800015,13.60365225400011],[100.2394189220002,13.603653436000059],[100.23938633500006,13.603653045000101],[100.2393413750001,13.603650528000173],[100.23928066900004,13.603645878000123],[100.23925651400009,13.603647095000156],[100.23923350100006,13.603651065000122],[100.23921330700017,13.603657205000104],[100.23917799000014,13.603671668000118],[100.23913873500004,13.603686704000154],[100.239046267,13.603731129000153],[100.23902326900009,13.603739482000037],[100.23900811000016,13.603741761000151],[100.23898956500011,13.603740753000068],[100.23895471100008,13.60373652900006],[100.23888330800014,13.603727542000115],[100.238859697,13.603724366000051],[100.23883666200015,13.60372448000004],[100.23881589400003,13.603727877999972],[100.23879400300012,13.603732384000182],[100.23875586200006,13.603744667000058],[100.238709315,13.603760830000056],[100.23865942400005,13.603783613000076],[100.2386274770002,13.603798612000162],[100.23857365900017,13.603820864000056],[100.23850693700012,13.603847566000127],[100.23844805500005,13.603869295000038],[100.23839083500013,13.60388661800016],[100.23833642500006,13.603903373000037],[100.23827247600019,13.603922928000145],[100.23824162600016,13.603932971000177],[100.23820744600016,13.603950725000061],[100.23818785100002,13.603963466000096],[100.23816485999998,13.603971818000105],[100.23813904500008,13.603977994000047],[100.23808625400005,13.603982106000046],[100.23796716400017,13.603986545000168],[100.23787392600008,13.603991406000091],[100.23780260300015,13.60399725300016],[100.23771949299999,13.604005910000069],[100.23766727700013,13.604012765],[100.23763752900015,13.604018412000016],[100.23761790600003,13.604026748000024],[100.23760222400017,13.60403562100015],[100.23758430600009,13.604047795999975],[100.23756863400007,13.604059417000144],[100.23752504800018,13.604104698000071],[100.23749539800019,13.604129575000115],[100.2374791680001,13.604141198999969],[100.23745729900014,13.604150097],[100.23742868,13.60415683400015],[100.23739721200008,13.60415644200009],[100.23737246400015,13.604149970000094],[100.237326843,13.60412931500008],[100.23728855900004,13.604113569],[100.23727223800006,13.604108706000034],[100.23725538000008,13.604107690000149],[100.2372357210001,13.60410943100004],[100.23721439400003,13.604113384000073],[100.23718522600012,13.604122876000133],[100.23714373200005,13.60413956900004],[100.23706635700017,13.604169632000094],[100.23701815500004,13.604191848000028],[100.23698173300005,13.604210717000058],[100.23688200300018,13.604265067000085],[100.23684557500019,13.604281738000168],[100.23682425499999,13.604287886000122],[100.23680291300019,13.604289092000045],[100.23677874900017,13.604288666],[100.23674895099998,13.604284963000168],[100.2367118250001,13.60427690400013],[100.23668820900014,13.604272623000043],[100.23666798200014,13.604272724000111],[100.23664047300008,13.604276709000032],[100.23659670500018,13.604286818000048],[100.2365293790001,13.604305837000084],[100.236461523,13.604330358000084],[100.23642114400013,13.60434429500009],[100.23636164800018,13.604356679000034],[100.23628138700002,13.60437191799997],[100.2362392870001,13.604380370000172],[100.23621068200015,13.604388757000038],[100.23616021300012,13.60440714200007],[100.23612487800017,13.60441940700008],[100.2361029830002,13.604422814000088],[100.2360372770001,13.604428634000044],[100.2360170660001,13.604432029000066],[100.23599855900011,13.604438168000115],[100.23597726600019,13.604448717000025],[100.23595318700006,13.604464223999969],[100.23590838600018,13.604493023000146],[100.23588150000006,13.604509095000026],[100.23586243000011,13.604514688000052],[100.23584558800013,13.60451806400016],[100.23582649900004,13.604519808000134],[100.23579952500012,13.604519390000121],[100.23577142700015,13.604517883000085],[100.23574220000012,13.604515829999968],[100.23571243000015,13.60451817600017],[100.23567762800008,13.60452274700009],[100.23565516700012,13.604526700000179],[100.23563552700006,13.604530646000171],[100.23561926300016,13.604537321000066],[100.23558619500005,13.604552327000079],[100.23555198600019,13.60456403700016],[100.235525601,13.604568560000075],[100.2354430540002,13.604576670000029],[100.23536724100006,13.60458418800016],[100.23522912600009,13.60460300699998],[100.2351847810001,13.604610371999968],[100.23514551300019,13.604623207000088],[100.23505579500005,13.604656627000168],[100.23492959700008,13.604698466000173],[100.23470190000018,13.604778732000057],[100.23464077900019,13.604801567000095],[100.2345852580001,13.604821628000082],[100.23454824500016,13.604834452000034],[100.23450449199999,13.604847859000188],[100.23446744800015,13.604856287000189],[100.23440402300014,13.604868140000178],[100.23433836200013,13.604882753000084],[100.2342856030001,13.604892907000021],[100.23423845800005,13.604903033000141],[100.23413402900019,13.604916741000011],[100.2340823620001,13.604921391000062],[100.23403741600009,13.604922164000016],[100.23399526400016,13.604919077000034],[100.23396098800015,13.604918146000045],[100.23393683400013,13.60491936600016],[100.23391437900011,13.604923320000125],[100.23387565500013,13.604931208000096],[100.2338302230001,13.604946274000099],[100.23379881500017,13.604956868000045],[100.23377638900007,13.604966326000124],[100.23375511000017,13.604979621999973],[100.23374225200018,13.604992874],[100.23372662000014,13.605011634000164],[100.23370654600006,13.60504141400014],[100.23369036400015,13.605062374000113],[100.23367582500009,13.605075636000095],[100.23365845200016,13.605084516000147],[100.23363937700009,13.605090100999973],[100.23361524000018,13.605095173000052],[100.23358267500004,13.605098630000043],[100.23353494100019,13.605103262000114],[100.23349395100013,13.605107860000146],[100.23345971000009,13.6051140780001],[100.23341426500014,13.605126389000134],[100.23336826300005,13.605139261000147],[100.23330097000007,13.605165424000063],[100.23321854900013,13.605198253000026],[100.23320171400002,13.60520163100017],[100.23318934300016,13.605200048000086],[100.23318032500015,13.605194594000181],[100.23317072700007,13.60518530000013],[100.23314804000006,13.605144198000119],[100.23313218400017,13.605120096000064],[100.23312146100005,13.605110255000056],[100.23310851200017,13.605105375],[100.23308658900004,13.605103832000168],[100.23306130500004,13.605103409000037],[100.23300962300004,13.605105315000174],[100.23295963200007,13.605107756000109],[100.23294333600018,13.6051067410001],[100.23292251300012,13.605100248000042],[100.23289321800007,13.605085005000092],[100.23287294700009,13.605076315000076],[100.23285944100007,13.605072538000059],[100.23284540100013,13.605073152999978],[100.23282855800005,13.605075983000063],[100.2328106080002,13.605082122000113],[100.23276186800007,13.605108735000101],[100.2326873790002,13.60515417300013],[100.23262965400016,13.605183034000106],[100.23260104400009,13.605190869000126],[100.23257071800003,13.605193770000142],[100.23254486100012,13.605191146999971],[100.23251841600018,13.605184132000034],[100.23249645400011,13.605174901000055],[100.23246657900006,13.60515581200002],[100.23241867400009,13.605127472000163],[100.23239673200004,13.605120985000042],[100.23237536900012,13.605118893000054],[100.23235402400007,13.605119553000122],[100.23233044000006,13.605122417000189],[100.23229677100005,13.605130827000153],[100.2322748900001,13.605137529],[100.23221939400014,13.605161432000102],[100.23203725800016,13.605251367],[100.23191060700009,13.605313540000111],[100.23187360100019,13.605329113000039],[100.23185508199998,13.605333051],[100.2318230640002,13.605334307000135],[100.23178261200002,13.605334507000123],[100.23171743600017,13.605334278000043],[100.23161521000003,13.60534028300009],[100.23154331700005,13.605345036000017],[100.23152083500014,13.605343499000185],[100.23150282600017,13.60533754100004],[100.231453822,13.605314701999987],[100.23142795000018,13.605308785000148],[100.23140715300013,13.60530723800008],[100.23138469000014,13.605308999000158],[100.23136392400005,13.6053134980001],[100.23134766200013,13.60531907100011],[100.2313229930001,13.605329088000133],[100.23126192000012,13.60536181599997],[100.23114094400006,13.605436601000065],[100.23110676200008,13.60545380900004],[100.23108937800004,13.605459388999975],[100.2310747780001,13.605461659000184],[100.23105791600011,13.605461192000064],[100.23103879400014,13.605456892000063],[100.23101797000004,13.605449850000184],[100.23094703800018,13.605422721000139],[100.23089356700012,13.605404851000117],[100.23087613600018,13.605401088000065],[100.2308609750001,13.605403367000122],[100.23084694700015,13.605407828000068],[100.23082408100004,13.605418031000113],[100.23076912000005,13.60544524900007],[100.23073932400007,13.60545550300003],[100.230681947,13.605459152000037],[100.23060963100005,13.605459509000184],[100.23049025300014,13.605461229000127],[100.2304202590002,13.605467188000034],[100.23037207900012,13.605474162000064],[100.23028381,13.605497051999976],[100.23022989999998,13.60550518100007],[100.23018471500006,13.605503137000028],[100.23012668400014,13.605493502000058],[100.23005706200007,13.605483922000133],[100.22998311700007,13.605480032000173],[100.2298932650001,13.605483310000125],[100.22977302700014,13.605495249000114],[100.2296513500001,13.60551144800013],[100.22957163700016,13.605513262999978],[100.22949480200009,13.605510800000047],[100.22939764100016,13.60550135799997],[100.2292961230001,13.6054919340001],[100.22916375000005,13.605485550000083],[100.22796511500013,13.6055162830001],[100.22793525700013,13.60482987000006],[100.22792726000006,13.604645990999984],[100.2279041320001,13.604494406000185],[100.22735071900007,13.605451625000057],[100.22792723200007,13.607803842000067],[100.22810429200018,13.61178302999997],[100.22804705000004,13.615915944000164],[100.22744175800005,13.61997468800007],[100.22690003600019,13.621125504000076],[100.22526300200008,13.622281717000078],[100.22314996800003,13.62221528100008],[100.22064020800002,13.621156305000056],[100.21844723100003,13.620708249000131],[100.21656878600015,13.620640613000035],[100.21469268100009,13.62103284900013],[100.21383854300012,13.622337737000123],[100.21314407000011,13.624254306000125],[100.21319242000004,13.625346863000061],[100.21323221000011,13.626243934000115],[100.21371245400007,13.628308454000035],[100.21504799600007,13.629296403000183],[100.21677034300006,13.629440540000076],[100.21856834400006,13.629126614000029],[100.2203620140001,13.627969670000084],[100.22262514100004,13.626656732000129],[100.22489200600012,13.626186774000189],[100.22700464700006,13.62617635600003],[100.22864999900008,13.626627031000112],[100.22967011000003,13.627157626000042],[100.23147876200011,13.628909324],[100.23290445000015,13.632117239000138],[100.2331592450002,13.636019192000163],[100.23317513200016,13.639080424000099],[100.23272331900017,13.642525942000077],[100.23256100100008,13.642752776],[100.23245345000015,13.642903614999966],[100.23179122600004,13.643832379000116],[100.23083478400014,13.644305638000105],[100.23038625100008,13.64452757500004],[100.22958246700017,13.644278380000117],[100.22795636900008,13.643774531000133],[100.22614819000012,13.642252255000074],[100.2234782330001,13.640429079000057],[100.22112343400005,13.63898628100003],[100.21877237600006,13.638385320000168],[100.21642838100018,13.63916298600003],[100.21455782600003,13.64054969199998],[100.21323624300004,13.642315656000108],[100.21316767400009,13.642575905000058],[100.21307550700004,13.64273795400004],[100.21195511100007,13.644073500000047],[100.20936427999999,13.643366264000178],[100.20714739200008,13.642533204000188],[100.20688417900004,13.64284677400019],[100.20593006000007,13.643418511000164],[100.20622616200006,13.644924280000112],[100.20637341500009,13.645940536000182],[100.20641406100009,13.646221017000016],[100.20658581100008,13.647582316000126],[100.20666055800012,13.64769479500012],[100.20681849600004,13.647960001],[100.20688545400009,13.648161175000155],[100.20701625100014,13.651269269000124],[100.20685822500008,13.65129636100005],[100.20661493100016,13.651358427],[100.2063417720002,13.651402111000095],[100.20593875600008,13.65145965400012],[100.20573308500002,13.651468595999972],[100.20547058900019,13.651480456000058],[100.20492922500011,13.65147779300014],[100.20418189300011,13.651425833000076],[100.20369721900016,13.651393772000176],[100.20228936100006,13.651326040000072],[100.20145385000006,13.651267253000128],[100.20143994900008,13.651266275000012],[100.20125681300004,13.651253391000012],[100.2009246510001,13.651226763000125],[100.20003260200008,13.651087737000182],[100.20035791800018,13.654076401],[100.19972588600012,13.65429086800009],[100.19946577200011,13.6543757930001],[100.1989464080001,13.654545347000067],[100.19892131100005,13.65456150099999],[100.19758729100016,13.655013445000122],[100.19596605000004,13.655594381000014],[100.19569567400009,13.655706796000175],[100.19496338800008,13.656077843000048],[100.19453625700015,13.656302119000145],[100.1942222740002,13.656431834000102],[100.193594431,13.656716904000064],[100.19306250600016,13.656958779000092],[100.19280943600018,13.657036917000028],[100.19210271500009,13.657279628000083],[100.19156166400018,13.65744461700018],[100.1911688890001,13.657549068000037],[100.19095081900014,13.657635583000172],[100.19081998000007,13.657687495],[100.19050633400008,13.657885581000073],[100.19007075500014,13.6581697150001],[100.18966131200011,13.658436639000172],[100.18923477100009,13.658780560000139],[100.18889524300005,13.659047142000134],[100.18884331800012,13.659149955000032],[100.1888526580002,13.659269567000024],[100.18885808400012,13.659307447000117],[100.18904172100008,13.660371217000034],[100.18897223200014,13.660457025000028],[100.18873133099999,13.66056608200006],[100.18737053100006,13.661098237000147],[100.18712838300007,13.661176317000013],[100.18651295400002,13.661326698000096],[100.18558969100013,13.661529828000027],[100.18499395500004,13.661686522000025],[100.1847991790001,13.66174467900015],[100.1847975940002,13.66174515400013],[100.18478329600009,13.661750287000075],[100.18439807300012,13.66188630300013],[100.18367670000003,13.662117667000132],[100.18350235600019,13.662209668000173],[100.18258906900019,13.662880329000131],[100.18179875500016,13.663454607000062],[100.18121742800014,13.663874040000053],[100.18095652300013,13.664069411000128],[100.18084853200014,13.664140012000189],[100.18067211800013,13.664256236000028],[100.1803586010002,13.664483692000033],[100.18016767800015,13.664648058000125],[100.18003624100015,13.664779274000125],[100.17976778700017,13.665002732000175],[100.17928462300017,13.665389645000118],[100.17902356100007,13.665621655000109],[100.17852039400009,13.666099633000044],[100.17850892600018,13.66611093500012],[100.17844344700018,13.666170383000065],[100.17830453200014,13.666281506000075],[100.17820240700013,13.66637449000018],[100.17792141100017,13.666631559],[100.1777039500002,13.666840664000176],[100.1774859840001,13.667054215000178],[100.1772790330001,13.667253014000039],[100.17723193000006,13.667299520000142],[100.17718485300014,13.667366512000171],[100.17715350100002,13.667405248000023],[100.17710371800007,13.667446550000022],[100.17705908700003,13.667472533000137],[100.17700935900018,13.667524056000047],[100.17696476500004,13.667557707000071],[100.17689926700012,13.667614490000062],[100.17687045100007,13.667645509000067],[100.17681204900003,13.667719660999978],[100.17676232100018,13.667771370000082],[100.17671255100015,13.667822930000114],[100.17663136900018,13.667892673000097],[100.17653707900018,13.667985582000028],[100.17647162500009,13.668050141000151],[100.17641918200013,13.668096676000175],[100.17636158500005,13.66815090300014],[100.17632754300007,13.66818961500013],[100.17627710400006,13.668265725000026],[100.1762483390001,13.668306894000182],[100.17620904700004,13.66834822200002],[100.17616192600013,13.668392180000126],[100.17611477000014,13.668428358000085],[100.17607541500018,13.668456761000073],[100.17601771000011,13.668495655000072],[100.17594167000004,13.668549970000015],[100.17586567600017,13.668611950000184],[100.17579232800011,13.66868169200012],[100.17574258400009,13.668738401000098],[100.17570340900016,13.668802869999979],[100.17563859400019,13.668935743000077],[100.1755496180001,13.669098875999964],[100.17545302100001,13.669291451],[100.17539122000017,13.669421606000014],[100.1752818010001,13.66967030100011],[100.1752529260001,13.669735385000138],[100.17516020100015,13.669945345000087],[100.17507159200017,13.670151725000153],[100.17499645800018,13.6703426790001],[100.17492388600004,13.670507065000038],[100.17479924400004,13.670748725000124],[100.17466394000019,13.670963140000026],[100.1746047490002,13.671069807000094],[100.17453148300018,13.671171282000046],[100.17442295300009,13.671278707000113],[100.17430357900014,13.671359996000035],[100.17414378000012,13.671477290000098],[100.1738618350002,13.671691001000113],[100.17373772900004,13.671781333000126],[100.17358746700006,13.671884609000188],[100.17335236400004,13.672065208999982],[100.17294576000012,13.672370118000117],[100.17268191500006,13.672572599999967],[100.17235966600015,13.672819907000076],[100.17226334100008,13.672905505000074],[100.17215737200013,13.673006758000042],[100.17200686299998,13.673164280000094],[100.17183128200014,13.673348044000022],[100.17155041500007,13.673554498000044],[100.17132167800008,13.673696608000057],[100.1711450640002,13.673774362000131],[100.17081966100017,13.673929237000038],[100.17080497500001,13.673936226000023],[100.17017081200004,13.674285376000114],[100.16966076200015,13.674544193000145],[100.16971352100012,13.67460804500007],[100.17004334600017,13.675023153000154],[100.17035996800007,13.675419095000052],[100.17043068500016,13.675517778000142],[100.17064381500018,13.67581519100014],[100.17072948200007,13.675904526000124],[100.17090645700006,13.676043751],[100.17093491300011,13.676069589000065],[100.17220783400018,13.67711097200015],[100.17288211300013,13.677723447000119],[100.17300406599998,13.677864399000043],[100.17324610600014,13.678249071999971],[100.17340939800016,13.678556932000049],[100.17341571600014,13.678588794],[100.17340819300011,13.678652709000062],[100.17337117700009,13.678704954000068],[100.17319952800017,13.678871622000145],[100.1731554160001,13.678914456000143],[100.1727666760001,13.679228543000136],[100.1724170120001,13.679594708000138],[100.17177326500001,13.680256473999975],[100.17145260200004,13.680567818000156],[100.17137833000015,13.680625451000026],[100.17135058100007,13.68063030500008],[100.17145609600016,13.68066806000013],[100.17182511200014,13.680788379000035],[100.17215665400005,13.680997912000066],[100.17244578900005,13.681254570000135],[100.17269231800014,13.681519234],[100.172807885,13.681711548000123],[100.1729828080002,13.682049538],[100.1731062240001,13.682213148000073],[100.17321430400017,13.68250714200002],[100.17324974600007,13.682665951000104],[100.17326517800012,13.682712149000054],[100.17326593400014,13.682713602999968],[100.17327188300004,13.682724292000046],[100.1732811940002,13.68273002300009],[100.1733014780001,13.682738172000143],[100.17332088500018,13.682742468000129],[100.17337633900013,13.682747626000037],[100.17347627800018,13.682766682000022],[100.17356310200006,13.682783229000052],[100.17369380700012,13.68280346500012],[100.17381114800014,13.68281593900008],[100.17394439200018,13.682812703000025],[100.17404340799999,13.682795273000181],[100.17407232200009,13.682786662000069],[100.17408328300019,13.682782936000137],[100.17413131900008,13.68276656900008],[100.1741477450002,13.682758211000134],[100.17418739900012,13.682735871000034],[100.17419916400013,13.682728710999982],[100.17422129700009,13.68271274000017],[100.17427738200018,13.682661312],[100.17428941500003,13.682647711000016],[100.17429297000007,13.682643686000176],[100.17431666400006,13.682607737000126],[100.17435730400007,13.682546063000132],[100.17436730200018,13.682526381000116],[100.17440020900011,13.682450827000082],[100.17441958600006,13.682410865000179],[100.17449785500003,13.682282630000145],[100.17450668700008,13.682270263000078],[100.17454321200017,13.682229037000013],[100.17457150500007,13.68219711900008],[100.17457704000009,13.682191654000064],[100.17459813699998,13.682170824000082],[100.17461739300018,13.6821559280001],[100.17464770300018,13.682137402000023],[100.17468790600003,13.682124093000084],[100.17470177000013,13.682121406000078],[100.1748185890001,13.682108819000064],[100.1749442900001,13.682115743000054],[100.17496573500006,13.682121707000022],[100.17497944100012,13.68212687600004],[100.17500043900009,13.682142421000151],[100.17500295100007,13.682144617000176],[100.17501735700006,13.68215856900008],[100.17508320200005,13.68227042300009],[100.1751143090001,13.68234886900018],[100.17535125400002,13.683035708999967],[100.17553192500014,13.683528601000091],[100.17570870000014,13.683902113999977],[100.17579250300003,13.684163115],[100.1758358570001,13.684253270000113],[100.17588248600015,13.684336956000095],[100.17593557400005,13.684394788000077],[100.17623046700004,13.68462574800003],[100.17629351500011,13.684696441000085],[100.17630699800009,13.684751237000171],[100.17631724600005,13.684822188000112],[100.17631430300008,13.684893202000126],[100.17625919200003,13.68509353800016],[100.17621029600008,13.685216401000105],[100.1761969590001,13.68525617400013],[100.17619078400003,13.685274586000048],[100.17617804900016,13.68536823900007],[100.17618170200018,13.685402318000115],[100.17618842500013,13.68546500399998],[100.17623229200012,13.6856584250001],[100.17636558600014,13.685915959000113],[100.1764026640002,13.686070682000036],[100.17641635900014,13.686170663000041],[100.17638696800014,13.686232117000145],[100.17633452700011,13.68630658799998],[100.17628227100005,13.686416560000055],[100.17627273500017,13.686490827000057],[100.1762698940002,13.686584432000075],[100.17627691200005,13.686668308000094],[100.17631025800017,13.686735917000078],[100.1763923540002,13.686858121000057],[100.17639670400001,13.686864589000095],[100.17642583200012,13.686912250000034],[100.17648322800011,13.687006177000058],[100.17652355300015,13.68715119899997],[100.17654692100012,13.687205950000134],[100.17660647600019,13.687234714000056],[100.17670874400011,13.687224553000021],[100.17679458000009,13.687230596000063],[100.17688048800011,13.687249549000114],[100.17694013900012,13.687297675000025],[100.17697341200017,13.687352377000082],[100.17697059099999,13.687449206000053],[100.17695599600012,13.687519691000091],[100.176935452,13.687618917000123],[100.1769351440002,13.687620411000069],[100.17689946300015,13.687746441],[100.17689344100017,13.687862646000156],[100.1769169860001,13.687952885000072],[100.17695026900009,13.688007599000116],[100.17701641700006,13.688036331000035],[100.17716508000018,13.688064661000055],[100.17767720800009,13.688175179000154],[100.17800461800005,13.688309159000028],[100.17818339000007,13.688418030000093],[100.17833235800015,13.688507682000022],[100.17843529400011,13.688633054000093],[100.17849493000011,13.688677945],[100.17855768400011,13.688687331999972],[100.17865999200006,13.688686845],[100.17887441100015,13.688663232000124],[100.17918764,13.688600425000175],[100.17935256599998,13.688580277000085],[100.17947470200016,13.688582919000112],[100.17954076700005,13.688595521000138],[100.17963669400007,13.688637008000057],[100.17968949000016,13.68867006700009],[100.17980554500008,13.68874270300006],[100.17994475600017,13.688861445999976],[100.18003747300008,13.688922318000039],[100.18006308800017,13.688925951000101],[100.18010353300008,13.688931681000042],[100.18019264200007,13.688931256999979],[100.18028497300014,13.688914686000146],[100.18038694300003,13.688846423000086],[100.18048541000013,13.68873624000014],[100.18054090200008,13.688613338000096],[100.18054500400007,13.68860979600015],[100.18056063800014,13.688596292000113],[100.18059348999998,13.688567910000074],[100.18063956200007,13.688541875000112],[100.1807451580001,13.688538142000084],[100.18102270200018,13.688598132000038],[100.1812408180001,13.688655175000065],[100.18138964400015,13.688715788000025],[100.18153540500003,13.688824814000156],[100.18166463800014,13.68892746600011],[100.18169902700009,13.688955668000176],[100.18173813000004,13.688987742000165],[100.18180784900005,13.689020772000049],[100.18185979300006,13.689013258000102],[100.18192893200018,13.688979043000074],[100.18201035100009,13.688925409000035],[100.18206962900018,13.688865691000103],[100.18214635900017,13.688719151000043],[100.18217365600003,13.68859821899997],[100.18220097100004,13.688481179000064],[100.1822244130002,13.688387546000058],[100.18229970300007,13.688301461000094],[100.18242656700005,13.688168364000035],[100.18254164900014,13.688038951000067],[100.18258216300012,13.687974097000051],[100.18261251100017,13.687894697000047],[100.182667504,13.687734672000033],[100.18271793000008,13.68745776000003],[100.18276066600009,13.687235437000027],[100.18279992600014,13.68711835],[100.18286703600018,13.686989432000189],[100.18299333600015,13.686743331000173],[100.18304446300004,13.686606701000073],[100.18305993100006,13.686513106],[100.18306679300008,13.68629095500006],[100.18308592199998,13.686131099000136],[100.18308222000002,13.686027973000137],[100.18314392399998,13.685670048000077],[100.18318468900009,13.685559752000188],[100.18321822500019,13.685491391000141],[100.183289161,13.685331280000128],[100.1833997490001,13.685132019999969],[100.18352105200012,13.684957693000058],[100.18366975100008,13.684650400000123],[100.18369510300005,13.684601385000065],[100.18397570500014,13.683952440000098],[100.18412581400008,13.683686739000052],[100.1844729460002,13.682971974000111],[100.1848242710002,13.682300043000055],[100.18529009100018,13.681413249000059],[100.1857244570001,13.680612330000145],[100.18597505800011,13.680082639999966],[100.18604782000011,13.679928843000141],[100.1867034170001,13.678619889],[100.1873456130001,13.677359115000172],[100.1876593610001,13.676698821000059],[100.18799171799998,13.676063051000028],[100.1883158080002,13.67540626300007],[100.18908701200002,13.674010988000134],[100.190172147,13.674865378000163],[100.19285264700011,13.674147897000012],[100.19289585700017,13.67414417599997],[100.1942198340002,13.674142681000149],[100.19586527300015,13.675721791000058],[100.1962488050001,13.676401357000145],[100.19748789500011,13.676766004],[100.19866709400009,13.677113024000107],[100.1987186880001,13.677128205000031],[100.199465955,13.677420524000183],[100.19998924800007,13.677594136000153],[100.20023815400003,13.677656339000066],[100.20076838700015,13.67777707800019],[100.20154777900012,13.67783551500014],[100.201964993,13.677866394000091],[100.20222732700006,13.677911126000083],[100.20242557500012,13.67797939900015],[100.2025640220001,13.678053725999973],[100.20273708800005,13.678185809000183],[100.20276885100009,13.67820371700003],[100.20279556700018,13.678214015000037],[100.20281890100017,13.67821983400006],[100.20293942600006,13.678236076000132],[100.20306152700016,13.678265288000091],[100.2030811530002,13.678269986000089],[100.20313885300015,13.6782942050001],[100.20322871700012,13.67833191699998],[100.20330189100014,13.678371945000094],[100.20365133600018,13.678615645000036],[100.20379958100011,13.67872061200012],[100.20390836900003,13.67885010100008],[100.20411494200016,13.679096033000178],[100.20529893100019,13.680245809000098],[100.2057630290002,13.680821309000066],[100.20581712900008,13.68083161400017],[100.20593936100005,13.680778180000175],[100.206237333,13.680568870000059],[100.20628057900007,13.680572182000162],[100.20664939800008,13.68153919499997],[100.20688302700017,13.681428848000166],[100.20694073000004,13.681439135000062],[100.2070641200001,13.681614680999985],[100.2074479420001,13.682258011000101],[100.2074783220001,13.682280543000047],[100.20750568100016,13.682291277000047],[100.20765034800013,13.682272684],[100.2076960770001,13.682273953000049],[100.207754078,13.68229304099998],[100.20780139000004,13.682307712000068],[100.20822035900011,13.682287792000182],[100.20825244200006,13.68230402100005],[100.20832928800019,13.682431792000045],[100.20868310400016,13.683059639000021],[100.20891491100002,13.68351509300004],[100.20905163500015,13.683783537000068],[100.20924246200008,13.684158199000137],[100.20939847600016,13.68437233200018],[100.20975110000006,13.684788138000101],[100.20976699900001,13.684807721000084],[100.2097805350001,13.684814860000017],[100.20980730100018,13.684822984000164],[100.20984653400012,13.684815897000021],[100.20985461400011,13.684812431000068],[100.21033888900007,13.684554904000038],[100.21071907600003,13.684391226000173],[100.21085878100013,13.684332840000138],[100.21087203800005,13.684327575000111],[100.21111617300011,13.684230654000032],[100.21172345000019,13.683968158000141],[100.21186502500007,13.683910071000014],[100.21192139800019,13.683884757999977],[100.21192585300014,13.683862392000094],[100.21183364400002,13.683411351000188],[100.21183896000014,13.68339868400011],[100.211849331,13.683394491],[100.21230348400019,13.68345331900008],[100.21241757500013,13.683468096000126],[100.2124232810001,13.683465746000138],[100.21243582100004,13.683460553000145],[100.21245419500013,13.683446534000154],[100.21247706600019,13.683284232000062],[100.21247445500006,13.683216698000138],[100.21246658500013,13.68317677900012],[100.2124568550002,13.683152671000073],[100.21236610000005,13.683035829000175],[100.21234602100009,13.683019991000094],[100.21233562900011,13.68301477200015],[100.21171394800007,13.682815517000051],[100.21157529200019,13.682789278000143],[100.211558476,13.682786692999969],[100.21147017800018,13.68276827600016],[100.2114134040001,13.682748672000116],[100.21139805300015,13.682740015000036],[100.2113896840001,13.682731182000111],[100.21138204700009,13.682721024000159],[100.21137533500007,13.682693706],[100.21133741400018,13.682411184000102],[100.21133656800015,13.682399613000143],[100.21133797800007,13.68239447700006],[100.21134407500011,13.682391225000117],[100.21134889100017,13.682388658000036],[100.21136538200005,13.68238612500005],[100.21140829200004,13.68237954000017],[100.21141612400015,13.682375027000035],[100.2114176120001,13.682372943000018],[100.21169788500009,13.681746115000067],[100.21186785800006,13.681429169000126],[100.21189222400011,13.681426401000067],[100.21237109600008,13.681727610000053],[100.22062681600016,13.681500490000076],[100.22409139100006,13.681405102000156],[100.2241724380001,13.681410784000093],[100.22419033100005,13.681373668000049],[100.22430420600017,13.681126375000133],[100.22488039500013,13.680100560000028],[100.22489233600015,13.68008563400008],[100.22489527700014,13.680083624000076],[100.2249259300001,13.680071236000117],[100.22495209500005,13.680075001000148],[100.22556474800018,13.68028986700017],[100.22559471700009,13.680292068000085],[100.22561971100004,13.68028214400016],[100.22562114000004,13.68028082900014],[100.22562485399999,13.680276387000106],[100.22572300500002,13.680071672000167],[100.2258867750001,13.679755085000181],[100.22612110000006,13.67926710400019],[100.22612549200005,13.679246750000118],[100.22611603100006,13.67922094800008],[100.22557617000007,13.678885365000156],[100.22556568800007,13.678874900999972],[100.22556266900011,13.678848121000101],[100.226408724,13.677528620000032],[100.22641346200004,13.677523317000066],[100.22644373800006,13.677499393000062],[100.22649616000018,13.677468277000116],[100.22694030300005,13.677308296000149],[100.22695333800016,13.677300709000122],[100.22695999100006,13.677283107000108],[100.22695577800016,13.67726303500001],[100.2267509180001,13.67692641200017],[100.22674058000013,13.676891979000061],[100.22674275300005,13.676875706000033],[100.22692193900014,13.676361689000032],[100.22692272400008,13.676335244000086],[100.22692166000019,13.67633019900012],[100.22691498900008,13.676318375],[100.22688844600009,13.676287183000113],[100.2268421710001,13.67623280000015],[100.22681809200014,13.676191107000136],[100.22680567000003,13.676149385000087],[100.22680830900015,13.676083738000045],[100.22681414000016,13.676029088000178],[100.22681845199997,13.675988544000177],[100.22681763800011,13.675986395000109],[100.22692307400013,13.67523303900009],[100.22715569400003,13.672737847000064],[100.22717387600011,13.672728839],[100.22724470300017,13.672759689000088],[100.22877160900003,13.673559046000037],[100.23039695400013,13.674421075000055],[100.23342907900013,13.6760013170001],[100.2354308400001,13.677101640000103],[100.23727650600006,13.678062467000075],[100.23787669900003,13.678425435000122],[100.23930456000016,13.679168786000048],[100.23980335300013,13.679413663000162],[100.2407111080002,13.67985930900005],[100.24073871500008,13.67986567800017],[100.24074894900019,13.679868035000084],[100.24077402100016,13.679867910000155],[100.24078769800013,13.679867841000089],[100.24079128200009,13.679865838000183],[100.24083314100005,13.679842426],[100.24083927600014,13.679836180000052],[100.24183827900009,13.678008143000056],[100.24209499100004,13.677538392000145],[100.24362049700011,13.674649117000115],[100.24362827800013,13.674643991000039],[100.24364395000003,13.674639906000152],[100.24366597300013,13.674640660000023],[100.24370235300012,13.674651760000074],[100.2466440820001,13.676168820000157],[100.25132164300015,13.678575134000141],[100.25173918700006,13.678782948000105],[100.25209056400007,13.678932631000123],[100.252184456,13.678945260000035],[100.252290513,13.678946233000033],[100.25318923200001,13.678876703000128],[100.25374484700006,13.678847750000159],[100.254422551,13.678834264000102],[100.25444069700012,13.678835867000146],[100.25449007200018,13.678840225000158],[100.25451507000014,13.678841239000064],[100.2545629560002,13.678846081000074],[100.25461402800016,13.67886109300008],[100.25465996300011,13.678889342000048],[100.25469972400015,13.678929849000099],[100.25475698300016,13.67902033200005],[100.25476300300011,13.679029853000031],[100.25532510400018,13.680331855000077],[100.25533953400014,13.680361030000086],[100.25540219300007,13.680468500000131],[100.25546421200016,13.680543508000085],[100.25553449800009,13.680614486000138],[100.2555934900002,13.68065161900006],[100.25570473100004,13.68070585300012],[100.2557491720001,13.68072130700017],[100.25580546600014,13.680733329000077],[100.25585415400008,13.680737602000022],[100.25604914200005,13.680731581000146],[100.25605151600007,13.680731155000103],[100.25607994400013,13.68072528100015],[100.25621097400011,13.68068563800017],[100.25746175900014,13.680101861000082],[100.25838725700015,13.67965640400007],[100.25848934500004,13.679607268000098],[100.25857797100014,13.679619415000104],[100.25865324500012,13.679668799000126],[100.25894560800009,13.679916327000171],[100.25902574600013,13.680000814000152],[100.25986640100012,13.681029594],[100.26027514600014,13.681775130000062],[100.26034114400005,13.681934059000127],[100.26046982800005,13.682474655000135],[100.26053071800015,13.682997056999966],[100.2605047950002,13.683721107000054],[100.26034716400005,13.684271397000089],[100.26031009500008,13.684400826000058],[100.26016024,13.684682085000134],[100.2603363300002,13.684771899000111],[100.26055424600014,13.684882726000126],[100.26092693000004,13.684975601000076],[100.2611464490002,13.685031294000169],[100.261315164,13.685074091000047],[100.26187304700011,13.685361253000053],[100.26196628800005,13.685396788000048],[100.2619722610001,13.685397792000117],[100.26203224900013,13.685407823000162],[100.26208620600005,13.685402746000022],[100.26209618600018,13.685401812000123],[100.26214842600007,13.685382591],[100.26225089000019,13.685330890999978],[100.26254109100012,13.685221370000079],[100.26291257100013,13.685088692000136],[100.26321053800018,13.684982926000089],[100.26340380700009,13.684873889000016],[100.26373619500004,13.684680758000127],[100.2639565820001,13.684567797000113],[100.26403205800011,13.68454466900016],[100.26422376800014,13.68450578200003],[100.26430412700017,13.684489330000076],[100.26442321400015,13.684464965000132],[100.26471002900018,13.68445022300017],[100.2648787230001,13.68445694400009],[100.26499114700016,13.68445637000002],[100.26510549100004,13.68445010000005],[100.26522938300013,13.684419142000138],[100.26529320700007,13.684390380000082],[100.26547677700017,13.684281401000021],[100.26606664900015,13.684026291000066],[100.26651940500011,13.683866654999974],[100.266595,13.683864380000102],[100.26666479200014,13.683865911000112],[100.26676171399998,13.68386541500007],[100.26687219600007,13.683862962000148],[100.26697490200007,13.683856741000056],[100.26708330000014,13.683827759000167],[100.26721678600018,13.683777796000186],[100.2672844440001,13.68374144],[100.2673443440001,13.683705112000041],[100.267408048,13.68365550700014],[100.26744657400019,13.683609817000047],[100.26750051800019,13.683546992000117],[100.26752936700018,13.683505148],[100.26757762200003,13.68346698300013],[100.26773969900017,13.683323999000038],[100.26780151200006,13.683283875000086],[100.267991005,13.683193818],[100.26816136800016,13.68315314800003],[100.26841903600018,13.68312529000002],[100.2684781550002,13.683121562000053],[100.26871359300014,13.683106716000111],[100.26891493300008,13.683082846000048],[100.26898093700004,13.683075021000036],[100.26910311900019,13.683085776000155],[100.26921952500004,13.683104124000067],[100.2693456400001,13.683126229000038],[100.26974536100005,13.683199999000067],[100.26994812100014,13.683231976000172],[100.26996943800003,13.683235326999977],[100.27019935200002,13.683271589000128],[100.27052920000017,13.683326761000103],[100.27062817500007,13.683349004000092],[100.27074667700015,13.683395778000033],[100.27081876600016,13.683463642000163],[100.27085241300017,13.683521614000142],[100.27089116000008,13.683588377999968],[100.27099263700006,13.683714844000122],[100.27107250300008,13.683786464000036],[100.27114841400004,13.683844836000048],[100.27122817700018,13.683897503000082],[100.27138172800016,13.68397442200012],[100.27168291400005,13.684107455],[100.27209080900013,13.684258894000038],[100.27221317400006,13.684303750000026],[100.27229287700015,13.684345045000157],[100.27260414800008,13.684551946000113],[100.27297559400006,13.684773694000171],[100.27324972200017,13.68492203],[100.27363697900017,13.685200569000074],[100.27439149700007,13.685642112999972],[100.27460932300016,13.685775572000125],[100.2746910300001,13.685830116000034],[100.27479224300004,13.685905413000114],[100.27497934300004,13.686092096000039],[100.27517600700014,13.686254099],[100.27531047200017,13.686384190000012],[100.27559107200011,13.68665568900019],[100.2757340490001,13.686813766000057],[100.27574123200009,13.68682171900008],[100.27587200900018,13.686987839000153],[100.27590873200012,13.687041890999978],[100.2759579870002,13.687114392000069],[100.27601300300012,13.687250585000015],[100.27606993100005,13.687382973000126],[100.2761072900002,13.687481340000033],[100.27613682100008,13.68756458900009],[100.27618171100005,13.687621222000075],[100.27622456900002,13.687660808000146],[100.27626542200011,13.68768713500009],[100.2762984690001,13.687704021000059],[100.27636058799999,13.687720757000022],[100.27643241400011,13.687739342000043],[100.27645372800009,13.687753604000022],[100.27655887900016,13.687823989000037],[100.27667185600018,13.68792576200002],[100.27682584100006,13.688082289000079],[100.27696822600018,13.688242664000143],[100.27702686100014,13.688331448000042],[100.27709927100011,13.688459968000188],[100.27713505500003,13.688622790000124],[100.27716316900006,13.68880460500003],[100.27731399800001,13.689093829000115],[100.27738944000004,13.689258857000084],[100.27746700300014,13.689428543000133],[100.27753844200015,13.689619387999983],[100.27757322600019,13.689712303000135],[100.27767956500014,13.690020719000074],[100.27771681300004,13.690098234],[100.27776951100014,13.690164306000156],[100.27788652600015,13.69029259600012],[100.27794114500011,13.690356753000174],[100.27797431400012,13.690396388000181],[100.27798805900011,13.69042853999997],[100.27798245000008,13.690466478000133],[100.2779729670001,13.69050633400002],[100.27795387900011,13.69056139800017],[100.27792333600019,13.690648744999976],[100.27787153900005,13.690749470000071],[100.27786945800017,13.690753904000076],[100.27784084000012,13.690814789000058],[100.2778515510002,13.690882131000137],[100.27789381000002,13.690915990000178],[100.27807307200015,13.691059576000157],[100.27811482400006,13.691133500000035],[100.2781263990002,13.691362579999975],[100.27813837600019,13.691665789000126],[100.278187736,13.691871075000051],[100.27825485200009,13.692174008000165],[100.2782586200002,13.692234639000105],[100.27823642600015,13.692290028000173],[100.27811920100015,13.692582436],[100.27811298500012,13.692707142000074],[100.27813404300014,13.692777801000148],[100.27814994099998,13.692804124000077],[100.27815838700019,13.692818109000086],[100.27823790600007,13.692864877000034],[100.27832760000007,13.692881267000132],[100.27839481300003,13.692879384000094],[100.27847577300014,13.69287712900018],[100.27861365400008,13.692883153000139],[100.27872754600008,13.692912899000135],[100.27882411100018,13.692925872000046],[100.27891026500004,13.692925427000091],[100.27903425800008,13.69291131400007],[100.27919598900007,13.692866663000189],[100.27934047700012,13.69281874700016],[100.27937787400009,13.692811896000023],[100.27945409500006,13.692797934000112],[100.27951957300019,13.692797595000172],[100.27959200400005,13.692807337999966],[100.279733496,13.692843667999966],[100.27986104900003,13.692880032000119],[100.27986113100019,13.69288005600015],[100.279861213,13.692880067000033],[100.28033018400004,13.692931567000073],[100.28059910100012,13.692950392000114],[100.28088519100004,13.692959021000036],[100.28097479300015,13.692958557000168],[100.28106432300007,13.692944612000133],[100.281167568,13.692917125000122],[100.28129832100007,13.6928793780001],[100.2814016750001,13.692872107000085],[100.28170632600018,13.692843753999966],[100.28204938200014,13.692835991000152],[100.28229442100007,13.692828735999967],[100.2825396130001,13.692851426000061],[100.28273586000012,13.692886348000116],[100.28302430500008,13.692974708000179],[100.28336744000012,13.69315604600007],[100.28360801600013,13.693283198000131],[100.28370018000015,13.693330641000045],[100.2848046090001,13.693721848000166],[100.28585247000007,13.694049410000105],[100.28634375500013,13.694173720000094],[100.28660330999998,13.694184262000078],[100.28676553100019,13.694191347000185],[100.28681019800007,13.694203013999982],[100.28685091100016,13.69423451400013],[100.28685119100015,13.694286052000109],[100.28660900200009,13.695230836000121],[100.28656135800009,13.695417414000133],[100.28647302400003,13.695576447000064],[100.286400689,13.695695758000056],[100.28639040700006,13.695797621000054],[100.28635622400014,13.695881968000037],[100.28626906500017,13.696234527000115],[100.28604922400018,13.697123806000093],[100.28601801500014,13.697154647000048],[100.28556992400013,13.69717888700012],[100.28539531100017,13.697214852000172],[100.284907546,13.697362011000166],[100.28470594300012,13.69738058900009],[100.2837188490002,13.697318494000058],[100.28370572500017,13.697402909000175],[100.28368672500017,13.697566639000058],[100.2836903020002,13.697610790000056],[100.28370742200019,13.697702277000076],[100.2837413530001,13.697806408000076],[100.28382920000013,13.698033309000095],[100.283844768,13.69810501000012],[100.28384868500007,13.698116307000078],[100.28384940700016,13.698126369000022],[100.283861946,13.69830195000003],[100.283852389,13.698411206],[100.28385040900002,13.698433800000146],[100.28384961800009,13.698437775000173],[100.28380270000008,13.698673665000172],[100.2837201430001,13.69926716100008],[100.28369371000014,13.69956923400008],[100.28362206200006,13.700387896000166],[100.28378707600007,13.701613716000168],[100.28521782600012,13.701402121000115],[100.28562015500012,13.703965192],[100.28418963900003,13.704144748000147],[100.28419362100004,13.704166119000035],[100.284313737,13.705081353000082],[100.28431503800005,13.70509147100006],[100.28440888900008,13.705823875000078],[100.28449184800007,13.706426152000063],[100.2845158570002,13.706600457000036],[100.28454279900012,13.706920635000017],[100.2846633800001,13.70770473000016],[100.28468735400008,13.707709645000136],[100.28489327100016,13.707751833999964],[100.28609766699998,13.707998645000089],[100.28617738000008,13.708039935000102],[100.28641061400003,13.708150550000084],[100.28648835300015,13.708184266000046],[100.28651170600006,13.708201201000122],[100.28650966200007,13.708240657000033],[100.28650287100015,13.708371483000178],[100.28646569400019,13.70908755500011],[100.28634408900012,13.709541970000146],[100.28624844800015,13.709699718000024],[100.28611642700014,13.709929543000158],[100.28604270700009,13.710046999000099],[100.28599573399998,13.710121826000147],[100.28584762999998,13.710357763000047],[100.28578432100016,13.71054679600013],[100.28569528300011,13.710917739000024],[100.28568963200007,13.710941279000167],[100.28565370400014,13.711090955000145],[100.28564502400013,13.711127107000095],[100.28557350500017,13.711410594000029],[100.28549843600007,13.711708119000036],[100.28501310900015,13.711744659000033],[100.28428462300008,13.711710967999977],[100.28354208500014,13.711804970000117],[100.28354233000005,13.711808021000138],[100.28358441400013,13.71233171],[100.28364568300015,13.714064954000094],[100.283698952,13.714063157],[100.28443937800017,13.71403816999998],[100.28453009500015,13.714095107],[100.28505475600014,13.71482609200018],[100.28549688400011,13.714845032000142],[100.28619907300003,13.714875111000083],[100.28725281800007,13.714900693000061],[100.28758273600005,13.714882244000023],[100.28821074600012,13.714838343000054],[100.28830946900001,13.714841369000112],[100.28847724600013,13.714846514999977],[100.28862902300017,13.714886352000178],[100.28876613500017,13.714926264000098],[100.28886911600006,13.714983092000011],[100.28889599100006,13.715019275000088],[100.28893807600008,13.71507593500013],[100.2889683200001,13.715243074000057],[100.28897719900004,13.71530484100009],[100.28900643600008,13.715508164000141],[100.28900983400018,13.715682610000158],[100.28901633700008,13.715978933000088],[100.28905765700011,13.71638262],[100.28908393700016,13.716528445000051],[100.28909294300018,13.716578414000026],[100.28913035500011,13.716714449],[100.2891821460002,13.716797826000061],[100.28941077900004,13.717033241000081],[100.2896491460001,13.717261427000153],[100.28978686000016,13.717411281000125],[100.28989237399998,13.717590349000034],[100.28994971700001,13.717687666000131],[100.28999895800013,13.717751936000127],[100.29006516600009,13.717789826000057],[100.29019261200017,13.717848909999987],[100.29036896600019,13.717912516000126],[100.29126100600007,13.718316542000139],[100.29160405900012,13.718465315000117],[100.29177305600018,13.718524181000191],[100.29206957600019,13.718656468],[100.29216648300013,13.718495834000066],[100.29248270000011,13.718654307000122],[100.29277421100016,13.718765112000142],[100.29293902800003,13.718506131000083],[100.29299552800006,13.718518971000094],[100.29314462800016,13.718552857000077],[100.2938706010001,13.7176480440001],[100.294603026,13.716744846000154],[100.29659625200009,13.717787307000151],[100.29665704600018,13.717792929999973],[100.29676634900005,13.717780473000118],[100.29696667700011,13.717743782000184],[100.29729079200018,13.717040049000104],[100.29798148300006,13.715540404000137],[100.298062823,13.714189279000152],[100.29890356000004,13.714384734000078],[100.30073826500006,13.71476055300019],[100.30168074900007,13.714869801000134],[100.30267366400005,13.714857437000035],[100.30292998900006,13.714856086000168],[100.30299568800007,13.714863826000112],[100.3030668090002,13.714872209000191],[100.30371655600004,13.715078637000033],[100.3037693440001,13.715096289000087],[100.30401419300006,13.71518326200004],[100.30397058700015,13.715255195000054],[100.30385934800012,13.715473265000185],[100.30379676500019,13.715650451999977],[100.30371045000004,13.715956823000056],[100.3035488330001,13.716349623000042],[100.3032959890001,13.71622768900005],[100.30259640600008,13.717529861000173],[100.30227183300013,13.718054072000086],[100.301900364,13.717895250000083],[100.30077730400018,13.71985027200003],[100.30076816400015,13.719905743000083],[100.30081624000002,13.720057903000054],[100.3008495430002,13.720099298000036],[100.30102441100013,13.720112237000137],[100.30152747900019,13.72022800000019],[100.30181269700017,13.720140281000113],[100.30253500400016,13.720003840000118],[100.30324676200007,13.71984704700003],[100.30354007900007,13.719778454000107],[100.30406713700017,13.71965178400012],[100.30447072500016,13.719573862000061],[100.30478507300006,13.719534307000117],[100.30484148300013,13.719527110000115],[100.30502344000013,13.719503897000038],[100.30509098400006,13.719499570000153],[100.30529616700005,13.719486424000138],[100.3055453070001,13.7195171730001],[100.305707885,13.719530889000168],[100.30590334800013,13.719560463000107],[100.30608546600007,13.719603226],[100.30628878700014,13.719705635000082],[100.30653261900005,13.719883244000073],[100.30666845000019,13.719898136000097],[100.30693178500002,13.71986551700013],[100.30721967200014,13.719840915000077],[100.30694199200008,13.720294824000064],[100.3066940650001,13.720700377000128],[100.30658608900006,13.721010472000103],[100.3065435690001,13.721132585000191],[100.30654317300002,13.721134804000087],[100.30654154200016,13.721143964000134],[100.3064761670002,13.721510004000038],[100.30644921300006,13.721663014000114],[100.30643263500014,13.721805773000085],[100.30645364999998,13.722070142],[100.30645503900001,13.722087603000148],[100.30645458900017,13.722634514],[100.30649657400016,13.723942124000189],[100.30652825900006,13.724016688000177],[100.30658415500005,13.72407074500012],[100.3069263910001,13.724204473000157],[100.307399,13.724389143000167],[100.30865213200019,13.724793538000142],[100.30872864800011,13.724806720000174],[100.3088398540001,13.72480952900014],[100.30888829100007,13.724771909000026],[100.30891894100017,13.724659646000077],[100.30896968500008,13.724411395000061],[100.30902236100019,13.723884590000068],[100.3090687830001,13.723483500999976],[100.30907010700003,13.7230962430001],[100.30907113900014,13.723090376000073],[100.30909705800008,13.722943238000141],[100.30911507700006,13.72243359700019],[100.30908778600019,13.722138643000108],[100.3090522440001,13.721754537000095],[100.30909018300008,13.721703381000168]]]}},{"type":"Feature","properties":{"districtCode":"TH7403","provinceCode":"TH-74","nameTh":"อำเภอบ้านแพ้ว","shapeName":"Ban Phaeo","shapeISO":"TH7403","shapeID":"TH7403","shapeGroup":"THA","shapeType":"ADM2","labelPoint":[100.11049272,13.58501681]},"geometry":{"type":"Polygon","coordinates":[[[100.15636800900012,13.681814498000108],[100.15644981300011,13.680643044000021],[100.15645502700005,13.680620110000064],[100.156482923,13.680600432],[100.15774816800018,13.679750092000177],[100.1579901660001,13.679601671000057],[100.15842581200013,13.679334483000162],[100.15871472700013,13.67918507000013],[100.15925730800018,13.678904468000042],[100.16018143600007,13.678466730000025],[100.16023257600006,13.678442507000113],[100.16129148100015,13.677913678000095],[100.16135485400014,13.677882321000084],[100.16208915400017,13.677519002000167],[100.16246854600013,13.67733473400017],[100.16288476900019,13.67713258100008],[100.16295067700014,13.677100570000164],[100.16329269800008,13.67692987900017],[100.16359034100014,13.676781331000143],[100.163611656,13.67677133400008],[100.16363187600007,13.676766843000166],[100.16364763900009,13.67677226100011],[100.1636735990001,13.676790829000026],[100.16377611000013,13.676872907000075],[100.16422788600005,13.677234631000147],[100.16470777000012,13.677640295000174],[100.16474277300006,13.677670924000097],[100.16475678400008,13.677686359000063],[100.16477556300015,13.67770704600008],[100.1647804640001,13.677714076000143],[100.16493297300019,13.67793281500019],[100.16496694200009,13.677981028000033],[100.16500424500003,13.678020440000068],[100.16504642500018,13.678061613000182],[100.16514774300003,13.678160504000118],[100.16523952800009,13.678248230000065],[100.1653194610002,13.678324623000094],[100.16534995900003,13.678351965000047],[100.16562880000009,13.678576049000128],[100.16575635900011,13.67867660799999],[100.16579470500005,13.678698419000114],[100.16580033200012,13.678701550000142],[100.16585081400018,13.678729632000113],[100.16587701100013,13.678744207000022],[100.16597051500008,13.67877895700002],[100.16627126700007,13.678885295000157],[100.16662231600009,13.678999766000118],[100.16668009600005,13.679018609000138],[100.16706757100008,13.679152021000164],[100.1671486850002,13.67918243300005],[100.16715229300013,13.679184414000076],[100.16719829800013,13.679209683000124],[100.16723441400012,13.679237004000186],[100.16724999700006,13.679250379000166],[100.16727844700011,13.679274792000115],[100.16728410200011,13.679279643000086],[100.16732585600005,13.67931024],[100.16743981700012,13.679389965000155],[100.16755252500002,13.679459160000079],[100.16758549100012,13.679479398000183],[100.167615764,13.679497985000012],[100.16775332600002,13.679574304000027],[100.16779498400012,13.679594426999984],[100.16780027700008,13.679596981000032],[100.16792465300011,13.679657060000125],[100.16799981200018,13.679680912000151],[100.16803218500013,13.679691185000024],[100.16803389500006,13.67969172700009],[100.16803730900017,13.679692412],[100.16823762600012,13.679732553000065],[100.16843997900008,13.679765168000188],[100.16847619800018,13.679771007000056],[100.16870747700005,13.679796359000022],[100.16877434300005,13.679803687000117],[100.16931546300009,13.67985391100018],[100.16945617100015,13.679885136000166],[100.16957173100013,13.679914582000094],[100.16959222300005,13.679919802000029],[100.16970612000017,13.679948821000039],[100.17014546500019,13.680099719000054],[100.17050002100018,13.68026189200009],[100.17059664200013,13.680306087000076],[100.17095767100005,13.680489710000074],[100.17104276400005,13.680520159000025],[100.17135058100007,13.68063030500008],[100.17137833000015,13.680625451000026],[100.17145260200004,13.680567818000156],[100.17177326500001,13.680256473999975],[100.1724170120001,13.679594708000138],[100.1727666760001,13.679228543000136],[100.1731554160001,13.678914456000143],[100.17319952800017,13.678871622000145],[100.17337117700009,13.678704954000068],[100.17340819300011,13.678652709000062],[100.17341571600014,13.678588794],[100.17340939800016,13.678556932000049],[100.17324610600014,13.678249071999971],[100.17300406599998,13.677864399000043],[100.17288211300013,13.677723447000119],[100.17220783400018,13.67711097200015],[100.17093491300011,13.676069589000065],[100.17090645700006,13.676043751],[100.17072948200007,13.675904526000124],[100.17064381500018,13.67581519100014],[100.17043068500016,13.675517778000142],[100.17035996800007,13.675419095000052],[100.17004334600017,13.675023153000154],[100.16971352100012,13.67460804500007],[100.16966076200015,13.674544193000145],[100.17017081200004,13.674285376000114],[100.17080497500001,13.673936226000023],[100.17081966100017,13.673929237000038],[100.1711450640002,13.673774362000131],[100.17132167800008,13.673696608000057],[100.17155041500007,13.673554498000044],[100.17183128200014,13.673348044000022],[100.17200686299998,13.673164280000094],[100.17215737200013,13.673006758000042],[100.17226334100008,13.672905505000074],[100.17235966600015,13.672819907000076],[100.17268191500006,13.672572599999967],[100.17294576000012,13.672370118000117],[100.17335236400004,13.672065208999982],[100.17358746700006,13.671884609000188],[100.17373772900004,13.671781333000126],[100.1738618350002,13.671691001000113],[100.17414378000012,13.671477290000098],[100.17430357900014,13.671359996000035],[100.17442295300009,13.671278707000113],[100.17453148300018,13.671171282000046],[100.1746047490002,13.671069807000094],[100.17466394000019,13.670963140000026],[100.17479924400004,13.670748725000124],[100.17492388600004,13.670507065000038],[100.17499645800018,13.6703426790001],[100.17507159200017,13.670151725000153],[100.17516020100015,13.669945345000087],[100.1752529260001,13.669735385000138],[100.1752818010001,13.66967030100011],[100.17539122000017,13.669421606000014],[100.17545302100001,13.669291451],[100.1755496180001,13.669098875999964],[100.17563859400019,13.668935743000077],[100.17570340900016,13.668802869999979],[100.17574258400009,13.668738401000098],[100.17579232800011,13.66868169200012],[100.17586567600017,13.668611950000184],[100.17594167000004,13.668549970000015],[100.17601771000011,13.668495655000072],[100.17607541500018,13.668456761000073],[100.17611477000014,13.668428358000085],[100.17616192600013,13.668392180000126],[100.17620904700004,13.66834822200002],[100.1762483390001,13.668306894000182],[100.17627710400006,13.668265725000026],[100.17632754300007,13.66818961500013],[100.17636158500005,13.66815090300014],[100.17641918200013,13.668096676000175],[100.17647162500009,13.668050141000151],[100.17653707900018,13.667985582000028],[100.17663136900018,13.667892673000097],[100.17671255100015,13.667822930000114],[100.17676232100018,13.667771370000082],[100.17681204900003,13.667719660999978],[100.17687045100007,13.667645509000067],[100.17689926700012,13.667614490000062],[100.17696476500004,13.667557707000071],[100.17700935900018,13.667524056000047],[100.17705908700003,13.667472533000137],[100.17710371800007,13.667446550000022],[100.17715350100002,13.667405248000023],[100.17718485300014,13.667366512000171],[100.17723193000006,13.667299520000142],[100.1772790330001,13.667253014000039],[100.1774859840001,13.667054215000178],[100.1777039500002,13.666840664000176],[100.17792141100017,13.666631559],[100.17820240700013,13.66637449000018],[100.17830453200014,13.666281506000075],[100.17844344700018,13.666170383000065],[100.17850892600018,13.66611093500012],[100.17852039400009,13.666099633000044],[100.17902356100007,13.665621655000109],[100.17928462300017,13.665389645000118],[100.17976778700017,13.665002732000175],[100.18003624100015,13.664779274000125],[100.18016767800015,13.664648058000125],[100.1803586010002,13.664483692000033],[100.18067211800013,13.664256236000028],[100.18084853200014,13.664140012000189],[100.18095652300013,13.664069411000128],[100.18121742800014,13.663874040000053],[100.18179875500016,13.663454607000062],[100.18258906900019,13.662880329000131],[100.18350235600019,13.662209668000173],[100.18367670000003,13.662117667000132],[100.18439807300012,13.66188630300013],[100.18478329600009,13.661750287000075],[100.1847975940002,13.66174515400013],[100.1847991790001,13.66174467900015],[100.18499395500004,13.661686522000025],[100.18558969100013,13.661529828000027],[100.18651295400002,13.661326698000096],[100.18712838300007,13.661176317000013],[100.18737053100006,13.661098237000147],[100.18873133099999,13.66056608200006],[100.18897223200014,13.660457025000028],[100.18904172100008,13.660371217000034],[100.18885808400012,13.659307447000117],[100.1888526580002,13.659269567000024],[100.18884331800012,13.659149955000032],[100.18889524300005,13.659047142000134],[100.18923477100009,13.658780560000139],[100.18966131200011,13.658436639000172],[100.19007075500014,13.6581697150001],[100.19050633400008,13.657885581000073],[100.19081998000007,13.657687495],[100.19095081900014,13.657635583000172],[100.1911688890001,13.657549068000037],[100.19156166400018,13.65744461700018],[100.19210271500009,13.657279628000083],[100.19280943600018,13.657036917000028],[100.19306250600016,13.656958779000092],[100.193594431,13.656716904000064],[100.1942222740002,13.656431834000102],[100.19453625700015,13.656302119000145],[100.19496338800008,13.656077843000048],[100.19569567400009,13.655706796000175],[100.19596605000004,13.655594381000014],[100.19758729100016,13.655013445000122],[100.19892131100005,13.65456150099999],[100.1989464080001,13.654545347000067],[100.19946577200011,13.6543757930001],[100.19972588600012,13.65429086800009],[100.20035791800018,13.654076401],[100.20003260200008,13.651087737000182],[100.2009246510001,13.651226763000125],[100.20125681300004,13.651253391000012],[100.20143994900008,13.651266275000012],[100.20145385000006,13.651267253000128],[100.20228936100006,13.651326040000072],[100.20369721900016,13.651393772000176],[100.20418189300011,13.651425833000076],[100.20492922500011,13.65147779300014],[100.20547058900019,13.651480456000058],[100.20573308500002,13.651468595999972],[100.20593875600008,13.65145965400012],[100.2063417720002,13.651402111000095],[100.20661493100016,13.651358427],[100.20685822500008,13.65129636100005],[100.20701625100014,13.651269269000124],[100.20688545400009,13.648161175000155],[100.20681849600004,13.647960001],[100.20666055800012,13.64769479500012],[100.20658581100008,13.647582316000126],[100.20641406100009,13.646221017000016],[100.20637341500009,13.645940536000182],[100.20622616200006,13.644924280000112],[100.20593006000007,13.643418511000164],[100.20688417900004,13.64284677400019],[100.20714739200008,13.642533204000188],[100.20936427999999,13.643366264000178],[100.21195511100007,13.644073500000047],[100.21307550700004,13.64273795400004],[100.21316767400009,13.642575905000058],[100.21323624300004,13.642315656000108],[100.21455782600003,13.64054969199998],[100.21642838100018,13.63916298600003],[100.21877237600006,13.638385320000168],[100.22112343400005,13.63898628100003],[100.2234782330001,13.640429079000057],[100.22614819000012,13.642252255000074],[100.22795636900008,13.643774531000133],[100.22958246700017,13.644278380000117],[100.23038625100008,13.64452757500004],[100.23083478400014,13.644305638000105],[100.23179122600004,13.643832379000116],[100.23245345000015,13.642903614999966],[100.23256100100008,13.642752776],[100.23272331900017,13.642525942000077],[100.23317513200016,13.639080424000099],[100.2331592450002,13.636019192000163],[100.23290445000015,13.632117239000138],[100.23147876200011,13.628909324],[100.22967011000003,13.627157626000042],[100.22864999900008,13.626627031000112],[100.22700464700006,13.62617635600003],[100.22489200600012,13.626186774000189],[100.22262514100004,13.626656732000129],[100.2203620140001,13.627969670000084],[100.21856834400006,13.629126614000029],[100.21677034300006,13.629440540000076],[100.21504799600007,13.629296403000183],[100.21371245400007,13.628308454000035],[100.21323221000011,13.626243934000115],[100.21319242000004,13.625346863000061],[100.21314407000011,13.624254306000125],[100.21383854300012,13.622337737000123],[100.21469268100009,13.62103284900013],[100.21656878600015,13.620640613000035],[100.21844723100003,13.620708249000131],[100.22064020800002,13.621156305000056],[100.22314996800003,13.62221528100008],[100.22526300200008,13.622281717000078],[100.22690003600019,13.621125504000076],[100.22744175800005,13.61997468800007],[100.22804705000004,13.615915944000164],[100.22810429200018,13.61178302999997],[100.22792723200007,13.607803842000067],[100.22735071900007,13.605451625000057],[100.2279041320001,13.604494406000185],[100.22770059100009,13.60316016500019],[100.22751588900007,13.602316793],[100.22726812900015,13.601738357000102],[100.22695674200008,13.601311452000061],[100.22638654600013,13.600658995000174],[100.22563579800004,13.599969624000039],[100.22479384600018,13.599079080000081],[100.22398951300016,13.597986728000137],[100.22350795199998,13.597031399000059],[100.22333834199998,13.59661638900019],[100.22329827200008,13.596339361000162],[100.22332222800009,13.595986401000118],[100.2234232780001,13.595595266000146],[100.22367814300014,13.595052163000048],[100.22323376800006,13.594790052000121],[100.22297549600017,13.594625459000099],[100.22280707800007,13.594505969000181],[100.22272592200011,13.594442765999986],[100.22265881200008,13.594376924000073],[100.22257771300002,13.594323179000128],[100.22249399200012,13.594273743000144],[100.22237242300008,13.594211603000133],[100.22221905800012,13.594116098000143],[100.22210008400003,13.594043642000031],[100.22205421700005,13.594008633000044],[100.22201359800016,13.593969298000104],[100.22197735000003,13.593924775000062],[100.22194551800004,13.593884543000115],[100.22192596800005,13.593840813000043],[100.22191079900011,13.593795339000167],[100.22189542700005,13.593710336000129],[100.22187215600019,13.593627080000033],[100.22185259400015,13.593582495000135],[100.22182516200002,13.59354309600019],[100.221800427,13.593517427999984],[100.22176513700015,13.593489244000182],[100.22171579500014,13.593461128000115],[100.22165324500008,13.593427057000099],[100.22157751300006,13.59339390499997],[100.2214727880002,13.593360050000115],[100.22135570900019,13.593314213000156],[100.22131077500018,13.593290373000116],[100.22127460000013,13.593260472000054],[100.22121137600004,13.59320037700013],[100.22112188900019,13.593110675],[100.22099779900003,13.592975307000188],[100.22090824300011,13.592870333],[100.22086577100015,13.592812483000046],[100.22083421300005,13.592749992000108],[100.22079622200016,13.592650872999968],[100.22076452300013,13.592560880000065],[100.220740868,13.592516694000153],[100.22069533400014,13.59247108000011],[100.22052918100019,13.592355781000094],[100.22035939000006,13.592236894999985],[100.22024168900003,13.592157556000132],[100.22018012300009,13.592100489000075],[100.22015424200015,13.5920664570001],[100.22013432800009,13.592036899000163],[100.22012299100015,13.59201053300012],[100.22011890400006,13.59198412800015],[100.22011662000006,13.591924193000068],[100.22011487800012,13.591841055000145],[100.22011201900011,13.591797879000126],[100.22009925200007,13.591748960000075],[100.2200785060001,13.591687827000044],[100.22004843900004,13.591606115000047],[100.22000832100008,13.591493519000153],[100.21998289700008,13.591417584000169],[100.21996608400002,13.59135127500008],[100.21995273100009,13.59131652900004],[100.21993078900005,13.591277323000043],[100.21990424300014,13.59124007400004],[100.21987308400014,13.591204127000026],[100.21983866300008,13.591172713000049],[100.21980425600015,13.591145814000072],[100.21976856000003,13.591122779000045],[100.21973882300017,13.591107457000021],[100.2196972280002,13.591090260000101],[100.21966026700005,13.591077551000183],[100.21960548200008,13.59105977400003],[100.21955266800012,13.591041333000021],[100.21948860100008,13.591012],[100.21944829300008,13.590988996000078],[100.21941325900002,13.590966601000048],[100.21937818600009,13.590938416000142],[100.21934903400017,13.590906978000021],[100.21930796000015,13.59086270000006],[100.21926418700014,13.59080812500008],[100.21922702000018,13.590756748000047],[100.21919645900005,13.590707262000024],[100.2191777810001,13.590662239000096],[100.21915246300011,13.590606930000035],[100.21914508600014,13.590583764000087],[100.21914169000007,13.590563801000144],[100.21914397800003,13.59049417700004],[100.21914597300014,13.590368475000162],[100.21914187900018,13.590342715000133],[100.21913452200016,13.590321482999968],[100.21912125300003,13.590303494000182],[100.21909732000012,13.590282810000076],[100.21904917100011,13.590260127000079],[100.21898341200011,13.590228365000087],[100.21891065800014,13.590203516000088],[100.2188226940001,13.590182167000023],[100.2187687350002,13.590168684000048],[100.21874287000009,13.590149334000046],[100.21871806700005,13.59011049500009],[100.21867903600014,13.590037347000077],[100.21862573900006,13.58992187300015],[100.21858080100009,13.589840738000078],[100.21855240100007,13.589784726000062],[100.21852165700017,13.58972758800013],[100.21847920200014,13.589672795000126],[100.21843447300006,13.58963060900004],[100.21837685999998,13.589587349000169],[100.21831571100017,13.589542957000049],[100.21826159800008,13.589497392999988],[100.21820978600005,13.589444930000184],[100.21814259600018,13.589362755000082],[100.21809425700013,13.589301112000044],[100.21807176800019,13.58925767900007],[100.21804450200005,13.589193647000116],[100.21801847100011,13.589142215000095],[100.21797833800008,13.589082818000065],[100.21791117300012,13.589005225000165],[100.21778018300012,13.588861191000149],[100.21766882200006,13.588732661000165],[100.21758132600007,13.588631092000185],[100.21753805600008,13.588577643000121],[100.21750766600019,13.588527998000188],[100.2174837550001,13.588491865000094],[100.21746486200004,13.588470194000024],[100.2174494800002,13.588457221999988],[100.21743658500009,13.588447132000056],[100.21741576800008,13.588435631999971],[100.21738604600012,13.588423214000045],[100.2173509050001,13.588411291],[100.21731723900018,13.588400340000078],[100.2172791320001,13.58838941099998],[100.21725486600008,13.588379375000045],[100.21722909500016,13.588364519000038],[100.21720476700011,13.58834433300018],[100.21718243700019,13.58832462300012],[100.21715956999998,13.588298627000142],[100.21713916800007,13.58827117300018],[100.21711824700003,13.588239368000075],[100.21707487000009,13.588164653000035],[100.21702855500007,13.588094790000014],[100.2169902170001,13.588038412000174],[100.21696834000016,13.588011925000046],[100.21694152200007,13.58798643700004],[100.21691970500012,13.587971561000074],[100.21689688900005,13.587955718999979],[100.21687012300015,13.58794038300016],[100.21684039100018,13.587924089000012],[100.21678738000014,13.587898241],[100.21674574100012,13.587874272000079],[100.21672043700016,13.587853612000174],[100.21669463700016,13.587834881000106],[100.21667624200018,13.587813225000104],[100.21665983400004,13.587792029000127],[100.21664885200005,13.5877713000001],[100.21663282000014,13.587728357000174],[100.21660973700006,13.587659818000134],[100.21659219900005,13.587613501000078],[100.2165792470002,13.58759228700012],[100.2165673200002,13.587578811000071],[100.21655342600013,13.587567278000108],[100.21653658400015,13.587560597000163],[100.21651334300009,13.587558291000164],[100.21648913800016,13.587560344000053],[100.21646148200017,13.587563373000023],[100.2164200110002,13.587572283000043],[100.21636917900008,13.587584617],[100.216312915,13.587600357999975],[100.21626751000008,13.587611209999977],[100.2162280140002,13.587618173000124],[100.21618799500015,13.587621750000153],[100.21614057500017,13.587624886000071],[100.21611141100004,13.58762406600016],[100.21608915300015,13.58762029900015],[100.21606836900003,13.587613637000118],[100.2160495490001,13.587605997000026],[100.21603417100005,13.587595917000044],[100.2160133340002,13.587578617000077],[100.2159348780001,13.587505997000108],[100.21586338000003,13.587440609000168],[100.21584155500011,13.587424761000136],[100.21581975400017,13.587412782000115],[100.21579747400011,13.587404671000058],[100.21577273100007,13.587398505000067],[100.21574800600007,13.587395730000082],[100.21556960900017,13.587397077000105],[100.21532154500005,13.58740022800015],[100.2152607610002,13.587400524000145],[100.21523849900012,13.587395795000191],[100.21522265300007,13.587389100999985],[100.2152048000001,13.587376617000018],[100.21518739700014,13.587356403000115],[100.21516449600011,13.587324123000144],[100.21511619500012,13.58725185100019],[100.21508186900013,13.587207061000015],[100.2150630060001,13.587191202000042],[100.21504219100007,13.58718017800004],[100.21502486700001,13.587173985000163],[100.21500261100016,13.587170218000097],[100.21498530900016,13.587170303],[100.21497050800008,13.587173764000056],[100.21495719500012,13.587180592000095],[100.21494440000004,13.58719032199997],[100.21492720100014,13.587210713000161],[100.21490661900003,13.587243204000117],[100.21488750500004,13.587275680000118],[100.21485708500018,13.58731885900005],[100.21483104200007,13.587347987000157],[100.21479757300006,13.587374258000125],[100.21478130600002,13.58738207100015],[100.21476599600004,13.587385050000137],[100.2147506710001,13.587383667999973],[100.2147348430002,13.587380362999966],[100.21471849700009,13.587372709000078],[100.21469022900004,13.587353505000067],[100.21465252200005,13.587325171000032],[100.2146014540001,13.587293029000023],[100.21456379900008,13.587272914000096],[100.214526659,13.587258589000044],[100.2144801450001,13.58724673000006],[100.21443811100016,13.587241135],[100.21440054500005,13.587238421000166],[100.21436100300019,13.587238129000127],[100.21431307800003,13.587239809000096],[100.21426565000019,13.587241489000064],[100.2141928590001,13.587248341000077],[100.2140560520001,13.587263946000064],[100.21394370000019,13.587284224000143],[100.21376173000004,13.587312612000176],[100.21366097200007,13.587326848000089],[100.21356208500015,13.587350646000118],[100.21337470200018,13.587396989000126],[100.21330329700004,13.587415268000143],[100.21325323200011,13.58742388200011],[100.21319457800001,13.587427762000118],[100.21312428700014,13.587425711000037],[100.2130601240001,13.587425420999978],[100.2130063240001,13.587421500000119],[100.21296960700016,13.587412708999977],[100.2129316610002,13.587400939000077],[100.21286799000018,13.587378534000095],[100.2128355690001,13.587372713000093],[100.21281600500004,13.587371616000041],[100.212798293,13.587374096000076],[100.2127689990001,13.587382007000144],[100.21272874600004,13.587397741000188],[100.212676924,13.587423103000162],[100.21260932300004,13.587467071000049],[100.21256727600019,13.587492384000086],[100.2125258420001,13.587515901000188],[100.21248438800006,13.587537026000064],[100.21244720400017,13.587554548000128],[100.21241549000007,13.587567246000106],[100.21237336600012,13.587575820999973],[100.21229395700004,13.587583985000151],[100.21220477100013,13.587591588000123],[100.212129656,13.587602715000116],[100.21204722100003,13.587615669000115],[100.21190493900019,13.587637286000188],[100.21181882100018,13.587646674999974],[100.21176627000017,13.587647521000065],[100.21173446800003,13.58764289100003],[100.21171915000019,13.587636998000164],[100.21170994800013,13.587628664000022],[100.21170193300009,13.58761615800006],[100.21169452800007,13.587601246000077],[100.21168950000003,13.587574361000065],[100.2116755400001,13.587471611000069],[100.21165792000005,13.587371862999987],[100.21164717400006,13.587303167000186],[100.2116359850001,13.58726436700016],[100.2116204260002,13.587209440000152],[100.21158545300005,13.587108682000178],[100.21155893300016,13.587022370000113],[100.21154122100012,13.586955861000035],[100.21152340700007,13.586870920000024],[100.21149983500004,13.586793103000048],[100.21146611900008,13.586715330000118],[100.2114177520001,13.58660503900012],[100.21138543000006,13.586515921000057],[100.21135309500016,13.586423969000066],[100.21131766800016,13.586293778000083],[100.2112495610001,13.586003612000013],[100.21117997300007,13.585707795000133],[100.21115484100011,13.585607315],[100.21112404400014,13.585533772000076],[100.21108594300011,13.585447518000024],[100.2110550320001,13.585351312000057],[100.2110240200002,13.58523384700004],[100.21099012500014,13.585120653000047],[100.21091806000015,13.584891520000042],[100.21083158400012,13.584597206000183],[100.21078185300013,13.584438735000163],[100.21071623000012,13.584194696000111],[100.21056796200014,13.583648343000107],[100.21050732900017,13.583429185000114],[100.2103048890001,13.58325406299997],[100.20995380900001,13.583762962000094],[100.20956188500008,13.58434594500011],[100.20912912699998,13.584999666000101],[100.20889403900009,13.585363566000183],[100.20861810100018,13.585794837000094],[100.20805239999999,13.586644025000169],[100.20780371900014,13.587034852000102],[100.20740165000018,13.58764812000004],[100.20694824800012,13.588298575000124],[100.20649840300013,13.588972532000184],[100.20593959900009,13.589828389000047],[100.20558508000016,13.590340661000141],[100.20524775700005,13.590859555000065],[100.20466507400005,13.591733765000129],[100.20392522900005,13.592967988],[100.20392369200016,13.59296760000018],[100.2035007610001,13.592742145000045],[100.20332445700006,13.59265074600006],[100.20322995600014,13.592610849000039],[100.2031836910001,13.592592813000124],[100.20312958300008,13.592576733000044],[100.20308729100014,13.59256636900011],[100.20302533600011,13.592555138000137],[100.20295852800007,13.592551619000119],[100.20287994700004,13.59255391500011],[100.20282789800007,13.592558015000122],[100.20279157400012,13.59256203199999],[100.20275135900005,13.592573756000093],[100.20271314100012,13.59259219900008],[100.20268275500007,13.592605800000058],[100.20265339100013,13.59262612300006],[100.20263775600017,13.592643493000082],[100.20262902500008,13.592664673000058],[100.20262129600007,13.592690657000048],[100.20261602900007,13.592723578000061],[100.20260785000016,13.592777286000057],[100.20259752700014,13.59296174800005],[100.20258400500006,13.593069152000055],[100.20257291600012,13.593103610000071],[100.20255898600004,13.593129828000087],[100.20252677400003,13.593160265000051],[100.20250012700006,13.593175526000152],[100.2024664330001,13.59318945300015],[100.20241300700013,13.593197966000048],[100.20230606600006,13.593192981000072],[100.20215685000016,13.593175806000147],[100.20194278700012,13.593134180000106],[100.2018371630001,13.593111292000174],[100.20169203000006,13.593067955000038],[100.20152431200006,13.593008217000033],[100.20118616600013,13.592910755000162],[100.2009959610001,13.592855248000092],[100.20085503900003,13.592809143000125],[100.2007746810001,13.592776494000134],[100.20069140900017,13.592721849000156],[100.20053607600016,13.592608381],[100.20038498000014,13.592497638000168],[100.20028463200015,13.592405915000143],[100.20019976100014,13.592315496000026],[100.20012898700014,13.592230507000181],[100.20006385400018,13.592146880000087],[100.20001272500014,13.592052164999984],[100.20001184900008,13.592050041],[100.19996715200017,13.591942290000077],[100.19993006300007,13.591839255000139],[100.19991142900011,13.591771909999977],[100.19989560400012,13.59170317600018],[100.19988376100014,13.591586263000181],[100.19987760500015,13.591480322000052],[100.1998771060002,13.591381239999976],[100.19987942300014,13.591283523000186],[100.19988657099998,13.591206177000174],[100.19989500600008,13.591146348000109],[100.19991211700017,13.591076220000161],[100.19993275700011,13.591012917000171],[100.19996210400012,13.590946145000146],[100.19999495500008,13.590879366000024],[100.20002958300012,13.590821115000097],[100.20010414900008,13.590714849],[100.20016313900015,13.590639397000189],[100.20020826900014,13.590584513000067],[100.2002568850001,13.590527899],[100.20029859100015,13.590486707000139],[100.20035423500013,13.590438607000067],[100.2004081880001,13.590402466],[100.20047781100004,13.590356009000175],[100.2005457620001,13.590323227000113],[100.20061899000012,13.590298960000155],[100.20069571000005,13.590276376000077],[100.20077769900018,13.590258898000059],[100.20086151700019,13.590255078999974],[100.20095581499999,13.590254624000067],[100.20103444,13.59026107700015],[100.20113404900019,13.590274264000072],[100.20114427000004,13.590276970000104],[100.20120251700018,13.590292351000073],[100.20124682500011,13.59031232000001],[100.20128231000012,13.590337134000094],[100.20131979000018,13.590366740000093],[100.20133757100012,13.590384912000161],[100.20135241200006,13.59040694100014],[100.20136237100007,13.590434764],[100.20137040600014,13.590469314000018],[100.20137453600012,13.590509650000172],[100.20137539200016,13.590548898000065],[100.20137005600009,13.590595195000049],[100.20132845000018,13.590713681000125],[100.20124211000018,13.590888871],[100.20122682500005,13.590927480000119],[100.20122135500014,13.590959157000157],[100.20122296900007,13.591000442000109],[100.20122877600011,13.591034817000036],[100.2012444450001,13.591074648000017],[100.20145945600018,13.591304806999972],[100.20150325300017,13.591341756000134],[100.20153004100007,13.591352634000145],[100.20156379800011,13.591351095999983],[100.20160173700015,13.591341281000155],[100.20169442100018,13.591309182999964],[100.20179133100004,13.591275688000167],[100.20191489500013,13.591228301000058],[100.20201882800012,13.591193393000026],[100.20214658900011,13.591140484000164],[100.202201301,13.591109940000138],[100.20225175500013,13.591071167],[100.20229654399998,13.591025538000054],[100.20234131300009,13.590975774000015],[100.2024027380001,13.590880519000052],[100.20243607800018,13.59079779300015],[100.20245546600017,13.590735767000126],[100.20246357300005,13.59066967900003],[100.20247290500009,13.59056779700012],[100.2024772310001,13.590526979000117],[100.20248633800009,13.590441120000037],[100.20251093300004,13.590296494000143],[100.20257565800017,13.590019571000028],[100.20259495599998,13.58994103700013],[100.20260163500012,13.589869448000172],[100.20260550100005,13.589800619000073],[100.20260237600007,13.589737324000055],[100.20259365800007,13.589683697000169],[100.20257508000014,13.589625986999977],[100.20254227500016,13.589536694000174],[100.20251943900007,13.589472126000146],[100.20248389400007,13.589397985000119],[100.20242136500013,13.58927442200013],[100.20232352800008,13.589123517000132],[100.20223128000009,13.588964323000141],[100.20218727400004,13.58888610300005],[100.20209663500009,13.588766805000148],[100.2019295460002,13.588551547000066],[100.20187579100008,13.588494014000048],[100.20182637000016,13.588457093999978],[100.20176429300011,13.588422987000115],[100.20169377700012,13.588388923000139],[100.20160072500005,13.588349458000152],[100.20150210600019,13.588321037000185],[100.20141336600011,13.588299445000189],[100.20132468100013,13.588290241000152],[100.20117270100019,13.588282719000063],[100.20083070000004,13.588255462000177],[100.20064635200009,13.588245341000174],[100.20058306200013,13.588248400000111],[100.200535285,13.588259638000181],[100.2004945600001,13.588273599],[100.20044119800014,13.588294498000039],[100.20040753200004,13.588313924000033],[100.20036969800009,13.588344378999977],[100.20033475700012,13.588388592],[100.20030965400008,13.588432750000095],[100.20025647900007,13.588490799000056],[100.20021442300015,13.588519906000045],[100.20013162500004,13.58856158900005],[100.1999975240002,13.588625790000094],[100.19996321000019,13.588642218000018],[100.19984665800018,13.588685440000063],[100.19977361100007,13.588706433000084],[100.19970613300018,13.588717767000162],[100.19959083500004,13.588730708000071],[100.19952755300011,13.588735144999987],[100.19945860500013,13.588732721000156],[100.19942339100004,13.588724635],[100.19939937700019,13.58870548800013],[100.1993767030001,13.588672570000085],[100.19936101000013,13.588629985000182],[100.19936076100004,13.588580438000065],[100.19937445200014,13.588504686000022],[100.19939802800019,13.588437139],[100.19942295200008,13.588357198999972],[100.19945356000017,13.588289620000182],[100.199480016,13.588234438000029],[100.1995248130001,13.588190193],[100.19957808700008,13.588154153000062],[100.19963847200017,13.588131846000067],[100.19972276800002,13.58810804400008],[100.19980280300018,13.58807738400003],[100.19988284100003,13.588046718000157],[100.19992352200012,13.58802450200011],[100.19994874500014,13.588003740000147],[100.19997526100008,13.58796095300005],[100.19999608700016,13.587905806000038],[100.2000223120001,13.587806595000075],[100.20004444199998,13.587729423000098],[100.20004616900007,13.58772117],[100.20006778800018,13.587617832000035],[100.2000786430001,13.587536592000049],[100.20009349600014,13.587414032000027],[100.20011378700013,13.58725292600019],[100.20011871800011,13.587113903000159],[100.2001221820002,13.586962512000127],[100.2001186660001,13.58682353],[100.20011788400006,13.586668028000133],[100.20010454400017,13.58653322500004],[100.20008862200012,13.58644522700007],[100.20007430300006,13.586395750000122],[100.20005426900019,13.58632841300016],[100.20002016000012,13.586259766000069],[100.19996761600004,13.586160936000056],[100.199909504,13.586077272000068],[100.19986413700008,13.586005926000041],[100.19981314800003,13.585938737000106],[100.19976079300005,13.585879810999984],[100.19970008500019,13.585821314000043],[100.19953688500004,13.58569487900013],[100.19928025600018,13.585498458000131],[100.1989509500001,13.585266781000087],[100.19868091800015,13.585071967000147],[100.1986342740002,13.585028844000021],[100.19860352400013,13.584998029000076],[100.19858118100018,13.584960978000083],[100.19856835300016,13.584928010000056],[100.19855111900017,13.584858939000071],[100.19853064000017,13.584772340000143],[100.19851134000015,13.584712566000121],[100.19849215500011,13.584673440000131],[100.19844862900004,13.584619971000052],[100.19839662900017,13.584561396000083],[100.19835207200015,13.584513098000173],[100.19830650000011,13.584473067000147],[100.1981371220001,13.584361377000107],[100.19802916600008,13.584295841000028],[100.19795619900015,13.584262130000184],[100.19786321100008,13.584234704000039],[100.19773958600007,13.584201238000105],[100.19764557600013,13.584178982000026],[100.19754312000015,13.58415883300006],[100.19720531200011,13.584124329000076],[100.19703750300016,13.584116878999964],[100.19696152400019,13.584114145000115],[100.19689613500003,13.584119625000028],[100.19685396600016,13.584126015000038],[100.19680758300012,13.584136558000068],[100.1966822230001,13.584176385000092],[100.19655898299999,13.584217226000021],[100.19646738400013,13.584256892000099],[100.19641163100005,13.584290187000079],[100.19638433000006,13.584317149000015],[100.19637179000006,13.584339925000108],[100.19636349299998,13.584369893000144],[100.19635632800004,13.58441327700018],[100.19634528199998,13.584524801000157],[100.19632798900005,13.584652873000095],[100.19631240500001,13.584720090000076],[100.1963114610001,13.584724163000146],[100.19629275699998,13.584781021000026],[100.19627079600008,13.584820353000111],[100.196235107,13.584857674999967],[100.19617940700005,13.584901291000051],[100.19611417900018,13.58494083000005],[100.19600154900007,13.584994007000091],[100.19585938000012,13.585047325000062],[100.19575510100009,13.585084984000048],[100.195642459,13.585136104000185],[100.19544345800017,13.58521859100017],[100.19534974400005,13.585257232000117],[100.19527494900018,13.585280300000022],[100.19523384700017,13.5852908170001],[100.1951937820001,13.585296175000053],[100.19512095800013,13.585292390000177],[100.19503033500018,13.585287007000147],[100.19497636400007,13.58528379600017],[100.19459739100006,13.585249485000077],[100.19441686300007,13.58522867500011],[100.19434399800014,13.585215605000087],[100.19428801300006,13.585202455000115],[100.19423302100012,13.585176920000038],[100.19419599000014,13.585157489000096],[100.19414094400003,13.585122659000035],[100.19409114700011,13.58508263900012],[100.19398527900006,13.585009868000043],[100.19393450500013,13.58498533900007],[100.19389437000007,13.584976242000096],[100.19385741800005,13.584972287000028],[100.1938173260001,13.58497351200009],[100.19376460100005,13.584978930000148],[100.19360340000014,13.585026148000168],[100.19336320700006,13.585101608000173],[100.19310189000004,13.585172015000069],[100.1930239580002,13.585201284000107],[100.19297555500015,13.585228355000083],[100.1929524460001,13.585249107000038],[100.19292838500019,13.58529050400017],[100.19291171000015,13.585332908000112],[100.19290452400008,13.58537216000019],[100.19290687800009,13.585420653000028],[100.19292097900006,13.585496973000147],[100.19294358899998,13.585587692000104],[100.19295447900004,13.585655762000044],[100.19295788500011,13.585703219000152],[100.19295280700004,13.585743501000081],[100.19294030999998,13.585776588000101],[100.19292357800003,13.58580763100008],[100.19289840300019,13.585835616000168],[100.19287422500014,13.58585431400013],[100.19281630300014,13.585876266000128],[100.19273408200019,13.585892145000116],[100.1926043970002,13.58591030800011],[100.19253161600011,13.585915820000025],[100.19247250800004,13.585911970999973],[100.19239226300004,13.585901000999968],[100.19227922400017,13.585872638000012],[100.19217665200006,13.585827722000033],[100.19201271100007,13.585749030000102],[100.19183073900012,13.585650817000044],[100.1917265530002,13.585586565000085],[100.19172278000013,13.585584243000085],[100.19167615200001,13.585542142000065],[100.1916304990001,13.585487658000147],[100.19158688800013,13.585416653000038],[100.19154960100013,13.585345611000037],[100.19151538800003,13.585255978000191],[100.19148756000004,13.585175604000085],[100.1914792250002,13.585144080000134],[100.19146712000014,13.585098290000076],[100.19145628100006,13.585040542000115],[100.19145166200013,13.584960055000124],[100.19145020500008,13.584879561000037],[100.19145458999998,13.584702006000157],[100.1914588030001,13.584488332999967],[100.19145743600006,13.584426413000187],[100.19144671700013,13.584392404000141],[100.19143181400005,13.584366669000019],[100.1914084670002,13.584339943000145],[100.19137032600014,13.584309162000181],[100.19120420100018,13.584213970000121],[100.19099372200003,13.584112792000099],[100.19075365900017,13.584002469000097],[100.19055486100007,13.583915687],[100.19037834500006,13.583852532000037],[100.1901754490001,13.583791574000145],[100.1899957830002,13.583731533000048],[100.18988375900017,13.583694916000127],[100.1897231160001,13.583642003000136],[100.189502269,13.58357700199997],[100.18940295900018,13.583550645],[100.1893269470001,13.583542745999978],[100.18922666600002,13.583533935000048],[100.18909161600004,13.583534579000116],[100.18903360000007,13.583537955000054],[100.1889851050002,13.58354644100001],[100.18891030700007,13.583568471000092],[100.18884078600007,13.58359254200019],[100.18873968900016,13.583633285000133],[100.18846801100005,13.5837419180001],[100.18828057400009,13.58381609900016],[100.18818159900019,13.58385888600003],[100.18813531300009,13.583886978000066],[100.18810377500012,13.583909828000174],[100.1880722530002,13.583937849999984],[100.18803235500008,13.58397622400014],[100.18800303200004,13.584019721000118],[100.18799455400006,13.584037612999964],[100.18797901600004,13.584070406000137],[100.18795715600015,13.584130378000111],[100.1879447870001,13.584189271000128],[100.18793768300009,13.584245039999985],[100.1879347260001,13.584287369000037],[100.18794024100009,13.584334815999966],[100.1879478140001,13.584372973000029],[100.18796280900017,13.584417283000164],[100.18797884100007,13.584459521999975],[100.1879917240002,13.584503842000117],[100.18799296500003,13.58454099700009],[100.18799098700003,13.584567844000048],[100.18798477300004,13.584590573000071],[100.18797222500007,13.584613349],[100.18795331700011,13.584632016000057],[100.18788075800006,13.584679841000025],[100.18772298100004,13.584778643],[100.18764513400009,13.584826496000176],[100.18761890100018,13.584854484000175],[100.1876063520001,13.584877251000023],[100.18760014900005,13.584902053000121],[100.18760025700004,13.584923726000056],[100.18760984900013,13.584943300000077],[100.18776453100014,13.585071575000086],[100.18782806300004,13.585115653],[100.18784190700012,13.585142429000086],[100.18784840100011,13.58517439200017],[100.18784754500007,13.58521464600011],[100.18784039000008,13.585262160000127],[100.18782795400011,13.585307635999982],[100.18780399900004,13.58536864000007],[100.18776747900017,13.58545138900007],[100.18772248800013,13.585527980000109],[100.18769314700006,13.585569410000176],[100.18765431900005,13.585610880000047],[100.18761018000004,13.585646184000097],[100.18756181200013,13.585680475],[100.18749555700009,13.585724139000092],[100.18742294700013,13.58576370100019],[100.18736296700013,13.585794959999987],[100.18732189500008,13.585811664000119],[100.18726816500009,13.585829472],[100.18721969400008,13.585841046999974],[100.18717645600003,13.585845386000074],[100.18713003300019,13.585847672000114],[100.18707198400011,13.58584279200005],[100.18700227900013,13.585829705000094],[100.18690508200018,13.585805393000044],[100.18682477500016,13.58578203500008],[100.1867497090002,13.58575039700014],[100.1866682770002,13.585713626000029],[100.18661852600007,13.585681867000119],[100.18657299900013,13.585650089000183],[100.18654016600016,13.585625472000174],[100.1865146930001,13.585595663000106],[100.18648917700011,13.585555526000064],[100.18647314300006,13.585514320000073],[100.18646661900004,13.585476157000187],[100.18646429400007,13.585431787000061],[100.1864641430002,13.585424894000084],[100.18646292400018,13.585368836999976],[100.18646580200004,13.585312055000088],[100.18647160799998,13.585205712000118],[100.1864793430002,13.585064275000036],[100.18648210000015,13.584981687000095],[100.18647969700004,13.584922873000039],[100.18646776100013,13.584856874000025],[100.18642048600003,13.584685761000173],[100.18637764300013,13.584556944000042],[100.186317502,13.584345641000084],[100.18627777700004,13.58420855300011],[100.18625961900011,13.584163233000083],[100.18623408400003,13.584121030000063],[100.1862064890002,13.584089164999966],[100.1861789470002,13.584066589000088],[100.18614508200017,13.584046109000155],[100.1861038310002,13.584026697000127],[100.18606472700014,13.58401243100002],[100.18602035100002,13.584000255000092],[100.18593057900006,13.583984173000033],[100.185845078,13.583976314000154],[100.18561919400014,13.583959846000027],[100.18554740200011,13.583949868000104],[100.18549352300016,13.583937736000166],[100.18543750700013,13.583918395000069],[100.18537507600001,13.583881531000031],[100.18533907800008,13.583856929000149],[100.1852352890001,13.583778979999977],[100.18514738100009,13.583713342000067],[100.18509230299998,13.583670256000062],[100.1850065380001,13.583608729000048],[100.18494515800018,13.583572895000088],[100.1848542530002,13.583539273000156],[100.18475383900005,13.583503624000116],[100.18455419600014,13.583459157000107],[100.18440633500006,13.58342993000008],[100.18432821400012,13.583421005000105],[100.18427124900012,13.583423341000127],[100.1842143250002,13.583433932000048],[100.1841563860001,13.58345279100007],[100.18409533000005,13.583481978000123],[100.18402907100011,13.583524609000165],[100.18396600500006,13.583574455000019],[100.18392613500015,13.58361902500019],[100.18387584200013,13.583690486000137],[100.18380779200004,13.583796082000163],[100.18373976300018,13.583909942000162],[100.18363519200017,13.584100352000121],[100.18358916300014,13.584180047000075],[100.18357772900009,13.584213130000023],[100.1835737360002,13.584259595000049],[100.18357392000007,13.584296755000139],[100.18357413000007,13.584339069000066],[100.18357852800006,13.584374143000105],[100.18359031500006,13.584412279999981],[100.18360629200004,13.584442133000039],[100.18364994000012,13.584520370000064],[100.1836903210002,13.58457694600014],[100.18373389000016,13.584639696000181],[100.18379438600016,13.584710630000188],[100.183858021,13.584777417000112],[100.18392166000007,13.584843171000045],[100.18400325300013,13.58491297200004],[100.18406895800013,13.584971485000153],[100.18414835100003,13.585023745000058],[100.18420442000019,13.58505341700004],[100.18428582300004,13.585085025000126],[100.18435452100005,13.585108439000123],[100.18440842600018,13.585125725000125],[100.18442854800008,13.58514111500017],[100.18444973600003,13.585158567000178],[100.18446465900013,13.585188425000183],[100.1844722400001,13.58522863900015],[100.18447144600003,13.585281287000043],[100.18446464700014,13.585398980000093],[100.18444872600014,13.585531564000064],[100.18444134200007,13.585593135000067],[100.18442211300015,13.585757334999983],[100.18439607600004,13.585915880000073],[100.18439548200018,13.585919511999975],[100.18438105500013,13.585989760000132],[100.18436445499998,13.586045575000014],[100.18433941700005,13.586103495000032],[100.18430704300005,13.586170738000021],[100.18426938400006,13.58623698100007],[100.184235861,13.5862856440001],[100.18420917300011,13.586316382000177],[100.184181292,13.586339573000032],[100.18414970800006,13.586359182000137],[100.18409456600011,13.586383227999988],[100.18395187700014,13.586434362000148],[100.18384966800011,13.586475204000124],[100.18378200100011,13.586500033000164],[100.18372540800016,13.5865284140001],[100.18369529200015,13.586546574000181],[100.18365930400017,13.58656980600017],[100.18364095200008,13.58658358700012],[100.18360940900004,13.58661113200003],[100.18358669500014,13.586637188000054],[100.18354132400003,13.5867008190001],[100.18346301600013,13.586807144999966],[100.18335613500005,13.586946756000088],[100.18326681500014,13.587062501000162],[100.18321042500008,13.587131958000157],[100.18311214600004,13.587222522000161],[100.1830519610001,13.587268937000033],[100.18300784500019,13.587289328],[100.18296888600008,13.58730608500008],[100.18293208500012,13.587314187],[100.1829011430001,13.587315774000047],[100.18287386800006,13.587313750000078],[100.1828532090002,13.587308073000031],[100.18282367300003,13.587294519000181],[100.1827911420001,13.587272339000094],[100.18273047100018,13.587220730000183],[100.18267790800019,13.587171963000173],[100.18264670100018,13.58714343600019],[100.18260465300006,13.58711630099998],[100.18252766100005,13.587085908000063],[100.1824646880001,13.587067420000096],[100.18239650900006,13.587054074999969],[100.18229170900008,13.58705115600003],[100.18215547400013,13.587050088000126],[100.1820663700002,13.587043679000033],[100.18200167200018,13.587028604000125],[100.18193513300008,13.586993041000085],[100.18185456200007,13.586947302000112],[100.18177917500014,13.586889566000139],[100.18170198000007,13.586818182000115],[100.18153182300011,13.586668645000088],[100.18146159700018,13.586593810000181],[100.18138084000014,13.586508767000169],[100.18128595200011,13.586393040000075],[100.18128528800003,13.586392149000119],[100.18125963800003,13.58635737200018],[100.1812419920002,13.586333459000059],[100.18123127600018,13.586285667000027],[100.18122401300002,13.58622933100014],[100.18122690600018,13.58616321500017],[100.18122715000004,13.586157557000092],[100.18124049500017,13.586031065999975],[100.18125564100018,13.585914827000067],[100.1812859330002,13.585684043000128],[100.18130280600008,13.585564369],[100.181306436,13.585482570000067],[100.18130908800003,13.585422543],[100.18131959200002,13.585073970000053],[100.181313951,13.584993699000051],[100.18129978600018,13.584954471000174],[100.18127868500011,13.584925533000103],[100.1812401570001,13.584903502000145],[100.18114393200005,13.584869783000102],[100.18102151800008,13.584837908000054],[100.18100264700018,13.58483308000018],[100.1809165910002,13.58481107200015],[100.1806770390001,13.584752410000078],[100.1804829780001,13.584712327000034],[100.18016301699998,13.584640378000017],[100.17977138900011,13.584558518],[100.1795563550001,13.584515110000154],[100.17925390900012,13.584453336000024],[100.17917523300014,13.584436625000137],[100.17909474900006,13.58440625500009],[100.17901245600012,13.584363931000155],[100.17893536100001,13.584314747000178],[100.17882143000008,13.584229860000164],[100.17871973600006,13.584150045000058],[100.1786947990002,13.584124496000186],[100.17862845200011,13.584056511000142],[100.17847047100014,13.583894961999988],[100.17838804900003,13.583827015000168],[100.17832149400016,13.583788033000133],[100.17828298100005,13.583769420000067],[100.17823925900018,13.583757672],[100.17819733000016,13.583754454000086],[100.17815018900006,13.583758093000142],[100.17809783300004,13.583765175],[100.17801440300002,13.583788628999969],[100.17787496300002,13.58384395400003],[100.17775413200008,13.583896923000054],[100.17763334500012,13.583958995000046],[100.1775159340001,13.584019250000154],[100.17750792300006,13.584023365000064],[100.17737089399998,13.584096912000177],[100.17719661900003,13.584172901000159],[100.17708733000018,13.584205316000123],[100.17701289700011,13.584221603000117],[100.17694303300004,13.584221933000151],[100.17687542900012,13.584206316000177],[100.17679602700014,13.584161127000073],[100.17665119000014,13.584066142000154],[100.17643839200014,13.583884904000058],[100.17630275700014,13.583769376000078],[100.17618828400003,13.583694738000133],[100.17612758500007,13.583663137000087],[100.17607625900007,13.583645156000102],[100.17602036700009,13.583643142000142],[100.17594587800005,13.58364804900009],[100.17565494500002,13.583679032000077],[100.17536167400004,13.583707756000138],[100.17515453300018,13.583729224000137],[100.17493574700006,13.583750765000048],[100.17476119300017,13.583769809000046],[100.17463326300003,13.583800023000038],[100.17452869000005,13.583679565000011],[100.17445065600015,13.583597101000123],[100.17437987800014,13.58355255700019],[100.17428425200006,13.583480523000105],[100.17412870700008,13.583419129000163],[100.17399775000013,13.583336915000075],[100.17397629000016,13.58327833900006],[100.17399013200003,13.583223051000118],[100.17403567600007,13.583157257000153],[100.17411284200006,13.583063696000124],[100.17419707300019,13.582973565000032],[100.17448190200008,13.582775485000184],[100.17487923300018,13.58249749600003],[100.17512538900007,13.582327204000137],[100.175484116,13.582090812000104],[100.17571509700002,13.581938601000047],[100.175726784,13.581930900000032],[100.1758674400001,13.581833589000041],[100.17606791700013,13.581704936000165],[100.17616627100006,13.581614738000155],[100.17629274400014,13.581503694000048],[100.17640866500005,13.58139959700003],[100.17652116000005,13.58131622500008],[100.17664788800005,13.581256960000019],[100.17674300400012,13.581225443],[100.17686993500018,13.58120758300015],[100.17702870400012,13.58120683400017],[100.1773922750001,13.581236187],[100.17800303700017,13.581309230000102],[100.17823285499998,13.581316346000165],[100.17829106100004,13.581313484000077],[100.17832802200013,13.581297771000152],[100.17836740900009,13.581235466000066],[100.17844344200012,13.581090140000072],[100.17850388700003,13.581007014000136],[100.17855388400017,13.580949833000147],[100.17861181000018,13.580890018000048],[100.17867512800007,13.58085088900009],[100.17876233800018,13.580827179000096],[100.17887340800013,13.580813712000122],[100.17900574900017,13.580818260000171],[100.17909326600005,13.580856683000036],[100.17914134400013,13.580889386000024],[100.17919151000018,13.580923521000102],[100.1793055400002,13.580972165],[100.17940894500015,13.581013092000092],[100.17950168900018,13.58103853900019],[100.17962359600006,13.581074204],[100.17973208500007,13.581073691000086],[100.17986435000006,13.581062708000161],[100.18005213400016,13.581043703999967],[100.1802293400001,13.581024741000078],[100.18043568899998,13.58101341500003],[100.18062888000009,13.581015088000129],[100.18077176100007,13.58101182400003],[100.18094649400007,13.581029114000046],[100.18110804100002,13.581054235000067],[100.18121670700015,13.58108737700013],[100.18136244800002,13.581128100000058],[100.18145645800018,13.581141419000176],[100.18156937800012,13.581144327000061],[100.18171047600003,13.58113675500016],[100.18178095700011,13.58111916900009],[100.18183369200011,13.581080947000146],[100.18185796400019,13.580994549000081],[100.18192722200007,13.580731903000014],[100.1820383050001,13.580362064000099],[100.18227449600016,13.579608510000071],[100.18249975900005,13.578785985000138],[100.18253490900014,13.578758202000074],[100.18258425100015,13.578747612000086],[100.18263720900006,13.578754264999986],[100.18272915100005,13.578795246000084],[100.1828176250001,13.578850049000096],[100.18288817300004,13.578846271000145],[100.18294447,13.578814935000025],[100.18298997500011,13.578742238000189],[100.18307335500009,13.578479524000102],[100.18312078600002,13.57831993000002],[100.18320176200018,13.578047483000148],[100.1832364940002,13.577936862000115],[100.18333049200015,13.577681002000134],[100.18338637800014,13.577566847000185],[100.18347736300012,13.577414545000181],[100.1835860010001,13.577265611000087],[100.183662835,13.577106480000168],[100.18371853100018,13.576954344],[100.18379887800018,13.576791744000047],[100.18386182100016,13.576677546000042],[100.1839039410001,13.576635923000083],[100.18397093600004,13.57662525800015],[100.18404149100007,13.576624923000054],[100.18421090300006,13.57663446600003],[100.18461346200007,13.576701594000099],[100.18501260400006,13.576792885000089],[100.18535508400015,13.576839579000023],[100.1854059010002,13.576844430000165],[100.18549275300012,13.57685273100003],[100.18558441200014,13.576838489000124],[100.18563716300014,13.57680372599998],[100.18567918900004,13.576741397999967],[100.18574123100007,13.576627902000041],[100.18579458100004,13.576530305],[100.18596387600007,13.575808134000056],[100.18594918900004,13.575649171000123],[100.18546321600007,13.575657010000157],[100.1835928810001,13.575704585000096],[100.18273375100006,13.575736302000166],[100.18197900700017,13.575751931000127],[100.18068214800007,13.57579122300018],[100.17963789800018,13.575823293000155],[100.1786798980001,13.575854942000035],[100.1779744970001,13.57587937500017],[100.17792998200008,13.575880317000042],[100.17706264500015,13.575898741000174],[100.1758766370001,13.575925433000066],[100.17506650000013,13.575953361000074],[100.17430255000016,13.575975041000106],[100.1734647180001,13.576009124000166],[100.17253753900019,13.576043626000171],[100.17163813000013,13.576087024],[100.17074792500011,13.576121344],[100.16987622300007,13.576161605000095],[100.16902604000018,13.57618970100009],[100.16825910200015,13.576232465999965],[100.16714701500007,13.576255763000063],[100.16640463400017,13.576280326000017],[100.16564386100004,13.576323064],[100.1646981520002,13.576348581000104],[100.1637232240002,13.57638678800015],[100.162400758,13.576441174000024],[100.16158763400006,13.576489166999977],[100.16171214900015,13.57621742100008],[100.16186788800013,13.575741374000017],[100.161930644,13.575403213000016],[100.16202801600008,13.574961790000032],[100.16211347600006,13.574480349000055],[100.16216348600011,13.573930350000126],[100.16226484800012,13.573105228000031],[100.16239402200017,13.571982191000131],[100.16262465900013,13.570056934999968],[100.16281382900019,13.568594126],[100.16300794500006,13.567208070000106],[100.16312805800015,13.56617991200011],[100.16321511100017,13.565486901000043],[100.162984806,13.56547473],[100.16293679700004,13.56545660800009],[100.16288346200014,13.565416084000162],[100.16273901900018,13.565278137000178],[100.16258424800009,13.565159609000148],[100.16250685500017,13.56509881900007],[100.16246611300016,13.565077601000098],[100.16241918500003,13.565066605000084],[100.16234725700014,13.565058793000162],[100.1622471890002,13.565049070000157],[100.16217105700008,13.56503209300007],[100.16203546600019,13.565001126000084],[100.16188735400016,13.564966138000045],[100.16168187800002,13.564919200000077],[100.16152534400004,13.564866927000082],[100.16141473900007,13.564831765],[100.16129364000005,13.564780344000098],[100.16119232900013,13.564729857000088],[100.16107009400002,13.564660096000125],[100.1610398160002,13.564646982999989],[100.16096271000004,13.564645302000145],[100.16078363500009,13.564669585000104],[100.16065971300009,13.564681372999985],[100.1605930460002,13.56468473800004],[100.16053156100014,13.564680944000088],[100.16045649600011,13.564670081000145],[100.16034700600011,13.564651229],[100.16025109400016,13.56463842300019],[100.16010414400006,13.564626878000013],[100.15992908600015,13.56462157300001],[100.15980305400018,13.564628277000054],[100.15971658800015,13.564629694000075],[100.15965412800011,13.564641196000139],[100.15954903700003,13.564667164000184],[100.15934403600005,13.564718061],[100.15922224600013,13.564740027000084],[100.15914518500006,13.564747517000171],[100.1590545590002,13.564751003000083],[100.15900871100013,13.564748151],[100.1589429980001,13.564734189000092],[100.15883867600019,13.564705115000038],[100.15870102400015,13.564679259],[100.15865099400008,13.564674397000147],[100.1586197530001,13.56467657100012],[100.15857810699998,13.564682884000035],[100.15852609800004,13.564699432000168],[100.15845020300009,13.564733422000131],[100.15829004000005,13.564792257000136],[100.15815798500006,13.564844854000114],[100.15803631400001,13.564891284000055],[100.15793129000002,13.564933558000178],[100.15786471700011,13.564954253000053],[100.15776793000003,13.56497712600003],[100.15767527600019,13.564990799000043],[100.1576065340002,13.564996221000115],[100.15747006900017,13.564998893000165],[100.1572887750001,13.56499769400017],[100.15707836500007,13.565006827000104],[100.157033598,13.56501110500011],[100.1569930240002,13.565024544999972],[100.15696704300012,13.56503791700004],[100.1569473580002,13.56506144900004],[100.15692565900008,13.565098242000147],[100.15690711800005,13.565142154000057],[100.15688752,13.565181992000134],[100.15687096100015,13.565204494000056],[100.15684811200015,13.565219892000073],[100.15679612300016,13.565242556000157],[100.15671083200016,13.565270471000076],[100.15660093800011,13.56529843700008],[100.15644180500016,13.565329978000136],[100.15626416300006,13.56536523300008],[100.15613275400011,13.565385777000017],[100.15595499900002,13.56539565900016],[100.15578466000005,13.565409126000077],[100.15567362000013,13.565427765000152],[100.155573726,13.565453593000143],[100.15549049700013,13.565477533000148],[100.1553332220002,13.56551269400012],[100.155246235,13.565523964000022],[100.15517214400018,13.565524307000146],[100.15504987300011,13.56551943400018],[100.15486094700009,13.565516688000116],[100.15467380600018,13.565503056000068],[100.15452742300005,13.565491047000023],[100.1544143590001,13.565473454000085],[100.15431423500019,13.565452170000128],[100.15414546600016,13.565407651000044],[100.15385427700011,13.56532383400014],[100.1536780990001,13.565279348],[100.15351497000006,13.565249298000026],[100.15345909000001,13.565240453000058],[100.15338150800017,13.565228169000136],[100.15331353800008,13.565215372000068],[100.15324061400008,13.565201645000059],[100.15311607400008,13.565173526000137],[100.153004797,13.565145055000187],[100.1528662840002,13.565099786000076],[100.15271534600015,13.56503766600008],[100.15256685800011,13.564973124000062],[100.15240105800007,13.564903825000101],[100.15218482400013,13.564789174000111],[100.152255519,13.56466671100003],[100.1523374370002,13.564543128000025],[100.15241290800014,13.5644344480001],[100.15249960700015,13.564342863999968],[100.15261006900005,13.564202226000077],[100.15272601500004,13.564078280000103],[100.1528210960002,13.563984381000068],[100.15293558200005,13.563862782000058],[100.15300902299998,13.563783850000107],[100.15309535100005,13.563675122000177],[100.1531772890001,13.563557913000125],[100.15320526800019,13.56350994800016],[100.15324189400019,13.563447166000117],[100.15327388900005,13.563328068000033],[100.15332094800016,13.563181284000166],[100.15338092600012,13.5630131960001],[100.15345186200017,13.562864185000137],[100.15354437800016,13.562689582000132],[100.15363022500009,13.562481021000053],[100.15369006900005,13.562285328000087],[100.15373298200012,13.562178919000075],[100.15380180400012,13.562042664999979],[100.1538749990001,13.561914882000167],[100.15394612000017,13.561804097000163],[100.15402376500015,13.561697537000043],[100.15410374200007,13.561622822000174],[100.15419019000012,13.56153958100009],[100.1542959640002,13.561413767000033],[100.15441680000004,13.56125602000003],[100.154567741,13.561040793000075],[100.15465609000012,13.560902320000082],[100.15474867700004,13.560742577000099],[100.15483892200018,13.560546744000135],[100.15491619000016,13.560361588999967],[100.15496325800012,13.560216933000106],[100.15498865400014,13.56008087000015],[100.15501602000006,13.559902323000188],[100.15504067600017,13.559613331000094],[100.15506083000002,13.559290368000063],[100.15508963200011,13.558961002],[100.15515008900007,13.5584424380001],[100.15518760300012,13.55811727600019],[100.15523776900005,13.55771559100009],[100.15527375500017,13.557524246000128],[100.15531423300013,13.557364753],[100.15535923800002,13.557241347000115],[100.15542794600003,13.557083842000111],[100.1554859090001,13.556947637000121],[100.1555524060002,13.556793787],[100.15559478600017,13.556717135000099],[100.15563840400006,13.556645242000059],[100.15566751400013,13.556605679000086],[100.1557015210002,13.556564891999983],[100.15578897700016,13.556466514000022],[100.15586185200004,13.556384926000021],[100.1559031320001,13.556333368000026],[100.15594932600004,13.556290132000186],[100.15600169600009,13.556258829000171],[100.1560540970001,13.556235888000117],[100.15610779600019,13.556227271000068],[100.15615175100015,13.556227068000112],[100.15620309200006,13.556236389999981],[100.15624468400011,13.55624934399998],[100.15628265600009,13.556273059000091],[100.15630964100006,13.556298027000025],[100.15633304400012,13.556337347000067],[100.15637628399998,13.556441096000071],[100.15640960600007,13.556512632000135],[100.15651167200019,13.556656730000157],[100.15657804500006,13.556746035000174],[100.15660997900005,13.556782926000096],[100.15664429400016,13.556807858000013],[100.15668469400009,13.55682798700019],[100.15673117500012,13.556842107000136],[100.15676905400016,13.556846709000126],[100.15683011600004,13.556845235000026],[100.15688870100018,13.556837794000046],[100.15694235500018,13.556822006000118],[100.15702036700009,13.556789386000105],[100.15708247300006,13.556754454000043],[100.15716656300009,13.556717027000047],[100.15723605200009,13.55669160399998],[100.15732265400015,13.556668506000051],[100.1573909600001,13.556651468000041],[100.15748735500017,13.556634290000034],[100.15759599900008,13.556623033000108],[100.15767408800008,13.556608332000053],[100.15774727100018,13.556588870000041],[100.15781312000001,13.55656826000012],[100.15786427800003,13.556541739000124],[100.1579129550002,13.556504467000082],[100.15795181000016,13.556458890000101],[100.15797236100013,13.556414589999974],[100.15799157700013,13.556346395000105],[100.15801189800015,13.556256688000076],[100.15802876700019,13.556208821000098],[100.15805294400019,13.556158525000058],[100.15807842300006,13.556123754000112],[100.15810760200009,13.556094943000119],[100.15813555900019,13.556068530000118],[100.15817088200015,13.55605044400005],[100.15821234100014,13.556035915],[100.15827457300014,13.55602487200008],[100.15832585600003,13.55602224200004],[100.15839304500014,13.556026716000076],[100.15845414200015,13.556034793000094],[100.15850062900017,13.556050108000022],[100.15858998600004,13.556092706000186],[100.15864263600008,13.556121138000037],[100.15868302500019,13.556138872000076],[100.15873563200017,13.55615655300005],[100.15878818900018,13.55616587000003],[100.1588260630001,13.55616928000012],[100.15888590300005,13.556169002000104],[100.15892983400005,13.556161627000108],[100.15898594200007,13.556145828000126],[100.15907976500012,13.556102379000038],[100.1592235170001,13.556028831000162],[100.15938055500015,13.555924152000102],[100.1594863590002,13.555831664999971],[100.15958249500017,13.555760722000059],[100.15968221000014,13.555673040000102],[100.15977338700014,13.555586589000143],[100.15983051900008,13.555530174000182],[100.15986324600004,13.555481031000113],[100.15988619400014,13.55542715700011],[100.15989330100012,13.555381717000046],[100.15989068300007,13.555345892000048],[100.15988442500009,13.55531366200006],[100.1598720390001,13.555279065000093],[100.15985726200006,13.555254043000161],[100.15983395100017,13.55523145300009],[100.15980335300014,13.555217256000049],[100.15976666400019,13.55520667400009],[100.15972512000013,13.55520208200005],[100.15963838000005,13.555196515000034],[100.15940014000006,13.555176114],[100.15926691200008,13.555155226000068],[100.159182564,13.555138888000158],[100.1591214250002,13.55512245],[100.15907981000004,13.555104709999966],[100.159052857,13.5550869220001],[100.1590356480001,13.555064302000176],[100.1590184000001,13.555032114000028],[100.15900603500006,13.55499991],[100.15899855100014,13.554967695000073],[100.15899470700003,13.554930667000065],[100.15899450400008,13.554888855000172],[100.1590085860002,13.554770501000121],[100.1590214530001,13.554654546000052],[100.15902461200011,13.554550580000125],[100.15901921400018,13.55444426400004],[100.15900649500009,13.55433918100016],[100.15899253300017,13.554230520000146],[100.15897489400004,13.554119483000079],[100.158957272,13.554012029000091],[100.15894717200007,13.55394277900001],[100.15894564300004,13.553880657000036],[100.15895640300005,13.553832818000103],[100.15896847100015,13.553801693000082],[100.1589902980001,13.553769333000048],[100.15901827900018,13.55374650400006],[100.1590560350001,13.553726013000016],[100.15909384500003,13.5537162870001],[100.15914270400009,13.553718442000047],[100.15920134700008,13.553722954000023],[100.15930040600017,13.553751163000186],[100.1594532950001,13.553799444000163],[100.15958293900019,13.553837070999975],[100.15963793800006,13.55384757700017],[100.15970145400013,13.553848476000155],[100.15974417500001,13.553844693000087],[100.15978566500007,13.55383612999998],[100.15984053000011,13.553819155000099],[100.15989048200015,13.553793831000121],[100.15998545600019,13.553734847000044],[100.16007917700006,13.553668698000024],[100.1601570320002,13.553606210000169],[100.16022510300002,13.553541365000058],[100.1602870800001,13.553477756000177],[100.1603319850002,13.553420194000068],[100.16035979800006,13.553362714000059],[100.1603936100002,13.55328250700012],[100.16043583800013,13.553177169000094],[100.16045506700004,13.553113752000115],[100.160470654,13.55305274300008],[100.16047894500008,13.55300013800013],[100.16048229600011,13.552935600000069],[100.16047832400011,13.552872291000085],[100.16047442400014,13.552823328000045],[100.16046684500014,13.55277197900017],[100.16044339900014,13.552723106000087],[100.16037936200007,13.552611092000063],[100.16032389300005,13.552507400000025],[100.16028317700005,13.552420368000071],[100.16024860500005,13.552344057000084],[100.16023002999998,13.552291575000027],[100.1602224660001,13.55224262000013],[100.16022469700016,13.552198404000023],[100.160233,13.55214818200011],[100.16024491800016,13.55208838100009],[100.1602581250001,13.552040531000046],[100.16027503300006,13.552001022000013],[100.16029681200018,13.551959109000052],[100.16031862600005,13.551924356000086],[100.16035629200013,13.551884751000102],[100.16039401000006,13.551854708000178],[100.16043418000004,13.551829429000122],[100.16048174000002,13.551814870999976],[100.16053055800018,13.551808667000046],[100.16058796400011,13.551809602],[100.16064661200016,13.551815297000019],[100.16071995700014,13.551829294000015],[100.16078355600013,13.551849313],[100.16084963600008,13.551876483000115],[100.16091455700007,13.551915618000066],[100.16098440600007,13.551964276000035],[100.16104202500014,13.552010608000103],[100.16110711300018,13.552084375999982],[100.16114520500014,13.552133192000156],[100.16117852800016,13.552204726000184],[100.16121430200008,13.55227983399999],[100.16125155000015,13.552405118000081],[100.16128139500006,13.552513706000184],[100.16129528600004,13.55260923100019],[100.16130537300006,13.552673694000077],[100.16131783100019,13.552725020000082],[100.16133633600003,13.55276316200002],[100.16136333500009,13.552790521000077],[100.16138906300006,13.552807133000044],[100.16142454000004,13.552818914000056],[100.16146118800009,13.552821126000026],[100.1615332230001,13.552818409000054],[100.16159911900002,13.552807348000158],[100.161654,13.55279155500017],[100.16170392900017,13.552761454000063],[100.1617501550001,13.552725394000106],[100.16180976400017,13.55267612700004],[100.161880273,13.552610095000091],[100.16194224100019,13.552546478000068],[100.16202250000015,13.552475607000133],[100.16210881000018,13.552392764000103],[100.1621537790001,13.552348349000113],[100.162181708,13.552314766000052],[100.16220957900009,13.552269230000036],[100.16223611800007,13.552202203000093],[100.16228667900009,13.552051419],[100.16232872600011,13.551909045000173],[100.16234791200009,13.551834873000075],[100.16240571800006,13.551667326000143],[100.16244072800015,13.55158472000005],[100.1624648990001,13.551532039000051],[100.16248058100012,13.551492538000048],[100.1624853020001,13.55145787400005],[100.16248634100009,13.551420823000058],[100.1624788330002,13.551383820000126],[100.16246024300006,13.551327756000092],[100.16242925900013,13.551235897000083],[100.162408197,13.551172664999967],[100.16239701300015,13.551133295999989],[100.16239437700011,13.551093871000035],[100.16239658900014,13.551046070000098],[100.16240614000009,13.551000619000149],[100.16244117300005,13.550922800000023],[100.16246898700007,13.550865317000103],[100.16248950800008,13.550815039000042],[100.16249903200014,13.550766012000167],[100.16250968100007,13.550695465000103],[100.16252028200012,13.550615365000056],[100.16253348600014,13.550567514000079],[100.16255407400007,13.55053276600006],[100.16260505100013,13.550468009000099],[100.16265358900006,13.550402068999972],[100.16269965800007,13.550333750000107],[100.16273228400007,13.550261908000039],[100.16278895800014,13.55011228899997],[100.1628357690002,13.54994600100008],[100.16285369000019,13.549862283000095],[100.16286787400014,13.549765435999973],[100.16287230800015,13.549673412000175],[100.16287547900015,13.549571840000112],[100.16287026700007,13.549503759000117],[100.16286017400017,13.54943809200006],[100.1628378200001,13.549361731999966],[100.16281549600006,13.549291337000113],[100.16278342700014,13.549226965000116],[100.16275025800013,13.54918649800004],[100.16271836800018,13.549159163000184],[100.16268289400011,13.549146182000072],[100.16261685000012,13.549126183000112],[100.16255690100007,13.54910376200013],[100.1625177050002,13.549080047000018],[100.16248459100012,13.549051525000152],[100.1624649220002,13.54902413100001],[100.16245008700008,13.548987164000096],[100.16244256300018,13.548946578000084],[100.16244948900004,13.548864103000085],[100.16246376100014,13.548785179000163],[100.16247451900017,13.548737335999988],[100.1624865550001,13.54870143800008],[100.16250351700006,13.548672682000188],[100.16252539900012,13.548652266999966],[100.1625594960002,13.54863299200008],[100.16259240600004,13.54861970100012],[100.16265704100016,13.548600278000038],[100.162749711,13.548571172000095],[100.16284726100008,13.548539649000077],[100.16296914200012,13.548490100000151],[100.1630190730001,13.548462384000175],[100.16306047200004,13.548435908000101],[100.16309086000007,13.548407091000115],[100.16311388100013,13.548369947000083],[100.16312592800017,13.54833642900013],[100.16313186800011,13.54830175900014],[100.16313170500018,13.548268299000028],[100.16312899800005,13.548214551000171],[100.16309875400003,13.548022331000084],[100.16308335000019,13.547868261000133],[100.1630780960001,13.5477918200001],[100.16307786300018,13.54774403100015],[100.16308257200012,13.547708165000017],[100.16309341900006,13.547678246000146],[100.16311157900014,13.547645902000113],[100.16313954200001,13.547619488000066],[100.16317358900011,13.547589454000047],[100.16322107500014,13.547560555000075],[100.16328807200006,13.547525601000189],[100.16343552000018,13.547458001000109],[100.16352892800012,13.547402599000122],[100.16363142700015,13.547325849],[100.16374578400013,13.547239502000082],[100.16380941900013,13.547187301000122],[100.16383851300003,13.547157492000053],[100.16386431000012,13.547118181000087],[100.16388252500013,13.547079956000175],[100.16389633800014,13.547025859000087],[100.16390470200008,13.546964381000123],[100.16390877000009,13.546908211000073],[100.16390748100008,13.546867959000167],[100.16390397600003,13.546815003],[100.16389291500013,13.546767387000159],[100.1638764860001,13.546727204000149],[100.16385571000012,13.546685982000099],[100.16382518500018,13.546643747000076],[100.16377836500004,13.546591001000138],[100.16371419600017,13.54653197000016],[100.16361198200002,13.546444520000023],[100.16355864400009,13.546387558999982],[100.16353027800005,13.546344253000143],[100.16350509900019,13.546286100000032],[100.16344364600013,13.546119010000098],[100.16339770200005,13.546023873000138],[100.16332233700012,13.545890743000086],[100.16325777000003,13.545749084000022],[100.16317322700007,13.545510051000065],[100.16309841700007,13.545266733000176],[100.16302812200007,13.545062603000133],[100.16296785400004,13.544914561000155],[100.16292635600018,13.544842719000087],[100.16287838099998,13.544775136999988],[100.16284568500015,13.54473185200004],[100.16266384100004,13.544522935000089],[100.16252366600008,13.544372660000022],[100.16247100500004,13.544313910000142],[100.16244647700017,13.544280060000176],[100.162425589,13.544243209000058],[100.16241448400007,13.544214654000086],[100.16240086600004,13.544169427000156],[100.16238732000016,13.544139692000101],[100.16236954300018,13.544115346000012],[100.16233710300014,13.544083908000118],[100.16226120400017,13.54400620500013],[100.16217674400013,13.543923166000127],[100.16215347200017,13.54389705200009],[100.16213138500018,13.543864382000038],[100.16211722800017,13.543832868000095],[100.1621140520001,13.543807253000011],[100.16211393100019,13.543782223999983],[100.16211863400014,13.543745264000165],[100.16212263900019,13.543692802000066],[100.16212193000001,13.543671350000068],[100.16211447500007,13.543641586000092],[100.16210017500009,13.543582660000027],[100.16209764400014,13.54356301100006],[100.16210060100013,13.54354571000016],[100.16210901700015,13.54352302600006],[100.16211624800007,13.543506905000072],[100.16212651500012,13.54348778900004],[100.1621477020002,13.543461468000089],[100.16217498200018,13.543435720000105],[100.16220529500009,13.543406383000104],[100.16224896400007,13.543368039000086],[100.16229692500002,13.543336236000073],[100.16235402400008,13.543303789000106],[100.16240445700004,13.543279718000178],[100.16247012700018,13.54325616500006],[100.16257777800007,13.543224085000077],[100.162689655,13.543184832000122],[100.16275231700007,13.543170238000187],[100.16278882300008,13.543161726000164],[100.16281132300014,13.543153276],[100.16283380300007,13.543142446],[100.16287691400015,13.543115432999969],[100.16291763400017,13.54309617299998],[100.16294135400017,13.543089503000147],[100.16296569600001,13.543085222000059],[100.16299979700011,13.543083271000171],[100.16304972800009,13.543081847000053],[100.16310454100005,13.543080401000111],[100.16314106000016,13.54307487200009],[100.16317999300009,13.543066348000082],[100.1633016630002,13.54303538300013],[100.1633399710002,13.543022696000037],[100.16335819200003,13.543011884],[100.16336424000013,13.543002922000028],[100.16336723500012,13.542992179000066],[100.16336714600004,13.542973702000097],[100.16336081900016,13.542924872000128],[100.16335205100012,13.542875446000096],[100.16333540100015,13.542834406999987],[100.16331207900004,13.542798169000037],[100.16328939000016,13.542766093000012],[100.16328322900011,13.542751820000035],[100.16328130400007,13.54273037400003],[100.16328365600003,13.542713086],[100.16329024700013,13.542691600000182],[100.16331134400002,13.54264681],[100.16332461000007,13.542619335000154],[100.16332874300014,13.542591303000165],[100.16332496600012,13.54256630000009],[100.16331511300007,13.542544291000183],[100.16329736700004,13.542528287999971],[100.16327721400006,13.54251646299997],[100.16324853300006,13.542506471000024],[100.16321989800014,13.542502428000148],[100.16316142400007,13.54250270000017],[100.16311514900008,13.542505890000086],[100.16307069600003,13.542507298000032],[100.1630469110001,13.542502040000102],[100.16302617000008,13.542493794000166],[100.16300477800007,13.542479590000028],[100.16298336900019,13.54246002800005],[100.16296680600016,13.542436859000134],[100.16295020900009,13.542404756000053],[100.16293112400018,13.54236432900018],[100.162922466,13.542335161999972],[100.16291372500007,13.542291705000025],[100.16290501100008,13.542254798000101],[100.16289755300016,13.542224442000077],[100.16288646800007,13.542199465000067],[100.16286625100008,13.542174529000135],[100.16284363300014,13.542156766000176],[100.1628106550001,13.542139041000041],[100.16277711100014,13.542129061000082],[100.16273808500011,13.542120307000062],[100.16271428300013,13.542109691000064],[100.16270509800017,13.54210079000012],[100.16269468100006,13.54208713700018],[100.16267748000018,13.542056819000152],[100.16266577500016,13.542030660000023],[100.1626467000001,13.54199022500012],[100.162629519,13.541964084000028],[100.1626129870001,13.541945690000091],[100.162589718,13.541920179000044],[100.1625432460001,13.541882846000078],[100.1624943380001,13.541846123000141],[100.16239047000005,13.541778078000107],[100.16232385100011,13.541730711000184],[100.16231161299999,13.54171885900007],[100.16230849700008,13.541705162000085],[100.162309655,13.541693239999972],[100.16231750000003,13.54167711499997],[100.16233319000008,13.541646647000164],[100.16234522500014,13.54161798399997],[100.16234817600008,13.541597718000105],[100.16234746000003,13.541575076000186],[100.16234247500006,13.541551852],[100.16233323000012,13.541530450000039],[100.16231546800009,13.541509078000047],[100.16228485600004,13.541477040000075],[100.1622377970001,13.54144329400009],[100.16221215000002,13.541430295000168],[100.1621901920002,13.541423845000168],[100.16216276900013,13.541420397000081],[100.16210550800008,13.541418878000059],[100.16205615400008,13.54141493300017],[100.16202931700008,13.541407315000072],[100.162013435,13.541397854000081],[100.16199752900013,13.541383624000161],[100.16197853900019,13.54136047500009],[100.16195459400006,13.541322447000141],[100.16191349500014,13.541261851000115],[100.16188780100009,13.541238733000114],[100.1618706970001,13.541228685000021],[100.161845697,13.541222242000117],[100.16181035400018,13.541218831000094],[100.16177625200004,13.541220773000077],[100.16173549000001,13.541229313000088],[100.16169657300009,13.541243198000075],[100.16167107000001,13.541257619000078],[100.16164494700007,13.541272634],[100.1616194230001,13.541284672000131],[100.161605447,13.54129069600009],[100.16158535400007,13.541293173000042],[100.16155977900013,13.541292700000099],[100.16152137500018,13.541287511000064],[100.16142688000008,13.541268880000075],[100.16132750100013,13.541248488000122],[100.16121658100019,13.541233508000175],[100.16115137400004,13.541226059000167],[100.16108552700018,13.541212661000088],[100.1610537910002,13.5411997],[100.16103364200006,13.541188465000062],[100.16101406900015,13.541171879000103],[100.16099263300015,13.541146948000119],[100.16097726800018,13.541119607000041],[100.16096188700004,13.541086897000184],[100.16094343200007,13.54104944200003],[100.16093239400004,13.541034007000064],[100.16091772300013,13.54102335000016],[100.16089758900006,13.541015691000155],[100.16087852300012,13.541011992000108],[100.16085857300004,13.54100812900009],[100.16079759900015,13.54099530200017],[100.16074224400012,13.540985061000129],[100.16069905600006,13.540968390000046],[100.16068282300006,13.540953703000184],[100.16067627600017,13.540937921000136],[100.16067507500014,13.540911564000169],[100.16068356600005,13.540885171000184],[100.16071241100019,13.540834430000189],[100.16075838800003,13.540758308000079],[100.16078624300008,13.540724443000045],[100.16081628600017,13.54069899200016],[100.16085389000011,13.540675623000084],[100.1609011920001,13.54065327000012],[100.16094634700005,13.540630919000137],[100.16098609600004,13.540606480000122],[100.16101581800018,13.540587325000047],[100.16103551000003,13.540574627000069],[100.16105482300014,13.540556616000117],[100.16107195900014,13.540534393000144],[100.16108795600013,13.54050057500018],[100.16109744800019,13.540459415000157],[100.16109836600009,13.54042567700003],[100.16109384400005,13.540382471000157],[100.16108914500012,13.540360491000115],[100.16108282000005,13.540330856000082],[100.16106862200013,13.54029297600016],[100.16102733100013,13.54022041800016],[100.16096980600008,13.540135285000133],[100.16091988500017,13.540063818000021],[100.1608753770002,13.53999655600012],[100.16082223700005,13.539926163000075],[100.1607474340002,13.539833730000169],[100.16067585200011,13.539737069000068],[100.16064700700014,13.539699034000023],[100.16059776600002,13.539634108000143],[100.160563094,13.53959631400005],[100.16052524700018,13.539568016000032],[100.16045603500015,13.539517739000019],[100.16036843400008,13.539452778000054],[100.16030458400013,13.539397197000028],[100.16026775000012,13.539356252000061],[100.16024496000017,13.53932366600003],[100.16020586100007,13.539258487000097],[100.16017865700007,13.53920483600018],[100.1601493500001,13.53916069700017],[100.16010929100003,13.539122928000154],[100.16007038700019,13.539099915000122],[100.1600196460002,13.539079057000151],[100.15997431700009,13.539065566000033],[100.15992256400011,13.539059476000034],[100.15986544300011,13.539057631000162],[100.15979540400008,13.539057956000079],[100.15976664000004,13.539051070000028],[100.1597651940001,13.539050713000108],[100.15973280000009,13.539036111000144],[100.15970361700005,13.539017266000087],[100.1596689710002,13.538984742000082],[100.15964978300002,13.53896505500012],[100.15963215200009,13.538946958000167],[100.15959961100015,13.538903881000067],[100.15953242900008,13.538825123000095],[100.15948914400013,13.538788420000174],[100.15944911700012,13.53875697900014],[100.15937994000018,13.538711965000175],[100.15933025200013,13.538689002000126],[100.15928057500003,13.538666039000077],[100.15922979600003,13.538637803000029],[100.1591757490001,13.538603258000137],[100.15909252400019,13.53855093500016],[100.158951951,13.538451424000186],[100.15888546800011,13.53848193600004],[100.1588552340001,13.538488319000123],[100.1587467810001,13.538511175000053],[100.15864450800007,13.53851522400015],[100.15852387700016,13.53850148100014],[100.15839218600019,13.538466351000068],[100.15826407400004,13.538416903000098],[100.15816152400009,13.538363753000112],[100.15807722300013,13.53830695900001],[100.15800749300007,13.538242938000167],[100.1579265860002,13.538132501000177],[100.15782678100004,13.537995525000042],[100.15767555800005,13.537749998000038],[100.15741712200014,13.537348709000128],[100.15712952600012,13.536923874000081],[100.15694945900009,13.536716364000142],[100.15681821800013,13.536598587000071],[100.15665805800006,13.536504630000024],[100.15657938600009,13.53648493300011],[100.15654661600007,13.536476733000143],[100.1564255990001,13.53647256000005],[100.15630958800017,13.536501509000061],[100.1562178440002,13.536544548000165],[100.15605862100011,13.536644724000098],[100.15573821000015,13.536868999000092],[100.15542777700011,13.537109252000164],[100.15496230300016,13.537507726000058],[100.15469314100011,13.537691884000026],[100.15445991800004,13.537789503000056],[100.15421087400006,13.537836376000087],[100.1539408320001,13.53783762200004],[100.1536756910001,13.53777788300016],[100.15344156200018,13.537687495000114],[100.15337953500011,13.537654338000152],[100.15324370500008,13.537581712000133],[100.15309765600017,13.537450271000012],[100.15298797200012,13.53731867100015],[100.15289358500007,13.537131105000071],[100.15278297000003,13.536806424000133],[100.15277778500007,13.536790284000062],[100.15265116100005,13.536395459000175],[100.15244587000007,13.53582223400008],[100.15226220500006,13.535426755000117],[100.15207356400015,13.535077030000025],[100.15166528100019,13.534408203000055],[100.15145112000016,13.534150054000065],[100.15126338500016,13.533988318000013],[100.15107592900011,13.533882476000144],[100.15083138400001,13.533787067000162],[100.15060265200015,13.533737309000117],[100.15032213000018,13.53371826600005],[100.15025612300013,13.533714914000143],[100.15004682800014,13.533704293000085],[100.1496159260002,13.533731683000042],[100.1488700220001,13.533796759999973],[100.14873373600005,13.533606398000018],[100.14867618400007,13.53350615800008],[100.14865792300009,13.533438931000148],[100.14861871900018,13.533371809000073],[100.14857654700006,13.533310545000177],[100.148513525,13.533266937000121],[100.14847751300005,13.533240767000052],[100.14841456699997,13.533214710000152],[100.148402,13.533210677000056],[100.14837862600012,13.533203177000189],[100.14827689100014,13.533194860000094],[100.14816921600004,13.533195354000156],[100.14805548900011,13.533181246000026],[100.1479029030001,13.533170239000128],[100.14784599600011,13.533155870000087],[100.1477890270001,13.533126864000167],[100.147743934,13.533077321000064],[100.14767465000017,13.532975207000106],[100.14764134400008,13.53289049700004],[100.14762294000013,13.532796934000032],[100.14761364800006,13.532729665999966],[100.14762810400003,13.532624245000022],[100.14762572600017,13.532585727000082],[100.14760563800013,13.5325476430001],[100.14760379600017,13.532545337999977],[100.14756177800007,13.53251627300017],[100.14748983000015,13.532481481000161],[100.14743290400003,13.532461260000161],[100.14731603600012,13.532414967000136],[100.14725274800008,13.532398615000034],[100.14723133800004,13.53238974300018],[100.14716013200001,13.532336673000032],[100.14713900700013,13.53229871800005],[100.14711784899998,13.53225199600007],[100.147099734,13.532216957000117],[100.14707262100018,13.532176116000187],[100.147036517,13.532132385000011],[100.1469943830001,13.532076974000177],[100.14693430600016,13.532024576000083],[100.14685637600013,13.531989812000063],[100.14680842800004,13.531969549000053],[100.14668536800019,13.53187938900004],[100.14662526400019,13.531821129000036],[100.14656220100005,13.531768745000136],[100.14645718600013,13.531698992000145],[100.146376176,13.531646682000087],[100.14624134800005,13.531597550000072],[100.14612161100018,13.531577615000117],[100.14598412300018,13.531598728],[100.14589154900017,13.531628419000072],[100.14580183600009,13.531631760999971],[100.14575394400003,13.531623196000112],[100.14572092500003,13.531599933000052],[100.14569083100008,13.531562027000064],[100.14567572500005,13.531529906000173],[100.14565737200002,13.531445119000182],[100.14565109600005,13.53138369900006],[100.14563266800013,13.531281352000065],[100.14561432900013,13.531199495000124],[100.14557812700014,13.531135281000104],[100.14552108900006,13.53109164500006],[100.14544625200017,13.531077358000061],[100.1453953090001,13.531057099000066],[100.14531445400007,13.531036987000164],[100.14521259399999,13.531002340000043],[100.14511365100009,13.530953043000125],[100.1450147170001,13.530903736000084],[100.14495171200008,13.53086305800008],[100.14488268900016,13.530813624000075],[100.14478672000013,13.530761382000037],[100.14467890700018,13.530732616000137],[100.14461009500019,13.530727077000108],[100.1445113480001,13.530718744000012],[100.14442749200009,13.530695722000075],[100.14436444400019,13.530646260000083],[100.14433126500018,13.53058787700013],[100.14431599300019,13.530520636000176],[100.14429769600014,13.530447564000156],[100.14428235800011,13.5303686150001],[100.14426121500009,13.530324816000132],[100.1441980560001,13.530251940000142],[100.14414704200016,13.53021706100003],[100.14406905600009,13.530170589000079],[100.14402406699998,13.530144458000109],[100.14399399700017,13.530109475000188],[100.14395192500007,13.530068701000175],[100.14390686600018,13.530027933000156],[100.1438408510001,13.529984337000087],[100.14379287500003,13.529958219999969],[100.14372677000017,13.529894143000092],[100.14369063900011,13.529844557000104],[100.14366326200008,13.529748103000088],[100.14364810100017,13.529704276000132],[100.14361801300015,13.529669292000051],[100.14357604800011,13.529649001000053],[100.1435101670001,13.529631742000163],[100.14344434700018,13.529629120000095],[100.14341033100004,13.529621885000154],[100.14338196500017,13.529609426000093],[100.14334238600014,13.52957105000013],[100.14332721600016,13.529527223000116],[100.14330010400005,13.52948638100014],[100.14326407099998,13.529457278000109],[100.14320716800017,13.529439977000038],[100.14314434900001,13.52944026400013],[100.1430397690001,13.52946123400011],[100.14297104600018,13.529476177000163],[100.14292321100004,13.529479317999971],[100.14288129300013,13.529470733000096],[100.14281538400007,13.529447620000042],[100.1427554350002,13.529421558000024],[100.14273222200012,13.529413029000068],[100.14267281000019,13.529397390000156],[100.14264166300018,13.529395741000087],[100.14257288300018,13.529398976999971],[100.14251305200014,13.529399250000097],[100.14243693200001,13.529384333000053],[100.14240224700012,13.529367566000133],[100.14237075900013,13.529341868000131],[100.14232955300014,13.529287750000094],[100.14231497800006,13.529256765000127],[100.14229086200004,13.5292159010001],[100.14223975100015,13.52916053000007],[100.14218261700006,13.529096411000182],[100.14213452100017,13.529046871000162],[100.14211891200017,13.529033902000094],[100.14207841900014,13.529006514000116],[100.14201757200016,13.52898302500006],[100.14195462200007,13.528954052000017],[100.14190956400012,13.528913284000055],[100.14184334900006,13.528825792000077],[100.1417980540001,13.528735273000166],[100.14177076100009,13.528656389],[100.1417685890001,13.528621074],[100.14175906500014,13.528595532000054],[100.14173146200011,13.52856877400012],[100.14166555800017,13.528548583000145],[100.14159072300009,13.528534295000043],[100.14152784400011,13.528519952000181],[100.14144687800018,13.52847641600016],[100.1413838590002,13.528432806000069],[100.141258016,13.528386561000048],[100.1411440490001,13.528319769000063],[100.14106297200004,13.52825282800012],[100.14093109100003,13.52819490200011],[100.14079919200009,13.528131123000094],[100.14071824000013,13.52809051800017],[100.14055923400008,13.52798881900003],[100.1403852360001,13.527878404000035],[100.14030128300016,13.527834889000076],[100.14018729500015,13.527765175000184],[100.1401091570001,13.527686513000049],[100.14002501600015,13.527604956000175],[100.1399709330002,13.527552520000086],[100.13991990700003,13.527514709000059],[100.13983596900005,13.527474126000186],[100.13974010800018,13.527442364000024],[100.13968728800006,13.527412542000036],[100.1396620550002,13.527383186000122],[100.13964992300009,13.527346204000082],[100.13964367600005,13.52729062800006],[100.13963744300014,13.527237975000048],[100.13962826500006,13.527194119000171],[100.139595177,13.527156227000035],[100.13954120600005,13.527127214000075],[100.13944532400012,13.527100298000164],[100.1392332280002,13.527091799000061],[100.13912459600004,13.527040450000186],[100.13902719900011,13.52696632500016],[100.13896424100005,13.526872885000046],[100.13889762900004,13.526794576000043],[100.13881997200008,13.526754131000189],[100.1387313510001,13.526755302000026],[100.13860454600018,13.526783390000048],[100.13846222200016,13.526804140000138],[100.13838488800013,13.526786304000098],[100.13829573600003,13.52674977900017],[100.13815870600007,13.526596992000066],[100.1381000070001,13.52653366400017],[100.13799502100011,13.52646717500005],[100.13793642900009,13.526411387000053],[100.13788944999999,13.526359219000028],[100.13784267900013,13.52632213000004],[100.1377381160001,13.52628580600009],[100.1376526460001,13.526237918],[100.13757077800011,13.526171121000061],[100.1375349870001,13.526092406000032],[100.13753415100018,13.526032074000057],[100.13752539299998,13.525956768000015],[100.13752455600019,13.525896445000114],[100.1374816450001,13.525859302000129],[100.13742383700014,13.525860068000043],[100.13734681100016,13.525864867000166],[100.13729254900011,13.525842963000116],[100.13717224400017,13.525784215000044],[100.13707130900008,13.525732768000125],[100.13693200200004,13.525693132000072],[100.13677701300008,13.525634850000017],[100.13666009300016,13.525542131000066],[100.1364208650001,13.525331855000104],[100.13622903800012,13.525163944000155],[100.13612978900017,13.525060594000138],[100.13601568700011,13.524987346000103],[100.13592924000017,13.524925698000175],[100.13584560600003,13.524846061000062],[100.1357739500001,13.52474832400003],[100.13572090800017,13.524671286000057],[100.13566172500015,13.52459132700011],[100.1356032010001,13.524559208000028],[100.13554810900018,13.524553957000023],[100.13549323000018,13.524563653000143],[100.13543521100007,13.524567413000113],[100.13538003400004,13.524556185000051],[100.13531519700007,13.524509200000182],[100.13528937600017,13.52441085800018],[100.13525425500018,13.524303668000016],[100.13522835200007,13.52419934000011],[100.1352639810001,13.524124106000102],[100.13530279100013,13.52405780200013],[100.13536564000009,13.523961265000025],[100.13536199500004,13.523919451000097],[100.135333619,13.52385702600003],[100.13530523500015,13.523794603000113],[100.13527380900001,13.52373222000017],[100.13524287000007,13.523705723000035],[100.13520628500015,13.52371218400009],[100.13516986400003,13.523730607000118],[100.1351244,13.523758130000033],[100.13508789700012,13.523770576000175],[100.13501760200006,13.523771503000148],[100.13493805800005,13.523766576000185],[100.13486480500012,13.523773529000152],[100.13481209100019,13.523786800000096],[100.13467010699998,13.523776178000105],[100.13459154000014,13.523743479000132],[100.13456150400015,13.523696036000047],[100.1345574770001,13.52361929600005],[100.1345758220001,13.523524223000095],[100.13458668800013,13.523429175000047],[100.1345639330001,13.52333420900004],[100.13449995900015,13.523202790000084],[100.1344697680002,13.523115158999985],[100.13441341900005,13.523027585000023],[100.13436094300016,13.522976545000063],[100.13423755200017,13.522940305000134],[100.13414040200013,13.522933231000081],[100.13407311300017,13.52291512800008],[100.13404678400019,13.522864023000182],[100.13406529200012,13.522816475000184],[100.13407626000014,13.522750667000025],[100.13406845600002,13.522655669000187],[100.13401212500008,13.522568095000054],[100.13391080700006,13.522436791000189],[100.1338845050002,13.52238934899998],[100.13386548700004,13.52229438400002],[100.13384656200014,13.522224995999977],[100.13380536900002,13.52219586100017],[100.13375681600019,13.522195984000064],[100.13370084400003,13.522210734000055],[100.133655992,13.522203539000088],[100.13361109800002,13.522181723000074],[100.13344992700013,13.52202133500009],[100.13336358600014,13.521897309000167],[100.13328480100012,13.521795189000045],[100.13319112400012,13.521707721000098],[100.13309397300014,13.52160668199997],[100.13296076100016,13.521449160000088],[100.13283841700013,13.52132317800016],[100.13269813000016,13.52119023199998],[100.13253263800016,13.521025783000141],[100.13243553300003,13.52093832200012],[100.1323708160001,13.520885871000132],[100.132313151,13.520798329000172],[100.13229132800006,13.52070367600004],[100.13223698100012,13.520538963000035],[100.13218650500005,13.520458415000121],[100.1321038280002,13.520391981000103],[100.13198515800013,13.520287048000057],[100.13184503300005,13.5201997100001],[100.13167973600014,13.520087889000024],[100.13159708400019,13.520028465000053],[100.13149628800005,13.519905970000138],[100.1313919420001,13.51979048200019],[100.13131632700015,13.519692470000052],[100.13120842900008,13.519591037000112],[100.1311221310001,13.519514086000015],[100.130992741,13.519412705000093],[100.13084192000008,13.519335922000039],[100.13064422500014,13.519178592000173],[100.13051124500015,13.519073714],[100.13048951100012,13.519007145000103],[100.13050011500013,13.518961532000162],[100.13051428400013,13.51891239600019],[100.13051766000007,13.5188457590001],[100.13050680100014,13.51881422700012],[100.13044207900009,13.518754774000115],[100.12859385400003,13.516682789000185],[100.12815793400006,13.516478068000026],[100.12795585100008,13.51649876200014],[100.127068135,13.516898424000146],[100.12696881300013,13.517274754000027],[100.12589969000004,13.517793928000174],[100.12501939400005,13.518559309000182],[100.12474752600014,13.518797965000033],[100.12465012400008,13.51888346800007],[100.12461144700012,13.51891742100014],[100.12414544800004,13.51932649000014],[100.12390564200012,13.519405334000112],[100.12326557700015,13.519573098000137],[100.12279819400015,13.517925277000131],[100.122282735,13.517164330000128],[100.12203328900017,13.515949004000106],[100.12188045500011,13.514542431000166],[100.12169684900005,13.514014382000084],[100.1213111450001,13.51367979000014],[100.12065723500018,13.51359383200014],[100.12005272800019,13.513457437000113],[100.12002571300013,13.513391863000038],[100.11996615600009,13.51343790400017],[100.11982212300018,13.513405406000174],[100.11916738600007,13.51294188999998],[100.1190451130002,13.51262948699997],[100.11882123300012,13.512059142000169],[100.11894833800011,13.511318665999966],[100.11924512900003,13.510681438],[100.11813236300014,13.510552075000078],[100.11806199000011,13.509978264000097],[100.11803646300007,13.509976142000085],[100.11796601400016,13.509953508000024],[100.11793222000006,13.50994264999997],[100.117862365,13.509845349000045],[100.11779885600004,13.509714064000093],[100.11777444800015,13.509595327000113],[100.11776951300016,13.509465899000077],[100.11774538400005,13.509394491000023],[100.11773872800018,13.509374790000095],[100.11766009300015,13.50925417600007],[100.11765089800019,13.509244393000017],[100.11707817200005,13.508634994000147],[100.11687546700011,13.508415200000115],[100.11684694700006,13.508374070000059],[100.11669270100009,13.508151617000067],[100.11668770000011,13.508144406000042],[100.11668395700008,13.508136042999979],[100.116564444,13.507869082000013],[100.11655401200005,13.507845780000025],[100.11655160000004,13.50779273000012],[100.11655714000011,13.507746214000178],[100.11655845600006,13.507735166000145],[100.11655994500012,13.50772266100006],[100.11656054900016,13.507721802999981],[100.11659441800003,13.507673702000034],[100.11672190100018,13.507573402000048],[100.11683604700005,13.507403113000123],[100.11704338000004,13.507217568000101],[100.11715969100015,13.507047287000148],[100.11722197400007,13.506915431999971],[100.1172301410001,13.506807170000116],[100.1172297940002,13.50680424],[100.11721886000015,13.506711727000095],[100.11715309400006,13.506511124000099],[100.11712646600017,13.506429896000157],[100.11709098600005,13.506262402000118],[100.11703374600012,13.50608015400013],[100.11701143400006,13.505944438000142],[100.11705186800003,13.505778734000103],[100.11728341200018,13.505204731000106],[100.1174487200002,13.504845355000043],[100.11748526800017,13.504777288000184],[100.11747429500008,13.504749747000119],[100.11694326800011,13.504344667000169],[100.11690855800009,13.50434270300019],[100.11687390900016,13.504353469000023],[100.11685025000003,13.5043960160001],[100.11680289700013,13.504472624000186],[100.1167467630001,13.504525926000156],[100.11662144700006,13.504626224000106],[100.1165654630002,13.504713474000027],[100.11649832600006,13.504732870000055],[100.11639613400013,13.504673916000172],[100.11623491400013,13.504515474000186],[100.11619806900018,13.50451987700012],[100.11615482700017,13.504547659000082],[100.11613994800007,13.504613510000127],[100.11611869299998,13.504706979000161],[100.11608207400008,13.504760195000074],[100.11601929700015,13.504783818000021],[100.11597810199999,13.504786121000109],[100.11592170200015,13.504782125000133],[100.11588692300018,13.504765310999971],[100.11586938600004,13.504725067000038],[100.11577485800007,13.504449610000052],[100.11573767800019,13.504381873000057],[100.11570728900006,13.504377761000057],[100.11566616200014,13.504392794000182],[100.11563812500003,13.504426875000036],[100.11561011800012,13.50446732100005],[100.11556033100015,13.504486640000096],[100.11550611700011,13.504486881000048],[100.11544095800014,13.504465947000085],[100.11534803100017,13.50436599200009],[100.1152749200001,13.504330631000073],[100.11515098400014,13.504345459000092],[100.1150162030001,13.504381745000046],[100.1148959950001,13.504414408000173],[100.11481945500014,13.504425458000014],[100.11476463700006,13.504400716000134],[100.11473885500004,13.504347291000045],[100.11474581400017,13.504275878999977],[100.11476725400018,13.504179424000085],[100.11473414000011,13.504118900000037],[100.11454416000004,13.504048362000105],[100.11436858700017,13.503938507000157],[100.11422616000016,13.503899878000084],[100.11410164400019,13.503789787000073],[100.11403924600017,13.503704406000054],[100.11402600400015,13.503639068000155],[100.11401684499998,13.503593870000145],[100.11400895800017,13.50346541800019],[100.11403019100004,13.503326136],[100.11410583700007,13.503122363000102],[100.11412298700009,13.50288673100016],[100.11412505800018,13.502547664000076],[100.114101962,13.502287225000146],[100.1140537890002,13.502123274000155],[100.11399120800007,13.501998631000049],[100.1139395300001,13.501866806000066],[100.11390969900003,13.50172417500005],[100.11392281400015,13.501406477999979],[100.1138922630002,13.501110386],[100.11380739700007,13.500900184000045],[100.11363131400014,13.500679686000069],[100.11360642700015,13.500659116000122],[100.11347629300002,13.500551560000133],[100.11327532900009,13.500376227000118],[100.11305279600009,13.500421438000046],[100.1128156150001,13.500485874000049],[100.11276908500014,13.500498511999979],[100.11267160000017,13.500538101000188],[100.11250166000013,13.500607102000117],[100.11221166300004,13.500722105000136],[100.11178003600008,13.500923032000117],[100.11150761500005,13.501063658000021],[100.1114837630002,13.50107597300007],[100.11120677900004,13.50121302600013],[100.1108752130001,13.501413509000145],[100.11073688900007,13.501518365000095],[100.11058900000018,13.501648531000058],[100.11044092300006,13.501737637000133],[100.11027652000007,13.501788901000111],[100.11008298500013,13.501821347000146],[100.10975383100003,13.5018449210001],[100.10914699900013,13.50185392600008],[100.10902783700004,13.50185938900006],[100.10876616200017,13.501871406000078],[100.10849831799999,13.501891545999968],[100.10824021900004,13.501924269000085],[100.10804025500005,13.501963064000051],[100.10783068199999,13.502017688000137],[100.10768565700016,13.502068875000191],[100.10752784400017,13.50214853700004],[100.10740550700007,13.502218571000128],[100.10716087200018,13.502371280000034],[100.10690674700004,13.502565093000044],[100.10675335600007,13.502684132000184],[100.10663655400015,13.502774773000112],[100.10605087800019,13.503113103999965],[100.10591615900012,13.50315329700004],[100.10579473600012,13.503149436000115],[100.10575631500006,13.50314101500004],[100.10563719900017,13.503114929000049],[100.10531299700017,13.503019548000054],[100.10486259400011,13.502858728999968],[100.10447267500007,13.50272041900007],[100.10141587700014,13.501868449000085],[100.09983092800013,13.501400179000086],[100.09825805600002,13.500949459000083],[100.09711741100006,13.500620035],[100.09685215800005,13.500548436000031],[100.09565556900009,13.500225451000063],[100.0952565230001,13.500117740000121],[100.09395377600009,13.499736213000062],[100.0920507190001,13.49918714200004],[100.0904535890001,13.49879349300005],[100.08862668500012,13.498260202999973],[100.0879141600002,13.498052086000087],[100.08717125100014,13.497834194000177],[100.08630357900012,13.497623444000169],[100.08587134200013,13.49749660600014],[100.08551677800011,13.497395839000035],[100.08522965100008,13.497291478000022],[100.08499991800016,13.497200067000051],[100.08470605700006,13.497099037],[100.08449675500015,13.497050437000098],[100.08425049400012,13.497035000000153],[100.08403802600014,13.497032618000105],[100.08368403100008,13.49705724200004],[100.08349521000014,13.497064663],[100.08337707800018,13.497042076000184],[100.0832959620002,13.497002820000148],[100.0832113240001,13.496930585000086],[100.08306214700013,13.496756316000187],[100.08283472100015,13.496427279000045],[100.08278786900019,13.49636150900011],[100.08273629600006,13.49628910500013],[100.08265849400004,13.49623663500006],[100.08257400500008,13.49619739100001],[100.08242885800001,13.496168318],[100.08227032900015,13.496162406000053],[100.0822344570002,13.496164318000012],[100.08206803600001,13.496173177000173],[100.08184561000007,13.496207139000092],[100.08166361100007,13.496231030000047],[100.08151525500006,13.496238265000045],[100.08133306400015,13.496219254000152],[100.08117776700016,13.496183621000114],[100.08100211400011,13.496118372000126],[100.08067091400005,13.495961388000126],[100.0802753270001,13.495735382000078],[100.0799271320002,13.495548768999981],[100.07971433000017,13.49547378200009],[100.07945773400007,13.49540888200005],[100.07894462800004,13.495295586999987],[100.0784721170001,13.495211810000114],[100.07795238,13.495124942000189],[100.07739898000005,13.495051416000138],[100.07685887300005,13.494934930000113],[100.07652123899999,13.494847278000123],[100.0762206440001,13.494746256000099],[100.07593349200016,13.494635287000108],[100.07569356300007,13.494524110000043],[100.07536565800007,13.494350601000178],[100.07496336900005,13.494131211000138],[100.07454770200007,13.49393828600006],[100.0741018610002,13.493785087000106],[100.07371693700014,13.493677827000113],[100.0733793930001,13.493609964000086],[100.07307908000001,13.493571650000092],[100.07252263400017,13.493570728],[100.07194274600016,13.493606209],[100.07178418800004,13.493593686000168],[100.07165244500004,13.49354474400019],[100.07150029700006,13.493456291000086],[100.07138187900006,13.493370997000113],[100.07128699300017,13.493265789000134],[100.07111735700016,13.493038803000161],[100.07096475400004,13.492848041000173],[100.07078527000016,13.492680499000187],[100.07067019600004,13.492588586000124],[100.07050796500005,13.49250677800012],[100.07028172500014,13.492441736000046],[100.07009949300016,13.492412813000044],[100.06980941300014,13.492400851000127],[100.06905408100016,13.492417270000146],[100.06873035000012,13.492421951000097],[100.06857851100006,13.492402794000043],[100.06843996200007,13.49234068000004],[100.06830461900017,13.492238954000129],[100.06815558300008,13.492091075000076],[100.06775558300018,13.491627449000077],[100.06752513600003,13.491374323000116],[100.06742356100006,13.491282350000063],[100.067322095,13.491216775000055],[100.06712958100007,13.491151595000133],[100.0668055110001,13.491077061],[100.06648495000013,13.491035523000164],[100.06591818800013,13.490988427000161],[100.06533783700019,13.490918289000035],[100.0652668840001,13.490888891000111],[100.06521610700003,13.490846205000082],[100.06512122600009,13.490740996],[100.06496514200018,13.490527147000023],[100.06472760700012,13.49019483800015],[100.06447350100007,13.489928599000052],[100.06432134400018,13.48983684000018],[100.06423019900018,13.489817430000187],[100.06414928700008,13.489821069000186],[100.06394721700002,13.489881335],[100.06352288599999,13.490015138],[100.0633577810001,13.490045538],[100.06322959100015,13.490036184000132],[100.06311136700015,13.489993776000176],[100.06301663200003,13.489921575000153],[100.06282027700007,13.48975079600018],[100.06255283300015,13.489517614000022],[100.06239051000011,13.489415999000073],[100.06220795300004,13.489314467000042],[100.06204576900012,13.48924255300011],[100.06109313000007,13.488870359000032],[100.06000546100006,13.488465727000118],[100.05914409300016,13.48814264300006],[100.05835375300018,13.487865469000042],[100.05771878100018,13.487643726999977],[100.05725949800012,13.487493854000093],[100.05694534900016,13.48737636400017],[100.05668854300006,13.48725864],[100.05633037200016,13.487098442000104],[100.05599594800003,13.486967838000112],[100.05565472400019,13.486827373000096],[100.05524604800013,13.486683877000132],[100.05480024500014,13.48653394500019],[100.05441522300003,13.486400256000024],[100.05411456500008,13.486282706000111],[100.0539252580001,13.486177896000129],[100.05375282300014,13.48607301400017],[100.05347229800009,13.485932282000022],[100.05315896400015,13.48580179600009],[100.05309744300007,13.485886821000122],[100.052982687,13.486045406000187],[100.0527960600001,13.48626025100009],[100.05265663100005,13.486383102000048],[100.05256367900017,13.486455615000068],[100.05247675100009,13.486516857000026],[100.0524160830002,13.486555138000085],[100.05231217800002,13.486640050000176],[100.0522453210001,13.486717259000045],[100.05221148100014,13.486767145000101],[100.05217897700015,13.486815047000164],[100.05213421300016,13.486896338000065],[100.0520059550002,13.487149513000134],[100.05192670200012,13.48732188800011],[100.05188711900013,13.487399440000104],[100.05181321800018,13.487528733999966],[100.05174333500014,13.487626271000124],[100.0513540290001,13.488129978000188],[100.05117858500012,13.488360923000187],[100.05101940100013,13.488579881000021],[100.05098334000007,13.488633607000168],[100.05095768400008,13.488677375000066],[100.05093572600003,13.488719148000087],[100.05090056300003,13.488798662000079],[100.05085989300005,13.488902034000091],[100.05083431300005,13.488971591000052],[100.05075050800014,13.489219474000095],[100.05072600900019,13.48928670500004],[100.05070323900009,13.48934918600014],[100.05067808100011,13.489404887000035],[100.05067269700004,13.48941680400003],[100.05064707300005,13.489468307000152],[100.05063114700016,13.489500317000136],[100.0505875360002,13.489577365000116],[100.05054436100005,13.489625975000024],[100.05046481700003,13.489690962000168],[100.05039811000012,13.489740852000068],[100.05014735200018,13.489902618000087],[100.05011442400013,13.48992978300015],[100.05008401100014,13.489954868000154],[100.05003549900005,13.490014800000154],[100.0499888400002,13.490093998000134],[100.04994375600018,13.490201443000046],[100.04991729300002,13.49027129600006],[100.04989962200011,13.49033186700018],[100.04989084100015,13.490374609000185],[100.04987803600011,13.490487764000022],[100.0498706950001,13.490525513000023],[100.04984473000019,13.490604067000163],[100.04981891600016,13.490663542],[100.04978009600018,13.490732387000094],[100.04968566800017,13.49087861300012],[100.04954858500008,13.491099445000089],[100.04929700600013,13.491486781000162],[100.04923999800008,13.491569968000022],[100.04914395300017,13.491701694000085],[100.04911953300012,13.491735187000131],[100.04891020900004,13.492012192000061],[100.04887277600005,13.492065659000104],[100.04879833000012,13.492187035000029],[100.04874790700012,13.492284490000031],[100.04873099200006,13.492330198000047],[100.04872856500009,13.492339256000093],[100.04870075400004,13.492443010000159],[100.04868012900016,13.492505042000118],[100.04866169700006,13.49255272500011],[100.04863126400011,13.492616378000093],[100.04860157100006,13.492668099000014],[100.04856374100012,13.492721444000097],[100.0484879080002,13.492812823000122],[100.04845646100017,13.492850719000046],[100.04844006900004,13.492873856000074],[100.04837753300018,13.492962127000055],[100.04824169000005,13.493163813000024],[100.04797596700018,13.49362331900005],[100.0479719120001,13.49363033200018],[100.04793156300008,13.49371478200004],[100.047890381,13.493815120000022],[100.04787526600012,13.493859181000175],[100.0478603680001,13.493902610000134],[100.04782484000003,13.494027303000053],[100.04779422000013,13.494106406000128],[100.04774140500012,13.494211958000164],[100.04770069400007,13.494275776999984],[100.04766447000009,13.494325706000154],[100.04757308000018,13.49444257100015],[100.04749399399998,13.494555243000036],[100.047464134,13.494605464000188],[100.04744587900018,13.494636168000056],[100.04741978400006,13.49468717800005],[100.0473889650001,13.49476596400018],[100.04735053800005,13.494877539000072],[100.04724505500008,13.495237042000042],[100.04721364000005,13.495307621000109],[100.04716730500007,13.495395575000089],[100.0471140160002,13.495471278000082],[100.047093931,13.495495933000086],[100.04700007100007,13.495601339000075],[100.046848921,13.495777589999989],[100.04675771100011,13.495894717],[100.04670690000006,13.495974002000082],[100.04670291100018,13.495980227000189],[100.04666689700002,13.496051310000098],[100.04662690200018,13.496138505000147],[100.04661037700015,13.49618083100006],[100.04658222700016,13.496267712000076],[100.04657231600015,13.496324603000062],[100.04656945000005,13.496356488000117],[100.046570067,13.496584886],[100.04658004200007,13.496716584000069],[100.04658061200013,13.496804086000054],[100.04657718599998,13.496832521000158],[100.04657427300003,13.4968566820001],[100.0465579690001,13.496924884000066],[100.0465368360002,13.496965568000064],[100.04650422500009,13.497012403000156],[100.04647446200005,13.497035623000102],[100.0464370300001,13.49705465600016],[100.04640827200006,13.497064125000122],[100.04636066500012,13.497071520000134],[100.04630670199998,13.497069132000092],[100.04628420800009,13.497064828000134],[100.04625089900009,13.497055058],[100.0462436910002,13.497052946],[100.04618739400007,13.497030790000167],[100.04605654300019,13.49696451799997],[100.04589759900017,13.496870081000054],[100.04583672000018,13.496837915000071],[100.04578328700012,13.496816480000177],[100.0457272500002,13.496800212000096],[100.04568282500014,13.496790111000053],[100.04559963300005,13.496780630000046],[100.0454804470001,13.496776280000063],[100.04542336100019,13.496780103999981],[100.04536090800008,13.496788645000095],[100.04529432100014,13.496804620000091],[100.04523516400013,13.49683033000008],[100.04516403100007,13.496873546000074],[100.04512786100008,13.496929893000072],[100.04511460100002,13.496959536000134],[100.0450995130002,13.497039713000106],[100.04509764200014,13.497061467000094],[100.04510000800019,13.497107854000149],[100.04510986200012,13.497160012000165],[100.04513432100009,13.497224423000091],[100.04516644600017,13.497283408999976],[100.04522182100004,13.497371541000177],[100.04523989100011,13.497397518000128],[100.0453161550002,13.497507160000112],[100.0453292520001,13.497533513000064],[100.045334384,13.497562089000155],[100.0453318750001,13.497595094000133],[100.04532208400008,13.497625931000073],[100.04530156900006,13.497670003],[100.04525113100016,13.497795604000032],[100.04521739700004,13.497868505000099],[100.04521254500014,13.497876846000167],[100.04519756100018,13.497902598000167],[100.04516220900007,13.497945548000132],[100.04512751500005,13.497968049000178],[100.04511716000019,13.497972559000175],[100.04509200200005,13.497978120000028],[100.0450638600002,13.497980065999968],[100.045025296,13.497971212000152],[100.04499684000018,13.497956683000098],[100.04496515200003,13.49792927700014],[100.04493987400008,13.497892882000087],[100.044922,13.497845121000125],[100.04489948000008,13.497762115000171],[100.04488164100013,13.49772440200013],[100.04486031100015,13.497695009000097],[100.0448233580002,13.497666767999988],[100.04478658300008,13.497646208999981],[100.04478512800006,13.4976454990001],[100.0447266270001,13.49763104200008],[100.0446839080002,13.497627495000017],[100.04461647400012,13.497631440000077],[100.04445697100016,13.497655139000187],[100.04434917700013,13.49767918800012],[100.04429081900008,13.497697557000151],[100.04420779500015,13.497733254000025],[100.04416605100005,13.497762601000034],[100.04412966000018,13.497807825000052],[100.04410712500015,13.497849962999965],[100.04409297000018,13.497883369000078],[100.04406394000006,13.497998286000097],[100.04405831600013,13.498020549000046],[100.04404642500015,13.498060198000076],[100.04401748800012,13.498124109000116],[100.0440067720001,13.498143260000177],[100.04396942900013,13.498197423000136],[100.04391933700009,13.498255683000139],[100.04380515300005,13.498339742999974],[100.04376321700016,13.498360525000123],[100.04373041399998,13.498371601000144],[100.0436543020001,13.498388692000049],[100.0435890230001,13.498396330000162],[100.04353482600015,13.498402672000168],[100.04348757200017,13.498410276000072],[100.04345869900015,13.498418431000118],[100.04339313400015,13.498445482000136],[100.04336036500018,13.498462474000121],[100.043318436,13.498486972000023],[100.04329094100012,13.49850671400003],[100.04323072900013,13.498557458000164],[100.04320653500008,13.498581431000105],[100.04315355800003,13.498633922000067],[100.04310250100019,13.498673617000065],[100.0430304510001,13.498720482000124],[100.04300816800009,13.498731073000044],[100.042985858,13.498738131000096],[100.04295699600016,13.498742277000076],[100.04290836000018,13.498737191000032],[100.04287810300008,13.498727790000032],[100.0428374870001,13.498711546000095],[100.04280510300009,13.498692495000057],[100.04279331200007,13.498684481999987],[100.04272749700004,13.498639754000067],[100.0426723180002,13.498606972000175],[100.04263996399999,13.498592228],[100.04258750100018,13.498572537000086],[100.04253728500015,13.498560447000159],[100.04243605700009,13.498559288000138],[100.04227956900013,13.498577384000043],[100.04209451100007,13.498607201000084],[100.04205897499997,13.4986159930001],[100.042020681,13.498632070000099],[100.04199032200006,13.498653474000093],[100.04197399900005,13.498675817999981],[100.04197080000006,13.498681173000023],[100.04196310100008,13.498707418000151],[100.04196245900016,13.498754834000124],[100.04196714100004,13.498783898000056],[100.04200354100004,13.498911362000115],[100.04205985200014,13.499086502000068],[100.04211975800013,13.499330547000113],[100.04216258400015,13.49950501700016],[100.04219884900004,13.499630672000137],[100.04222145500012,13.499683446000063],[100.04226111600013,13.49975803000001],[100.04236283400019,13.499921678000078],[100.04244323900019,13.500045332000184],[100.04249767000016,13.500155566000046],[100.04252243200006,13.500224886000126],[100.04253856000014,13.500284107000141],[100.04255162600015,13.500390461000052],[100.04254958200016,13.500428788000079],[100.04253503500013,13.500488711000173],[100.04252317900006,13.50051546900005],[100.04249220000003,13.500568429],[100.04245193000008,13.500619656000083],[100.04243416300011,13.500632089000135],[100.04238685700011,13.500665193000032],[100.0421763180002,13.500792131000026],[100.04209157000014,13.500852582000164],[100.04204117300014,13.500909307000143],[100.04202333300009,13.50094037100007],[100.04201357600004,13.500964127000088],[100.04199958300006,13.501022519000117],[100.04200117300019,13.501062615000023],[100.04200597800013,13.501097701000106],[100.04201115200004,13.501135502000125],[100.0420657140001,13.501379488000055],[100.04208188200005,13.501451785000086],[100.04208415600004,13.501470961999985],[100.04208433500014,13.501472470000124],[100.04208242900017,13.501565449000111],[100.04207171500013,13.501631137],[100.04204881400011,13.501724195000065],[100.04203229000018,13.50180448500015],[100.04202442800005,13.501853749000134],[100.04202176200005,13.501906611000095],[100.04202978000018,13.502043314000105],[100.04204684000013,13.502196693000087],[100.04208037900014,13.502392711000141],[100.04209519900013,13.502466381000033],[100.0421139610001,13.502544018000151],[100.04220351300006,13.502879549000113],[100.04222704100005,13.502955814000131],[100.0422309770002,13.50296856400007],[100.04223313099999,13.502974206000033],[100.04228987800019,13.503122714000085],[100.04229605600017,13.503138873000069],[100.04232317300017,13.503189668000118],[100.04234567700007,13.503231787000118],[100.04235882300009,13.503256401000044],[100.04244020800019,13.503360644000054],[100.0425929590001,13.503524345000187],[100.04260951900005,13.503556396000079],[100.04260976300009,13.503612600999986],[100.04258548100006,13.50369099900007],[100.04253031800016,13.503761649000069],[100.04247028500009,13.503814767000051],[100.04240022700014,13.503869367000107],[100.04232682500015,13.503912423000145],[100.0422495570001,13.503937801000063],[100.04224330900013,13.503938798000092],[100.0422140410002,13.503943457000048],[100.0421815040001,13.50394305499998],[100.0421041370002,13.50393310700008],[100.04206096700017,13.503917184000045],[100.0420201720001,13.503902140000093],[100.04172262900005,13.503730997000048],[100.04168495300013,13.503714819000095],[100.04162281500015,13.50369639500019],[100.04161510600011,13.503695500000049],[100.04156179000017,13.50369926999997],[100.04151128800004,13.503707284000086],[100.04148590699998,13.503711311000188],[100.04099755100009,13.503897285000107],[100.0409632800002,13.503915580000125],[100.04092097600005,13.503945528000088],[100.04087869900002,13.503981293000152],[100.04078526200004,13.504050133000135],[100.0406389470001,13.504137240000148],[100.04057847800016,13.504164349000177],[100.04054013000018,13.504178555000124],[100.04050581600018,13.504186662000166],[100.04048764300018,13.504188663000036],[100.04042903400006,13.504182848000028],[100.04036025500011,13.504162129000179],[100.04017814100018,13.504101831000185],[100.03990496,13.504005359000189],[100.03961570300015,13.503922160000116],[100.03940014000017,13.503882105000116],[100.03931786900006,13.503873254000155],[100.03928983600014,13.503873335000094],[100.03920757300017,13.503880731000152],[100.03914217000016,13.503896011],[100.03909360900013,13.50391249400002],[100.03903385900014,13.50394963000008],[100.03899050000001,13.503983589000143],[100.03894324900011,13.504046402000085],[100.038923732,13.504077605000134],[100.0388903160001,13.50415561699998],[100.03888137500013,13.504191254000034],[100.03887171400015,13.504262685000128],[100.03886771900011,13.504319456000133],[100.03886516800014,13.50442401099997],[100.03885709600019,13.50447937700011],[100.03884824600016,13.504510723000067],[100.03883614200004,13.504536853000104],[100.03879990400009,13.504588354000191],[100.03874849200008,13.504625517000136],[100.03871516400017,13.504642625000145],[100.03870272400019,13.504647364999983],[100.03865157700017,13.504658453000047],[100.0386142500002,13.504660586000114],[100.0385598430002,13.50465623800011],[100.03852355600014,13.504648644000042],[100.03848221400006,13.504631935000134],[100.03846849100012,13.50461734400011],[100.03846190200017,13.504610325000158],[100.03844957700011,13.504585434000091],[100.03843031700012,13.504525670000135],[100.03840142400014,13.504368967000062],[100.0383898880001,13.504334246000099],[100.03837164200019,13.504310598000131],[100.03835284500013,13.504293503000042],[100.03832314900018,13.504282695000029],[100.03829778200009,13.50428341800017],[100.03826739400006,13.50429385700005],[100.03824054400013,13.504311141000073],[100.03821274900008,13.504334979000078],[100.03816616200004,13.504386425000064],[100.03801823000003,13.504560575000085],[100.0379325240001,13.5046568570001],[100.03782768100018,13.504786435000142],[100.03775363,13.504884565999987],[100.03771204100002,13.504939676000106],[100.03752249400009,13.505207267000117],[100.03750210700008,13.505226962000108],[100.03748922200015,13.50523566600009],[100.03747754500017,13.505243556000039],[100.03745563300015,13.505252292000023],[100.03744580400013,13.505256208],[100.03741776700019,13.505259581000018],[100.03741433800019,13.505259384000112],[100.03738863900008,13.505256911000174],[100.0373394990001,13.505237470000054],[100.03725400600007,13.505195111000035],[100.03719759300009,13.505167160000099],[100.03701437900003,13.505084040000156],[100.03673745800012,13.504965736000145],[100.03662686200005,13.504912601000115],[100.03653496600009,13.50485815200011],[100.03641876300014,13.504783029],[100.0363724280001,13.504750826000134],[100.03626852800005,13.50466850100014],[100.03620661800011,13.504627780000078],[100.03615788200017,13.504603719000102],[100.03614103000018,13.504597828999977],[100.0361035680001,13.504589578000093],[100.03607532500013,13.504587099000162],[100.03601565800011,13.504591470000094],[100.03593905400015,13.504611835999981],[100.03589426100007,13.50463602800005],[100.03573818100017,13.504735418999985],[100.03566391400011,13.504776912000125],[100.0356311290002,13.50479212800019],[100.03551964700017,13.50483691100004],[100.03534688700012,13.504886308000152],[100.03528563600008,13.504899884],[100.03468533300008,13.505010062000053],[100.03453780200005,13.505035055000121],[100.03446738800005,13.505053746000158],[100.03434279500016,13.505106502000046],[100.0342561880002,13.505163357000072],[100.0342205340001,13.505189480000183],[100.03405690700015,13.505329806000077],[100.03386538100011,13.505528872000184],[100.0334252930001,13.506010002000039],[100.03327219400012,13.506154363000178],[100.03325038200012,13.506172446000164],[100.03317161200016,13.506224545000123],[100.03309095500015,13.506267919000152],[100.03303631100005,13.506290431000082],[100.03298382700018,13.506307589000073],[100.03286790600009,13.506337830000177],[100.03275631600008,13.506357528000024],[100.03266218900018,13.50636312600011],[100.03255707900018,13.506362676000094],[100.03251984300016,13.506358476000116],[100.03242120500016,13.50633525500001],[100.03223808900009,13.506287317000158],[100.03222021500005,13.506287373000134],[100.0321955080002,13.506294935000085],[100.0321387080001,13.506326062000085],[100.03207978400008,13.506371244999968],[100.03204105800006,13.506408927999985],[100.03200561800014,13.506438581000054],[100.03195319500014,13.50647001699997],[100.0318570340001,13.506510700000092],[100.03181235500006,13.506523677000189],[100.03178081100009,13.506536009000115],[100.03176897600008,13.506541415000015],[100.03174926600008,13.506550416000152],[100.0317208510001,13.50656667300018],[100.03169468800019,13.506594796000115],[100.03166763000007,13.506632704000026],[100.03161967300008,13.50671239900015],[100.03157922700012,13.506767713000102],[100.03154889200016,13.506795197000088],[100.03149485800014,13.506844158000149],[100.03144564000019,13.506880268000089],[100.03141677000008,13.50689346300004],[100.03138834300012,13.50690071400004],[100.03135464700017,13.506903723000164],[100.03132306300006,13.506902599000057],[100.03126926700003,13.506891500000165],[100.03124316600008,13.506881666000027],[100.03118798400016,13.506854796000141],[100.03113940900016,13.506828050000024],[100.03089431300009,13.506674646000135],[100.03074962200014,13.5065882560001],[100.03072639900006,13.50657780900002],[100.03071373500006,13.506574569000122],[100.03069584000013,13.5065762750001],[100.03067191800011,13.506587966000097],[100.03066342400012,13.506602251000118],[100.03062479200008,13.506708192000076],[100.03062142000016,13.506718996000075],[100.03048578700003,13.507153585000083],[100.03047296100004,13.507223926000108],[100.030468069,13.507288815000038],[100.03047322900011,13.507366277000074],[100.03048461800006,13.507446726000069],[100.0305035670001,13.507524663000027],[100.03055976300016,13.507684707000124],[100.03056742400014,13.507722650000176],[100.03057382000014,13.507783421000113],[100.03057211999999,13.507849849000138],[100.03055591300017,13.507904056000086],[100.03054754300018,13.507919542000138],[100.03051611500007,13.507961115000114],[100.03044955900009,13.50800840400018],[100.03041608400008,13.508023233000074],[100.03039130100007,13.508028191000108],[100.03036739800012,13.508029764000185],[100.03033020400005,13.508027189000074],[100.03028977300016,13.508021228000189],[100.03000433700004,13.507923014000028],[100.03000423900016,13.507922982000025],[100.02958244600018,13.507801072000063],[100.02951576800018,13.507781798999986],[100.02942696100018,13.507844022000086],[100.02941913100011,13.507858852000084],[100.02939274700003,13.507908836000126],[100.02939417400006,13.507947034999972],[100.02939599900014,13.507995975000142],[100.02942605400006,13.508069920000139],[100.02942795000018,13.508074583000052],[100.02942262800013,13.508175831000074],[100.02939118799998,13.508212521000132],[100.02937793100006,13.508224468000094],[100.0293462320002,13.508253047999972],[100.02931745000012,13.508278998000037],[100.029246709,13.50832414700011],[100.02915373500014,13.508383482000113],[100.02897245700007,13.50849918400013],[100.02888819000015,13.508540850000031],[100.02881595399998,13.508576559],[100.02879241599999,13.508627813000032],[100.02879578400012,13.508655734000115],[100.02881035600006,13.508676926000078],[100.0289160260001,13.508703050000122],[100.02903677100005,13.508726164000052],[100.02919207400004,13.508821331000036],[100.02930509200013,13.508980366000117],[100.02937808300004,13.509051193000062],[100.02952620400015,13.509177752000141],[100.02958144600012,13.509218475000011],[100.02959925200014,13.509261504000108],[100.02961052,13.509321815000078],[100.02962627200009,13.509399340000186],[100.02960920499999,13.509528733000138],[100.02959923000014,13.509615588000088],[100.0295794770002,13.509787494000136],[100.02956001300004,13.509869475000073],[100.02953386400009,13.509936400000186],[100.02948997900006,13.509975376000057],[100.02938881100005,13.510010278000095],[100.02924360200007,13.510049670000171],[100.02908739800006,13.510093415000142],[100.02908697400005,13.510093601000165],[100.02889392200007,13.510176116000139],[100.02874441900002,13.510241387000121],[100.02870066600008,13.510310541000138],[100.02867667200019,13.510364523000021],[100.0286702790001,13.510416278000093],[100.02867500600007,13.510489532000122],[100.02871571400004,13.510737235000079],[100.02873715500016,13.510861939000108],[100.02873759099998,13.510864479000134],[100.02890235200005,13.511115812000071],[100.02896890700015,13.511225463000187],[100.02900466800014,13.511346010000125],[100.02900520100013,13.511350201000027],[100.02901833900012,13.511453723000045],[100.02901433400007,13.511546418000023],[100.02898842300016,13.511667229000125],[100.02896847,13.511739745000114],[100.0288947300001,13.51186734700019],[100.02885132000011,13.511913180000136],[100.02883003200009,13.511980113000106],[100.02882306700013,13.512032922000117],[100.02883726900006,13.512236948000123],[100.0288495650002,13.512648931000172],[100.02885012400014,13.512667476000047],[100.02884778100008,13.512683051000181],[100.02883229800011,13.512785958000052],[100.02881958500006,13.51282852100013],[100.02878355000018,13.512949222999964],[100.02873468800004,13.513112877000026],[100.02869767700008,13.513209824000114],[100.02859074400004,13.513339997000173],[100.02850495800004,13.513415238999983],[100.02838062800004,13.513494691000176],[100.02837426200006,13.51349783400019],[100.02830012500004,13.513534487000072],[100.02817489600005,13.513566998000044],[100.02808318400014,13.51358113800012],[100.02800332400011,13.513585934000162],[100.02794466300014,13.513589768000145],[100.02794233100013,13.513590811000142],[100.02790440700016,13.513607874000058],[100.02788645300012,13.513633482000046],[100.02787331399998,13.51365221900005],[100.02786505500012,13.513664004000077],[100.02783880500004,13.513701434000154],[100.02778826400004,13.51388822600012],[100.02776265100016,13.514034454000182],[100.02770892700016,13.514200725000137],[100.0276801010001,13.514319248999982],[100.02765847200016,13.514405458000113],[100.0276586720002,13.514452101000188],[100.02766984000004,13.514491521000025],[100.02769245700006,13.514614949000133],[100.02770743900004,13.514701793000029],[100.02771493500012,13.51474610200006],[100.02771213400018,13.514774702000125],[100.0277115240001,13.514806824000118],[100.02771361000009,13.514811478000126],[100.02771992900017,13.514841727999965],[100.02773447000004,13.514865888000031],[100.027746944,13.514888032000101],[100.02776146800016,13.51490815600016],[100.02777122200007,13.51491657300005],[100.02777434100005,13.514918089000162],[100.02780743900013,13.514939478000088],[100.02782591300007,13.51497169900017],[100.02782825400016,13.514995794000129],[100.02783364600009,13.514999206000027],[100.02785536900018,13.515097420000188],[100.02785981500006,13.515117506000081],[100.02785301000011,13.515176195000038],[100.02785274800004,13.515178536000121],[100.02786026100006,13.515221557000075],[100.02786040000018,13.515253852000171],[100.02785314800008,13.515271823000148],[100.02784218699998,13.515282630000058],[100.02781341200017,13.515299223999989],[100.02779829000019,13.515307930000176],[100.02778335300007,13.51530916500019],[100.02772471600014,13.515316584],[100.02770645000004,13.515334590000066],[100.0276920180001,13.515388481],[100.02769584900017,13.515427931999966],[100.02769600300013,13.515463813000054],[100.02769986600003,13.51551044200005],[100.02769277100009,13.515564293000182],[100.02767820700012,13.515589472000045],[100.02766728400019,13.51560745800009],[100.02765639300009,13.515632620000076],[100.02764916600012,13.515657770000189],[100.02764197800002,13.51569008700011],[100.02762771200008,13.515787027000101],[100.02761714200011,13.515824234000092],[100.02753587900003,13.51600932600013],[100.02744854600019,13.516167566000092],[100.02740107600016,13.516214406000074],[100.02735357800015,13.516254067000034],[100.02733167100001,13.516275682000128],[100.02730974000008,13.516293721000125],[100.02728427000011,13.516340469999989],[100.02727341000008,13.516372811999986],[100.02723338500005,13.516444739000178],[100.0271350340002,13.516599431000031],[100.02709501600009,13.516674944000158],[100.02700401800018,13.516833201000168],[100.02678928600017,13.517210838000096],[100.02672749900012,13.517340263000051],[100.02669480100008,13.517412159000116],[100.02669129000009,13.517448055000045],[100.0266914890002,13.517494698000121],[100.02669546100014,13.517566445000114],[100.02670795500012,13.517612130000032],[100.0267140860002,13.517634547000057],[100.02673627800004,13.517677517000038],[100.02675853900001,13.517738427000097],[100.02676979900008,13.517799382000078],[100.02676638000008,13.517856801000164],[100.02675582700016,13.517960905000052],[100.02675412400009,13.517972011000097],[100.02674155500006,13.518054253000116],[100.02671623700007,13.518136882000135],[100.0266980880001,13.518180016000144],[100.02667992900012,13.51821956700013],[100.02668011300011,13.518262616000072],[100.02668755000013,13.518287705000091],[100.0267097250001,13.518327080000063],[100.02678348600006,13.518427245000112],[100.02679004600009,13.518433609000056],[100.02691973400016,13.518559450000112],[100.02698862600016,13.518610023000122],[100.02705584500012,13.51865936900009],[100.02727281600005,13.5188020060001],[100.02750800300004,13.518919447000144],[100.02769912100007,13.519019130000117],[100.0277910800001,13.519083346000116],[100.0278682670002,13.519126081000024],[100.02789405400011,13.51915467800012],[100.02790880200007,13.519172560000015],[100.02792356600008,13.519194031000097],[100.027927352,13.519222720000073],[100.02792764500015,13.519290899000111],[100.02793543100006,13.519507534000013],[100.02793958000012,13.519618747000095],[100.02792887300006,13.519686968000144],[100.02789260300005,13.519780414000024],[100.02786714700011,13.519830748000118],[100.02784554900012,13.519924134000064],[100.0278422470002,13.520010259000173],[100.02784627100016,13.520092768000154],[100.02787245600013,13.520214661000182],[100.02788376200016,13.52028637799998],[100.0279096810001,13.520343687000036],[100.02793561400017,13.520404574000167],[100.02797249800005,13.520454660000041],[100.02801670400015,13.520501121999985],[100.02804246700003,13.520522552000159],[100.02807186300015,13.520536778000121],[100.02809389400011,13.520543865000093],[100.02813789900011,13.520543685000064],[100.02820754500004,13.520536221000157],[100.02826987000014,13.520532380000077],[100.0283028990001,13.520539413000051],[100.0283469360001,13.520546411000112],[100.02838368100004,13.520564201000127],[100.02841314000005,13.52059278500002],[100.02848680300002,13.520667838000122],[100.02851627600006,13.520700015000045],[100.02857137200004,13.520721313000024],[100.02862637900006,13.52072108699997],[100.02870345300005,13.520735125999977],[100.0287401860001,13.520749323000189],[100.02878056500003,13.520759920000103],[100.02884292200008,13.520763257000112],[100.02888688100012,13.52075230600019],[100.02893447500014,13.520734177000179],[100.02897848000015,13.520733996000104],[100.02902624100011,13.520755325000152],[100.02905565200012,13.520773145000021],[100.0290997350001,13.520790906000173],[100.02918048900005,13.520808515000112],[100.02923920300015,13.520819036000034],[100.02955483400001,13.520878740000171],[100.02965386700015,13.520885511000074],[100.03010147100008,13.520933907000028],[100.03026284400016,13.52094041200013],[100.03046086600006,13.520939597000108],[100.03061483600015,13.52092820100006],[100.0307613940002,13.520898896000062],[100.03088224900017,13.52086251600008],[100.030955543,13.520851451000112],[100.03113151200012,13.520839964000118],[100.03126355100011,13.520846588000154],[100.03133703100013,13.520878585000048],[100.03133833700008,13.520880379],[100.03136285500017,13.520914359000187],[100.03139245200003,13.52097523800012],[100.03146308700008,13.521197415000131],[100.03150404600018,13.521340773000077],[100.03156342500006,13.52150557800013],[100.03165584200013,13.521677428000146],[100.03170391300011,13.52177052900015],[100.0317410310002,13.521874427],[100.03175605700017,13.521956891000116],[100.03176753600013,13.522068082000146],[100.03177561300004,13.522240278000027],[100.03177958500015,13.52231202500019],[100.03176574800017,13.522505847000048],[100.03175289100011,13.522925715000156],[100.03177708300012,13.523435138000082],[100.03178494400015,13.52355710500018],[100.03180766300017,13.52372206300015],[100.03185243300015,13.523901278000153],[100.03193429900017,13.524177240000029],[100.03200482500017,13.524374297000122],[100.0320115630002,13.524493057000143],[100.03201305800002,13.524496766000027],[100.03201510600019,13.524521428000128],[100.03201692400017,13.524543405000031],[100.03202447500018,13.524593602000039],[100.0320246600001,13.524636661000159],[100.03201380000007,13.524669003000156],[100.03200284700017,13.52467981100017],[100.03197101000012,13.524693813000056],[100.03196990200018,13.524694294000028],[100.03196686600012,13.524695164000093],[100.03191862300014,13.524708861000079],[100.03191453100015,13.52470999100018],[100.03191130900007,13.524712477000037],[100.03189642200016,13.524714991000053],[100.03188930300018,13.524712568000098],[100.03175630800013,13.52473625700003],[100.03173377500013,13.524737992000098],[100.03161444099999,13.524753175000171],[100.03154477300012,13.524753462000092],[100.03147515800009,13.52476809600006],[100.03135800800004,13.524815231000161],[100.03127032000003,13.524890941000024],[100.03121928000007,13.524959331],[100.03117928500006,13.52503842699997],[100.03116130400008,13.525121037000076],[100.0311615820001,13.525185620000173],[100.03118396600019,13.525275232000126],[100.03120991700013,13.525339709000036],[100.03122842300002,13.525379109000085],[100.03123611300015,13.525461603000167],[100.03124370700004,13.525526095000032],[100.03124371800016,13.525526156000126],[100.03122559200006,13.525572875000137],[100.03118172400019,13.525605353000174],[100.03110110800009,13.525620032000063],[100.0310672830002,13.525616869000032],[100.03102773500012,13.525613166000028],[100.03085164700013,13.52559953400015],[100.03068277900019,13.525557171000116],[100.03062401600005,13.525535887000103],[100.03053960400018,13.52552187800012],[100.03042232700011,13.525536717000023],[100.03029787400004,13.525591051000049],[100.03023225300007,13.525681026000143],[100.03019237300009,13.525788835000071],[100.03015988200019,13.525907374000042],[100.03012396900016,13.526083338000035],[100.03009880400009,13.526201859000139],[100.03003703300004,13.526334875000146],[100.02996804900005,13.526496627000029],[100.02991693100006,13.526547067000081],[100.0298329430002,13.526629946000128],[100.02973791900018,13.526705685000081],[100.02964644100007,13.52675270400016],[100.02956971200018,13.526817615000084],[100.02952221300006,13.52685727800008],[100.02945656600008,13.52694365700006],[100.02942033500017,13.527044282000134],[100.02940958800008,13.527105327000129],[100.02942446100019,13.527151910000157],[100.0294502320001,13.527176923000184],[100.02947976200005,13.52721985300019],[100.02948739000016,13.527231361000077],[100.02951297400011,13.52726995300003],[100.029546122,13.52730210600015],[100.02957559600014,13.527334281000037],[100.029605161,13.527387982000164],[100.02960905000009,13.52743820400002],[100.02960196000004,13.527495640000154],[100.02960213000006,13.52753511300017],[100.02958407200015,13.527599764000058],[100.02955127400008,13.527646552000022],[100.02954446600006,13.527656152000134],[100.02950023900007,13.527718525000068],[100.0294856910001,13.527747288],[100.02943477300016,13.527844380999966],[100.0294055670002,13.52787679800008],[100.0293580180001,13.527905697000051],[100.02913133400017,13.528064512000185],[100.02906554300012,13.528115012000058],[100.0289996910002,13.528151163000132],[100.02893031900015,13.52822321200017],[100.02889387200008,13.528273600000034],[100.02889040100001,13.528320257000075],[100.0288942580001,13.528363301000127],[100.0289092450002,13.528438588000029],[100.02892433800008,13.528539002000173],[100.02893198300012,13.528610733000164],[100.02895061200013,13.528678827000078],[100.02895081200018,13.528725469000051],[100.02896570000013,13.528775648000021],[100.02897323700012,13.52882226000014],[100.02910201800006,13.528922197000156],[100.02914921600006,13.528948755000044],[100.02918425900003,13.528968477000092],[100.02921597300013,13.52898632300014],[100.02922968500002,13.528991624000128],[100.02934453700016,13.529036032000079],[100.02955403100003,13.529142806000038],[100.02961654300009,13.529182022999976],[100.02970488200003,13.529257008000059],[100.02977865700018,13.529357172000175],[100.02979056900011,13.52937662700009],[100.02984882000004,13.529471705000162],[100.02994544100011,13.529615347000117],[100.03012562999999,13.52988320500009],[100.0301736560001,13.529965543000174],[100.03024412300016,13.530148245000191],[100.03032183300019,13.530309392000106],[100.03033101100004,13.530341430000078],[100.03035160700017,13.530413329000055],[100.03038495300007,13.530492125000023],[100.03042557600014,13.53055654100001],[100.03046611200011,13.530603029000133],[100.03051025800005,13.530635134000022],[100.03057634400017,13.53065280300018],[100.03067181700015,13.530681122000146],[100.03074519100005,13.530687998000133],[100.03084149000011,13.530710320000026],[100.03085164300012,13.53071267000007],[100.03092871200005,13.530726709000078],[100.03100585100009,13.530755094000028],[100.03106400800004,13.5308115200001],[100.0310670090002,13.530821238000158],[100.0310758130002,13.530849753000155],[100.0311153930001,13.530940417000181],[100.03112456700018,13.53096259200015],[100.03113623800016,13.530990788000167],[100.03116326500015,13.531039114000066],[100.03117990800018,13.531073365000168],[100.03119448300009,13.531105602000082],[100.03119680999998,13.531119975000081],[100.03120296700007,13.531158039000047],[100.03120573500013,13.53118484900017],[100.03120733300005,13.53121453600005],[100.03121102400013,13.531273410000097],[100.03121176100007,13.531285159999982],[100.03122055500012,13.531307462000086],[100.03122845000013,13.53132780600015],[100.03124034500013,13.531345062000184],[100.03124920800008,13.531357995000064],[100.03125983100017,13.531367009000121],[100.03128232700004,13.531383763000065],[100.03138637800004,13.531414943000186],[100.03182224100016,13.531540427000095],[100.03211815500009,13.531619719000048],[100.03232659900016,13.531675578000147],[100.03267344800014,13.531768521000117],[100.03284770600015,13.531793733000086],[100.03304255200015,13.53179710500018],[100.03326267500012,13.531817731000103],[100.03344873300006,13.531835998000133],[100.03355247900015,13.531838059],[100.0336369010002,13.531855651000058],[100.03378660100014,13.531934512000078],[100.033861312,13.53198971200004],[100.03400454900003,13.532149606000132],[100.03431838900008,13.532505342000093],[100.03444456900007,13.53264564500006],[100.03462511000015,13.53282820100003],[100.034860793,13.533122162000097],[100.03498394200017,13.533292152000172],[100.03506743900004,13.533432111000081],[100.03509601100012,13.53348296300004],[100.03526209500018,13.533631443000047],[100.03564583600007,13.533863526000175],[100.03565605900008,13.53386763400016],[100.03573068000014,13.533920521000027],[100.03601509600003,13.534032277],[100.03625580000005,13.534157366000159],[100.03655619100016,13.53431346900004],[100.03677433400014,13.534426830000086],[100.03728573300009,13.53462689700018],[100.03796817900007,13.53489387500008],[100.03859344300014,13.53511894800016],[100.03872971800013,13.535164152000164],[100.03883240400012,13.53525678300008],[100.03884198999998,13.535269397000036],[100.03894439700002,13.535404171000039],[100.03910056400008,13.535511846000134],[100.03974684400009,13.53577859100011],[100.04008786900016,13.53586191100004],[100.04056346100009,13.535978107000062],[100.041325073,13.536245502999975],[100.0419484860002,13.536526994000099],[100.04309160300016,13.538673172000074],[100.04345544900008,13.539672717000087],[100.043476333,13.539795858000048],[100.04380050800012,13.541707230999975],[100.04403705500005,13.543341620000149],[100.04414041600018,13.54449557300012],[100.04408717800004,13.547317615000054],[100.04404191800018,13.551967403],[100.04395396200005,13.552960990000088],[100.04383301400014,13.554327274000116],[100.04341339100017,13.555430579000017],[100.04259132700014,13.557591978000062],[100.04262740700011,13.557608403000074],[100.042682958,13.557636520000017],[100.04444173500013,13.558526754000127],[100.04444195800005,13.558526867000069],[100.04599703500003,13.559313981000173],[100.04599615500013,13.559316056000057],[100.04545932600007,13.560582470000043],[100.0451669860002,13.561255215000017],[100.04499778200005,13.56165630400011],[100.04465673900017,13.562448356000061],[100.04433091100003,13.563164327000095],[100.04406442200008,13.563826829],[100.04380561500011,13.564471559000083],[100.04356760200005,13.565131404000056],[100.04338099300014,13.565699815000073],[100.04313620600004,13.566587753000022],[100.04291952900013,13.567389421000087],[100.04282223500007,13.567650833000016],[100.04266859700016,13.568056923000086],[100.04250183100004,13.568425059000162],[100.04233483200017,13.568739973999982],[100.04203625500008,13.569174542999974],[100.041987452,13.569268512],[100.04194131800011,13.569382732000065],[100.0416212400001,13.57023297500018],[100.041398205,13.570766062000132],[100.04120616400002,13.57127873700017],[100.04094822700011,13.572126195000124],[100.04079759000018,13.572628561000158],[100.04066252200016,13.573138474000132],[100.04057860300009,13.57349611900014],[100.04042131100005,13.57425699200013],[100.04032443099999,13.57461470000004],[100.04007421300008,13.575449449000132],[100.03987788000012,13.576167399000042],[100.03962275200013,13.577065515000072],[100.03951293800009,13.577425810000136],[100.03948709300016,13.577441122000153],[100.03945604300009,13.577448853000021],[100.03941459700002,13.577449025000021],[100.038932364,13.577352210000072],[100.03889613200005,13.577359962],[100.03887289700015,13.577377797000167],[100.03886013300018,13.577420927000162],[100.03878228000002,13.577918911000154],[100.03868871200012,13.578640099000154],[100.03854975000019,13.57951464100006],[100.03835422400016,13.580087596000112],[100.03819112500008,13.580264107000062],[100.03807236800009,13.580409706000125],[100.03799688400005,13.580523271000175],[100.0378428530002,13.580877825000016],[100.03723589700007,13.58246131200002],[100.03722203700016,13.582497471000124],[100.03741886,13.582574737000073],[100.04029494000014,13.583121372000107],[100.04012328300007,13.5839640370001],[100.03994329600016,13.58467095300017],[100.03991937700005,13.58472848700012],[100.03988499600013,13.584765801],[100.0398436550002,13.584789617000013],[100.03978502300015,13.584810134000065],[100.03973679700005,13.584840742000097],[100.03970936100012,13.584884789000114],[100.03968204300014,13.584955854000043],[100.0394859810001,13.585936504000188],[100.03916438900012,13.587438002000056],[100.03907373400017,13.587858299000118],[100.03898495100003,13.588269919000027],[100.03894793900014,13.588496450000036],[100.03892522300004,13.588830476000169],[100.03886604000002,13.590047060000074],[100.03879645600017,13.590988891000109],[100.03876767800006,13.5917818960001],[100.03878208900011,13.5931335410001],[100.03878330600014,13.593247465000161],[100.03998176200014,13.593101970000077],[100.04026077900005,13.593088366000018],[100.04206559500017,13.59354079200017],[100.04236931700007,13.593615833000058],[100.04268523200005,13.593752915000039],[100.04301526900008,13.594060038000123],[100.04316672800007,13.594353262000084],[100.04319190000001,13.594567861000144],[100.04311803600012,13.594837166000104],[100.04275955200012,13.595385441000133],[100.04237322400013,13.595989604000067],[100.04196147400017,13.596586585000182],[100.04193934400013,13.596618670999987],[100.04192273900009,13.596642746000157],[100.04134489700004,13.597684561999984],[100.04122673000012,13.598009410000031],[100.0411744930002,13.59835206300005],[100.04119996300017,13.598708051000017],[100.04122526700013,13.599061716999984],[100.0412566060001,13.599714352999968],[100.0412410720001,13.59988556900015],[100.04120090400016,13.600005150000186],[100.04116992400009,13.60005651400013],[100.04110261600016,13.60016810500008],[100.04104010200018,13.600247333000027],[100.04096227200012,13.600336514000048],[100.04075991700017,13.60059209600007],[100.04010356800012,13.601247612000122],[100.03928953100018,13.602138622000098],[100.0391600910001,13.602318279000144],[100.03909210000012,13.602426665000053],[100.03908589600013,13.602450892000036],[100.0390440750001,13.602597460000084],[100.03899727100014,13.602781363000076],[100.03882977600006,13.60339593700013],[100.03859759700015,13.603900586000066],[100.03841273100011,13.604198454000027],[100.03834327400011,13.604310370000064],[100.03825800300007,13.604401771000028],[100.03816118800017,13.604505544],[100.03781970500006,13.604880235000053],[100.03745576900013,13.605216911000184],[100.03698114500014,13.60568277699997],[100.03653906500017,13.606050838000158],[100.03622388800011,13.606368849000091],[100.03588903200011,13.606817124000145],[100.03572203100003,13.606960278000088],[100.0355713620001,13.607114167000134],[100.03553900300017,13.60714106600011],[100.0353371000001,13.607308913000054],[100.03525175100003,13.607374736999986],[100.03509442500018,13.607490697],[100.03492233300017,13.607606586000088],[100.03490170300006,13.607616325000095],[100.03457833800019,13.607768953000118],[100.03441911300007,13.607840089000149],[100.03433397200007,13.607873474000144],[100.03409886900005,13.607980231],[100.03400252300008,13.60801650400009],[100.03391083600019,13.608057383000187],[100.03380723000015,13.608130325],[100.03368478100009,13.608216953000067],[100.03357404100012,13.60830591500013],[100.03345853899998,13.608406339999988],[100.03331474700019,13.608529590999979],[100.03313237500004,13.608700502000033],[100.03311725100019,13.608720801000175],[100.03305352200016,13.608840707000184],[100.03293887900014,13.60913131500007],[100.03290381500011,13.609271702],[100.03290603900012,13.609465810000074],[100.03287653100017,13.609813754000129],[100.03288354100005,13.610056443000019],[100.03284968500009,13.610278910000034],[100.03284793400019,13.610290421],[100.03284461400011,13.610300949000191],[100.032792132,13.610467463000134],[100.03272317300008,13.610564162],[100.03248895400014,13.610850817000028],[100.03229280699998,13.611132861000101],[100.03199455000009,13.611523099000067],[100.03168475600006,13.61191995300004],[100.03162232900013,13.61199991300009],[100.03144504300019,13.612212137000029],[100.03110954200008,13.612613751000083],[100.03166305400003,13.612883957],[100.03204857300005,13.613090927000087],[100.03273786400013,13.613495777000026],[100.03308148000013,13.613689270000123],[100.03341704600001,13.613864608000085],[100.03364333200011,13.61396242799998],[100.03395213200008,13.614093689000129],[100.03400267400019,13.614106475000085],[100.03404519100002,13.61410629900007],[100.03407965700006,13.614087969000025],[100.03418507600014,13.613887401000113],[100.03443017100011,13.613423775000115],[100.03473833500004,13.612796141000047],[100.03481476500014,13.612652881000088],[100.03483752500006,13.612630697000043],[100.0348672410002,13.612622256000122],[100.03489702100018,13.612624216000142],[100.03492680800008,13.612630326000101],[100.03548935700019,13.612944021000033],[100.03593894900007,13.613187485000083],[100.03631185100016,13.613393854000037],[100.03672727800017,13.613604199000122],[100.03691691100016,13.613705288000062],[100.03696590800001,13.613727951000044],[100.03699355800018,13.613731993000044],[100.0370190110001,13.613719412000137],[100.03703803100007,13.613694382],[100.03719411600008,13.613413047000108],[100.03733841200011,13.613128070000073],[100.03742338900014,13.61296025400003],[100.03764021700016,13.612532051000073],[100.03770222300011,13.61245139600004],[100.03774464100007,13.612429039000062],[100.03778996900007,13.612426080000091],[100.03783253300008,13.612436990999981],[100.03831540600015,13.612676159000046],[100.03877267500002,13.612893256000177],[100.03942894200009,13.613245366000172],[100.03954251500016,13.613292011000055],[100.03960204800018,13.613294533999976],[100.03966728600005,13.613305351000065],[100.03980361700008,13.613371319],[100.04014166200005,13.613544552000064],[100.04062745800013,13.613803110000163],[100.04125145200004,13.614133881000043],[100.04125529200019,13.614135919000034],[100.04157581600009,13.614306698000064],[100.04173541200015,13.614391723999972],[100.04206777700017,13.614562216000081],[100.04267566600015,13.614870153000084],[100.0429369900001,13.614999357999977],[100.04304207300015,13.615048819000094],[100.04310449000008,13.615062409000132],[100.04320939900015,13.615070285000115],[100.04325611799999,13.615073887000051],[100.04314667300008,13.614749472000085],[100.04316703400008,13.614688864000072],[100.04320899000004,13.6146679040001],[100.04332417900002,13.614684337000142],[100.04340567100002,13.614695959000017],[100.04353583700015,13.614716011000098],[100.04388037200016,13.614796402000081],[100.04407454900013,13.614845808000098],[100.04425348300003,13.614887834],[100.04441610800006,13.614926247000085],[100.0445707880001,13.614962785999978],[100.04476671300006,13.61501537900017],[100.04500374700012,13.615086605000045],[100.04543204600009,13.61522883300006],[100.04584912100006,13.615399300000036],[100.04601012900008,13.615478215999985],[100.04622219400011,13.615597232000084],[100.04629824300008,13.615647988000035],[100.0463582490001,13.615691766000111],[100.04641460200003,13.615740697000149],[100.0464861420001,13.615802827000152],[100.04657214000014,13.61589917900011],[100.0466619500001,13.616002224],[100.04671412000016,13.616070703000105],[100.04678824600006,13.616179112000111],[100.04684763400019,13.616279303000113],[100.04688114800012,13.61634646400006],[100.04691326900019,13.616431123999973],[100.04694195300004,13.616537428000072],[100.04696246100019,13.616602845000045],[100.04697710800002,13.616680053000039],[100.0469807770001,13.616717677000167],[100.04698878700003,13.616810640000097],[100.04699187300014,13.61688617600015],[100.04700197700004,13.616954973000077],[100.04700546800007,13.616970656000035],[100.04701364800007,13.617022696000106],[100.04701423500018,13.617032838000057],[100.04702079200013,13.617068347000043],[100.04703502800004,13.61712004400016],[100.04705337300004,13.617167015],[100.04706080300014,13.617186037000181],[100.0470756410001,13.617220460999988],[100.04710207800008,13.617267038000023],[100.0471450440001,13.617315866000183],[100.04715275600017,13.617322277000085],[100.04719848100018,13.617360283000039],[100.04727670000017,13.61741761400009],[100.04739114,13.617497105000155],[100.04751132700011,13.617585879000046],[100.04761903600007,13.61766959200014],[100.04773267700011,13.617757916000187],[100.04796137100004,13.617919408000034],[100.04802964700019,13.617960976000063],[100.04806890900005,13.617984880000108],[100.04810557500008,13.618005218],[100.04822463000005,13.618088656000168],[100.04826484500012,13.618127651000123],[100.04835275800019,13.618225855000048],[100.04840444600018,13.618303750000052],[100.04847717100006,13.618411325000125],[100.0485053810001,13.618455284000106],[100.04852120900017,13.61847995200003],[100.04856818600007,13.618549680000115],[100.04863148300007,13.618635690000133],[100.04866906300015,13.618676781999966],[100.04870967600004,13.61871771799997],[100.04882878000012,13.618800421000174],[100.048864939,13.61881790700005],[100.04896181700002,13.618861089000063],[100.04908401600011,13.618896057000086],[100.0492609370001,13.618920794000076],[100.04926478300007,13.618921332000127],[100.04951600700008,13.618968627000072],[100.04962827400004,13.618986758000062],[100.04983195199998,13.61903239100019],[100.05001851600014,13.61907996900004],[100.05032109800015,13.61915539100005],[100.05053129800012,13.619211545000098],[100.05077347000008,13.619276240000033],[100.05088971200013,13.61930729300019],[100.05113794800008,13.61936687500014],[100.05131914800012,13.619399840000142],[100.05133325800006,13.619402406000177],[100.05145279100009,13.619401901],[100.05148101000003,13.619393738000156],[100.05149367100012,13.61938694700001],[100.0515075400001,13.619375218000016],[100.05153075200008,13.619337004999977],[100.05156794300018,13.619224647000124],[100.05156994400011,13.619216243000096],[100.05160552000018,13.619105881000053],[100.05165406900005,13.618936926],[100.0516600840001,13.618917467000074],[100.05169174300016,13.61881511200005],[100.05173038300012,13.618669253000178],[100.0517418440001,13.618641860000139],[100.05175769000016,13.61862024100003],[100.0517727040002,13.618608541000128],[100.05180092900014,13.618597942],[100.05206511200004,13.6186158860001],[100.05211100700018,13.618620706000115],[100.05212175000008,13.618623152000168],[100.05240133900003,13.61865282600013],[100.05271694000015,13.618669132000036],[100.05311381400014,13.618730861000131],[100.053277816,13.618765934000066],[100.05335300799999,13.618785473000173],[100.0534442570002,13.618803540000158],[100.05347047900005,13.618808734000083],[100.05360001600019,13.618848023000055],[100.05376521700009,13.618898132000027],[100.0538585070002,13.618930070000147],[100.05386047100018,13.618931014000054],[100.053876005,13.618940959999975],[100.05389553400016,13.618964098000106],[100.05390378600009,13.618980768000085],[100.05390473500012,13.618984049000119],[100.05391505300008,13.619019761],[100.0539162720001,13.619042526000044],[100.05390536600004,13.619126712000082],[100.05389178000019,13.619231554000066],[100.05387890100008,13.619377092000036],[100.05386266200009,13.619525957000178],[100.05384317200009,13.619704587],[100.05384078300011,13.61973465800014],[100.05382715700006,13.619906346000107],[100.05379760200003,13.620101557],[100.05378476700014,13.620257011000092],[100.05375911900012,13.620405481000091],[100.0537157170001,13.62069706799997],[100.05365873200009,13.620916322000028],[100.05364259000015,13.620978431000083],[100.05357256800005,13.62119695600012],[100.05351609000019,13.62142203400009],[100.05348387400016,13.621517952000033],[100.05343935100012,13.62165050900012],[100.05340322400008,13.621769395000172],[100.0533860290002,13.621825973000057],[100.05334034900011,13.62196198300012],[100.05332937100007,13.622008382000104],[100.05333005300014,13.622162365000179],[100.053336979,13.622199815000045],[100.05334948100017,13.622268929000086],[100.05336954900002,13.622322198000177],[100.05338837200009,13.622355007000124],[100.05344972,13.622467166000092],[100.05353486900003,13.622608988000081],[100.05362355400018,13.62278716100019],[100.05372246700011,13.622985129000028],[100.05380881500014,13.623121333000086],[100.05384162700005,13.623173089000147],[100.05392008800004,13.623331467000071],[100.05400933400011,13.623567510000157],[100.05401245200005,13.623575753000068],[100.05405378700016,13.623750826000048],[100.05408145600006,13.623889579000092],[100.05408423100005,13.623906546000171],[100.05410577500004,13.624038272000064],[100.05409669800008,13.624279688000115],[100.05409168,13.624673173000076],[100.05408791200006,13.624738285000149],[100.0540764650001,13.624936066999965],[100.05407598500005,13.624944369000161],[100.05407568200013,13.624946296000019],[100.05404639000017,13.625132967000127],[100.05399673900007,13.625371244],[100.05397067500007,13.625592891000167],[100.05395437800001,13.625728530000117],[100.05392443100015,13.625837766000075],[100.05390267000018,13.625880795000171],[100.05389091700005,13.625904037000112],[100.05383374900009,13.625973721000037],[100.05382665000013,13.625980726000023],[100.05373950200004,13.626066700000024],[100.05356791400004,13.626252588000114],[100.05341646800014,13.626408629000139],[100.05327503900003,13.626534875000118],[100.05311680200003,13.626684339000064],[100.05278668500011,13.626953566],[100.0525801300002,13.62715734],[100.05253845100003,13.627202254000167],[100.05251773800018,13.627239838000094],[100.052479398,13.62732920000019],[100.05247342100017,13.627353787000175],[100.052470718,13.627364905000036],[100.05242750600019,13.62753041200017],[100.0523943340001,13.627676037000015],[100.05238122200007,13.627768674000151],[100.05238506000006,13.62787116100003],[100.05240911600009,13.627960330000178],[100.05246348300005,13.628022927000131],[100.05250084900013,13.628047816000162],[100.05253639000011,13.628060062000088],[100.05257522500006,13.628062130999979],[100.0526259400001,13.628061916999968],[100.05269358300006,13.628068244000076],[100.05276457200017,13.628067943000133],[100.05282880900006,13.62806767100011],[100.05291670600013,13.628067299000065],[100.05299109600008,13.628070294000054],[100.05305197700005,13.628076640000018],[100.05310617100008,13.62809956000018],[100.05320788400007,13.628165258000081],[100.05339435200005,13.628283501],[100.05354018600002,13.628388690000122],[100.05376068100009,13.628556389000039],[100.05390993000009,13.628668178000112],[100.05409313100006,13.628812884000013],[100.05423229900003,13.628937940000071],[100.05438180200002,13.629109241000151],[100.05447544300006,13.629222702],[100.0544769830002,13.629224569000087],[100.05457551800009,13.629336570000191],[100.05470131100009,13.629494747000024],[100.0547591450001,13.629577159000121],[100.0548308060001,13.629725648000033],[100.05491967100005,13.62994349800016],[100.0549982820001,13.630134940000175],[100.05509371000016,13.630309781000165],[100.05517205700016,13.630441708000149],[100.05527400800014,13.630560309000089],[100.05535890100015,13.63064591500006],[100.05546042200012,13.630720646000157],[100.05567318700002,13.630921555000157],[100.05597618500008,13.631161581000129],[100.05598871400014,13.631171505000054],[100.05602633200004,13.631195711000089],[100.05643286800012,13.631457285000067],[100.05668103100015,13.631615276000105],[100.05677728400019,13.63167655500007],[100.0567888540001,13.63168392100016],[100.05696522400012,13.631812127000103],[100.05700244500008,13.631836426000064],[100.05706656200016,13.63188215100007],[100.05717702100014,13.631985609000083],[100.05724700300004,13.632075446000158],[100.0573945220001,13.632247629000119],[100.05743264000006,13.632303512000021],[100.05754219900012,13.632496771000092],[100.05758596400011,13.632589615000143],[100.05758742900014,13.63259272700003],[100.0576626240001,13.632784561000108],[100.05776529600007,13.633065178000152],[100.05785409200013,13.633266499],[100.05791916300007,13.633454694000022],[100.05793410000018,13.633500884000114],[100.05795658100016,13.633570397000142],[100.05798613600018,13.63366758400008],[100.05803298200016,13.633960092000109],[100.05808504300012,13.634264075000146],[100.05811282500014,13.634429270000055],[100.05812728800015,13.634464198000103],[100.05818382700011,13.634555000000148],[100.0582115790001,13.634587567000096],[100.05827605700011,13.634643499000106],[100.05834398300004,13.634712649000107],[100.05843233200017,13.634811467000134],[100.05852084100013,13.634949962000121],[100.05858231500008,13.63508857000005],[100.058604452,13.635178231000111],[100.05861354600006,13.635268284000176],[100.05861371700018,13.635306663000051],[100.0586142620001,13.63542900300007],[100.05863522500016,13.635581011000056],[100.05864811700019,13.63571709900009],[100.05864766300016,13.635777031000089],[100.05863383500008,13.635858821999989],[100.05861971000002,13.635891884000102],[100.05857944100018,13.63596149500006],[100.05853939500008,13.63607738800016],[100.05851330600012,13.636292424000032],[100.0585035860002,13.636388347000036],[100.05850391000007,13.636461095000186],[100.05851778800013,13.63654038499999],[100.05852832200014,13.636629617000096],[100.05855601100018,13.636771682000074],[100.05856700400011,13.636963409000032],[100.05858808300019,13.637141868000128],[100.05859262900003,13.63722171600017],[100.05859119000019,13.63730611700015],[100.05856608700014,13.637515596000128],[100.05855431600014,13.6376581990001],[100.05855325600004,13.637671050000051],[100.05855463300009,13.637700849999987],[100.05855355100016,13.637713768000026],[100.05855251700007,13.63772609200015],[100.0585485310001,13.63781796500001],[100.05853289800012,13.637936544000127],[100.0585208620002,13.637988607000125],[100.058507958,13.638127534000148],[100.05848162300009,13.638289666000048],[100.05847228100004,13.638468254000088],[100.05846948500016,13.638600526],[100.05848368500006,13.638752561000103],[100.05849451000017,13.638904621000052],[100.05848835300009,13.63904020700005],[100.05848185600018,13.639166745000068],[100.05848177500008,13.639167990999965],[100.05847290800017,13.639302245000067],[100.05845469700017,13.639378536000095],[100.05844599700015,13.639397485000131],[100.05838211000008,13.639477112000066],[100.05836003400003,13.639500786999974],[100.05830471500019,13.63956010700008],[100.05820360100017,13.639629969],[100.05811260200016,13.639693183000077],[100.0580147730002,13.639743193000129],[100.05793384000015,13.63978983700008],[100.05781240900012,13.639853173],[100.05770447400016,13.63990984700007],[100.05765393400009,13.639949730000126],[100.05762381800008,13.640019299000073],[100.05757364599998,13.640141856000184],[100.05751010700016,13.640297526000097],[100.05745355500011,13.640451082000027],[100.0574332700001,13.640506164000158],[100.0573734310002,13.640734567000095],[100.05732022000018,13.640933181000037],[100.05727380000008,13.641138379000154],[100.0572477390001,13.64136002700019],[100.05723225100007,13.64146223500012],[100.05719683700016,13.641695852000169],[100.057160673,13.64192744800016],[100.05712849800011,13.642294606000121],[100.05710267300003,13.642569158000128],[100.05707327800019,13.64280073499998],[100.05705050500012,13.64300252900017],[100.05702119900019,13.643253944000094],[100.0569949820001,13.643442528000094],[100.05698234200008,13.64364096800017],[100.05694984200005,13.643935377000105],[100.05693048400008,13.644143771000131],[100.056904158,13.644305895],[100.05686463500007,13.644500918000062],[100.05685197400015,13.644692747000079],[100.05688692100011,13.644950502000142],[100.05695571700011,13.645214725000073],[100.05700374100019,13.645369930000015],[100.05705518000008,13.645531723000033],[100.05708965200012,13.64568037000015],[100.05711400000018,13.645832364000114],[100.05712152700016,13.646004267000023],[100.05710880500015,13.646139838000124],[100.05710538300008,13.646176272000162],[100.05707226400006,13.646331820000057],[100.05702890800006,13.646464263000098],[100.05697880700006,13.646603347000053],[100.05692296600017,13.64675064000005],[100.05690478900016,13.646833023000056],[100.05686398700016,13.646960129999968],[100.05683038100005,13.647101165000038],[100.05682852500007,13.647116218000122],[100.05681524600016,13.647223981000081],[100.05680847400009,13.64730491600011],[100.05681748200016,13.647408108000093],[100.05682920400005,13.647477797000079],[100.0568482810001,13.64759768500005],[100.0568613920002,13.647659],[100.05687598500009,13.64773287000014],[100.05689062200014,13.64781650600014],[100.05691532400004,13.647918228000037],[100.05693424000003,13.648001846],[100.056954507,13.648068709000142],[100.05701662000007,13.648242808000077],[100.0570598860001,13.648351423000065],[100.05709598200008,13.648448920000078],[100.05712348800006,13.64853947600011],[100.05714956100019,13.648628634000033],[100.05719618400019,13.648795596000127],[100.05722326300003,13.648897772000055],[100.05724264900005,13.648979525000186],[100.05727731500008,13.64907795300013],[100.05731187900011,13.6491522070001],[100.05733687100002,13.649211617000049],[100.057373283,13.649274693999985],[100.05742889800013,13.649378605000152],[100.05749210900007,13.649478775000091],[100.05756493200016,13.649603077000108],[100.05762053100005,13.64970326800011],[100.05767429200017,13.649816500000043],[100.05773754300014,13.64992782100012],[100.05779316700011,13.6500336040001],[100.05786417800005,13.650176506000037],[100.05789874300018,13.65025261500017],[100.05793342499999,13.650352905000148],[100.05797389500015,13.65047176500019],[100.05801438300011,13.650594342000147],[100.05804147100008,13.650698383000133],[100.05805304800003,13.650735530000077],[100.05805323900017,13.65077830500013],[100.05805335500014,13.650804342000072],[100.058039636,13.650846115999968],[100.05803570800003,13.650858080000091],[100.05800952400017,13.650956757000188],[100.057977676,13.651064765000058],[100.0579514760002,13.651159736000182],[100.05792326000017,13.651230531000067],[100.05788556500016,13.651308803000177],[100.05786139300011,13.65143166300004],[100.05785251000015,13.65157119000014],[100.05785138200008,13.651746027000115],[100.05786509700005,13.651835248000111],[100.05789203500012,13.65190579900019],[100.0579322660002,13.651970734000145],[100.05799719000004,13.652029972000093],[100.05806970000003,13.65208359900015],[100.05816309500017,13.652129695000042],[100.05824883000008,13.652162808000071],[100.0583384320002,13.652210781],[100.05834000000016,13.65221155900008],[100.05841276400014,13.652247661000047],[100.05849082100013,13.652265931000159],[100.0586411660002,13.652287610000087],[100.05883919300015,13.652338839000151],[100.0589186260001,13.65235697700001],[100.05895913000006,13.652366226000026],[100.05903518600013,13.652391153],[100.05905436400013,13.652397436000115],[100.05911160400007,13.652438114000063],[100.05917091400016,13.652517834000093],[100.05923415000007,13.652623574000131],[100.05932435800008,13.6528073180001],[100.05938006700018,13.652933554000072],[100.05941858400007,13.653039400000125],[100.05947453300018,13.653217719],[100.05952490100009,13.653423951000036],[100.05957146800012,13.65363019200015],[100.05963884700009,13.653814041000146],[100.05971001000017,13.653990424000085],[100.05979471400008,13.654218829000058],[100.05986388900004,13.654376624000065],[100.05992335700017,13.654491686000028],[100.06007092300013,13.654742134000116],[100.06017454200008,13.654948139],[100.06029352100006,13.655185695000114],[100.0604088340001,13.655454892000137],[100.06054153000008,13.655781669000078],[100.06062437100007,13.65601937800011],[100.0607148410001,13.656260773000099],[100.06077648100006,13.656435341000133],[100.06084775300008,13.65663776600013],[100.06088246200005,13.656743628000186],[100.06090964200013,13.656868123000095],[100.0609249700002,13.656953787000077],[100.06093542800016,13.657012243999986],[100.06093890400007,13.657031670000038],[100.06094894300014,13.65715066000007],[100.06094193100006,13.65728274300011],[100.06092246300005,13.657451671000047],[100.06091812700004,13.657489292000037],[100.06087992800019,13.657674864000114],[100.060879043,13.657679169000062],[100.06083975700017,13.657828122000183],[100.06081179500012,13.657952861000126],[100.06078933700007,13.658034785000154],[100.06076492500017,13.658103710999967],[100.06072536700009,13.658191288000069],[100.06069853200012,13.658238634000043],[100.06061970100006,13.65837773000004],[100.06054438300004,13.658549167000103],[100.06047781400014,13.658727167000052],[100.06046356900009,13.658765257000027],[100.06041491200006,13.65894215700007],[100.0603703540001,13.659185985000022],[100.06034109300009,13.659446503000083],[100.06027844600015,13.659727575000034],[100.0602640090001,13.659792352000181],[100.06026458000008,13.659920193000175],[100.06026616400004,13.660274689],[100.06026825100008,13.660286144000167],[100.06033515900015,13.66027044600014],[100.06168510200018,13.660050207000097],[100.06172173800019,13.660039359000109],[100.06179262800003,13.660010900000145],[100.06187654900015,13.659976691000054],[100.06195298200015,13.659928007000133],[100.06198257400013,13.659910947000128],[100.0620393980002,13.65989861700018],[100.06226190500001,13.659890407000034],[100.06280584300009,13.659873572000151],[100.06315805700012,13.659882771000127],[100.06336620400003,13.659879204000106],[100.06340105300012,13.659885067000118],[100.06342365100005,13.659900986000082],[100.06343405000013,13.659936991000166],[100.06343567700014,13.659941548000063],[100.06345271100014,13.659988984000108],[100.06346916000018,13.660004937999986],[100.06348760500003,13.66000686200016],[100.06353472400008,13.660010660000125],[100.06353621300013,13.660010556000088],[100.06390528300011,13.659985039000048],[100.06425130300016,13.65996753000013],[100.06438651100012,13.659978966000153],[100.06458126000018,13.660022196],[100.06474937600007,13.660063525000169],[100.06498522300012,13.660138610000047],[100.06506573400014,13.660165927000094],[100.06544966000007,13.66029617400011],[100.06553899900013,13.660326487000077],[100.06578310600014,13.660415556000032],[100.0659867510002,13.660501275000115],[100.06599034100014,13.660502787999974],[100.06617501600005,13.660584095000047],[100.06622830000003,13.660593887000175],[100.0662999220001,13.660581563],[100.06670102500016,13.660515747999966],[100.06677580500013,13.660500999000078],[100.0671266120001,13.660431816000141],[100.06715939400016,13.660435676000134],[100.06718822300013,13.660469596000098],[100.06718834000009,13.660495632000107],[100.06719002900013,13.660507950000067],[100.06721585600002,13.660695781000072],[100.06723435400016,13.660711718000016],[100.06725690800005,13.660715628],[100.06727124500009,13.660715567000068],[100.06843147900014,13.660510305000173],[100.06894646600006,13.660455378000165],[100.06909674100012,13.660439350000047],[100.07027647900003,13.66025339200013],[100.0703246110001,13.660245805000102],[100.0703470740001,13.660231687000191],[100.07035720400006,13.660207610999976],[100.07035744500018,13.660186968000119],[100.07036492100008,13.66016721200009],[100.07040446000008,13.659771790999969],[100.07040677499998,13.659748628000102],[100.0704486030001,13.659131799000136],[100.07045509700009,13.659092622],[100.07047313600009,13.659062437999978],[100.07048716200018,13.659053532000144],[100.07052395300008,13.65903734900013],[100.07059150900017,13.659033057000158],[100.07070412900009,13.659028563000106],[100.0711721740002,13.659054557000161],[100.07119344100005,13.659054155000092],[100.07212991,13.659091849000049],[100.07281914000004,13.659119590000103],[100.07420407100011,13.659190586000136],[100.07559797300019,13.659198125000103],[100.07576465900013,13.65919287200012],[100.07580208100018,13.65919074900006],[100.0756497480001,13.658564582],[100.07565567900014,13.658518497000045],[100.07567606500004,13.658498386000076],[100.07574762200005,13.658472039000117],[100.07654707400008,13.658580566000126],[100.07661105500017,13.658567768000125],[100.07685129600003,13.658572607000053],[100.07687293200007,13.658416327999987],[100.07688729400019,13.658248631000106],[100.07688800600005,13.658184618],[100.07687923000003,13.658132883000121],[100.07685827400007,13.65800932400009],[100.07685055700006,13.65794637300013],[100.07684252500013,13.657825583999966],[100.07687589300002,13.657658546],[100.0768884260001,13.657512252000174],[100.07689414000004,13.657445547000066],[100.0768947210002,13.657440125000164],[100.07692604300013,13.657515423000177],[100.07700803400007,13.657522334000134],[100.07902920200013,13.657692699000108],[100.07926885900014,13.657688506],[100.08009884200015,13.657755109000107],[100.08039970400017,13.657693559000165],[100.0804726510001,13.657667427000149],[100.08096684300011,13.657490303000031],[100.08188308000018,13.657298908000087],[100.08251942300018,13.657262669000033],[100.0826785230002,13.657257278000031],[100.08410701200017,13.657208882000134],[100.08450061200006,13.656511453000064],[100.08532610100002,13.654336773000068],[100.08566966300003,13.653344295000181],[100.085914113,13.652669968999987],[100.08602733400005,13.652320563000046],[100.08653287600015,13.650760553000111],[100.09323104200013,13.653072289000079],[100.0937398010002,13.652213107000023],[100.09472641600007,13.65034615500008],[100.09482611800013,13.650378541000123],[100.09678693000018,13.651015443000063],[100.09965348800006,13.652112841000076],[100.10029992300014,13.651653664000037],[100.10103698400013,13.651155149999965],[100.10140975500013,13.650727584000151],[100.10174196200018,13.650290289999987],[100.10205470000011,13.650021466000169],[100.10235771300006,13.649841830000014],[100.10295463000017,13.649700513000141],[100.10360644400009,13.649568934],[100.10457112200015,13.649374197000157],[100.10508355200011,13.649305057000106],[100.10548211500009,13.649253139999985],[100.10593760500012,13.649401769000121],[100.10637564800004,13.649568421000083],[100.1085533800001,13.650408021999965],[100.11107069700012,13.651368037000111],[100.1116266630001,13.651648159],[100.11416141300003,13.652327888],[100.11438611900019,13.652388145000145],[100.11499448800015,13.652546291000078],[100.11687486200015,13.653035093000028],[100.1180260590001,13.653162589999965],[100.12176689600005,13.653834691999975],[100.12166464600011,13.654104697000037],[100.12126592599998,13.655266447000088],[100.12063152700017,13.657038403000115],[100.12009881000006,13.658596048000163],[100.11953981800019,13.660202404000188],[100.11891138700014,13.661991379000142],[100.11874224000007,13.662433601000146],[100.11865922700008,13.662650643000177],[100.11840194500007,13.663457433000133],[100.11792744700011,13.664951684000016],[100.11747847900006,13.666379811000127],[100.12148583400005,13.666727318000028],[100.12184514200015,13.666791635000095],[100.12344499700009,13.66707801900003],[100.12337194400016,13.667222604000187],[100.12336062200012,13.667245010000045],[100.12313425500014,13.667693001000089],[100.12302978100018,13.668031443000018],[100.1229138450002,13.668300584000178],[100.1229000030001,13.668332729000099],[100.12281315400014,13.66853434800015],[100.12239734399998,13.669607007000025],[100.122123843,13.670384561000049],[100.12208994100007,13.670451635000063],[100.12201275800015,13.670524815000078],[100.12194591000014,13.670618339000043],[100.12155941700001,13.671778470000163],[100.12133335300018,13.67255144100011],[100.12137011300018,13.672561602000144],[100.12232189600013,13.672824703000117],[100.123346566,13.67312898800003],[100.12297402400009,13.674402941000153],[100.12263948800012,13.675434195000037],[100.122158179,13.676495388000035],[100.12188044000004,13.677107748000026],[100.12155486600011,13.677825573],[100.12150186700006,13.677942415000075],[100.12095923200019,13.679138797000121],[100.12197545499998,13.679436116000147],[100.12428593600015,13.680069647000096],[100.12655214900013,13.680580083000052],[100.12696839600005,13.680673963000174],[100.12710096100005,13.680709409000087],[100.1276369430002,13.680852716000118],[100.12818719000018,13.680957717000183],[100.12868544000014,13.681057094000153],[100.12876545600005,13.681068462000042],[100.12880751500006,13.681085857000141],[100.12883558100009,13.681101374000093],[100.12887371400012,13.68113442300006],[100.1289098900001,13.681175313000097],[100.12893605200014,13.681210374000045],[100.12897618100016,13.681241472000124],[100.12902226800014,13.68126471300019],[100.12910427999998,13.681274113000086],[100.12963634800013,13.681340100000114],[100.129929032,13.681386430000032],[100.13030855200014,13.681446503000132],[100.13130305400006,13.681600765000098],[100.13141906400006,13.681612568000105],[100.13153958000004,13.681613492000167],[100.13154636000007,13.681613549000076],[100.13160480200014,13.681624328],[100.1317008480001,13.681643436000172],[100.13193365000018,13.681695186000184],[100.13201103900008,13.681712392000179],[100.13206506,13.681721918000108],[100.13209702300009,13.681717861000038],[100.13211663800018,13.681708898000068],[100.13212407200012,13.681704186000047],[100.13213799300013,13.681681237000191],[100.13215010300001,13.681652887000155],[100.13215860000014,13.681617559000074],[100.13220666500013,13.681417589000034],[100.13221480200014,13.681395232000057],[100.13222841600003,13.681381795000107],[100.13225537700004,13.681375896000077],[100.13229499700014,13.681372423000028],[100.13269774600013,13.681469701000083],[100.13270435400017,13.681471296000154],[100.133524964,13.681606488000114],[100.13427949300018,13.681730788000095],[100.13474889100013,13.681788868000126],[100.13514716700001,13.6818380200001],[100.1358111290001,13.681955437000113],[100.1358705470002,13.681967602000157],[100.13587265700005,13.681968035000125],[100.13601034300007,13.681996230000038],[100.13638412400013,13.682079059000046],[100.1364609800001,13.682096089000026],[100.13661270100016,13.682113926],[100.13685433400013,13.682136735000029],[100.13698722100003,13.68214927800011],[100.13710757000013,13.682167797000147],[100.1371626780001,13.682176275000131],[100.13744255400013,13.682239854000159],[100.13779159600006,13.682316279000133],[100.13809324700009,13.682382327000084],[100.1383960140002,13.682448617000091],[100.13943955200017,13.68266621400005],[100.14024110700018,13.682820065999977],[100.14037298100004,13.682843318000153],[100.1404972110002,13.68286522],[100.14114699300018,13.682981354000049],[100.14129207200017,13.683005791000028],[100.141816238,13.683094078000124],[100.14198726800015,13.683118221000086],[100.14262335300009,13.68319444499997],[100.14303139900011,13.683245797000154],[100.14339251500013,13.683291246000067],[100.14379203300018,13.683341523000081],[100.14423759000016,13.683396640000126],[100.14493372600003,13.683451285999979],[100.1456053330001,13.683509195999989],[100.14639504800016,13.683577292000109],[100.14703379800005,13.683643605000043],[100.14786569400013,13.683713144000023],[100.14850352200017,13.683762965000142],[100.14933371500018,13.683829204000176],[100.14983989000007,13.68386231300019],[100.14995386400011,13.683867787999986],[100.14998076900008,13.683869083000047],[100.15018910100008,13.683873068000082],[100.15062261800017,13.683878471000071],[100.15090352700008,13.683892005000132],[100.15147045600014,13.683929781000074],[100.15185180100019,13.683961],[100.15185673500008,13.68396140800013],[100.15209732200015,13.683981293000045],[100.1522095160002,13.683986545000153],[100.15227688400012,13.683989291000046],[100.15251825100006,13.683999129000142],[100.15270668400012,13.684011243000043],[100.15312819000019,13.68403834100019],[100.15365742500018,13.684058886000173],[100.15383000800017,13.684065584000052],[100.15414661400007,13.684083175000126],[100.15416605600007,13.684084253000037],[100.15429567000012,13.6840914550001],[100.15476386000017,13.684115662000067],[100.15517003600019,13.68413675800008],[100.15530290200019,13.684143659000028],[100.15581647900012,13.68420334600006],[100.1561030580001,13.684236652000152],[100.1561146800002,13.684238003000189],[100.15612974100009,13.684236528000156],[100.15613237800005,13.68423626800012],[100.15613305300019,13.684235604000037],[100.15614241100008,13.68422638200019],[100.15614246100012,13.684226333000083],[100.1561425120002,13.684225499000036],[100.15615929600017,13.683953880000047],[100.15622073499998,13.683220265000159],[100.15628361400013,13.682624908000037],[100.15632630100004,13.682220760000178],[100.1563463240002,13.682031192000125],[100.15636472700004,13.681856952999965],[100.15636566000018,13.681848121000144],[100.15636800900012,13.681814498000108]]]}}]}