{"type":"FeatureCollection","features":[{"type":"Feature","properties":{"districtCode":"TH8301","provinceCode":"TH-83","nameTh":"อำเภอเมืองภูเก็ต","shapeName":"Mueang Phuket","shapeISO":"TH8301","shapeID":"TH8301","shapeGroup":"THA","shapeType":"ADM2","labelPoint":[98.33726171,7.86710833]},"geometry":{"type":"MultiPolygon","coordinates":[[[[98.38043122,7.974685981000107],[98.38056297700018,7.97467437600011],[98.38065030600018,7.974675981000132],[98.38078794900014,7.974682088000066],[98.38091226,7.974698506000152],[98.38108096300004,7.974723845000028],[98.38126595300008,7.974744774999976],[98.38139619100019,7.974755296000069],[98.38156788600008,7.974761458000046],[98.38167149800012,7.974758663000046],[98.38181362799997,7.974738216000048],[98.38197946100013,7.974701575000154],[98.38219120900004,7.974645819000159],[98.38234964800012,7.9746047430001],[98.38260139500005,7.974525436000022],[98.38277913600012,7.97444601900014],[98.38295837100014,7.974357753000106],[98.38309465200012,7.974285655000187],[98.38320724700009,7.974217950000025],[98.38331393200014,7.974145809000163],[98.38339543200016,7.974082475999978],[98.38346213800014,7.974016176000021],[98.38351258700015,7.973935100000062],[98.38353785300012,7.973867258000098],[98.38355720000004,7.97379498600003],[98.38356174500012,7.973724170000025],[98.38355450800015,7.973616440000171],[98.38351042100015,7.973405371000183],[98.38349874300008,7.973297642999967],[98.38350176200004,7.973257803000081],[98.38351218100013,7.973217980000072],[98.38355817400009,7.973144273000059],[98.38370652200013,7.972923158000185],[98.38381329400005,7.972791993000044],[98.38387851400012,7.972730118000186],[98.38396004000015,7.972649082000032],[98.38404451600019,7.97257985900012],[98.38415420800004,7.972472310000171],[98.38421500600009,7.972398618000113],[98.38428323500011,7.972302811000077],[98.38439597600012,7.972139188000142],[98.38446272600015,7.972043383000141],[98.3846540420002,7.97179135000016],[98.38471634200016,7.971701428000131],[98.3847742050001,7.971611505999988],[98.3848143140001,7.97151713],[98.38486928100014,7.971379988000024],[98.38498674900006,7.971021605000146],[98.3850491620002,7.970856438000055],[98.38511747500007,7.970704555],[98.385154554,7.970657392000078],[98.38519751700011,7.970629425000027],[98.38524045700012,7.970617680000032],[98.38530411100004,7.970617775000107],[98.38552457600008,7.970665316000066],[98.38586784400007,7.970754359000068],[98.38605429600005,7.970787097000084],[98.38619045500019,7.970796156000063],[98.38630885900005,7.970802233000086],[98.38640802700007,7.970802379000133],[98.38646428800001,7.970793609000111],[98.38650428300008,7.970775961000072],[98.3865413310001,7.97074502900017],[98.38658285600008,7.970690493000063],[98.38662591100018,7.970600548],[98.38668230900004,7.970503247000067],[98.38675052700017,7.970414815000026],[98.3868024360001,7.970342593000055],[98.38684843700008,7.970265934000054],[98.38690516200012,7.970142011000178],[98.3869449610001,7.97005507199998],[98.38709646500018,7.969701163000138],[98.38720340200007,7.969453428000122],[98.38727615700014,7.969298603000027],[98.387325116,7.969224896000071],[98.38736218700018,7.96917773500013],[98.38742295300005,7.969124705000013],[98.38747629700003,7.969086420000167],[98.38755183800015,7.969052595000107],[98.38762883800013,7.969027623000159],[98.38776059600019,7.969011583999986],[98.38801522200009,7.968986880999978],[98.38825945700017,7.968981333000045],[98.38854068000006,7.968984698999975],[98.38867092300006,7.968990792000056],[98.38882482600013,7.969014629000185],[98.389070458,7.96906368700013],[98.3894137600002,7.969129116000147],[98.38963425500003,7.969160427000133],[98.38995539600006,7.969194839000124],[98.39055484699998,7.969259414000078],[98.39067589800015,7.969254344000035],[98.39080749400006,7.969238799000038],[98.39096807100009,7.969194444000038],[98.39116554100008,7.969116034000137],[98.39134464500017,7.969003504000057],[98.39157119100008,7.968833325000105],[98.39175032800006,7.968694556000059],[98.39192945200011,7.968568909000055],[98.39211641000014,7.968479995000166],[98.39235072800017,7.968396392999978],[98.39271929700004,7.968276263000178],[98.3929641430002,7.968190058000062],[98.39321168300012,7.968059263000157],[98.39338288500005,7.967951962000086],[98.39357984700018,7.967788266000014],[98.39372149600007,7.96760607900012],[98.39391316100006,7.967341058000159],[98.39403829700012,7.96707594600008],[98.3942634710001,7.966645159000052],[98.39448849600012,7.966322153000135],[98.39467175700008,7.966115153999965],[98.39497152900003,7.965858582000067],[98.3953793570002,7.96563533200009],[98.39546966400013,7.965591471000096],[98.3953981300001,7.965438070000062],[98.39541800500001,7.964978611000163],[98.39547238000017,7.964816772],[98.39555247600003,7.964680602000101],[98.39559646900005,7.964644000000135],[98.39561779400015,7.964615236000043],[98.39567781900001,7.964551839000023],[98.39569231400009,7.964541490000158],[98.3957666140002,7.964507229000048],[98.3958050710001,7.964494511999987],[98.39583030000011,7.964486167000132],[98.39587013700014,7.964443922999976],[98.3959020760002,7.964367307000032],[98.39591544100017,7.964298588000133],[98.39591210600014,7.964215914000022],[98.3959148740002,7.964135395000028],[98.3959157160001,7.964110876000063],[98.39587098600015,7.963864933000025],[98.39579175200015,7.963642737000157],[98.39574227200012,7.963572777000024],[98.3957150010001,7.963534225000046],[98.3956488300002,7.963444243000026],[98.39561618500011,7.963422475000016],[98.39559826800013,7.963410532000182],[98.39552166400017,7.963359454000056],[98.395399714,7.963324907000128],[98.39505235300015,7.963290031000099],[98.3949713020001,7.963280329000156],[98.39492571400007,7.963274865000074],[98.3948959130002,7.963271298000052],[98.39488432700011,7.96326824200014],[98.39484148600019,7.963256935000175],[98.39479517300003,7.963244713000051],[98.39463914100008,7.963158001000181],[98.39451954500015,7.963120047000075],[98.39444794300005,7.963119942000105],[98.39429671200008,7.963162024000042],[98.39408437000009,7.963288619000139],[98.39375001500002,7.963422967000042],[98.39351119100019,7.963517793999983],[98.3933812350001,7.963522895000153],[98.39323536500012,7.96352796400015],[98.39314525900011,7.963488181000116],[98.3931614130002,7.963318998000091],[98.3932513640001,7.96271199600011],[98.393489897,7.960488545000089],[98.39349012300005,7.960335388000146],[98.39354804400011,7.960124865000012],[98.39380819400014,7.95952216600017],[98.39395853700006,7.959360776000153],[98.39404863900006,7.959264053000027],[98.39422163300014,7.959159006000164],[98.39427520100014,7.959064402000138],[98.39430828300004,7.959005966000063],[98.39437566700013,7.958891199000107],[98.39434752200003,7.958441236000056],[98.39427109600007,7.958173084000123],[98.39412717400006,7.958096291000061],[98.39394492600007,7.957962010000017],[98.39380116500018,7.957770343000107],[98.3935807690001,7.957463698000026],[98.39347555300009,7.957185938000123],[98.39347579200017,7.957023198000172],[98.39347611600004,7.95680302500017],[98.3935339790001,7.956630802],[98.39356310800014,7.956410671000015],[98.39350577900007,7.956219139000154],[98.3933427610001,7.956065735000095],[98.39314128600006,7.95595056600007],[98.39313185000015,7.955835678000142],[98.39326296800016,7.955737938000027],[98.39328565800008,7.955721029000188],[98.39344885000008,7.955749983000089],[98.39359274300017,7.955845927000041],[98.39383228500009,7.956200466000155],[98.39417763900008,7.956421143000171],[98.39449442800009,7.956479038000111],[98.39476339400017,7.956412423000188],[98.39500346100004,7.9564031970001],[98.39516649400008,7.95654702600001],[98.39530029200017,7.956977993000066],[98.3953094060002,7.957313054000167],[98.39543388900012,7.957552559000021],[98.39566412800008,7.957696484999985],[98.39599321200012,7.957696964000149],[98.39600021200016,7.957696974000157],[98.39615231100004,7.957653887000049],[98.39620876900011,7.957599372000061],[98.39622700299998,7.95749127199997],[98.39625460300016,7.95732765300005],[98.39626006400016,7.957295296000098],[98.39629255000017,7.957086821000189],[98.39630581500012,7.957068131000085],[98.39636844000006,7.956929419000119],[98.3964023060002,7.956752374000132],[98.39640030200002,7.956656214000191],[98.39639333200017,7.956321588000037],[98.39639856100018,7.956029627000134],[98.39644210900002,7.955799950000028],[98.39649042200006,7.955589413000098],[98.3965867010001,7.955412458000126],[98.39672710400009,7.955216356000051],[98.39694896100008,7.955027332000043],[98.3970838460001,7.954927502000146],[98.39709486200013,7.9549193470001],[98.39711479100009,7.954906144000176],[98.39717241300008,7.954867971999988],[98.39720685900005,7.954845153000178],[98.39729913000014,7.954803498],[98.39730949400013,7.954798822000157],[98.39731018700007,7.954797869000174],[98.39743561600011,7.954627042000141],[98.39757591000017,7.954329792000067],[98.39758389600007,7.954279322000161],[98.39761880600014,7.953683836000096],[98.39753103600015,7.953130643000065],[98.39749883200017,7.952837796000097],[98.39751300000012,7.952837561000138],[98.39751809400013,7.952837471000123],[98.39745631900013,7.952322315000174],[98.39745600400016,7.952319629000101],[98.39739653100014,7.951823697000123],[98.39731992200012,7.95167999500012],[98.39729900200012,7.951668913999981],[98.39715681600012,7.951593599999967],[98.39699182900006,7.95159336100005],[98.39687821600018,7.95168892900017],[98.39679166700017,7.951774952000051],[98.39663787600017,7.951880037000137],[98.39650358800009,7.951784109000016],[98.39650379800008,7.951640519000023],[98.39657123600017,7.951487451000162],[98.39657758200013,7.951425099000176],[98.3964849240001,7.951410751000026],[98.39634083100003,7.951458399999979],[98.3960909430001,7.951611202000038],[98.3957547660001,7.951677721000124],[98.39546661800006,7.951734735],[98.39521602300005,7.95168600900007],[98.39515355900016,7.951654755000163],[98.39512634500005,7.951615867000157],[98.39503488500014,7.951485216000094],[98.3950419590002,7.951391879000084],[98.39510822400007,7.951175255000123],[98.39526281300016,7.951027084000032],[98.3952687760002,7.951021369000159],[98.39532370700005,7.950968716000148],[98.39562186600011,7.950634101000105],[98.3960565660002,7.950035072000162],[98.39641284600003,7.949544116000027],[98.39647474800017,7.94948612900015],[98.39652665500012,7.949453310000024],[98.39663194500014,7.949280987000066],[98.3966877000002,7.949179426000057],[98.39670968600007,7.949115877000054],[98.3969390090001,7.948452933000112],[98.39695036700016,7.948453523000126],[98.39697428200009,7.948367329000121],[98.39715742100009,7.947888956000043],[98.39731122400008,7.947774305000053],[98.39735624800011,7.947758055000179],[98.39752258000016,7.947698028000048],[98.39755216900005,7.947645858000044],[98.39759193000003,7.947575790000087],[98.39782101400016,7.947171964000063],[98.39825475200018,7.946043006000082],[98.39846697100006,7.945373216000121],[98.39853309700004,7.945182340000088],[98.39856382000016,7.945093665000172],[98.39860712500013,7.944968651000124],[98.39866069700008,7.944814009000083],[98.39867910600015,7.94476086800006],[98.39875654900004,7.94433020800011],[98.39866822800013,7.94421094],[98.39862491600007,7.944176745000107],[98.3986112710001,7.944147144000056],[98.39861134300008,7.944097095000132],[98.39861829200004,7.944028843000126],[98.39861839100018,7.943960582000102],[98.39863442500007,7.943919654000069],[98.39865955900018,7.94389693700009],[98.39868472100017,7.943860572000176],[98.39874195000016,7.943737786000156],[98.39875764400006,7.94357779700016],[98.39873472400012,7.943491606],[98.39868295800011,7.943434098000068],[98.39867154,7.943359407000173],[98.39866594000011,7.94325027400015],[98.3986314760001,7.943181299],[98.39862583400014,7.943095133000156],[98.39893189800006,7.942601629000023],[98.39900111600014,7.942544287000089],[98.39902445600012,7.942543031000127],[98.39910483199998,7.94253869500011],[98.39920268700018,7.942596270000024],[98.39931214400008,7.942596428],[98.39946779200017,7.942533478000144],[98.39955435500013,7.942435962000047],[98.39979658200019,7.942258254000137],[98.39979921800006,7.94225517600006],[98.39992930900007,7.942103363000172],[98.40014910800005,7.941500600000154],[98.40015295400019,7.941481587000055],[98.4001636810001,7.941428525000106],[98.4001723200002,7.941385759000127],[98.40018415100002,7.941359338000154],[98.40021855900005,7.941282443000091],[98.40029352800013,7.941230859000086],[98.4003342200001,7.941244450000056],[98.40037990800016,7.941259700000103],[98.40072532300007,7.94143250500008],[98.40078868300014,7.941444089000186],[98.40083478200012,7.941438405000042],[98.40084804300005,7.941415484],[98.40090994300004,7.941308489000107],[98.40125640600019,7.940709574000039],[98.40260721900017,7.938839082000186],[98.40267577200007,7.938781421000101],[98.40269663300006,7.938772441000083],[98.40270382300014,7.938769343],[98.40272783500018,7.938761718000023],[98.40274128400011,7.938755996000054],[98.40277879100012,7.938717758000109],[98.40282205200009,7.938682400000175],[98.40291139599998,7.938646153000093],[98.40295277900015,7.938629076000041],[98.40306176799999,7.938584078000019],[98.40367362800004,7.938427072000025],[98.40367458100019,7.938423399000158],[98.40379945300003,7.938399490000052],[98.40399163600006,7.938294466000059],[98.40401719,7.938281367000116],[98.40428951700005,7.938141726000026],[98.40477957500013,7.937893537000036],[98.40492379600005,7.937759727000127],[98.40493456900015,7.937717025000154],[98.40494617900004,7.937670995000076],[98.40497207400017,7.937568338],[98.40504970199999,7.937003660000187],[98.40515581800008,7.936659188000135],[98.40531921900003,7.93654454600005],[98.40532953000007,7.936539032000098],[98.40544414300007,7.936477717000116],[98.405530774,7.936324683000066],[98.40555061900017,7.936269973000151],[98.40579105600006,7.935607090000133],[98.40589813200006,7.935530227000072],[98.40596406500009,7.935482897000043],[98.4062040660001,7.935511955000152],[98.40643433400015,7.935636725000165],[98.40647362400006,7.935695671000076],[98.40651098500001,7.935751709000101],[98.40677971600013,7.935838250000074],[98.40707722900015,7.935934398000029],[98.4072147060001,7.935960714000032],[98.40727881700013,7.935972977000119],[98.40748296300018,7.935964019000039],[98.40749007000011,7.935963703000027],[98.40767254600013,7.935935246000099],[98.407893457,7.935887703000162],[98.40790196000012,7.935883192000063],[98.40803759400012,7.935811324000156],[98.40815298500019,7.935607205000053],[98.40815806100005,7.935552402000042],[98.40815810000015,7.935524994000048],[98.4081556480001,7.935492599000156],[98.40814071800014,7.935450223000032],[98.40794393300013,7.93500146800011],[98.40792900800005,7.934949128000028],[98.40792905800004,7.934914246000176],[98.40792910800002,7.934879364000096],[98.40793666700006,7.934842002000039],[98.40795424100008,7.934782235000171],[98.40813460000015,7.934269782000115],[98.40813522200006,7.93426875800003],[98.40829637000007,7.934005964000164],[98.4083571760001,7.933906793],[98.4085769260002,7.933319517000086],[98.40860777900014,7.933237059000021],[98.4088001990001,7.932969291000063],[98.40959853800013,7.931994002000124],[98.40962907900007,7.931955744000163],[98.40981946400012,7.931717228000139],[98.41030072300009,7.93111430800019],[98.41077078100005,7.930449397000132],[98.4112081940001,7.92983067199998],[98.41130131300008,7.929698951000034],[98.41194856700014,7.928881627000067],[98.41204628000014,7.928758242000072],[98.41220126000019,7.928562542000066],[98.41224948400009,7.928456601000107],[98.412346237,7.928244071999984],[98.41261374700014,7.927656458000058],[98.41264981000018,7.92757724500018],[98.4128355810002,7.92712789300009],[98.4130255610001,7.926668360000178],[98.41312315200008,7.925558055000067],[98.41309494400008,7.925136812000119],[98.41309511100019,7.925018686000101],[98.41309518800011,7.92496450200008],[98.4132490830001,7.924773264000066],[98.41327769200007,7.924755663000099],[98.41345089100014,7.924649102999979],[98.41397009700012,7.9241424760001],[98.4142591170002,7.92345364200014],[98.41429891800004,7.922467701000187],[98.41435763600009,7.921682816000157],[98.41422779600003,7.921053954000172],[98.41421896400016,7.921011182000029],[98.41419551799999,7.920897619000129],[98.41411643700013,7.920652271000051],[98.41406197700007,7.920483312000044],[98.4138991750001,7.919978216000175],[98.41362496700015,7.919501599000057],[98.41346512300004,7.919223762000058],[98.41331491700004,7.918962680000163],[98.41325264300008,7.918912356000078],[98.41312938800007,7.918812745000082],[98.41312502900018,7.918809224000086],[98.41300060000009,7.918708670000115],[98.41290044600015,7.918642938000175],[98.41270551399998,7.918531519000112],[98.41224588400019,7.918373410000072],[98.41175838900006,7.918210634000104],[98.41112765200018,7.917910295000013],[98.41093352600012,7.917875981],[98.41073234800018,7.917857221000077],[98.41067879000019,7.917850982000175],[98.41061159900005,7.917843157000164],[98.41058864000019,7.917653247999965],[98.41071012700019,7.917602450000061],[98.41076525800003,7.917579400000079],[98.41121601000003,7.917445733000136],[98.4121918310002,7.91718313399997],[98.412865727,7.91699776300004],[98.41302983100007,7.916875411000035],[98.413042798,7.916857474000039],[98.41314071900001,7.916722047000121],[98.41325109400003,7.916569394000021],[98.41354935900011,7.916129464000051],[98.41373207000004,7.915928694000115],[98.41385714500018,7.915746985000112],[98.4139060070001,7.915143970000031],[98.41384936900005,7.914454651000085],[98.41372487700005,7.914224728000022],[98.41349474500004,7.914013804000149],[98.413226,7.913946415000169],[98.41295725800006,7.913879028000167],[98.41237187500019,7.913667604000068],[98.41170028700003,7.913368875000174],[98.41166815400015,7.913354582000125],[98.41156779800019,7.913295034000157],[98.41145728000009,7.913212478999981],[98.41145776500008,7.913203197000144],[98.41146499700011,7.913064435000024],[98.41167678400012,7.913073227000041],[98.41177436300012,7.913174957000081],[98.41185192100016,7.913195544000132],[98.41187688600019,7.913202170000147],[98.41197039600013,7.913205310000023],[98.41209709500004,7.913202480000166],[98.41222989200008,7.913151538000022],[98.41263736400003,7.912983688000168],[98.412882793,7.912898578000068],[98.41288786100006,7.912896822000107],[98.41297836900009,7.912887926000053],[98.41304471200016,7.91288267300007],[98.41310145200009,7.912878183000032],[98.41332635900011,7.912911902000076],[98.41352506400011,7.91294169400004],[98.41368151700004,7.912951274000136],[98.41400508800007,7.912971087000074],[98.41446595000019,7.912971733000177],[98.41446897500015,7.912971279000089],[98.41481897400007,7.912918678000096],[98.41501022000011,7.912814341000114],[98.41517687900011,7.912666400000035],[98.41530245400008,7.912498797000126],[98.41589638800002,7.911706082000137],[98.41599971700015,7.911568170000123],[98.41603787700012,7.911510927000052],[98.41607588600016,7.911419708000096],[98.41633114300004,7.910807101000103],[98.41635100500008,7.910759433000067],[98.41639055700017,7.910664506000103],[98.41640633300005,7.910512483000048],[98.41645148400016,7.91007734700014],[98.41646478900009,7.909949116000064],[98.41641161400003,7.909540698000058],[98.41634335800006,7.909016455000085],[98.41631304900017,7.908783658000118],[98.41655332900012,7.908606897000141],[98.41673472100007,7.90860661500011],[98.41686226000019,7.908606418000033],[98.416906037,7.908606347999978],[98.41692258100011,7.908601523000073],[98.41715511100017,7.908533688000034],[98.41719492900012,7.908513907000099],[98.41726272700004,7.908480226000052],[98.41740334600001,7.908410370000126],[98.41762408900007,7.908300710000105],[98.41791355400017,7.908184176000077],[98.41812854900007,7.908097623000117],[98.41816627500003,7.908082435999972],[98.41870847600018,7.907849560000102],[98.41895779500015,7.907601672],[98.41908940400009,7.907509682000011],[98.41941735100016,7.907280457000184],[98.41942557000004,7.9072711],[98.41981486000009,7.906955737000146],[98.42000899800013,7.906843342000172],[98.42073024700005,7.906425781000166],[98.42080458500016,7.906382745000144],[98.42087786000008,7.906306916000176],[98.4210401540002,7.906138963000046],[98.42117484300007,7.905942908999975],[98.42119724900016,7.905873736000046],[98.42121823600019,7.905808947000082],[98.42123273700008,7.905737173000034],[98.42122808200014,7.905631865000032],[98.42122342200008,7.905531345000043],[98.4212235220001,7.905459550000046],[98.4212236460001,7.905370672000174],[98.42122501700015,7.905361386000095],[98.42122702800003,7.905347779000124],[98.42123521700012,7.905292326000051],[98.42125287200003,7.905270768000037],[98.4213117220001,7.905198915000085],[98.42140231300004,7.90508830400006],[98.4214404820001,7.905000821000044],[98.42144065300005,7.904878270000097],[98.4214056780001,7.904773177000038],[98.42135318100009,7.904644717000053],[98.42133576500004,7.904542567000135],[98.42139732300018,7.90446970500011],[98.42148529600007,7.904419593000057],[98.42150585900009,7.904388254000025],[98.42168699100017,7.904280235000101],[98.42182151200018,7.904203840000093],[98.42185985800018,7.904190517000131],[98.42201362600008,7.904137096000056],[98.42218650300009,7.904099044000077],[98.42238528300004,7.904036283000153],[98.42239781800009,7.904032326000106],[98.42240223400012,7.904024529000083],[98.42248444000018,7.903879280000012],[98.4226198290001,7.903180652000117],[98.42260104100012,7.902883871000029],[98.42256394300006,7.902753735999966],[98.42256282100016,7.902749798],[98.42254458100007,7.902735901000028],[98.42236141000012,7.902596353000035],[98.42208310100006,7.902509815000144],[98.42177597300008,7.902432806999968],[98.42172022400018,7.902400007000097],[98.4215840440001,7.902365532000033],[98.421401743,7.902279124000131],[98.42132510800013,7.902154573000075],[98.42129182200006,7.90203779899997],[98.42128689100008,7.902020501000152],[98.42128726400006,7.901752462000104],[98.42130662600005,7.901637615000084],[98.42144212000005,7.900862407000091],[98.42158384400005,7.900659876000134],[98.42159604400018,7.900642442000105],[98.421601581,7.900585846000013],[98.42163283000002,7.90026646300015],[98.42163946800008,7.900198621000072],[98.42164474200013,7.900144727000054],[98.42165254800005,7.900111844999969],[98.42165540100007,7.900099835000049],[98.42168337200013,7.899982041000101],[98.42176046100019,7.899781120000057],[98.42187595200011,7.899580250000156],[98.42208741500008,7.899408233000031],[98.42225021600012,7.899298600000122],[98.42227756000011,7.899269317000062],[98.4222882750002,7.899257845000022],[98.42229325600016,7.899254442000029],[98.42236747900017,7.899145370000042],[98.4223902550001,7.899111893],[98.42240979000019,7.898872599000129],[98.42239093400008,7.898623680000014],[98.42237787200003,7.898567988000025],[98.42237610100017,7.898560427000064],[98.42231457900004,7.89829810000009],[98.42233411400014,7.89805880800003],[98.42234900800014,7.897905144999982],[98.42235359600016,7.897857805000172],[98.42242099100014,7.897723878000022],[98.422473115,7.897644632000038],[98.42271827900004,7.897271906000128],[98.4227292650001,7.897255201000064],[98.42280258200003,7.897208525999986],[98.42294982800013,7.897159814000076],[98.4233026460002,7.897151507],[98.42333387700018,7.897150772000032],[98.42388113400006,7.897151526000073],[98.42472266400006,7.897105637000095],[98.42490851500008,7.897095500000091],[98.42529713900007,7.897059139000021],[98.42531180900005,7.89705776600016],[98.4254323130001,7.897085070000117],[98.42559358400018,7.897163062000175],[98.42571913000012,7.897258064000027],[98.42579146000003,7.897345607000091],[98.42590451400014,7.897458639000035],[98.4259169020001,7.897472976000017],[98.4259975020002,7.897566240000117],[98.4260499310002,7.897609411000076],[98.42609622900011,7.897621788000095],[98.42610889100013,7.897618018000117],[98.42613401000017,7.897610544000031],[98.42615800700008,7.897603402000186],[98.42619304100015,7.897563589000185],[98.42620129900013,7.897554204000187],[98.42623255100006,7.897283333000075],[98.42624885400005,7.896655331000147],[98.42624895200004,7.896584523000172],[98.42621714800009,7.896487954000065],[98.42615056300019,7.896285768000041],[98.4263188650001,7.896326518000023],[98.42632958500008,7.896329114000082],[98.42632332300008,7.896390675000134],[98.42633558900002,7.896452264000118],[98.42635193100017,7.89648496500007],[98.42635456700003,7.896490240000105],[98.42636638,7.896513876000085],[98.42641568700009,7.896581674],[98.42647427300017,7.896640246000061],[98.42654832400012,7.896677291],[98.42660001300004,7.896681326000078],[98.42662859500012,7.89668355800012],[98.42681078300012,7.896668415000022],[98.42701115800008,7.896663634000049],[98.42708927700005,7.896661770000094],[98.42713275000017,7.896660733999965],[98.42742279000004,7.896585715000072],[98.42764864500015,7.89644166100004],[98.42764992100007,7.896440847000179],[98.42783672800016,7.896437522000156],[98.42789955,7.896436402000063],[98.42821712900013,7.896465301000092],[98.42847756100014,7.896532691000118],[98.42861603500006,7.896620819000134],[98.42864175600016,7.89667426900013],[98.42865529600004,7.896744993000141],[98.4286633370001,7.896786986000109],[98.4286600480001,7.897020664000081],[98.4286585170002,7.897129376],[98.42863690600012,7.897266056000149],[98.4286134150002,7.897370571000181],[98.42861046100012,7.897383714000114],[98.42860867000007,7.897418490000177],[98.42858460400004,7.897885513000176],[98.42859382699999,7.898163135000061],[98.42859358200008,7.898341240000093],[98.4285935640001,7.898354590000167],[98.42860438700018,7.898486281000146],[98.42861244700015,7.89858436500009],[98.42860982500008,7.898618394000152],[98.4286064900001,7.898661637000089],[98.4286035290001,7.898700060000124],[98.42858875700011,7.89889172],[98.42854723400018,7.899071727000091],[98.42854641600007,7.899083411000163],[98.42854352900014,7.899124796000137],[98.42852129700003,7.899443488000031],[98.42851784900012,7.899492892000183],[98.42849769300005,7.899745673000041],[98.42847966000005,7.899971822000055],[98.42846900300015,7.900105483000175],[98.42848401700019,7.900208771],[98.428504842,7.900352025000132],[98.42852606800017,7.900498047000156],[98.42858726800011,7.900881077],[98.42860914100004,7.901017962000083],[98.42860585500011,7.901484510000159],[98.42861092600009,7.901627194000014],[98.42861596200015,7.901768903000118],[98.42862118800008,7.901915979000023],[98.4286219440001,7.901937172000089],[98.42863270400011,7.902006071000017],[98.42864515100018,7.902085757000066],[98.42865001900003,7.902116916000068],[98.42865070500011,7.90212131300018],[98.42865231100006,7.902131595000128],[98.42866335200017,7.902203811000049],[98.42869670500016,7.902253840000185],[98.42874126200002,7.902256678000072],[98.4287830400001,7.90225673499998],[98.42880665000013,7.90223539200008],[98.42881371200019,7.902229007000187],[98.42886384800005,7.902229075000037],[98.42888608200013,7.902262432000043],[98.42888603600011,7.902295753000033],[98.42890256800007,7.902423513000087],[98.42889972600017,7.902467940000122],[98.42889459500003,7.902476014000115],[98.42886622900016,7.902520656999968],[98.428842056,7.90255430000019],[98.42882437400016,7.902578914000117],[98.42882772400009,7.902612793000117],[98.42882986600011,7.902634459000183],[98.42887157700005,7.90268450100001],[98.42892168200007,7.902704008000114],[98.42894722600005,7.90270234500008],[98.42900524200002,7.902698569000108],[98.42902054000007,7.902696529000139],[98.42905618700007,7.902680853999982],[98.42906998800004,7.902653430000043],[98.42909405600011,7.902569871000139],[98.42910014100016,7.902548744000057],[98.42910015000007,7.902542274999973],[98.42910024000008,7.902476546000173],[98.4291478410002,7.902293332999989],[98.4291458690002,7.902233941000077],[98.42913943100001,7.902040095000189],[98.42913446700015,7.901890661999971],[98.42948867500013,7.90188870999998],[98.42953831400007,7.901888437000082],[98.4297049750001,7.902213565000125],[98.42992432900013,7.9027026],[98.4299185390002,7.902704275000076],[98.42992434500013,7.902717269999982],[98.42996405800017,7.902806147000149],[98.43025978800011,7.903467987],[98.43052799000009,7.903927848000137],[98.43069092000007,7.904138671999988],[98.43074461200007,7.904188519000115],[98.43082516700008,7.904263302],[98.43084611400013,7.90426333],[98.43093078000004,7.904263446000016],[98.43103744000013,7.904263591000131],[98.43113240200017,7.904263720000074],[98.4311359300001,7.904270387000167],[98.43121859000019,7.904426575000116],[98.43121146500005,7.904434447000028],[98.43113879900011,7.904514725000126],[98.43113197400015,7.904552980000176],[98.43105511400017,7.904613021999978],[98.43103548000016,7.904928899000083],[98.431035113,7.905196935999982],[98.4311784360001,7.905704492000041],[98.43133177900006,7.905905729000096],[98.43137006600011,7.905991936000021],[98.43143192200012,7.906080300000099],[98.4314371430001,7.906087755000044],[98.43141779500007,7.9061930310001],[98.43136975200008,7.906221684000059],[98.43122573400007,7.906221488000028],[98.43111051900007,7.906221331000097],[98.43110466700011,7.906225696000035],[98.43099518600019,7.906307328000025],[98.4309277700001,7.906460402999983],[98.43096599000006,7.906594475000077],[98.4310905960001,7.906747809000137],[98.43117686300002,7.906853226000067],[98.43158919100006,7.907236699000123],[98.4318955380001,7.90788807000007],[98.431933394,7.908290179000062],[98.43193290900007,7.908644374000119],[98.43189412300006,7.908921931000066],[98.4318743820001,7.909314390000134],[98.43177817500003,7.909457851000013],[98.43169163200008,7.909553464000055],[98.43161471400009,7.909629941000048],[98.4316145750002,7.909731757000145],[98.43162604200018,7.909773548000146],[98.43167202400008,7.909850191000146],[98.43172943500008,7.909993862000078],[98.43174427700006,7.910060896000118],[98.4317769430001,7.91035769400014],[98.43188215000004,7.910654595000096],[98.43191052000009,7.910970537000139],[98.43213093300011,7.911277166],[98.43262014100009,7.911612879000188],[98.43308089900017,7.91169008900016],[98.43385859400013,7.911700719000123],[98.43466518200012,7.911644372000183],[98.43493404400016,7.911625591000131],[98.43509720200012,7.911673678000113],[98.43520265900008,7.911788694000052],[98.43530806600018,7.911942001000057],[98.43537511900013,7.912056965000147],[98.43572037700011,7.912344616000041],[98.43599860700004,7.912498157000073],[98.43617127400017,7.912613264000072],[98.4362862550002,7.912785731000042],[98.43643965600018,7.912948676000099],[98.43664103700007,7.913130832999968],[98.43724557200005,7.913390114000038],[98.43788851400018,7.913649446000022],[98.43854082400014,7.914081101000079],[98.4388860840001,7.914368749000118],[98.43928909700014,7.914551176000032],[98.43963456600005,7.914685659000043],[98.44028725400005,7.914839700000073],[98.4406725280001,7.915014096000107],[98.44069026600016,7.915022124000075],[98.44096854100019,7.915146945000174],[98.44105814300013,7.915183872000114],[98.44110348900017,7.915202558999965],[98.4411316730002,7.915214172000162],[98.44132370400018,7.915214429000059],[98.44145821300003,7.915147601000058],[98.44191009500008,7.914688708000028],[98.44198706200018,7.914573937],[98.44200377300007,7.914540727000144],[98.44204482600014,7.914459141000123],[98.44198750000004,7.914248461999989],[98.44181537200018,7.913731299000119],[98.4418147720001,7.913722311000072],[98.44180449200019,7.913568055000098],[98.44174007900006,7.912601603999974],[98.44158714100001,7.912094037000031],[98.44156131900019,7.912036620000151],[98.44141483100015,7.911710897000091],[98.44136737900016,7.911299201000134],[98.44142603100005,7.910523879000095],[98.44145501500009,7.910389899000052],[98.44149354900009,7.910294220000026],[98.4415308020001,7.91027306400008],[98.44162807000015,7.910217819000025],[98.44165090000007,7.910224354000093],[98.44176243700014,7.910256289000188],[98.44194483600006,7.910275680000098],[98.4420313130002,7.910227931000122],[98.44204102800018,7.910141788000033],[98.44200445100012,7.910120448000043],[98.44192590400007,7.91007462500005],[98.44178192300018,7.910045714000091],[98.44169571700013,7.909892433000095],[98.44171508700015,7.909768012000029],[98.44180164000011,7.909662827000091],[98.44192647000011,7.909653419000051],[98.4420376000001,7.909667421000108],[98.44208006500014,7.909672772000135],[98.44215691400018,7.909644157000173],[98.44215697800018,7.909596290000025],[98.44215704300012,7.909548428000164],[98.44210533500012,7.909516827000118],[98.4419843600001,7.909442895000041],[98.44187886300017,7.909356600000081],[98.44184072800016,7.909155521000059],[98.4417737890002,7.90895440100013],[98.44163961600003,7.908772338000063],[98.44142969900014,7.908578937000129],[98.44142504200005,7.908559924000087],[98.44130531000008,7.908349162000036],[98.44127824800012,7.908287096000038],[98.44119045000014,7.908085756000105],[98.44111866800006,7.907918134000056],[98.44108526300005,7.907769713000164],[98.44107104000005,7.907635675000051],[98.44109039300014,7.907525610000107],[98.44109193300011,7.907498592000024],[98.441095309,7.90743946200007],[98.441110401,7.907372170000031],[98.44111462500018,7.907353334000049],[98.4411723560001,7.907262467000123],[98.44125888300005,7.907176428000184],[98.44133576900003,7.907119094000052],[98.44139321800009,7.907057211000165],[98.44139346300017,7.907056948000047],[98.44140411700016,7.907032251000032],[98.44142235300006,7.906989977000137],[98.44143205800009,7.906913407000161],[98.441432277,7.906750668000143],[98.44136536400009,7.906530405000126],[98.44132729600011,7.90641940200004],[98.44120278300005,7.906056332000048],[98.44110728100014,7.905678077000118],[98.44093031400013,7.905189626000094],[98.44076824900014,7.90495219800016],[98.44072429600016,7.904887805000101],[98.44055349700011,7.904592746999981],[98.44051356000011,7.90452375600006],[98.4404513180001,7.904399226000066],[98.4404274260001,7.904317825000021],[98.44040352700017,7.904241211000056],[98.44037973700011,7.904083225000136],[98.44037997600009,7.903906129000063],[98.4403800980001,7.90381518900017],[98.44034177200012,7.903757701000188],[98.44024123700007,7.90355174900003],[98.44010720600005,7.903264385000057],[98.4397288990001,7.902569847000166],[98.4395998010001,7.902186761000053],[98.43954280000008,7.901924420000114],[98.4394614430002,7.901549982000063],[98.43908846600016,7.900462965000088],[98.43891120400002,7.9001994730001],[98.43880585500011,7.900019740000062],[98.43874835900016,7.899921644000131],[98.43866213100011,7.899787510000067],[98.4385854780001,7.89967253400016],[98.43849450700014,7.899495311000123],[98.43845634900015,7.89931337500019],[98.43841344200007,7.899093144000176],[98.43833237000013,7.898695763000035],[98.43827553900013,7.898121317000118],[98.4382380020001,7.897479886999974],[98.43820977000007,7.897074282000119],[98.43816736600013,7.896465071000023],[98.43812041600017,7.895684822000078],[98.43812071000019,7.895466806000115],[98.43812099800004,7.895254045000058],[98.43813615700014,7.895103451000182],[98.43816965500008,7.894770683],[98.43826616200016,7.894402258000184],[98.43840156400017,7.893670119000092],[98.43854112600013,7.893411839],[98.43863737400011,7.893234869000139],[98.43872871100012,7.893139267000038],[98.43880565200004,7.893038854000167],[98.43890177800017,7.892952827000045],[98.43895469500018,7.892871529999979],[98.43897063400016,7.892845933999979],[98.43901723500005,7.8927711],[98.43903657200013,7.892670609000163],[98.43904160600016,7.892498306],[98.43903699800018,7.892354707000152],[98.43902372900004,7.892227360000163],[98.43899908700013,7.891990888000123],[98.43899922200006,7.891890373000081],[98.43904280600009,7.891608034000058],[98.4391491360002,7.891072098000166],[98.43924076900004,7.890756316000136],[98.43941905800017,7.890258767000091],[98.43983815600018,7.889172810000048],[98.4401895520001,7.888455319000059],[98.44039644399999,7.888101399000107],[98.44058604200006,7.887796062000177],[98.44078089000004,7.887606809000033],[98.44134783600003,7.887234224000053],[98.4415976590002,7.887081393000074],[98.44180899300011,7.886995518000163],[98.44204902800016,7.886986265000019],[98.44228904400012,7.886986584000169],[98.44243303000013,7.887005921000082],[98.44263447900016,7.887130637000098],[98.44289310900007,7.88757133200005],[98.44309449700006,7.88774391100003],[98.44321921600016,7.887811088000149],[98.44338243100009,7.887811305000071],[98.44355526900017,7.887792387000104],[98.44369929200008,7.887783007000053],[98.44387216000018,7.887744945000122],[98.44401628600019,7.887658981000072],[98.44409301200017,7.887582682000073],[98.44414126100014,7.887534702000039],[98.44415400400004,7.887518134000061],[98.44426629200012,7.887372127000162],[98.44427615900014,7.887171111000043],[98.44427647800006,7.886931790000062],[98.44426299500009,7.886852170000054],[98.44420027100006,7.886481765000042],[98.44419087700015,7.886328588000083],[98.44419113200013,7.88613713],[98.44430677500014,7.885811805],[98.44460525400007,7.885170822000021],[98.44483027200005,7.88461691100008],[98.44504834300005,7.884080104000191],[98.4452408140001,7.883735737],[98.44537582100014,7.883285993000129],[98.4453375600001,7.883180640000035],[98.44533080500014,7.883179134000045],[98.44525118100017,7.883161381000093],[98.44515084100004,7.883161248000022],[98.44502076400016,7.883161075999965],[98.4448960310001,7.883103474],[98.44472397700002,7.882953894000082],[98.4446754710001,7.882911724000166],[98.44436874800004,7.882537975000048],[98.44413900700016,7.882030309000129],[98.44406238100004,7.881896187000052],[98.44402417100008,7.881752544000165],[98.44403398900016,7.881589819999988],[98.44404893800004,7.881555875000117],[98.44410139700005,7.881436743000052],[98.44413808000013,7.881161596000084],[98.44414988500017,7.881073040000047],[98.4441500640001,7.880939019000095],[98.44410224,7.880804936000061],[98.44381487600003,7.880316339000046],[98.44338355200006,7.879789260000052],[98.44299032300012,7.879491979000079],[98.44272163400018,7.879395894000027],[98.44243361600019,7.879395511000098],[98.44217424800019,7.879510040000071],[98.44199160400018,7.879682107000178],[98.44181851200005,7.879892481000184],[98.44167417200003,7.88014118100017],[98.44152980000018,7.88040903000018],[98.44137601200003,7.88054284500015],[98.44127031700009,7.880609714000116],[98.44116279399998,7.880691955000088],[98.44114538100007,7.880705275000082],[98.4410588180001,7.88082003300002],[98.44100082000011,7.881116715000019],[98.44100060200009,7.881279452000115],[98.44100020300016,7.881576210000105],[98.44094661100013,7.88179535300003],[98.44092297300017,7.881892010000172],[98.44070159300014,7.88231292100005],[98.44054787900018,7.882389299000181],[98.44030768300001,7.882522997000024],[98.4400387880001,7.882580076000067],[98.43982757200018,7.882579793000104],[98.4395492060001,7.882541129000117],[98.43896387700005,7.882310598000117],[98.4380907600002,7.88190736700011],[98.43760151500015,7.881619526000179],[98.43680551800009,7.880986650000011],[98.43643159900012,7.880612807000091],[98.43553089300002,7.879319260999978],[98.43517648900001,7.878715696000086],[98.43502584400011,7.878386795000097],[98.43496589800009,7.878255916000057],[98.43471653300014,7.878073696000058],[98.43470479600018,7.878071216000023],[98.43435181600012,7.877996622000069],[98.4338528350001,7.877814064000063],[98.43370121300018,7.877797059000159],[98.43368005000013,7.87779468500014],[98.43366977600016,7.877801068000053],[98.43356824400013,7.877864153000019],[98.4335263120002,7.877890205000085],[98.43348778000018,7.877985882000075],[98.43350686800017,7.878068871000096],[98.43351641200007,7.878110366000044],[98.43350670800015,7.878186936000191],[98.43341062600001,7.878244244000143],[98.43337222300016,7.878244192000125],[98.43336978700012,7.878244360000167],[98.43323459700014,7.878253579000102],[98.43316099600014,7.87825347900008],[98.43295669300005,7.878245658000083],[98.43290179700011,7.878243556000086],[98.43288421900007,7.878253385999983],[98.4327480720001,7.878329502999975],[98.43269061800015,7.878410148000171],[98.43258454900018,7.878559030000076],[98.43247738800011,7.878683024],[98.4324658270001,7.878696401000127],[98.43240616400004,7.878765437000027],[98.4320556830001,7.87917097400009],[98.43189230500008,7.879295201000161],[98.43175788200006,7.879304592000096],[98.43138369500008,7.879131772000051],[98.43085625300017,7.8787002790001],[98.43048267000006,7.878087111000184],[98.43016739600012,7.876957091000122],[98.42996739600005,7.875779359000035],[98.42976773600009,7.874352737000095],[98.42981607900009,7.874103909000155],[98.4299219200002,7.873931741000092],[98.43001809300006,7.873807426000042],[98.43005410600011,7.873778778000144],[98.43006064800016,7.873773573000165],[98.43011420300002,7.873730973000022],[98.43026782400005,7.873721610000018],[98.43039257500016,7.87376007],[98.43052689100006,7.873827262000077],[98.43068041700019,7.873884908000036],[98.43084362700017,7.873885129000143],[98.43097810900014,7.873827874000142],[98.43108842600009,7.873800534000168],[98.43117018600009,7.873780270000111],[98.43126634600009,7.873665527000071],[98.4312956010001,7.873571171000094],[98.43134348900014,7.873416738],[98.43136313300016,7.873091288000126],[98.43140091000004,7.873042168000097],[98.43142274500013,7.873013776999983],[98.43148816100006,7.872928719000072],[98.43165155100007,7.872794922000082],[98.43183398400015,7.872776023000029],[98.43197799100005,7.872776218000126],[98.43207404800012,7.87273805500007],[98.43209161100003,7.872700247000182],[98.43211881400009,7.872641685000133],[98.43213181900018,7.872613690000037],[98.4321373570001,7.872570004000124],[98.4321415240002,7.872537118000082],[98.43222801800005,7.872470226000075],[98.43229064200011,7.872425751000037],[98.43236255400018,7.872374680000121],[98.43250671700014,7.872260001000143],[98.43252021500018,7.872233174000144],[98.43257738200003,7.872119552000186],[98.43262223400018,7.872030408000057],[98.43263084400019,7.871996256000102],[98.43288285100016,7.870996897000111],[98.43309460500006,7.870595122000168],[98.43311112800012,7.870564872000159],[98.4332774680002,7.87026032000017],[98.43337360200019,7.870164722000084],[98.433479282,7.870107428000154],[98.43377702500004,7.870012100000054],[98.43392110700006,7.869954858000142],[98.43401712200011,7.869945415000132],[98.43413244700014,7.869859414000018],[98.43419012400005,7.86980205499998],[98.43421163800002,7.869789674000117],[98.43437350900001,7.869696521000151],[98.43455522300013,7.869591946000128],[98.43465133100011,7.869515491000072],[98.43483377700011,7.869487019000019],[98.4349970350001,7.86944894700008],[98.43514103900014,7.869449141000132],[98.43543863400015,7.869459113000062],[98.43563064300014,7.869459372000165],[98.43578416900004,7.869517016000145],[98.43602389500018,7.869727942000168],[98.43646516100006,7.869987001000027],[98.436561165,7.86998713000014],[98.43667640800004,7.869958566000093],[98.4367684680002,7.869883667000181],[98.436782129,7.869872552000061],[98.4369550510001,7.869786629000146],[98.43707985500015,7.869786796000085],[98.43708122700008,7.86978697700016],[98.43781895299998,7.86988351499997],[98.43810679699999,7.870008348999988],[98.43836580000004,7.870161861000099],[98.43847137900013,7.870181147000096],[98.43864423800017,7.870143087000145],[98.43873075600004,7.870057047000159],[98.43874052400014,7.869932612000071],[98.43873105200004,7.869836872000121],[98.43855831100007,7.869788777000167],[98.43834714100018,7.869759776000137],[98.43819363900008,7.869682989000069],[98.43810758300009,7.869424405000188],[98.4380522730001,7.869268316000159],[98.43800238000017,7.869127505000165],[98.4379263620001,7.868543461000115],[98.4379074200001,7.86835198],[98.43792689000014,7.868150974000059],[98.43810004700015,7.867892741000105],[98.43853284500011,7.867309375000161],[98.438763715,7.866965061000087],[98.43885992500014,7.866812025000058],[98.43887000000018,7.86645784500007],[98.43874577700012,7.866026901000112],[98.43847743300012,7.865681917000131],[98.43798833300013,7.865298348000124],[98.43761415500012,7.86512553600005],[98.43749897800006,7.865106237000134],[98.43736357300014,7.865127371000085],[98.43731653800006,7.865134711000167],[98.43717238900012,7.865239818000077],[98.43677831700006,7.865583913000023],[98.4367048430002,7.865635659000077],[98.43631706400015,7.865908771000079],[98.4358941500002,7.866281544000117],[98.43575967800007,7.866329228000154],[98.43557726200004,7.866338555000141],[98.43541409300013,7.86630961700007],[98.43520296800017,7.866251896000165],[98.43489596500007,7.86609831800007],[98.43419530200009,7.865982500000086],[98.43419003100013,7.865981703999978],[98.43409969200019,7.86596806700004],[98.43400333500011,7.865953522000154],[98.43379956500013,7.86601506300002],[98.43378244100018,7.866020236000168],[98.43365747900009,7.866134941000155],[98.43346512400012,7.866393146000121],[98.43339745500009,7.86673767800005],[98.43335859900009,7.867072675000145],[98.43333445400015,7.867286723000063],[98.43331001300015,7.867503387000056],[98.43331870400004,7.868173499000079],[98.43327973000004,7.868594650000034],[98.43308774300004,7.868936552000036],[98.43304876100018,7.869005969000057],[98.43263536300009,7.869436189000112],[98.43230874300008,7.869588913000143],[98.43153068600009,7.869903762000149],[98.43069509000003,7.870170669000117],[98.43034946400007,7.870179773000189],[98.43004482700019,7.870171569000036],[98.42999763600005,7.870170298000176],[98.42997506300009,7.870169691000058],[98.42958147400009,7.870150012000124],[98.42956678300004,7.870148525000047],[98.42948548500004,7.870140309000078],[98.42945178700012,7.870160406000082],[98.42934136300005,7.870226267000078],[98.42932716200005,7.870236040000123],[98.42922378999998,7.870307193000031],[98.42921643900019,7.870312251000087],[98.42920678000019,7.870334438999976],[98.42906234800012,7.870666238000183],[98.42894676500009,7.870943693000129],[98.42894658200015,7.871077713000034],[98.42900394600008,7.871250100000168],[98.42901299000016,7.871326119000173],[98.42903242100004,7.871489460000078],[98.42903223900004,7.871622025000136],[98.42903219800013,7.871652198000049],[98.42905129300004,7.871728807000068],[98.42905838500008,7.871851883000147],[98.42906067100012,7.871891558000129],[98.42905956900017,7.871922218000179],[98.42905911000003,7.871934952000174],[98.42905748400011,7.871980204000181],[98.42905069000005,7.872169157000087],[98.42901791700012,7.872222099000055],[98.42889674500003,7.872417841000072],[98.42864689700014,7.872589813000104],[98.42818585499998,7.872751922000077],[98.42765772700017,7.872827783000048],[98.42733120800006,7.872903920000056],[98.42724470000019,7.872980385000062],[98.42714840800005,7.873190856000178],[98.42703267300016,7.873573609000118],[98.4269169960001,7.873918075],[98.42656119000014,7.874348365000117],[98.42626307400019,7.874711724000065],[98.42590754200006,7.874940986000013],[98.42590445600018,7.874941710000087],[98.42568718700005,7.874992705000125],[98.42554260600008,7.875026639999987],[98.42531573900004,7.875059836000105],[98.42516587300008,7.875081764000129],[98.42502407700005,7.875102512000069],[98.4249217570001,7.875097269999969],[98.42487613000014,7.875094934000174],[98.4244480870002,7.875073004000114],[98.42442367300009,7.87506577500011],[98.42411919800008,7.874975620000043],[98.42402584000013,7.87494797800008],[98.42390524300004,7.874908528],[98.42308542000012,7.874640355000111],[98.4229023810002,7.874581149],[98.42094547800019,7.873948163000023],[98.42004346400017,7.873640588000058],[98.41943909300016,7.873314275000155],[98.4192953000001,7.873160913000106],[98.41922848300015,7.872883207000029],[98.4191904000001,7.872653408000133],[98.41914887800004,7.872511903000031],[98.41914262600005,7.872490603000074],[98.41894936400007,7.872330167000086],[98.41892298300007,7.872308268000154],[98.41863439200011,7.87206869500011],[98.41850033500009,7.871819617000142],[98.41845181600007,7.871748696000054],[98.4184441910001,7.871737552000184],[98.418375782,7.871637560000067],[98.4178377570002,7.87092502500019],[98.41766666700005,7.870698441000116],[98.41688093600015,7.869625196000186],[98.4168043480002,7.869471924000152],[98.41678084000006,7.869361784999967],[98.41677573500004,7.869337865000148],[98.41673168400007,7.869333809000182],[98.41667014600011,7.869328146000157],[98.41664677300002,7.869338700000128],[98.41656868300015,7.869373963000101],[98.41656447600008,7.869375863000073],[98.41652598000007,7.869442818000039],[98.41653386900015,7.86957981900008],[98.41653535000017,7.8696055690001],[98.41654425000019,7.869723059000023],[98.41654477700013,7.869730029000095],[98.41655503400017,7.869763424999974],[98.41658300800003,7.869854529000065],[98.41658533200001,7.869876847000171],[98.41661302000017,7.870142700000031],[98.41662090000011,7.87021834899997],[98.41658140000004,7.870766694000167],[98.41658082800018,7.870774628000106],[98.4165719450001,7.870897949999971],[98.41655695600019,7.870999103000088],[98.41651379400014,7.871290353000063],[98.41443986700006,7.871323904000064],[98.41433446200011,7.871325608],[98.41429423700009,7.871327665000081],[98.41396962300007,7.871344243000067],[98.41382560500006,7.871353616000022],[98.41374528500012,7.871371980000106],[98.413700759,7.871382160999985],[98.41365263600005,7.871468248000099],[98.41364103200016,7.871582340000145],[98.41363316600018,7.871659675000046],[98.41368101900014,7.871765046000121],[98.41374536200004,7.872069603000057],[98.41384020200007,7.87251851700006],[98.41388129300003,7.872713030000057],[98.41388517500019,7.872723135000115],[98.41397695000006,7.872962059000145],[98.41397688500012,7.873008632],[98.41397674800004,7.873105651000117],[98.41391725300014,7.873169739000105],[98.41388707900018,7.873202241000115],[98.41386136700015,7.873229937000133],[98.41382109800008,7.873273981000011],[98.41379512900016,7.873302385000045],[98.4137652180001,7.873335101000123],[98.41375545400018,7.873449962000109],[98.41380326700016,7.873584047000122],[98.41389917800018,7.873651192000068],[98.41403350299998,7.873708817000136],[98.41406916500011,7.873816002000012],[98.41407174300014,7.873823743000059],[98.41407283500007,7.873837611000113],[98.4140906070001,7.874063091000153],[98.41409050000004,7.874138979000179],[98.41408989400014,7.8745704480001],[98.41404052200016,7.87554680500017],[98.41399187000019,7.876006231000133],[98.41397575900004,7.876389264000125],[98.41397333200007,7.876446962000102],[98.4139724150001,7.876468785000043],[98.41397112600009,7.87647030800008],[98.413960525,7.876482825000153],[98.41396229100013,7.876561412000171],[98.41395500900006,7.876604600000178],[98.41395261000014,7.876618837000024],[98.4139046590002,7.876680129000135],[98.41389169000007,7.8766967090001],[98.41388528400012,7.876704898000128],[98.41386903400019,7.876712968999982],[98.41369314100007,7.876800356000047],[98.41354906700008,7.876848017000157],[98.41347930100017,7.876840962000188],[98.41345307600005,7.876838311000085],[98.4133763800001,7.876761621000128],[98.41334772600004,7.876656282],[98.41322329700012,7.87638806800004],[98.41315618800019,7.876320965000048],[98.41303138100005,7.876320790000136],[98.41291617500013,7.87632062900002],[98.41291579300008,7.876320802000123],[98.41284446500003,7.876353008000137],[98.41281050400016,7.876368344000184],[98.4127719810001,7.876454446000025],[98.41281001800013,7.876712966000071],[98.4128183050002,7.876746218000164],[98.4128401100001,7.876833714000156],[98.41288795400015,7.877025671000126],[98.41287824700015,7.877075297000147],[98.41282864000004,7.877124622000053],[98.41278401200009,7.877152853000155],[98.41264700300002,7.877169734000063],[98.41258858900017,7.877153004000093],[98.41193567400006,7.877209525000069],[98.41161879000015,7.87725694400018],[98.4115035440002,7.877285502],[98.41142576300007,7.877293147000046],[98.41140752600006,7.877294940000127],[98.4113714080001,7.877300889000139],[98.41129229200016,7.877313921000166],[98.41123460700004,7.877371278],[98.41123451300007,7.877438289000168],[98.41123972200006,7.877475008999966],[98.41125352400013,7.877572334000149],[98.41123424200015,7.87762974300017],[98.41118920800011,7.87766556400004],[98.41113813000015,7.877706191000129],[98.41099406900008,7.877744279000069],[98.41072364200016,7.877815781000095],[98.41070594500019,7.877820459000134],[98.41044666500005,7.877867958000081],[98.41022841800003,7.877895544000069],[98.40992046800011,7.877868113000034],[98.409798894,7.877830305999964],[98.40979388600016,7.877828747000137],[98.40935231700013,7.877789834],[98.40914286300017,7.877695856000059],[98.40905228400004,7.877636771000027],[98.40899130600019,7.877596114000141],[98.40887963800014,7.877521655000123],[98.4088466190002,7.877405801000123],[98.40879732100018,7.877360434000025],[98.40859203200017,7.877234067000131],[98.40735453600013,7.876552650000122],[98.40663514300019,7.87610171200015],[98.40619072900017,7.875819474000082],[98.40611208300004,7.87577152199998],[98.40557642500016,7.875580244000162],[98.40541806200008,7.87551961000014],[98.40538578299999,7.875491368000098],[98.40538359499999,7.87546151500004],[98.40541835400012,7.875315151000166],[98.40541846000013,7.875240801000075],[98.405385911,7.875189639999974],[98.40532539600008,7.875143086000037],[98.40525552700007,7.875119754000082],[98.40492948200017,7.874998473000062],[98.40467798100008,7.874891240000181],[98.40462783800007,7.874896005000096],[98.40456608800014,7.874923608000188],[98.40443547000018,7.875016361000121],[98.40428184600006,7.874899971000104],[98.40427261400004,7.874839548000182],[98.40426882900016,7.87483260700003],[98.4042661790001,7.874827744000072],[98.40423762400013,7.874775367999973],[98.40422062200014,7.874744182000086],[98.40418894900012,7.874686085000178],[98.40408510800012,7.874505246000012],[98.40406343500018,7.874467505000041],[98.40385409700013,7.874206988000026],[98.40374941600004,7.874106862000133],[98.40364001700016,7.874002223000048],[98.4036095510001,7.873978609000062],[98.40345381700001,7.873857905000023],[98.40345156700005,7.873855657000036],[98.40316529200004,7.873569393000139],[98.40315154500007,7.873557565000056],[98.40296515000017,7.873397175000093],[98.4026345760002,7.873187598000072],[98.40220613700018,7.872977881000054],[98.40210434400018,7.87292898200019],[98.40185686100006,7.872810098000116],[98.40175441500008,7.87275419000008],[98.40168461900004,7.872679742000173],[98.401628883,7.872549550000031],[98.40157770300004,7.872493715000132],[98.40149849900007,7.872479662000103],[98.40139131200016,7.872479509000186],[98.40130741800016,7.872488682000153],[98.401283143,7.872491805000152],[98.40120021100006,7.872502470000029],[98.40113964700004,7.872488442000133],[98.40094411500002,7.872353406000173],[98.40087894000004,7.872306844000036],[98.40086971700009,7.872237129000041],[98.40086054400012,7.872134888],[98.40086063000012,7.872074478000172],[98.40083744500009,7.87199544900011],[98.40080490800017,7.871934995000061],[98.40073506600004,7.871893072000091],[98.40066117200018,7.871833030000062],[98.40066058800011,7.871832559000154],[98.4005832580001,7.871796835],[98.40053950500015,7.871776625000109],[98.40053838500006,7.871775674000162],[98.40038590600011,7.871646292000094],[98.40027086900011,7.871515566000085],[98.40025851100017,7.871501524],[98.40015935800005,7.871388849000027],[98.40007883400011,7.871297342000162],[98.40001357300014,7.871281625000051],[98.39999966500005,7.871278277000101],[98.39999694300019,7.871277621000047],[98.39996236900015,7.87126929600015],[98.39981793100009,7.871250501000134],[98.3997061140002,7.871231754000064],[98.39963625600006,7.871199127000125],[98.39957517599998,7.871163873000057],[98.39951652100007,7.871130018000031],[98.3995151920002,7.871129251000013],[98.39951165000008,7.871128158000033],[98.3993605140002,7.871081550999975],[98.3992835030001,7.871075534000113],[98.39902449200008,7.871055293000154],[98.39854428300009,7.871188625000173],[98.39795820800015,7.871503687000086],[98.39770828200011,7.871723502000066],[98.39762161600004,7.87190526],[98.39754310000012,7.871937749000153],[98.39750634400008,7.871952957000133],[98.39743926600005,7.871866708000027],[98.39743237500011,7.871782802000041],[98.39742983100007,7.871751818000121],[98.39742994100004,7.871675238000023],[98.39722843200019,7.871607938000125],[98.39711340800005,7.871483327000021],[98.397075159,7.871377972000118],[98.39707523500005,7.871325484000181],[98.397075325,7.871263097999986],[98.39710423700012,7.87118655800009],[98.39723876400012,7.871100598000055],[98.39740197100008,7.871100832000081],[98.39751717400009,7.871100998000088],[98.39765160600018,7.871082043000058],[98.39772847800015,7.871034291000171],[98.39785814000004,7.870905372000095],[98.39792225600019,7.870841625000025],[98.39795921800004,7.8708048740001],[98.39825757400007,7.870288372000175],[98.39825095800006,7.870255147000023],[98.39823851000006,7.87019261800009],[98.3982290190001,7.870116022000104],[98.39819072800003,7.870039383000119],[98.39811400900015,7.869981839000104],[98.39806613200005,7.869895614000029],[98.39805669700007,7.869780729000183],[98.39812403800005,7.869685097000115],[98.39861401200005,7.869436906000089],[98.39885372300012,7.869274266000104],[98.39921942300015,7.869026143000099],[98.39943088800015,7.868844565000188],[98.39956559600012,7.868634155000166],[98.39965227300007,7.868442824000056],[98.39965239999998,7.868354446000012],[98.39965253500009,7.86826094200012],[98.39971035700012,7.868107861000169],[98.3997394610002,7.867897299000163],[98.39973964000012,7.867772853000133],[98.39944345000015,7.866786435000051],[98.39926172300011,7.866317108000032],[98.39926189300013,7.866198920000045],[98.39926194300011,7.86616394300006],[98.39933892300007,7.866039607000062],[98.3994734490002,7.865953644000172],[98.39952862500013,7.865898783000148],[98.39959843200018,7.865829379000104],[98.39978109700007,7.865647754000065],[98.3999445070001,7.865504397000052],[98.40022306300006,7.865399496000123],[98.40096302100017,7.864883622000093],[98.40138593600011,7.864530031000072],[98.40144891300008,7.86444952800008],[98.4016552330001,7.864185794000093],[98.40182829899999,7.864004157000068],[98.40190535900018,7.863822384000059],[98.40199632800017,7.8636908470001],[98.4020111800001,7.863669369999968],[98.40218453100016,7.863286707000043],[98.40220071300007,7.863203446000171],[98.402221349,7.863097262999986],[98.40223288900006,7.863037882000128],[98.40221673600007,7.862953118000064],[98.40218961000016,7.862810760000173],[98.40213737800008,7.862693127000114],[98.4020032800002,7.862482333000116],[98.40193991100017,7.862428014000159],[98.40184954100016,7.862350553000056],[98.40180192500014,7.862309738000135],[98.40166214900012,7.862232043000176],[98.4015524580002,7.86221365200015],[98.4015384450002,7.862212758999988],[98.4013988710002,7.862203863000161],[98.40126453700009,7.862155807000079],[98.40124735100005,7.862133710000137],[98.40119745900006,7.862069555000062],[98.40095793800003,7.861734166000076],[98.40086851700016,7.861606785000106],[98.40075552900004,7.861394378000057],[98.40066107600018,7.861216812000123],[98.40058438500012,7.861140121000062],[98.4004692100001,7.861120811000092],[98.39990214500017,7.861579495000171],[98.39939246400019,7.862000486000113],[98.39939219000013,7.862000715000022],[98.39927739700016,7.862095532000183],[98.39915265700012,7.861970791000033],[98.39914176800005,7.861959903000013],[98.39902815200003,7.861846284000137],[98.39902855100019,7.861568673000022],[98.39902878600009,7.861405938000132],[98.39900019000004,7.861262305000025],[98.39892367900018,7.861061166000184],[98.39877992700019,7.86088864900006],[98.3985305290002,7.860744701000044],[98.398002775,7.860571637000078],[98.39764764000006,7.860523262000072],[98.39727326700006,7.86050358100016],[98.39690847700007,7.860493484000131],[98.39662050400017,7.860473925000178],[98.39619829400004,7.860339298000156],[98.39579532700014,7.860175982000158],[98.39564198900007,7.859993881000094],[98.39545059600016,7.859572404000119],[98.39524980100015,7.859016889999964],[98.3951065600001,7.858490182000082],[98.39489622100001,7.857896369000059],[98.39465796600012,7.857485385000189],[98.39451268400018,7.85741605000004],[98.39416541100013,7.856828086000064],[98.39401457999998,7.856572714000094],[98.39398357800007,7.856520224000178],[98.3940536550001,7.856353936000119],[98.3943422640001,7.85593314900018],[98.39435232200003,7.855617262000067],[98.39432446600006,7.854966274000049],[98.39432563000014,7.854162162000137],[98.3942394120001,7.854037593000044],[98.39409494600005,7.853876119000176],[98.39407647500008,7.853855474000113],[98.39401959200006,7.853844045000187],[98.39392598000012,7.853825235000045],[98.39383654500011,7.853807264000068],[98.39371591700007,7.853807090000032],[98.3936157490001,7.85380694600002],[98.39316470500012,7.853700994000121],[98.39273773600007,7.8535157660001],[98.39266926400006,7.853486060000137],[98.3925890750001,7.853451270999983],[98.39229165700016,7.853326396000057],[98.39218783500013,7.853193484000087],[98.39205210500006,7.853019720000077],[98.39201582200019,7.852962347000073],[98.3919941910001,7.852928146000124],[98.39174987000018,7.852484477000132],[98.39160635900015,7.852149221000104],[98.39158215400016,7.852081677],[98.39147250400015,7.851775690000181],[98.39155934800004,7.851469486999974],[98.39172307700005,7.851105958],[98.39177146500015,7.850837990000059],[98.39200229100004,7.850541570000019],[98.39211753300015,7.850513015000047],[98.39249198000016,7.850475266000046],[98.39285552900009,7.850550177000116],[98.39286626200004,7.85055238800004],[98.39295465200007,7.850611334000121],[98.39318275099998,7.850763446000087],[98.39330756400011,7.850754053000117],[98.39347090100006,7.850658562000149],[98.3937591580002,7.850477094000041],[98.39419158100014,7.850180962000024],[98.39426587800017,7.850093153000159],[98.39466414300017,7.849622458],[98.39468956600007,7.849581107000063],[98.39472376100014,7.849477052000054],[98.39472824000006,7.849402947000044],[98.39473035000009,7.849368051],[98.394711369,7.849214858000039],[98.39461552600017,7.849109419000115],[98.39447165200016,7.849023059000046],[98.39447173500008,7.848965622000037],[98.394482842,7.848954579000065],[98.39456787000012,7.848870033000026],[98.39469271200016,7.848841494000055],[98.39478872400008,7.848832059000074],[98.39487520500006,7.848774745000128],[98.39495215400012,7.848669556000061],[98.395000374,7.848516461000088],[98.39504607800006,7.848284998],[98.39532917500014,7.846851269000126],[98.3953294160001,7.846684754000137],[98.39532963200008,7.846535367000115],[98.39529153700005,7.846324712000182],[98.39532044700013,7.84624817200006],[98.39541655500011,7.846171726000136],[98.39551266200016,7.846095285000104],[98.3955800110001,7.845990079000103],[98.39564746100018,7.845817867000108],[98.39564779200015,7.845588121999981],[98.39559043999998,7.845415727000045],[98.39555296300017,7.845103635000157],[98.39555249800009,7.845099770000104],[98.39555391000016,7.845088803000181],[98.395569276,7.844969288000129],[98.39563988000003,7.844420229000093],[98.39562099700015,7.844200026000067],[98.39560387900013,7.844161468000095],[98.39558272100015,7.844113817000107],[98.39557328799998,7.843998931000044],[98.39559263799998,7.843893657000024],[98.39568881700006,7.843769348000137],[98.3957850760001,7.843587605000096],[98.39578966300007,7.843149861000143],[98.39579387800012,7.842747572000178],[98.39579620900008,7.842525041000101],[98.39591159900004,7.842391187000089],[98.39600189200013,7.84233990700011],[98.39604610600003,7.842314799000121],[98.39607729600016,7.842286370000181],[98.39616145200017,7.842209664000052],[98.39617850000019,7.842172968000057],[98.39621922900005,7.842085302000044],[98.39621945000016,7.841932135000093],[98.39621008400013,7.841769386000067],[98.39620992300019,7.84176807900019],[98.3962005960002,7.841692788000103],[98.39621033200012,7.841597074000163],[98.39631608100007,7.841491925000071],[98.39641213100003,7.841453773000126],[98.39651790800019,7.841329479000137],[98.39653689000016,7.841305458000022],[98.39662369700017,7.841195611999979],[98.39668153000002,7.841032957000152],[98.39669398500007,7.841011294],[98.39675851800018,7.840899048000153],[98.39693157500005,7.840717411000128],[98.39694140900014,7.840554689000157],[98.39695128400018,7.840363248000074],[98.397085829,7.840258138000081],[98.39714733700015,7.840162059000022],[98.39715317800017,7.840152934000059],[98.39718105100008,7.840073883000173],[98.39723659400016,7.839916356],[98.39728740500016,7.839772254000025],[98.39728812400011,7.839770215000101],[98.39728812600015,7.839769022000098],[98.3972884370001,7.839552478000087],[98.39728851000018,7.839502177000099],[98.39724095000014,7.839195782000104],[98.39723123300013,7.839179921000095],[98.39713986000015,7.839030770000136],[98.39707763700005,7.838901766000106],[98.39702075500014,7.838783836000118],[98.39696333700016,7.838659308000103],[98.39699220500006,7.838611484000069],[98.39707860100015,7.838611608000065],[98.39714576900019,7.838630851000175],[98.39728976300017,7.838631057000157],[98.39732813900014,7.838631112000087],[98.39732852700018,7.83863075000005],[98.39737622900003,7.838583317000143],[98.39737626900006,7.838555898000095],[98.39737636000018,7.838492856000187],[98.39737646400016,7.838420579000172],[98.39744383900012,7.838296228000104],[98.39752389700004,7.83822799800015],[98.3975783960002,7.83818154700009],[98.39773196300018,7.838200914000026],[98.39783164900007,7.838275691000092],[98.39784703300012,7.838287231000152],[98.39793311300014,7.838507529000083],[98.3979997130001,7.838640836000025],[98.398076694,7.838794919000065],[98.39815906700017,7.838950615000158],[98.3981628570001,7.838957778000122],[98.3982389050002,7.83913861200017],[98.39823939300004,7.839139772000067],[98.39824423700009,7.839141893000146],[98.39832117500009,7.839175592],[98.39839288800005,7.839207001000034],[98.39856567900006,7.83920724800015],[98.39873855600007,7.83915005800003],[98.39910338100015,7.839121860000034],[98.39939131300014,7.839160562000188],[98.40007299400014,7.839084951000075],[98.4006585690002,7.839085784000019],[98.40134978200012,7.839058048000084],[98.40176284800003,7.838857607000079],[98.40192620600004,7.838742966000098],[98.40202233100007,7.838625332000163],[98.40205122100014,7.838589978000073],[98.40207428500008,7.838547406000089],[98.40211859400011,7.838465626000072],[98.40212839700013,7.83832204700019],[98.40207102000011,7.838168802000041],[98.40207121200012,7.838034784000115],[98.4021674120001,7.837891327000079],[98.40222736200008,7.837851597000167],[98.40228271500013,7.837814911000123],[98.40239791000016,7.837815074000048],[98.402484308,7.837815197000168],[98.40260159200011,7.837822243000062],[98.40263791300004,7.83780584100009],[98.40264177400007,7.837800954000159],[98.4026869920001,7.837743732000035],[98.40273505800013,7.837682907000044],[98.4027436990001,7.837671970000144],[98.40287825600012,7.837557288000028],[98.40290579500015,7.837555609],[98.40303186400018,7.837547932000177],[98.4032044920001,7.837663050000117],[98.4032841560001,7.837728664],[98.40336749200009,7.83779730100008],[98.40349324400017,7.83784176100005],[98.40353060400008,7.837854967000055],[98.40367444800006,7.837960474],[98.40377986400011,7.838085069000101],[98.40378599100018,7.838111198000036],[98.40381803100013,7.838247862000173],[98.40385244200007,7.83829037400011],[98.40398094000005,7.838449120000121],[98.40410695200018,7.838600349000103],[98.40424344300015,7.838764154999978],[98.40436426900004,7.838909157000103],[98.40459449600019,7.839024356000095],[98.40482483200003,7.839062972000136],[98.40496892100015,7.838996165000026],[98.40501588600006,7.838953058000072],[98.40521883700006,7.838766772000099],[98.40530447700002,7.838703520000024],[98.40534872300015,7.838670837999985],[98.40555517400009,7.838518353999973],[98.40573777100019,7.838375019000125],[98.40603542500014,7.838327574],[98.40625618900009,7.838347032],[98.40640004500011,7.838442962000158],[98.40654381100006,7.83860590300003],[98.40673554300014,7.838788056999988],[98.40700400600008,7.839018183000064],[98.40720551600003,7.839075903000037],[98.40741669500017,7.839085772000033],[98.40762788600017,7.839086069000132],[98.40775277400019,7.83901923600007],[98.40786028800005,7.838932890000024],[98.40800265000007,7.838818558000128],[98.40811505000016,7.838747790000127],[98.40829089200014,7.838637078000033],[98.40849270100006,7.838484198000174],[98.40878095900007,7.838293144000033],[98.40905938700001,7.838264816000162],[98.40923205900009,7.838351216000035],[98.40942403600008,7.838361058000146],[98.40954884500019,7.838351660000058],[98.40973129100018,7.838313624000079],[98.40980800400007,7.838223040000059],[98.40988514000003,7.838131955999984],[98.40990458200008,7.837959673000057],[98.41001044600011,7.837768364000112],[98.41015460400013,7.83765369200006],[98.41018806300013,7.837623745000144],[98.41025072000008,7.837567672000034],[98.4104427630001,7.837529650000079],[98.41052924300016,7.837472333000051],[98.41056774700013,7.837395806000188],[98.41051993800016,7.837261717000047],[98.41051545900007,7.837251794000167],[98.41038596200008,7.83696477400008],[98.41017554100017,7.836418829000081],[98.41011810600014,7.836303875000169],[98.41000302900011,7.836217559000147],[98.40971507300009,7.836198008000054],[98.40941745900017,7.836216738000132],[98.40905264899999,7.83623537200009],[98.40892788300016,7.836216052000111],[98.40884159600006,7.836139349000064],[98.40869772500014,7.836052990000098],[98.40840068100005,7.83566966300009],[98.4079790310002,7.835152139000115],[98.40783521300017,7.835027489000083],[98.4072882160001,7.834902275000047],[98.40708662900005,7.834901990999981],[98.40685607700016,7.835016539000037],[98.40661588699999,7.835159795000038],[98.40640449300008,7.835303088000046],[98.40615460700019,7.835513338000055],[98.40602009300011,7.835599304000027],[98.4058185040002,7.835599020000018],[98.4056360990001,7.835608336000064],[98.4053482650001,7.835502628000029],[98.40494534300018,7.835320176000039],[98.40453286200005,7.835108993000063],[98.40436968500012,7.835099188000072],[98.40415846800016,7.835118037000086],[98.40355351,7.835251200000016],[98.40308307900011,7.835288825000021],[98.40297749700005,7.835279102000015],[98.40285280000012,7.835211914000126],[98.4023834350001,7.834502862000079],[98.40209647400007,7.833784496000021],[98.40193407500004,7.833229042000028],[98.40188699300006,7.832587600000068],[98.40188800700014,7.832530795000082],[98.40189641600006,7.832060077000051],[98.40197008500019,7.831716594000113],[98.40208942400005,7.831160149000027],[98.4021147850001,7.831041912999979],[98.40212196200008,7.83102021600007],[98.40232688500004,7.83040083700007],[98.40234409600015,7.830367532000082],[98.40250977700009,7.830046902],[98.40261556500013,7.829913035000061],[98.4026250340001,7.829902269000058],[98.40267797400003,7.829842107000047],[98.40268286500003,7.829836545000092],[98.40278857000015,7.82976011300002],[98.40293256000018,7.82976031600009],[98.40304448100011,7.829772879000188],[98.40310532200004,7.829779707],[98.40324087800008,7.829834407000078],[98.40374811200013,7.830039080000063],[98.40427583299999,7.830212137999979],[98.40447740700017,7.830221995000045],[98.40481345400019,7.830174607000174],[98.4051399550001,7.830088912000122],[98.405466376,7.830060654000079],[98.40559120600005,7.830032113000129],[98.40566747700007,7.829937315999985],[98.40566813900011,7.829936491000012],[98.40567572800012,7.829864343000111],[98.40567786900004,7.829843969000024],[98.40568501000018,7.829776059999972],[98.40572610200019,7.82967810700012],[98.40581256400009,7.829630366000174],[98.40582386000011,7.829624752000086],[98.40590862500011,7.829582637000044],[98.40591829200008,7.829534787000171],[98.40586072400015,7.829515561],[98.40581751200011,7.829524115000027],[98.40576470400003,7.829534570000078],[98.40566869500014,7.829544007000038],[98.4055727280001,7.829524727000035],[98.40532337600007,7.829361635000055],[98.40508366200015,7.829169842999988],[98.40488256700013,7.828824937999968],[98.40487314200016,7.828700479000076],[98.40490203600007,7.828633509000042],[98.40501730900007,7.828576237000107],[98.40505096500004,7.828557121000131],[98.40515180900019,7.828499842000099],[98.405151833,7.828483314000152],[98.40515191800012,7.828423260000136],[98.40472146800005,7.827796553000042],[98.40454370000003,7.827537735000135],[98.40431176000004,7.827200045000097],[98.4042897550001,7.827168008],[98.40427664600014,7.827167989000088],[98.4041457670001,7.827167804000169],[98.40348345500018,7.827138147000142],[98.403425777,7.827195502000166],[98.40314709800015,7.827405710000164],[98.40296456100003,7.827510752000137],[98.40291656300019,7.827510684000117],[98.40285900800012,7.827481886000044],[98.40229360500012,7.826810987000044],[98.40139334300005,7.825354645000175],[98.4012048250001,7.824972056000036],[98.40104876800007,7.824655343000018],[98.40104026000006,7.824630178000177],[98.40087786900006,7.824149806000037],[98.40086165500014,7.824078005000047],[98.40086179000008,7.823983850000161],[98.40087476200006,7.823915389000092],[98.40088346200008,7.823834085000101],[98.40090510800007,7.823701440999969],[98.400948303,7.823508911000033],[98.40097798400006,7.823455437000064],[98.40101714600013,7.823384893000082],[98.40112878300005,7.823346534],[98.401301258,7.823297654000044],[98.4014593730002,7.823252846000059],[98.40175071900018,7.823207816000092],[98.40193309100016,7.823217645000113],[98.40313231400017,7.823697985000081],[98.40356407600018,7.823842185999979],[98.40363126900013,7.823842281000111],[98.40373694200008,7.823784995000153],[98.40376980000013,7.823701744000118],[98.40448838600008,7.821881065000184],[98.40454608900018,7.821804563000057],[98.4045550470002,7.821803300000056],[98.40461329800013,7.821795086000066],[98.40465350500017,7.82179915200004],[98.40470927700017,7.821804793000069],[98.4047860170001,7.821843193000063],[98.40480733200019,7.821851731000038],[98.40484358300012,7.82186241900007],[98.40502595300006,7.821872252000048],[98.4051604120001,7.821824575000107],[98.40527310600004,7.821665838000058],[98.40527583100015,7.821662001000163],[98.40632602699998,7.818916082999976],[98.40632613600008,7.818839498000159],[98.40630703300019,7.818772461000037],[98.40629938900008,7.818767682000043],[98.40623030800015,7.818724490000022],[98.4061535960002,7.818666944000086],[98.40606746200018,7.818484942000111],[98.40633718400011,7.817742913000075],[98.40653001900017,7.817212407000056],[98.40653015400011,7.81711668100013],[98.40648878100012,7.817047692000017],[98.40647269500005,7.817020869000032],[98.4063797350002,7.816992915000014],[98.406376744,7.816992015000153],[98.40635655000011,7.816991987000108],[98.40623275700011,7.816991813000129],[98.40558955100016,7.817038774000025],[98.40547441500007,7.817000320000034],[98.40542651400011,7.816933243000051],[98.40540752200013,7.816789625000069],[98.40540771100007,7.816655604000118],[98.40538864800016,7.8165598490001],[98.40523506300013,7.816559633000054],[98.40464947800012,7.816587526000149],[98.40456320800007,7.816501250000101],[98.404553852,7.816328926000097],[98.40454441600014,7.816214039000045],[98.40459282000006,7.815926924000053],[98.40458343600017,7.815773745000058],[98.4044972490002,7.815630031000069],[98.40440338800016,7.815542867000147],[98.40432742200011,7.815505345000076],[98.4042286500001,7.815505206000125],[98.40417447500016,7.815507702000161],[98.4039397160002,7.815543633],[98.40384055200013,7.81560278],[98.40384046800011,7.815602875000138],[98.40376763900008,7.815686438],[98.40374419000017,7.815726201000018],[98.40360406200011,7.81596381900016],[98.40347904200007,7.816126380000185],[98.40330609700004,7.816241010000056],[98.40317165500011,7.816279110000039],[98.40306610600004,7.81625024300007],[98.40267303600018,7.815905068000177],[98.40232817700013,7.815406795000058],[98.402165647,7.814947068000151],[98.40208018100009,7.814295996000112],[98.40210986300019,7.813673805],[98.40224604700012,7.81241038600001],[98.40229457200013,7.812037117000159],[98.40230818200018,7.812022079000144],[98.40238109900008,7.811941513000079],[98.40248189800019,7.811849626000026],[98.40248551400009,7.811846328000058],[98.40249643600015,7.811836373000062],[98.40261174700015,7.811750380000149],[98.4027461450001,7.811740997000186],[98.40291903400009,7.811664660000133],[98.40305361200006,7.811530831000027],[98.40308043900006,7.811466877000043],[98.40321483900016,7.811146474999987],[98.40324624300007,7.811071608000134],[98.40358195900018,7.810368704000041],[98.40378538600004,7.809942776000128],[98.40386751800008,7.80983123600015],[98.40390247400012,7.809783763000041],[98.40422890100001,7.809340458000065],[98.40456704500014,7.809065340000188],[98.40469222100018,7.808963495000057],[98.40495967600003,7.808745892000047],[98.40514101800011,7.808655786000088],[98.40549090899998,7.808481932000063],[98.4060365750002,7.808438580000029],[98.40643462400004,7.80850531700014],[98.40660397800019,7.808667320000154],[98.40671423200007,7.808910126000171],[98.40676525000003,7.809329317000106],[98.40670574800009,7.80969688600004],[98.406720194,7.809910143000025],[98.40683063400007,7.810020591000125],[98.40694847000009,7.810116346000143],[98.40783289500018,7.810360237000111],[98.40795084300015,7.810375108000017],[98.40806142900004,7.81038261600014],[98.40822363600006,7.81038284300007],[98.408363817,7.81031686],[98.40846578300011,7.810240818000125],[98.40851143500015,7.810206774000164],[98.40862218600017,7.810096632000068],[98.40876296800013,7.809604177000097],[98.40884494900007,7.808979286000181],[98.40896325900007,7.808736803000102],[98.40906664599999,7.808619299000156],[98.40919946500009,7.80854595400001],[98.40932484800004,7.808516717000032],[98.40942170700015,7.808516852000139],[98.40945019200012,7.808516892000114],[98.40956810700004,7.808553820000157],[98.40975980700006,7.808554088000164],[98.40997037400018,7.808534697000084],[98.40999577400015,7.808532359000083],[98.41022065100003,7.808482343000037],[98.41035716700014,7.808451980000086],[98.41054511800013,7.808411727000021],[98.41060182100011,7.808399582],[98.41061726000004,7.808396275000177],[98.41063005200004,7.808393537000143],[98.41065422200012,7.808358731999988],[98.41077396400004,7.808186299000056],[98.41084430300009,7.808085008000091],[98.41084458900013,7.808082834000061],[98.41085932600004,7.807971382000119],[98.41086665900019,7.80791592200012],[98.41086680300003,7.807812980000165],[98.41079322700011,7.807702581000171],[98.41060930500004,7.807415556000137],[98.41055067000008,7.807165474000044],[98.41055136000011,7.806672821000063],[98.41053020700002,7.805981608000138],[98.41062743800018,7.804996439000092],[98.41091651900001,7.803901243000041],[98.41106496700007,7.803195559000073],[98.41123496400019,7.802894325000068],[98.411397335,7.802776899000094],[98.41142414100011,7.802761155000042],[98.41155967100013,7.802681538000115],[98.41173666500003,7.802652370000033],[98.4119283610001,7.802652637000108],[98.41212740100002,7.802674972000091],[98.41225270000018,7.802704560000052],[98.41235852600005,7.802691516000039],[98.41237068700008,7.802690017000032],[98.41239840700007,7.802665513000136],[98.41243712500011,7.802631284000029],[98.41254788500004,7.802513791000024],[98.41255076000016,7.802455276000046],[98.41255547100013,7.802359386000091],[98.41260826300004,7.801513862000149],[98.41256449600007,7.801175563000129],[98.41251306200007,7.801050489999966],[98.41244679900018,7.800984221000078],[98.41240779200007,7.800971193000066],[98.41229203900014,7.800932535000072],[98.41208560800004,7.800924896000083],[98.41200910700019,7.800924790000067],[98.41187916600018,7.800924609000162],[98.41168757300005,7.800850815000047],[98.41152561300015,7.800674114000117],[98.4108853030001,7.799864392000075],[98.41022265800007,7.799209049000126],[98.4101195020001,7.799164790000077],[98.40997942700011,7.799157242000035],[98.40984670500018,7.79916441000006],[98.40969918600013,7.799208320000162],[98.4095294350002,7.799333085000058],[98.40935950500017,7.799582852000071],[98.40928564500012,7.799678338000149],[98.40907178000009,7.799714805000065],[98.40887271100001,7.799714527000049],[98.40874742400007,7.79967758700019],[98.40862955000006,7.799611243000186],[98.40851898900007,7.799589031000096],[98.40839359500018,7.799625621000132],[98.40834183100014,7.799735842000075],[98.40834846700017,7.799837246000152],[98.40834904900004,7.799846147999972],[98.40834848100019,7.800250565000169],[98.40839192100003,7.800816808000036],[98.40843333800018,7.801120897000033],[98.40844300700019,7.801191882000126],[98.4083838890001,7.801287390000027],[98.4082006160001,7.801508015000081],[98.40789077100015,7.80221500100015],[98.40786616100007,7.802441087000034],[98.40782151000019,7.802735147000021],[98.4074444960001,7.803440508000051],[98.40688462600014,7.804312070000037],[98.40688291800018,7.804314729000168],[98.40676967400003,7.80444441100002],[98.40674777700008,7.804469481000183],[98.4064621070001,7.804703848000088],[98.40594536700013,7.805151657000124],[98.40498601600007,7.805760608000128],[98.40416699100007,7.806200636000142],[98.40314177000005,7.806463898000061],[98.40297215800007,7.80648571800009],[98.40284683900006,7.806470835000027],[98.40275111400007,7.806382462999977],[98.40267016500019,7.8062720530001],[98.40255963600003,7.806227780000086],[98.40244166800005,7.806227614000079],[98.40229539900008,7.806282947000113],[98.40228675200018,7.806286218000139],[98.40226893500005,7.806301650000137],[98.40212922400013,7.806422658000031],[98.4020579060001,7.8064844270001],[98.40189235000008,7.806709273000024],[98.40175502900019,7.806895767000185],[98.40163688200005,7.807020599000055],[98.401496722,7.807071874000087],[98.40142295900006,7.807093830000156],[98.40128279900017,7.807145100000128],[98.40101089100006,7.8072985],[98.40100977800006,7.807299126999965],[98.40100014000012,7.807306050000136],[98.40061122700018,7.807585330000109],[98.40047801100019,7.807711014000063],[98.40032329200011,7.807856982000033],[98.40027452900006,7.807893347000118],[98.40015224000012,7.807984543000032],[98.40014615100011,7.807989085000031],[98.40004281200015,7.808069821000174],[98.40004273900007,7.80812129300017],[98.4000500100002,7.808194835000052],[98.40013097500008,7.808290536000015],[98.40034440500017,7.808562900000027],[98.40049878800005,7.808879300000058],[98.4004985250001,7.809063124000033],[98.40049400200019,7.809078081999985],[98.40043185400003,7.809283619000041],[98.40030628200009,7.809445208],[98.39998156400009,7.809657985000115],[98.39948724200019,7.809885225000073],[98.39928289600016,7.81000316799998],[98.39925848900003,7.810017253000183],[98.39917717500003,7.810164197000063],[98.39909170200013,7.810373168000069],[98.39908098800015,7.810399357000165],[98.39902901300019,7.810467357000107],[98.39894063900016,7.810582982000028],[98.39871919400008,7.810759139000083],[98.39834245300005,7.811258607000013],[98.39790775800009,7.811654243000078],[98.39790687200019,7.81165505000007],[98.39790646000012,7.811655922000114],[98.39779593700013,7.811890185999971],[98.3976626750001,7.812272353000083],[98.39757060500017,7.812628958000175],[98.39748218400001,7.812971434000076],[98.39746041100011,7.81305576800014],[98.39734386000015,7.813507203000086],[98.39731661600018,7.813571477000096],[98.3972254910002,7.813786447000098],[98.39721552400016,7.813798340000119],[98.39718856100018,7.813830512000095],[98.39707794500009,7.813845060000062],[98.39611174800012,7.814064271000177],[98.39464410600004,7.814334232000078],[98.39440817500014,7.814326540000138],[98.3943271670002,7.81426024700005],[98.39431989000002,7.814194059000101],[98.39431995400003,7.814149943000189],[98.39431999500016,7.81414979699997],[98.39434746500012,7.814053581],[98.39435455900013,7.814028733999976],[98.3943397770002,7.813879137000129],[98.39427993300018,7.813774349000028],[98.39423519700006,7.813594797000064],[98.39411548900011,7.813400176000016],[98.39389070800007,7.813265239000145],[98.39365071100019,7.813279850000015],[98.3934406690002,7.813324419000082],[98.39318571900009,7.813309097000058],[98.39254104600013,7.813128680000148],[98.39192654400006,7.812828647000117],[98.39110221800007,7.812423609000177],[98.39048797900017,7.811944084000174],[98.3900238110001,7.811404945000049],[98.38947030700012,7.810416953000015],[98.38908150300011,7.809623644000055],[98.38913166500004,7.809461894000151],[98.38914177600003,7.809429283000043],[98.38920717100007,7.80936925900005],[98.38933701500014,7.809250075000136],[98.3895023010001,7.809040910000135],[98.38955876900019,7.80895389900013],[98.38957077000003,7.808944985000096],[98.38967256400008,7.808802376000131],[98.38983293500013,7.808577705000062],[98.38985660300011,7.808510576000117],[98.38993835800005,7.808278708000103],[98.38995396300004,7.807859919],[98.38992822400013,7.807786238000062],[98.38984941100006,7.807560619000128],[98.38983716700011,7.807386115999975],[98.3898200210001,7.807141767000132],[98.38980543300016,7.806857554000146],[98.38985147200015,7.806139661000145],[98.38981835600009,7.806000056000073],[98.3897769350001,7.805825446000028],[98.38968771800012,7.80563193100005],[98.38968722800007,7.805630868000094],[98.38956754800012,7.80542129000014],[98.38950626100012,7.805404525000085],[98.38940263200016,7.805376181000042],[98.38919266000016,7.80537587800012],[98.389104932,7.805404900000042],[98.38896758000004,7.805450341000153],[98.38886231000004,7.805644636000125],[98.38878692700007,7.80591376000001],[98.3887292460002,7.805998092000095],[98.38869093300013,7.806054109000172],[98.38867770700011,7.806073444000106],[98.38853141700008,7.806287330000032],[98.38832107200017,7.806541300999982],[98.38821575700007,7.806765513000073],[98.38809553400017,7.806929870999966],[98.38785549600004,7.806974394],[98.38770536500016,7.807078881000052],[98.38719492500019,7.807422162000137],[98.38710792200015,7.80752103400016],[98.38687943899998,7.80778068800015],[98.38640833,7.808137573000067],[98.38624881700008,7.808258410000064],[98.38600863500005,7.808461853000097],[98.38584336200017,7.808601843000133],[98.38576791100007,7.808915840999987],[98.38575741200015,7.809029189000114],[98.38575267400012,7.809080350000045],[98.38578844600005,7.809405730000094],[98.38579708100013,7.809484268000062],[98.38584163700011,7.809783483000047],[98.38587139200018,7.809948058000032],[98.38591599500006,7.810217356000123],[98.38608064900018,7.810441958000069],[98.38624534600001,7.810636645000102],[98.3863199430001,7.810905988000059],[98.386304247,7.811384604000068],[98.38615236600015,7.812685684000087],[98.38586549200005,7.813986568000075],[98.38553334099998,7.815481833000035],[98.38506663700014,7.816677749000064],[98.38438955700008,7.818142595000097],[98.38332149800004,7.820294910000143],[98.38296528600006,7.821179794000159],[98.38285575700013,7.821451872000125],[98.382846706,7.821474361000128],[98.38264471400004,7.821751675000144],[98.38249070500012,7.822038633999966],[98.38239434900015,7.822287386000141],[98.38226904900012,7.822631823000108],[98.38194177800011,7.823244001000148],[98.38099098300006,7.824678600000084],[98.38089322000002,7.824764533],[98.3808162420001,7.824888867000027],[98.380729708,7.824984468000025],[98.38071034000018,7.825099311000031],[98.38071022700007,7.825175893000107],[98.38071967200005,7.82528120700016],[98.38072910100004,7.825396095000031],[98.3807480170002,7.825587578000182],[98.38072843700019,7.825846015000138],[98.3806512480001,7.826113939000095],[98.38046814000006,7.826601882000091],[98.38034271300006,7.827032471999985],[98.38023633100016,7.827568391],[98.38014856600006,7.82849682],[98.38001342400008,7.829003977000127],[98.38002250100004,7.829358183000124],[98.38002190700018,7.829760239],[98.38004052600019,7.830152749000149],[98.38004544900014,7.830163312000025],[98.38010750800004,7.830296439000165],[98.38005932800013,7.830420815000139],[98.3799919060001,7.830573880000088],[98.37982841900015,7.830774667000071],[98.3797130580001,7.830889372000058],[98.37966654100006,7.830935624000176],[98.37957846700004,7.831023192000146],[98.37951107200007,7.831157111000095],[98.37941469700019,7.831415435000167],[98.37934710600018,7.831683371000167],[98.37930826800016,7.8319800700001],[98.37935591100012,7.832219458000168],[98.37933654300014,7.832334304000085],[98.3793170740002,7.8325161570001],[98.37922075500012,7.832736191000038],[98.37904564900003,7.83300842400007],[98.37884551200005,7.833319575000189],[98.3782024410001,7.83400574500007],[98.37805711000004,7.834160816000065],[98.37798004600006,7.834342584000183],[98.37797036000012,7.834400007000056],[98.378027815,7.834495820000029],[98.37812371000007,7.834562969],[98.37824824500012,7.834735461999969],[98.37832595900016,7.834858564000058],[98.37836317200015,7.834917515000029],[98.37849102500013,7.835173459000089],[98.3787938700001,7.835779697000135],[98.37896744900013,7.83612155600008],[98.37899209100004,7.836231891000068],[98.37899222100003,7.836273190000043],[98.37904240400019,7.836488448000068],[98.37905183499998,7.836603337999975],[98.37909014800005,7.836660829000039],[98.37915717100003,7.836775801000158],[98.37918570400018,7.836957725000104],[98.37915666000009,7.837120418000154],[98.37901250000004,7.837235081000131],[98.37888769300008,7.837244469000041],[98.37874377300011,7.837196394000046],[98.37863836200017,7.837071792000017],[98.37853280100006,7.837097943000174],[98.37848471200004,7.837109857000087],[98.3782157400002,7.837233906000108],[98.37809070600014,7.837396456000079],[98.37800561500012,7.837488753000173],[98.37798494200013,7.837511176000135],[98.37738938900014,7.837768759000028],[98.37725719300005,7.837900193999985],[98.37718749900012,7.837969490000035],[98.37701421200006,7.838304278000066],[98.37698507100009,7.838533982000058],[98.37680503600018,7.839680714000053],[98.37672741200015,7.83997176600019],[98.37667125900003,7.840083345000096],[98.37659856800013,7.840227787000117],[98.37654172100014,7.840279782999971],[98.37650330300016,7.840314924000154],[98.3764005610002,7.840408904000071],[98.37635825100006,7.840447605000179],[98.37583151100017,7.840461204000178],[98.37562127300004,7.840466633000176],[98.37561115000017,7.840419998000129],[98.37550465700014,7.839929411000128],[98.37539970500018,7.839498481000021],[98.37533276600004,7.839326075000145],[98.37527080900014,7.839178724000078],[98.37515662400006,7.839139198],[98.37505466400012,7.83913420500005],[98.37457474500013,7.839095202000124],[98.37427714400008,7.83910433300008],[98.37151188900003,7.839492698000129],[98.36957271100016,7.839537664000147],[98.36837285500019,7.839478431000089],[98.36724031000017,7.839342714000168],[98.36604084900011,7.839025009000068],[98.36521591500008,7.838612140000123],[98.36455425900004,7.838142078000146],[98.36437239200018,7.837797185000113],[98.364391866,7.837615332000041],[98.36439204000004,7.837500459000069],[98.36436344700007,7.837366398000086],[98.36428682400003,7.837251410000135],[98.36414301900015,7.837126749000049],[98.36399966800008,7.836705332000065],[98.36397111700012,7.836542552000139],[98.36389448200009,7.836437134999983],[98.36388505600019,7.836322250000023],[98.36383719100007,7.836236023000083],[98.36375085100019,7.836197601000094],[98.36364530200007,7.836168723000185],[98.36335743600006,7.836091706000104],[98.36324253200013,7.835900078000066],[98.36309881700004,7.835717981000187],[98.36302232800006,7.835516837000057],[98.36286908600016,7.835286861000043],[98.36260072400017,7.835008844000072],[98.36223565300003,7.834487083000113],[98.36219842200006,7.834433872000091],[98.36194862400004,7.833994242000131],[98.3619207820002,7.833945242000141],[98.36187726100007,7.83389735600008],[98.36175239400012,7.83375996400008],[98.36168618000016,7.833687109000039],[98.36163328400005,7.833628906000115],[98.36145096500013,7.833580767000115],[98.36127848500007,7.83337947800004],[98.36119206400014,7.833343416000105],[98.36093312500009,7.833235364000018],[98.36091460000006,7.833214773],[98.36091198900016,7.833216176000064],[98.36077935200007,7.833098810000081],[98.36068248300018,7.832976405000181],[98.360618799,7.832864240000049],[98.36060024500011,7.832789742000102],[98.36059595300009,7.832772512000133],[98.36059092700003,7.832719015],[98.36059026400005,7.832706567000059],[98.36058429100018,7.83259423100003],[98.36058347700015,7.832578916999978],[98.36057587900001,7.832535606000022],[98.36051971000012,7.832522786000027],[98.36050299700003,7.832534152000107],[98.36047113100005,7.832555823],[98.36046029700009,7.83256986900011],[98.36043564000005,7.832601842000031],[98.3604122700001,7.832632146000037],[98.36033040400008,7.832718620000094],[98.36024872500013,7.832682838000153],[98.36023350700015,7.832614045000071],[98.36022844300004,7.832595984000079],[98.360210645,7.832532503000039],[98.36017158200008,7.832516099000145],[98.36013151600014,7.832499273000167],[98.3601045600002,7.832487850000177],[98.35998169400017,7.832451911000135],[98.35988486700006,7.832423589000086],[98.35976127000004,7.832364813000027],[98.35950117000004,7.832241124],[98.35871437500003,7.832010183000023],[98.35815755400006,7.83204762600019],[98.35749627700011,7.832178469000098],[98.35743738400015,7.832190121000167],[98.35743445100019,7.832192309000163],[98.35724517700015,7.832333419000122],[98.35716813200008,7.832496037000055],[98.35710073100012,7.832629954000026],[98.35687034600011,7.832629602],[98.3566305110001,7.832533509000143],[98.3561316680001,7.832322148000173],[98.35577331000013,7.832100055000183],[98.3556128570001,7.832000615000084],[98.35464518200007,7.831400894000126],[98.35443419200016,7.83128570700012],[98.35390665500012,7.830997709000087],[98.35388493000005,7.830970544000024],[98.35388121200009,7.83096589400003],[98.35386688500006,7.830947978000154],[98.35384453200004,7.830820518000053],[98.35373918900012,7.830657620000068],[98.3534704810001,7.830609345000084],[98.35339894600014,7.830566393000083],[98.35332662700011,7.830522970000118],[98.35314462400004,7.830273800000157],[98.35303759600009,7.830186560000186],[98.35288576700003,7.830062805000182],[98.35274472100008,7.829995912000072],[98.35270351400015,7.8299763710001],[98.35255759800015,7.829923731],[98.35246366500013,7.829889845000082],[98.35223334100004,7.829851201000054],[98.35218977000011,7.829828771000166],[98.35208555700007,7.829775121000182],[98.35195484500014,7.829707830000189],[98.35189763200009,7.829678378000096],[98.35175170000008,7.829596223000124],[98.35174417800016,7.829591988],[98.35173596100014,7.829585179999981],[98.35148448799998,7.829376813000067],[98.35079506300008,7.828805565000039],[98.35075643600015,7.828748087000122],[98.35042155200017,7.828249772000163],[98.35025324600008,7.8280117],[98.35022223900012,7.827967840000099],[98.35018782300011,7.827919160000022],[98.35017023300009,7.827894281000169],[98.35011505900013,7.827808955000023],[98.34993268800002,7.827799103000075],[98.34985296700012,7.827841751000051],[98.34981264500016,7.827863321999985],[98.34980779300008,7.827865918000043],[98.34974601600004,7.827940977000139],[98.34972123800014,7.827971083000136],[98.34953882400015,7.827989949000084],[98.34951725100007,7.827978681000047],[98.34931821900011,7.827874737000116],[98.3491359950001,7.827769154],[98.34879613800013,7.827586619000101],[98.3487427550001,7.827557948000106],[98.34811981600012,7.826906041000086],[98.34747775700004,7.826206242000012],[98.34731555000002,7.82594472500017],[98.34715477900016,7.825685524000107],[98.3469606970001,7.825372616000152],[98.34653458200006,7.824851599000112],[98.3465295530001,7.824845450000055],[98.34634780400006,7.824624099000118],[98.34630919000006,7.824577072000068],[98.34606982400015,7.824184220000063],[98.34556251500004,7.823254880999968],[98.34521824800004,7.822421524000049],[98.34506554100011,7.821856495000077],[98.34491648800014,7.821142725000186],[98.34490356800012,7.821080854000115],[98.34477937700007,7.82069775500014],[98.34462653800011,7.82021888100013],[98.34444548800008,7.819366630000047],[98.34393959400012,7.817537458000061],[98.34356710400004,7.816340290000142],[98.34318447700008,7.815487724000093],[98.34309852100006,7.815209984000035],[98.34280577300018,7.814487567000015],[98.34270647600005,7.814242530000115],[98.34262773700004,7.814061987000173],[98.34234302100009,7.813409140999966],[98.34226967000018,7.813255433000052],[98.3415419530001,7.81173051899998],[98.34144695000015,7.811531444000138],[98.34144093600014,7.81151884000019],[98.34141497400014,7.811464435],[98.34106110700009,7.810640632000172],[98.34057326400011,7.809558156000094],[98.34012342700015,7.808724629000153],[98.33985541100014,7.808245575000115],[98.33964304500017,7.807873589999986],[98.33958738400008,7.807776095],[98.33943434400004,7.807431238000163],[98.33937565500008,7.807246668000175],[98.33922420900018,7.806770395000115],[98.3391311210001,7.806046677000097],[98.33912938100013,7.806033148000154],[98.33906028900009,7.805809291000173],[98.33893184200019,7.805393131000017],[98.33888107700017,7.805228653000086],[98.33861301000013,7.804011969000157],[98.33860468700004,7.803974196000127],[98.33845178400009,7.803543186000184],[98.3381553100001,7.802853486000117],[98.33795464200017,7.802278811000122],[98.33792806800011,7.802147459000082],[98.33784034700005,7.801713843000073],[98.33773809800005,7.801158319000137],[98.337507243,7.799904082000182],[98.33731965200002,7.799073484000189],[98.33724987300002,7.798764528000049],[98.3369811350002,7.798093643000016],[98.33676593600006,7.797556414000098],[98.336666654,7.797308564000161],[98.33633264700018,7.796449891000066],[98.33603423099999,7.795682715000055],[98.33594011000014,7.795440749000079],[98.33582722500012,7.795222246000037],[98.3349353390002,7.793495913000129],[98.33488248200018,7.793385332000128],[98.33482740900018,7.793270111000083],[98.33463434900017,7.792866203000074],[98.33408189800019,7.791710391000152],[98.33386385800009,7.791254218000176],[98.33337642800012,7.789932419000138],[98.33316690100008,7.788898240000094],[98.33304375900019,7.787864193000075],[98.33308357600004,7.786964422000153],[98.33315121600009,7.786677348000183],[98.3333246040001,7.786285142000054],[98.33342046000018,7.786182514000132],[98.3334495970002,7.786151318000179],[98.33350162400018,7.786128068000039],[98.3336416950001,7.786065466000025],[98.33380486700008,7.786065722000046],[98.33391058500013,7.785979734000023],[98.33398749100013,7.78590327500018],[98.3339957840002,7.785895770000025],[98.33402351900008,7.785882749000109],[98.33426050100013,7.785657488000027],[98.33469758300009,7.785273964000055],[98.33475385700012,7.785222480000073],[98.33510230300016,7.785005189000117],[98.33544204100019,7.784824636],[98.33551537400012,7.784785663999969],[98.33562104700007,7.784728393000137],[98.33563358800018,7.784728068000049],[98.3359665970001,7.784719362000033],[98.3361011400001,7.784614273000102],[98.3361685370001,7.784480360000146],[98.33620292400019,7.784452389000023],[98.3362306100002,7.784429870000054],[98.33637996900018,7.78430838200012],[98.33653375300014,7.784174607000125],[98.33668750200013,7.78405997599998],[98.33677405200018,7.783954809000079],[98.336783637,7.783926284000131],[98.33684155500003,7.783753888000092],[98.33684215700004,7.783370980000029],[98.33687114700012,7.783246581000128],[98.33692039600004,7.783191498000065],[98.33702499100008,7.783074511000052],[98.33726526200019,7.782873860999985],[98.33742859600017,7.7827688160001],[98.33758225600008,7.782711620000157],[98.33773596100013,7.782625705000044],[98.33791855200002,7.782482400000049],[98.33793328500008,7.782460005000019],[98.33808211200005,7.782233764000068],[98.33847118000011,7.781441115000121],[98.3385347410001,7.78126762800008],[98.33863121900009,7.78095187700012],[98.33863159400005,7.78071256100003],[98.3385743500001,7.780492299000116],[98.33856512600005,7.780252966000148],[98.33859439999998,7.779946686000187],[98.33858556900009,7.779458463000026],[98.33848979600003,7.77932429700013],[98.33841316200011,7.779228451000165],[98.33826919000012,7.779228226000043],[98.33807730200004,7.779180061999966],[98.33793360200002,7.779007529000182],[98.337780936,7.778432929000076],[98.33751299800008,7.777915586000177],[98.33746526300013,7.777752773000088],[98.33747502700004,7.777647489000117],[98.33744641300012,7.77753257300003],[98.3373410120002,7.777417535999973],[98.33701501200005,7.777206426000134],[98.3366024450001,7.777110055000037],[98.33619971900004,7.776860534000093],[98.33606558600019,7.776707162000037],[98.33604664600006,7.776544395000144],[98.33606605300014,7.776410408000174],[98.33605666500006,7.776276376000055],[98.33598010500015,7.776132664000102],[98.33580770300011,7.775902650999967],[98.33558735400004,7.775643844000172],[98.3350793080001,7.775231422000104],[98.33388035800004,7.774722188000112],[98.33331448300004,7.774462837000044],[98.33312255500016,7.774443391000034],[98.33300239700014,7.774447996000163],[98.33288258800007,7.774452585000063],[98.3327123570001,7.774508884000056],[98.33265225200006,7.774528762000102],[98.33265211800006,7.774528806000092],[98.332651984,7.774529],[98.33245009000018,7.77482524300018],[98.33237284200004,7.774990502000094],[98.33219032500011,7.775217314000031],[98.33206532300005,7.775360709000097],[98.33201713600005,7.775485077000042],[98.33194978300008,7.77559027000018],[98.3319400800001,7.77565726500012],[98.33191115000017,7.775743374000058],[98.33184388800015,7.775791132000052],[98.331709488,7.77581006600002],[98.33167881600014,7.775812797000185],[98.3316038910001,7.775819470000101],[98.33143863900005,7.77584667300016],[98.33143108200005,7.775847917000078],[98.33124870400007,7.775857203000101],[98.33099594500004,7.775832326000113],[98.33030452800011,7.775764275000085],[98.33026026100009,7.775759917000073],[98.32961739300004,7.775634460000106],[98.32960462400013,7.775630284000101],[98.3287348340001,7.775345885000092],[98.32784140600006,7.775074318000122],[98.32778508800004,7.775057200000106],[98.32771843800003,7.775026857000171],[98.32716664200018,7.774775647000183],[98.32681000100007,7.774613282000132],[98.32662941100006,7.774531067000169],[98.32651907100018,7.774480833000098],[98.32541623400016,7.773895147000133],[98.32518661000017,7.773786625000071],[98.32485953600008,7.773632046000159],[98.32456266100013,7.773491738000075],[98.32281735100014,7.772541263000051],[98.32047761600006,7.771197352000115],[98.32040407300013,7.771146499999986],[98.31942302100015,7.77046814],[98.31898425100007,7.770043509000118],[98.31883846000017,7.769902414000114],[98.31842644599999,7.76947098300019],[98.31838625900014,7.76940713200014],[98.31782332900013,7.768512746000056],[98.3176988510001,7.768330667000157],[98.31766080000006,7.768120006000061],[98.31766118600012,7.767880689000037],[98.31760322000008,7.767621792000057],[98.31752562500014,7.767530643000043],[98.31738904100007,7.767334146000053],[98.31737639300007,7.767218919000186],[98.31737659300012,7.767095180000183],[98.31742389900012,7.766941644999974],[98.31750544500011,7.76677963200018],[98.31759227000009,7.766679395000153],[98.31781246100007,7.766600733000018],[98.31793729400005,7.766562641000064],[98.3180527770001,7.76637137400013],[98.31811680900006,7.76628650400005],[98.31819113600005,7.76618798800007],[98.31819705200002,7.766180151000071],[98.31845679400004,7.765807234000022],[98.31864897800011,7.765663951000136],[98.31881220400015,7.765625921000037],[98.31898490200001,7.765664489000187],[98.31916731900009,7.765626490000159],[98.31932110200012,7.765492720000111],[98.31942686100007,7.765378017000103],[98.31948501500011,7.765299563000042],[98.31956152000015,7.76519635000011],[98.31956184400013,7.764995325000086],[98.3195621980002,7.764775156000042],[98.31950485900018,7.764621900000179],[98.31935157400017,7.764449347000038],[98.31935178999998,7.764315330000045],[98.31939988500017,7.764248397000074],[98.31941651500011,7.764218652000011],[98.31949613900014,7.764076244000137],[98.31950019600004,7.764009288000125],[98.31950562000014,7.763919752000163],[98.31950599900006,7.763913523000099],[98.31949831600008,7.763874897000107],[98.31947743600011,7.76376988700008],[98.31929534000011,7.763606861000142],[98.31920925300005,7.763424841000131],[98.31915225300008,7.763060990000156],[98.31903780600015,7.76261088800004],[98.31878912700006,7.762074419000157],[98.31860706700013,7.761892249000027],[98.3184631790001,7.761844154000187],[98.31825206000013,7.761824671000113],[98.31802174699999,7.76180515599998],[98.31776261000016,7.761804740000116],[98.31741700000015,7.761861622000026],[98.31706165600008,7.76200464100009],[98.3167831240001,7.762128640000128],[98.31656237500005,7.762128285000188],[98.31638020600019,7.762013119000073],[98.31619816,7.761821372999975],[98.31610886200008,7.761593585000185],[98.31609301700013,7.761553168000091],[98.31608033300012,7.761520481000161],[98.31602611400018,7.761380752000036],[98.31583447000014,7.761188991999973],[98.31578200500013,7.761134213000162],[98.31569064000013,7.761038815000063],[98.31561409500011,7.760958894000112],[98.31535534500017,7.76071916],[98.31535573200011,7.760479842000109],[98.3153273420001,7.76023090700005],[98.31532763600012,7.760049027000093],[98.31516472500005,7.759895600999982],[98.31511554900004,7.759879164000154],[98.31496028600009,7.759827266000116],[98.31490573100012,7.759809031000145],[98.31461789400004,7.759751132000019],[98.31413799800009,7.759759932000065],[98.31327410400019,7.759825545000069],[98.31291900800011,7.759815399000104],[98.3126887740001,7.759748019000028],[98.31242993400019,7.759565719000079],[98.31222883600003,7.759287788000051],[98.31200835600009,7.759124694000093],[98.31190133800015,7.759108706000177],[98.31176341100019,7.759088099000166],[98.31174928200016,7.759085987000162],[98.31146156000017,7.758961076000048],[98.31133703600017,7.758807713000067],[98.3111741740002,7.75862556900006],[98.31090548800017,7.758596412999964],[98.31062716000002,7.758595962000015],[98.3103390610001,7.758700795999971],[98.31025622300018,7.75876376500014],[98.31017569900007,7.758824976000142],[98.30967164000003,7.759154561000173],[98.30944550100008,7.759302424000055],[98.30916221900009,7.75946998400002],[98.30904201100009,7.75954108600007],[98.3086771130001,7.759655366000118],[98.30852260600017,7.759655114999987],[98.30842757900001,7.759654960000091],[98.30832887800011,7.759660826000015],[98.30804447300011,7.759677729000089],[98.3079572490002,7.759682913000177],[98.30793990600012,7.759694979000074],[98.30786116500008,7.759749766000084],[98.3078058850001,7.759829128000092],[98.30777458200009,7.759874068000101],[98.30776460700008,7.76010379700017],[98.30777413900017,7.760195553000131],[98.30778350500003,7.760285709000129],[98.30784085500017,7.760429389000137],[98.30784569300005,7.760457410000015],[98.30787888700013,7.760649624000109],[98.3078787140002,7.760754923000036],[98.30773456200018,7.760869559000128],[98.30757126100008,7.760955447000129],[98.30729293000002,7.760954993999974],[98.30665948800004,7.760953962000087],[98.30576668800006,7.76108652500011],[98.3054787590001,7.761086055000078],[98.30522936199998,7.760999494000146],[98.3051144260001,7.76085571800013],[98.30464510200017,7.76027101700015],[98.30427153700009,7.759820491000028],[98.30404150900006,7.759628662000011],[98.30352361500019,7.759398071000021],[98.30337176800015,7.759375379000119],[98.30339884900013,7.759397866000143],[98.30314931100014,7.75939745800008],[98.30314773200007,7.759397586000091],[98.30308307300015,7.759402853999973],[98.30303412299997,7.759406841000043],[98.30294769800003,7.759435417000134],[98.30284196800017,7.759530971],[98.30277448400011,7.759712741000158],[98.30277418500015,7.759894622],[98.3028218730002,7.760076580000145],[98.30300386500016,7.760297048000098],[98.30317644900003,7.760402631000034],[98.30335872400013,7.760450794],[98.30349302700012,7.760489303000099],[98.30365599900011,7.760604441000055],[98.30382837700017,7.760834467000052],[98.30396239800018,7.76104528500008],[98.30400044300018,7.761255947000109],[98.3040188970001,7.76170589100002],[98.30403718000014,7.762261136000063],[98.3040367860001,7.762500451000051],[98.30397882200009,7.762730101000045],[98.30393755700015,7.76280753400016],[98.30391737200017,7.76284541299998],[98.30355545300017,7.763380346000133],[98.30353599100016,7.763543048999964],[98.30353573800005,7.763696212000127],[98.30357609300006,7.763746692000041],[98.30361236100003,7.763792064000086],[98.30366880600019,7.763826371000164],[98.3036823060001,7.763834577000125],[98.3038808290001,7.763955239000154],[98.30388985000019,7.763967880000052],[98.30392870500015,7.764022326000145],[98.3041869770002,7.764549244000023],[98.30425460300006,7.764663179000138],[98.3045384610001,7.765141429000096],[98.30457939800004,7.7652104],[98.30460188600011,7.765291285000046],[98.30469389400008,7.765622210000174],[98.30498152600012,7.765804563000074],[98.30530291700012,7.766083551000065],[98.30549134600017,7.766247120000173],[98.30577700700013,7.766495093000174],[98.30596870100015,7.766718891000039],[98.30600691400019,7.76676350200006],[98.3060163240001,7.766878389999988],[98.30593483600012,7.766986387000145],[98.30592975300016,7.766993122000088],[98.30580473200018,7.767146079000042],[98.30570847100012,7.767318229000068],[98.30570845300014,7.767329366000183],[98.30570831400019,7.767413954000062],[98.30574996899998,7.767547671000045],[98.30575605100017,7.76756719600013],[98.30595710000017,7.767873848000136],[98.30604325900009,7.768008007000105],[98.30606301500012,7.768077397000184],[98.30608143200016,7.768142086000125],[98.30601396700018,7.768314284000155],[98.30587903100019,7.768658681000147],[98.30583294000019,7.768770528000061],[98.30579230500012,7.768869135000159],[98.30578573600019,7.768878463000021],[98.30573251900017,7.768954023000049],[98.30572496300005,7.768964752000159],[98.30572143800003,7.768967556],[98.3056340500001,7.769037050000065],[98.30562885900008,7.769041176000087],[98.3055161640001,7.769103878000124],[98.30551894700005,7.769107754000061],[98.30552447600007,7.769119212000135],[98.30549433200008,7.769136684000159],[98.30536934200006,7.769270495000114],[98.30527930200003,7.769392533000087],[98.30526352800018,7.769413912000175],[98.30525987300013,7.769460301000038],[98.30525804600006,7.76948348600007],[98.30525372500017,7.7695383410001],[98.30525342600004,7.769720222000103],[98.30526271000008,7.769911689000082],[98.30525895400012,7.769956365000041],[98.30520397400005,7.770610398000031],[98.305191094,7.770661434000033],[98.30518796700005,7.770673824000141],[98.30517411700015,7.770728688000077],[98.30516681700004,7.770757606000132],[98.30516663600014,7.770758324000042],[98.30510398600012,7.77091121899997],[98.30509787800014,7.770926123000152],[98.30508746400017,7.770960275000164],[98.30497243000008,7.771337539000115],[98.30496033000014,7.771479544000044],[98.30495285800004,7.771567251000079],[98.30501016000017,7.771739652000065],[98.30514434000008,7.771854743000063],[98.30530738100015,7.771931593000033],[98.30547998400016,7.772027600000058],[98.30558533900006,7.772161791000087],[98.305728837,7.772449205000044],[98.30575863000007,7.772530269000185],[98.30579572300007,7.772631194000098],[98.3058338150002,7.77281313800006],[98.30588153800016,7.772975950000045],[98.30616876800008,7.773407189000068],[98.306229019,7.773662785000113],[98.3062545520001,7.773771090000082],[98.30629415700008,7.773946219000095],[98.30630219400012,7.77398176500003],[98.3062537030001,7.774288011000124],[98.30609944200006,7.774708955000165],[98.30580085500014,7.77541952200005],[98.30561208600005,7.775779684000042],[98.30523420100013,7.776424923000036],[98.30480106099998,7.777015178999989],[98.30446038700006,7.777402841000139],[98.30429689400012,7.777542601000107],[98.30407425800018,7.777674557000012],[98.30368372000004,7.777913733000105],[98.30364267600015,7.777919747000055],[98.30356656600009,7.777917266000145],[98.30345025600008,7.777904593000073],[98.3033809690001,7.77788504900002],[98.30330398100011,7.777856131000135],[98.3032919870002,7.777845162],[98.30329189899999,7.77784902000019],[98.30328472700012,7.777844901000094],[98.30315405700014,7.777769843000101],[98.30303752100008,7.77768158900011],[98.30300204200012,7.777641225000139],[98.30296907500014,7.777580662000162],[98.3029513250001,7.777547856000126],[98.30291078900012,7.777515074000064],[98.30286774500007,7.777512592000051],[98.30281711700019,7.777520220000156],[98.3027361120001,7.777530403000185],[98.30264242300012,7.777510300000017],[98.30252591700003,7.777459920000126],[98.30244488400018,7.777437280000015],[98.30237398700007,7.777427254000088],[98.30228791100006,7.777429866000148],[98.30224487100008,7.777429910000137],[98.30219169500009,7.77741481400011],[98.3021562180001,7.777379502000031],[98.30211310900017,7.777298748000135],[98.30205480100017,7.777210436000075],[98.30199654100011,7.777177671000118],[98.30195603000004,7.777172661000066],[98.3019180500001,7.777172701000097],[98.30187755900005,7.777190418000032],[98.30185226900011,7.777220744000033],[98.301804215,7.777273815000115],[98.30178522400013,7.777282810000031],[98.3017561310001,7.777296589],[98.30171056300009,7.777299161000087],[98.30166751500008,7.777289106000012],[98.3016143590001,7.777299261000053],[98.30149540400015,7.77734230599998],[98.3014650410002,7.777365063],[98.30145438500006,7.777386369000169],[98.30123411900013,7.77741830500014],[98.30116823500015,7.777427857000077],[98.30105361000017,7.77744447800012],[98.30099904900004,7.777441913000132],[98.3008424680001,7.777434557000049],[98.30072839100018,7.777388829000188],[98.30066863500019,7.77736487500016],[98.30055471800011,7.777319212],[98.30031152400005,7.77722892100013],[98.3002957330001,7.777223057000185],[98.30004947400005,7.777224904000036],[98.2992495360001,7.777230904000021],[98.2991892730002,7.777222894000033],[98.29892139400016,7.777187291000018],[98.29888489400014,7.777182439000171],[98.29874512100002,7.777143632000048],[98.29856272000012,7.777092989000039],[98.29843399600014,7.777057251000144],[98.2983615390001,7.777051570000083],[98.29818447700018,7.777037693000125],[98.29792512600017,7.777161708000165],[98.29784676200006,7.777239608],[98.29770400700005,7.777381514000012],[98.29747319300014,7.777658737000138],[98.29701207400007,7.777906859999973],[98.29673367100008,7.777944691000187],[98.29648412400013,7.777944278000064],[98.2962155080001,7.777867253000181],[98.29602370700013,7.777771207000058],[98.29583192300004,7.77766558899998],[98.29556317800012,7.777665143000149],[98.29529443400008,7.777664697000091],[98.29499689900007,7.777664203000086],[98.29472826700004,7.777596749000168],[98.29450775400016,7.777452794000055],[98.29422032500014,7.777145992000101],[98.29420301500011,7.777124196000045],[98.29416323300018,7.777074110000171],[98.29407893700017,7.776967976000094],[98.29392341400018,7.776772165000182],[98.29380259499999,7.776655431999984],[98.29367495500009,7.776532109000186],[98.29364552100014,7.776503669000135],[98.29337700100012,7.77636920600014],[98.29303174699999,7.776205898000114],[98.29265759000003,7.776109548000136],[98.29241764000011,7.776109148000103],[98.29205291900018,7.776108540000052],[98.29168821300004,7.776098357000023],[98.29110275500011,7.776087811000025],[98.2909396710001,7.776039672000024],[98.29093667500001,7.77603644300001],[98.2908151210001,7.775905448000117],[98.29058491800015,7.775818910000055],[98.29032570800018,7.775856767000107],[98.29015293000009,7.77586605100015],[98.28995137300006,7.77586571400002],[98.28979791900014,7.77579844800016],[98.28959649100017,7.775721531000102],[98.28930617300011,7.775702363000107],[98.28929898800016,7.775701890000164],[98.28889603600004,7.775605487000064],[98.2884641620002,7.775585620000129],[98.28832009700005,7.775642811000125],[98.28830206000009,7.775660742000127],[98.2881951130002,7.775767048000034],[98.28817551500003,7.77600632900004],[98.28819435500014,7.776216959000067],[98.28824200800011,7.776418063000165],[98.288318484,7.776600072000065],[98.28845241900018,7.776858757000014],[98.28845212800007,7.777031063999971],[98.28844233800015,7.777145919000191],[98.28843283100014,7.777174203000015],[98.28838446000015,7.777318128000104],[98.28834576200018,7.777499944000056],[98.28831648300013,7.777787073000127],[98.28830077600014,7.777821381000081],[98.28826831700007,7.777892289000135],[98.28822006500013,7.778046436000182],[98.28821998600006,7.778093234000153],[98.28824844100018,7.77829430900016],[98.288181076,7.778399494000041],[98.2881699260002,7.778409787000101],[98.28804649700015,7.778523710000059],[98.28795232800013,7.778586098000062],[98.28790236600008,7.778619195000033],[98.28779659500009,7.778733889000137],[98.28774847300019,7.778810391000036],[98.28765873700007,7.778952246000131],[98.28759329400009,7.779055697999979],[98.28757204099998,7.779089296000109],[98.287540261,7.779128777000096],[98.28752717200013,7.779135488],[98.2871238780001,7.779240109000057],[98.2869164080002,7.779356604000043],[98.28690291200013,7.779364181000062],[98.28683559700016,7.779440649000151],[98.28677757300017,7.779699013000027],[98.2867964130001,7.779909642000121],[98.28680580000008,7.780034099000034],[98.28688242200002,7.780129957000156],[98.28736153100016,7.780599819000145],[98.2875271740001,7.780791758000134],[98.28765343200007,7.781098085000167],[98.28776746200009,7.781777933000114],[98.28798724900008,7.78235265800015],[98.28830345300014,7.782669085000123],[98.28889724300006,7.783435889000145],[98.28926140800007,7.783771541000021],[98.28969856400016,7.783928545000038],[98.28980239300017,7.783965836],[98.28990409400012,7.784002361000091],[98.2901247040001,7.784088882000049],[98.29027803100007,7.784232729000166],[98.29060377400009,7.784587461],[98.29068981700004,7.784788629000161],[98.29069906200016,7.784999243000186],[98.29071801600014,7.785142863000146],[98.29088063800009,7.785468605000119],[98.29094687700018,7.786033502],[98.29096526799998,7.786512161000132],[98.2908594770002,7.786854400000095],[98.29073734700006,7.787019006000037],[98.29068221300014,7.787093316000153],[98.29067938500003,7.787097128000084],[98.29050317100007,7.787334632000068],[98.29025329400008,7.787525666000022],[98.29001330900019,7.787544412000159],[98.28981179500005,7.787515357000188],[98.28943760900017,7.787428576000025],[98.289355232,7.787376348000123],[98.28914997300018,7.787246212000184],[98.28901990300005,7.787193011000113],[98.2886799810002,7.787053972000081],[98.28806568200008,7.787062515000173],[98.28806079300011,7.787062913000057],[98.28760490600013,7.787100032000183],[98.2874218410002,7.787114937000069],[98.28702893400009,7.787146926000162],[98.28641444000004,7.787270336000063],[98.28630290100017,7.787308972000062],[98.28580939900019,7.787479915000063],[98.2856047790001,7.787517652000076],[98.28540002900007,7.787555413000121],[98.28508930600003,7.787612718000162],[98.28502969600004,7.787640572000157],[98.28495580500004,7.787675100000172],[98.28492600800018,7.787689024000031],[98.28486869400007,7.787742640000033],[98.28483852600004,7.787770862000059],[98.2848191170001,7.78778901700008],[98.28476257700004,7.787841908000075],[98.28474968500007,7.787886628000081],[98.28470464700007,7.788042837000091],[98.28464611600009,7.788597947000028],[98.28465178800002,7.788996795000173],[98.28465469100018,7.789201036000122],[98.2847501720002,7.789497947000086],[98.28479846800008,7.789560096000173],[98.28488425400008,7.78967048200002],[98.28501833700011,7.789843015000031],[98.28508564300017,7.789977832999966],[98.28509486300004,7.789996305000102],[98.28509820000005,7.790029025000138],[98.28515151000016,7.790551612000115],[98.28528749300017,7.79110660900011],[98.28530402900009,7.791174087],[98.28522696600004,7.791336692000073],[98.28513083800004,7.791422685000157],[98.28495800400015,7.791460683000082],[98.28488350400005,7.791508961000034],[98.28473700200016,7.791603898000119],[98.2846983450001,7.791756996],[98.28469827100008,7.791800372000068],[98.28469816600017,7.791862294000055],[98.28470824100003,7.791874391000079],[98.28479395500017,7.791977326000108],[98.28497620900015,7.792044642],[98.28514894500006,7.79206407800001],[98.28530248700014,7.792083484000045],[98.28546559200004,7.79212204800001],[98.28569574099998,7.792246882000029],[98.28600269200007,7.79236226900008],[98.28618491400005,7.792448729000171],[98.2863768140001,7.792487343000118],[98.28680883400017,7.79243063399997],[98.28795116300012,7.792355975000135],[98.2886134270002,7.792366661000131],[98.28916069500019,7.792271853000102],[98.28950935100005,7.79228531800004],[98.28959067800014,7.792288458000144],[98.29019724600005,7.792311882000092],[98.29079725100001,7.792446559000155],[98.29097440100014,7.792495061000068],[98.29176106100005,7.792735692000178],[98.29186653000016,7.792802878000032],[98.2920872750002,7.792812820000165],[98.29235594900007,7.792861131000166],[98.29252852500014,7.792976290000183],[98.29291200800014,7.793244964000053],[98.29305582300003,7.793340931000046],[98.29319955700004,7.79348475900008],[98.29330488200014,7.793638097000155],[98.29340070400008,7.793733983999971],[98.29362111300009,7.793944948000046],[98.29374574700012,7.794031310000094],[98.29384152200015,7.7941559140001],[98.29387009200019,7.794289977000062],[98.29388855000013,7.79473034800003],[98.29390227000016,7.794817955000042],[98.29391704100004,7.794912275000058],[98.2940031870001,7.795056008000131],[98.29408361900016,7.795112359000086],[98.29409905900019,7.795123177000107],[98.29415640800005,7.795266861000073],[98.29415623800003,7.795368254000039],[98.29415616800003,7.795410451000066],[98.29415817200004,7.795469208000043],[98.29416531700019,7.795678499000019],[98.29422253800004,7.79589876600005],[98.29436604900008,7.796176610000146],[98.2946055610002,7.79644504200013],[98.2946549180001,7.79647648200006],[98.29480013600005,7.796568986000068],[98.29502744100012,7.796713780000175],[98.2954589850001,7.796944241000119],[98.29549726700009,7.797011310000073],[98.29548875100011,7.797032444000081],[98.2954779910001,7.79705914300007],[98.29536266700012,7.797145105000084],[98.29534388899998,7.797155903999965],[98.29518011700014,7.797250099000053],[98.29517192800006,7.797298606000084],[98.29516072800004,7.797364937000111],[98.29522775700013,7.797460775000047],[98.2953658080001,7.797598915000151],[98.29539066100011,7.79762378200013],[98.29550569600013,7.797710127000073],[98.2957260120001,7.797978526000179],[98.29586946100017,7.798294664000025],[98.29586932900014,7.798373455000103],[98.29586928500015,7.798399962000076],[98.29576351100008,7.798514657000055],[98.29574184200015,7.798541163000095],[98.29565165200017,7.798651488000075],[98.29563847200012,7.798667609000063],[98.29559028900013,7.798782400000107],[98.29559009600001,7.798897274000183],[98.29564735200017,7.799098392000133],[98.29570452600007,7.799347376000128],[98.2957582140001,7.799454910000122],[98.295790625,7.799519826000164],[98.29588636900013,7.799663575000068],[98.29641370900003,7.800009067000076],[98.29656698100013,7.800191200000143],[98.29659011200016,7.800214344999972],[98.29669155500011,7.80031585100005],[98.29682564500001,7.800488382000026],[98.29697815700001,7.800650527000187],[98.29697895100009,7.800651372000175],[98.29697887900011,7.800652699000011],[98.29697718200003,7.800683859000117],[98.29697718000006,7.800683891000119],[98.29696904600007,7.800833235000027],[98.29698795800005,7.801005572000179],[98.29708372000016,7.801139750000061],[98.29720827500006,7.801273972],[98.29730406800007,7.801389003],[98.29732304100014,7.801523050000185],[98.2973131220001,7.80171448700014],[98.29721677100008,7.801934498000094],[98.29714906900017,7.802240709000159],[98.29711029300012,7.802470388000074],[98.29713878500019,7.80265231400017],[98.29719611900015,7.802805570000089],[98.29735894200019,7.803016440000135],[98.29763706100005,7.803160490000153],[98.29778097600013,7.803199019000033],[98.29798254600007,7.803199354000128],[98.29809772900012,7.803199545000098],[98.29832809600009,7.803199927000094],[98.29854886200008,7.803200293000145],[98.29870228000016,7.803296275999969],[98.29879792800006,7.803497458000095],[98.29884536600008,7.803832579000073],[98.29891132800003,7.804569781000112],[98.29891004300003,7.804598765000037],[98.29889138000016,7.805019659000038],[98.29880795600019,7.805638226000156],[98.29872616300008,7.806244682000056],[98.29853214400009,7.807469655999967],[98.29841426300004,7.809087233000128],[98.29839314300006,7.809132870000099],[98.29837907600006,7.809163270000113],[98.29832023700004,7.809290429999976],[98.29823572700019,7.809376380000174],[98.29812580600003,7.809383506000074],[98.29778981900006,7.809402095999985],[98.29720402600014,7.809563855000135],[98.29684861800007,7.809716427000183],[98.29659898400018,7.809754300000179],[98.2963679400001,7.80979998600003],[98.29635893900013,7.809801766000021],[98.29624357800009,7.809906872],[98.29623380400017,7.810012154000049],[98.2962240440001,7.810107864000145],[98.29622073900009,7.810109954000097],[98.29611834600001,7.810174696000161],[98.29609443700008,7.810191665000048],[98.29605107300006,7.810222447000115],[98.29583961500015,7.810394403000146],[98.29579144400014,7.810499621000133],[98.29572388700018,7.810719678000112],[98.29570434900018,7.810920671000133],[98.29577120500016,7.811121809999975],[98.29579972900007,7.811284590000128],[98.29588595700011,7.811380458000087],[98.29600091700019,7.811514667999973],[98.29603912100015,7.811629603000029],[98.2960388960002,7.811763618000157],[98.29601859300004,7.811806180000133],[98.29596182800003,7.811925173000134],[98.29595220200014,7.811945354000102],[98.29577879800019,7.81231839600008],[98.29574063600006,7.812356330000171],[98.29568265100016,7.81241396300004],[98.29566239800016,7.812436103000095],[98.29562572100002,7.812476206000156],[98.29558648500017,7.812519102000124],[98.29557575299998,7.812558970000055],[98.2955478500001,7.812662626000133],[98.29555408800007,7.812758358000053],[98.29555720800016,7.812806233],[98.29574874600019,7.813069802000086],[98.29575831800008,7.813084172000174],[98.29589234800017,7.813294995000149],[98.29626614200004,7.813630657000033],[98.29684155600017,7.813937939000027],[98.29702377100006,7.814033968000103],[98.29735968300014,7.814063244000181],[98.29775334700003,7.813996890000055],[98.29795492300019,7.813997225000151],[98.29815656100004,7.813959270000112],[98.29830056000014,7.813949936000029],[98.29841560200003,7.814036281000028],[98.2985689750002,7.814160980000111],[98.29877007200008,7.81444849200011],[98.2988845390002,7.814879450000035],[98.29890828100002,7.815032651000024],[98.29893202100004,7.81518585300006],[98.29894043900003,7.815894239999977],[98.2989022270001,7.81614430400009],[98.29866063200006,7.817260160000046],[98.29857038200004,7.817510455000047],[98.298485998,7.817865446000042],[98.29815779500012,7.818965752000111],[98.2974353620001,7.820467451000127],[98.2972236560002,7.820782995000116],[98.29700739500015,7.821084623],[98.29699530400012,7.821101479000163],[98.29655537800016,7.82166070400018],[98.29605003100016,7.822303085000101],[98.2950982500002,7.823182176000103],[98.29423337400004,7.823755088000098],[98.29294558600009,7.824652756000091],[98.29281116800013,7.824671676000037],[98.2927344410001,7.824633259000166],[98.29206410500007,7.823684444000094],[98.29151777000004,7.8232049],[98.29123009000006,7.823032111000032],[98.29097106400013,7.822945522000055],[98.29071188799998,7.822945087000107],[98.29046231700005,7.822944667000058],[98.29029908500002,7.822973111000124],[98.2902634990001,7.822997418999989],[98.2901453230001,7.823078151000118],[98.29002971400001,7.823326841000096],[98.28972137800008,7.824015551000059],[98.28954802800013,7.824350300000106],[98.28955722300009,7.824589631000094],[98.2895666280001,7.82470451800009],[98.28960471500011,7.824886460000073],[98.289604488,7.825020477000066],[98.28960429400018,7.825135349000163],[98.28952735600006,7.825221372000044],[98.2895175320001,7.825355371000057],[98.28951735400011,7.825460670000155],[98.28956513700007,7.825585195000087],[98.28968578100012,7.825697865000166],[98.28970889600015,7.825719453000147],[98.28982387300016,7.825844090000089],[98.28985244400013,7.825978153000051],[98.28990968200003,7.826188848000186],[98.2899189900001,7.826361170000041],[98.29012968200016,7.826648703000103],[98.29039771200013,7.827089493000187],[98.29058930600013,7.827319559000046],[98.29091535100002,7.827511558000026],[98.29159635500008,7.827828598000167],[98.29203747900016,7.828087797000023],[98.29239043000013,7.828276826000092],[98.2924498710002,7.828308660000062],[98.29299602000015,7.82890307700012],[98.29323186100004,7.829114480000158],[98.29345608600005,7.829315471000143],[98.29368641700017,7.829344574000174],[98.29395517800009,7.829354598000123],[98.29408735100014,7.829435448000027],[98.29412778500011,7.829460185000073],[98.29424278100004,7.829575249000129],[98.29433989800015,7.829790959000036],[98.29436295800008,7.829903262000016],[98.29443224300007,7.830622389000098],[98.29446857300007,7.831205667000063],[98.29448232700014,7.831655724000086],[98.29449033100008,7.831917611000165],[98.29449489100011,7.832131577000098],[98.29450520100005,7.832615627],[98.29450535200016,7.83262268600015],[98.29451172300008,7.833571664000146],[98.29451084500016,7.833686882000109],[98.29450308700007,7.833686854000064],[98.29448938899998,7.834064602000069],[98.29436319400014,7.835466601000178],[98.29422317700016,7.836902230000021],[98.2940494880001,7.838401292000071],[98.29403413000006,7.838533845000143],[98.29391047200016,7.839610202000074],[98.29379586800007,7.840388464000171],[98.29376507900008,7.840565992000109],[98.29353303599999,7.841903975999969],[98.29324919800013,7.843507223000017],[98.29292965000019,7.845347048000122],[98.29292228800011,7.845417381000175],[98.29289768600017,7.845556751000174],[98.2925786310002,7.847364164000055],[98.29257837200004,7.847412112000086],[98.29235548600008,7.848572975000138],[98.2922193,7.849282281],[98.29150379100008,7.85231558900017],[98.29056750300003,7.855329373000131],[98.28960323300004,7.857854908000093],[98.28931457300013,7.85824689500015],[98.28922798000013,7.85836161900005],[98.28904543700003,7.858447463],[98.28885337500014,7.858485429000154],[98.28867109200007,7.858418114000187],[98.28857522400011,7.858341371000108],[98.28836402800005,7.858341013000086],[98.2879127550001,7.858388112000171],[98.287211807,7.858482648000177],[98.28702697700004,7.85847550800014],[98.28695262600019,7.858472637000148],[98.28664563000018,7.858357243],[98.28658130500008,7.858351120000123],[98.28633848600015,7.858328003999986],[98.28621368800015,7.858327792000182],[98.28618845900007,7.858330037000087],[98.28610807300004,7.858337187000132],[98.28602242400012,7.858478984000044],[98.28602143000006,7.85848062700012],[98.2860116830002,7.858566764000045],[98.28594435400004,7.858643228000176],[98.28573315600016,7.85864286900005],[98.28572466999998,7.858640315000173],[98.28563720900013,7.858613990000038],[98.28559126300007,7.858602454000163],[98.28548367700006,7.858575440000038],[98.28535886100019,7.858584799000027],[98.28534989500014,7.858589487000074],[98.28533320000014,7.858598212000174],[98.28517991900014,7.858678326000017],[98.28517630200008,7.858680215000106],[98.28504172600014,7.858785283000088],[98.28495109800014,7.858940768000082],[98.28493581800012,7.85896698200014],[98.28491605900012,7.859002954000061],[98.284891996,7.859046769000031],[98.2848780380001,7.859072185],[98.28479154000007,7.859129470000084],[98.28458009900004,7.859272701000123],[98.28452241800017,7.859320465000167],[98.28447887300001,7.859382268],[98.28446814700004,7.859397494],[98.2844550550002,7.859416074000137],[98.28444212700003,7.859418468000172],[98.28439862500016,7.859426526000107],[98.28430140800003,7.859444531000122],[98.2840806120002,7.859444155000062],[98.28392701400014,7.859443893000048],[98.28376406700005,7.859362303000069],[98.28375436600004,7.859357446000104],[98.28352408400019,7.859290046000012],[98.28342086100008,7.859306707000087],[98.28332059100012,7.859322893000183],[98.2829959460002,7.859375298000145],[98.28285199900006,7.859346335000168],[98.28282220300008,7.859301598000116],[98.2827945480002,7.859260083000095],[98.2827846460001,7.859262533000162],[98.28271771700014,7.859279097000069],[98.28265112200006,7.85933897200016],[98.28252970400013,7.859448140000154],[98.28251580800008,7.859460631],[98.28244839600018,7.859584960000063],[98.28244826700006,7.859659657000122],[98.28244818200017,7.859709402000078],[98.28245758400004,7.859824289000073],[98.28245752400005,7.859859405000122],[98.28245737000003,7.859948731000088],[98.28245720600017,7.860044459],[98.28249545600016,7.860130677000029],[98.28250612600016,7.860150513000065],[98.2825624420002,7.860255234000135],[98.28258074300004,7.860365896000019],[98.28260044700005,7.860485041000061],[98.28266700600011,7.860858485000051],[98.2826669330002,7.860901241000022],[98.28266667800011,7.861049934000164],[98.28266644700017,7.861183950000054],[98.28265698600018,7.861227604000135],[98.28263741400019,7.861317916000132],[98.28263171200007,7.861350002000108],[98.28258585700007,7.86160804900004],[98.28254048000014,7.861863388000131],[98.28254033200011,7.861949540000182],[98.282559285,7.862093162000122],[98.2826739570001,7.862399680000124],[98.28310478500003,7.86308006500019],[98.2832963090001,7.863357997999969],[98.28330246200011,7.863446011000065],[98.28330568000007,7.863492029000156],[98.28322864800009,7.863625915000057],[98.28268968900016,7.864419518999966],[98.282112655,7.865021603000059],[98.28158388400004,7.865470609000056],[98.28138206900013,7.865594707000071],[98.28117083700005,7.865613490000101],[98.28100764000015,7.865613210000049],[98.28092917500015,7.865581759000065],[98.28086373800016,7.865555529000176],[98.28061447100004,7.865363652000042],[98.28043936600005,7.865261867000015],[98.28031884000018,7.865191809000123],[98.28031716700013,7.865190836000124],[98.27993004900009,7.86504885800008],[98.27992381799999,7.865046572999972],[98.2799196630001,7.86504550300009],[98.27954958400011,7.864950205000184],[98.27952190700006,7.864940953000144],[98.27929053500009,7.864863607000132],[98.2791856930001,7.864793651000014],[98.27917546800006,7.864786828000092],[98.27903156800005,7.864729148000094],[98.27895908900001,7.864720518000127],[98.27886840300016,7.864709721],[98.27873400200014,7.864709490000052],[98.27868326400005,7.864702501000124],[98.27859279000018,7.864690041000131],[98.27831170700011,7.864651330000072],[98.2782300520002,7.864598790000173],[98.27806792500019,7.864494469000135],[98.27804320500007,7.864478563999967],[98.2777264730002,7.864439729000026],[98.2772468080002,7.864247451000153],[98.27705789100008,7.864217816000064],[98.27681492700009,7.864179700000136],[98.27668053000008,7.864179468000088],[98.27651724700013,7.864227049000021],[98.27651598100005,7.864228414000081],[98.2764479560002,7.8643016420001],[98.27640183200009,7.864351293000027],[98.27617034000014,7.864982684000097],[98.2761441400001,7.865115808000098],[98.27610254100011,7.865327179000133],[98.27606120600018,7.865588012000103],[98.27605401099999,7.865633416000151],[98.27597565000019,7.865852419000078],[98.2759478970001,7.865929983000058],[98.27590065300012,7.865993247000176],[98.27585392000003,7.866055829000175],[98.27572658300011,7.86622635100008],[98.27571118600014,7.866254382000022],[98.27567601100014,7.866318422000177],[98.27566880100011,7.866331549000108],[98.27556300100008,7.866446236000058],[98.27556235000009,7.866446558000121],[98.2753970120001,7.866528635000066],[98.27539005400007,7.866532090000078],[98.27538720200016,7.866534923000017],[98.27530350500007,7.866618096000082],[98.27521476600009,7.866775461000032],[98.27517054800018,7.866853877000153],[98.27516868700013,7.866857175000064],[98.27506385700013,7.866999202000159],[98.27495698900003,7.867143985000155],[98.27495084200012,7.867151622000165],[98.27484154200016,7.867287375000103],[98.27480406800004,7.86730473300014],[98.27469742200009,7.867354133000163],[98.2745342250002,7.867353851000132],[98.27434011400004,7.867344913000068],[98.27413643000006,7.867335534000119],[98.27410225900019,7.867333959000064],[98.27390060900018,7.86736233],[98.27386437900003,7.867378675000054],[98.27379492400007,7.867410008000036],[98.27374986600006,7.867443171000048],[98.27358781100003,7.86756243300016],[98.27353539200004,7.867601012000023],[98.27348724200016,7.867687079000177],[98.2734309220001,7.867771002000097],[98.27339099200003,7.867830502],[98.27338401200018,7.867932242999984],[98.273381315,7.867971550000163],[98.27338114100019,7.867974074000188],[98.27337883700017,7.867977508000138],[98.27330414200014,7.868088810000074],[98.2730355450002,7.868424558000129],[98.27300589100003,7.868461623000087],[98.27297491700017,7.868529944000159],[98.27291706800008,7.868594435000091],[98.27289155400007,7.868644479000125],[98.27289036800016,7.868646804000093],[98.2728903150001,7.868677076999973],[98.27289023900005,7.868720920000158],[98.27289020700005,7.868739024000035],[98.27292837500005,7.868873109000049],[98.27304295800019,7.869227492000164],[98.27313822600007,7.869648847000121],[98.27316118400017,7.869818941000176],[98.2731666590002,7.869859493000149],[98.27322410800008,7.869945745000166],[98.27322568300013,7.869971594000106],[98.27321974400007,7.869972773000086],[98.2731662920001,7.870070089000137],[98.27304144000004,7.870098590000111],[98.27283989000006,7.870069523000097],[98.27275370700016,7.869944930000031],[98.27258115600017,7.869801043000109],[98.27236997200009,7.869791104000058],[98.272231568,7.869759689000034],[98.27207248600018,7.869723579000095],[98.27198851600014,7.869716047000168],[98.27191278200013,7.869709251000131],[98.27181734000004,7.869700686000044],[98.27179412000004,7.869703952000123],[98.2717076360002,7.869751663999978],[98.27170736800014,7.869904825000162],[98.27171673300012,7.870038857000054],[98.27174535000012,7.870144205000088],[98.27183165000014,7.870201790000124],[98.27201381700019,7.87033612100015],[98.27212880200005,7.870460763000153],[98.27222475300005,7.870489647000056],[98.27230163600012,7.870441919000029],[98.27240728700008,7.870413383000141],[98.27253201800016,7.870451892],[98.27262783700019,7.87055735500013],[98.27269488800016,7.870643624000081],[98.27274659600016,7.870662138],[98.27275875800012,7.870666493000101],[98.27282920500016,7.870691719999968],[98.27294179900008,7.87066386000015],[98.2729444540002,7.870663202000117],[98.27312685700008,7.870663518000129],[98.27323237400003,7.8707115630001],[98.27330897400014,7.870826567000051],[98.27330869000014,7.870989298999973],[98.27328920700006,7.871151999000119],[98.27326789300002,7.871211886000026],[98.27323132300006,7.871314632000178],[98.27322634400008,7.871363440000152],[98.27322155700011,7.871410342000104],[98.27322149700012,7.871444871000051],[98.27322144000004,7.87147734600012],[98.27333578300016,7.87174227100013],[98.27337442300018,7.871831796000151],[98.27337962400014,7.871844829999986],[98.27339354000003,7.871879691000117],[98.27347994200011,7.871879841000123],[98.27357607800008,7.871803428000135],[98.27368179400008,7.871736602999988],[98.27380659500005,7.871736819000034],[98.27386412900017,7.87177520900002],[98.27394712500012,7.871911704000013],[98.2739981470001,7.871995611000102],[98.27401709500003,7.872094786000048],[98.27400034700008,7.872096737000163],[98.274016947,7.872225383000114],[98.2740072150001,7.872301947999972],[98.27393986300007,7.87238798400017],[98.27382456100008,7.872445220000088],[98.27369017700016,7.872435414],[98.27354616100018,7.87244473800007],[98.27347894100012,7.872454192000134],[98.27344002600017,7.872479318999979],[98.27343822300008,7.872490059000029],[98.27342125700011,7.872501955000075],[98.27335392200013,7.872578420000139],[98.27335377200012,7.872664574000169],[98.27336315600019,7.872789031000025],[98.27337170700014,7.872849465000058],[98.27337263900017,7.872856055999989],[98.2734308260001,7.872905962000061],[98.27343973900008,7.872913607000044],[98.27344070300012,7.872915401],[98.27350672400019,7.873038165000082],[98.27351323599999,7.873051933000113],[98.273582126,7.873197603000108],[98.27359280900009,7.873220192000133],[98.27364134800013,7.873322638000047],[98.2736420970001,7.873324218],[98.27380167900014,7.873661023000068],[98.27386062900007,7.87378543799997],[98.2739564970002,7.873862184000131],[98.27410550700006,7.873887211000124],[98.27412924800018,7.8738912],[98.27439141700012,7.873875811000062],[98.27442398100015,7.873873901000081],[98.2744460880001,7.873872603000166],[98.2746284390002,7.873901636000028],[98.27466131700004,7.873922205000042],[98.27485869500003,7.873988187000123],[98.27505996300016,7.874179986000115],[98.275138642,7.874329930999977],[98.27614272500006,7.874228127000094],[98.27653432200003,7.874209602000064],[98.27673329100008,7.874222743000189],[98.27690014300003,7.874248637000051],[98.27706690200006,7.874325730000123],[98.27725918500005,7.874492478000036],[98.27748346800007,7.874716884000122],[98.2778230880001,7.875056703000098],[98.27806658500009,7.875306744000113],[98.27833573100014,7.875569635999966],[98.27835384800011,7.875583778000077],[98.27865625400011,7.87581981000011],[98.2788998910001,7.875986646000058],[98.2790986500001,7.876121399000056],[98.27930380800007,7.876268967000044],[98.27946409700007,7.876378053000167],[98.27967568500014,7.876519228000063],[98.279842406,7.876621925000109],[98.28001560100006,7.876692628000171],[98.2801824500001,7.8767185210001],[98.28034932600002,7.876731606000021],[98.28052267599998,7.876712702000077],[98.28071530400013,7.876681031000032],[98.28088867600007,7.876649323000038],[98.28111992100014,7.876560110000071],[98.28134474200016,7.876470889000018],[98.28159526100018,7.876368907000142],[98.28180085100013,7.876266853000061],[98.28202566300007,7.876184029000115],[98.28227616300006,7.876094851],[98.28248807200009,7.876050409000072],[98.28268066300012,7.876037935999989],[98.28285400100009,7.876025429000151],[98.28307865099998,7.876038616000073],[98.283316114,7.876064623],[98.28368828900017,7.876142068000092],[98.28371724100009,7.876151745000129],[98.28409246400014,7.876277171000027],[98.28431061500015,7.876335150999978],[98.28452882000016,7.876361124000084],[98.284759883,7.876374317000057],[98.28498459900015,7.876349099000095],[98.28519003999997,7.876330247000112],[98.28541480000013,7.87627942600011],[98.28564607200008,7.87617101100011],[98.28583240400019,7.876068916000065],[98.28588423100013,7.876020962000041],[98.28615899300013,7.875553138000043],[98.28658024300017,7.874919760000068],[98.2874329920001,7.874298440000132],[98.2884331300001,7.873813245000065],[98.2891115130002,7.873437722000176],[98.2891408500002,7.873412836000057],[98.2896157460001,7.872864105000019],[98.29021908600009,7.87199325],[98.2906947730001,7.871352556000147],[98.29085784300008,7.871251067000173],[98.29114035800012,7.871134249000079],[98.29145611500019,7.871061215000111],[98.29158660700017,7.871031031000086],[98.29171758400008,7.871059505000119],[98.29175291000013,7.87107366000015],[98.29195816600009,7.871163620000118],[98.29220175000017,7.871362450000049],[98.29244521200008,7.871638088000111],[98.29272080500004,7.87188817700013],[98.29297717600019,7.872119033000047],[98.29321441200011,7.87227944600005],[98.29356062800014,7.872523253000111],[98.29400302800019,7.872831230999964],[98.2940723210001,7.872883660000127],[98.29452871700005,7.873228955000059],[98.29473378000006,7.873434121000116],[98.29495165400016,7.873658508000119],[98.29510539700016,7.873844383000176],[98.29522158300017,7.873960628000077],[98.2953104610001,7.874049549000063],[98.29551562500018,7.874197110000125],[98.29586197600014,7.874364105000154],[98.29620838000005,7.874499105000154],[98.29632608500009,7.874531777000186],[98.29676004900011,7.874532505000047],[98.29757915800013,7.874345471000026],[98.29878909000001,7.873902313000144],[98.30031014400015,7.873345192000158],[98.30117120000011,7.873179155000173],[98.3016960270001,7.873200964000091],[98.30247240700004,7.873453465000125],[98.30397708500004,7.874011512000038],[98.30501131900019,7.87431598400002],[98.3054966520001,7.87438220100006],[98.30578794800005,7.874421943000129],[98.30689987400018,7.874232077999977],[98.30934672600017,7.873930969000014],[98.310077304,7.873786525000185],[98.31080780100018,7.873690628000134],[98.3116356490001,7.873611072000131],[98.31233366000004,7.873531300000082],[98.3127396430001,7.873386319000076],[98.31358415000011,7.873047860000042],[98.31418507500018,7.87278991200003],[98.31466363300018,7.872612172000061],[98.3149193550002,7.872548873000085],[98.3151932770001,7.872522010000068],[98.31543063400011,7.872522397000182],[98.31566787700012,7.872595608000097],[98.31607818300012,7.872905779000121],[98.31655236400019,7.873234256000046],[98.31684424400004,7.873389482999983],[98.3169902950001,7.873398824000162],[98.31712729700007,7.873362638000174],[98.31746537300018,7.873181124999974],[98.31802286400017,7.872808812000187],[98.31844325400016,7.872536404000186],[98.3187174140001,7.872363892000124],[98.31882106000018,7.872316397000191],[98.3189549490001,7.872255041000074],[98.31925633200012,7.872182709000128],[98.31942981700018,7.872164784000176],[98.31966715900006,7.872174273000155],[98.31994995900004,7.872302176000176],[98.32016527200017,7.872397310000053],[98.3202601280002,7.872439221000036],[98.32051564300014,7.872503357000028],[98.32103596200011,7.872531507000076],[98.32163840000004,7.872587099000043],[98.32199446800018,7.872569467000176],[98.32229708600016,7.872548014000074],[98.32249663500005,7.872533868000176],[98.32309029700014,7.872370971000123],[98.32414978900005,7.872063178000133],[98.32507216099998,7.871864397000081],[98.32611328700017,7.871620292000046],[98.32710896300011,7.871358408000049],[98.32765222100016,7.871211605000099],[98.3280540400001,7.871127290000118],[98.32843145400005,7.871079346000101],[98.3286749020001,7.871079735000023],[98.32912509800008,7.871189691000041],[98.32951437900005,7.871335961000057],[98.32990377100009,7.871409409000137],[98.33014710000009,7.871482619000119],[98.33035385100004,7.871592185000168],[98.33058477500015,7.871811027000149],[98.33082773500018,7.872114848000137],[98.3311921040002,7.872613058000127],[98.3314230490002,7.872819762],[98.33168598500009,7.873150432000045],[98.33162921900004,7.87333178900019],[98.33157234500015,7.873581974000047],[98.3315405780001,7.87382594200011],[98.3315401370001,7.874101242000165],[98.33157121200014,7.874288999000157],[98.33163366000014,7.874476804000153],[98.331715013,7.874614584000028],[98.33178382000011,7.874752341000146],[98.33188397900017,7.874902668000061],[98.33201547800013,7.875071811000112],[98.33218463900016,7.875234757999976],[98.33232876300019,7.875360125000157],[98.33250426900014,7.875479288000179],[98.33272415900007,7.875627942],[98.33299321200019,7.875792907000061],[98.33318684000005,7.87588982900013],[98.33334433100003,7.875968658000147],[98.33376441100012,7.876182059000143],[98.33413433300018,7.876370355000063],[98.3343412430001,7.876470792000134],[98.33458570500005,7.876633856000126],[98.33497564800007,7.876731462],[98.3353324970002,7.876809885],[98.3355190900001,7.87679246700003],[98.33580109800016,7.87676613300016],[98.33613966300004,7.876672503],[98.3362809940001,7.876633418000097],[98.33663835800019,7.87638927100005],[98.33693987100014,7.876189528000111],[98.33757610300006,7.875956938000058],[98.33798906900012,7.875824115000171],[98.3384466710001,7.875680232999969],[98.33899346500004,7.875569859999985],[98.33948430300018,7.875570633000166],[98.34005308900015,7.875660521000157],[98.34053252600012,7.875817],[98.34103417000006,7.876040252000053],[98.34155821500019,7.87620792700011],[98.3421155470001,7.876486886],[98.34273978200014,7.876788195000188],[98.34309638800016,7.877022343000021],[98.34340821400002,7.87735653500016],[98.34376444100013,7.877835394000044],[98.34404101700011,7.878344137000113],[98.34417600200015,7.878592422000168],[98.34453749900013,7.879265948000125],[98.34492305800012,7.880008106000048],[98.34524919200015,7.880705680000062],[98.3457684130002,7.881581528000027],[98.34618384200019,7.88224957400007],[98.3465400300002,7.882754390000116],[98.347103807,7.883674798000015],[98.34760855600013,7.884298491000038],[98.34836618800011,7.884907746000067],[98.3486777440001,7.885427314000083],[98.34898901200012,7.88612486500017],[98.34928575800018,7.886599918000115],[98.34965694400012,7.887030602000038],[98.3500131400001,7.887535408000076],[98.35030662000008,7.887909564000154],[98.35077022700017,7.88850061200003],[98.35105620400009,7.888864684000112],[98.35108679800015,7.888903632000108],[98.35158670400011,7.889540052000029],[98.35224931100015,7.890463000000182],[98.3527050020001,7.891021434000038],[98.35287698400009,7.891218023000022],[98.35315352700019,7.891439311000056],[98.35336862000014,7.891611427999976],[98.3535468560001,7.891740541000104],[98.35370670300011,7.891826677000154],[98.35387275900018,7.891876016000026],[98.35408193100005,7.891900879000048],[98.35434648,7.891919693000034],[98.35481404700005,7.891963359999977],[98.355195509,7.891982351000024],[98.35561387899997,7.89200753900019],[98.35633377400012,7.892020916000149],[98.3566660080001,7.892039835],[98.35683822500005,7.892083046000096],[98.35699807500015,7.892169177000028],[98.357108621,7.892304323000019],[98.35712414200015,7.892354882000063],[98.35715760099998,7.892463914000189],[98.357203976,7.892907236000099],[98.35723533200013,7.893206999000142],[98.35736552600008,7.8938816000001],[98.3576880820001,7.894204204000118],[98.35846448600006,7.894809339000176],[98.35876687900009,7.895111773000167],[98.35902858300011,7.895615464000173],[98.3592359380001,7.895953330000054],[98.35934686700011,7.896072089000029],[98.35958839500006,7.896253005000062],[98.35988342400003,7.896462050000082],[98.36007398200019,7.896585043000016],[98.3607924420001,7.896901964000051],[98.36144806100009,7.897091403],[98.36193716500003,7.897125404000064],[98.36235018800005,7.897069890000068],[98.36244339000012,7.897073293000119],[98.36245635900019,7.897077015000036],[98.36296757100001,7.89714694900016],[98.36314455700011,7.897285842000031],[98.363373163,7.897536256000137],[98.36344768000004,7.897632526999985],[98.36350376100017,7.897704973000145],[98.36359895600015,7.897846461000142],[98.36370223800014,7.898047759000065],[98.36380817100013,7.898300698000128],[98.36389403800007,7.898515687999975],[98.36389507100006,7.898518280000189],[98.36389902000008,7.898544147000109],[98.36389552800017,7.898565883000117],[98.36388404900003,7.898594369000023],[98.36383214900019,7.898662242000057],[98.3638130130002,7.898697546000108],[98.36380750100005,7.898738308000134],[98.36381581400013,7.898817627000028],[98.36384511500017,7.899097156000153],[98.36385051200017,7.899132498000029],[98.36385642300002,7.899139145000163],[98.36387228300009,7.899156992000087],[98.36391588600009,7.899165212000071],[98.36399317400009,7.899163979000093],[98.36434751100018,7.899129484000127],[98.36456188000005,7.89910193999998],[98.36513514300015,7.898986666000042],[98.36516309400008,7.898991360000082],[98.36519811800014,7.899013258000139],[98.36520281600014,7.899020865000125],[98.36524674400005,7.899130850000063],[98.36569799600011,7.900500846000114],[98.36586780200008,7.900426428000173],[98.36605941200014,7.9003237],[98.36612369500006,7.900288642000135],[98.36639898700008,7.900187832000142],[98.36651756200007,7.900136045000011],[98.36677041200016,7.900073561],[98.3668534040001,7.900070238000183],[98.36694698500014,7.900081683000167],[98.36701510300009,7.900096918000088],[98.36719518500007,7.900166443000046],[98.36736185100017,7.900239867000096],[98.3675098990002,7.900299786000176],[98.3675658840001,7.900326933000031],[98.3676431090002,7.900374269],[98.36770011900012,7.900408770000126],[98.36780438200009,7.900510977000124],[98.36780788600004,7.900515711000025],[98.36786418100019,7.900588606000099],[98.3680895510002,7.900890233999974],[98.36823934400002,7.901138092000053],[98.36793933700017,7.903295537000133],[98.36787319400014,7.904193218000103],[98.36787461400007,7.90438401300014],[98.36787857000002,7.904916623000133],[98.36789370100013,7.905704415000173],[98.36791233200017,7.906674542000019],[98.36795125900011,7.908034296000096],[98.36756589900017,7.90804461100015],[98.36740738500004,7.908047094000096],[98.3669391520001,7.907973970000057],[98.36690006000009,7.90797055000013],[98.3665303350001,7.907907742000134],[98.36653030800005,7.907907738000119],[98.36627957900015,7.907865139000023],[98.36623983300007,7.907858385],[98.36610269800019,7.907798317000015],[98.36596568100015,7.907661288000156],[98.365648803,7.907361515000105],[98.36543458100005,7.907232918000034],[98.3651536750001,7.907086739000135],[98.36500609400002,7.907009934000087],[98.36418325000017,7.906675186000086],[98.364158933,7.906668892000084],[98.36407235800004,7.906646472000034],[98.36400271800017,7.906628443000045],[98.36391647400012,7.906606111000144],[98.36384922000008,7.906588696000028],[98.36358960300015,7.906533859000035],[98.3634030250002,7.906493220000129],[98.36327935800017,7.906486303000179],[98.36291503200005,7.906512650000138],[98.36260469500002,7.906525632000125],[98.36249227000008,7.906520973000056],[98.36229216100008,7.906507219000162],[98.362042057,7.906481474000032],[98.36186879500008,7.90646929400009],[98.3608932200001,7.906305647000181],[98.360824,7.906295034999971],[98.36016370200014,7.906193818000077],[98.35993810600013,7.906167654],[98.3597778890001,7.906149074000098],[98.35976415900018,7.906213616000116],[98.35976375700017,7.906215497000176],[98.3597490210002,7.906374129000142],[98.35974922900004,7.906374142000061],[98.35901031000009,7.914535018000095],[98.35892749000016,7.915066292000176],[98.3589409710001,7.915906222000046],[98.35916341000012,7.916799169000114],[98.35939728200015,7.917463090000069],[98.36010029300013,7.918557095999972],[98.3609738130001,7.919413585000086],[98.3631025590002,7.92148300600013],[98.36355423700007,7.922067625000125],[98.36395283500019,7.922545999000079],[98.36424500600015,7.922984391000114],[98.36441741900012,7.923396059000083],[98.36449659300007,7.923847401000103],[98.36452228000013,7.924457912999969],[98.36452132400007,7.925081654000167],[98.36454709000009,7.925639086000103],[98.3645730560001,7.926063798000087],[98.36457218100009,7.926634458000024],[98.36457152900005,7.927059135000093],[98.36462416500012,7.92745735200009],[98.36484941800006,7.928134523999972],[98.36500828000004,7.928705425999965],[98.36512718400013,7.929289537000102],[98.36527269300018,7.929886964000048],[98.3653784060001,7.930391427000131],[98.3654310610001,7.930776372000082],[98.36549684900007,7.931280774000072],[98.3655159070002,7.931871369000021],[98.36576286900004,7.932862662000048],[98.36597454800005,7.933712337000088],[98.36633222300009,7.935404044],[98.36584634300004,7.935572372000081],[98.36548500900017,7.935650875000078],[98.36456550700007,7.935409482000125],[98.36236907400018,7.934335502000067],[98.36122935399999,7.933514059000061],[98.36049247000017,7.932609596000077],[98.35975620900007,7.931303647000107],[98.35962704000013,7.931195987000081],[98.35932969500016,7.931135705000088],[98.35903497300006,7.931135252000104],[98.35874034500006,7.931208202000107],[98.3584661910001,7.931387594000057],[98.35570837700016,7.933923761000187],[98.35513668700014,7.93469238900019],[98.35491730600017,7.935495010000068],[98.35477628700016,7.937463870000101],[98.35454382900008,7.938271351000026],[98.35424023500019,7.939274584000145],[98.35385046500011,7.941733054000167],[98.35355098200012,7.942444475000173],[98.35278649000008,7.943246588000022],[98.35253074600007,7.943404292000082],[98.35223976900005,7.943553161000068],[98.3519400290001,7.943675659000064],[98.35033361600017,7.944068374000153],[98.35030550000016,7.944213364000063],[98.35028658300013,7.944596661000048],[98.35035893200012,7.945162644000106],[98.35050431700017,7.945856519000017],[98.35065469900019,7.946194306000166],[98.35086947900004,7.946514223000065],[98.35132639400007,7.947044299000083],[98.35176511100002,7.947501330000136],[98.35215358100004,7.947863931000029],[98.35231360800003,7.948013292000041],[98.35286201200012,7.948580016000051],[98.353428817,7.949092003000032],[98.35403224400011,7.949604049000129],[98.35454434700011,7.949969924000129],[98.35507461700013,7.95042709300003],[98.35556830200005,7.950865951000083],[98.35597021100017,7.951450696000052],[98.35615214200004,7.952199384000039],[98.3562975430001,7.952893258000074],[98.3563696440001,7.953623522999976],[98.35640558000006,7.954061670000101],[98.35644137600013,7.954591089000132],[98.35642221500007,7.955138672000032],[98.35636657000003,7.955594936000125],[98.35623754300008,7.956142348000128],[98.35609018200006,7.956707990000041],[98.3558881130001,7.957127511000181],[98.3557958200002,7.95760196800012],[98.35557507500016,7.958258766000085],[98.35548246400003,7.958934014000022],[98.35548193300008,7.95927389600007],[98.35548146600013,7.959572894000075],[98.3555537650002,7.960175385000127],[98.35582480100004,7.96044923900007],[98.35665013500011,7.960816740000155],[98.35703025700013,7.961041175000162],[98.35740397300015,7.961371306000046],[98.357727872,7.96165161700003],[98.35808288400011,7.961981718000118],[98.35823934000007,7.962141290000147],[98.35842147400001,7.962337437000144],[98.35852886000004,7.962472843000171],[98.35861282300016,7.962622201000045],[98.3586687940001,7.962729546000162],[98.35874818800005,7.962813610000183],[98.3588556420001,7.962902386000053],[98.35898647100015,7.963000521000083],[98.35908461400004,7.963061295000159],[98.35920616800013,7.963108120000015],[98.35930904700018,7.963131591000092],[98.35942596600017,7.963150427000073],[98.35961781600008,7.963113420000127],[98.35978160000013,7.963076361000162],[98.35990325600005,7.963057896000123],[98.36007634300012,7.963053499000068],[98.36027282800012,7.963049137000041],[98.36051140400014,7.963044842000158],[98.36073131300009,7.963017198000159],[98.36084834000013,7.962966085000119],[98.36096538800018,7.962900972000114],[98.36113393100004,7.962812628000108],[98.36126499400012,7.962761533000048],[98.36141010500012,7.962701130000141],[98.36146322500008,7.96267049000005],[98.36155525100008,7.9626174120001],[98.36165826800016,7.96254762],[98.36178001600013,7.962468531000127],[98.36189235200015,7.96242673100005],[98.36203741200006,7.962398977000078],[98.36218244600019,7.962385208000114],[98.36232275600008,7.962404079000123],[98.36242558400005,7.962460196000052],[98.36261249800003,7.962591060000079],[98.3628414850001,7.962740645999986],[98.36303317200003,7.962810889000025],[98.36328566700007,7.962885892000145],[98.36345871200007,7.962909474000128],[98.36362712700009,7.962905064000097],[98.36375814000019,7.962881951000043],[98.3639032230002,7.962840202000052],[98.36405302100013,7.962770482000167],[98.36417008300003,7.962700710000092],[98.36434803600014,7.962575070000184],[98.36445574500004,7.962495956],[98.36456346000017,7.962416839000127],[98.36468048699999,7.962365720999969],[98.36481148500019,7.962356595000131],[98.36490505,7.962352076],[98.36500322000018,7.962394193000023],[98.3650592420002,7.962468898999987],[98.36508724200019,7.962510909000116],[98.36516187700005,7.96265092900012],[98.3653857,7.963117619],[98.36553484600012,7.963472266000167],[98.36560479000019,7.963616941000112],[98.36570747200017,7.963770989000068],[98.3657775170002,7.963850379000064],[98.36588969500008,7.963911174000032],[98.36597382500008,7.963957939000124],[98.36612815100005,7.963990815000159],[98.36623568000016,7.964028288000122],[98.3663947770001,7.964000551000083],[98.36656790600011,7.963972832000024],[98.36671760300015,7.963968397000087],[98.3668813290002,7.963968647000115],[98.367035709,7.963964224000165],[98.36714331700006,7.963955062000139],[98.36724622600013,7.963959881999983],[98.36732571100003,7.963983317000043],[98.36741923600005,7.964006777000066],[98.36749402300012,7.964044202000025],[98.36753599900004,7.964128207000158],[98.36755451700014,7.96425414800018],[98.36755903000005,7.964361415999974],[98.3675307600002,7.964491945000077],[98.36753056700013,7.964617859000157],[98.367521011,7.964748422000071],[98.36751144800002,7.964883648000068],[98.36751121900011,7.965032876000123],[98.36751118800004,7.965052970000045],[98.36751106200018,7.9651354720001],[98.36751087600015,7.965256723000095],[98.36752010200001,7.965340677000086],[98.36753403800014,7.965405989000033],[98.36760404000006,7.965513356000088],[98.36770684600003,7.965588128000093],[98.36780503400018,7.965616259000171],[98.3679500240001,7.965635129000134],[98.36814179900006,7.965649418000169],[98.36831951400012,7.965682329000117],[98.36856035700004,7.965727001000118],[98.3688035450001,7.965770894000116],[98.36900927000016,7.965839607000021],[98.36924611800004,7.965951892000135],[98.36958887600014,7.966145167000036],[98.36981317400006,7.966300954000076],[98.37011238300005,7.966419551],[98.37029934300006,7.966525539000088],[98.37061108799998,7.966600632000166],[98.37093531400018,7.96667573700006],[98.371284463,7.966769534000093],[98.37160867900019,7.966850859000033],[98.37195765500013,7.967056580000076],[98.37218192900019,7.967231020000099],[98.37233130400006,7.96744265600006],[98.37251715500003,7.967767048000042],[98.37266648400004,7.968005112000014],[98.37276443100006,7.968196461000161],[98.37286227900017,7.968453095000086],[98.37298350200018,7.968719100000158],[98.37309067800015,7.968994402000021],[98.37320718100011,7.969288381000069],[98.37327246500018,7.969423716000165],[98.37332841900019,7.969545053000161],[98.37341247400013,7.969643111000096],[98.37353861200012,7.969750562000058],[98.37373024500005,7.969862774999967],[98.37406210900014,7.970045149000157],[98.37453884400009,7.97032101700006],[98.37476793400003,7.970409967000137],[98.37491753400013,7.970470815000056],[98.37502506700008,7.970512950000057],[98.37514184700012,7.970625048999977],[98.37522588100018,7.970737098000143],[98.37533329899998,7.970853848],[98.37537991800002,7.970961178000039],[98.37542183200014,7.97108715000013],[98.37550082700017,7.971437029000015],[98.37558473400009,7.971633021000116],[98.37562671900014,7.971707700000138],[98.37563124100012,7.971810301],[98.37557955900013,7.971959458000185],[98.37553255600005,7.972108618999982],[98.37549490500004,7.972257789000082],[98.375494629,7.972439663000046],[98.37549898900005,7.972649531000172],[98.3755126050001,7.972924692000106],[98.37552646400007,7.973041295000087],[98.37560103400006,7.973223287000053],[98.3756844890001,7.973430787000154],[98.37573697900018,7.973520054000176],[98.37581050200015,7.973622470000123],[98.37584197500018,7.973690723000175],[98.37589963500017,7.973842958999967],[98.37593372000003,7.973924328000066],[98.37596785599999,7.973974216000101],[98.37601249500005,7.974034620000111],[98.37605979200015,7.974081906000094],[98.37613076100007,7.974131856000156],[98.37624159000012,7.974198667999985],[98.37630516800004,7.974247454000135],[98.37636134700017,7.974288852000029],[98.3764071700001,7.974331715000119],[98.37644558100004,7.974378994000176],[98.37646476300017,7.974421809000091],[98.376492789,7.974485302000119],[98.37651199900017,7.974504508000109],[98.37653419100008,7.974511924000183],[98.3765859990001,7.974510526000074],[98.37678140500009,7.974494586000162],[98.37716038400009,7.974461219000148],[98.37750679200013,7.974427804000129],[98.37755711700015,7.974426404000042],[98.3775911410001,7.974438257000031],[98.37763698700019,7.974466362000157],[98.37770793300018,7.97453286700005],[98.37783647500015,7.97468652200007],[98.37800935900009,7.974884502000066],[98.37832115100014,7.975234680000085],[98.37862701700004,7.975584840000124],[98.37872184400015,7.975521533000119],[98.3788374240001,7.975439074000121],[98.37893525300012,7.975343312000064],[98.37904049500014,7.975246084000162],[98.37911608899998,7.975178318000076],[98.37921389000019,7.975104690000023],[98.37929536800016,7.975057591000109],[98.3793812900002,7.975009032000116],[98.37944794200018,7.974979619000067],[98.37952052500009,7.974942841000029],[98.37960346400007,7.974910504000093],[98.37975746100011,7.97487237100006],[98.37987295300007,7.974847453000109],[98.37998399800011,7.974826967000013],[98.38008172600007,7.974802027000123],[98.38016910600015,7.974769695000077],[98.38026093600013,7.974731469000119],[98.38035274700019,7.974703571000134],[98.38043122,7.974685981000107]]],[[[98.31436551000007,7.478515377000122],[98.31425082900012,7.478502191000132],[98.3141701080001,7.478512811000087],[98.31407672199998,7.478649496000116],[98.31401757800006,7.478798080000161],[98.31402525900012,7.479131604000031],[98.31409005600005,7.479523504000156],[98.31413199100007,7.479891576000057],[98.31418490400006,7.480283421000081],[98.31425035000018,7.480617076000044],[98.3143268570002,7.480974501000048],[98.31440462200015,7.481217140000126],[98.31445816400014,7.481562635000046],[98.3143182500001,7.481756337000093],[98.31422487999998,7.481881118],[98.31409762900006,7.481948758999977],[98.31393576900012,7.48202709200018],[98.31368153600016,7.482139176000032],[98.31364565100012,7.482276498000033],[98.31360845100005,7.482517846000121],[98.31365237100016,7.482702200000062],[98.31389803300004,7.483348758000091],[98.31395452100008,7.483452879000083],[98.31425898800018,7.48397400500005],[98.3142692850002,7.484088763000159],[98.3145757740001,7.484437504000141],[98.314837985,7.484635757000092],[98.31495030600018,7.484878455000114],[98.31491343800013,7.485096619000046],[98.3148646570001,7.485337399000059],[98.31482743700019,7.485589461000131],[98.31488198500011,7.485843369000179],[98.31506344100018,7.486075430000142],[98.31522398700014,7.486099989000081],[98.31565837800014,7.486323992000052],[98.31613829400004,7.486582525000074],[98.31650459300005,7.486713098000109],[98.31679076900014,7.486808534000033],[98.3168472540001,7.486912618000133],[98.31689115600017,7.487085712000066],[98.31688849800014,7.487338378000175],[98.31692176500013,7.487453765000055],[98.31701155800016,7.487626888000079],[98.31729635800014,7.487860255000101],[98.31759287800014,7.488059153000052],[98.31772818600012,7.488301884000123],[98.31772781400014,7.48834823500016],[98.31768998500007,7.488634790000162],[98.31767702399998,7.488784002000045],[98.31773093900011,7.489083736000168],[98.31786555900004,7.489384123000036],[98.31797853600006,7.489569171000085],[98.31818168100011,7.489893409999979],[98.31822525500013,7.490112253000063],[98.31824456200007,7.490445832000034],[98.31818440000006,7.490697859000022],[98.31821698500016,7.490870342],[98.31837523000002,7.491090505000045],[98.31867208700015,7.491266763000056],[98.31878573700016,7.491371530000094],[98.31884190700004,7.491510103999985],[98.31881703400018,7.491658786000073],[98.31881566400006,7.491796718000103],[98.31900780800015,7.492086442000073],[98.31921294800009,7.492226402000142],[98.31927975899998,7.492422677000093],[98.31928942500008,7.492583817000138],[98.31931002100004,7.492802073000064],[98.31940011000012,7.49297575200012],[98.31938685100016,7.49312496400006],[98.31932672300013,7.493377025000029],[98.31931048900003,7.493790802999968],[98.31928522700008,7.493997128999979],[98.31935206100013,7.49420471000002],[98.3196372430001,7.494391693000125],[98.32015410400015,7.494409461000032],[98.32046389100009,7.494435948000159],[98.32098879500018,7.494752198000015],[98.32122582400018,7.495134166000184],[98.3213385040001,7.495341812000163],[98.32164633200017,7.495552579000105],[98.3220345900001,7.495752175000064],[98.32246905700009,7.49592923299997],[98.32284702000004,7.496037217000037],[98.3230840920001,7.496396000000175],[98.3232416730001,7.496685114000115],[98.3233653640001,7.496927828000082],[98.32361532800019,7.497183184000107],[98.32371708600004,7.49732242400006],[98.32379556000018,7.497495529999981],[98.32390792500013,7.497715033000134],[98.32413533700014,7.497912703000168],[98.32431781800005,7.498041325000145],[98.32443220800008,7.498077107000086],[98.3245472120002,7.498055204000138],[98.32465090900013,7.498022014000014],[98.3247791930001,7.497862793000081],[98.32473563200011,7.497632650000128],[98.3247741150002,7.497276551000084],[98.32474484599999,7.496805576000099],[98.32464640800004,7.496367869000039],[98.32444559400011,7.495825422],[98.32422012100005,7.495455360000108],[98.3239135990001,7.495141673000035],[98.32365165500005,7.494932096000184],[98.32326502100005,7.494594014000086],[98.3227514530002,7.494289642000126],[98.32206699400012,7.493856673000096],[98.32146198200019,7.493516552000131],[98.32132669000015,7.49328512600016],[98.32120265400005,7.493076892000147],[98.3208729160001,7.492774516000168],[98.32045175200005,7.492425043000139],[98.320089429,7.491926435999972],[98.3199464020002,7.491373325000154],[98.32000818200015,7.490983367000013],[98.32008327800014,7.49040966299998],[98.31991734100018,7.48983332500012],[98.31963674200011,7.489232511000125],[98.31929764500006,7.488745830000084],[98.31897055200011,7.488178844000061],[98.31859788800017,7.487599961000058],[98.31841773600019,7.487264429000163],[98.31845626500007,7.486885732000189],[98.31835913900005,7.486321395000118],[98.3181453730001,7.485904970000036],[98.31786217000001,7.485545556000147],[98.3174988610001,7.485139082999979],[98.31697505900007,7.484696204000045],[98.31657552800016,7.484449651000148],[98.31615402000011,7.484134674000131],[98.3158479550001,7.483728279000161],[98.31567137100006,7.483082987000046],[98.31558621600004,7.482460980000042],[98.3156044710002,7.481852174000096],[98.31554159200005,7.481299753000144],[98.31543152000017,7.480873325],[98.31530885100005,7.480526583000085],[98.31507156100014,7.480155938000053],[98.31487944200018,7.479854879000129],[98.31469959500009,7.479496187000109],[98.3146221450001,7.479219600000079],[98.31456955800007,7.478781969000181],[98.31449113600019,7.478585672000179],[98.31436551000007,7.478515377000122]]],[[[98.33332174500009,7.523576762000062],[98.33338284400008,7.523244410000075],[98.33356839100009,7.523050776000048],[98.33376488099998,7.522914846000162],[98.33409865300007,7.522826585000075],[98.33450063100014,7.52278481400009],[98.3347323660002,7.522591838000096],[98.33478251900016,7.522201819000088],[98.33450246799998,7.521578970000121],[98.33412136900017,7.520759822000059],[98.33395668100007,7.520103764000112],[98.33391573400013,7.519644109000183],[98.33394358500004,7.519196406000162],[98.33398339300015,7.518726091000076],[98.33393081000014,7.51830091100004],[98.33378747900008,7.517759662000117],[98.33381667800012,7.51718592300017],[98.33376473200008,7.516703011],[98.33368982899998,7.516208253000116],[98.333409782,7.515608596000163],[98.33320926800013,7.515055405000112],[98.33304356700017,7.514479634000168],[98.33271638600019,7.513970930000028],[98.33238880500016,7.513507982000078],[98.33209749100007,7.512873252000134],[98.33212796800018,7.512196002000053],[98.33203050600014,7.511666719000061],[98.33168033300018,7.511169283000072],[98.33133853600003,7.510947684000143],[98.33099506300016,7.510875402000011],[98.33065231000012,7.51072223500006],[98.33022237300014,7.510166436000191],[98.32988448900011,7.509600023000132],[98.32941936300017,7.509089963000179],[98.3289169740001,7.508843262000084],[98.32841530600012,7.508539474000031],[98.3281329670001,7.508134276000078],[98.32788754900008,7.507476982000014],[98.32771992200014,7.507073077000086],[98.32746062000018,7.50663401200012],[98.32721154500007,7.506332305000115],[98.32685916500009,7.505995398000039],[98.32694289000017,7.505698169000027],[98.3271396630002,7.505562204000057],[98.32725631300008,7.505391104000125],[98.3273171130001,7.505081946000132],[98.32712528900004,7.504769586],[98.32718571100008,7.504517558000146],[98.32745136700004,7.50434780300003],[98.32778512700014,7.504282732000092],[98.32811822600007,7.504263455000171],[98.3283143390002,7.504173873000013],[98.32842006900006,7.503956376000076],[98.32819422400013,7.503632666000101],[98.32799044000012,7.50337741300001],[98.32790231300004,7.503031830000111],[98.3279970110001,7.502769108000052],[98.32816217200013,7.502380419000133],[98.32800558300005,7.501999727000111],[98.32760759899998,7.501650293000125],[98.32725452000017,7.501405528000021],[98.32686658100016,7.501171484000054],[98.32639779700008,7.501016976000017],[98.3261125410001,7.500852600000144],[98.325806655,7.500481857000068],[98.32551276600014,7.50006530800016],[98.32528603500009,7.499786831000108],[98.32503633100004,7.499531473000161],[98.3247960010001,7.499459896000189],[98.32463479700004,7.499492401000111],[98.32459855800016,7.499664216000042],[98.32472059000014,7.500044867000156],[98.32498894200012,7.500679591000107],[98.32508867700011,7.501025157000072],[98.32500429000015,7.501391926000167],[98.32506850800013,7.501806382000154],[98.32502063400011,7.501989483000102],[98.3244735720001,7.502649527000017],[98.3240102530001,7.503001010000048],[98.32350263299998,7.503213330000051],[98.32316890100009,7.503278991000059],[98.32265008100018,7.503433645000086],[98.3225078430001,7.503834230999985],[98.3223662210001,7.504189052000129],[98.32202087800005,7.504254097000114],[98.32159670500005,7.504180533000067],[98.32130724000018,7.504384155000025],[98.32130393100016,7.504671311000152],[98.32136912600015,7.505005521000101],[98.3213884000001,7.505361743000094],[98.32111926300013,7.505784174000155],[98.3208184200002,7.505999112000154],[98.32075892500018,7.506182193000086],[98.32083576400004,7.50649323],[98.32105056000006,7.506806183000037],[98.32104756800015,7.507081487999983],[98.32092795000005,7.507517152000162],[98.32087978000015,7.507700251000131],[98.3210489700001,7.508000720000041],[98.3212660490002,7.508106756000075],[98.32142301400012,7.508441666000124],[98.32147656500007,7.508786599000132],[98.32151913000013,7.509108924999964],[98.32173523500012,7.509295240000029],[98.32194197600012,7.5092972650001],[98.32235582400006,7.509278673000154],[98.32296480800017,7.509250785000177],[98.32322971400004,7.509184473000175],[98.32354087400006,7.509096216999978],[98.3238283930001,7.509053127000129],[98.32402252700018,7.509158565000178],[98.3241458810001,7.509435777000022],[98.32417621000002,7.509791946000064],[98.32423976700005,7.510275420000141],[98.32427034400018,7.510643479000123],[98.32426709700019,7.510918786000047],[98.32412647000018,7.511182031000089],[98.3239858890002,7.511421520000113],[98.32399486500003,7.511662908000176],[98.32416247100008,7.51207811800009],[98.32422932300005,7.512251203000062],[98.32445470800019,7.512655756000072],[98.324567759,7.512817612000163],[98.32478519800014,7.512889195000128],[98.32488859199998,7.512867311000093],[98.325073422,7.512777117000098],[98.32530443100006,7.512664439000162],[98.32552249000003,7.512667036000096],[98.32582068600004,7.512704795000161],[98.32598064300004,7.512763839000058],[98.3262555440001,7.512835469000095],[98.3267578990002,7.513081612000121],[98.32698268600006,7.51352066000004],[98.32735804500015,7.513834972000097],[98.32767524100007,7.514217063000046],[98.327888072,7.514701846999969],[98.32850085300004,7.515351217999978],[98.32870237600008,7.515801527],[98.32893781900009,7.51630902200003],[98.32914932100005,7.516908578000084],[98.32920059800011,7.517460390000053],[98.3292285670002,7.51805800000011],[98.32922204300019,7.518631809999988],[98.32901124500012,7.519020434000026],[98.32876892900015,7.519121241999983],[98.32852787900009,7.519141808000086],[98.32806809000016,7.519194791000132],[98.32799663800012,7.51942364100006],[98.32810870400016,7.519677635000107],[98.32863107500015,7.520187830000111],[98.3289945140001,7.520536020000179],[98.329440352,7.520701793000114],[98.33001119599999,7.520983084000022],[98.33031910300019,7.521158206000109],[98.33057749400012,7.521666287000187],[98.33083654299998,7.522105382000177],[98.33121096200017,7.522488080000016],[98.33135795400005,7.522695823000106],[98.3312748840001,7.52292461899998],[98.3311671840001,7.523337144000095],[98.3314518160002,7.52353546400019],[98.3316363420002,7.523456600000031],[98.33208518000004,7.523334583000178],[98.33226804200007,7.52339425200006],[98.33251811500003,7.523614515000077],[98.3327119710001,7.523719960000165],[98.33306703500017,7.523792301000015],[98.33318241500012,7.523724638000033],[98.33332174500009,7.523576762000062]]],[[[98.37825941200009,7.610604776000116],[98.37836447000007,7.610444904000076],[98.37849307800008,7.610251215000119],[98.37848338400016,7.610101370000052],[98.37842783000013,7.609917006999979],[98.37826891000014,7.609731345000057],[98.37801851200004,7.60951051],[98.37783494500002,7.609497244000181],[98.3775942100001,7.609448845000145],[98.37734216500013,7.609389124000074],[98.37709079100011,7.60924853500012],[98.37683904300007,7.609165663000169],[98.37671400900018,7.60903829],[98.37666977800018,7.60886521000009],[98.3767405750001,7.608693470999981],[98.37682294800004,7.608533580000028],[98.37704502900004,7.608179445000133],[98.37715101300012,7.607938773000114],[98.37726897100009,7.607664179000096],[98.37709971400005,7.607386923000092],[98.37688322300016,7.607212516000118],[98.3765520460002,7.607024899000123],[98.37601566000006,7.606697954000026],[98.37581077600015,7.606534826000029],[98.37567509900003,7.606326599000113],[98.37567771400018,7.606085780000171],[98.37582928699999,7.605880183000124],[98.37605064400009,7.605618196000023],[98.37634084800015,7.605345001000046],[98.37651961800003,7.604748838000035],[98.37673263300013,7.604187768000145],[98.37707230100017,7.603605397000024],[98.37708686600007,7.603318247000061],[98.37706752100013,7.602984664000076],[98.3769201570002,7.602822207000031],[98.37666879800008,7.602670317000104],[98.37642806800005,7.602621954000085],[98.37619897300004,7.602562239],[98.37615571000009,7.602308938000135],[98.37621518200007,7.60213715600014],[98.37617157199998,7.601918313000056],[98.37609370300004,7.601687530000049],[98.37590084000016,7.601456031000168],[98.37559326100018,7.601211399000022],[98.37523907400009,7.601046904000157],[98.37486138000014,7.600905608000176],[98.3745993670002,7.600684197000078],[98.37445298600011,7.600430120000112],[98.37417898800015,7.600278231000061],[98.37358285700014,7.600134358000162],[98.37265677300007,7.599734448000106],[98.372282,7.599327994000021],[98.37198706000015,7.598969152],[98.3717030360001,7.598690610000062],[98.37147592500003,7.598446604000117],[98.37108951500005,7.598052031000066],[98.37064391800004,7.597829196000021],[98.37027815600015,7.597664716999986],[98.37002776300011,7.597443913],[98.36993895300009,7.597156025000174],[98.36976030900001,7.596671273000027],[98.36955971700013,7.596117538000158],[98.36937075700013,7.59552928100004],[98.3691330010002,7.595205569000086],[98.36880407000007,7.594834267000124],[98.36840503700017,7.594543110000075],[98.36789395700015,7.593986068],[98.36756729800004,7.593408401999966],[98.36747882400016,7.593097354000179],[98.36733378800005,7.59269348800018],[98.36730377900017,7.592290946000105],[98.3671826440002,7.591818682999985],[98.36704796300012,7.591518308000104],[98.36675102700008,7.591365790999987],[98.36638269600007,7.591408237000167],[98.36611867699997,7.591394288000117],[98.36596909600013,7.591404255000157],[98.36586700800007,7.59128817800007],[98.36571034200006,7.59091878900017],[98.36547254600009,7.590594524000039],[98.36505058900008,7.590314623999973],[98.36461602600008,7.590126305000126],[98.3641158800001,7.58963885300011],[98.36368619300015,7.589014088],[98.36321903600015,7.588641394000092],[98.36264679800007,7.58845175600004],[98.3614958390001,7.588612899000111],[98.36086219300012,7.588767422000046],[98.36050481300003,7.588890124000045],[98.36012740100006,7.588725625000052],[98.35963402000016,7.588663283000017],[98.35895674500017,7.588622166000107],[98.35857642400009,7.588710337],[98.35803519500013,7.588819798000088],[98.35761897900016,7.589057190000062],[98.35733072000005,7.589169244000061],[98.35692778900017,7.589234223],[98.35659402800019,7.589276710000092],[98.35616776800009,7.589398746000029],[98.35584368700017,7.589602931000172],[98.35539159300009,7.589965747000178],[98.355065824,7.590330462000054],[98.35486736400014,7.590627523000023],[98.35466664000006,7.591119653000078],[98.35461718000005,7.591418084000168],[98.35452344900017,7.591577922000056],[98.35443037800002,7.591691970000056],[98.35427877600011,7.591908820000072],[98.35426516400003,7.59210386400008],[98.35438921700012,7.592300776000172],[98.35461762200009,7.592440758000066],[98.35483415200002,7.592580683000165],[98.3550376300002,7.592904943000178],[98.35514812000008,7.593285013000184],[98.35505238800016,7.593640428000185],[98.35492115000017,7.594076120000182],[98.35482575900016,7.594397082000057],[98.35472878000002,7.594844126000112],[98.35480299400012,7.595419721000042],[98.35484492500012,7.595787790000031],[98.35481839500005,7.596097562000068],[98.35464389200013,7.596291222000104],[98.3543992540001,7.596599511000136],[98.35415362100014,7.596998833000157],[98.35404426400004,7.597549889999982],[98.35408559000012,7.597975648000045],[98.35394534800002,7.598169322999979],[98.353840929,7.598272091000183],[98.35360792900013,7.598545356000102],[98.3533419630001,7.598715122000158],[98.35322563200003,7.598840433000134],[98.35320003800018,7.599093108000147],[98.35335833300007,7.599312680000025],[98.353732482,7.599753640000074],[98.353898771,7.60031807200005],[98.35398369500012,7.600939478000157],[98.35427731200014,7.601425564000067],[98.35444498700008,7.601829427000155],[98.35448627500011,7.602255177000018],[98.35438890200015,7.602759870000114],[98.35424734000014,7.603091507000102],[98.35419818200018,7.603389948000029],[98.35441399300004,7.603610746000186],[98.35488183299998,7.603902574000188],[98.35520238500004,7.604009344000133],[98.3555711050002,7.603909263000105],[98.35585702000014,7.604038582000044],[98.35608251300005,7.604443127000025],[98.35651479200004,7.604826488000072],[98.35697003500013,7.605221775000189],[98.35758554800015,7.605664756000124],[98.35790344000014,7.606012898000188],[98.358148584,7.606716530000142],[98.35846195900012,7.607454756000095],[98.35871037100003,7.60785988900011],[98.35899434100008,7.608172933000105],[98.35929031400013,7.608405744000095],[98.35964706800019,7.608363294000128],[98.3599236930001,7.608273816000178],[98.3602248950001,7.608058858000163],[98.3606075140001,7.607751914000175],[98.3610809560002,7.607527019000145],[98.36163285800018,7.607497898000133],[98.36255184200019,7.607530324000152],[98.3633544870001,7.607664362000037],[98.36389311700003,7.607796276000101],[98.36423824100018,7.607765138000048],[98.36507905600001,7.607566819000056],[98.36626564500006,7.607302844000117],[98.36692129100015,7.607228622000036],[98.36757596600006,7.607257811000068],[98.36799993300002,7.607342676000087],[98.3683091110002,7.60746071900013],[98.36854757200013,7.607716045000132],[98.36860018400006,7.608153122000147],[98.36849189800017,7.608588810000128],[98.36842948200012,7.609047760000124],[98.3682174490001,7.609505937999984],[98.36790558300004,7.609675093000021],[98.36750195500002,7.609797181000033],[98.3670302020002,7.609861512000123],[98.36646532200018,7.610028594000084],[98.36607265800018,7.61022023400011],[98.36581771900012,7.610412628000063],[98.36576984200019,7.610596280000152],[98.36559498200012,7.610824437000133],[98.36535166700014,7.610994216000051],[98.3650634010001,7.611095010000042],[98.3647512340001,7.611264127000084],[98.3644949610001,7.611583751000069],[98.36445644400004,7.611939293000148],[98.36436271200012,7.612122284000122],[98.36409706700005,7.612246270000071],[98.36373966700017,7.612346413000068],[98.36346242000002,7.61248109200011],[98.3632177230001,7.612800720000109],[98.3631207570001,7.613236468000082],[98.36308287500015,7.613569375000054],[98.36287411800004,7.613739790000182],[98.3625849020001,7.613909533000083],[98.36233054900009,7.614056128000072],[98.362212576,7.61433071600004],[98.36230106800002,7.614653656000144],[98.36263128600018,7.614909675999968],[98.36301934100004,7.615155032000018],[98.3634309740001,7.615342736000116],[98.36400197400008,7.615647154000101],[98.36449342200007,7.615905106000127],[98.36503302400013,7.615944910000053],[98.36596503200013,7.615816267000127],[98.36699230200009,7.615401112000143],[98.3676968200001,7.615074813999968],[98.36810730200011,7.61430882000019],[98.36831224500014,7.613437390000058],[98.36832142800006,7.612598452999976],[98.36837479700017,7.611932574000036],[98.36858751000005,7.611382804000016],[98.36894848800011,7.610972339999989],[98.36902356000007,7.610398671000041],[98.3694164900001,7.610195687000157],[98.36977420500011,7.610061094000116],[98.37022015700006,7.610249431000113],[98.37069996400004,7.610518661000015],[98.37093972700012,7.610647346000121],[98.3714011450001,7.610491406000165],[98.37169842600008,7.610620735000111],[98.3718683620001,7.610840350000103],[98.3722066700002,7.611407287000191],[98.3722922300002,7.611994240000172],[98.37227500600017,7.612522793000096],[98.37223520500015,7.613004935000049],[98.37266591700012,7.613538109000103],[98.37325587700008,7.614233193000075],[98.37363167000018,7.614536171999987],[98.3741257220002,7.614540848000047],[98.37461785200003,7.614717953000024],[98.3749664340001,7.615422837000096],[98.37512151900006,7.61593015700015],[98.37519541400007,7.616539688000046],[98.37529069200014,7.617264585000044],[98.37541345100004,7.617599429000052],[98.37555044600009,7.617692919000149],[98.37571071200006,7.617751950000127],[98.37588360700005,7.617696218000162],[98.37599996000017,7.617559038000024],[98.37621165600012,7.617124613000044],[98.3764227050001,7.616724630000078],[98.37665572000009,7.616439496000112],[98.37688811500004,7.616200126000024],[98.37716697100018,7.615926915000045],[98.3774814470001,7.615539532000071],[98.37770608100004,7.614967180000122],[98.37782863000012,7.614266905000022],[98.37796925500015,7.614004240000043],[98.37820290700012,7.613661979000028],[98.37834410700009,7.61336426400004],[98.37838166900013,7.613065808000044],[98.37829281799998,7.612800552000124],[98.37823790500016,7.612570363000145],[98.3783209840002,7.612329663000139],[98.37845088700004,7.612009295000064],[98.3785226620002,7.611756722000052],[98.37844481700006,7.61150334000007],[98.37833241500016,7.611272509000059],[98.37820929300011,7.610984015000156],[98.37825941200009,7.610604776000116]]],[[[98.29643976200015,7.733054045000074],[98.2960761440001,7.732982816000174],[98.29563889800016,7.733139009000013],[98.29548126700018,7.733330534000174],[98.29527110700019,7.733574279000152],[98.29502590500016,7.733870271000114],[98.29485061600013,7.734166379000101],[98.29480546400015,7.734422837000011],[98.29478003400015,7.734567269000081],[98.29467431500018,7.735072711000157],[98.29467417100017,7.735159625000051],[98.29467356200007,7.73552602400008],[98.294690404,7.735909624000044],[98.29476847400008,7.736113779000107],[98.29484575700019,7.736315872999967],[98.29509069700003,7.736956392000138],[98.29537118400003,7.737485138000181],[98.2953869230002,7.737514806000149],[98.29538968800017,7.737518364000096],[98.29563111700014,7.737829041000111],[98.29564226200006,7.737839575000123],[98.2957489600002,7.737940422000179],[98.29594525900018,7.738125954999987],[98.29602235099998,7.738152844000183],[98.2963212300001,7.738257090000104],[98.29634705800015,7.738266099000043],[98.29666157600002,7.738336359000186],[98.29667408500012,7.738338540000086],[98.29734559500008,7.738455606000173],[98.29737223400002,7.73846025000006],[98.29740130200014,7.738465317000021],[98.29757025700019,7.738494772000024],[98.29775910600006,7.738465907000034],[98.2977743470002,7.738463576000129],[98.29817662300007,7.738384015],[98.29859098100007,7.738136962000112],[98.29882048400015,7.737826354000163],[98.2988981760002,7.737470635000136],[98.29908028600016,7.73698266100007],[98.2990810620002,7.736512474000165],[98.29908204700001,7.735915696000177],[98.29897520700007,7.734740048000049],[98.2987222490001,7.734215191000089],[98.29846887500008,7.733943510000074],[98.29805250800018,7.733563060000051],[98.29758142300005,7.733381442000109],[98.29643976200015,7.733054045000074]]],[[[98.37276918700013,7.745917392000138],[98.37387978900017,7.745902969999975],[98.37486132200013,7.746097059000135],[98.37692067600017,7.746678023000072],[98.37697649300009,7.74670104300003],[98.37774104700009,7.747016357000177],[98.37789036800012,7.747123069000111],[98.37807869800002,7.74725765900007],[98.37833249300019,7.747359347000156],[98.3784808480001,7.747418788000175],[98.37893140100016,7.747499715],[98.37944648000007,7.747484412000119],[98.38017098400013,7.747340977000022],[98.38054157800008,7.747068598000169],[98.3808641670002,7.746603499000116],[98.38113825400006,7.746282815000086],[98.38144453600017,7.745962179000173],[98.38186348500011,7.745641706000015],[98.38209993000004,7.745570613000098],[98.38239486500004,7.745481934000168],[98.38282939200019,7.745514673000116],[98.3833120650001,7.7456438050001],[98.38352115600003,7.745745781000039],[98.38368195600003,7.745853041000032],[98.38379939100008,7.745927820000077],[98.38385884100018,7.745965676000026],[98.38414844300019,7.746046365000041],[98.38455082600018,7.746046945999979],[98.38498540000006,7.746047574000045],[98.38512424900011,7.746033449000038],[98.38545223800014,7.746000085000105],[98.3855873670002,7.745982311999967],[98.38575690500005,7.745960013000172],[98.38586008700003,7.745643235999978],[98.38585701000005,7.745470711],[98.38585180900009,7.745279390000064],[98.38581134800017,7.745086993000086],[98.38563261200017,7.744838386000026],[98.385129823,7.744490123000048],[98.38430712300016,7.74400059400017],[98.38384042799998,7.743555974000117],[98.38359637300016,7.743045083000027],[98.38337515400008,7.742134674000113],[98.38322066600006,7.741246559000103],[98.38299864100009,7.740891082000076],[98.38228744700001,7.740246330000048],[98.38130972200003,7.739246036000054],[98.38064294300005,7.738667937000059],[98.37982006500016,7.738311586000179],[98.37881870100006,7.738265733],[98.37877020100018,7.738267931],[98.37873342500012,7.738290217000099],[98.3786883350001,7.738289647000045],[98.37860379200015,7.738288577000105],[98.37847394200008,7.738303801000143],[98.37825398700005,7.73831226700014],[98.37808454400016,7.738338235000128],[98.37777704700005,7.738361186000191],[98.37757053400009,7.738382308000155],[98.37752806900005,7.738394958000129],[98.37748811200004,7.738418188000082],[98.37746662800004,7.738444290000132],[98.37745310800017,7.738467855000067],[98.3774181030002,7.738517521000063],[98.37738872100005,7.738540884000145],[98.37734889700016,7.738553569000032],[98.37731978400012,7.738555837000035],[98.37728554900008,7.738544855000043],[98.37721701300006,7.738528164000172],[98.3771746810001,7.738530264000133],[98.3771241820001,7.738550724000049],[98.37708941100016,7.738581932000159],[98.37707853600006,7.738605530000143],[98.37707545400019,7.738639775000081],[98.37709486500012,7.738777165000045],[98.37707281100006,7.738848092000126],[98.37705410300009,7.73886367800003],[98.37703021000016,7.738871288000098],[98.37699848400018,7.738870887000189],[98.37695354100015,7.738870316000032],[98.3768900250002,7.738874789000135],[98.3767366570001,7.738875488000133],[98.37668625800012,7.738888036000105],[98.37665690900008,7.738908763000097],[98.37664362300006,7.738913868000111],[98.37654085100007,7.739094543000022],[98.37653512800006,7.739128756000127],[98.37652150700006,7.739160231000142],[98.37651612000008,7.739168075000066],[98.37649476899998,7.739183630000014],[98.3764735520001,7.739188636000108],[98.37644969100018,7.739193611000076],[98.3764258980001,7.739193309000029],[98.37609841100004,7.739162791000183],[98.37602723100002,7.739146066000103],[98.3759852010001,7.739124436999987],[98.3755662920002,7.739005729000155],[98.37526818900011,7.738951847000124],[98.37518891200006,7.738948206000089],[98.37510394500003,7.738976141000023],[98.37502175600008,7.738993563],[98.37498745100015,7.738987855000062],[98.3749320020001,7.738981877000128],[98.37487106300011,7.73899165600011],[98.37476474500005,7.739035145000059],[98.37464744700009,7.739110141000083],[98.37463657100011,7.73913374000017],[98.3746387810001,7.739168054000174],[98.37465115900005,7.739234144000136],[98.37465858700011,7.739273797000124],[98.37463710400004,7.739299899000116],[98.37460782200009,7.739315353000165],[98.37455250400012,7.73929882800013],[98.37437554300016,7.739283401000023],[98.3743148050001,7.739277358000152],[98.37426955799998,7.739300522000121],[98.37424536300006,7.739331863000132],[98.37423455400011,7.739350188000117],[98.37415303100005,7.739523219000148],[98.37412595400019,7.739572985000166],[98.3740826510001,7.739651557000116],[98.37408171200008,7.739725390999979],[98.37409178200005,7.739765078000175],[98.37410429700009,7.73982062000016],[98.37420693000013,7.740067191000037],[98.37424859200007,7.740117828000052],[98.37429062400014,7.740139459000147],[98.37435400600009,7.740145535000124],[98.37445466800006,7.740130987000157],[98.37449987200006,7.740141078000022],[98.37450476700019,7.740142172000105],[98.37452025800013,7.740171378000014],[98.37452270200015,7.740187232000096],[98.37449054200016,7.740221111000153],[98.37441320400018,7.740272877000166],[98.37439369300006,7.740351750000059],[98.3744533580001,7.740442175000169],[98.37455800200007,7.740530533000026],[98.37459969900004,7.740578532000143],[98.37460987300017,7.740610309000033],[98.37460147000013,7.740647126000169],[98.37458513900009,7.740683839999974],[98.37453454100017,7.74071221100013],[98.37449207300006,7.740724861000103],[98.37442039100011,7.740747690000092],[98.3743459640001,7.740778397000099],[98.37431922400003,7.74080179300006],[98.374292319,7.740838375000067],[98.37417783000006,7.74110857300002],[98.37413292800005,7.741218801000116],[98.3740249880002,7.741483778000088],[98.37402017000016,7.741655144000049],[98.37403807200002,7.741702842999985],[98.37405085500012,7.741737291],[98.37403733500008,7.741760857000031],[98.37400537399998,7.741778913000076],[98.37396562000009,7.741786322000053],[98.3739122410002,7.741825207000034],[98.37388540000018,7.741856514],[98.37385073200016,7.741879811999979],[98.37378186000018,7.741889488000083],[98.37370013800012,7.741869994000069],[98.37363139900003,7.741869123000072],[98.37359673100019,7.74189242000017],[98.373514102,7.741944121000074],[98.37349291800007,7.741946490000032],[98.37344268800018,7.741945856000143],[98.37339761100009,7.741955835000169],[98.37335243200016,7.741973723000058],[98.37330732200013,7.741986338000117],[98.37318737800018,7.742061304000117],[98.37316023800008,7.74211634400001],[98.37315913200013,7.742203362000112],[98.37317148099999,7.742272091000018],[98.37318399600008,7.742327633],[98.37324279100005,7.742486619000033],[98.37325296600011,7.742518395000161],[98.37325246400007,7.742557949000059],[98.3732361320001,7.742594666000173],[98.37321448000012,7.742633952000062],[98.3730586280002,7.742829781000182],[98.37302478500015,7.742867524000189],[98.37296743400009,7.742931484000167],[98.37293025600002,7.742950235000023],[98.37290622500007,7.742962357000124],[98.37285057200017,7.742972202000146],[98.37257826200005,7.742968755000106],[98.37252030200005,7.74295219600009],[98.37248352400019,7.742933269000048],[98.37224541900014,7.742735089000178],[98.37214897400003,7.742625735000161],[98.37210975300007,7.742590953000104],[98.37207033200013,7.742571991000148],[98.37202545500003,7.74256615000013],[98.37195658200011,7.742575826],[98.37185618800015,7.742569279000122],[98.37180849800012,7.74257658700003],[98.3717794850001,7.742570947000047],[98.37174521500015,7.742562601000088],[98.3717189790001,7.742546442999981],[98.371690333,7.742511795000155],[98.37140816100015,7.742244486000175],[98.37138704600005,7.742241582000077],[98.37136054100012,7.74224652200013],[98.37133935700012,7.742248889000052],[98.37125492500007,7.742234633000123],[98.37121292600006,7.742210365000062],[98.37098419400013,7.742107249000071],[98.37089527900014,7.742029640000112],[98.37087202300017,7.741987147000088],[98.37084076700006,7.741949828000088],[98.37079873600004,7.741928197],[98.37075131600005,7.741914409000117],[98.37054152900004,7.74177724700013],[98.37051274800001,7.741753145000075],[98.37050250900018,7.74172664300005],[98.37048986100018,7.74168164800011],[98.37042521700016,7.741359073000183],[98.37039212500008,7.741258434000088],[98.37031415600012,7.741151953999974],[98.37020205400006,7.741026578000117],[98.37009838500012,7.740861748000157],[98.37004384200014,7.740784575000077],[98.36999150200006,7.740741713999967],[98.36988066700002,7.740724486000147],[98.36983522100019,7.740763471000093],[98.36980044900014,7.7407946780001],[98.36969456600019,7.740803885000048],[98.36965494500004,7.740800747000151],[98.36960180100004,7.740821172000153],[98.36958028200013,7.740849909000133],[98.36955903200015,7.740857553000069],[98.36953527400016,7.740854614000057],[98.36951178000015,7.740830582000058],[98.3694778480002,7.740795864],[98.36943039599998,7.740784715000075],[98.36927143700007,7.740809074000026],[98.36919764800012,7.740789678000056],[98.36910237200004,7.740796382000042],[98.36906522600015,7.740806459999988],[98.36902556900014,7.740805960000159],[98.368975508,7.740792138000074],[98.36889331700007,7.74080955800008],[98.36884274900012,7.740835289000188],[98.36880838300016,7.740834855000116],[98.36877685900004,7.740818631000025],[98.36875868900012,7.740792026000065],[98.36874848500014,7.740762887000017],[98.36871200800005,7.740720228000157],[98.36866967500004,7.740722327000071],[98.36862700500006,7.740750798000022],[98.36860030200006,7.740771559000052],[98.3685579000001,7.740778934000048],[98.36853959500013,7.740762876000133],[98.36840222300009,7.740753225000105],[98.3683677190001,7.740763336000157],[98.36810756200015,7.740844435000042],[98.36798290300004,7.740874502000111],[98.36792474200013,7.740873765000174],[98.36765856500006,7.740804457000081],[98.3675636260001,7.74078479200017],[98.3674137060001,7.740722233000042],[98.36738489500016,7.74070077000016],[98.36734533900005,7.740692356000181],[98.3673135160002,7.740699865000181],[98.36728175700011,7.740702098999975],[98.36723965900018,7.74068574100005],[98.36718203500004,7.740642813000079],[98.36692858500004,7.74040487700006],[98.36681812100011,7.740358642999979],[98.36676256900017,7.740360575000125],[98.36664611400005,7.740369648000126],[98.36660659000012,7.740358598000057],[98.36658560900008,7.740345145000106],[98.36655221500018,7.740268238000056],[98.36651590800011,7.740212395000128],[98.36636706700011,7.740065453000057],[98.36633544300014,7.740057139000101],[98.36627196000018,7.740058972000156],[98.36623996700007,7.740079666000099],[98.36621326200009,7.740100425000094],[98.36615503200005,7.740104962000032],[98.36613665900006,7.740094180000028],[98.36612357700005,7.740083464000065],[98.36607625900001,7.7400617670001],[98.36602884000013,7.740047977000017],[98.36598396300002,7.740042135000067],[98.36592312500017,7.740044001000058],[98.3656318690002,7.740141376000054],[98.3656324210001,7.740214896000111],[98.36548627600018,7.74026745599997],[98.36511143000007,7.740440824000132],[98.36500768700006,7.740490929000089],[98.36468835700015,7.740562496000052],[98.36464591000009,7.740561959000104],[98.36457628599999,7.740552],[98.36443175000011,7.740471523999986],[98.36428966800008,7.740436449000015],[98.36368561500012,7.740244278000034],[98.36358606000016,7.740203692000023],[98.36330658500003,7.740003538],[98.36297679799998,7.739803354000117],[98.36268123400004,7.73967254300004],[98.36264807100008,7.739656999000033],[98.36261797700007,7.739638465000098],[98.36259698300012,7.739620048000063],[98.3625638580001,7.739601477000065],[98.36252132400017,7.739606985000137],[98.36246643100014,7.73963049200006],[98.3623874700001,7.739638565000121],[98.36228774400018,7.739610072000119],[98.36223669500015,7.739570098],[98.36219489600012,7.739518139999973],[98.36205675200006,7.739410504000148],[98.3620054320001,7.739391701000102],[98.36195399600012,7.739381972000103],[98.36138047200006,7.739404945000103],[98.36135928200008,7.739401651000037],[98.36132296900001,7.739395142000092],[98.36128070900008,7.739379480000082],[98.361247543,7.739363932],[98.361214458,7.739342334000185],[98.36111523300008,7.739274520000095],[98.3610133270002,7.73917944700014],[98.36082222100015,7.738944080000124],[98.36077789200016,7.738852762000022],[98.36076614900014,7.738822360000142],[98.3607486470001,7.738767684999971],[98.36069485500013,7.73846750600012],[98.36068351100005,7.738320872000031],[98.36065996300005,7.738234514],[98.36062537200013,7.73814896600004],[98.3593002880001,7.736384557000179],[98.3592952420002,7.736377838000067],[98.35909276300009,7.736158381999985],[98.3590457890001,7.736107471000139],[98.3589375270002,7.735593152000149],[98.35893208800019,7.73556731400015],[98.35872440300017,7.735213935000104],[98.35880929000012,7.734154857000078],[98.35871604800008,7.733853572999976],[98.35845590400004,7.733770106000122],[98.35832202300008,7.73378204200003],[98.35818756500015,7.733794032000105],[98.35818186800009,7.73379454000019],[98.35808067800008,7.73398310500005],[98.35801598900014,7.734103646000165],[98.35789140200006,7.734632632000057],[98.35773077800008,7.735602541000105],[98.35742812100017,7.736942656000053],[98.35733881900006,7.737524610999969],[98.35724959700013,7.738053652000133],[98.35721382800011,7.738318183000104],[98.35724868900007,7.738653379000141],[98.35747773000008,7.739218175000133],[98.35784864100015,7.739518599000121],[98.35818448400016,7.739624939],[98.35857316100004,7.739872473000105],[98.35889123800018,7.74003170200001],[98.35933296900004,7.740279312999974],[98.35963325600011,7.740509072000066],[98.36014468900004,7.741444711000156],[98.36088584800018,7.743197965000093],[98.36107153900019,7.743458746999977],[98.36129164900012,7.743767861000151],[98.36131768900015,7.743804430000068],[98.36171253900011,7.744358945000045],[98.36279904600002,7.745618500000091],[98.36441708300009,7.747123920000092],[98.36457586300008,7.747300669000083],[98.3648147520002,7.747462024000185],[98.36512181,7.747548979000044],[98.36542687900015,7.747635371000058],[98.36560654000016,7.747756721000144],[98.36566836200012,7.747769149000135],[98.3657239320001,7.747800931000086],[98.36623122000015,7.748091067000132],[98.3674692240001,7.748991931000035],[98.36777477600015,7.749168979000103],[98.36787043200007,7.749176755000065],[98.36817665500007,7.749201646000074],[98.36817711200007,7.74920168400007],[98.36851518900005,7.749154024000063],[98.36885359800004,7.748881606000054],[98.3692565830001,7.748480853000046],[98.36946634700007,7.748127974000056],[98.37015974000013,7.74726208200002],[98.37053084000013,7.746652577000077],[98.37136849000012,7.746188246000145],[98.3715730510001,7.746106981000082],[98.37201268400014,7.745932332000109],[98.37276918700013,7.745917392000138]]],[[[98.30168200500003,7.742484527000045],[98.30107377600007,7.742339383000115],[98.30090215000007,7.742352269000094],[98.30061231400009,7.742393082000035],[98.30015615100007,7.742887806000113],[98.29982403500014,7.743465311000023],[98.29945018200004,7.744249196000112],[98.29932483600015,7.744950906999975],[98.29936554800014,7.74536386800014],[98.2996961660001,7.745694726000181],[98.2997363340001,7.746438001000115],[98.29969405200012,7.746974691000105],[98.29956931800012,7.747304800000165],[98.29940257700008,7.748006446000147],[98.29952567200007,7.748667276999981],[98.29973155900012,7.749328245000129],[98.30014497300004,7.749659240000085],[98.300558863,7.749701209000079],[98.30105561200014,7.749702024000101],[98.30146957200014,7.749702703000025],[98.30171794800009,7.749703111000088],[98.30210538100005,7.749628478000034],[98.30239621600009,7.74917685000014],[98.30277773900008,7.748707286000013],[98.30292356100011,7.748237336000045],[98.3032142460001,7.747876126000165],[98.30350469700005,7.747659592000048],[98.30383137700005,7.74746119800011],[98.30404942100017,7.747172208],[98.3040863060001,7.74679250100013],[98.30405043100006,7.746557347000021],[98.30370704500007,7.745887670000116],[98.3034548220001,7.744910712000149],[98.30320203000014,7.744277349000015],[98.30269586000014,7.74337231200002],[98.30217102400007,7.742792758000064],[98.30168200500003,7.742484527000045]]],[[[98.3291891990001,7.752059120000069],[98.32828282300011,7.751859429000149],[98.32818825000015,7.752567648000024],[98.32819566100017,7.752688979000027],[98.32803911600007,7.753043457000047],[98.32785953000013,7.753177354000059],[98.32770609500017,7.753482226000017],[98.32770583600006,7.753645790000064],[98.32770565200019,7.753761489000169],[98.32774699200007,7.75384332200008],[98.32818488700013,7.754204814000161],[98.32848969900016,7.754456443000095],[98.32864952000017,7.754743501000064],[98.32876938600009,7.755104066000115],[98.32879591300008,7.755183859000056],[98.32882418400004,7.75539311100016],[98.32885332400014,7.755608795000057],[98.32888409399999,7.75571907900013],[98.32908493800011,7.756438899000159],[98.32910703200014,7.756518083000117],[98.32912077300017,7.756601901000124],[98.32926721000007,7.757495138000081],[98.32927405400011,7.757536887000072],[98.3294092610002,7.758361613000091],[98.32943967600016,7.758490173000041],[98.32975680300018,7.759242631000177],[98.32983799900018,7.759435286000041],[98.32994774000008,7.759600033000083],[98.33009958500014,7.759827986000175],[98.33066711300017,7.760199374000024],[98.33156832200007,7.760577309000098],[98.33173561700016,7.760686139000029],[98.33212993500007,7.760942660000012],[98.33221062500019,7.761027151000178],[98.33275571000007,7.761597900000083],[98.33302395300018,7.762120927000069],[98.3332415320001,7.762709700000073],[98.33350911400004,7.76315609400001],[98.33356208400016,7.763244462000046],[98.33356843600018,7.763255057000151],[98.33385796700009,7.763528650000126],[98.33422364500012,7.763603483],[98.33470419500009,7.763561950000053],[98.33523510500015,7.763403998000115],[98.33536016300019,7.763279656000122],[98.3355574360001,7.762887675000115],[98.3355960940001,7.762778062],[98.3355178560002,7.762008166999976],[98.33530669500004,7.76119885200012],[98.33463100100005,7.759069217],[98.33431028500019,7.757391653000127],[98.33427896400019,7.75674658000014],[98.33424764500018,7.756101507000153],[98.33431337800016,7.755424334000168],[98.33428440900019,7.754703706000043],[98.33371902600004,7.754212053000117],[98.33297674800008,7.753307856],[98.33236325300004,7.752758625000126],[98.33181401800016,7.752467503],[98.33173588100016,7.752284857000177],[98.3315279360001,7.752171302000136],[98.33103851100003,7.752098196000077],[98.33053087100012,7.752079314000127],[98.32976939300016,7.752060033000078],[98.3291891990001,7.752059120000069]]],[[[98.30219013700014,7.764861870000118],[98.30200798400011,7.764737126000114],[98.30167234800001,7.764564266000036],[98.30151897700006,7.764449144000082],[98.30127930200018,7.764286016000085],[98.30120947800009,7.764226121000036],[98.30114512400013,7.764170922000176],[98.30108344100006,7.764120416000083],[98.30101952700011,7.764113748000057],[98.30097850900012,7.764173044000131],[98.3009752320001,7.764177782],[98.3009338650001,7.764237583000067],[98.30093364300012,7.764371601000164],[98.30087591500012,7.764457660000062],[98.30083802000013,7.764472885000032],[98.30080868500005,7.764476289000129],[98.30073813500007,7.764495998000029],[98.30068727600008,7.764512413999967],[98.30063970100014,7.764532099000121],[98.30058065200012,7.764564890000088],[98.30053472600008,7.764591121000024],[98.3004986360001,7.764607522000063],[98.30044121100002,7.76462231000005],[98.30035587999998,7.764628941000126],[98.30018030600002,7.76465693300014],[98.30010810300018,7.764665187000105],[98.30005394900013,7.764666878000185],[98.29995179200012,7.764657970000144],[98.29966887000018,7.764790090000076],[98.2996130640002,7.764780324000128],[98.29956216900013,7.764759098000127],[98.29951618600018,7.764726409000048],[98.29946200600011,7.764700276999974],[98.29942097800011,7.764698680000151],[98.29936027000002,7.764715105000164],[98.29930778200014,7.764746254000158],[98.29925362800009,7.764751215000103],[98.29918797599998,7.764743097000178],[98.29913496500012,7.764726100000075],[98.2990590170001,7.7647115420001],[98.29896672000018,7.764680255000087],[98.29869188600014,7.764587091000067],[98.29835450200017,7.764465267999981],[98.29830021700019,7.76444066900018],[98.29820456000016,7.76440567800006],[98.29817740300012,7.76440305300008],[98.2981411880001,7.76440299300009],[98.29808944800004,7.764404198000079],[98.29805193400017,7.764406717000043],[98.298005364,7.764410509000186],[98.29794326000007,7.764422018000175],[98.29789407100014,7.764443867000068],[98.29786040100004,7.764468324000063],[98.29783319100011,7.764496660000134],[98.29780074400014,7.764564980000102],[98.29778898500018,7.764634623000063],[98.29778759900006,7.764691383000127],[98.29778881300012,7.764737827999966],[98.29779516600007,7.764807501000178],[98.29781059800007,7.764861710000105],[98.29783251500004,7.764904318999982],[98.29785058600004,7.764926278000132],[98.29797412800013,7.765020832000118],[98.29816022400007,7.765163262000044],[98.29815934600015,7.765192245000037],[98.29816675700016,7.765199044000155],[98.2981760560001,7.765376039000103],[98.298178065,7.765414303000114],[98.29820141900018,7.765767190000076],[98.29822450300014,7.766115981000041],[98.29822927500015,7.766188082999975],[98.29824736800015,7.766241509000167],[98.298333748,7.766496572000051],[98.29844901300004,7.766621529000133],[98.29847212300018,7.766646584000171],[98.29847347800006,7.766648052000107],[98.29862615000008,7.766731597000046],[98.29876423000013,7.76680715800012],[98.29892604100007,7.766895705000081],[98.29897462300005,7.766922288999979],[98.29904068700017,7.766934031000062],[98.29965610700009,7.767043396000133],[98.29967982600004,7.767047611000066],[98.30006498600011,7.767116058000113],[98.30043936500005,7.767152905000046],[98.30057862400014,7.767153134000182],[98.3010653280001,7.767153935000124],[98.30136827300004,7.767089708000071],[98.30146554500004,7.767078228],[98.30190916300018,7.767025871000044],[98.3022014880001,7.766842967000173],[98.302331294,7.766832392000083],[98.30250452300004,7.766724804000091],[98.30261284000005,7.766627896000045],[98.3028076810001,7.766531129000157],[98.30297011100004,7.766412733000095],[98.30313259600007,7.766261977000056],[98.30316520200012,7.766164944000138],[98.30312249100001,7.765830465000079],[98.30310428100012,7.765723464000189],[98.30306964700009,7.765722810000113],[98.30303341900014,7.765590279000094],[98.3030120410001,7.765544474000137],[98.30296931900017,7.765488873000038],[98.30293644900007,7.765438169000106],[98.30290194400015,7.765392378000172],[98.30285267400018,7.765353146999985],[98.30272952000013,7.765277983000033],[98.30270653400015,7.765264913000181],[98.30269667600004,7.765253467000093],[98.3026802280001,7.765214204000131],[98.30265886400014,7.765183130000082],[98.30263094600014,7.76516351600003],[98.30252424600019,7.765130889000091],[98.30250454200012,7.765119453000011],[98.30249140300003,7.765109645000109],[98.30247990400005,7.765098202000161],[98.30246019900011,7.765083490000166],[98.30244542000003,7.765073686000051],[98.30243719900017,7.765057326000147],[98.30243718300017,7.76504259800015],[98.30244538200003,7.765034407000087],[98.30245357900009,7.765024579000169],[98.30245520800014,7.76501148400007],[98.30245025099998,7.764977120000083],[98.302432162,7.764937858],[98.30240588400017,7.764914971000167],[98.30238617700002,7.764900261000037],[98.30235334700018,7.764892111000052],[98.30230575100012,7.764887249000026],[98.30227292600017,7.764882370000066],[98.30224385700018,7.764867912000113],[98.30219013700014,7.764861870000118]]],[[[98.39266464200006,7.75612610200011],[98.39256173200005,7.756038599000078],[98.39231198600015,7.755962177000129],[98.39181161200014,7.75604302],[98.39126437700008,7.756026183000131],[98.39068502100014,7.755961136000167],[98.3901052720002,7.756169010000121],[98.38944453700014,7.756729956000186],[98.3893314250002,7.757034821000104],[98.38924967100019,7.757917678000013],[98.38910367500017,7.758704118000082],[98.38919957700011,7.759169825000185],[98.38929555200019,7.759587368000155],[98.38934051800015,7.759754913000108],[98.38940762000004,7.760004936000087],[98.38956707400007,7.761048680000101],[98.38967886600011,7.761328316000174],[98.3898260860002,7.761696564999966],[98.39082243000018,7.762415476000058],[98.39089204900017,7.762459015],[98.39149329600014,7.762835010000117],[98.3920463230001,7.763064081000152],[98.39307252500015,7.763406884000176],[98.39371970600013,7.76365897300019],[98.3943356330002,7.763983806000113],[98.39469183700015,7.76427648900011],[98.3957969810001,7.765381896000179],[98.39670461300011,7.76640817100008],[98.39733618600019,7.767000406000136],[98.39786925500016,7.767375676000086],[98.39854085900015,7.767613162000032],[98.39911387600006,7.767692818000057],[98.39980558600007,7.767693795000071],[98.4004777790002,7.767517344000112],[98.40075468600008,7.767360042000064],[98.40105205300006,7.766709991000027],[98.40105386800013,7.765428757000052],[98.40036403900018,7.76410712400002],[98.39977241000014,7.763219281000033],[98.39890784100015,7.762321886000109],[98.39826320200018,7.761918768000157],[98.39670884500009,7.760765122000066],[98.39625762600014,7.76039735400002],[98.39597365200007,7.760079888000064],[98.39532268700015,7.758994267000048],[98.39495546300014,7.758392992000097],[98.3946714880002,7.758075523000059],[98.39393637600011,7.757340223000142],[98.39330143500007,7.756755251000072],[98.39300058600014,7.756537884000068],[98.39266464200006,7.75612610200011]]],[[[98.48101084000012,7.761733077000144],[98.48092719400012,7.761246675000052],[98.4809157420001,7.761048360000075],[98.48091203500002,7.760925260000022],[98.48091051400019,7.760874677000174],[98.48081303000009,7.760562199999981],[98.48078442100012,7.760504953000122],[98.48060109000016,7.760138124000093],[98.48048942400015,7.759914693000155],[98.48041438000018,7.759799618000159],[98.48016914100003,7.759507701000075],[98.48008163100008,7.759433661000173],[98.47971350400007,7.759122206000029],[98.47904798600007,7.758223207000185],[98.47855738100009,7.757744350999985],[98.47825361100018,7.757499019000136],[98.47809016700012,7.75726552499998],[98.47768137300005,7.756833427000117],[98.47705076200003,7.75608610900008],[98.47642032400012,7.755198814000153],[98.47622179799998,7.754965273000096],[98.476046919,7.754521797000166],[98.4760707010002,7.754206878000161],[98.47607129200014,7.753728624000189],[98.47614201000016,7.753285451000181],[98.47631798300006,7.752842408000049],[98.4764014320001,7.751559388000089],[98.47641386200007,7.750964500000066],[98.47628573600014,7.750544411000078],[98.47608740100014,7.750159231000168],[98.47585383400013,7.749890655000172],[98.47552653700012,7.749761940000042],[98.47505871200008,7.749784693000095],[98.47446218800008,7.74985394600003],[98.47399406100016,7.750121658000182],[98.4735490180002,7.750634357000024],[98.47344335800017,7.75096083800014],[98.47338443400008,7.751322373000107],[98.47340710100008,7.751905639000086],[98.47343006900002,7.752243943000167],[98.47345927600003,7.752509148000172],[98.47346476100006,7.752558936000014],[98.47355791600006,7.75288566200004],[98.47370951500005,7.753235793000158],[98.47376818400005,7.753359726000042],[98.47391947400013,7.753679312000031],[98.47411766600015,7.754181141000061],[98.47426931000012,7.754496276000111],[98.47440917100005,7.754881385999965],[98.47449070500005,7.755149775000064],[98.47464229100012,7.755511569000021],[98.47492190000008,7.756375105000018],[98.47502673600007,7.756713513000136],[98.47515480400017,7.757180260000155],[98.47531818800019,7.757460415000139],[98.47544641400015,7.757798851000075],[98.47583157200006,7.758429222000075],[98.47590148200015,7.758639275000121],[98.47591294600005,7.758825926000043],[98.47583087900006,7.758989128000053],[98.47581904000009,7.759105763000036],[98.47581791900006,7.759150404000081],[98.47583170900015,7.759186894999971],[98.47583115900011,7.759631713000033],[98.47594670500007,7.75989912],[98.47609856900004,7.760039286000051],[98.47618030500001,7.760144369000159],[98.47635568800007,7.760179579000066],[98.47651940500003,7.760191446000078],[98.47671815100011,7.760250013000189],[98.47681151200015,7.760413436000135],[98.47681128100004,7.760600071],[98.47679944300012,7.760716703000071],[98.47664724400005,7.760844829],[98.47657685700017,7.761019714000042],[98.4764829630002,7.761287887000094],[98.47635411400012,7.761451034000174],[98.47628384100005,7.761532601000113],[98.4761433990002,7.761614082000165],[98.47596797200015,7.761613866000175],[98.4758276280001,7.761613693000072],[98.47569898100016,7.761613534000105],[98.4756295730001,7.761637517000054],[98.47544146900003,7.761788188000025],[98.47541613700002,7.762083743000062],[98.47536763300013,7.762171444000103],[98.4752946440002,7.762329765000118],[98.47526800000014,7.762468337000087],[98.47526127700019,7.76255413400014],[98.47528057300019,7.763002983000092],[98.47530608800008,7.763367611000035],[98.47536510400016,7.764210956000113],[98.47545747300012,7.76443548200001],[98.47557642600009,7.764567634000116],[98.47571527500008,7.764666810000165],[98.47584753800015,7.76473957800016],[98.47613178400019,7.764990743000055],[98.47635648200014,7.765235233],[98.4764688510001,7.765340976000175],[98.47660107500002,7.765446746],[98.47673996300017,7.765512920000162],[98.47697812500013,7.765572617000032],[98.4772492460001,7.765737959000035],[98.47746078200004,7.765923029000078],[98.47755992500015,7.76602215600002],[98.47776484400015,7.766207218000091],[98.47794991100011,7.766392257000177],[98.47810852500004,7.766564061],[98.47820097600015,7.766722582000057],[98.47832635300017,7.76701315300005],[98.47847160100008,7.76729054599997],[98.47855748300009,7.767409458999964],[98.4786896830002,7.767535027000065],[98.47882193900011,7.76761439600017],[98.47898064200018,7.767713593999986],[98.47917901800008,7.767839246000108],[98.47932448600005,7.76793842800015],[98.4794368740001,7.768030971000087],[98.47966821700015,7.768255668000108],[98.47987964200013,7.768533140000159],[98.47997870500006,7.768698270000129],[98.48010402900013,7.769035043000031],[98.48026922800005,7.769233258000156],[98.48041453200017,7.769464448000122],[98.48050031300005,7.769669162000184],[98.48057953800014,7.769821069000045],[98.48073142900017,7.77007866800011],[98.48085690000016,7.770296635000136],[98.48103535100012,7.770481663000169],[98.48118737200019,7.770633657000133],[98.48134607100008,7.770739455000182],[98.48161071300012,7.770792583000116],[98.48190848100006,7.77081934600011],[98.48221289800011,7.770819717000052],[98.48243137900016,7.770740779000107],[98.48264987700014,7.770648641000093],[98.48267068300004,7.770648381000115],[98.48291570200018,7.77049804100011],[98.48296778900016,7.770437815000093],[98.48317319600017,7.7702268540001],[98.48327932200004,7.770028972000091],[98.483324,7.769864266000127],[98.4833251120001,7.76895436500007],[98.48310309600004,7.767840133000107],[98.4822565520002,7.765967647000025],[98.48101084000012,7.761733077000144]]],[[[98.37093381400007,7.795490953000126],[98.37120738100003,7.79548657100014],[98.37149051400013,7.795501350000052],[98.3716968920001,7.795496870000022],[98.37193696800011,7.795420646000082],[98.37232593100003,7.795272846000159],[98.37276298300014,7.795058104000134],[98.3732576480001,7.794829089000075],[98.37446311700012,7.794256504999964],[98.37536108800009,7.793913212000064],[98.37622053100006,7.793660798000133],[98.37677279100006,7.793427077000104],[98.37723366100005,7.793332028000123],[98.37743517500019,7.793370616000118],[98.37767484600005,7.793567209000116],[98.37775142800012,7.793706127000064],[98.3778184730001,7.79380674000015],[98.37788561100012,7.79384034300017],[98.37802473900013,7.793874051000103],[98.37822147600014,7.793898272000092],[98.37837014500008,7.793970287000093],[98.37862423900015,7.794152543000052],[98.37887350200009,7.794353935000061],[98.37906051900018,7.794459511000071],[98.37923796400003,7.794545927000115],[98.3795930060001,7.794618243000059],[98.38004894300008,7.794614123000088],[98.38030336600008,7.794571418000032],[98.38056748800011,7.794461717000104],[98.3807308390002,7.794342296000082],[98.38087024300017,7.794189335000112],[98.38109126800009,7.794012563000024],[98.38140822400004,7.793874219000145],[98.38160988300012,7.793812291000165],[98.38185468800003,7.793783930000018],[98.38207544700009,7.793789038000114],[98.38239216800008,7.793808647000048],[98.38268010400009,7.793823425000028],[98.38276325100014,7.79385545800011],[98.382867169,7.79389549300015],[98.38296793400013,7.793909999000107],[98.38304473700015,7.793900538000116],[98.38313122200015,7.793833654000082],[98.38320330800002,7.793766749000156],[98.38325619000017,7.793704604000027],[98.38327561900007,7.793546681000066],[98.3832663350002,7.793331280000075],[98.38303204800008,7.792732639000178],[98.38292191900013,7.792560170000058],[98.38284038500012,7.792521759000124],[98.382754,7.792521633000149],[98.38249955600008,7.792578699000046],[98.38243715700014,7.792583394000189],[98.38241799600007,7.792559435000044],[98.38241805899997,7.792516357000068],[98.3824181290002,7.792468494000104],[98.38246137200014,7.792435051999973],[98.38250462200017,7.792396824000036],[98.38253356500013,7.792296352000051],[98.3825501450001,7.792163604000109],[98.38257241700018,7.791985294000085],[98.38261568700017,7.791932706000182],[98.38266553200015,7.791910422000115],[98.38271173200008,7.791889767999976],[98.38287022500009,7.791808628000013],[98.38299509100011,7.791751375],[98.38304316700004,7.79169400800015],[98.38311056700007,7.791550515999973],[98.38317339800005,7.791249064000112],[98.38375195900005,7.789435861000072],[98.38380178400018,7.789323667000019],[98.38411308700012,7.78862269800004],[98.38416112800007,7.788589264000109],[98.38430042400006,7.788508098000136],[98.38450685200007,7.788465320000171],[98.3846653020002,7.788412901000186],[98.38481893300008,7.788374833000034],[98.38491011700012,7.78837496500006],[98.38501081700014,7.788432548000117],[98.38527439000018,7.788696180000102],[98.38550922400003,7.788921482999967],[98.38565824300002,7.789041561000147],[98.38578736800014,7.789065477000179],[98.38592262300006,7.789065672999982],[98.385945741,7.789065706000088],[98.3861041560001,7.789037217000157],[98.3861858140001,7.788989472000026],[98.38626276800005,7.788874711],[98.38632059400004,7.788712056000122],[98.38641213400018,7.788468083000112],[98.38645575900011,7.78817138900007],[98.38680817400007,7.786745551000081],[98.38705971100018,7.785911202000023],[98.3872855940001,7.785161944000038],[98.3873817600001,7.785037636000084],[98.38745379700009,7.785004236000134],[98.38758340900017,7.784980492000102],[98.38770825000012,7.784937596000134],[98.38778031300012,7.784885049000138],[98.38787156000012,7.78484210300013],[98.38794835400006,7.784837426000024],[98.3880635050001,7.784856739000077],[98.38820262400014,7.784895232000167],[98.388370528,7.784943337000186],[98.38853355200018,7.785044086000084],[98.38881650800016,7.785178513000062],[98.38906375000016,7.785259607000057],[98.3890803380001,7.785265048000042],[98.38927710400009,7.785265331000176],[98.38940190900018,7.785246366000081],[98.38947397300012,7.785193818000039],[98.38950765200013,7.785136431000126],[98.38953662700015,7.785012027000164],[98.38953679300016,7.784897153999964],[98.38947950100004,7.784691254000165],[98.38943681500007,7.784341785000152],[98.3893508930002,7.784020973000054],[98.38926010400007,7.783748018000097],[98.38907360299999,7.78328825400007],[98.38900669200007,7.783096702000023],[98.38892586100002,7.782574867000108],[98.38884497700008,7.782091325000067],[98.38883674300013,7.781856130000051],[98.38883576100005,7.781828060000066],[98.38886506000006,7.781478695000033],[98.38886990200012,7.781449984000062],[98.38890837000008,7.781397389000063],[98.38895646500009,7.781325662000086],[98.38904782800012,7.781201346999978],[98.38912481600005,7.781062653000049],[98.38919230900007,7.780852148000122],[98.3892548070001,7.780775654000024],[98.38932685600008,7.780732681000131],[98.38939406400016,7.780718418999982],[98.38942977900018,7.780709568000077],[98.38943247100002,7.780708901000082],[98.38946131400019,7.78067543800006],[98.38948061400004,7.780603668000026],[98.38950003800005,7.780445745000179],[98.38953371700006,7.780388359000028],[98.38958174300012,7.780364494000139],[98.38962492800005,7.780369341999972],[98.3896585650001,7.780340673000183],[98.38967782300011,7.780297623000024],[98.38967309300006,7.780249752000032],[98.38964443000009,7.780158770000128],[98.38958214500019,7.780086885000173],[98.3894814590002,7.78001973],[98.38937587900017,7.780019578000179],[98.38920785600004,7.780057626000144],[98.38905895900007,7.780143569000018],[98.38885513000014,7.780285162000098],[98.38875358899998,7.780430290000027],[98.38864566900014,7.780606993],[98.38858863400014,7.780632175000164],[98.38849997400007,7.780632047000154],[98.38840500200018,7.780612964000056],[98.38833594600015,7.780657065000071],[98.38830913300018,7.780894609000029],[98.38825816100007,7.78134619400015],[98.3882674830001,7.781537662],[98.38821939400015,7.781604605000155],[98.38797917400012,7.781786141000055],[98.38771941600015,7.781885352000188],[98.38723009300008,7.782072242000027],[98.38668275400016,7.782234190000111],[98.385943537,7.782338421000077],[98.385454025,7.782337712000128],[98.38492617600014,7.78229865600008],[98.38432187700016,7.782029742000077],[98.38428356800006,7.781972250000081],[98.38424532800013,7.781866892999972],[98.38433221500009,7.781522398000163],[98.38437099900011,7.781254418],[98.38426590900013,7.780919217000076],[98.38401706500014,7.780430643000159],[98.38394993399999,7.780392254000105],[98.3837771960001,7.780372858000078],[98.38348930400008,7.780334148000065],[98.38323029200012,7.780238044000157],[98.38306726300004,7.780142080000189],[98.38278925200007,7.779911929000036],[98.382252074,7.779690971000093],[98.38177230400015,7.779594546000169],[98.3813019640001,7.779613005000044],[98.38076455000004,7.779554786000062],[98.3799394990001,7.779285542000025],[98.37910480800002,7.779045003000078],[98.37869217200017,7.778986961000101],[98.37832759500014,7.778881127000034],[98.37799178900008,7.778794479000169],[98.37773253800003,7.778861108000058],[98.37747327500011,7.77893731100005],[98.37715653400011,7.778936847000011],[98.3762831730001,7.778887701000031],[98.37526541200015,7.779125524000108],[98.3748716890002,7.779258962000142],[98.37467947000016,7.779430990000151],[98.37421836100015,7.779698348000068],[98.37360370800013,7.779946333000055],[98.37324819000003,7.780204273000095],[98.37295023400009,7.780481443000099],[98.37286385100015,7.780481315000088],[98.3727391020002,7.780461985000102],[98.37257614600003,7.78031815300011],[98.37241313500016,7.780212612000184],[98.37212513100013,7.780250476000106],[98.37198103100008,7.780336417],[98.37187540800016,7.780364979000069],[98.3717794120002,7.780374411000139],[98.37164510700018,7.780326349000063],[98.37126133800012,7.780220479000036],[98.37095422400012,7.780200879000176],[98.37055090000018,7.780334298000128],[98.37016670200018,7.780515611000112],[98.36982099500005,7.780629972000042],[98.36924501800013,7.78068655300001],[98.36816043500016,7.780675366000082],[98.3662218030002,7.780538456000102],[98.36421582400004,7.780506737000053],[98.36339999300009,7.780495941000083],[98.36320794300019,7.780553089000023],[98.36289107300013,7.780638768000074],[98.36270869400005,7.780648068000119],[98.36255523800014,7.780571255999973],[98.36228659099999,7.780503842000087],[98.36198003900006,7.780599425000105],[98.36195049500009,7.780608637000171],[98.36188462800004,7.780646825000133],[98.361489376,7.780875980000133],[98.3607781830001,7.78148756500002],[98.3600667720001,7.782242741000175],[98.35975908900014,7.782596468000065],[98.35966286100017,7.782759059999989],[98.35958546600006,7.783160998000028],[98.35957064100018,7.783356573000162],[98.35954628800005,7.783677867999984],[98.35956487400011,7.78407995200007],[98.35950698000016,7.784280891000037],[98.359362713,7.784472128000175],[98.3592005660002,7.78468110600005],[98.35910305200014,7.784806783000079],[98.35859377600008,7.785179350000078],[98.3574698590001,7.785780731000159],[98.35730670400017,7.785770911000043],[98.35719158200004,7.785732445000065],[98.35693713400013,7.785677663000172],[98.35677188700004,7.785700951000138],[98.35662671000006,7.785728303000099],[98.3565436790002,7.785790213000041],[98.35644673400009,7.785914136000088],[98.35635679400008,7.785976034999976],[98.35612859600002,7.786058402000151],[98.35592104900019,7.786195945000088],[98.35562363500009,7.786347135000142],[98.35556223100014,7.786373817000026],[98.35540232700009,7.786443297000119],[98.35528466900013,7.786553404000074],[98.35518080000014,7.786684210000033],[98.35517262500008,7.786736670000153],[98.35515288200014,7.786863381000046],[98.35515943600012,7.787097745000096],[98.35513150500003,7.787283808000097],[98.35512462200012,7.787307020000071],[98.35509677100004,7.787400935000107],[98.35502569099998,7.787501036000151],[98.35501365600015,7.787517986000125],[98.35501364200013,7.787527183000066],[98.35501346600012,7.787642058000074],[98.35504091100017,7.787773062000099],[98.35521331200016,7.788021467000135],[98.35551673300012,7.788463068000169],[98.35564095600017,7.788580435000029],[98.35577904400009,7.788670252000088],[98.355868702,7.78879446000002],[98.35598600400016,7.78891870800004],[98.35620012600009,7.789001747000043],[98.35639345300018,7.78912611100003],[98.35653153200013,7.789222820000134],[98.35687687600011,7.789368095000157],[98.35704258700008,7.789471738000145],[98.35726355800017,7.789596145000189],[98.35747055100012,7.789823920000117],[98.35764995100004,7.790017192000107],[98.35780879500004,7.790093255000102],[98.35790550000013,7.790127865000159],[98.35814044200004,7.790155790000028],[98.35828550700006,7.790204260000166],[98.35856864800013,7.790349438000078],[98.35885869300006,7.790501520000078],[98.359183428,7.7905640460001],[98.3596049900001,7.790585363000162],[98.35988127100012,7.790696065000077],[98.36013675000004,7.79085498600017],[98.36059279200009,7.790924603000178],[98.36075858800012,7.79097310200018],[98.36086211300011,7.791069758],[98.36098641200016,7.791138874000012],[98.36126960900003,7.79124958500006],[98.36163585500015,7.791284601000086],[98.36205054499999,7.791278333000093],[98.3622578450001,7.791306218000045],[98.36243049000012,7.791396083999985],[98.36262366400007,7.791623839000124],[98.36278216800008,7.791927362000081],[98.36309919000018,7.792520621000051],[98.36336795300014,7.793037988000151],[98.36365728000015,7.793665670000053],[98.3639332240001,7.794003832000101],[98.36420917100008,7.794341996000014],[98.36437462800018,7.794617957000014],[98.36448935499999,7.794849531000182],[98.36460917800008,7.794955010000137],[98.3647290360002,7.795036559000039],[98.36480578100009,7.795065391000094],[98.36484897399998,7.795065456000032],[98.36493548300012,7.794984217000149],[98.36504129200011,7.794835999000156],[98.36521419400003,7.794750102000023],[98.36534867400013,7.794683294000038],[98.36555989200019,7.79465010600012],[98.36566547400008,7.794650264000154],[98.36578061400019,7.794679155000154],[98.36601551900014,7.794851818000097],[98.36619763800002,7.795019611000043],[98.36639404800013,7.795259223000187],[98.36652812400001,7.795460453000089],[98.36662882400003,7.795518040000161],[98.36678715600016,7.795546995000166],[98.36709421400013,7.79560967600014],[98.36726206700007,7.79569129500004],[98.36738187600014,7.795806348000042],[98.36751135500009,7.795873552000103],[98.3677273020001,7.795888232999971],[98.3681208340002,7.795893606000163],[98.36851918100018,7.79588941500009],[98.36889837900014,7.795851688000084],[98.36915281200015,7.795804202000056],[98.36955124600007,7.795742572999984],[98.36987762600006,7.795723914000178],[98.37024721800009,7.79569095800008],[98.37045845100005,7.795648195000183],[98.3707225610001,7.795548075000056],[98.37093381400007,7.795490953000126]]],[[[98.28585613700011,7.81877646099997],[98.2855586980001,7.818769367000129],[98.28539374200017,7.818808241000113],[98.28496497000003,7.81898963600014],[98.28470479700007,7.819157307000069],[98.28463935200006,7.819219100000112],[98.2845710420001,7.819332200000076],[98.28456394600005,7.819349810000062],[98.28446508500014,7.819682255000146],[98.28460182300006,7.819841088000032],[98.28489933100019,7.820120183000142],[98.28524053500018,7.820332262000022],[98.28585017500018,7.820711188000132],[98.2861800770001,7.820844834000127],[98.28657337000004,7.820873519000145],[98.28708602900008,7.820930422000117],[98.28725990100008,7.820926381000049],[98.28736700000019,7.82092389200011],[98.28750758500018,7.820861086999969],[98.2876130900001,7.820777207000162],[98.28767644800018,7.820693259000109],[98.28769061600013,7.820623235000028],[98.28764901700015,7.820300948000067],[98.28761451600002,7.819936647000077],[98.28745377100017,7.81946005400016],[98.28740140500008,7.819249651000064],[98.28726095900004,7.819008609000036],[98.28628417800013,7.818873112000063],[98.28598696400019,7.818806002000031],[98.28585613700011,7.81877646099997]]],[[[98.41628876700008,7.830389829000069],[98.41638290600014,7.830380873000024],[98.4164617620001,7.830416198000023],[98.41661386400006,7.830555907000132],[98.41673688700007,7.83063115900012],[98.41689979400013,7.830677178000087],[98.41703333800012,7.830688353000085],[98.41712752400014,7.83067446300015],[98.417326845,7.830538184000147],[98.41759641700008,7.830303855000068],[98.41777708400002,7.830048912000166],[98.417836814,7.830014938000033],[98.41796060100006,7.830011211000169],[98.41807938900013,7.830012367999984],[98.4183209110002,7.830118391000155],[98.4184740130001,7.83015444300014],[98.41858799500011,7.830140744000119],[98.41871240400019,7.830072843000096],[98.41885785200014,7.829876798000157],[98.4189630850002,7.829744534000042],[98.419017768,7.829720383000108],[98.4191015770001,7.82975575800009],[98.41919532600014,7.829786292000108],[98.41929499400004,7.829718152000169],[98.41934398300009,7.829641731000152],[98.41936625100016,7.829566795000176],[98.41939233800014,7.829428824000047],[98.41937892500016,7.829280588000188],[98.41933139000002,7.829077722000136],[98.4192591100001,7.828874611000117],[98.41921128900015,7.828701358000046],[98.41918850200011,7.828498727000067],[98.41915120100015,7.828261398000052],[98.41912004700004,7.827900706000094],[98.41908836700009,7.827594311000041],[98.41902127200012,7.82736656100019],[98.41894798600009,7.827267107000125],[98.41886432000013,7.827216921000058],[98.41877599200012,7.827137070000106],[98.41874211000015,7.827057748000129],[98.41874344900015,7.826919527000143],[98.41874502600018,7.826756623000165],[98.41870624199998,7.826672314000064],[98.41859335800007,7.826572477000013],[98.4184999790001,7.826502446],[98.41839132800004,7.826476699000125],[98.41813428000012,7.826439634000167],[98.41800630600017,7.826364328000125],[98.41783930600002,7.826229399000056],[98.41770681100019,7.826109618000032],[98.41757455400017,7.825965152000151],[98.41748199000017,7.8258111990001],[98.41742426600018,7.82563784000007],[98.41733222599998,7.82542958300013],[98.41718098300004,7.825201001000096],[98.41701469700013,7.824992016000124],[98.41695053900014,7.824971638000022],[98.41683184000016,7.824960605000058],[98.41672260900009,7.824994096000069],[98.41648891900013,7.825100432],[98.41613571900007,7.825279655000031],[98.41559827800006,7.825570630000186],[98.41486526400018,7.826121357000034],[98.41469073200011,7.826252951000072],[98.41458131200011,7.826306189000036],[98.41447198900005,7.82634955400016],[98.4139615790001,7.826403807000133],[98.41345117200007,7.826458063000189],[98.41311429400008,7.826484391],[98.41286146800013,7.826521411999977],[98.41275228200016,7.826549968000052],[98.41267255900004,7.826603495000143],[98.41259240800008,7.826701451000076],[98.41251777899998,7.826740219000044],[98.41242325400009,7.82678866200007],[98.41225933400005,7.826846304000071],[98.4120660980002,7.826864162000106],[98.4119125520001,7.826872535000177],[98.41166010500012,7.826870065000151],[98.41151184400019,7.826843930000052],[98.4113189850001,7.826822292000031],[98.41116505900015,7.826870157000144],[98.410975436,7.827026287000081],[98.41072055900014,7.827275578000013],[98.41048001100017,7.827579318000119],[98.41021885600014,7.827966779000121],[98.40994741700013,7.828393634000179],[98.40983161600008,7.828594912000142],[98.4097624690001,7.828809483000043],[98.4097754170001,7.829007083000022],[98.40980383200008,7.82914065500006],[98.40986218600011,7.829249835000041],[98.4100090230001,7.829424061000054],[98.41017151800014,7.829514511000127],[98.41053686000015,7.829616821000059],[98.41069176100007,7.829618336000067],[98.4107249600001,7.82961866100004],[98.41091401000011,7.82952177500016],[98.4110836860001,7.829380267000033],[98.41111955100013,7.829342268000175],[98.4111437050002,7.829316677000065],[98.41115249800009,7.829313057000149],[98.41116910500017,7.829306221000081],[98.41130771900009,7.829249164000089],[98.41146673400016,7.829186542000059],[98.41180385000018,7.829135533],[98.4126166800001,7.829034868000122],[98.41282985600014,7.829002396000078],[98.41302770600004,7.829019140000071],[98.41327971900017,7.82906603400005],[98.41344743900004,7.829126912999982],[98.41361406700014,7.829301330000135],[98.4137510400002,7.82947051900004],[98.41386364400006,7.829599974000132],[98.41408352300004,7.829898325000045],[98.414381547,7.830306043000064],[98.41452322900005,7.83049995600004],[98.41465010700006,7.830688787000099],[98.41473819900006,7.83079331700003],[98.41483614400005,7.830902879000064],[98.41500117400005,7.830959778000022],[98.41516932000013,7.8309762290001],[98.41528873700014,7.830913223000039],[98.4154387050001,7.83076165000017],[98.41628876700008,7.830389829000069]]],[[[98.4243921870002,7.830737328000112],[98.42434689100014,7.830698540000128],[98.42428459000007,7.830678767000165],[98.42420054600007,7.83067077100003],[98.42411155400015,7.830677111],[98.42406092600004,7.830693405000147],[98.42399583100007,7.830714355000055],[98.42393327600013,7.830720947000088],[98.42385872900007,7.830725027000085],[98.42376044600002,7.83069771800001],[98.42358045400005,7.830669625000098],[98.42349636300014,7.830666423000025],[98.42342904900005,7.830668174999971],[98.4233759940002,7.830686845000116],[98.42333502100013,7.830698436000091],[98.423284599,7.830693158000031],[98.42324857200015,7.830690417000028],[98.42322787800003,7.830695833000163],[98.42322206700015,7.830697354],[98.42321583000012,7.830704600000047],[98.42318318000008,7.830742527000098],[98.42313955399999,7.830780462000121],[98.4231160490001,7.8307973900001],[98.42304758800003,7.830846700000109],[98.42297240000005,7.830917893000048],[98.42292865800016,7.830967811000107],[98.4228849640001,7.831012937000082],[98.42284332800017,7.831094041000028],[98.4228270260001,7.831134044000066],[98.42280148700019,7.831196712000121],[98.42277959700016,7.831244593000065],[98.42275238900004,7.831304110000133],[98.42274213400015,7.831357801000024],[98.42273499700019,7.831395174000022],[98.42271589600011,7.831495188000133],[98.42271090700018,7.832016955000029],[98.42280033800017,7.832379575],[98.42282879200008,7.832459998],[98.42283536600007,7.832510175000152],[98.42283968600009,7.832543166000164],[98.422830562,7.832586507000087],[98.42282897000007,7.832594068000105],[98.42280228000016,7.832634615000131],[98.4223494850001,7.833074740000086],[98.42223410300016,7.833222272],[98.42213470800016,7.833378703000108],[98.42203281299999,7.833705893000172],[98.42234339800001,7.83446088],[98.42245347699998,7.834862214000168],[98.42245296600004,7.835233312000128],[98.42263327100011,7.835765126000069],[98.42299454400006,7.83634733800011],[98.42335616200018,7.836678810000024],[98.42359727000002,7.836879734000149],[98.4238942090002,7.836949253000114],[98.4238989010002,7.836950352000088],[98.42415035400018,7.836940667000079],[98.42433155700013,7.836820558],[98.42458375600012,7.836269276000053],[98.42477660000009,7.834995778],[98.42478390800017,7.834785646000057],[98.42479567100014,7.83444742100005],[98.42480795,7.834094356000037],[98.42481701500014,7.834058847000051],[98.42480566300009,7.833989229000167],[98.42479909800016,7.833922051000116],[98.42477824900016,7.833840355000063],[98.42476239200016,7.833739531999981],[98.42476340300016,7.833634079999968],[98.42477418700014,7.833511939000118],[98.42479744600007,7.833341977999964],[98.42480855300016,7.833186282000042],[98.42480503300004,7.833052019000036],[98.42483356200017,7.832834169000137],[98.42483740900008,7.832683194000026],[98.42483858000008,7.832560957999988],[98.42482707,7.832508115000167],[98.42483503900007,7.832429092000098],[98.42485051400018,7.832318978000046],[98.42484198199998,7.832206236000161],[98.42482099400002,7.832138917000179],[98.42477861000009,7.832047426000145],[98.42475043700017,7.831977641000151],[98.4247057410002,7.83187653900012],[98.4246605850002,7.831823372000088],[98.42463479100019,7.831756010000049],[98.42463131700009,7.831616947000157],[98.42464736700015,7.831446910000011],[98.424636062,7.831372491000025],[98.42462482700006,7.831290884000111],[98.42458713400003,7.831211420999978],[98.42449947500018,7.831078741000056],[98.42446651800003,7.831006514000023],[98.42444338100017,7.830912804999969],[98.42442285500005,7.830797550000113],[98.4243921870002,7.830737328000112]]],[[[98.45554542400004,7.922777176000125],[98.4554386160001,7.922773359000075],[98.45541191199999,7.922800062000022],[98.45536994899999,7.922853469000131],[98.45528602400009,7.922929764000116],[98.45525932400017,7.922967908999965],[98.45522880400011,7.923048017000042],[98.45522499200018,7.923139573000185],[98.45522499100008,7.923208235000175],[98.4552211740002,7.92326164300016],[98.45521736299997,7.923353196000164],[98.45521354400012,7.923448565000172],[98.45522880500005,7.92347526400016],[98.45524025000003,7.923540114000161],[98.45530128500019,7.923650740000085],[98.45531272800014,7.92370414800007],[98.45536231900007,7.923803330999988],[98.45540046500003,7.923868180000113],[98.45543861300018,7.923952101000054],[98.45543861099998,7.923994066999967],[98.45543480100002,7.924074176000147],[98.4554309830001,7.924169542000016],[98.45543098500008,7.924234392000074],[98.45542717,7.924291612],[98.45542716900013,7.924345018000167],[98.4554233560001,7.924398421000035],[98.45541954200013,7.924467087000039],[98.455446242,7.924535753000043],[98.45546913000015,7.924589157000185],[98.45552253700004,7.92464638000007],[98.45560264600016,7.924715042000059],[98.45570564200017,7.924787519000063],[98.45573234500017,7.924829484000099],[98.45575905000015,7.924898149000171],[98.455812455,7.924940107000111],[98.45586204300002,7.924985886000059],[98.45593071100006,7.925001145000181],[98.45599937500003,7.925001145000181],[98.4560527800001,7.925004958000045],[98.45610618500018,7.924962995000044],[98.45616340800018,7.92494010900009],[98.45620536600012,7.924844741000015],[98.45622062700005,7.924791335000066],[98.45629310499999,7.924699783000108],[98.45630455000014,7.924699781000129],[98.45638847100008,7.924688340000159],[98.45648384000009,7.924623488000123],[98.456487654,7.924528120000048],[98.4564456920001,7.924459458000058],[98.45643425000003,7.924402236999981],[98.45643806700008,7.924348830000099],[98.45643806300012,7.924310686000183],[98.45646858300012,7.924230576000127],[98.45646858200007,7.924119950000033],[98.45647239800019,7.924081802000046],[98.456487654,7.924028396999972],[98.4565143580001,7.923959733000174],[98.45655632100011,7.923906326000122],[98.45658683900012,7.923841476000064],[98.45658683700015,7.923788072999969],[98.45659065100011,7.923707964000016],[98.45657539600018,7.923681261000013],[98.4564723950001,7.923582077],[98.45644569600012,7.923540115000094],[98.45642280400017,7.923486708000041],[98.4563846590001,7.923406603000046],[98.45633125300014,7.923337937000042],[98.45626640200004,7.923254015000055],[98.45622825500016,7.923200608000172],[98.45617484900015,7.923158646000047],[98.456136705,7.923128127000098],[98.45608329700008,7.923112871000058],[98.45600700500012,7.923059463000129],[98.45595359800006,7.923044207000089],[98.45587349100009,7.922986983000158],[98.45578193800009,7.922906876000184],[98.45574379200013,7.922849656000039],[98.45573234600005,7.922822953999969],[98.45562553200011,7.922780990000092],[98.45554542400004,7.922777176000125]]],[[[98.4430101960001,7.941948035000109],[98.44282395300007,7.941907984000068],[98.44272928200013,7.941941153000073],[98.44271079100008,7.941947633999973],[98.44259084100014,7.942086770000117],[98.4425839820002,7.942239324000127],[98.44258382100008,7.942358721000176],[98.44262362400008,7.942445005000025],[98.44266625700016,7.942615991000139],[98.44266219400009,7.942628517000117],[98.44265124800006,7.942684522000036],[98.44258432900011,7.94277437400018],[98.44233855200014,7.94302176500014],[98.44224929300009,7.94313410400008],[98.44226103099999,7.943234763000021],[98.44228416600004,7.94336894300011],[98.44237455700016,7.94348041600017],[98.4425436090001,7.943602698000177],[98.44272377000004,7.94370254800009],[98.44293739000011,7.943757474000165],[98.44303861500003,7.943790556000067],[98.44316286900005,7.943935438000153],[98.44324186600005,7.944013394000024],[98.4433544910001,7.944079996000028],[98.44343263400003,7.944079617999989],[98.4434780040001,7.944079399000088],[98.44352311400007,7.944079181000063],[98.44356783400002,7.944078965000017],[98.44364608600011,7.944011443000136],[98.44370098700011,7.943764964000081],[98.44368890400011,7.943597158000046],[98.44367733200005,7.943530070000179],[98.44358694100009,7.943418593000104],[98.44354134400015,7.943284524000092],[98.44350686100006,7.943128020000131],[98.44347260900008,7.943016276000151],[98.4434243180001,7.942877462000183],[98.44328696200006,7.942641936000086],[98.44330594500013,7.942363279000176],[98.44327660800013,7.942261157000075],[98.44320286900012,7.94215392000018],[98.443123162,7.942054315],[98.44302758500004,7.941964394000138],[98.4430101960001,7.941948035000109]]],[[[98.43787306600012,7.944679817000178],[98.4378896340001,7.944533204000038],[98.4378902910002,7.944527385000185],[98.43789141200006,7.944517468000186],[98.43788140800012,7.944431612000187],[98.43785230000003,7.944355395000173],[98.43762119500013,7.944098805000067],[98.43743830500011,7.943908792000059],[98.43743527700008,7.943816477000155],[98.43739388800009,7.942554408000092],[98.43763855800006,7.941781408999987],[98.4377493610001,7.94162540200017],[98.43780416600009,7.941402964000019],[98.43783677600015,7.941202840000187],[98.43792474000014,7.940913600000044],[98.43801302500009,7.940702132000126],[98.43811273400007,7.940557282000043],[98.43820102000007,7.940345813000079],[98.43836117100011,7.940101379999987],[98.4385222000002,7.939855608000073],[98.43904398900008,7.939364568000144],[98.43909915800015,7.939294502000052],[98.43925464200004,7.939097034000042],[98.43934293800004,7.938885559000028],[98.43937545699998,7.938663205000125],[98.4393746390001,7.93846321000018],[98.43928374500007,7.938041368000086],[98.4391590080001,7.937519664000092],[98.43919166900008,7.937330638000049],[98.43932413100003,7.937018974000068],[98.43943380200011,7.93658517800003],[98.4394549550002,7.936307305000071],[98.43940901100012,7.935974155],[98.4393298110001,7.935685590000048],[98.43932917300009,7.935530031000042],[98.43935096100012,7.935407715000053],[98.43928373200015,7.935319101000175],[98.43911610200013,7.935208684000031],[98.43887009700012,7.935009699000148],[98.43854593900011,7.934777703000123],[98.43835556400006,7.934556268000051],[98.4381530870001,7.934101532000057],[98.43808526499998,7.933868467000025],[98.4380555530002,7.933666993999964],[98.43803940900011,7.933557529999973],[98.43806717900009,7.93349219900017],[98.43807253100005,7.933479607000038],[98.43813908200013,7.93340154700013],[98.43819411500016,7.933234647000177],[98.43820467300014,7.93309014600004],[98.43815987100015,7.933034770000063],[98.43810387400003,7.93296833300019],[98.43803663800014,7.932879718000038],[98.43800256300011,7.93272429700005],[98.43786555300011,7.931924802000083],[98.43790599599998,7.931802164000032],[98.43737905800009,7.931407986000124],[98.43690096000017,7.930783441000074],[98.43643914900008,7.929989483000099],[98.43596160900017,7.929500387000132],[98.43521163800017,7.928843081000082],[98.4346155560001,7.928439141000069],[98.43389969100008,7.927815550000048],[98.4326386210002,7.926770845000078],[98.43246280700004,7.926631781000083],[98.4321447710002,7.926403433000019],[98.43209842300007,7.926370157000122],[98.43208995100008,7.926368386000036],[98.431868049,7.926321978000146],[98.43176042200008,7.926321832000099],[98.43174651100009,7.926321813000015],[98.43167523300008,7.926321715000029],[98.43158960000017,7.926321599000175],[98.43152386900016,7.926352697000084],[98.43137002900005,7.926472273000059],[98.43132959400015,7.926597659000095],[98.431310694,7.926656268000102],[98.43130296400005,7.926666680000039],[98.43122700300012,7.926768992000177],[98.43101249,7.927057919],[98.43098532400006,7.927150470000129],[98.43081257500012,7.927739035000059],[98.43079061200012,7.927813867],[98.43069537200006,7.928191486000117],[98.43050412500014,7.928506619000132],[98.43047631600007,7.928535445000023],[98.43020352500014,7.928818208000052],[98.43012020499998,7.928894146000118],[98.43009506900006,7.92891705500017],[98.43003371800006,7.928959673000122],[98.42993193500007,7.92903037800005],[98.42983945400016,7.929034641000158],[98.42977114600018,7.929037791000042],[98.4296848240001,7.928970662999973],[98.42968496900005,7.928865362000067],[98.42970835000011,7.928800376000027],[98.42970358600007,7.928789651000102],[98.42965641400008,7.928683441000032],[98.42962166800004,7.928648705000171],[98.42957917000007,7.928606218000141],[98.42956674200013,7.928598992000047],[98.42934926500016,7.928606437000042],[98.4290706320001,7.928740076],[98.42883868500019,7.92881946000017],[98.42879205000014,7.928835422000077],[98.42869551700005,7.928835290000052],[98.42858081300017,7.928835132000074],[98.42847525800005,7.928787123000063],[98.4284273830001,7.92869132800007],[98.428406054,7.92869129900015],[98.42830256100007,7.928691157000117],[98.42821101600003,7.928762666000125],[98.42816799200006,7.928796274000035],[98.42814221700013,7.92884749000018],[98.42810059400017,7.928930200000082],[98.42793715400012,7.929083142000138],[98.42765841400018,7.929293359000042],[98.42763684700003,7.929300238000167],[98.4273894480001,7.929379145000041],[98.42715885900014,7.929484128000126],[98.42715746500016,7.929484682000179],[98.42691868600008,7.929579527000101],[98.42671675600002,7.929789850000191],[98.42635144100012,7.930114823000167],[98.4263193170001,7.930138773000181],[98.42623610000004,7.930200819000163],[98.42618817100009,7.930143317000045],[98.42619791900017,7.930038030000105],[98.42630447300013,7.929708633000132],[98.42644863800007,7.929262978000111],[98.42644886400006,7.929100240000139],[98.42637555100015,7.928968248000047],[98.42635308500007,7.928927798000075],[98.42607487600003,7.928755104000174],[98.42597167800005,7.928754961999971],[98.42580602600003,7.928754734000165],[98.42568269800012,7.928767281000034],[98.42552754000008,7.92878306800003],[98.42522008500009,7.928926236000109],[98.4248163220002,7.929279872999984],[98.42469130000012,7.929423293000127],[98.42447968900012,7.92969103900009],[98.42425859700012,7.929872616000125],[98.42424441700001,7.929909125],[98.4242247590002,7.929959742000051],[98.42413968200015,7.930178803000103],[98.42409773600008,7.930345092000096],[98.42397677999998,7.93043254100013],[98.42394463700009,7.930455780000045],[98.4237781450002,7.930469381000023],[98.42373154100005,7.930473188000065],[98.42361089600013,7.930483043999971],[98.42352929500004,7.930482931000086],[98.42330676100005,7.930482623000046],[98.423291097,7.930482601000051],[98.42298524400019,7.930454452000106],[98.4227627750002,7.93045414300019],[98.42268954100018,7.930469683000013],[98.42256805500006,7.930495462000124],[98.42219248600014,7.93060583800019],[98.42211464300004,7.930549232000146],[98.42203969300004,7.930494729000145],[98.42191476900018,7.930342068000016],[98.42176211200007,7.930133921000163],[98.4216069380002,7.929978783000081],[98.42158160800005,7.929953459000103],[98.42133129200016,7.929980838000176],[98.42113665500011,7.92996670499997],[98.42104460300015,7.929917595000177],[98.42071983500006,7.929744327000037],[98.42068282600013,7.929704858999969],[98.42064174500018,7.929661049000117],[98.42039089300005,7.929393531000187],[98.42026538100015,7.929259683000112],[98.420128739,7.929113960000052],[98.42009507900008,7.929078064000066],[98.4200018360001,7.92883134200008],[98.41990113800011,7.928564888000096],[98.41979023400017,7.928329074000089],[98.41960969300004,7.928176336000092],[98.41955164600017,7.928169019999984],[98.41950941600004,7.928163696000126],[98.41945156300011,7.928164062000121],[98.41945156400004,7.928175311000075],[98.41896330500003,7.928215695000063],[98.41850543700019,7.928299917000118],[98.4184423120002,7.928326611000159],[98.41780806300005,7.928594817000146],[98.41740364300017,7.928888542000038],[98.41700729900003,7.929317052000158],[98.4165735520001,7.929783159000067],[98.41640966300014,7.930113366000114],[98.4162686910002,7.93053336100013],[98.41625133900004,7.931074008000053],[98.41624909400008,7.931143933000044],[98.41624873600006,7.931155085000057],[98.41638504000014,7.931363015000045],[98.4163867810002,7.93136567],[98.41646292800004,7.931387319000123],[98.41669234300008,7.932209541000077],[98.41669830200016,7.932230899999979],[98.4166374400001,7.932501657000103],[98.41654807100008,7.932689250000067],[98.4163154040001,7.93273511700005],[98.41610619700009,7.933005572000127],[98.41594820000006,7.933422155000073],[98.41587975099998,7.93359065500016],[98.41579991500015,7.933703278000166],[98.41572021100012,7.93371860700006],[98.41565673600013,7.933707577000064],[98.41556959700011,7.933662699000081],[98.41554351100007,7.933475389000023],[98.41551976600016,7.933243505],[98.41548256800007,7.932928156000116],[98.41544813300015,7.932629893000069],[98.41542005300016,7.932386683],[98.4152392760002,7.932267573000104],[98.41513407800005,7.93226050100003],[98.41502162500007,7.932313380000096],[98.4149096700001,7.932486087000086],[98.41485526500014,7.932695726000077],[98.41483573600004,7.932770982000079],[98.41483584900016,7.932798303000141],[98.41483667900019,7.932995665000135],[98.41491284900013,7.933249997000019],[98.41502652300011,7.933489205000114],[98.4151630720001,7.933810699000048],[98.41523933900015,7.934087498000167],[98.41527755599998,7.934244622000165],[98.41529335800004,7.934431791000122],[98.41524928100006,7.934671619000085],[98.41526517900013,7.934881253000185],[98.41533480800013,7.935367769000095],[98.41551021400005,7.936003636000066],[98.41557902800008,7.936295431000133],[98.4156027780001,7.936587406000058],[98.41560343200013,7.936744670999985],[98.415551441,7.936887167000066],[98.41552925300016,7.936969636000072],[98.41558307600008,7.937268974000119],[98.41560681800007,7.937560941000015],[98.41556299500007,7.937860670000077],[98.41548098900006,7.938010772000041],[98.41536943600016,7.938280815000098],[98.4151749770001,7.938483788000099],[98.41510837400006,7.938723695000135],[98.41513934800014,7.938948229000061],[98.41536593300015,7.939246867000065],[98.41558494100013,7.939530554000044],[98.41596218100005,7.939933422000138],[98.41617380000008,7.940247088000149],[98.41621219200005,7.940449124000168],[98.41624307400014,7.940651186000025],[98.41622907600004,7.94089835900013],[98.4162449330002,7.941100482000081],[98.41628283000006,7.941182703000038],[98.41630586399998,7.941302424000071],[98.41632913400014,7.941482051000094],[98.41637522300016,7.94172898],[98.41639126700005,7.941976029000102],[98.4165272640002,7.94240036400015],[98.4166047810001,7.942705946000046],[98.41667408700016,7.942979146000084],[98.41696533400005,7.943288406000079],[98.41738070800011,7.94343161200004],[98.41792004200016,7.943429574000049],[98.41849636300014,7.943422475999967],[98.4191654620002,7.943204553000157],[98.41936906900003,7.943133344000046],[98.41936907000013,7.943132257000059],[98.4196790220002,7.943024944000115],[98.41992638100015,7.942949080000062],[98.42034208900009,7.942782891000093],[98.4206457460001,7.942588278000073],[98.42069395100009,7.942589032000114],[98.42089925500017,7.942449500000123],[98.4229166770001,7.941417755000089],[98.42367025400006,7.941113635000022],[98.42424594900018,7.940970996000033],[98.42438222900006,7.940961895000044],[98.42538995900014,7.940894600999968],[98.42539712500019,7.940895829999988],[98.42582169900015,7.941012005000118],[98.42677933300018,7.941206805000093],[98.42769767600004,7.941540880000105],[98.42865704000019,7.942153014000098],[98.42939655800006,7.942626936000067],[98.42950134000006,7.942726937999964],[98.42953009600012,7.94272738900014],[98.42998923200008,7.943191422000041],[98.4302727450002,7.943331024000031],[98.43057717500017,7.943297041000164],[98.43116280600003,7.943294233000131],[98.43124074200006,7.943293859000107],[98.43145872700006,7.943379557000071],[98.43170529300005,7.943633740000053],[98.43180656100009,7.943710961000136],[98.43188007500015,7.943767016999971],[98.43198339200006,7.943853301],[98.43209481600007,7.94397899400019],[98.43215886600018,7.944128583000065],[98.43227044700012,7.944285833000094],[98.43227722500012,7.944290992999981],[98.43244688200002,7.944420145000038],[98.432548511,7.944497511],[98.43265191000012,7.94459957600003],[98.4326919080001,7.944686168000089],[98.43274754300012,7.944733238000083],[98.43282559200014,7.944711618000042],[98.43292144300017,7.944685068000183],[98.43307970600017,7.944676416000163],[98.43322237000007,7.94471517900007],[98.43337016600003,7.944809919000136],[98.43338117600007,7.944816976000084],[98.43355600200016,7.944958145000101],[98.43362777900012,7.945068252999988],[98.43368361100016,7.945154769000055],[98.43378693100016,7.945241058000022],[98.43388207100003,7.945272156000101],[98.43400882900005,7.945295219000116],[98.43413550800017,7.945302498000103],[98.43450860900003,7.945521614000143],[98.4347869230001,7.945780629000126],[98.43554156200014,7.94618245099997],[98.43585613700014,7.946256104000156],[98.43603007900015,7.946296497],[98.43612037800006,7.946317468000075],[98.43625887600012,7.946366911000155],[98.436447401,7.946366003000094],[98.43648763400006,7.946350743000039],[98.43654776000005,7.946327938000024],[98.43664768800016,7.946202181000046],[98.43673460900015,7.94598879800003],[98.43680876700006,7.94577603800002],[98.43680896400019,7.945775471000047],[98.43680962900015,7.945774850000134],[98.43698411300005,7.945611771000017],[98.43719702500005,7.945460416],[98.43749754400017,7.945233474000077],[98.43754079100006,7.945150359000024],[98.43761612399999,7.945005581000146],[98.43778745100008,7.944794768],[98.43787306600012,7.944679817000178]]],[[[98.44947968200017,7.961319297999978],[98.4495511360002,7.961221605],[98.44959528700002,7.961146246000055],[98.449615258,7.961033429000054],[98.44964139000007,7.960789078000175],[98.44963548800007,7.960634192000157],[98.44969736200005,7.960400285000105],[98.44974431700012,7.960198765000086],[98.44984677000014,7.959965760000102],[98.44990688000019,7.959844373000067],[98.44997500700003,7.959706795999978],[98.4500638200002,7.959344689000147],[98.4499834940001,7.958854237000082],[98.45000787300006,7.958557033000147],[98.45004573400013,7.958363101000089],[98.4502646110002,7.958090795000146],[98.45050836700011,7.95762462600004],[98.4506363960001,7.957326933000161],[98.450802624,7.956899896000095],[98.45108397500013,7.956188160000181],[98.45135528300017,7.956031856000038],[98.4517824780001,7.955952297000124],[98.45227473500006,7.955924079999988],[98.4527368150001,7.955874312000162],[98.45286009400007,7.955918312000051],[98.45301669500014,7.955917553000063],[98.45325129000014,7.955860674000064],[98.45332460000014,7.955809896000119],[98.45342960600016,7.955737167000052],[98.45359608700016,7.95549107800008],[98.45377234300014,7.95497736100009],[98.45381897900012,7.954515893000121],[98.45384674200017,7.954241171000092],[98.45381094900017,7.95381769100004],[98.45354008200002,7.953361913000037],[98.45328060100013,7.952939529000048],[98.45309137900011,7.952694012000109],[98.45306660100005,7.952661863000174],[98.45297548100012,7.952350154000044],[98.45286093100009,7.9518379000001],[98.4527272750002,7.951548814000034],[98.4526346560001,7.951348490000157],[98.45257225000006,7.951281320000078],[98.45254822300012,7.951255459000151],[98.45238719800005,7.951082142000132],[98.4523720320002,7.951075816000127],[98.45210820200003,7.950965778000068],[98.45201730100007,7.95092786500004],[98.45172615200005,7.950862390000054],[98.45169882100004,7.950864999000032],[98.45135724900018,7.950897620000148],[98.45118396300006,7.950949336000122],[98.4509775620001,7.95101093500017],[98.45090704800015,7.951019315000167],[98.45058633700017,7.951057424000055],[98.45022920800017,7.951204070000074],[98.44999146200007,7.9514240150001],[98.44981734300012,7.951585094000166],[98.44953877600005,7.951787105000108],[98.44912645200009,7.952078949999986],[98.44910009900013,7.95214367900013],[98.44904914200009,7.95226884200008],[98.44899460900007,7.952536660000021],[98.44890663100011,7.952826939000147],[98.4488066620001,7.952961202000154],[98.44868416600008,7.953003731000024],[98.44841588700018,7.953096875000085],[98.44826772000005,7.953145076000112],[98.44751141900014,7.953391113000123],[98.4467297590001,7.953640158000042],[98.44618325300019,7.953943814000127],[98.44583823900007,7.954279941000095],[98.44558282400016,7.954637933000072],[98.44521681100014,7.955241739000144],[98.44509549500003,7.955576792000045],[98.44483322100001,7.956782174000125],[98.44483596700007,7.957317335000084],[98.44491751700008,7.957952478000152],[98.44502110800005,7.958520625000176],[98.44529311300005,7.959210621000068],[98.44565387300008,7.959755253000026],[98.44580065700012,7.96002216100004],[98.44587954399998,7.960133286000087],[98.44604767600003,7.960199381000166],[98.44623772000017,7.960176164000075],[98.446439005,7.96016404400018],[98.44676340400014,7.960162481000111],[98.44683074900013,7.960206760000119],[98.44692111200004,7.960373584000081],[98.44723450000004,7.960695675000181],[98.44733017200014,7.960798508000096],[98.44739574500011,7.960888708000084],[98.44748543700007,7.961004410000044],[98.44756632600013,7.961074043000053],[98.44769689700018,7.961143437000089],[98.44778970700003,7.96119934900014],[98.44787388700007,7.961243349000029],[98.44793047900015,7.961253323000165],[98.44799555000009,7.961246177000078],[98.44805376600016,7.961239066000132],[98.44810344200016,7.961237118000156],[98.44815312700007,7.961236878000136],[98.44824911600011,7.961244958000066],[98.44839150500007,7.961280136000141],[98.44845676200009,7.96130885700012],[98.4485495460001,7.961359645000073],[98.44863902100013,7.961432653000031],[98.44873880100005,7.961510735000104],[98.44881951400009,7.961546212000144],[98.44895163900009,7.961584856000115],[98.44903215300019,7.961581055000067],[98.44914847700005,7.961546335000037],[98.44923058200015,7.961520322000126],[98.44934510000002,7.961466824000127],[98.44947968200017,7.961319297999978]]],[[[98.45251177600005,7.963877077000177],[98.4524827530002,7.963858559000073],[98.45244186000014,7.963848578000011],[98.45237388300006,7.963864172000058],[98.45228880700017,7.963864582000099],[98.45221895800017,7.963847956000166],[98.45211476000003,7.963772130999985],[98.45204657500017,7.963748714000133],[98.45199565000013,7.963740761000054],[98.45194529400004,7.963741003999985],[98.45188457000017,7.963751682000179],[98.4518360850002,7.96377788],[98.45174781000009,7.963831969000182],[98.45169226100018,7.963835698000025],[98.45165055000018,7.963828974000023],[98.45157577300012,7.96380856400009],[98.45150271400001,7.963784679000128],[98.45147491100016,7.96378135100008],[98.45134522700005,7.96376376000012],[98.45117282100017,7.96372467000009],[98.45109671,7.963721043000021],[98.45101275700011,7.963749392000182],[98.45084521100006,7.963873953000075],[98.4507176520001,7.963986347000116],[98.45057006800016,7.964098835000016],[98.45047829900011,7.964163151000037],[98.45039453600003,7.964227430000108],[98.45036287300013,7.964299441000094],[98.45036284100013,7.964299689000143],[98.45034750400004,7.964423268000132],[98.45035626200001,7.964443677000133],[98.45039402600014,7.964490549000118],[98.45044266900015,7.964533752000023],[98.45048647500005,7.964578184000175],[98.45053149900008,7.964623816000028],[98.45064344600019,7.964736695000056],[98.45077602700002,7.964860333000161],[98.4508672550001,7.964945562000025],[98.45096202400009,7.965013880000186],[98.45110650800012,7.965098852000096],[98.45125106400019,7.965198302000147],[98.45151474300008,7.965335498000115],[98.45160042500004,7.965384455],[98.45165134900014,7.965415064000126],[98.45176804300007,7.965474977000042],[98.45181768400016,7.96549695300007],[98.45189459900007,7.965526203000024],[98.45198399200007,7.965573907000021],[98.45200639400014,7.965596016000177],[98.45202508699998,7.965619373000095],[98.45203761600004,7.965647700000034],[98.4520402120001,7.965669903000162],[98.45204038200012,7.965701992000049],[98.45203935100011,7.965741490000141],[98.45203834700004,7.965785926000081],[98.45204597600002,7.96582415000006],[98.4520559930001,7.965845085000126],[98.4520721630002,7.96585858300017],[98.45212674000015,7.965878068000052],[98.45218003600013,7.965888920000111],[98.45237471700017,7.965945990000023],[98.45240200500012,7.965955731],[98.45241939100015,7.965965522000033],[98.45243807100007,7.965986412000177],[98.45245436200008,7.966023361000111],[98.45250071300012,7.966125577000014],[98.45252085099997,7.966187193000167],[98.4525349340002,7.966274753000107],[98.45255259500016,7.966337612000075],[98.45258891000003,7.966413962],[98.45261629700008,7.966442216000019],[98.45264615800016,7.966470459000163],[98.45269086000013,7.966494929000021],[98.45280119199998,7.966521549000106],[98.45285446400015,7.96652746500007],[98.45293771900003,7.966520914000171],[98.45298812200019,7.966516948],[98.45303755400005,7.966499431000045],[98.45307453900017,7.966469633000088],[98.45311134100018,7.966405275000113],[98.453133095,7.966305197000167],[98.4531374720001,7.966196566000121],[98.45313310700004,7.966074399000092],[98.45306314300012,7.96581490300008],[98.45302878000018,7.965752307000059],[98.4529825680001,7.965701641000123],[98.452919394,7.965661234000095],[98.45285616500018,7.965610650000144],[98.45279983600005,7.965576996000038],[98.45276226600015,7.965551733000154],[98.45272629900012,7.965507803999969],[98.45267314100016,7.965430032000143],[98.45263528300006,7.965350491000038],[98.45260255300019,7.965274317000137],[98.45257457900016,7.965133663000017],[98.45255006500008,7.965003169000056],[98.45250876300008,7.964915165999969],[98.45243993900004,7.964771319000079],[98.45241748000007,7.964706970000179],[98.45241202700004,7.964640845000133],[98.45241147299998,7.964537378000159],[98.45245447700017,7.964303095000048],[98.45252999400014,7.964104276000057],[98.45254821000003,7.964009203999979],[98.45254094300003,7.963922732000128],[98.45251177600005,7.963877077000177]]]]}},{"type":"Feature","properties":{"districtCode":"TH8302","provinceCode":"TH-83","nameTh":"อำเภอกะทู้","shapeName":"Kathu","shapeISO":"TH8302","shapeID":"TH8302","shapeGroup":"THA","shapeType":"ADM2","labelPoint":[98.32115303,7.92173336]},"geometry":{"type":"Polygon","coordinates":[[[98.28854282800012,7.970919013000184],[98.28884892000002,7.970397980000143],[98.28907847500011,7.970018061000076],[98.28934089600006,7.969540413000118],[98.28951587500006,7.969203870000115],[98.2897344320001,7.968878267999969],[98.289974729,7.968585299000154],[98.29010236400018,7.968465176000109],[98.29038959500008,7.968194836000123],[98.29064072200015,7.967945351000139],[98.29077797900004,7.967843645000073],[98.29104438600012,7.967728724000096],[98.29140422700016,7.967642412000032],[98.29181852900018,7.967577925000114],[98.29226551200009,7.967524360000027],[98.29272337800018,7.967481676999967],[98.29317037900012,7.96741724300017],[98.29359563700012,7.967320174],[98.29404256300018,7.967299206000064],[98.29443487500009,7.967343334000191],[98.29479449500019,7.967387410000072],[98.29518696200006,7.967344613000023],[98.29554670900006,7.967312625000034],[98.29587377600006,7.967269721000036],[98.29614637900016,7.967204987000173],[98.29642997600007,7.967085941000107],[98.29669181200006,7.966945130000056],[98.29703022500007,7.966641457000094],[98.29728127100009,7.966435432000026],[98.29749826300008,7.966267022000125],[98.29763052300018,7.966164372000151],[98.29791421300001,7.96599100200018],[98.29823052600017,7.96586114500019],[98.2985903280001,7.965796559000182],[98.29889548500006,7.965818805000083],[98.29938580200019,7.965917427000022],[98.29985207400006,7.966050266000138],[98.30026825800002,7.966168832000164],[98.30069310800019,7.966310808000173],[98.3011397570001,7.966452817000118],[98.30147746500018,7.966562045000103],[98.30183706400015,7.966616979000037],[98.30216405700014,7.966617529000075],[98.30250202000013,7.966574638000168],[98.302774645,7.966499033000048],[98.30312367600004,7.966358365000133],[98.30347261300005,7.966272022000169],[98.30375608000014,7.966229036000186],[98.30414847200012,7.966229695000152],[98.30442096100018,7.966230152000094],[98.30468257400008,7.966219724000098],[98.30491158100011,7.96615491100016],[98.30507529600004,7.966024794000134],[98.3051736880002,7.965851106000173],[98.30526134200016,7.965579602000048],[98.30534889100005,7.965373294000074],[98.30548025500008,7.96503667200011],[98.30564424100015,7.964743564000173],[98.30582999800015,7.964472231],[98.30607028100002,7.964179251000132],[98.30610043100006,7.964133448000155],[98.30625605000006,7.963897049000025],[98.30640899700018,7.963690849000045],[98.30663847600005,7.963343522000173],[98.30682431800017,7.96301785300011],[98.30702096800007,7.962746536000168],[98.30718382200007,7.962604580000118],[98.30737477200006,7.962489147000099],[98.30765365800005,7.962443342000086],[98.30810791700003,7.962445734000141],[98.30828296400006,7.962426317000052],[98.30846302400005,7.962386738000021],[98.30865311300005,7.962332229000083],[98.30881821100019,7.96227269000002],[98.30912337000012,7.962173509000081],[98.30935355200018,7.962059252000131],[98.30951871700006,7.961959839000144],[98.30968388000014,7.961860425000111],[98.30986908200003,7.961736120000012],[98.31005932000011,7.961591890000022],[98.31024949700014,7.961482551000074],[98.31043969400014,7.961363238000104],[98.31060493300009,7.961218965000114],[98.31080792900019,7.961022380000145],[98.31089838600008,7.960772478000081],[98.31102220000002,7.960327937000159],[98.311115267,7.959868005000089],[98.3112236450001,7.959454104000031],[98.311378172,7.959040282999979],[98.31157882800011,7.958641875000069],[98.31176414700008,7.95821276800018],[98.3119801580001,7.957829722000099],[98.31227308400014,7.957446801000117],[98.31270451300009,7.957033437000064],[98.3129510350002,7.956803806000153],[98.31330542000012,7.95646699100007],[98.31370610700014,7.956038242000034],[98.31396813700019,7.955731952000065],[98.31423029400008,7.955348978000188],[98.31441568500009,7.954873859000031],[98.31452421000006,7.9543679410001],[98.31457132700018,7.95378524400013],[98.31458747300007,7.953325180999968],[98.31452655300018,7.952957015999971],[98.31440417500016,7.952542736000169],[98.31418967000013,7.95202095000019],[98.31416204100003,7.951935071999969],[98.31403662700012,7.951545271000157],[98.31391462900018,7.95090094700015],[98.31379248100018,7.950348642],[98.31371625400004,7.94993444],[98.31371709500019,7.949428344000069],[98.3137795180001,7.948891678000052],[98.31385725100006,7.948401051000076],[98.31402735799998,7.947864565000089],[98.31432063100004,7.947266933000037],[98.31462918500017,7.94673067400015],[98.31489128300018,7.946378370000104],[98.31519958799998,7.945995477000167],[98.31555428700011,7.945459287],[98.31583186800009,7.945045667999977],[98.31605472200005,7.944591700000103],[98.31624118700012,7.944109423000043],[98.3164202960001,7.943465531000072],[98.31650798100014,7.943171132000145],[98.31658131400013,7.942933262],[98.31670119800009,7.942616143000123],[98.31686761400016,7.942226379000033],[98.31697235700005,7.941933152000047],[98.31745721800013,7.942139164000025],[98.31756308500007,7.942175399000121],[98.31805970000005,7.942345369000122],[98.31854453900007,7.942566037000063],[98.31876486800013,7.942698323],[98.3189556700001,7.942903852000086],[98.31910221700008,7.943197258000168],[98.31927790700018,7.943651954000131],[98.31942421400015,7.944091941000067],[98.31962935700017,7.944517368000163],[98.31990811400004,7.944884286000161],[98.32027513700012,7.945222024000032],[98.32062753000002,7.945515769000053],[98.32118552800006,7.945956429000148],[98.32168480800016,7.946338358],[98.3218400680002,7.946476868000104],[98.32222803500002,7.946822969000038],[98.32294755300006,7.947395814000117],[98.32343208800012,7.947807037000132],[98.32385771400016,7.948276797000062],[98.32444503400006,7.948776134000127],[98.32504724200015,7.949158232000116],[98.32547387900019,7.949294057000031],[98.32591219100004,7.949311256000158],[98.3264880970001,7.949204541000086],[98.326929457,7.949044016000073],[98.32762089400012,7.948810605],[98.32812111600015,7.948620854000069],[98.32851829700002,7.948504226000182],[98.32889927500014,7.9484585780001],[98.32925341100008,7.948534733000088],[98.32962066300013,7.948740543000099],[98.33004653600011,7.949063711000179],[98.33052706100017,7.949401171000034],[98.33085428900006,7.949636686000076],[98.33106414600007,7.949715358],[98.33135357800006,7.949740559000077],[98.33160404199998,7.949711185000126],[98.33211882300003,7.94960940600015],[98.33253075400012,7.949463485000024],[98.33295752900017,7.949229634000119],[98.33341383200019,7.948922542000162],[98.33378195700016,7.948585989000094],[98.33420894300014,7.948220217000028],[98.33457372100014,7.947964737],[98.33491536200006,7.947810914000172],[98.33544491900011,7.947665179000126],[98.33604791400018,7.947563535000029],[98.33693023100005,7.947491647000163],[98.33790071900006,7.947449222000103],[98.33853300600009,7.947420910000062],[98.33912123000005,7.947363216000099],[98.33970943300017,7.947320173000151],[98.34019475900016,7.947247654000137],[98.3405298850002,7.947141453000143],[98.3408421690001,7.946955514000081],[98.34126907700005,7.946633704000135],[98.34170587500012,7.9461621210001],[98.34207913600005,7.945770145000154],[98.34237385500018,7.945360176000065],[98.34271268100014,7.944950277000032],[98.34297782500005,7.944642872000088],[98.34331658100018,7.94427694500007],[98.34359633800017,7.944028196000033],[98.34381219300013,7.943835137000121],[98.34403806500018,7.943633117000104],[98.34440627100008,7.943237920000172],[98.34480390200008,7.942828111000097],[98.34527477600011,7.942594319000136],[98.34577488900004,7.942463179000129],[98.34623078200019,7.942405264],[98.34668662300015,7.94237666500004],[98.34705420400007,7.94237724200002],[98.34737719800017,7.942386451000175],[98.34755915000011,7.94238673600006],[98.34774107500016,7.942403514000034],[98.34794775700004,7.942453310000076],[98.34814605700012,7.942577302000018],[98.34831949300008,7.942734234000056],[98.34852590100007,7.942957182000043],[98.34869924600014,7.943171834000054],[98.34885607200016,7.943369966000091],[98.34903768700013,7.943584630000089],[98.34922771300006,7.943708604000051],[98.3494591060001,7.943824404],[98.34978149300008,7.943932097000129],[98.35012050600011,7.943982097],[98.35033361600017,7.944068374000153],[98.3519400290001,7.943675659000064],[98.35223976900005,7.943553161000068],[98.35253074600007,7.943404292000082],[98.35278649000008,7.943246588000022],[98.35355098200012,7.942444475000173],[98.35385046500011,7.941733054000167],[98.35424023500019,7.939274584000145],[98.35454382900008,7.938271351000026],[98.35477628700016,7.937463870000101],[98.35491730600017,7.935495010000068],[98.35513668700014,7.93469238900019],[98.35570837700016,7.933923761000187],[98.3584661910001,7.931387594000057],[98.35874034500006,7.931208202000107],[98.35903497300006,7.931135252000104],[98.35932969500016,7.931135705000088],[98.35962704000013,7.931195987000081],[98.35975620900007,7.931303647000107],[98.36049247000017,7.932609596000077],[98.36122935399999,7.933514059000061],[98.36236907400018,7.934335502000067],[98.36456550700007,7.935409482000125],[98.36548500900017,7.935650875000078],[98.36584634300004,7.935572372000081],[98.36633222300009,7.935404044],[98.36597454800005,7.933712337000088],[98.36576286900004,7.932862662000048],[98.3655159070002,7.931871369000021],[98.36549684900007,7.931280774000072],[98.3654310610001,7.930776372000082],[98.3653784060001,7.930391427000131],[98.36527269300018,7.929886964000048],[98.36512718400013,7.929289537000102],[98.36500828000004,7.928705425999965],[98.36484941800006,7.928134523999972],[98.36462416500012,7.92745735200009],[98.36457152900005,7.927059135000093],[98.36457218100009,7.926634458000024],[98.3645730560001,7.926063798000087],[98.36454709000009,7.925639086000103],[98.36452132400007,7.925081654000167],[98.36452228000013,7.924457912999969],[98.36449659300007,7.923847401000103],[98.36441741900012,7.923396059000083],[98.36424500600015,7.922984391000114],[98.36395283500019,7.922545999000079],[98.36355423700007,7.922067625000125],[98.3631025590002,7.92148300600013],[98.3609738130001,7.919413585000086],[98.36010029300013,7.918557095999972],[98.35939728200015,7.917463090000069],[98.35916341000012,7.916799169000114],[98.3589409710001,7.915906222000046],[98.35892749000016,7.915066292000176],[98.35901031000009,7.914535018000095],[98.35974922900004,7.906374142000061],[98.3597490210002,7.906374129000142],[98.35976375700017,7.906215497000176],[98.35976415900018,7.906213616000116],[98.3597778890001,7.906149074000098],[98.35993810600013,7.906167654],[98.36016370200014,7.906193818000077],[98.360824,7.906295034999971],[98.3608932200001,7.906305647000181],[98.36186879500008,7.90646929400009],[98.362042057,7.906481474000032],[98.36229216100008,7.906507219000162],[98.36249227000008,7.906520973000056],[98.36260469500002,7.906525632000125],[98.36291503200005,7.906512650000138],[98.36327935800017,7.906486303000179],[98.3634030250002,7.906493220000129],[98.36358960300015,7.906533859000035],[98.36384922000008,7.906588696000028],[98.36391647400012,7.906606111000144],[98.36400271800017,7.906628443000045],[98.36407235800004,7.906646472000034],[98.364158933,7.906668892000084],[98.36418325000017,7.906675186000086],[98.36500609400002,7.907009934000087],[98.3651536750001,7.907086739000135],[98.36543458100005,7.907232918000034],[98.365648803,7.907361515000105],[98.36596568100015,7.907661288000156],[98.36610269800019,7.907798317000015],[98.36623983300007,7.907858385],[98.36627957900015,7.907865139000023],[98.36653030800005,7.907907738000119],[98.3665303350001,7.907907742000134],[98.36690006000009,7.90797055000013],[98.3669391520001,7.907973970000057],[98.36740738500004,7.908047094000096],[98.36756589900017,7.90804461100015],[98.36795125900011,7.908034296000096],[98.36791233200017,7.906674542000019],[98.36789370100013,7.905704415000173],[98.36787857000002,7.904916623000133],[98.36787461400007,7.90438401300014],[98.36787319400014,7.904193218000103],[98.36793933700017,7.903295537000133],[98.36823934400002,7.901138092000053],[98.3680895510002,7.900890233999974],[98.36786418100019,7.900588606000099],[98.36780788600004,7.900515711000025],[98.36780438200009,7.900510977000124],[98.36770011900012,7.900408770000126],[98.3676431090002,7.900374269],[98.3675658840001,7.900326933000031],[98.3675098990002,7.900299786000176],[98.36736185100017,7.900239867000096],[98.36719518500007,7.900166443000046],[98.36701510300009,7.900096918000088],[98.36694698500014,7.900081683000167],[98.3668534040001,7.900070238000183],[98.36677041200016,7.900073561],[98.36651756200007,7.900136045000011],[98.36639898700008,7.900187832000142],[98.36612369500006,7.900288642000135],[98.36605941200014,7.9003237],[98.36586780200008,7.900426428000173],[98.36569799600011,7.900500846000114],[98.36524674400005,7.899130850000063],[98.36520281600014,7.899020865000125],[98.36519811800014,7.899013258000139],[98.36516309400008,7.898991360000082],[98.36513514300015,7.898986666000042],[98.36456188000005,7.89910193999998],[98.36434751100018,7.899129484000127],[98.36399317400009,7.899163979000093],[98.36391588600009,7.899165212000071],[98.36387228300009,7.899156992000087],[98.36385642300002,7.899139145000163],[98.36385051200017,7.899132498000029],[98.36384511500017,7.899097156000153],[98.36381581400013,7.898817627000028],[98.36380750100005,7.898738308000134],[98.3638130130002,7.898697546000108],[98.36383214900019,7.898662242000057],[98.36388404900003,7.898594369000023],[98.36389552800017,7.898565883000117],[98.36389902000008,7.898544147000109],[98.36389507100006,7.898518280000189],[98.36389403800007,7.898515687999975],[98.36380817100013,7.898300698000128],[98.36370223800014,7.898047759000065],[98.36359895600015,7.897846461000142],[98.36350376100017,7.897704973000145],[98.36344768000004,7.897632526999985],[98.363373163,7.897536256000137],[98.36314455700011,7.897285842000031],[98.36296757100001,7.89714694900016],[98.36245635900019,7.897077015000036],[98.36244339000012,7.897073293000119],[98.36235018800005,7.897069890000068],[98.36193716500003,7.897125404000064],[98.36144806100009,7.897091403],[98.3607924420001,7.896901964000051],[98.36007398200019,7.896585043000016],[98.35988342400003,7.896462050000082],[98.35958839500006,7.896253005000062],[98.35934686700011,7.896072089000029],[98.3592359380001,7.895953330000054],[98.35902858300011,7.895615464000173],[98.35876687900009,7.895111773000167],[98.35846448600006,7.894809339000176],[98.3576880820001,7.894204204000118],[98.35736552600008,7.8938816000001],[98.35723533200013,7.893206999000142],[98.357203976,7.892907236000099],[98.35715760099998,7.892463914000189],[98.35712414200015,7.892354882000063],[98.357108621,7.892304323000019],[98.35699807500015,7.892169177000028],[98.35683822500005,7.892083046000096],[98.3566660080001,7.892039835],[98.35633377400012,7.892020916000149],[98.35561387899997,7.89200753900019],[98.355195509,7.891982351000024],[98.35481404700005,7.891963359999977],[98.35434648,7.891919693000034],[98.35408193100005,7.891900879000048],[98.35387275900018,7.891876016000026],[98.35370670300011,7.891826677000154],[98.3535468560001,7.891740541000104],[98.35336862000014,7.891611427999976],[98.35315352700019,7.891439311000056],[98.35287698400009,7.891218023000022],[98.3527050020001,7.891021434000038],[98.35224931100015,7.890463000000182],[98.35158670400011,7.889540052000029],[98.35108679800015,7.888903632000108],[98.35105620400009,7.888864684000112],[98.35077022700017,7.88850061200003],[98.35030662000008,7.887909564000154],[98.3500131400001,7.887535408000076],[98.34965694400012,7.887030602000038],[98.34928575800018,7.886599918000115],[98.34898901200012,7.88612486500017],[98.3486777440001,7.885427314000083],[98.34836618800011,7.884907746000067],[98.34760855600013,7.884298491000038],[98.347103807,7.883674798000015],[98.3465400300002,7.882754390000116],[98.34618384200019,7.88224957400007],[98.3457684130002,7.881581528000027],[98.34524919200015,7.880705680000062],[98.34492305800012,7.880008106000048],[98.34453749900013,7.879265948000125],[98.34417600200015,7.878592422000168],[98.34404101700011,7.878344137000113],[98.34376444100013,7.877835394000044],[98.34340821400002,7.87735653500016],[98.34309638800016,7.877022343000021],[98.34273978200014,7.876788195000188],[98.3421155470001,7.876486886],[98.34155821500019,7.87620792700011],[98.34103417000006,7.876040252000053],[98.34053252600012,7.875817],[98.34005308900015,7.875660521000157],[98.33948430300018,7.875570633000166],[98.33899346500004,7.875569859999985],[98.3384466710001,7.875680232999969],[98.33798906900012,7.875824115000171],[98.33757610300006,7.875956938000058],[98.33693987100014,7.876189528000111],[98.33663835800019,7.87638927100005],[98.3362809940001,7.876633418000097],[98.33613966300004,7.876672503],[98.33580109800016,7.87676613300016],[98.3355190900001,7.87679246700003],[98.3353324970002,7.876809885],[98.33497564800007,7.876731462],[98.33458570500005,7.876633856000126],[98.3343412430001,7.876470792000134],[98.33413433300018,7.876370355000063],[98.33376441100012,7.876182059000143],[98.33334433100003,7.875968658000147],[98.33318684000005,7.87588982900013],[98.33299321200019,7.875792907000061],[98.33272415900007,7.875627942],[98.33250426900014,7.875479288000179],[98.33232876300019,7.875360125000157],[98.33218463900016,7.875234757999976],[98.33201547800013,7.875071811000112],[98.33188397900017,7.874902668000061],[98.33178382000011,7.874752341000146],[98.331715013,7.874614584000028],[98.33163366000014,7.874476804000153],[98.33157121200014,7.874288999000157],[98.3315401370001,7.874101242000165],[98.3315405780001,7.87382594200011],[98.33157234500015,7.873581974000047],[98.33162921900004,7.87333178900019],[98.33168598500009,7.873150432000045],[98.3314230490002,7.872819762],[98.3311921040002,7.872613058000127],[98.33082773500018,7.872114848000137],[98.33058477500015,7.871811027000149],[98.33035385100004,7.871592185000168],[98.33014710000009,7.871482619000119],[98.32990377100009,7.871409409000137],[98.32951437900005,7.871335961000057],[98.32912509800008,7.871189691000041],[98.3286749020001,7.871079735000023],[98.32843145400005,7.871079346000101],[98.3280540400001,7.871127290000118],[98.32765222100016,7.871211605000099],[98.32710896300011,7.871358408000049],[98.32611328700017,7.871620292000046],[98.32507216099998,7.871864397000081],[98.32414978900005,7.872063178000133],[98.32309029700014,7.872370971000123],[98.32249663500005,7.872533868000176],[98.32229708600016,7.872548014000074],[98.32199446800018,7.872569467000176],[98.32163840000004,7.872587099000043],[98.32103596200011,7.872531507000076],[98.32051564300014,7.872503357000028],[98.3202601280002,7.872439221000036],[98.32016527200017,7.872397310000053],[98.31994995900004,7.872302176000176],[98.31966715900006,7.872174273000155],[98.31942981700018,7.872164784000176],[98.31925633200012,7.872182709000128],[98.3189549490001,7.872255041000074],[98.31882106000018,7.872316397000191],[98.3187174140001,7.872363892000124],[98.31844325400016,7.872536404000186],[98.31802286400017,7.872808812000187],[98.31746537300018,7.873181124999974],[98.31712729700007,7.873362638000174],[98.3169902950001,7.873398824000162],[98.31684424400004,7.873389482999983],[98.31655236400019,7.873234256000046],[98.31607818300012,7.872905779000121],[98.31566787700012,7.872595608000097],[98.31543063400011,7.872522397000182],[98.3151932770001,7.872522010000068],[98.3149193550002,7.872548873000085],[98.31466363300018,7.872612172000061],[98.31418507500018,7.87278991200003],[98.31358415000011,7.873047860000042],[98.3127396430001,7.873386319000076],[98.31233366000004,7.873531300000082],[98.3116356490001,7.873611072000131],[98.31080780100018,7.873690628000134],[98.310077304,7.873786525000185],[98.30934672600017,7.873930969000014],[98.30689987400018,7.874232077999977],[98.30578794800005,7.874421943000129],[98.3054966520001,7.87438220100006],[98.30501131900019,7.87431598400002],[98.30397708500004,7.874011512000038],[98.30247240700004,7.873453465000125],[98.3016960270001,7.873200964000091],[98.30117120000011,7.873179155000173],[98.30031014400015,7.873345192000158],[98.29878909000001,7.873902313000144],[98.29757915800013,7.874345471000026],[98.29676004900011,7.874532505000047],[98.29632608500009,7.874531777000186],[98.29620838000005,7.874499105000154],[98.29586197600014,7.874364105000154],[98.29551562500018,7.874197110000125],[98.2953104610001,7.874049549000063],[98.29522158300017,7.873960628000077],[98.29510539700016,7.873844383000176],[98.29495165400016,7.873658508000119],[98.29473378000006,7.873434121000116],[98.29452871700005,7.873228955000059],[98.2940723210001,7.872883660000127],[98.29400302800019,7.872831230999964],[98.29356062800014,7.872523253000111],[98.29321441200011,7.87227944600005],[98.29297717600019,7.872119033000047],[98.29272080500004,7.87188817700013],[98.29244521200008,7.871638088000111],[98.29220175000017,7.871362450000049],[98.29195816600009,7.871163620000118],[98.29175291000013,7.87107366000015],[98.29171758400008,7.871059505000119],[98.29158660700017,7.871031031000086],[98.29145611500019,7.871061215000111],[98.29114035800012,7.871134249000079],[98.29085784300008,7.871251067000173],[98.2906947730001,7.871352556000147],[98.29021908600009,7.87199325],[98.2896157460001,7.872864105000019],[98.2891408500002,7.873412836000057],[98.2891115130002,7.873437722000176],[98.2884331300001,7.873813245000065],[98.2874329920001,7.874298440000132],[98.28658024300017,7.874919760000068],[98.28615899300013,7.875553138000043],[98.28588423100013,7.876020962000041],[98.28583240400019,7.876068916000065],[98.28564607200008,7.87617101100011],[98.28541480000013,7.87627942600011],[98.28519003999997,7.876330247000112],[98.28498459900015,7.876349099000095],[98.284759883,7.876374317000057],[98.28452882000016,7.876361124000084],[98.28431061500015,7.876335150999978],[98.28409246400014,7.876277171000027],[98.28371724100009,7.876151745000129],[98.28368828900017,7.876142068000092],[98.283316114,7.876064623],[98.28307865099998,7.876038616000073],[98.28285400100009,7.876025429000151],[98.28268066300012,7.876037935999989],[98.28248807200009,7.876050409000072],[98.28227616300006,7.876094851],[98.28202566300007,7.876184029000115],[98.28180085100013,7.876266853000061],[98.28159526100018,7.876368907000142],[98.28134474200016,7.876470889000018],[98.28111992100014,7.876560110000071],[98.28088867600007,7.876649323000038],[98.28071530400013,7.876681031000032],[98.28052267599998,7.876712702000077],[98.28034932600002,7.876731606000021],[98.2801824500001,7.8767185210001],[98.28001560100006,7.876692628000171],[98.279842406,7.876621925000109],[98.27967568500014,7.876519228000063],[98.27946409700007,7.876378053000167],[98.27930380800007,7.876268967000044],[98.2790986500001,7.876121399000056],[98.2788998910001,7.875986646000058],[98.27865625400011,7.87581981000011],[98.27835384800011,7.875583778000077],[98.27833573100014,7.875569635999966],[98.27806658500009,7.875306744000113],[98.2778230880001,7.875056703000098],[98.27748346800007,7.874716884000122],[98.27725918500005,7.874492478000036],[98.27706690200006,7.874325730000123],[98.27690014300003,7.874248637000051],[98.27673329100008,7.874222743000189],[98.27653432200003,7.874209602000064],[98.27614272500006,7.874228127000094],[98.275138642,7.874329930999977],[98.2753565860001,7.874745279000081],[98.27552727400001,7.87525064100015],[98.2755571580002,7.875339122000128],[98.27562006200009,7.875835161],[98.27565186400005,7.876085946000103],[98.27560364600015,7.876210306000075],[98.27548827700008,7.876305832000128],[98.275238371,7.87647770500007],[98.2750365190002,7.876620946000116],[98.27482523300012,7.876668444000131],[98.27457549300004,7.876744591000147],[98.27448354199998,7.876748417000101],[98.27435467200019,7.876753782000094],[98.27435258200018,7.876753779000182],[98.27434787900006,7.876753770000107],[98.27412426500001,7.876753383000164],[98.2740414810001,7.876763555000082],[98.27399021500014,7.876769855000077],[98.27389483100006,7.876781576000099],[98.27389381200004,7.876781702000073],[98.27389010100018,7.876783874000068],[98.2735884550001,7.876960550000149],[98.27351901900005,7.877001219000022],[98.27348851099998,7.877044518000162],[98.27348251500007,7.877053028000148],[98.27345165000008,7.877096830000028],[98.27340339900007,7.877240332000042],[98.27340274200009,7.877248059000067],[98.27339359800004,7.877355186000102],[98.27338061300014,7.877406605000033],[98.27337731100005,7.877419681000049],[98.27337426500014,7.877431733000151],[98.27335325299998,7.877446646000067],[98.2733069800002,7.87747948000009],[98.27320134500007,7.877498440000068],[98.27311499300004,7.877469573000099],[98.27310234700019,7.877472702000091],[98.27305469800007,7.877484493000054],[98.27299974100009,7.87749809100012],[98.27292261500008,7.877553818000024],[98.27289400600012,7.877574491000075],[98.27273168900007,7.877673008000102],[98.2727210180002,7.877679487000023],[98.27268243300011,7.877784717000054],[98.27265341500004,7.877909110000132],[98.27265339600012,7.877919982000151],[98.27265319800006,7.878033554000126],[98.2726337100001,7.878196252000066],[98.27263046500008,7.878258814999981],[98.27262377900007,7.878387686999986],[98.27261635000008,7.878509983000185],[98.27261389300014,7.878550403000133],[98.27257529100012,7.878665205000061],[98.27257425800013,7.878666325000154],[98.27256648500008,7.878674750000073],[98.272514021,7.878731624000125],[98.27246948900006,7.878779892000068],[98.27229648500014,7.878894463],[98.27223014300017,7.878960381000127],[98.27223007800006,7.878960446000065],[98.27215223100012,7.879037801000152],[98.2721232790002,7.879123904000096],[98.2720751110001,7.879219544000023],[98.27207497400019,7.879297937],[98.27207477700011,7.879410995000114],[98.27201146900018,7.8796049500001],[98.27199364300014,7.879659563000075],[98.27196860400011,7.879736275000027],[98.27196493500009,7.879746668999985],[98.27192587300004,7.879857335000111],[98.27185584500012,7.88005572600008],[98.2718335310002,7.88011894300007],[98.2718045470001,7.880224189000103],[98.271794763,7.880329472000028],[98.27180409600015,7.880482648000054],[98.27193739500012,7.881114668000123],[98.27209954400013,7.881718018000129],[98.27222143200004,7.882035655000038],[98.27222378200008,7.882043700999986],[98.27215639600018,7.882148880999978],[98.27201222200017,7.882244357000104],[98.27112820700012,7.882692729000041],[98.27096496700011,7.882711589],[98.27085948200016,7.882644399000128],[98.27062720900005,7.882463616],[98.2702554820001,7.882174292000059],[98.26973766800006,7.881828779000159],[98.26900041,7.881498594000107],[98.26892227900004,7.881463603000157],[98.26776283700019,7.880938409],[98.26677651400001,7.880491630999984],[98.26671596300008,7.880464203000031],[98.26590871000019,7.880075190000127],[98.2658142800002,7.880041433000088],[98.26560755100002,7.88000425000007],[98.26554555600012,7.879993100000036],[98.26547181600006,7.88001397],[98.26543030000005,7.880025717000024],[98.2654110850001,7.880031155000097],[98.2653917670001,7.880098128000043],[98.26538509300008,7.880105586000127],[98.26531481400008,7.880184146000033],[98.26528673900015,7.88019608500008],[98.26511305600008,7.880269945000123],[98.26502207599998,7.880278031000103],[98.26469057800011,7.880307495000068],[98.26456575500015,7.88031684900011],[98.26455383200016,7.880327378000175],[98.26447921800019,7.88039327600012],[98.26443766000011,7.880491209000127],[98.26443083700019,7.880507290000139],[98.26440209700013,7.880575018000059],[98.26440146300007,7.880933804999984],[98.26440144600014,7.880943657000103],[98.26440131900006,7.881015354000112],[98.26439208300019,7.881099132000088],[98.26437344300007,7.88126827300016],[98.2643622920001,7.881369470000095],[98.26443826600018,7.88183865700006],[98.2644854190001,7.882240999000146],[98.26450447000013,7.882403551000095],[98.2644931390002,7.882428290000121],[98.26440809600018,7.882613976000187],[98.26439981600004,7.882626311000081],[98.2643503430001,7.882700027000112],[98.26420708400008,7.882804392000139],[98.26420615000018,7.8828050730001],[98.26415540300013,7.882894660000147],[98.26411947700018,7.88295808099997],[98.26409169300018,7.883077171000082],[98.26409045600019,7.883082472000069],[98.26409013500006,7.883264351000093],[98.26408171700007,7.883286891000182],[98.2640239690001,7.883441517],[98.26399367400018,7.883522639000148],[98.26399081800014,7.883526646000064],[98.26398116900009,7.883540179000022],[98.26383006400016,7.883752091000133],[98.26374108800007,7.883790719000103],[98.26371791200012,7.883800782000151],[98.26367633800004,7.88381882900012],[98.26350351600013,7.883828097000048],[98.2633498420002,7.883866117000139],[98.2631673510001,7.883913658000097],[98.26285986900007,7.884066279000024],[98.2626964260001,7.884200005000082],[98.26262902000008,7.884314757000141],[98.2624847420002,7.884467662000077],[98.26241835700012,7.884528911000075],[98.26235011800009,7.884591870000065],[98.26227902300013,7.884652413000026],[98.26221551000015,7.884706502000142],[98.26216839500006,7.884749058000125],[98.26210973700017,7.884802040000068],[98.2621065990001,7.884807926000178],[98.26206942500005,7.884877641000173],[98.2620230460002,7.884964621000108],[98.26200584100008,7.884991278000086],[98.2619561250001,7.885068311000168],[98.26186674200005,7.885206802000141],[98.26179040100004,7.885325088000172],[98.26178475200004,7.88533384100009],[98.26178237400018,7.885337524000136],[98.26159957700008,7.885557371000118],[98.26138818000004,7.885662295000088],[98.26128257700015,7.885662108000133],[98.2611481720001,7.885661871000025],[98.26112594400001,7.885651753000104],[98.26104265100014,7.885613822999971],[98.2609466150002,7.885632798000017],[98.26091766100012,7.885718901000132],[98.260927159,7.885776352],[98.26093919900012,7.885824731000014],[98.26094622400007,7.885852964000151],[98.2610611390001,7.886015902000111],[98.26131972200011,7.88637053900004],[98.26158778800004,7.886792204000074],[98.26178873300006,7.887165887000151],[98.26183605500006,7.887548870000103],[98.26180657600003,7.887931719000107],[98.26181605700003,7.887998744000072],[98.26189280900019,7.888027597000018],[98.26198881500011,7.88802776700004],[98.26211360400004,7.888037556000086],[98.26221908900015,7.888104751000014],[98.2622861070002,7.888210166000135],[98.26234341800006,7.888373001],[98.26236217700011,7.888621918000069],[98.26234204400009,7.889148371000033],[98.26241811900013,7.889560123000024],[98.26248519800004,7.890011440000137],[98.26249724500008,7.890092500000094],[98.26253196800019,7.890326126000048],[98.2626565710001,7.890441213999964],[98.2627549550001,7.890464035000036],[98.26290608000005,7.890499089000059],[98.26314253499999,7.890517368000076],[98.26341302300017,7.890538278],[98.26353963100019,7.890548066000122],[98.26372451500004,7.890548391000038],[98.26393325100008,7.890548758000023],[98.26396770600013,7.890552637000042],[98.2640765000001,7.890564886000107],[98.26415390800008,7.890635300000042],[98.264167848,7.890698369000063],[98.26417295900018,7.890721486000075],[98.26413430200006,7.89086500600007],[98.26408942600011,7.890913646000172],[98.26401509400017,7.890994214000102],[98.26393260000009,7.891083627000114],[98.26392268500007,7.891094374000033],[98.26385524500017,7.891228270999989],[98.2638353440002,7.891320078000035],[98.26382620599998,7.891362235000088],[98.26382600300008,7.891477104000103],[98.26382150900002,7.891516789999969],[98.26381625000005,7.891563239],[98.26379754500005,7.891588016000185],[98.2637007720001,7.891716197000051],[98.26352760700007,7.891916915000138],[98.26343138100009,7.892041190000043],[98.26343102600015,7.892242212000156],[98.26349775500006,7.892510360000131],[98.26356455000018,7.892740218000142],[98.26375620700014,7.892941578000091],[98.26399584799998,7.893152592000149],[98.26415883700008,7.893277322000188],[98.26434114700004,7.893335079000053],[98.26486008500018,7.893048814999986],[98.26499472800003,7.892915037000137],[98.26501415100012,7.892790628000057],[98.26500551400005,7.892729587000076],[98.26499518499998,7.892656578000128],[98.26489946800018,7.892493678000164],[98.26469844600007,7.892158287000029],[98.26468932199998,7.891890241000056],[98.26472572500006,7.891826283000114],[98.26481451900014,7.891670293000175],[98.26493962800009,7.891498209000133],[98.265170362,7.891316734000156],[98.26537222700011,7.891173502000186],[98.26554515500004,7.89110679800018],[98.26575636500007,7.891107169000122],[98.26578384200013,7.891114368000103],[98.26578750099998,7.89111532700008],[98.26597707700006,7.891164991000096],[98.2660345290002,7.891251243000113],[98.26610151300002,7.89137580300013],[98.26627405300013,7.891529268000113],[98.26641797200006,7.891577382000037],[98.26656198400002,7.891577634000043],[98.26668678900018,7.891577853000172],[98.26680219700012,7.891463183999974],[98.26687920400019,7.891348449000191],[98.26690806699997,7.891224735000094],[98.26690822600011,7.891224058000091],[98.2669084960001,7.891070897000134],[98.266937466,7.890975221000019],[98.26700888200008,7.890909722],[98.26706247600009,7.890860571000132],[98.2671970830001,7.890745936000144],[98.26737001200013,7.890679233000071],[98.26755243800011,7.890669978000062],[98.2678980570002,7.890670583000031],[98.26833021400017,7.890594758000077],[98.26848395700017,7.890518446000158],[98.26870482100014,7.890490116000137],[98.26885928900015,7.890500655000039],[98.269280783,7.890529411000102],[98.26959756700012,7.890549108000016],[98.26989498100005,7.890664497999978],[98.27014457800016,7.890674506000096],[98.27038459100004,7.890674925000042],[98.2705862680001,7.890636986],[98.27076884700006,7.890541579000057],[98.27115338400017,7.890245501000038],[98.27141320400017,7.88990134300019],[98.27149007200012,7.889753194000093],[98.27174072800005,7.889270126000099],[98.27178906400019,7.889078759000142],[98.27178936500013,7.888906453000118],[98.27175193400012,7.888351181000189],[98.27164877400008,7.886953412000082],[98.2716681760001,7.886838576000173],[98.27173559700009,7.886714249000079],[98.27181234400012,7.8866685160001],[98.27187975400005,7.886628347000055],[98.27200609400018,7.88658850700017],[98.27209107800013,7.886561707000055],[98.27214269600012,7.886544948],[98.27264822400019,7.886380798000118],[98.2740308010001,7.886316187000034],[98.27568215700012,7.886271186000101],[98.27706428700009,7.886465024000131],[98.2780527000001,7.886715616000117],[98.27819663899999,7.886754153000027],[98.27832119800007,7.886897957000031],[98.27860862900019,7.887233492000121],[98.27891521300012,7.887597778000099],[98.27903986900014,7.887684145000037],[98.2792508660001,7.887808949000089],[98.28030607300008,7.888298965000104],[98.28076549700012,7.888519819000066],[98.28078570000008,7.888529528999982],[98.28089038500013,7.888529709000181],[98.28092010500012,7.888529760000097],[98.28097583100009,7.888517955000111],[98.2810545640001,7.888501273000145],[98.28106539700002,7.888491857000076],[98.28120840300016,7.888367523000113],[98.28136231000019,7.888195481000082],[98.28147781300004,7.888023374000113],[98.2816508840001,7.887870510000084],[98.28168788700003,7.887839548000045],[98.28183356000011,7.88771766300016],[98.28197763000014,7.887679620000085],[98.28206803100005,7.887667486000169],[98.28218888999999,7.887651265000159],[98.28237154800019,7.887507987000049],[98.28245815000008,7.887393266000061],[98.28254476700005,7.887268972000072],[98.28256259,7.887241613000185],[98.28259935800003,7.88718516800003],[98.28265065500011,7.887106421],[98.28278530900008,7.886963062000177],[98.28278847200005,7.886961491000136],[98.28297748100016,7.886867666000057],[98.2832078940001,7.886868060000097],[98.28399499700015,7.886945987000047],[98.28530975000012,7.887244984],[98.28626963500005,7.887342344999979],[98.28637527400019,7.887323381000044],[98.2865269720001,7.887241783000036],[98.28660589800006,7.88719933100009],[98.28670205100013,7.887113341999964],[98.28675020100019,7.887027269000043],[98.28689492800004,7.886606322000148],[98.28697222200003,7.886319277999974],[98.28703000800016,7.886214077000091],[98.28711659300012,7.886108927000066],[98.2872319940002,7.885994253000035],[98.28726568200011,7.885983980000162],[98.28735686300013,7.885956173000068],[98.28752007000003,7.885956451000084],[98.28765451200013,7.885937536000029],[98.28784651900014,7.885937863000152],[98.2880865320002,7.885938270999986],[98.28837439600005,7.886024913000085],[98.28939145800018,7.88637125200006],[98.28983262000008,7.886640033000162],[98.29067614000007,7.887416841000118],[98.29124124900017,7.888193177000062],[98.29211250100013,7.889601818000187],[98.29318457400012,7.891479855000057],[98.29411250200019,7.893443799000181],[98.29481971800004,7.895349933000148],[98.29560257999998,7.897945422000078],[98.29615512800007,7.900483086000065],[98.2969228450001,7.906361941],[98.2969315380002,7.906898018000049],[98.29686610099998,7.907092649999981],[98.29674856900004,7.907223177000049],[98.2965947730001,7.90732821600011],[98.29638352300003,7.90734700500019],[98.29634531000016,7.907354196000142],[98.296278217,7.907366821000039],[98.29623944100018,7.907385054000031],[98.29613350700015,7.907576326000026],[98.2961194180001,7.907614257000091],[98.29606599200014,7.907758091000062],[98.29599836400007,7.908006864000129],[98.29604576700018,7.908361130000117],[98.29605525600016,7.908428153000102],[98.29607437500005,7.908476048000068],[98.29633921300012,7.90863365600012],[98.29638123500001,7.908696735000092],[98.29638117000013,7.908735027000091],[98.29633519100014,7.908773096000118],[98.29632348200016,7.908782791000135],[98.29623805000017,7.908782647000123],[98.2961986680001,7.908782580000036],[98.29599639700018,7.908731800000055],[98.29593952500005,7.908734282000125],[98.29588178900008,7.908810765000112],[98.29592961400004,7.90891614300017],[98.29603512800009,7.908973756000023],[98.2961694940002,7.909002703],[98.2962435880001,7.909025567000128],[98.29626854400004,7.90903327000018],[98.29629424300009,7.909041200000104],[98.29633254900011,7.909098700000072],[98.29628441400013,7.909175201999972],[98.2962267740001,7.909194249000052],[98.29619348900013,7.909200337000016],[98.29617636700016,7.90920346900009],[98.29611401900013,7.909246318000044],[98.29607773800006,7.909286604000158],[98.29606566500001,7.909322836000115],[98.29607347800004,7.909332276000043],[98.29604998300016,7.90935416300016],[98.29597667300015,7.909422456000016],[98.29585382599998,7.909453376000101],[98.29581172700017,7.90946397099998],[98.29570781900009,7.909490123000012],[98.29554448600015,7.909556855000062],[98.29548668600017,7.909671629000115],[98.29547482400011,7.909718601000122],[98.295492303,7.909907981000117],[98.29551990500016,7.909930990000021],[98.29555340600018,7.909958920000179],[98.2955726040002,7.909997367000074],[98.29560124800008,7.910054726000112],[98.29561070200015,7.91014089500004],[98.29559133700002,7.910236587000156],[98.29553345700003,7.910399221000091],[98.29540823700017,7.910638326000083],[98.29531209500004,7.910714746],[98.29529327200015,7.910732560000042],[98.29511015000008,7.910905855000124],[98.29478307800002,7.911278632000119],[98.29443630100002,7.911948127000187],[98.29389670400008,7.913086350000128],[98.29380972200016,7.913259066000023],[98.29378683200002,7.913267398000187],[98.29367524600002,7.913459306000107],[98.29353489700009,7.913653595000085],[98.29353486400015,7.913653641999986],[98.29308819100004,7.914271980000024],[98.2930433470001,7.91432067300002],[98.29232932100012,7.915095974000167],[98.29215515100014,7.915285088000132],[98.291654864,7.915887311000176],[98.2915491550001,7.915944567999986],[98.29137625200008,7.915992137000103],[98.29122263200014,7.915991876000021],[98.29117603000003,7.91601832200007],[98.29108808600006,7.916068228000142],[98.29098230800014,7.916163775000143],[98.29039577100002,7.916670123000074],[98.2903223850002,7.916704810000056],[98.29019398300005,7.916765504000068],[98.29001149400011,7.916803484000013],[98.28990586600008,7.916812876000108],[98.28984191400014,7.916806970000152],[98.28980027100016,7.916803124000182],[98.28952201500005,7.916697353000018],[98.2894346560002,7.916665732000183],[98.28917658800015,7.916572322000093],[98.2889174230001,7.916533589000153],[98.2880437010001,7.916541673000097],[98.2876515870002,7.916532117000031],[98.28762126700013,7.916531378000059],[98.28755334000016,7.916509966999968],[98.28705569900006,7.91635309600008],[98.28694954600007,7.916319635000036],[98.2869252660002,7.916300621000062],[98.28674691700013,7.916160966000177],[98.28672901900006,7.916146952000076],[98.28672453400014,7.916140443000131],[98.28654937700009,7.915886294000188],[98.28653747400011,7.915869020000173],[98.2865159930002,7.915860599000098],[98.28649911300005,7.915853979000076],[98.28646391400008,7.915840177000177],[98.28636470300012,7.915840007000156],[98.28635120700005,7.915839194000171],[98.28623536500004,7.915832199000022],[98.28620150000017,7.915830156000141],[98.28609113800013,7.915796092000164],[98.28607675000018,7.915791652000166],[98.28607278700014,7.915787192000153],[98.28600339700006,7.915709092000043],[98.28600009000007,7.915705367000044],[98.28589785600013,7.915603088000182],[98.28585166000005,7.915591488000132],[98.28584666900008,7.915590235000082],[98.28582005100014,7.915590188000181],[98.2857410580001,7.915590053000074],[98.28562582600017,7.915599429000167],[98.28546565300013,7.915616896000074],[98.28545297500017,7.915618278000181],[98.28528003600013,7.915684990000045],[98.28527540800013,7.915686974000039],[98.285261316,7.915693009000051],[98.28476307,7.915906388000053],[98.28436725400013,7.916075901000113],[98.28432460200014,7.916097071000081],[98.28419428500013,7.916161757000111],[98.2840500210001,7.916305097000077],[98.28386863100019,7.916360402000123],[98.28384605700006,7.916367285000092],[98.2838002580001,7.916381248000107],[98.28372031000009,7.916436231000091],[98.28367529500014,7.916467187000023],[98.28356435600011,7.916498585000113],[98.28354081500004,7.916505247000146],[98.28333900600012,7.916610197000125],[98.28267585000015,7.917001534000065],[98.28205098600017,7.917501880999964],[98.28183569900017,7.917584011000031],[98.2817147230001,7.917583803000184],[98.281561087,7.917593112000191],[98.28139563600013,7.917675234000058],[98.28129202100013,7.91772666300011],[98.281147772,7.917860431000179],[98.28108031500005,7.918003903000113],[98.28104174600014,7.918099561000076],[98.2810223780001,7.918195255000171],[98.28102219500005,7.918300552000062],[98.28102213300019,7.918336830000044],[98.28102196300017,7.918434566000144],[98.28107931900013,7.918578255000057],[98.28109817300009,7.918779310000104],[98.28101136500004,7.919008901000154],[98.28086673000001,7.919362835000129],[98.280822393,7.919403219000117],[98.28075133400006,7.919467935000114],[98.28061432800013,7.919527415000061],[98.28059760100007,7.919534679000151],[98.28040552700014,7.91956306100019],[98.27987739300016,7.919600440000181],[98.27985326900011,7.919615415000067],[98.27980050000008,7.919648172000052],[98.279720086,7.91972806800004],[98.27971394000002,7.919734175000144],[98.27967527000004,7.919887268000082],[98.2796458900001,7.919981883],[98.27963664800006,7.920011644000056],[98.27959963300009,7.920060671000158],[98.27957894000008,7.920068981000099],[98.279463577,7.920154934000038],[98.279425021,7.920241020000049],[98.27942478800009,7.92037503600011],[98.27935418200013,7.920480234000138],[98.27934778000014,7.920489773000099],[98.27922281300016,7.920575710000037],[98.27922122600012,7.920577734],[98.27915545700012,7.920661746000064],[98.27910878000006,7.920720762000144],[98.27904960800015,7.920795577000035],[98.27893427700013,7.920862387000057],[98.27890538600013,7.920898265000176],[98.27885730000003,7.920957980000026],[98.2788571600002,7.921038620000161],[98.27885711700014,7.921063276000041],[98.27889527200017,7.921206930000039],[98.27892327600017,7.921291178000104],[98.27895257900019,7.921379334999983],[98.2789619990001,7.921484650000082],[98.27898098300005,7.921609123],[98.27901516800011,7.921755104000113],[98.27901910600013,7.921771923000165],[98.27896129900006,7.921886693000033],[98.27886507100004,7.922010970000144],[98.27875935800012,7.922068223000167],[98.2786057350001,7.922067957000138],[98.27841377800013,7.922029334000058],[98.27814147900006,7.921841995000079],[98.27810690300004,7.921818208000161],[98.27790318600017,7.921713952000061],[98.27779284500019,7.921657483000104],[98.27774059400019,7.921630743000037],[98.27767523000011,7.921597292000172],[98.27750823300005,7.921597002000169],[98.27747360500007,7.921596942000178],[98.27731991800005,7.921634966999989],[98.27727548700017,7.921673917000021],[98.27718555000013,7.921752759000185],[98.27700032400003,7.921915134000187],[98.27693518600017,7.922026390000156],[98.2769351070001,7.922071741000082],[98.27693508500005,7.922084208000172],[98.27693503100005,7.922115318000067],[98.27691744800012,7.922171938000133],[98.27689793000013,7.922234785000057],[98.27682910200008,7.922294620000173],[98.27673151300013,7.922391577999974],[98.27637385200006,7.922746931000177],[98.27633853999998,7.922808292000184],[98.27633848599999,7.922839402000079],[98.27633844500008,7.922862781000163],[98.27633836900009,7.922906409000063],[98.27633833300007,7.922926922000045],[98.2763074240001,7.922966404000135],[98.27629421300014,7.922983277000185],[98.27626012100018,7.922998310000082],[98.27625179000012,7.923001985000155],[98.27623507100009,7.923001956000064],[98.27620378300014,7.923001901000134],[98.2761402640001,7.922978747000172],[98.2760982370001,7.922963430000038],[98.27599230500005,7.923145122000165],[98.27599210400012,7.923259992000112],[98.2759939180001,7.923270043000116],[98.27601112200011,7.923365322000109],[98.27608606700016,7.923396609000122],[98.27612625500012,7.923413386000163],[98.27623160000002,7.923566731000165],[98.27623145000001,7.923652880000077],[98.27622169800009,7.923739017],[98.27615017900013,7.92388100900007],[98.27611571600005,7.923949428000128],[98.27593292400019,7.924159707],[98.27575731600007,7.924256575000015],[98.27574388900013,7.924263982000014],[98.27541395100013,7.924445981000076],[98.27428019100012,7.92490349000019],[98.2731851380002,7.925188758000161],[98.27218638300008,7.925311456000031],[98.27173508600015,7.925329814000122],[98.2714854680001,7.925319803999969],[98.27135123599999,7.925214273000051],[98.27114994400006,7.925022469000169],[98.27102536300015,7.924888237000062],[98.27089121600011,7.924734840999974],[98.27082434400012,7.924543275000133],[98.27087322500017,7.924045590000048],[98.27086782100008,7.923643305000098],[98.27086473700018,7.923413790000041],[98.2707402710002,7.92321254899997],[98.27051002800005,7.923106849000135],[98.27011642600013,7.923077440999975],[98.27008522300014,7.923077386000102],[98.2700825230001,7.923077381000155],[98.26999161000015,7.923077222000074],[98.26988079900013,7.923012516000028],[98.26987651100012,7.923010012000191],[98.26981900500016,7.922952479000116],[98.26981193300008,7.922950261000153],[98.26966547100005,7.922904346000166],[98.26954073900004,7.922856265000178],[98.26940657400002,7.922712442999966],[98.26930104500008,7.922664394000037],[98.26908021700012,7.922664006000161],[98.26904930800015,7.922676272000103],[98.26898413500015,7.922702129000015],[98.26898150100016,7.922704330000101],[98.26890759200012,7.922766074000094],[98.26880538900014,7.922851454000011],[98.26877559700017,7.922876343000041],[98.26867856500013,7.922957403],[98.2686463780002,7.922984291000091],[98.26856105400009,7.923055571000134],[98.26850350600012,7.923121537999975],[98.26844704100012,7.923186263000105],[98.268435984,7.923198937999985],[98.2683008250001,7.923619891000101],[98.26827370300003,7.92367876600008],[98.2682386830001,7.923754786000188],[98.26814661000009,7.923954659000117],[98.26811024000006,7.924019278],[98.26799625200005,7.924221809000187],[98.26796361200019,7.924279802000115],[98.26795452900006,7.92432763100004],[98.26792663300006,7.924474543000144],[98.2679054640002,7.924586020000049],[98.26789259300011,7.924718282000129],[98.26788590600017,7.924787010000159],[98.267904531,7.924866562000147],[98.26790813000002,7.924881928000161],[98.26792402300003,7.924949809],[98.26792401400013,7.924954957000068],[98.2679238400001,7.925053307000042],[98.2679236840001,7.92514125800011],[98.26789466200017,7.925265651000018],[98.26773128800016,7.925351515000045],[98.26689541299999,7.925665939000112],[98.266445836,7.925744222000105],[98.26640559500015,7.92575122900007],[98.26639455400004,7.925750423000181],[98.26627119100004,7.925741421000168],[98.26610808900006,7.925674127000093],[98.26591640200007,7.925482338000108],[98.26571134700009,7.925270959000102],[98.26560013600005,7.925156317000074],[98.26558412600014,7.925140298000031],[98.26544678600015,7.92500288500014],[98.26534147700005,7.924830396000175],[98.26533884899999,7.924827108000102],[98.26529068600018,7.92476686700013],[98.2652648360002,7.924734534000038],[98.265257571,7.924733315000026],[98.26514965500019,7.92471518800005],[98.26511530200008,7.924697986000069],[98.26499617000019,7.924638335000168],[98.2648524560002,7.924465778000013],[98.26484380400018,7.924400200000093],[98.26483813900012,7.924357254000086],[98.26483350800004,7.924322155000141],[98.26471854800013,7.924178365000159],[98.26440238500015,7.923956028000134],[98.26436374300016,7.923928854],[98.26392239000012,7.923755771000174],[98.26375930600017,7.92367890200012],[98.26364409000018,7.923678699],[98.26345614100018,7.923703391000117],[98.26340281200015,7.923710892000088],[98.26336096300014,7.92368803700009],[98.2633229830002,7.923631018000037],[98.26331923500004,7.92359683899997],[98.263323151,7.923536097000124],[98.26334606800003,7.923498171000176],[98.26336281700009,7.923471139000071],[98.26337662000009,7.923448867000161],[98.26338055000008,7.923380530000088],[98.26337778300012,7.92333802800016],[98.26333498700012,7.923304513000119],[98.26315610100005,7.923247244000095],[98.26306473200003,7.923231896000061],[98.26297336100004,7.923216547000152],[98.26291626600005,7.923201258],[98.26284009400013,7.923204921000035],[98.26270293800013,7.923238852000111],[98.26257333200004,7.923310760000049],[98.2624857020001,7.923333385000035],[98.26233338500003,7.923325522000027],[98.26225723000005,7.923321592000036],[98.26214679000014,7.923321397000109],[98.26209376500009,7.923329036000098],[98.26207935700012,7.923336893000169],[98.26207866599998,7.92333810100007],[98.26202488700005,7.923343961],[98.26196389000012,7.923381822000067],[98.26193328700015,7.923457702000121],[98.26193315200004,7.923533637999981],[98.26193305700014,7.92358679400013],[98.26197866200005,7.923640029000182],[98.26203951700006,7.923681903000102],[98.26211937000016,7.923750386000165],[98.2622030610001,7.923799894000183],[98.26227918600006,7.923822809],[98.26236667400019,7.923879915000157],[98.26254176200013,7.923929584000064],[98.26265219600003,7.923933576000024],[98.2627435920001,7.923933738000073],[98.26286546900019,7.923926359000063],[98.26294171300009,7.923880932000145],[98.26304839900001,7.923850746000141],[98.26306801500004,7.923874510000132],[98.26310712200018,7.923921876000122],[98.26312060000004,7.923938200000066],[98.26302916200012,7.923960820000161],[98.26296058100007,7.92397968400013],[98.26295037600016,7.923990547000074],[98.26290716400018,7.924036541000135],[98.26286855700005,7.924074897000082],[98.26284650300005,7.924096804000044],[98.2628194190001,7.924123713000029],[98.2628107970001,7.924134815000059],[98.26277701000004,7.924178321000113],[98.2627381220002,7.924228398000082],[98.26273079900005,7.92423782700007],[98.26271636100012,7.924256418000084],[98.26270270000009,7.924276771000109],[98.26268581500005,7.924301927000045],[98.26268569300004,7.924370268000132],[98.26269320900013,7.924427234],[98.2627017850001,7.924453042000039],[98.26272563400005,7.924524796000128],[98.26277831500005,7.924610487],[98.26286445600016,7.924763801000097],[98.26286435400016,7.924821235000024],[98.26285431200006,7.924825064000061],[98.26273944900004,7.924868877000051],[98.26263376700018,7.924906980000117],[98.26258758900008,7.924952855000072],[98.26257889200019,7.924961495000105],[98.26256644000006,7.924973867000062],[98.26253257500014,7.925037371000144],[98.26247973900007,7.925136446000067],[98.26247956900005,7.925232171000118],[98.26246983000004,7.925308735000044],[98.26245078700015,7.925346537000166],[98.26244231500016,7.925363357000151],[98.26240238200012,7.925442629000088],[98.26231062900007,7.925528085000053],[98.26226458900004,7.925570965000077],[98.26224850500012,7.92558594500008],[98.26221946499999,7.925719908000076],[98.26221912400007,7.925911357000189],[98.26227640500008,7.926093336000065],[98.26232415700014,7.926237008000044],[98.26232395700015,7.92634948400007],[98.26232393500015,7.926361449000126],[98.26228777400007,7.926403361000041],[98.26226620800009,7.926428355000155],[98.26218690400009,7.926490251000132],[98.26217508700006,7.926499474000082],[98.26214871300004,7.926520059999973],[98.262131603,7.926533415000108],[98.2621141530002,7.926576685000157],[98.26210892500012,7.926589648000061],[98.26207373900002,7.926676900000189],[98.26206680500019,7.926687228000162],[98.26201597500005,7.926762950000011],[98.26203499200011,7.926868281000111],[98.26209244700016,7.926954536000039],[98.2621977880001,7.927107882000143],[98.2622047550002,7.92717143200008],[98.26220723500006,7.927194051000072],[98.262161,7.927285839000035],[98.26215905900017,7.927289690000066],[98.26210136600008,7.927337452000131],[98.2621012300001,7.927337519000048],[98.26201528300015,7.927380173000188],[98.26198604800015,7.927394683000159],[98.2619188380001,7.927394564000053],[98.26164053500008,7.927317489000188],[98.2613176000001,7.927269557000102],[98.26131417400018,7.927269048000142],[98.26117773500016,7.927268806000143],[98.26115333800016,7.927287992000117],[98.26114129900014,7.927297460000034],[98.26106782700009,7.927347979000047],[98.26102298800004,7.927378811000096],[98.26101632800004,7.927383390000045],[98.2609842650001,7.927405682000085],[98.26092019500015,7.927450229000158],[98.2608991460001,7.92754731499997],[98.26089115200017,7.927584190000118],[98.26093873100007,7.927823588000024],[98.26095769400013,7.927957636000087],[98.26095740400012,7.928120367000133],[98.26095779400015,7.928123729000106],[98.2609763160001,7.928283134000026],[98.26107917500019,7.928494885000077],[98.26114851000011,7.928637621000121],[98.26125398900007,7.928714389000106],[98.26134026300008,7.928791122000121],[98.26137846300009,7.928906058000052],[98.26137849600013,7.928907783000113],[98.2613791550001,7.92894303200012],[98.2613809770001,7.929040499999985],[98.2613823330002,7.92911314800017],[98.26138722900009,7.929375127000071],[98.2613962850001,7.929681462000076],[98.26147283900008,7.929825186000073],[98.26164518700011,7.930093520000071],[98.26179828000005,7.93039053900003],[98.26199008700002,7.93051532200019],[98.26213385200015,7.93065916400019],[98.26227741200012,7.930917877000184],[98.26227690000007,7.931205048000038],[98.26226723400015,7.931531133000078],[98.26225029600016,7.931572897000024],[98.26221680900017,7.93162041100004],[98.26219930400003,7.931645246000016],[98.2621960400001,7.931648491000033],[98.26210312000006,7.931740801000046],[98.26199733300012,7.931836339000142],[98.26192801900004,7.931893719000072],[98.26192011900014,7.931900257999985],[98.26188194600007,7.931931860000134],[98.26163164100006,7.932304742999975],[98.26148700300018,7.93264909700008],[98.2613618090001,7.932859468000117],[98.26130712700018,7.933090550000088],[98.2612897210002,7.9331641120001],[98.26127474800012,7.93321355300003],[98.26126324,7.933251548000101],[98.26124579000003,7.93330917000003],[98.26124563600018,7.933395321000148],[98.26125508200005,7.933481490000077],[98.26125487700011,7.933596360000024],[98.26137920100012,7.933874182000068],[98.26149399200011,7.934113700000182],[98.26153665800007,7.934164931000055],[98.26158980300016,7.934228740000094],[98.26158966600002,7.934305319000146],[98.26158939300012,7.934458478000124],[98.26156519500006,7.934554252000055],[98.2615530020002,7.934552568000072],[98.26152192500001,7.9346019460001],[98.26145457700017,7.934678405000113],[98.26135844300018,7.934745244000055],[98.2611856150001,7.934744938],[98.2610030510001,7.934821193000175],[98.2609166360001,7.934821038999985],[98.26082063900009,7.934811297000067],[98.26073422500002,7.934811143000047],[98.26062860700017,7.934810956000149],[98.26061679700013,7.934820881000178],[98.26061632600016,7.934825026000055],[98.26053667300005,7.934919222000019],[98.26047465900007,7.934992558999966],[98.26033055100004,7.935040165000032],[98.26017694500013,7.93503032000018],[98.26016135700007,7.935022515000128],[98.2601260720001,7.935004848],[98.26002345500001,7.934953467000128],[98.25990914700014,7.934781861000147],[98.25990854600019,7.934780958000147],[98.259782793,7.934585170000105],[98.25976252300012,7.934553609999966],[98.25973619700005,7.934512623000046],[98.25961153100008,7.934426249000182],[98.2594003870002,7.934378010000046],[98.2591795840001,7.934358471999985],[98.25910611000006,7.934387622000088],[98.259102139,7.934391030000029],[98.25895953500009,7.934513370000047],[98.25879499299998,7.934654536000153],[98.25869878900005,7.934759661000044],[98.25858347000019,7.934816890000093],[98.25854691200016,7.934812776000115],[98.2584970740001,7.934807164000176],[98.25832466700018,7.934795001000168],[98.25822348500014,7.934834024999986],[98.25819911000019,7.934843424000178],[98.25815941900015,7.934873572000186],[98.258117852,7.934905146000119],[98.257976262,7.935041407000085],[98.25791062600013,7.935227307000048],[98.25791033400009,7.935390041000176],[98.25793894700007,7.935495387],[98.2580060030001,7.935581659000036],[98.25808261200012,7.935696666000069],[98.25809197300009,7.935830698000132],[98.25814925500003,7.936012677000178],[98.25821619100009,7.936165955999968],[98.25837869600008,7.936568290000082],[98.25850290100016,7.936913121000089],[98.25860836200007,7.936999461000141],[98.25870420600006,7.937095356000157],[98.25881915000014,7.937248720000071],[98.25892416800014,7.937583946000075],[98.25894263200007,7.937995594000029],[98.25899043400011,7.938110549000044],[98.2591151360001,7.93817778],[98.25923023500013,7.938244991000147],[98.2592480400001,7.938288107000176],[98.25926022400006,7.938317613000095],[98.25934495700005,7.938522798000122],[98.25955468300015,7.939365550000048],[98.25969803900011,7.939739131000124],[98.25994435900009,7.940372414000024],[98.25994653400016,7.94038093000006],[98.26008985800013,7.940773657000136],[98.2603481430001,7.941310174000023],[98.26048222300017,7.941501864000031],[98.26058755000008,7.941664782000032],[98.26067350500017,7.941923392000092],[98.26073058399999,7.94222024200019],[98.26074363200019,7.942279277000182],[98.26075966600013,7.942351826000049],[98.26076487199998,7.942375377000133],[98.26082603499998,7.942536303000111],[98.2609128690001,7.942623181000044],[98.2610560670002,7.942766452000058],[98.26123827499998,7.942891218000057],[98.26138183700016,7.943149930000175],[98.26152970100014,7.943352409000113],[98.26156382700015,7.943399137000085],[98.26167089199998,7.943490960000133],[98.26169804500006,7.943514247000053],[98.26171579300006,7.943520917000058],[98.26185157000003,7.943571954000106],[98.262342956,7.943621823000058],[98.26234804299997,7.943631863000178],[98.26241595600004,7.943641989000128],[98.26252041200013,7.943651963000036],[98.26255184600006,7.943677855999965],[98.26260710500009,7.943677627000056],[98.26262910400004,7.943688203000022],[98.2626673920002,7.943755277999969],[98.262667228,7.943847646000165],[98.26266720500013,7.943860575000087],[98.2626476920002,7.944032846000027],[98.26248409000016,7.944243150000034],[98.26234944200019,7.944367353000075],[98.26230124400013,7.944472564000023],[98.262291404,7.944606562000104],[98.26229118900011,7.944726997000032],[98.2623215440002,7.944776958000148],[98.26235870200009,7.944922527000188],[98.2623797170001,7.944953668000039],[98.26239042100013,7.945016076000059],[98.262369735,7.945063001999983],[98.26236213900012,7.945086047000075],[98.26236168100007,7.945091049000098],[98.26235099900003,7.945207598000081],[98.26232937000015,7.945443667000177],[98.2623156900001,7.945592969000074],[98.26231011500005,7.94565381600006],[98.26230871000018,7.945669140000064],[98.26228245700008,7.945738556000151],[98.2622797680001,7.945745668000029],[98.26226658700017,7.945760633000077],[98.26221241800005,7.945822127000042],[98.2621658990002,7.945851827000183],[98.26211461100002,7.945884569000043],[98.26207784100018,7.945908041000052],[98.26202961100012,7.946032398999989],[98.262029584,7.946047466000095],[98.2620294740002,7.946108977000108],[98.26217259900005,7.94637510300015],[98.26223044400012,7.946482661000118],[98.2622493560001,7.946645428000011],[98.26222529900014,7.946679160000144],[98.26221841300008,7.94667508100008],[98.26218487900019,7.946696856000187],[98.26216226100007,7.946711542000173],[98.26205354400003,7.946782133000056],[98.26199940300012,7.946817289000137],[98.26190909500008,7.946902512000179],[98.26180704000006,7.946998824000104],[98.26177806400017,7.94709449800007],[98.26178742700017,7.947228529000029],[98.26188313800014,7.947401003000095],[98.26197864100016,7.947688349000089],[98.26202644800014,7.947803302000068],[98.26202593500017,7.948090475000129],[98.26207348100019,7.948349017],[98.262188514,7.948454521000031],[98.26252394700015,7.948809295999979],[98.26257720200005,7.948841054000127],[98.26297475400008,7.949078126000018],[98.26317617200004,7.949202927000158],[98.26339020200015,7.949228916000095],[98.26341616700006,7.949232069000061],[98.26356983000011,7.949213196000017],[98.26358109400013,7.94920130700001],[98.26372375200003,7.949050736000061],[98.26375286400014,7.948878483000158],[98.26375320500006,7.948687035000091],[98.26380148800007,7.948533960000134],[98.26392644700019,7.948457603000122],[98.26407052700006,7.948429139999973],[98.26418576600008,7.9484197700001],[98.26423391200018,7.948343277000106],[98.26417862300013,7.948081945000126],[98.26417681300012,7.948056001000111],[98.2641772730002,7.947797543000036],[98.26425953700004,7.947674998000139],[98.26429280100012,7.947625444000096],[98.26454277100004,7.947444008],[98.26480205500019,7.947425320999969],[98.26509971100012,7.947425847000034],[98.2652571800001,7.947426126000153],[98.26535896100006,7.947426306000125],[98.26556044700004,7.947512814000049],[98.265678171,7.947625477000031],[98.2657809800001,7.947685510000099],[98.26597300200018,7.947695422000038],[98.26616507000006,7.947676616000081],[98.2663092680001,7.947581145000072],[98.26638293400015,7.947492724000142],[98.26641472800014,7.947479973000043],[98.26655982900013,7.947306438000169],[98.26659652700016,7.947253216000036],[98.26690555200003,7.947036565000133],[98.26723250700019,7.946759539000141],[98.26748237100009,7.94663553900017],[98.26763596800009,7.946654953000177],[98.2677703080002,7.946703051999975],[98.26802947100003,7.946751372000108],[98.26840390800004,7.946771175000038],[98.2685670890001,7.946800180000025],[98.26874943800004,7.946848363000015],[98.27030364600017,7.947578605000047],[98.27216481800019,7.948481683000182],[98.27239499200005,7.948635245999981],[98.27262520300019,7.94876966400011],[98.27268501100014,7.948843753000119],[98.27270130900007,7.949171843000045],[98.27275821100017,7.949573988000054],[98.27282518800013,7.949708119000036],[98.27287303000014,7.94980393000003],[98.2729881680001,7.949851994000142],[98.27318980700016,7.949852347000046],[98.27327604499999,7.949865396000177],[98.27340684000006,7.94992013600006],[98.27348713000015,7.950044315000127],[98.27359249900007,7.950188089000108],[98.27361699300013,7.950210551000055],[98.27376599400014,7.950293688000102],[98.27390917600007,7.950293938000073],[98.27407245800009,7.95026550800003],[98.27423569000013,7.950265792999971],[98.27444693300009,7.950266162000105],[98.27464857400014,7.950266514000134],[98.27486955200015,7.950190320000047],[98.27501371300008,7.950113992000126],[98.27512905600014,7.950047182000105],[98.27524429600004,7.950037812000062],[98.27535949999998,7.950047584000117],[98.27543623200012,7.950095582000017],[98.27546485300013,7.950200931000154],[98.27556073700003,7.95027767800002],[98.27569492900011,7.950411925000026],[98.27585807800006,7.950460073999977],[98.27598858400017,7.95047656700001],[98.27608847400012,7.950489190999974],[98.27627597500009,7.950494437000089],[98.2764533300001,7.950499400000069],[98.27680881800018,7.950375576999988],[98.27695304900016,7.950260956000022],[98.2770012590002,7.950146170000153],[98.2770345040002,7.949985201000061],[98.27709343200013,7.949699885000086],[98.27706585400017,7.949449953000169],[98.27706926700017,7.949447934000091],[98.2771352630001,7.949408911000148],[98.27721168900007,7.949363719000132],[98.27722939600017,7.949356844000022],[98.27732713900019,7.949360158000104],[98.27735011700014,7.949363253000115],[98.27852956200013,7.949850346000176],[98.2795822170001,7.950377345000163],[98.2796554640002,7.950423560000161],[98.279794133,7.950464665000084],[98.27998955600009,7.950505870000029],[98.28025785700004,7.950529800000083],[98.28027098700005,7.950604746000067],[98.28028525800005,7.95068620100011],[98.28031607400015,7.950747911000065],[98.28043524000003,7.950912411000047],[98.28048381400015,7.950969584000063],[98.28051526299998,7.951006598999982],[98.2810540960001,7.95145409800017],[98.28188557000016,7.95253646700013],[98.2821245680002,7.953139949000104],[98.28242983600006,7.954289180000103],[98.28292456700007,7.956922480000173],[98.2834383390001,7.959651536000024],[98.28347543300015,7.960407830000065],[98.2832959160001,7.962117251000052],[98.28327874600012,7.96215353000008],[98.28301011900004,7.962943742000107],[98.28271171900019,7.963364418000083],[98.28240408100015,7.963574483000173],[98.28210621099998,7.963688837000063],[98.28194297400012,7.9636885540001],[98.28175124500012,7.963506346000145],[98.28165553900004,7.963324301000057],[98.28148298500014,7.963161270000171],[98.28129103900005,7.963103502000024],[98.28107972500015,7.963141426000107],[98.28035914000014,7.963379488000101],[98.27992031800005,7.963673195000183],[98.27991691900007,7.963675470999988],[98.27991023200013,7.963690638000116],[98.27983311600013,7.96386552700011],[98.27978195300005,7.963981557000125],[98.2797812340001,7.964393172000143],[98.27975212600018,7.964565428000185],[98.27971353200019,7.964670659000092],[98.27963653000006,7.964775821999979],[98.279482761,7.964852135],[98.27934812900008,7.964966771999968],[98.27933836000005,7.965062480000086],[98.2793477780001,7.965167793000035],[98.27940529000011,7.965225330000067],[98.279510781,7.965302093000105],[98.27955864100005,7.965388328000074],[98.27955845000014,7.965497593000123],[98.2795056020002,7.965531547000069],[98.27939473800012,7.965571495],[98.27934436200019,7.965581433000125],[98.2793262240001,7.965581395000129],[98.27903615600007,7.965702253000188],[98.27901074300001,7.965712840000094],[98.27894341000007,7.965779732000101],[98.27890476700014,7.965913679000096],[98.27893342300001,7.965999882],[98.27902931300014,7.966076631000078],[98.2791155160001,7.966201222000166],[98.27918257900006,7.966287492000049],[98.27917338600008,7.966386398000054],[98.27917279200005,7.966392772],[98.27913425000003,7.966469285000073],[98.27908615400014,7.966517063000083],[98.27901890499999,7.966536089999977],[98.27875557100009,7.966627812000127],[98.27863447800007,7.966726873000027],[98.2785863150001,7.966812942000161],[98.27859580300014,7.966879965000089],[98.27869172300012,7.966937569000095],[98.27889327200018,7.966995354000176],[98.27904687500018,7.967014766000148],[98.27921960100008,7.967082073000142],[98.27935374700019,7.967245040000023],[98.2795450550002,7.967666560999987],[98.2795730110002,7.968154809000055],[98.2792254520001,7.969226326000182],[98.27910646900017,7.969375617000026],[98.2790426040001,7.969455748000144],[98.27891774000005,7.969474676000118],[98.27868723199998,7.969502993000049],[98.2784567760001,7.96950259200014],[98.27825516000013,7.969483095000044],[98.27813042900004,7.969425443000034],[98.2779576370001,7.969396425000127],[98.27776558900007,7.969396090000032],[98.2774966570002,7.96943391100001],[98.2772949560001,7.969462279000084],[98.27712233300014,7.969434800000045],[98.2771125640001,7.969433242000093],[98.27705494800011,7.969433141000138],[98.27698761600004,7.969500032000099],[98.27692989899998,7.96955736600006],[98.27692969700018,7.969672236000122],[98.27682385300011,7.969796494000093],[98.27665069300019,7.969978071000128],[98.27640069500006,7.97016908400019],[98.27634422100004,7.970316088000118],[98.27680407200017,7.970360734000053],[98.2769985000001,7.970361073],[98.27714773500009,7.970347812000057],[98.27721597800013,7.970343074000027],[98.27727435100007,7.97033902000004],[98.27741904500016,7.97033927300015],[98.27755922000011,7.970335007000187],[98.2776812780001,7.970348742000169],[98.27787562700007,7.970394156000168],[98.27810606600008,7.970484707000139],[98.2784042450001,7.970624956000108],[98.27852619400016,7.97070179800005],[98.27866171000005,7.97077415200016],[98.27882441400016,7.970815007000112],[98.27896454600005,7.970837786000118],[98.27910019400008,7.970838022000123],[98.27924489900005,7.970829259000027],[98.27942577800019,7.970820557000025],[98.27958853800016,7.970829857000069],[98.27975579400015,7.970852683000032],[98.2799411090001,7.970893571000033],[98.28009936300003,7.970893846000138],[98.2802847440002,7.970894168000143],[98.28043849400012,7.970885422000151],[98.28063746800007,7.97087224500001],[98.28083186700007,7.970886105000091],[98.28094938200013,7.970913353000071],[98.28112114900006,7.970945204000088],[98.28130645900012,7.970986091000043],[98.28146468900002,7.970999887000119],[98.28160933700013,7.971027183000047],[98.28172685600015,7.971049926999967],[98.28191216000005,7.97109532200011],[98.2821966080001,7.97118621400017],[98.28250195700008,7.971250848000182],[98.28275099400014,7.971339426000043],[98.2831526170001,7.971508401999984],[98.28430077600012,7.972074362000114],[98.28471472500019,7.972216335000041],[98.28507425100008,7.972314749000191],[98.28559725100018,7.97242430700004],[98.28589151200015,7.972446543999979],[98.28622941000003,7.972447127000123],[98.28653462300014,7.972436788000095],[98.28682903200007,7.972372101000133],[98.28708921000009,7.972293668000134],[98.28737441900017,7.972144854000078],[98.2876036200002,7.971971391000011],[98.28782199000017,7.971754450000105],[98.2882259820002,7.97135310800013],[98.28854282800012,7.970919013000184]]]}},{"type":"Feature","properties":{"districtCode":"TH8303","provinceCode":"TH-83","nameTh":"อำเภอถลาง","shapeName":"Thalang","shapeISO":"TH8303","shapeID":"TH8303","shapeGroup":"THA","shapeType":"ADM2","labelPoint":[98.35691779,8.07118729]},"geometry":{"type":"MultiPolygon","coordinates":[[[[98.29763737200011,8.199088239000048],[98.29767199600013,8.199063671000147],[98.29836263600009,8.198846058000129],[98.29844739999999,8.198839287000055],[98.29859582600005,8.198778852000089],[98.29899122800009,8.198620387000062],[98.29966404200013,8.19847919199998],[98.30009278400007,8.198471559000154],[98.30033656000018,8.198480360000076],[98.30058040800009,8.198464045000094],[98.3006563130001,8.198330121000026],[98.30080792400008,8.198154493000061],[98.30106895600005,8.197920420000116],[98.30140537800014,8.197828865000076],[98.30185117000008,8.197704013000077],[98.3020112210001,8.19751164700017],[98.30210477100019,8.196891999000059],[98.30212161700018,8.196464199000161],[98.30207458300004,8.196211636000157],[98.3019546060001,8.19623841400005],[98.30184535600011,8.196213107000176],[98.30175317600015,8.19605378600005],[98.30158576000014,8.195626332000018],[98.3014689960001,8.195098462000033],[98.30130966300015,8.194863652000151],[98.30125935800015,8.194796536000126],[98.30132685900014,8.19464590299998],[98.30136073500012,8.194511978000037],[98.3012939350001,8.194243806000031],[98.30119342100011,8.194034228000078],[98.30099209800005,8.193782594000083],[98.30059725900014,8.193622792000156],[98.3001099660001,8.193454417000169],[98.29955546500014,8.193244073000187],[98.29926980000005,8.193168185000104],[98.29911017400013,8.193100888000174],[98.29890846000012,8.193075406000162],[98.29875711500017,8.19308352500002],[98.29854692700019,8.193091528000082],[98.29843784300004,8.192982455000049],[98.29842996800016,8.19267253300012],[98.29853114100013,8.19251355300014],[98.298783491,8.192438645000152],[98.2989518390001,8.192296523000095],[98.29901945699999,8.192095625000036],[98.29896108800006,8.191810730000157],[98.2988942840002,8.191576113],[98.2987768380001,8.191433478000022],[98.2985416030001,8.191332573000125],[98.29841568400008,8.191240217000143],[98.29836550500005,8.19107264400003],[98.29845829200019,8.190896893000115],[98.29867697200018,8.190838637000127],[98.29889570600017,8.190763653000147],[98.29936619600016,8.190906866000148],[98.29954265000003,8.190965796000057],[98.29966030800017,8.190982755000107],[98.29971932000007,8.190890730000092],[98.29984547900011,8.19085743900007],[98.300097467,8.190983513],[98.30058467500004,8.191202114000077],[98.30082808500009,8.191420301000107],[98.30111364400017,8.191571588000102],[98.30131539000018,8.191580311],[98.30144988300003,8.191580544000146],[98.3016095370001,8.191631046000055],[98.30185299200008,8.191832498],[98.30211307600007,8.192126109000071],[98.302373203,8.19241133000014],[98.30259974400019,8.19265465799998],[98.30285144400005,8.192956612000103],[98.30304451800004,8.19312443900003],[98.30312817900017,8.193334018000087],[98.3032544350001,8.193267217000141],[98.303565848,8.193049993000102],[98.30459126600016,8.192818283000122],[98.304642425,8.192758678000075],[98.30483599400014,8.192641762000164],[98.30507983500013,8.192600280000136],[98.30523969400014,8.192533536000099],[98.3057030060001,8.191981547000182],[98.30619996500013,8.19142120700019],[98.30678944200014,8.190844269000024],[98.30721899500003,8.19039273300018],[98.3073959030001,8.190158484000051],[98.3077072660002,8.189999903000171],[98.3078927300001,8.189681944000085],[98.30803611800008,8.189414156000112],[98.30818794900011,8.189112880000039],[98.30844928300007,8.18869453800005],[98.30863971300016,8.188299065000137],[98.30866041200005,8.188133700000037],[98.30866097600006,8.187807053000085],[98.30859422400005,8.187530531000107],[98.3085187590001,8.187413154000126],[98.3084347730001,8.1873627330001],[98.30830027500014,8.187370872000145],[98.30819092700017,8.18738743900019],[98.30814882800013,8.187445998000157],[98.30807302500017,8.187512887000082],[98.3079805640001,8.187504330000024],[98.30790516500014,8.187361825000039],[98.30794744700012,8.18721114200008],[98.30811573000005,8.187136047000024],[98.30833445400003,8.187035907000052],[98.30841875100003,8.186910390000094],[98.3085366580001,8.186784955000064],[98.30874686900017,8.186751838000077],[98.30890663700006,8.186735351000038],[98.30910870600019,8.186559795000107],[98.30922639300007,8.186559996000028],[98.30933551500004,8.18665232100011],[98.30937723500011,8.186819936000063],[98.3094609910001,8.187004313000102],[98.30956174700009,8.187079867000136],[98.30967116400018,8.186996289000149],[98.312302499,8.186975683000071],[98.3125796380001,8.187143671000115],[98.31292432000004,8.18712750300017],[98.31323547000005,8.187069386000076],[98.31354674800019,8.186944291000145],[98.31382160700014,8.18681321600019],[98.31417707900005,8.18674637800018],[98.31450317800011,8.186685067000155],[98.31455510300003,8.18664795],[98.31491785300005,8.186388659000158],[98.31495481399998,8.186389153],[98.3150695120001,8.186332252],[98.31535100200011,8.186118598000121],[98.3155080040001,8.186045311000157],[98.31615998800004,8.185740965000036],[98.31618882300006,8.185626810000088],[98.31655960000006,8.185108125000056],[98.31673652600017,8.18481014400004],[98.31727425300016,8.18412566700016],[98.31750308200014,8.183978951000086],[98.31763349800013,8.18397917100009],[98.31789960800012,8.183668985],[98.317966189,8.183527469000012],[98.31811796100015,8.183276439000053],[98.31831156800007,8.183117633000052],[98.31885833600006,8.182909119000044],[98.3196824600002,8.182759766],[98.31994234000018,8.182734297000138],[98.31995150800009,8.18272671800014],[98.32007792400003,8.182551036000177],[98.32012877500006,8.182308204000151],[98.32010432499999,8.181847512000047],[98.3201138550001,8.181194178000169],[98.32022399200008,8.18068344600016],[98.32038418000019,8.180415672000038],[98.32060290800013,8.180315515000188],[98.3208216480001,8.180215386000157],[98.32095632900018,8.180098352000073],[98.3210491000001,8.17992261000012],[98.32115032700005,8.179721761999986],[98.32131022000004,8.17962989300014],[98.32159619200007,8.179538240999989],[98.32162985600019,8.17951317800015],[98.32160495300019,8.17933723300007],[98.32163911000009,8.179010641000048],[98.32187509900018,8.178659223000125],[98.32230439700015,8.178316542000061],[98.32278400900003,8.178057692000152],[98.32308661200011,8.178074934000165],[98.32321263800009,8.17811704200011],[98.32328823000012,8.178150674000051],[98.3233555590001,8.178117281000027],[98.32356587000015,8.178025495999975],[98.32359120800015,8.177950147000047],[98.32363339300014,8.177849729000116],[98.32391942500004,8.177732928000125],[98.32446619100011,8.177532836000069],[98.32453365600014,8.177390513000091],[98.32460954400017,8.177265035000062],[98.32483672700005,8.177156521000143],[98.32506378000011,8.177098295000121],[98.32596410600019,8.176605607],[98.32688128500013,8.176079441000184],[98.32729362700013,8.175820481000073],[98.32753742400013,8.1758208870001],[98.32764141800004,8.175824514000112],[98.3276467190002,8.175812664000034],[98.3277395230001,8.17562021000009],[98.32787427800014,8.175461282000072],[98.32808468600012,8.175302474000091],[98.32828672000016,8.175143686000126],[98.32848866800015,8.175026732000049],[98.3287241610002,8.174968499999977],[98.3289761440002,8.175086177000082],[98.32922826500015,8.17513686600006],[98.32944680100013,8.175153979000186],[98.32964035900017,8.175028643000076],[98.32987596700008,8.174878272000171],[98.3300361360001,8.174618878000047],[98.33038173100005,8.174049920000016],[98.33049131400014,8.17389092000019],[98.33058380500006,8.173857591],[98.33068473600014,8.17385775800011],[98.33077727800014,8.173782519000042],[98.33090376400014,8.173564966000072],[98.33145919200007,8.173188954000011],[98.33190524500014,8.172896531000049],[98.3322924420001,8.17259565300003],[98.3326124080001,8.172269493000044],[98.33275524900012,8.172303242999988],[98.33304103700016,8.172320470000102],[98.33338582300007,8.172254018000103],[98.33374742600006,8.172170840000149],[98.33414251700015,8.17217149000004],[98.33473917100014,8.172289770000077],[98.33517629700009,8.172307230000058],[98.33552921300014,8.172391584000138],[98.3358736310002,8.172551270000042],[98.33619281300014,8.172702570000126],[98.3362684290002,8.172727818000055],[98.33671911099998,8.172929531000136],[98.33677238000007,8.172988317000033],[98.33702115900013,8.172892835000141],[98.33712247500017,8.172718521000093],[98.33723104500007,8.17248733000008],[98.33728140400007,8.172380093000129],[98.33741690700003,8.172181132000105],[98.3375563240001,8.17197642300016],[98.33760420000016,8.171879716000035],[98.33766816100018,8.171750517000135],[98.337723004,8.171622612000078],[98.33786519400007,8.171365121],[98.3379438390001,8.171222705000162],[98.33801605800011,8.17111125000008],[98.33809817600013,8.17098452100015],[98.3383349680002,8.170619091000106],[98.33846664200007,8.170371935000105],[98.3384967570002,8.170262620000187],[98.33851015800013,8.17021397600007],[98.33852888100017,8.170146011000043],[98.33860967200019,8.169963564000113],[98.33871110600006,8.169734495000114],[98.33893118500009,8.169262015000072],[98.33893508500006,8.169252826000104],[98.3389510510001,8.169215216000055],[98.3390402730002,8.169005041000162],[98.33920068500015,8.168569767000179],[98.33921869000017,8.16785784200016],[98.339177469,8.167346856000165],[98.33914717800008,8.167169898999987],[98.33913900100004,8.167122165000137],[98.33913586600005,8.16710385700003],[98.33911125700007,8.166718518000039],[98.339120686,8.166115482000066],[98.33916418400008,8.165210945000126],[98.33914003900014,8.164565948000131],[98.33906602300004,8.163560713000152],[98.33907309900007,8.163505041000178],[98.33912335800005,8.163330851000126],[98.33917774400015,8.1631423500001],[98.33926716800005,8.162788411],[98.33934091700002,8.162569153],[98.33942643800009,8.16223830000007],[98.3394191370001,8.161980424000035],[98.3394191750001,8.161957329000188],[98.33949260900016,8.16193051],[98.33956792000009,8.161935634000088],[98.33960846200006,8.16194609200005],[98.33966208400005,8.161972915000035],[98.33976283900012,8.162023319000127],[98.33989029900005,8.16202737500015],[98.34000226800015,8.162011995000114],[98.34005642900007,8.162004554000077],[98.34007924000014,8.161990556000035],[98.34015484700006,8.161944154000082],[98.34021198300019,8.1618873810001],[98.34033842500014,8.161703305000117],[98.34060859400006,8.160966676000044],[98.34089570400016,8.160179815000049],[98.34109869600007,8.159417907000034],[98.34114221500005,8.15853012500014],[98.34129426900017,8.158052939000072],[98.34136221500012,8.157634246000157],[98.34122822600017,8.157332512999972],[98.34108588700019,8.156972097],[98.3409858930001,8.156444262000093],[98.34086217000004,8.155789514000105],[98.34080231900015,8.15553202500007],[98.34078176800017,8.155443614000092],[98.34072756500018,8.155269334000081],[98.34068972300008,8.155043195000076],[98.34069027200002,8.154708355000082],[98.34067909900011,8.15385682699997],[98.34068014400009,8.15321900400005],[98.3406725590001,8.152716437000151],[98.340666382,8.151359541000147],[98.34079329800005,8.150857152000071],[98.34094544900012,8.150346475000163],[98.34108053400018,8.149978177000037],[98.34114005300006,8.149584607000179],[98.34124235800004,8.148696919000088],[98.34131911400004,8.148010212000031],[98.34142100900004,8.147382150000112],[98.34170794400006,8.146679040000038],[98.34186799300005,8.146486649],[98.34236296000006,8.145101669000155],[98.34240167400009,8.145070007000015],[98.34266426900001,8.145101221000118],[98.34282646000003,8.145120729000155],[98.34288444600003,8.145103620000043],[98.34300808500006,8.145067139000162],[98.34303998500002,8.145046645000036],[98.34318186500008,8.144905722000033],[98.3434091900001,8.144679949000079],[98.34362808200012,8.144487644000094],[98.3439056630001,8.144354095000153],[98.34446895400004,8.144304727000133],[98.34510369000014,8.144239195000011],[98.34529987200006,8.14423951100008],[98.34548524500019,8.144255206000025],[98.34551286200008,8.144264262000092],[98.3456975680001,8.144324826000116],[98.34578121499999,8.144329963000075],[98.34589067100018,8.14433668300012],[98.34629180300016,8.144312523000053],[98.34635328500008,8.144308819000116],[98.34645078400007,8.144302948000075],[98.34651146300001,8.144286979000071],[98.34675604700004,8.14422261400017],[98.34700332600016,8.144172978000142],[98.34708452400008,8.144119227000033],[98.34711611000006,8.144089016000123],[98.34716543800005,8.144041837000032],[98.34718897300013,8.144019327000137],[98.34721232800018,8.14390775000004],[98.34722800100019,8.143769222000117],[98.34729143000015,8.143682045000105],[98.34738053000007,8.143569422000155],[98.34747554200015,8.143524031000027],[98.34754130900018,8.143492613000092],[98.34757399900019,8.143462310000132],[98.34759933300018,8.14343882500009],[98.34762958800007,8.142988713000136],[98.34763891100005,8.142850028000112],[98.347653621,8.142173572000104],[98.34765555600012,8.142084551000096],[98.34765636400016,8.141737412000055],[98.34765261000001,8.141545319999977],[98.34777286200006,8.141226066000058],[98.34787343300007,8.141133858000046],[98.34790299700006,8.14111353400017],[98.34793563900007,8.14109109300017],[98.34797396900007,8.141064742000026],[98.34800884400005,8.140995519000057],[98.34800900500011,8.140895452000052],[98.347971357,8.140291138000123],[98.3479483810001,8.14016794100013],[98.34790608200007,8.14005240900002],[98.3478604940002,8.139582787000052],[98.3478185850002,8.139224786],[98.34781354300014,8.139150706000123],[98.34778085900007,8.138670503000071],[98.34778529000016,8.138575644000127],[98.34779325300002,8.13840522900017],[98.34780944800002,8.138251657000069],[98.34783302200003,8.13802814200011],[98.34779182400018,8.13752552000011],[98.34769148000004,8.137207070000045],[98.3475070080001,8.136922004000098],[98.34728087400003,8.136402328999964],[98.347234733,8.13634501600012],[98.34722953800019,8.136338562000105],[98.34711415300018,8.136195231000102],[98.34708609900014,8.136160368000105],[98.34700407500009,8.136058444000014],[98.34698889800018,8.136052762000077],[98.34698371200011,8.136050821000026],[98.3468248320001,8.135874926000156],[98.34670866800008,8.135793896000166],[98.34644558399998,8.13570189],[98.34637642300004,8.135657700000081],[98.34629986700008,8.135637190000182],[98.34621131700004,8.135676657000147],[98.34617899700004,8.13565510900014],[98.34617457900004,8.135644412999966],[98.34611827900017,8.135508056000162],[98.34611421000011,8.135506195000062],[98.34607603900008,8.13548875000015],[98.34601959899999,8.135484135000013],[98.34573780800008,8.135559413000067],[98.34563127100006,8.135646309000151],[98.3455913950001,8.135766655000168],[98.34559341,8.135784727000043],[98.34559116500009,8.135791574000166],[98.34559972000017,8.135866997000107],[98.3456018080002,8.13588540500001],[98.34568543200015,8.136139143000037],[98.34569199900011,8.136159071000122],[98.34567321700013,8.136207727000055],[98.34533561300009,8.136407863999978],[98.34530130700011,8.136401589000116],[98.34529330400005,8.136388050000107],[98.3452701990002,8.136348966000071],[98.34525815700005,8.136277344],[98.3452671170001,8.136043169000118],[98.345320824,8.135617568000157],[98.34531867800018,8.135611349999976],[98.34532106000006,8.135592674000065],[98.34530184500011,8.135536671000125],[98.34529585600006,8.135531627000034],[98.34522651300011,8.13547323400013],[98.34522652300012,8.13546706600016],[98.34522659400005,8.135423362999973],[98.34533010900014,8.135326460000044],[98.34535885700006,8.13528127100011],[98.34541843500017,8.135081280000179],[98.34548696600007,8.134989252000025],[98.34550381800005,8.134913521000101],[98.34550141500011,8.134900323000068],[98.34550403700018,8.134888574000058],[98.34545875600008,8.134639812000103],[98.34545053200009,8.134630252000022],[98.34544119300011,8.134619396000176],[98.34543951800009,8.134614151000164],[98.34543384100004,8.134596383000144],[98.34545140200015,8.134590188000061],[98.34552701000018,8.134615428000188],[98.34559416200005,8.134657401000027],[98.34565305200016,8.13464074000018],[98.34571214000005,8.134490091000032],[98.34561224300006,8.13390361300003],[98.34549588500005,8.133065799000121],[98.34539632800005,8.132253179000031],[98.34529795700018,8.130720192000126],[98.34529203800014,8.130488062000097],[98.3452821480002,8.130100358],[98.34528267400003,8.130100060000132],[98.34528044500013,8.130033713999978],[98.34528493100015,8.12964884500002],[98.34528708200008,8.129581704999964],[98.34529713500012,8.129267838000032],[98.34532496700007,8.128984227000103],[98.34533454299998,8.128902690000018],[98.34551334900004,8.127470655000138],[98.34572731100019,8.126512577000085],[98.34587788800008,8.12601657000016],[98.34596339400008,8.125685714000156],[98.34597520500006,8.1255471770001],[98.3459753480002,8.125458658000184],[98.34593683100007,8.125393166000094],[98.34573127200002,8.12521723000009],[98.34589144800015,8.12511461500003],[98.34589308300019,8.125113738000039],[98.34594880600008,8.125154562000034],[98.34606466000008,8.125162446],[98.34619987200011,8.125143419000096],[98.34627333400016,8.125093505000052],[98.34631592100004,8.125031991000128],[98.3463253180002,8.124938533000034],[98.34632941600017,8.124897791000024],[98.34632671500003,8.12485094300007],[98.34631211900006,8.12474202200002],[98.34630174199998,8.124331036000115],[98.34623402900019,8.123745819000135],[98.34620116000019,8.123197936000167],[98.34619269200005,8.122595263000107],[98.34619987899998,8.122220699000025],[98.34737815600005,8.122069882000119],[98.34738167600017,8.122069432000046],[98.34739011800019,8.122098623000056],[98.34740698700006,8.122156942],[98.34749961600016,8.12226677600006],[98.34766800900013,8.12245977900011],[98.34800820000015,8.122774075],[98.34846752300007,8.123086281999974],[98.34876962800007,8.12324903200016],[98.34884355000014,8.12330624200007],[98.35047279200012,8.125073737000037],[98.35067997200008,8.125332407000144],[98.35080067299998,8.12543271400017],[98.351154172,8.125614132000067],[98.3514427570002,8.12568528200012],[98.35152425000012,8.125687007000124],[98.35162903100013,8.125633897],[98.35175325700015,8.12557093100014],[98.35208972900006,8.12543746800003],[98.35238397900008,8.125396036000154],[98.35268662000016,8.125363022000101],[98.35301424100004,8.125472429000183],[98.353358894,8.125464607000026],[98.35355241900015,8.125347649000162],[98.3536873870001,8.125037959999986],[98.35388987100015,8.124560837000047],[98.35398292200011,8.124192433000132],[98.35400872700006,8.123823928000093],[98.35397573700016,8.123430198000051],[98.35398486300005,8.12297793900018],[98.3540114180002,8.122140351000155],[98.35396994400014,8.12180526000003],[98.35389474600015,8.12151198200013],[98.35382792000013,8.121243816000117],[98.35381647600002,8.12121513500017],[98.35381193900014,8.121203783000112],[98.35377769800004,8.121118118000027],[98.35362649700005,8.121059236000121],[98.35344178900004,8.120924941000112],[98.35324864400013,8.12080738100019],[98.35303860500005,8.120756763999964],[98.35296104700006,8.120748363000075],[98.35294031500013,8.120746119000103],[98.3528995060002,8.120724122000126],[98.352765219,8.120605211000168],[98.35275734000015,8.120592402000057],[98.3526308270001,8.120386778000125],[98.35261410000004,8.120344517000092],[98.35260881800014,8.120340093000038],[98.35258542700007,8.120320506000098],[98.35244317000013,8.119918243000143],[98.35241046600004,8.119348600000023],[98.35251223700004,8.118787552000128],[98.35256295800008,8.118586616000186],[98.35260702900007,8.118561125000099],[98.35264547100007,8.118538890000139],[98.3527676380001,8.118468089999965],[98.35281266200013,8.118442021000021],[98.35286583099997,8.118411239000181],[98.35313511800018,8.118219011000065],[98.35339591000007,8.118085386000132],[98.35343194200004,8.118086880000078],[98.35360603100014,8.1180941020001],[98.35389319200016,8.118139751000058],[98.35393364800012,8.11811290900016],[98.35397141800007,8.118062103000057],[98.35398220200005,8.117931493000071],[98.35398052400012,8.11792953600019],[98.3539813500002,8.117919376000032],[98.353971855,8.117912439000122],[98.35380823000008,8.117792883000163],[98.3535733110001,8.117532868000069],[98.35338039900012,8.117281263999985],[98.35327299,8.117185448999976],[98.35296243300019,8.117193875000169],[98.35292960900011,8.117188415000044],[98.35283418800014,8.11718826300006],[98.35277538300016,8.117171431999964],[98.35274189100005,8.11708761000017],[98.35267551900006,8.116559827000117],[98.35263608000008,8.116201025000066],[98.35263488000015,8.116190102000132],[98.35261495600008,8.116141784000035],[98.35260968,8.116136993999987],[98.35253451,8.11606874500012],[98.35218931700012,8.116069344000095],[98.35126325000016,8.116235183000072],[98.35095741200007,8.116252220000149],[98.35089398800017,8.116182583000125],[98.35089232600006,8.116176815000188],[98.35083081200008,8.115963154000042],[98.35079951500006,8.115722658000038],[98.35082259000012,8.115683905000083],[98.35085182700016,8.115665876000094],[98.35197021500016,8.115492379000045],[98.35220287200013,8.115422112000033],[98.35224548100018,8.11539730800007],[98.35227389500005,8.115367935000052],[98.35228423600012,8.115299565999976],[98.35228103399999,8.115297481000084],[98.3522844900001,8.115274633000183],[98.35227442000019,8.115268194000066],[98.35224196700005,8.115247442000111],[98.35209590400012,8.11524213500013],[98.35172767100016,8.11528393900005],[98.35098712500013,8.115412790000107],[98.35086291500016,8.115413708],[98.35081302900016,8.115380282000103],[98.35081057700012,8.115370858000063],[98.35079966400019,8.115328916000124],[98.35081694800004,8.115299485000094],[98.3508964360002,8.11525382100001],[98.35091832200004,8.115214289000164],[98.35091955600018,8.11516342800013],[98.35091922400011,8.115162154000188],[98.35091979200018,8.115138490000163],[98.35089472100015,8.115050846000031],[98.35088854900016,8.115046862000042],[98.35079637700017,8.114987377000034],[98.35061703800017,8.11502893900007],[98.35056062000012,8.114997732000063],[98.35055995900018,8.114988541000116],[98.35055734800005,8.114952240000036],[98.3506440450002,8.114885433000097],[98.35064247000014,8.114861865000137],[98.35064426200012,8.114860486999987],[98.35064122100016,8.114814691000106],[98.35062145600017,8.114777364000133],[98.3506183630002,8.114774672000067],[98.35052441500005,8.114692917000184],[98.35052537800004,8.114687751000076],[98.35053292400016,8.114647250000019],[98.35055367400008,8.11464386900019],[98.35057272800009,8.114615082000057],[98.35056553200019,8.11460135800013],[98.35057294400008,8.11459018100004],[98.35051932200008,8.11448796700006],[98.35054230100013,8.11445009300013],[98.35056396900012,8.114414383000053],[98.35071508300001,8.11442084200013],[98.35090603000009,8.114401359],[98.35119194600014,8.114244110000072],[98.35124441300013,8.114240220999989],[98.35132347100011,8.114268614000139],[98.35140745500013,8.114272680000113],[98.35149227700003,8.114238355000055],[98.3515610180001,8.114185903000134],[98.35162914700015,8.114156038999965],[98.35178893800014,8.11410709800009],[98.35186703100015,8.11401845500012],[98.35189072900016,8.11391563899997],[98.35188759500005,8.113905639000052],[98.35189103900018,8.11389070600012],[98.35184643000014,8.113749889000132],[98.35161731200014,8.113328913000089],[98.35145366400013,8.112961902000052],[98.35315474900011,8.112438115000145],[98.3550958990001,8.111962562000144],[98.35510714900016,8.112013040000022],[98.35510827399997,8.112018089000173],[98.35511680500008,8.11205636700015],[98.35517214000015,8.112163293000094],[98.35525375000014,8.112255035999965],[98.35535063300006,8.11232242400007],[98.35544984500012,8.11235762900003],[98.35562225000007,8.11238787700006],[98.3558120020001,8.112390989000119],[98.35606049500018,8.112366531000077],[98.35613110500014,8.11238356400014],[98.35621300600008,8.112430078999978],[98.35631346200006,8.112569284000074],[98.35638484100019,8.112802317000046],[98.35648891700009,8.11300146299999],[98.35667573900008,8.113236940000036],[98.3568547770002,8.113376263000134],[98.35690156600003,8.113392751000049],[98.35703713800007,8.113400938000098],[98.3572272030001,8.113384789000122],[98.35739727000004,8.113443251000149],[98.35748129800004,8.113443976000099],[98.35756240400019,8.113424324000107],[98.35766478600016,8.113450504000127],[98.35773766000011,8.113428524000085],[98.35778938400011,8.113392433000058],[98.35799329000014,8.113211310000054],[98.35812555200005,8.113156127000025],[98.35822595600018,8.113134211000158],[98.35834226000003,8.113148545000115],[98.35840660900016,8.113181434000069],[98.35842469500005,8.113210838000043],[98.3584771420002,8.11340425000003],[98.35851813000005,8.11349251400003],[98.35864187200013,8.113639752000154],[98.35875942600012,8.113687878000064],[98.35900814300015,8.113756746999968],[98.35907132100004,8.113802078999981],[98.3591744310001,8.113837278000176],[98.3592315300001,8.113839633999987],[98.35930187800005,8.11383185700015],[98.35941251600013,8.113812359000121],[98.35944608500017,8.113806428000089],[98.35945435400004,8.113797378000072],[98.35961449200016,8.113622438000164],[98.35961949000006,8.113602649000029],[98.35964832200011,8.113488484000072],[98.35980814300012,8.113396601000034],[98.36004370100005,8.113271290000057],[98.36019509000005,8.113204544000041],[98.36029594100012,8.113204703000122],[98.36041349900012,8.113297027000158],[98.360435198,8.113398697000036],[98.36037117400008,8.113472832000014],[98.36033238600004,8.113588285000048],[98.36032897300004,8.113598443],[98.36032044400014,8.113673781000045],[98.36039599100008,8.113724164000018],[98.36042548700004,8.11373262100011],[98.36043211000015,8.113735261000159],[98.36053040500019,8.113774655000043],[98.36053581900012,8.113803733000111],[98.36055476900009,8.11381627000003],[98.36064486700008,8.113949940000055],[98.36064898800015,8.113956052000049],[98.36065645200006,8.114008854000133],[98.36060428800016,8.114175255000134],[98.3606064170001,8.114192752000065],[98.36060409200013,8.114200198000162],[98.3606111410001,8.114257483000188],[98.36061473500007,8.114286681000124],[98.36063927500015,8.114331950000064],[98.36072492400018,8.11438918000016],[98.36078105300015,8.114387005000083],[98.36093798400009,8.114335245000063],[98.36101657000017,8.114349518999973],[98.36107147900003,8.114391427999976],[98.3611035080001,8.114477895000164],[98.36110960900015,8.114494365999974],[98.36111574400019,8.114546953000172],[98.36108809500013,8.114580817000103],[98.36104471800019,8.114575086000116],[98.36099844400007,8.114587998000104],[98.36097710300004,8.11464561200006],[98.36097686800008,8.11467055300011],[98.36098483600006,8.114744219000158],[98.36098811700003,8.11477456100016],[98.36100996800013,8.114807721999966],[98.36103135300004,8.114841327000022],[98.36103237800006,8.114841728000158],[98.36105105000019,8.114849044000039],[98.36108652500019,8.114852257000052],[98.36109903100015,8.114853389000132],[98.3611886720002,8.114843004000079],[98.36130339300018,8.114867442000104],[98.36130402300006,8.11486796800017],[98.3613164620001,8.11487833700005],[98.36138880300012,8.114993408000089],[98.36149443300019,8.115107603000183],[98.36158990600018,8.115175788000045],[98.36167119400017,8.11523384300017],[98.3617467000002,8.11533447000005],[98.36180541100015,8.115418327000157],[98.36188093800013,8.11547710700006],[98.36201553100011,8.11541865700002],[98.36213333500012,8.115335076000122],[98.36225949200013,8.115285035000113],[98.3623351390001,8.115285153000116],[98.36260378500015,8.115494975000104],[98.36270425200019,8.115746387000115],[98.36288893400018,8.11589746300018],[98.36337585600018,8.11627516699997],[98.36405576900017,8.116829025000186],[98.36428227600004,8.117122541000128],[98.36465157900011,8.117441430000099],[98.36497025900019,8.117919320000055],[98.36546525,8.118506418000152],[98.36586806600013,8.11891749800003],[98.36625413500019,8.119286631000136],[98.36661478400009,8.119764623000037],[98.36698399699998,8.120167258000038],[98.36729869100009,8.120337225000185],[98.36740391000018,8.120394053000098],[98.36748132100013,8.120454511000105],[98.36765516300011,8.120533109000064],[98.36790234700015,8.120611476000022],[98.36806543000006,8.120646773000033],[98.36877806000001,8.120732096999973],[98.36907810700006,8.120748414],[98.36925179800016,8.1206972330001],[98.36937478800019,8.12067675100019],[98.369492842,8.12061694200014],[98.36949648300003,8.120615097000098],[98.36983282900019,8.12054859799997],[98.370228097,8.120406810000134],[98.37050571600014,8.12025647600018],[98.37092632000014,8.120030988000167],[98.37127114700019,8.119889104000151],[98.37156563299999,8.119696912000052],[98.3719947850002,8.119404407000104],[98.37225556200019,8.119254056000159],[98.37255829000014,8.119170766000025],[98.37279374000013,8.119120845000054],[98.3729199820001,8.119003788000043],[98.37295387300014,8.118827980000106],[98.37316427700011,8.118644020000147],[98.37330734500006,8.118543725000109],[98.37346703400004,8.118535607000126],[98.37358471400017,8.118552530000045],[98.37366044600003,8.118485625000119],[98.37375315499997,8.118326614000182],[98.37421631300015,8.117774516000168],[98.37438479600013,8.117531859000053],[98.3745283950002,8.117063042999973],[98.3746971430001,8.11666126100016],[98.37507115300014,8.116195399000162],[98.3750728460002,8.116193716999987],[98.37532962700004,8.115938616000108],[98.3754257290002,8.115843141000141],[98.37544450400003,8.11582449000008],[98.37545747500013,8.11577677200006],[98.37530461200004,8.115171214000043],[98.37506605300007,8.114498435000087],[98.37506556200015,8.114497051000114],[98.37497282400011,8.114235451000127],[98.37493666600011,8.114154907000056],[98.37485073100004,8.114097625000113],[98.37483946300017,8.114097607000133],[98.37477719300017,8.114097512],[98.37452142900014,8.114228565000133],[98.37445144900005,8.114228458000184],[98.37428921700013,8.114122681000083],[98.37414667000013,8.113887898000087],[98.37410535700019,8.113443934000145],[98.37409021200011,8.112962249000134],[98.37408975500011,8.112947724000094],[98.37406669100017,8.112794440000016],[98.37395545200013,8.11252235500018],[98.37367043400019,8.112036089000071],[98.37350267900007,8.111818033000134],[98.37337020000018,8.111766468000042],[98.37335151200006,8.111734074000026],[98.3733516420001,8.111650300000065],[98.37341080900012,8.111440991000052],[98.3734448410001,8.111172999000075],[98.37342836500011,8.110955209000167],[98.37350523400016,8.110167978000163],[98.37372523800008,8.109221803000082],[98.37413104700016,8.107698005000145],[98.37436777600016,8.106785348000017],[98.37473939400013,8.105630058000031],[98.37511923500006,8.104583623000053],[98.37525437200014,8.104148286000168],[98.37540217200012,8.103643090000105],[98.3754233840001,8.103570583000078],[98.37547026100015,8.103427876000069],[98.37554160200011,8.10321059],[98.37563476600019,8.102750074000085],[98.37570236900018,8.102523998000038],[98.37568591100006,8.102297830000168],[98.37564940600015,8.10224475300015],[98.37563846800009,8.102228843000034],[98.37559367400013,8.102163686000097],[98.3754340860001,8.102079665000133],[98.37540080400015,8.101861854000163],[98.37538460500014,8.101476517000151],[98.37546036600014,8.101376127000037],[98.37554470100008,8.101200354000127],[98.37557859700007,8.101007751999987],[98.37558156,8.100979769000105],[98.37558283000016,8.100967778000097],[98.37553256000007,8.100798215000168],[98.37540480100006,8.100504633000014],[98.37537468900007,8.10045649400007],[98.37537433000011,8.100456367000106],[98.37536932900014,8.100454592000062],[98.37520985300011,8.100328731000047],[98.3751512660001,8.100169481000023],[98.3750704480002,8.099612399000137],[98.37573153900007,8.099241357000153],[98.37587531200018,8.09935811300005],[98.3760013320001,8.09941695700013],[98.3761526030001,8.099408805000166],[98.37631238800009,8.099358781000092],[98.37643868000009,8.099216606000141],[98.37660704400014,8.099057698000138],[98.37672346000016,8.09898833200009],[98.37684267200012,8.098848666000094],[98.37738979300013,8.098338560000116],[98.37774357500012,8.09781979600001],[98.37810603700007,8.09714188900017],[98.37834224500011,8.096564287000149],[98.37875522100018,8.095819438000092],[98.37913424900006,8.095300695000049],[98.37939914400005,8.095016767000175],[98.3794375810001,8.0947985950001],[98.37945821200015,8.09465089600019],[98.37970187000008,8.094229689000088],[98.37971825000017,8.094201374000136],[98.37983354200014,8.094187757000157],[98.38005047200011,8.094068897999989],[98.38007750800006,8.094054086000028],[98.38029636100015,8.093836642000156],[98.38054875800015,8.093686276000142],[98.38106221900006,8.093184495000116],[98.38129786600012,8.092958689000056],[98.38133444700003,8.092917501000045],[98.38138463800004,8.092860988000098],[98.38167674900012,8.092532093000102],[98.38171880800013,8.092498650000095],[98.3820048710001,8.09229805800004],[98.38224890600014,8.092122532000076],[98.38243404200017,8.091972030000079],[98.38256043000013,8.091754445999982],[98.38267003300007,8.09152846800015],[98.38267870100009,8.091352571000073],[98.38269753300006,8.091269520000026],[98.38271978300008,8.091171392999968],[98.38280826900012,8.091046481000149],[98.3829026800002,8.09091320900012],[98.38304768500007,8.090778148000027],[98.38325619800014,8.090786353999988],[98.38336057499998,8.090763305000166],[98.38342639800004,8.09073007600017],[98.38356872800006,8.090586203000043],[98.38364270500006,8.09046245900015],[98.38366973700016,8.090366956000139],[98.38366873100011,8.090346578000037],[98.38367000200009,8.090342087000124],[98.383666716,8.090277581000123],[98.38361569900013,8.090090081000028],[98.38362660500019,8.09000791000011],[98.38402887900003,8.089584597000169],[98.38422555500017,8.089308382000127],[98.38477857100008,8.088598646000037],[98.38512108700019,8.088068701000111],[98.38512116600009,8.088016357000072],[98.385121245,8.087963958999978],[98.38509635800017,8.087729368000055],[98.38518918000005,8.087486628000022],[98.38526508400008,8.087319195000134],[98.38535779700004,8.087143435000144],[98.38546722300003,8.087034699000185],[98.38558500400012,8.086951119000048],[98.38581952300007,8.086742258000072],[98.38582909800004,8.086733730000049],[98.38586100400005,8.086702014000139],[98.38602818600003,8.08619952700019],[98.38602475200008,8.086145086000045],[98.38602333100005,8.086122571000033],[98.38599830000004,8.085980156000062],[98.3859230330001,8.085753863000093],[98.38587279400014,8.085611400000118],[98.38586125700016,8.085500029000059],[98.38586959500014,8.085336820000123],[98.38595892000012,8.085252294000043],[98.38596914800007,8.085242615000084],[98.38607159400004,8.08514567100002],[98.38621024700007,8.085109865000106],[98.38628780900007,8.085102793000033],[98.38630946100011,8.085095635000187],[98.38633113700013,8.085072303000175],[98.38639071500006,8.085031053000137],[98.3864556910001,8.0849970000001],[98.38652108200012,8.084975531000168],[98.38656276800003,8.08497559400007],[98.38678663500013,8.085040746000175],[98.38695354800018,8.085138216000018],[98.38711756900017,8.0852571100001],[98.38721539500011,8.085292967000157],[98.38737589700003,8.085311796000042],[98.38749300200004,8.085308590000125],[98.3875815500001,8.085291236000103],[98.38818169200005,8.085088044000145],[98.38861353900012,8.084978473000035],[98.38865897400007,8.084946308000156],[98.38884343700016,8.084870264000074],[98.38887951700013,8.084840906000125],[98.38891533000015,8.08476803900004],[98.38903074500018,8.084671472000139],[98.38907441000015,8.084615054000096],[98.38913460200018,8.084562002000155],[98.38934409100017,8.084439061000182],[98.38964887499998,8.084321924],[98.38996823000002,8.084151681000037],[98.39034784200004,8.083870759000092],[98.39082587100006,8.083444774999975],[98.39089768500014,8.083380862000126],[98.39146465700014,8.082987152000044],[98.3916392160001,8.08289694300015],[98.39199165900004,8.082753858000103],[98.39243688500011,8.082645413000137],[98.39289411200019,8.082493211000155],[98.39323168700014,8.082380840000155],[98.39410617400011,8.082114100000126],[98.39450142400011,8.08196392700006],[98.39479566400013,8.081905723000034],[98.39506463300012,8.081897739000055],[98.39537231200006,8.08199547099997],[98.39540904100016,8.082007138000165],[98.39547332500018,8.08200723300007],[98.39551282400015,8.08199310200007],[98.39560489500002,8.081905168000048],[98.39796897500008,8.081104548999974],[98.39807513300013,8.081206008000095],[98.39820515600019,8.081289294999976],[98.39856480100019,8.081476378000104],[98.39926602300011,8.081765719000146],[98.39954935399999,8.08178761400012],[98.39963013500005,8.081827861000136],[98.39998854300018,8.082077126000058],[98.40008485200008,8.08216263100013],[98.40025035000008,8.082269172000167],[98.40046702100017,8.082451499000058],[98.40056129500016,8.082559049000054],[98.40066457400007,8.082749138000054],[98.40083332500012,8.0829534880001],[98.40119877900014,8.0832248050001],[98.40137042100014,8.083374842000183],[98.40161415700004,8.083668628000112],[98.40174899200008,8.08379204800002],[98.40200919300003,8.084101682000096],[98.40215296000014,8.084303682000098],[98.40227134200018,8.084414644000049],[98.40252325700015,8.08458290800013],[98.40262359800016,8.084623808000117],[98.40268347100005,8.084618235999983],[98.40283499200007,8.084566426000151],[98.4028586500001,8.084481147000133],[98.40285558300008,8.084468028],[98.40285886700019,8.084456206000084],[98.40282898500004,8.08432838300007],[98.40282167000004,8.084320990000094],[98.40204735800012,8.08353863800005],[98.40179781500012,8.083330236],[98.40149956200008,8.083052798000153],[98.40149182500005,8.083039956000164],[98.40142456299998,8.082928317000096],[98.40142287200013,8.082840505000092],[98.4015277900001,8.082635109000137],[98.40157567600016,8.082479682000155],[98.40159487100004,8.082344635000084],[98.40165213500018,8.082170586000188],[98.40176309700013,8.081940656000143],[98.4019873200001,8.081621031999987],[98.40223788400004,8.081357933000163],[98.40240369000009,8.081207253000116],[98.40266323200007,8.080985445000067],[98.40299689900007,8.080734371000062],[98.40343374800005,8.080498153000065],[98.40414540700004,8.080046940000159],[98.40460603300016,8.079827112000089],[98.40505977500004,8.079674609000165],[98.40538683900007,8.079621318000079],[98.40570591100004,8.07964276000007],[98.4059148990001,8.079679807000048],[98.40642633200002,8.079783447000125],[98.40656810500013,8.079837878000092],[98.40706694400012,8.080047777000118],[98.40763522700013,8.080361854000103],[98.40798120100015,8.080520580999973],[98.40810177700018,8.080552431000115],[98.4081873940001,8.080600014000083],[98.40845767100018,8.080772835000062],[98.40868872200019,8.080940184000156],[98.408741561,8.080978457000015],[98.40910046300007,8.081271246000028],[98.40918315700014,8.081368628000064],[98.40935780000012,8.081626673000187],[98.409492957,8.081888570000103],[98.40978983000014,8.082734695000056],[98.40995050300006,8.083295287000055],[98.4099532800002,8.083296313000119],[98.41008152800015,8.083343653000156],[98.41023277900013,8.083385728000167],[98.4104760680001,8.083687620000092],[98.41075288000008,8.084064942000055],[98.41113884200007,8.08451780200005],[98.41136546500007,8.084719154000027],[98.41162579600018,8.084870306000084],[98.41187769800007,8.085046572000124],[98.41197842900016,8.085138858999983],[98.41204560100005,8.08517244900014],[98.4121632400001,8.085206109000069],[98.41245747900018,8.085122761000093],[98.4128525320001,8.085106592000102],[98.41362568800008,8.08515798100018],[98.41428127900008,8.085150533999979],[98.41458391100008,8.085100702000148],[98.41492014700003,8.085067672999969],[98.41524796900012,8.085051407000037],[98.41539089200012,8.085009713000147],[98.41548346600018,8.084926074000066],[98.41584495200004,8.084876357000155],[98.41619795000014,8.084868484000083],[98.41631536600005,8.085036185000035],[98.41642443200004,8.08519546400015],[98.41667634800012,8.08533824400007],[98.41676897700006,8.08546670800007],[98.41677491600007,8.085474946000033],[98.41679587600004,8.085487331000081],[98.41682740100009,8.085505960000091],[98.4170961150001,8.085657121000054],[98.41727257400004,8.085690881],[98.41736508900016,8.085649132000015],[98.41751634500008,8.085674473000097],[98.41782690200006,8.085968080000157],[98.41782672200009,8.086093697000138],[98.41785166300008,8.08627803600001],[98.41794394900006,8.086395422000123],[98.41806978300019,8.08654637900014],[98.41821254900009,8.086647109000126],[98.41832173799997,8.08668912000013],[98.41845606700019,8.086781461000044],[98.41848115300013,8.08686525500002],[98.41857357100014,8.086890503000177],[98.41872493400012,8.086848850000024],[98.41887621900014,8.086840692000067],[98.41911132400014,8.087016952000056],[98.4192288000001,8.087134358000185],[98.41918653200014,8.087293431000091],[98.41916964500007,8.087352052000085],[98.41911890000006,8.087586502000136],[98.41908506200008,8.087728859000094],[98.4190260370001,8.087871152000048],[98.41907622000008,8.088030384999968],[98.41916863800009,8.088055654000016],[98.41927789500016,8.088055809000139],[98.41968933900006,8.088349545000085],[98.41999983000011,8.088693417000115],[98.42010514500004,8.088974529000097],[98.42016041300013,8.08903440500012],[98.42023466000018,8.089028785000153],[98.42031032400001,8.08902052100018],[98.4208304730002,8.089674572000035],[98.42143457700007,8.090404175000117],[98.4216886370001,8.09105082800005],[98.42171543100005,8.091119026000172],[98.42179344100009,8.091317601000185],[98.4218545920001,8.091505258000154],[98.42185481000013,8.09150592800006],[98.42188362000019,8.091637167000158],[98.42189507300014,8.09166123700004],[98.42197064900017,8.091711605000114],[98.42210504500014,8.091762065000182],[98.42223937900002,8.091854396000087],[98.42237373500012,8.091955112000107],[98.42244078400012,8.092064093000147],[98.4225160650002,8.092332199000111],[98.42256626500011,8.092499808000014],[98.42272578700016,8.09260891100007],[98.42306174200013,8.092793672000028],[98.42348996200002,8.093079063000062],[98.42365790200006,8.093204932000106],[98.42394311400005,8.093590644000074],[98.42416111800014,8.093959512000026],[98.42429509700014,8.094303100000047],[98.42446297500015,8.094462498000041],[98.42467286200002,8.094621958000118],[98.42482371100016,8.09492371400006],[98.42482203600014,8.094924755000022],[98.42484050700017,8.094948870000167],[98.42499948800008,8.09543489400005],[98.42507499600009,8.09554389100009],[98.42526735000018,8.096214251000163],[98.42530865700013,8.096716873000162],[98.42530825300014,8.097001675000115],[98.42524921800015,8.09715233900016],[98.42499668400018,8.097411662000184],[98.42472747700003,8.097612290000086],[98.4244750220002,8.097812971999986],[98.42434034600006,8.097963525000125],[98.424205605,8.098130874],[98.4241464980002,8.098331814000119],[98.424070497,8.098583023],[98.42405239400006,8.098627112000031],[98.42408684700013,8.098901339000065],[98.42430434900018,8.099613585000043],[98.42450535400002,8.100116438000157],[98.42470662900007,8.10043500200004],[98.42504254100015,8.100661657000046],[98.4253112780001,8.10078767200008],[98.42563056600005,8.100880261000043],[98.42586594000016,8.100847101000113],[98.42598369500007,8.10078861900007],[98.42607627200016,8.100704992000033],[98.42616038900013,8.10065486700006],[98.42624470600009,8.100470697000048],[98.42622844800013,8.100085379000177],[98.42622061100013,8.099691685000096],[98.42619600000012,8.099247703000117],[98.42619674700012,8.098720022000066],[98.42634039000018,8.098192542000163],[98.42654242999998,8.097966625000026],[98.42681162900016,8.097807898000099],[98.42703026000004,8.09772442700006],[98.42720687700017,8.097657655000035],[98.42733300100014,8.09760758900012],[98.42740046600011,8.097456918000034],[98.42748462400016,8.09736487400005],[98.42766976100012,8.097206010000036],[98.42786324600007,8.09708061300006],[98.42810712700009,8.09699722800002],[98.4282247540001,8.09702251300007],[98.42846005400003,8.097039583000026],[98.42868709700008,8.096981271],[98.42909890900006,8.096998617000054],[98.42977953700006,8.097125204000122],[98.42984658500012,8.097250922000057],[98.42991358900014,8.097426926000026],[98.43003934000018,8.097636492000163],[98.4300557900001,8.097887824000168],[98.43013120100005,8.098063809000053],[98.43031595200011,8.09818972800008],[98.43059314700008,8.098315751000143],[98.43092912200007,8.098458587000039],[98.43126516800015,8.098584734999974],[98.43166842400012,8.098719296000013],[98.43194572500005,8.098744807000116],[98.43221464600003,8.098770305000073],[98.43234916200015,8.09873698500013],[98.43256800000012,8.098544646000164],[98.43281202400004,8.098327209],[98.43290448000005,8.098327337],[98.43303049600019,8.098369374000015],[98.43314811600015,8.098419816000103],[98.43324046100008,8.098470196],[98.43337488700018,8.098529012000085],[98.43348412300014,8.09855428800006],[98.43357666100019,8.098495810000031],[98.43354324400019,8.098353344000145],[98.43329969899997,8.098202265000168],[98.43313169700014,8.098118236],[98.43300577100018,8.098025940000014],[98.43295577000004,8.09773270300019],[98.43297304600009,8.097389282000108],[98.43290619100014,8.097104442000159],[98.43283911300006,8.096987061000164],[98.43289818900018,8.096819628000048],[98.43292373300017,8.096576745000107],[98.43293296400014,8.095990432000178],[98.43303425600016,8.095680650000133],[98.4336404140002,8.094952781000018],[98.43452429700005,8.093982378000135],[98.43528999400007,8.093371977000174],[98.43613102400008,8.093004574000076],[98.43647558400016,8.093013426000084],[98.4368452330001,8.093139577000102],[98.43708016100015,8.093424681999977],[98.43736571900018,8.093584241000144],[98.43758414700011,8.093643157000031],[98.43796246200009,8.093576689000031],[98.43866042900015,8.093317975000161],[98.43910627100013,8.093058950000113],[98.43950161000004,8.092833306000102],[98.43963602400015,8.0928753930001],[98.43978719000006,8.092942585000173],[98.4399636760001,8.092967983000108],[98.44003103900008,8.092875935000166],[98.43999778100016,8.09263296000006],[98.43987192800012,8.092448508000075],[98.43958635400014,8.092314111],[98.43930911500019,8.092246722000027],[98.439107465,8.092196199000057],[98.4389814750001,8.092112268000108],[98.43884744100018,8.091802161000146],[98.43880587000001,8.091492202000154],[98.43886511200014,8.091173956000091],[98.43894980100015,8.09072178100007],[98.43897520100012,8.09057103300006],[98.43921081700006,8.090387067000108],[98.43936235100017,8.090203023000129],[98.43948079699999,8.089633604000028],[98.43945637600001,8.08907237800014],[98.43932264400019,8.088536119000082],[98.43905430700005,8.08807504900011],[98.43786065000018,8.087326178000069],[98.43691956800012,8.087143001000072],[98.436602908,8.086912819000077],[98.43620966000015,8.08650064800014],[98.43597022800009,8.085992962000091],[98.43586495500017,8.085715208000181],[98.43571189500011,8.085265079000123],[98.43559741600012,8.084700127000133],[98.43561992600002,8.082326120000062],[98.43561433600013,8.079435143000069],[98.43582886900003,8.077118835000078],[98.43583802800015,8.077063405000104],[98.43590551400007,8.076655004000145],[98.43590636100004,8.07664987600009],[98.4362916710001,8.075855870000112],[98.43633232700012,8.075789063000173],[98.43648773400008,8.075533712000095],[98.43654197400014,8.075444586],[98.43727285400018,8.074804217000064],[98.43759038900009,8.074560182000027],[98.43763258700005,8.074527753000098],[98.43792041900002,8.074306544000024],[98.43801522100006,8.074233685000081],[98.43943630500007,8.073141527000132],[98.44009017700017,8.072615921000022],[98.44052263000015,8.072453775000099],[98.44094533200013,8.072396916000116],[98.44136781200007,8.072502794000172],[98.44159823000012,8.072579690000111],[98.44182862100013,8.07267573200005],[98.44223897200004,8.072615714000051],[98.44255437000004,8.07241567900013],[98.4426064700001,8.072382636000157],[98.44267323800011,8.072318878000033],[98.44268683900009,8.07230589],[98.44274203000009,8.072199131000161],[98.44280813500018,8.072071263000055],[98.44284047600007,8.072008707],[98.4428698210001,8.07195194600007],[98.44299817200016,8.071656099000165],[98.44300471700006,8.071641015000182],[98.44304123500007,8.071594640000171],[98.44317791000009,8.071421077000082],[98.4433311950001,8.071246964000181],[98.44343627400019,8.07112760800004],[98.44348094200012,8.071076870000127],[98.44366366000014,8.070914383000058],[98.44379814100017,8.070807021000064],[98.44395693600006,8.070680247999974],[98.44405320200008,8.070522427000185],[98.44411577699998,8.070417212000052],[98.44411746100013,8.070411647000071],[98.44414472300008,8.070321523000075],[98.44413049200006,8.0701922720001],[98.44410672200007,8.070015143000091],[98.44406856400008,8.069823635999967],[98.44385285800018,8.069526588000087],[98.44356992100012,8.069224661000078],[98.44322456000009,8.068917864000184],[98.4430327620002,8.068697429000167],[98.44297523600005,8.06862076800013],[98.44296967900004,8.068570291000128],[98.44296574900005,8.068534600000078],[98.44295148000003,8.068434069000034],[98.44318344000004,8.067381380000086],[98.44328017000004,8.066883727000175],[98.44334759600014,8.066745014000162],[98.44343208800018,8.066637531000083],[98.44346786800014,8.066592014000094],[98.44365047800011,8.066506107],[98.44367892399998,8.066491981000127],[98.44373575499998,8.066463757000065],[98.44375620500011,8.066453599000113],[98.44383401400006,8.066379779000044],[98.4438498780001,8.066101995000167],[98.44385011400016,8.065929686],[98.44380623400008,8.065863892000095],[98.4437542620002,8.06578596300011],[98.44350449200016,8.065814342000067],[98.44272626900016,8.065976022000143],[98.44216918600011,8.065975263000155],[98.44181384200004,8.065946061000034],[98.44129531900006,8.065840054000091],[98.44082509900005,8.065533086000073],[98.4404220990001,8.065235779999966],[98.44022060900011,8.065082339000185],[98.43990376400012,8.06499575100014],[98.43971805300009,8.065013124000018],[98.43970203500004,8.065014621999978],[98.43957688200004,8.065225051000084],[98.43924974700008,8.06563623300002],[98.4391482800001,8.065719068000021],[98.43898050600012,8.065856036000127],[98.43862489800017,8.066018288000066],[98.43835586800009,8.06608492700019],[98.43797163300019,8.06611311800009],[98.43774859100006,8.066246081000031],[98.43768324600006,8.066285031],[98.43764452200003,8.06650515300015],[98.4376923490002,8.06664881],[98.43769707300004,8.066696565000143],[98.4377052860001,8.066779575000112],[98.43771129300018,8.06684029100012],[98.43760183700016,8.06687979100002],[98.43749988000013,8.06691658300008],[98.43718291500011,8.066916147000029],[98.43633803900002,8.066656520000151],[98.43583896700011,8.066378225000108],[98.43517682200013,8.065946538],[98.43448620000004,8.065275494000105],[98.43392084200013,8.064317438000046],[98.43382916100012,8.064146662000098],[98.43298925200014,8.062717971000097],[98.432404797,8.06168330600002],[98.43187866900018,8.060150937000174],[98.43003094700009,8.055859781000038],[98.42966054500016,8.054822797000043],[98.42958682300008,8.054616399],[98.42946648500009,8.054279496000106],[98.42939085300003,8.05341784400008],[98.42945829800004,8.053264771999977],[98.42958328000009,8.053178791999983],[98.42958621000014,8.05317685],[98.429698642,8.05310237000009],[98.42974679800011,8.053006710000147],[98.42974683800009,8.052978341000028],[98.4297469990002,8.052863119000051],[98.42981450100012,8.052671758000145],[98.42993960200005,8.052499620000106],[98.42996494000005,8.052479473000119],[98.43008382900018,8.0523849490001],[98.43012007500016,8.052298593000103],[98.43013201399998,8.052270143000044],[98.43015689200013,8.052138902000081],[98.43016104000009,8.05211701900015],[98.43015464500019,8.052054019000082],[98.43008524700014,8.051370240000097],[98.43008551500014,8.051178784000058],[98.43013370000017,8.051063979000048],[98.43027800900012,8.050891870000157],[98.4303023820001,8.050880157000165],[98.43051263900014,8.050779116000058],[98.43057594900006,8.05074869100008],[98.43073948199998,8.050567038000054],[98.43074354000015,8.050552491000019],[98.43086496900014,8.050117291000106],[98.43086518400008,8.050107428000047],[98.43087483900007,8.04966599900007],[98.43087522800005,8.049648240000067],[98.43085784700008,8.049605427000188],[98.43076315100006,8.049372168000161],[98.43075079700014,8.049341740000102],[98.4305975910001,8.049006482000095],[98.43051159300006,8.048877522999987],[98.4304250720001,8.048747778000177],[98.43038853400009,8.04846055400003],[98.43037757100018,8.048374374000048],[98.43033003200003,8.0480296880001],[98.43033007700012,8.048028177000049],[98.43034008900008,8.047704230000022],[98.43045565000011,8.0474842160001],[98.43049735300013,8.04745175000005],[98.4305637,8.047400101000164],[98.4310325470002,8.047035098000038],[98.43126283300006,8.046845297000061],[98.43142678300012,8.046710169999983],[98.43148030200018,8.046655363000184],[98.43150943400013,8.046625530000085],[98.43174418500007,8.046385136000083],[98.43188854300013,8.046174736000125],[98.43190897500006,8.046087050000153],[98.43191753000013,8.046050330000128],[98.43186976200008,8.045868380000172],[98.4316781080002,8.04550195600001],[98.43158181100017,8.045317844000067],[98.43151362600008,8.045218844000033],[98.43150571500007,8.04520735799997],[98.43146992200002,8.045174138999982],[98.43137142400008,8.0450827250001],[98.43126323800016,8.045065983000086],[98.43124659400002,8.0450634070001],[98.43099695900008,8.045005624000169],[98.43082274200015,8.044846009000025],[98.43076674800011,8.044794705000072],[98.43074652800004,8.044754258000182],[98.43048899300015,8.044239099000094],[98.43046050100008,8.044009315000096],[98.43052801099998,8.043808381000133],[98.43062212100017,8.043746036000073],[98.430672211,8.043712853000045],[98.43068285600009,8.043531615000177],[98.43068753300003,8.043452001000162],[98.43066866900011,8.043334129000186],[98.4305865190002,8.043176660000029],[98.43046197100006,8.042956313000161],[98.43044304200015,8.042755261000082],[98.4304434300002,8.042477651000183],[98.43058870900006,8.04160673400014],[98.430935266,8.041032846000121],[98.43095982000011,8.041022282000085],[98.43122357099998,8.040908801000057],[98.4316747740001,8.041053015000102],[98.43205884200012,8.041130126000155],[98.43237326100007,8.041130561000102],[98.43246222300019,8.041130684],[98.432769641,8.041073673000028],[98.43284847500013,8.040958465000074],[98.43285600300004,8.040955637000025],[98.43290436700016,8.040882405000161],[98.4329046200001,8.040700520000144],[98.43290496600014,8.040451631000053],[98.43277079800004,8.040240844000095],[98.43256002100009,8.039867216000118],[98.43180200100005,8.039349240000035],[98.43115901900018,8.038984588000062],[98.43109564000014,8.038973968000107],[98.43081334800007,8.038926672000116],[98.4304854340001,8.038980678000144],[98.43046751300017,8.038983630000189],[98.43042699300014,8.038999719000174],[98.430413514,8.039005073000112],[98.43005755300015,8.039146416000165],[98.43003508000015,8.03915533999998],[98.43001881800006,8.039174053000067],[98.42966952800009,8.039576034000163],[98.42962621300018,8.039625335000096],[98.42925680300016,8.040045795000026],[98.42907311300007,8.040254870000012],[98.42903248700009,8.040301624000165],[98.42870756000008,8.040675564000026],[98.428668018,8.040773696000144],[98.428630457,8.04086691200007],[98.42858203399999,8.041154027000061],[98.4284197410002,8.041669132000152],[98.42834085200013,8.041919511000174],[98.42810565700012,8.042283051000084],[98.42774737700012,8.042836836000163],[98.4277026040001,8.04290604],[98.4275288560001,8.04301723400016],[98.42626515600017,8.043347206000078],[98.42606253700018,8.043400112000029],[98.42475172800016,8.043847166999967],[98.42452509600008,8.043924460000085],[98.42448655600009,8.04395592200018],[98.42425586200017,8.044144256000152],[98.42415915800018,8.044299467000087],[98.42400558000008,8.044545960000164],[98.42382234000019,8.04508177800011],[98.42382160700004,8.045600660000048],[98.42382157000014,8.045627423000042],[98.42381220100015,8.045632518],[98.42352061800011,8.045791137000094],[98.423417873,8.045847029000072],[98.42288960200011,8.045865432000085],[98.42262048800006,8.045999073000019],[98.42227445800017,8.046190042000148],[98.42194777200018,8.046285308],[98.42158281700006,8.046275222000077],[98.4211987880002,8.046169381000084],[98.4210068770002,8.046044664000021],[98.42073789800008,8.046082576000117],[98.42073465800013,8.046078929999965],[98.41954492900004,8.044739919000108],[98.41952008300012,8.044711957000118],[98.42040552300017,8.043420888000128],[98.42084838400012,8.042674838000039],[98.42097353700012,8.042464414000051],[98.42085880200011,8.042100489000063],[98.42068638700016,8.041774772],[98.42060017700015,8.041611915000146],[98.42059079200016,8.041458736000152],[98.42059109100006,8.04124813900006],[98.42085085500008,8.040932604000147],[98.42099522000007,8.040722208000147],[98.42100500100003,8.040597774000162],[98.42092831400004,8.040492366000137],[98.42066906700012,8.040444137000122],[98.42039994200019,8.040587348000031],[98.42014021900007,8.040874164000115],[98.41974610300014,8.04111292500005],[98.41949624900008,8.041193303000114],[98.41939058000014,8.041227297000091],[98.41913103000019,8.041389666000157],[98.41898485900003,8.041509673],[98.41890987300008,8.041571236000038],[98.41868890600017,8.041618787000175],[98.41839121300012,8.041589650000162],[98.41816076300006,8.041551031000097],[98.41808409200007,8.04143604900014],[98.41808429600007,8.04129246000008],[98.4180847470002,8.040976559000171],[98.41806367300006,8.04091324500007],[98.417891671,8.040500205000171],[98.41770720300002,8.040293836000046],[98.41749557500009,8.040115948000107],[98.41749475700004,8.040113308000059],[98.41746019500005,8.040001751000148],[98.41745243300011,8.039976697000043],[98.41745186900005,8.039969254000027],[98.41743825300017,8.03978949000009],[98.41751543900017,8.039693605000025],[98.41760227400016,8.039583336000078],[98.41770383000005,8.039281100000096],[98.41771176500004,8.03891879300005],[98.41763165000009,8.038472341000045],[98.41761470700004,8.038377923000098],[98.41761091300009,8.038356781000118],[98.41761105000018,8.03826105500002],[98.41767845700014,8.038136706000103],[98.41773624600006,8.038021915000115],[98.41772688800017,8.037849591000054],[98.41758377900015,8.037179299],[98.41731565400005,8.036623699000074],[98.41657673200001,8.036201452],[98.41610630500008,8.036076338000157],[98.41582776900015,8.036085515000138],[98.4156450980002,8.036219274000075],[98.41547196100004,8.036400909000122],[98.41529895000019,8.036496390000082],[98.41515492800016,8.036467468000183],[98.41447389400014,8.035863416000097],[98.41432988800011,8.035824921000028],[98.41431414800007,8.035758615000077],[98.41428215600007,8.03562382500013],[98.41430154300014,8.035499407000088],[98.41434434900015,8.035030549000055],[98.41426220500011,8.03443481000005],[98.41404708700009,8.033754838999982],[98.41379816200015,8.03320883900011],[98.41283486800006,8.031872070000077],[98.41201515000006,8.030875335000133],[98.41190010200017,8.030736367000031],[98.41178020200016,8.030630895000172],[98.41166499500014,8.030602011999974],[98.4114873200001,8.03060175800016],[98.41133842300013,8.030625476000182],[98.411279047,8.03066087100018],[98.41119423800018,8.030711425999982],[98.41106135000001,8.030781156999979],[98.41104526700019,8.030787793000172],[98.41093483800006,8.030773276000161],[98.41084368300005,8.030715709999981],[98.41066616000018,8.030610156000137],[98.4105606550001,8.030514277000123],[98.41053676800016,8.030428088000178],[98.41053694000016,8.030308430000048],[98.41054117000016,8.030216581000161],[98.41057092200015,8.030054799000084],[98.41063841900012,8.029868229000101],[98.41071543700008,8.029739108],[98.41078280800008,8.029638689000137],[98.41079311000004,8.029627249999976],[98.41079323500014,8.029540729000018],[98.410788652,8.029397547000087],[98.41065007700018,8.02920167700006],[98.41044937100008,8.028929359000074],[98.41024376700017,8.028733392000106],[98.41025842600004,8.028528196000025],[98.410330337,8.028466255000126],[98.41034898300018,8.028457064000179],[98.41081825800018,8.028225710000015],[98.41086936600016,8.028200513000172],[98.41099635600017,8.028137907000144],[98.41102659600017,8.028087434000156],[98.41122807100004,8.027751154000043],[98.41135632499999,8.027537088000088],[98.41136320500004,8.027496979000034],[98.41139586500009,8.027306566],[98.41140087800005,8.027270325000131],[98.41136729300001,8.027064584000073],[98.4112961560001,8.026628802000062],[98.4110760530001,8.026082841000118],[98.41100442400011,8.025805130000094],[98.41084278900013,8.024670532000016],[98.41054779800015,8.022774708000043],[98.41045364800004,8.02214288500005],[98.41043365500008,8.022008726000081],[98.41042511900008,8.021982071000082],[98.41040912900013,8.021932131000028],[98.41038367800007,8.021733013000073],[98.41027488100008,8.021290125],[98.41028107700004,8.021257048000052],[98.41028129100005,8.021108671000093],[98.41025765400013,8.020850174000145],[98.41015847000011,8.01970130400008],[98.41007741700008,8.019299135000153],[98.41001057500006,8.019031001000144],[98.41000591300019,8.01893526800012],[98.40999181100011,8.018724647000056],[98.41002209800018,8.017700409000042],[98.41011184900009,8.015398295000125],[98.41015083500008,8.01500108100015],[98.41017512700017,8.014804875000095],[98.41024271800018,8.01455129600015],[98.41026214500005,8.014398159000166],[98.4102719220001,8.014278514000125],[98.4102625590001,8.014110979],[98.41024358600004,8.013948214000152],[98.41022447500018,8.01388117700003],[98.41018617700018,8.013799755000036],[98.41014785800013,8.013732690000097],[98.41013354900008,8.013665660000072],[98.41012402300004,8.013612998000156],[98.41012896900008,8.013512490000153],[98.41012907900006,8.01343590800002],[98.41014838800015,8.013364140000135],[98.41017002799998,8.013340485000072],[98.41019648400004,8.013311560000034],[98.41028303400009,8.013230314999987],[98.41029341299998,8.013205293000055],[98.41034079299999,8.01313467000017],[98.41036972100011,8.013053343000081],[98.41037975800015,8.012751819000187],[98.41028932400008,8.012196470000163],[98.4101700720002,8.011645866000094],[98.41005579300003,8.010975611000163],[98.40998953200017,8.010305425000126],[98.40996096200013,8.010137862000022],[98.40991301300016,8.010089930000106],[98.40983625400008,8.010041957000169],[98.40948105300009,8.009950507000042],[98.40896258500004,8.00986360900015],[98.40885219900014,8.009825161000151],[98.40878984500011,8.009777207000127],[98.40874671000017,8.009719709000137],[98.40874679600017,8.009660183],[98.40875644800008,8.00950978300017],[98.40876611800019,8.00946193700014],[98.40891297700017,8.009334219000039],[98.40902843900011,8.009181221000176],[98.40902870200006,8.008999338000137],[98.40903840700008,8.008927557000163],[98.40903176100005,8.008781599000145],[98.40922509100005,8.008583247000104],[98.40929416500012,8.00840694600015],[98.40935885600004,8.008112367000024],[98.40938332600012,8.007791714000064],[98.40943159300008,8.007619476000173],[98.40945582900014,8.007461560000081],[98.40956201100005,8.007083588000057],[98.40969217600008,8.006724796000071],[98.4099042090001,8.006198599000129],[98.41005850400018,8.005753689000073],[98.41013089500007,8.005500114000142],[98.41016980700005,8.005155552000076],[98.41020379700007,8.004892351000024],[98.41021356600004,8.004777492000073],[98.41022815600019,8.00464828100013],[98.41028130600017,8.00441861100012],[98.41030093300009,8.004126668000026],[98.41030110500009,8.00400701100017],[98.41032042800003,8.003925670000115],[98.41046591600013,8.002925525000023],[98.41050963300012,8.002576183000087],[98.41057721500005,8.002327390000175],[98.41073129700015,8.002030853000065],[98.41087225100011,8.00172466100014],[98.41088543000006,8.001696029000072],[98.41105857500008,8.00150003500005],[98.411375787,8.001289885000062],[98.4121397880001,8.00091763800009],[98.4126682870002,8.000698216000046],[98.41296611600006,8.000612486000023],[98.41316058500007,8.000537418000079],[98.41322555000005,8.00051233900001],[98.41340819900012,8.000383366999984],[98.41359096200006,8.000173027000187],[98.4137642,7.999910021000119],[98.41385584800014,7.999618184000042],[98.41396236600008,7.999000892000083],[98.41401555300013,7.99874250300013],[98.41415548500015,7.998264066000047],[98.41443018000007,7.997560857000053],[98.41477155000007,7.996643765000044],[98.41498931500007,7.996058727000104],[98.41519632900014,7.995676109999977],[98.4154560680002,7.995360577999975],[98.41568692500005,7.995092867000153],[98.41582151300014,7.994992543000023],[98.41605218200016,7.99485885200005],[98.41642704600008,7.994620059999988],[98.41703274200012,7.994132707000119],[98.41724905800004,7.993960701999981],[98.4174557030002,7.993836547000114],[98.41766226100003,7.993774616000053],[98.41779189700014,7.993779583],[98.41803193599998,7.99380864],[98.41817109600015,7.993871061000107],[98.41826704500016,7.99392863300011],[98.4183582140002,7.99397183800005],[98.41836028400019,7.993971841000132],[98.41839746900013,7.993971894000026],[98.41844464400003,7.99397196000001],[98.41851673700006,7.993924195999966],[98.41854560700011,7.993881159000068],[98.4185506440001,7.993668669999977],[98.418550713,7.993665779000025],[98.41852680000011,7.993598737000127],[98.41852691600008,7.993517369000188],[98.41861857900011,7.993211169000062],[98.41865443800015,7.993115956000111],[98.41881136600017,7.992699297000172],[98.41889223900006,7.992533287000128],[98.41938923400005,7.991513087000044],[98.41962611700018,7.991066709000108],[98.41974715900005,7.990838621000023],[98.4199032140001,7.990544555000042],[98.41999584900003,7.99036999499998],[98.42027000400009,7.990040120000117],[98.4205633630001,7.989710270000046],[98.4208653600001,7.989325806000181],[98.42117641200014,7.988929809000012],[98.42126565200005,7.988816200000144],[98.42186648300009,7.988362334000044],[98.42253864400004,7.987932618],[98.42291652200004,7.987753111000188],[98.42360822600006,7.987553046000073],[98.42396354000016,7.987553541000182],[98.42427056700006,7.987745425000071],[98.42485531200003,7.988492915000108],[98.42512386200008,7.988732607000031],[98.42537342300017,7.988819109000076],[98.42561351300014,7.988809869000022],[98.42592091900019,7.988733715000137],[98.42609547600017,7.988569325000014],[98.4262406970002,7.988361217000033],[98.42628952500013,7.98829124700012],[98.42629449200012,7.988261041000101],[98.42634764500013,7.987937812000098],[98.42635182400005,7.98786601],[98.42634513900009,7.987755207000021],[98.42633305200007,7.987554867000142],[98.42625644700007,7.987396811],[98.4261595230002,7.987251444000151],[98.42605520500013,7.987094990000173],[98.42573378500015,7.986795313000187],[98.42571936000013,7.986781864000022],[98.42555649500008,7.986630018000085],[98.42533920800008,7.986460016000024],[98.42522555200014,7.986371094000162],[98.42515371900015,7.986255062000112],[98.4251009940001,7.986169892000021],[98.42505137000012,7.986070612000162],[98.42503395800009,7.98603577900019],[98.424986144,7.985892124000145],[98.42491460400015,7.985547405000091],[98.42489074400015,7.985442069000101],[98.4248669100001,7.985317590000022],[98.42485747600006,7.98519791800004],[98.42482399900018,7.98510214200013],[98.42474250800012,7.985006301000112],[98.4246561280001,7.984972676000098],[98.42454566400016,7.984991670000056],[98.42445432300019,7.985072911000088],[98.42430532399999,7.98518279100017],[98.4240264,7.985408349000181],[98.42401687000012,7.985413582000149],[98.42393766800012,7.98545707],[98.42361105800012,7.985533197],[98.42334221400006,7.985504103999972],[98.42288156500007,7.985292861],[98.42279799200014,7.985214970000072],[98.42229588000004,7.984747],[98.42160603500002,7.984104057000081],[98.42136617600016,7.98395055800006],[98.42112620900014,7.98387364000007],[98.4211067230001,7.98388178600004],[98.42094364400003,7.983949967000115],[98.42072190000016,7.984571887000072],[98.4203077160002,7.985461573000123],[98.41992209500017,7.986523609000074],[98.41947926200004,7.987298383000052],[98.41938721900016,7.987440667000101],[98.419348286,7.987487454000131],[98.41922619100012,7.98763417400005],[98.41917024700012,7.98769152300008],[98.41913048000009,7.987741058000154],[98.4189957750001,7.987927537000076],[98.41858177900008,7.98867841800012],[98.41855232800009,7.988719395000032],[98.41846150200018,7.988845771000172],[98.41826917800006,7.989032169000154],[98.41814422200002,7.989113363000115],[98.41801927400019,7.989189768000131],[98.41703923500017,7.989556938000135],[98.41640339100019,7.989808141000026],[98.41629979300012,7.989828642000077],[98.41613933700017,7.989891670000134],[98.41607605800016,7.989916525000126],[98.4158358700002,7.989992769000025],[98.41564381000012,7.989992498000106],[98.41557894400006,7.989992406000113],[98.41552487800004,7.989992330000121],[98.4154899030001,7.99001350500015],[98.415441967,7.990116657000158],[98.41542333200016,7.990236276000019],[98.41533843900015,7.99029164000018],[98.41489651100017,7.990420247000088],[98.41421441200015,7.990615521000052],[98.41314795900013,7.990968201000101],[98.412288225,7.991144075000079],[98.41199531200004,7.991158018000078],[98.41186571000014,7.991129117000071],[98.4116859990001,7.991072106999979],[98.41133050899998,7.991039382000054],[98.41119170000013,7.991039184000044],[98.41093506500016,7.991038818000163],[98.41092877300014,7.99103881000002],[98.41087916200007,7.991038739000089],[98.41079108900016,7.991060554],[98.41062103700011,7.991102674000103],[98.41043156400013,7.991149605000032],[98.41034119400013,7.991171989000065],[98.41015866800012,7.991219595000132],[98.40994737100016,7.991238437999982],[98.40980340800002,7.991180796000037],[98.40967874400019,7.991056170000036],[98.40955415100012,7.990883684000153],[98.40922775600018,7.990806637000048],[98.40912964500018,7.990797916000133],[98.40907794500015,7.990793321000012],[98.40868044800004,7.990757991000123],[98.40813312600005,7.990718917000095],[98.40767235600009,7.990593810000121],[98.40733134600015,7.990448054000126],[98.40718958300005,7.990387461000182],[98.40675102600011,7.990200008000045],[98.40606115600019,7.989812469000071],[98.40489897100008,7.989268790000096],[98.40477955000006,7.989201733000129],[98.4043520410001,7.988961676000088],[98.40376713000012,7.988357750000034],[98.40360949800004,7.988252155000112],[98.40284444900004,7.987739665000163],[98.40277897600004,7.987695806000147],[98.40132050000017,7.986880016000157],[98.40131476500017,7.986870863000036],[98.4003609830001,7.986342554000089],[98.40004704800015,7.98621162500018],[98.39966998600005,7.986054368000055],[98.39966694000015,7.986031224000101],[98.39954651800014,7.985116063000135],[98.39962592700005,7.98500128000012],[98.3996523740002,7.984963052000182],[98.3996671330001,7.984911843000134],[98.39969098300008,7.984829090000119],[98.39969126200003,7.984637635000183],[98.39962436200017,7.98441736500007],[98.39950940600005,7.984225745000174],[98.39908754800018,7.983765641000105],[98.39858871300004,7.983410725000056],[98.39849298500008,7.983381861000169],[98.397792299,7.98317058900011],[98.39714994200006,7.982978591],[98.39664785600007,7.982785061000186],[98.39647003100004,7.982759352000073],[98.3962761360001,7.982783961000109],[98.3965676470001,7.982483062000142],[98.39656900600016,7.982481659000143],[98.39656977100015,7.982483007000042],[98.39663623900009,7.982600206000086],[98.39669288300018,7.98264722600004],[98.39693284100014,7.982789998000158],[98.39732271100007,7.982964137000067],[98.3974338380001,7.982987453000021],[98.39776105100009,7.983009976000062],[98.39824111200011,7.982986924999977],[98.3984772020001,7.982919202000176],[98.39859908700015,7.982884239000043],[98.39866141500016,7.982867198000122],[98.39887768500012,7.982808063000107],[98.39911788199998,7.982722256000045],[98.39927168100002,7.982617181000137],[98.39927257600004,7.982614331999969],[98.39927927000002,7.982592993000083],[98.3993392180002,7.982401891000109],[98.39933938300015,7.982289070999968],[98.39933964500017,7.982109925000088],[98.39933979100016,7.982009849000178],[98.39921691500012,7.981674276000035],[98.39893731600017,7.981429677000108],[98.39874960100019,7.98132311300003],[98.39846495200015,7.981258494000087],[98.39841582500009,7.981247342000017],[98.39831145900018,7.981223650000061],[98.39794852600005,7.981217638999965],[98.39787053900011,7.981231843000103],[98.39765679200008,7.981270773000119],[98.39761227600013,7.98127888199997],[98.39756023000007,7.98131220900018],[98.39754482900014,7.98130641900002],[98.39657836300012,7.980943142000115],[98.39526084900018,7.98044790400013],[98.39506916000005,7.980198735000045],[98.39429224600008,7.979575370000077],[98.3934479740002,7.979047635000029],[98.39314083599999,7.978759452000077],[98.39303035900019,7.97865579400019],[98.39282465300005,7.978462785000147],[98.39324770000013,7.978109215000188],[98.39343566400004,7.978125786000021],[98.39346853400014,7.978128684000126],[98.393650987,7.978128952000134],[98.39373594600005,7.978073752000171],[98.39382163300013,7.978018079000094],[98.39390089900007,7.97796657900011],[98.39425685000015,7.977526756000032],[98.39437264600014,7.977144016000182],[98.39437292700006,7.976952562000122],[98.39432516800014,7.976780183000187],[98.39431574900016,7.976655724000068],[98.39431596100013,7.976512134000131],[98.3944411060001,7.976301716000137],[98.39452382100012,7.976198957000065],[98.39455655100016,7.976158296000165],[98.39471103300014,7.976075810000054],[98.39474017100008,7.976060253000128],[98.39488343800014,7.9758907370001],[98.39504727500008,7.975488921000078],[98.39518192500003,7.975345527000115],[98.3951905090002,7.975339555000176],[98.39537417700012,7.97521178900007],[98.39556649700006,7.975030188000062],[98.3955678580001,7.975026772000149],[98.3957303480002,7.974618799000041],[98.39571187500019,7.974120992000167],[98.3956161970001,7.973881533000167],[98.39553514700015,7.973786195000059],[98.39546279400008,7.973718574000088],[98.39527724200019,7.973647798000059],[98.39487804100014,7.973028483000064],[98.39484338900007,7.972550070000011],[98.3948121580001,7.972118978000083],[98.39479918700016,7.972056854000073],[98.3947261460001,7.971707029000186],[98.39469679600012,7.971566462000169],[98.39468819800015,7.971525288000123],[98.39464322000015,7.971162263000053],[98.39457711900008,7.970628751000106],[98.39456482700012,7.97052954500009],[98.39456508100017,7.970356719],[98.394568848,7.970351558],[98.39460790800007,7.970298050000054],[98.3946879340001,7.970223187000158],[98.39471172600014,7.970218314000022],[98.39487261800014,7.970185377000064],[98.39502439100016,7.970068813000182],[98.39529560900002,7.969860520000054],[98.39540943800012,7.969773641000074],[98.39559175400012,7.969634487000121],[98.39703562600005,7.968532446000154],[98.39706956100008,7.968512396999984],[98.39742385300008,7.968303087999971],[98.39774683200005,7.968112278000035],[98.39793287900011,7.968057434000116],[98.3981022820002,7.968007496000041],[98.39814720000015,7.967966907000175],[98.39820554,7.967914191000034],[98.39820805100015,7.967911921000052],[98.39819861600017,7.967797034000057],[98.39808354000007,7.967691567000088],[98.39785306200014,7.967700806000096],[98.39762260300017,7.967700471000114],[98.39748826400017,7.96763326700011],[98.39679363100015,7.967114422000066],[98.39669212000001,7.967038600000024],[98.39662020500003,7.966917304000106],[98.39620359800011,7.966214633000106],[98.39609406700004,7.966117287999964],[98.39603097700012,7.96606121700006],[98.39587751900007,7.965936549000048],[98.39572396600005,7.96587889000017],[98.39559914500012,7.965869135000162],[98.39559226400013,7.965854381000156],[98.39546966400013,7.965591471000096],[98.3953793570002,7.96563533200009],[98.39497152900003,7.965858582000067],[98.39467175700008,7.966115153999965],[98.39448849600012,7.966322153000135],[98.3942634710001,7.966645159000052],[98.39403829700012,7.96707594600008],[98.39391316100006,7.967341058000159],[98.39372149600007,7.96760607900012],[98.39357984700018,7.967788266000014],[98.39338288500005,7.967951962000086],[98.39321168300012,7.968059263000157],[98.3929641430002,7.968190058000062],[98.39271929700004,7.968276263000178],[98.39235072800017,7.968396392999978],[98.39211641000014,7.968479995000166],[98.39192945200011,7.968568909000055],[98.39175032800006,7.968694556000059],[98.39157119100008,7.968833325000105],[98.39134464500017,7.969003504000057],[98.39116554100008,7.969116034000137],[98.39096807100009,7.969194444000038],[98.39080749400006,7.969238799000038],[98.39067589800015,7.969254344000035],[98.39055484699998,7.969259414000078],[98.38995539600006,7.969194839000124],[98.38963425500003,7.969160427000133],[98.3894137600002,7.969129116000147],[98.389070458,7.96906368700013],[98.38882482600013,7.969014629000185],[98.38867092300006,7.968990792000056],[98.38854068000006,7.968984698999975],[98.38825945700017,7.968981333000045],[98.38801522200009,7.968986880999978],[98.38776059600019,7.969011583999986],[98.38762883800013,7.969027623000159],[98.38755183800015,7.969052595000107],[98.38747629700003,7.969086420000167],[98.38742295300005,7.969124705000013],[98.38736218700018,7.96917773500013],[98.387325116,7.969224896000071],[98.38727615700014,7.969298603000027],[98.38720340200007,7.969453428000122],[98.38709646500018,7.969701163000138],[98.3869449610001,7.97005507199998],[98.38690516200012,7.970142011000178],[98.38684843700008,7.970265934000054],[98.3868024360001,7.970342593000055],[98.38675052700017,7.970414815000026],[98.38668230900004,7.970503247000067],[98.38662591100018,7.970600548],[98.38658285600008,7.970690493000063],[98.3865413310001,7.97074502900017],[98.38650428300008,7.970775961000072],[98.38646428800001,7.970793609000111],[98.38640802700007,7.970802379000133],[98.38630885900005,7.970802233000086],[98.38619045500019,7.970796156000063],[98.38605429600005,7.970787097000084],[98.38586784400007,7.970754359000068],[98.38552457600008,7.970665316000066],[98.38530411100004,7.970617775000107],[98.38524045700012,7.970617680000032],[98.38519751700011,7.970629425000027],[98.385154554,7.970657392000078],[98.38511747500007,7.970704555],[98.3850491620002,7.970856438000055],[98.38498674900006,7.971021605000146],[98.38486928100014,7.971379988000024],[98.3848143140001,7.97151713],[98.3847742050001,7.971611505999988],[98.38471634200016,7.971701428000131],[98.3846540420002,7.97179135000016],[98.38446272600015,7.972043383000141],[98.38439597600012,7.972139188000142],[98.38428323500011,7.972302811000077],[98.38421500600009,7.972398618000113],[98.38415420800004,7.972472310000171],[98.38404451600019,7.97257985900012],[98.38396004000015,7.972649082000032],[98.38387851400012,7.972730118000186],[98.38381329400005,7.972791993000044],[98.38370652200013,7.972923158000185],[98.38355817400009,7.973144273000059],[98.38351218100013,7.973217980000072],[98.38350176200004,7.973257803000081],[98.38349874300008,7.973297642999967],[98.38351042100015,7.973405371000183],[98.38355450800015,7.973616440000171],[98.38356174500012,7.973724170000025],[98.38355720000004,7.97379498600003],[98.38353785300012,7.973867258000098],[98.38351258700015,7.973935100000062],[98.38346213800014,7.974016176000021],[98.38339543200016,7.974082475999978],[98.38331393200014,7.974145809000163],[98.38320724700009,7.974217950000025],[98.38309465200012,7.974285655000187],[98.38295837100014,7.974357753000106],[98.38277913600012,7.97444601900014],[98.38260139500005,7.974525436000022],[98.38234964800012,7.9746047430001],[98.38219120900004,7.974645819000159],[98.38197946100013,7.974701575000154],[98.38181362799997,7.974738216000048],[98.38167149800012,7.974758663000046],[98.38156788600008,7.974761458000046],[98.38139619100019,7.974755296000069],[98.38126595300008,7.974744774999976],[98.38108096300004,7.974723845000028],[98.38091226,7.974698506000152],[98.38078794900014,7.974682088000066],[98.38065030600018,7.974675981000132],[98.38056297700018,7.97467437600011],[98.38043122,7.974685981000107],[98.38035274700019,7.974703571000134],[98.38026093600013,7.974731469000119],[98.38016910600015,7.974769695000077],[98.38008172600007,7.974802027000123],[98.37998399800011,7.974826967000013],[98.37987295300007,7.974847453000109],[98.37975746100011,7.97487237100006],[98.37960346400007,7.974910504000093],[98.37952052500009,7.974942841000029],[98.37944794200018,7.974979619000067],[98.3793812900002,7.975009032000116],[98.37929536800016,7.975057591000109],[98.37921389000019,7.975104690000023],[98.37911608899998,7.975178318000076],[98.37904049500014,7.975246084000162],[98.37893525300012,7.975343312000064],[98.3788374240001,7.975439074000121],[98.37872184400015,7.975521533000119],[98.37862701700004,7.975584840000124],[98.37832115100014,7.975234680000085],[98.37800935900009,7.974884502000066],[98.37783647500015,7.97468652200007],[98.37770793300018,7.97453286700005],[98.37763698700019,7.974466362000157],[98.3775911410001,7.974438257000031],[98.37755711700015,7.974426404000042],[98.37750679200013,7.974427804000129],[98.37716038400009,7.974461219000148],[98.37678140500009,7.974494586000162],[98.3765859990001,7.974510526000074],[98.37653419100008,7.974511924000183],[98.37651199900017,7.974504508000109],[98.376492789,7.974485302000119],[98.37646476300017,7.974421809000091],[98.37644558100004,7.974378994000176],[98.3764071700001,7.974331715000119],[98.37636134700017,7.974288852000029],[98.37630516800004,7.974247454000135],[98.37624159000012,7.974198667999985],[98.37613076100007,7.974131856000156],[98.37605979200015,7.974081906000094],[98.37601249500005,7.974034620000111],[98.37596785599999,7.973974216000101],[98.37593372000003,7.973924328000066],[98.37589963500017,7.973842958999967],[98.37584197500018,7.973690723000175],[98.37581050200015,7.973622470000123],[98.37573697900018,7.973520054000176],[98.3756844890001,7.973430787000154],[98.37560103400006,7.973223287000053],[98.37552646400007,7.973041295000087],[98.3755126050001,7.972924692000106],[98.37549898900005,7.972649531000172],[98.375494629,7.972439663000046],[98.37549490500004,7.972257789000082],[98.37553255600005,7.972108618999982],[98.37557955900013,7.971959458000185],[98.37563124100012,7.971810301],[98.37562671900014,7.971707700000138],[98.37558473400009,7.971633021000116],[98.37550082700017,7.971437029000015],[98.37542183200014,7.97108715000013],[98.37537991800002,7.970961178000039],[98.37533329899998,7.970853848],[98.37522588100018,7.970737098000143],[98.37514184700012,7.970625048999977],[98.37502506700008,7.970512950000057],[98.37491753400013,7.970470815000056],[98.37476793400003,7.970409967000137],[98.37453884400009,7.97032101700006],[98.37406210900014,7.970045149000157],[98.37373024500005,7.969862774999967],[98.37353861200012,7.969750562000058],[98.37341247400013,7.969643111000096],[98.37332841900019,7.969545053000161],[98.37327246500018,7.969423716000165],[98.37320718100011,7.969288381000069],[98.37309067800015,7.968994402000021],[98.37298350200018,7.968719100000158],[98.37286227900017,7.968453095000086],[98.37276443100006,7.968196461000161],[98.37266648400004,7.968005112000014],[98.37251715500003,7.967767048000042],[98.37233130400006,7.96744265600006],[98.37218192900019,7.967231020000099],[98.37195765500013,7.967056580000076],[98.37160867900019,7.966850859000033],[98.371284463,7.966769534000093],[98.37093531400018,7.96667573700006],[98.37061108799998,7.966600632000166],[98.37029934300006,7.966525539000088],[98.37011238300005,7.966419551],[98.36981317400006,7.966300954000076],[98.36958887600014,7.966145167000036],[98.36924611800004,7.965951892000135],[98.36900927000016,7.965839607000021],[98.3688035450001,7.965770894000116],[98.36856035700004,7.965727001000118],[98.36831951400012,7.965682329000117],[98.36814179900006,7.965649418000169],[98.3679500240001,7.965635129000134],[98.36780503400018,7.965616259000171],[98.36770684600003,7.965588128000093],[98.36760404000006,7.965513356000088],[98.36753403800014,7.965405989000033],[98.36752010200001,7.965340677000086],[98.36751087600015,7.965256723000095],[98.36751106200018,7.9651354720001],[98.36751118800004,7.965052970000045],[98.36751121900011,7.965032876000123],[98.36751144800002,7.964883648000068],[98.367521011,7.964748422000071],[98.36753056700013,7.964617859000157],[98.3675307600002,7.964491945000077],[98.36755903000005,7.964361415999974],[98.36755451700014,7.96425414800018],[98.36753599900004,7.964128207000158],[98.36749402300012,7.964044202000025],[98.36741923600005,7.964006777000066],[98.36732571100003,7.963983317000043],[98.36724622600013,7.963959881999983],[98.36714331700006,7.963955062000139],[98.367035709,7.963964224000165],[98.3668813290002,7.963968647000115],[98.36671760300015,7.963968397000087],[98.36656790600011,7.963972832000024],[98.3663947770001,7.964000551000083],[98.36623568000016,7.964028288000122],[98.36612815100005,7.963990815000159],[98.36597382500008,7.963957939000124],[98.36588969500008,7.963911174000032],[98.3657775170002,7.963850379000064],[98.36570747200017,7.963770989000068],[98.36560479000019,7.963616941000112],[98.36553484600012,7.963472266000167],[98.3653857,7.963117619],[98.36516187700005,7.96265092900012],[98.36508724200019,7.962510909000116],[98.3650592420002,7.962468898999987],[98.36500322000018,7.962394193000023],[98.36490505,7.962352076],[98.36481148500019,7.962356595000131],[98.36468048699999,7.962365720999969],[98.36456346000017,7.962416839000127],[98.36445574500004,7.962495956],[98.36434803600014,7.962575070000184],[98.36417008300003,7.962700710000092],[98.36405302100013,7.962770482000167],[98.3639032230002,7.962840202000052],[98.36375814000019,7.962881951000043],[98.36362712700009,7.962905064000097],[98.36345871200007,7.962909474000128],[98.36328566700007,7.962885892000145],[98.36303317200003,7.962810889000025],[98.3628414850001,7.962740645999986],[98.36261249800003,7.962591060000079],[98.36242558400005,7.962460196000052],[98.36232275600008,7.962404079000123],[98.36218244600019,7.962385208000114],[98.36203741200006,7.962398977000078],[98.36189235200015,7.96242673100005],[98.36178001600013,7.962468531000127],[98.36165826800016,7.96254762],[98.36155525100008,7.9626174120001],[98.36146322500008,7.96267049000005],[98.36141010500012,7.962701130000141],[98.36126499400012,7.962761533000048],[98.36113393100004,7.962812628000108],[98.36096538800018,7.962900972000114],[98.36084834000013,7.962966085000119],[98.36073131300009,7.963017198000159],[98.36051140400014,7.963044842000158],[98.36027282800012,7.963049137000041],[98.36007634300012,7.963053499000068],[98.35990325600005,7.963057896000123],[98.35978160000013,7.963076361000162],[98.35961781600008,7.963113420000127],[98.35942596600017,7.963150427000073],[98.35930904700018,7.963131591000092],[98.35920616800013,7.963108120000015],[98.35908461400004,7.963061295000159],[98.35898647100015,7.963000521000083],[98.3588556420001,7.962902386000053],[98.35874818800005,7.962813610000183],[98.3586687940001,7.962729546000162],[98.35861282300016,7.962622201000045],[98.35852886000004,7.962472843000171],[98.35842147400001,7.962337437000144],[98.35823934000007,7.962141290000147],[98.35808288400011,7.961981718000118],[98.357727872,7.96165161700003],[98.35740397300015,7.961371306000046],[98.35703025700013,7.961041175000162],[98.35665013500011,7.960816740000155],[98.35582480100004,7.96044923900007],[98.3555537650002,7.960175385000127],[98.35548146600013,7.959572894000075],[98.35548193300008,7.95927389600007],[98.35548246400003,7.958934014000022],[98.35557507500016,7.958258766000085],[98.3557958200002,7.95760196800012],[98.3558881130001,7.957127511000181],[98.35609018200006,7.956707990000041],[98.35623754300008,7.956142348000128],[98.35636657000003,7.955594936000125],[98.35642221500007,7.955138672000032],[98.35644137600013,7.954591089000132],[98.35640558000006,7.954061670000101],[98.3563696440001,7.953623522999976],[98.3562975430001,7.952893258000074],[98.35615214200004,7.952199384000039],[98.35597021100017,7.951450696000052],[98.35556830200005,7.950865951000083],[98.35507461700013,7.95042709300003],[98.35454434700011,7.949969924000129],[98.35403224400011,7.949604049000129],[98.353428817,7.949092003000032],[98.35286201200012,7.948580016000051],[98.35231360800003,7.948013292000041],[98.35215358100004,7.947863931000029],[98.35176511100002,7.947501330000136],[98.35132639400007,7.947044299000083],[98.35086947900004,7.946514223000065],[98.35065469900019,7.946194306000166],[98.35050431700017,7.945856519000017],[98.35035893200012,7.945162644000106],[98.35028658300013,7.944596661000048],[98.35030550000016,7.944213364000063],[98.35033361600017,7.944068374000153],[98.35012050600011,7.943982097],[98.34978149300008,7.943932097000129],[98.3494591060001,7.943824404],[98.34922771300006,7.943708604000051],[98.34903768700013,7.943584630000089],[98.34885607200016,7.943369966000091],[98.34869924600014,7.943171834000054],[98.34852590100007,7.942957182000043],[98.34831949300008,7.942734234000056],[98.34814605700012,7.942577302000018],[98.34794775700004,7.942453310000076],[98.34774107500016,7.942403514000034],[98.34755915000011,7.94238673600006],[98.34737719800017,7.942386451000175],[98.34705420400007,7.94237724200002],[98.34668662300015,7.94237666500004],[98.34623078200019,7.942405264],[98.34577488900004,7.942463179000129],[98.34527477600011,7.942594319000136],[98.34480390200008,7.942828111000097],[98.34440627100008,7.943237920000172],[98.34403806500018,7.943633117000104],[98.34381219300013,7.943835137000121],[98.34359633800017,7.944028196000033],[98.34331658100018,7.94427694500007],[98.34297782500005,7.944642872000088],[98.34271268100014,7.944950277000032],[98.34237385500018,7.945360176000065],[98.34207913600005,7.945770145000154],[98.34170587500012,7.9461621210001],[98.34126907700005,7.946633704000135],[98.3408421690001,7.946955514000081],[98.3405298850002,7.947141453000143],[98.34019475900016,7.947247654000137],[98.33970943300017,7.947320173000151],[98.33912123000005,7.947363216000099],[98.33853300600009,7.947420910000062],[98.33790071900006,7.947449222000103],[98.33693023100005,7.947491647000163],[98.33604791400018,7.947563535000029],[98.33544491900011,7.947665179000126],[98.33491536200006,7.947810914000172],[98.33457372100014,7.947964737],[98.33420894300014,7.948220217000028],[98.33378195700016,7.948585989000094],[98.33341383200019,7.948922542000162],[98.33295752900017,7.949229634000119],[98.33253075400012,7.949463485000024],[98.33211882300003,7.94960940600015],[98.33160404199998,7.949711185000126],[98.33135357800006,7.949740559000077],[98.33106414600007,7.949715358],[98.33085428900006,7.949636686000076],[98.33052706100017,7.949401171000034],[98.33004653600011,7.949063711000179],[98.32962066300013,7.948740543000099],[98.32925341100008,7.948534733000088],[98.32889927500014,7.9484585780001],[98.32851829700002,7.948504226000182],[98.32812111600015,7.948620854000069],[98.32762089400012,7.948810605],[98.326929457,7.949044016000073],[98.3264880970001,7.949204541000086],[98.32591219100004,7.949311256000158],[98.32547387900019,7.949294057000031],[98.32504724200015,7.949158232000116],[98.32444503400006,7.948776134000127],[98.32385771400016,7.948276797000062],[98.32343208800012,7.947807037000132],[98.32294755300006,7.947395814000117],[98.32222803500002,7.946822969000038],[98.3218400680002,7.946476868000104],[98.32168480800016,7.946338358],[98.32118552800006,7.945956429000148],[98.32062753000002,7.945515769000053],[98.32027513700012,7.945222024000032],[98.31990811400004,7.944884286000161],[98.31962935700017,7.944517368000163],[98.31942421400015,7.944091941000067],[98.31927790700018,7.943651954000131],[98.31910221700008,7.943197258000168],[98.3189556700001,7.942903852000086],[98.31876486800013,7.942698323],[98.31854453900007,7.942566037000063],[98.31805970000005,7.942345369000122],[98.31756308500007,7.942175399000121],[98.31745721800013,7.942139164000025],[98.31697235700005,7.941933152000047],[98.31686761400016,7.942226379000033],[98.31670119800009,7.942616143000123],[98.31658131400013,7.942933262],[98.31650798100014,7.943171132000145],[98.3164202960001,7.943465531000072],[98.31624118700012,7.944109423000043],[98.31605472200005,7.944591700000103],[98.31583186800009,7.945045667999977],[98.31555428700011,7.945459287],[98.31519958799998,7.945995477000167],[98.31489128300018,7.946378370000104],[98.31462918500017,7.94673067400015],[98.31432063100004,7.947266933000037],[98.31402735799998,7.947864565000089],[98.31385725100006,7.948401051000076],[98.3137795180001,7.948891678000052],[98.31371709500019,7.949428344000069],[98.31371625400004,7.94993444],[98.31379248100018,7.950348642],[98.31391462900018,7.95090094700015],[98.31403662700012,7.951545271000157],[98.31416204100003,7.951935071999969],[98.31418967000013,7.95202095000019],[98.31440417500016,7.952542736000169],[98.31452655300018,7.952957015999971],[98.31458747300007,7.953325180999968],[98.31457132700018,7.95378524400013],[98.31452421000006,7.9543679410001],[98.31441568500009,7.954873859000031],[98.31423029400008,7.955348978000188],[98.31396813700019,7.955731952000065],[98.31370610700014,7.956038242000034],[98.31330542000012,7.95646699100007],[98.3129510350002,7.956803806000153],[98.31270451300009,7.957033437000064],[98.31227308400014,7.957446801000117],[98.3119801580001,7.957829722000099],[98.31176414700008,7.95821276800018],[98.31157882800011,7.958641875000069],[98.311378172,7.959040282999979],[98.3112236450001,7.959454104000031],[98.311115267,7.959868005000089],[98.31102220000002,7.960327937000159],[98.31089838600008,7.960772478000081],[98.31080792900019,7.961022380000145],[98.31060493300009,7.961218965000114],[98.31043969400014,7.961363238000104],[98.31024949700014,7.961482551000074],[98.31005932000011,7.961591890000022],[98.30986908200003,7.961736120000012],[98.30968388000014,7.961860425000111],[98.30951871700006,7.961959839000144],[98.30935355200018,7.962059252000131],[98.30912337000012,7.962173509000081],[98.30881821100019,7.96227269000002],[98.30865311300005,7.962332229000083],[98.30846302400005,7.962386738000021],[98.30828296400006,7.962426317000052],[98.30810791700003,7.962445734000141],[98.30765365800005,7.962443342000086],[98.30737477200006,7.962489147000099],[98.30718382200007,7.962604580000118],[98.30702096800007,7.962746536000168],[98.30682431800017,7.96301785300011],[98.30663847600005,7.963343522000173],[98.30640899700018,7.963690849000045],[98.30625605000006,7.963897049000025],[98.30610043100006,7.964133448000155],[98.30607028100002,7.964179251000132],[98.30582999800015,7.964472231],[98.30564424100015,7.964743564000173],[98.30548025500008,7.96503667200011],[98.30534889100005,7.965373294000074],[98.30526134200016,7.965579602000048],[98.3051736880002,7.965851106000173],[98.30507529600004,7.966024794000134],[98.30491158100011,7.96615491100016],[98.30468257400008,7.966219724000098],[98.30442096100018,7.966230152000094],[98.30414847200012,7.966229695000152],[98.30375608000014,7.966229036000186],[98.30347261300005,7.966272022000169],[98.30312367600004,7.966358365000133],[98.302774645,7.966499033000048],[98.30250202000013,7.966574638000168],[98.30216405700014,7.966617529000075],[98.30183706400015,7.966616979000037],[98.30147746500018,7.966562045000103],[98.3011397570001,7.966452817000118],[98.30069310800019,7.966310808000173],[98.30026825800002,7.966168832000164],[98.29985207400006,7.966050266000138],[98.29938580200019,7.965917427000022],[98.29889548500006,7.965818805000083],[98.2985903280001,7.965796559000182],[98.29823052600017,7.96586114500019],[98.29791421300001,7.96599100200018],[98.29763052300018,7.966164372000151],[98.29749826300008,7.966267022000125],[98.29728127100009,7.966435432000026],[98.29703022500007,7.966641457000094],[98.29669181200006,7.966945130000056],[98.29642997600007,7.967085941000107],[98.29614637900016,7.967204987000173],[98.29587377600006,7.967269721000036],[98.29554670900006,7.967312625000034],[98.29518696200006,7.967344613000023],[98.29479449500019,7.967387410000072],[98.29443487500009,7.967343334000191],[98.29404256300018,7.967299206000064],[98.29359563700012,7.967320174],[98.29317037900012,7.96741724300017],[98.29272337800018,7.967481676999967],[98.29226551200009,7.967524360000027],[98.29181852900018,7.967577925000114],[98.29140422700016,7.967642412000032],[98.29104438600012,7.967728724000096],[98.29077797900004,7.967843645000073],[98.29064072200015,7.967945351000139],[98.29038959500008,7.968194836000123],[98.29010236400018,7.968465176000109],[98.289974729,7.968585299000154],[98.2897344320001,7.968878267999969],[98.28951587500006,7.969203870000115],[98.28934089600006,7.969540413000118],[98.28907847500011,7.970018061000076],[98.28884892000002,7.970397980000143],[98.28854282800012,7.970919013000184],[98.2882259820002,7.97135310800013],[98.28782199000017,7.971754450000105],[98.2876036200002,7.971971391000011],[98.28737441900017,7.972144854000078],[98.28708921000009,7.972293668000134],[98.28682903200007,7.972372101000133],[98.28653462300014,7.972436788000095],[98.28622941000003,7.972447127000123],[98.28589151200015,7.972446543999979],[98.28559725100018,7.97242430700004],[98.28507425100008,7.972314749000191],[98.28471472500019,7.972216335000041],[98.28430077600012,7.972074362000114],[98.2831526170001,7.971508401999984],[98.28275099400014,7.971339426000043],[98.28250195700008,7.971250848000182],[98.2821966080001,7.97118621400017],[98.28191216000005,7.97109532200011],[98.28172685600015,7.971049926999967],[98.28160933700013,7.971027183000047],[98.28146468900002,7.970999887000119],[98.28130645900012,7.970986091000043],[98.28112114900006,7.970945204000088],[98.28094938200013,7.970913353000071],[98.28083186700007,7.970886105000091],[98.28063746800007,7.97087224500001],[98.28043849400012,7.970885422000151],[98.2802847440002,7.970894168000143],[98.28009936300003,7.970893846000138],[98.2799411090001,7.970893571000033],[98.27975579400015,7.970852683000032],[98.27958853800016,7.970829857000069],[98.27942577800019,7.970820557000025],[98.27924489900005,7.970829259000027],[98.27910019400008,7.970838022000123],[98.27896454600005,7.970837786000118],[98.27882441400016,7.970815007000112],[98.27866171000005,7.97077415200016],[98.27852619400016,7.97070179800005],[98.2784042450001,7.970624956000108],[98.27810606600008,7.970484707000139],[98.27787562700007,7.970394156000168],[98.2776812780001,7.970348742000169],[98.27755922000011,7.970335007000187],[98.27741904500016,7.97033927300015],[98.27727435100007,7.97033902000004],[98.27721597800013,7.970343074000027],[98.27714773500009,7.970347812000057],[98.2769985000001,7.970361073],[98.27680407200017,7.970360734000053],[98.27634422100004,7.970316088000118],[98.27632352199998,7.970369972000128],[98.27632344199998,7.970415196000147],[98.27632335400017,7.970465695000144],[98.2763495690001,7.970497167000076],[98.2764191760001,7.970580732000144],[98.27685061000011,7.970964386000105],[98.27719592700015,7.97117558399998],[98.278327853,7.971838061000028],[98.27855775700004,7.972154354000168],[98.27858599600017,7.972479867000175],[98.27845757300008,7.974528160000091],[98.27787400300014,7.978758190000121],[98.27778714000016,7.979006924000146],[98.27765523900013,7.979152508000084],[98.27757553100014,7.979207578],[98.27736420700006,7.979245500000161],[98.27717217200006,7.979235592],[98.27690988600006,7.979224237999972],[98.27680206700006,7.979240841000035],[98.27677844900006,7.979244477000123],[98.27630741700017,7.979530828000122],[98.27626892300003,7.979578624000169],[98.27623036100005,7.979664709000076],[98.27629737600017,7.979779696000094],[98.276374079,7.979846838000185],[98.2765177820001,7.98003854000001],[98.27673825500011,7.980259093000086],[98.27701656300007,7.980355302000135],[98.2771124200001,7.98045119700015],[98.27712170400014,7.980633088000047],[98.27712145200013,7.980776675000072],[98.27708263800014,7.981006348000165],[98.27682210200004,7.981723830000021],[98.27631102400005,7.982938645000104],[98.27601244800019,7.983445465000102],[98.27563740400007,7.983751128000108],[98.27560590700006,7.983767965000141],[98.27537125300017,7.983893389000059],[98.27526254600014,7.983951496000145],[98.27509503300007,7.984004514000105],[98.27457076200011,7.984170450000136],[98.27434980000015,7.984227497000177],[98.2741001120001,7.984236633000023],[98.27396569200016,7.984226824000189],[98.27350496500014,7.984111145000099],[98.27283298000003,7.983995095000125],[98.272507465,7.984037209000064],[98.27246799400001,7.984042316],[98.27236219300005,7.984137855000029],[98.27232358000015,7.984252656000024],[98.27232335900004,7.984377097999982],[98.27237118600004,7.984482479000121],[98.2724958,7.984607142000016],[98.27270648600006,7.984932975999982],[98.27276374600018,7.985134099000049],[98.27276362800018,7.985201108000126],[98.2727153940001,7.985325464000141],[98.2724076140002,7.985602525000047],[98.2723258760002,7.98566938800019],[98.27191716400012,7.986003707],[98.27186696000007,7.98600361900003],[98.27179232800006,7.986003487],[98.27169374400012,7.985963977000097],[98.27160040900009,7.985926570000117],[98.2715539400001,7.985921036000036],[98.27132507900006,7.985893786000076],[98.27127398500011,7.985887704000106],[98.27043829400014,7.986029819000066],[98.27039682800006,7.986050394000074],[98.27022684500014,7.98613474400014],[98.27012094400015,7.986287717000096],[98.2701107220002,7.98630616700018],[98.27006255200013,7.986393105000104],[98.2700149740001,7.986478979000083],[98.27001485200009,7.986547707000113],[98.27001482100019,7.986565131000134],[98.27009142300011,7.986689710000064],[98.2701007180001,7.986862030000111],[98.27024407800008,7.987245181000105],[98.27032041000018,7.987522918000082],[98.27027214200007,7.987666421000142],[98.27024349700008,7.987732719000121],[98.27024193900013,7.987736325000014],[98.27021428400008,7.987800333],[98.27021427800008,7.987804068000059],[98.27021421700016,7.987838108],[98.27021408000007,7.987915203000114],[98.27025931500015,7.98796045500012],[98.2702907690001,7.987991920000127],[98.27047308599998,7.988068819000034],[98.27062644000006,7.988231822000103],[98.27093311900012,7.988576973000136],[98.27114368300016,7.988969817000111],[98.27129162900013,7.98910856599997],[98.27129707300003,7.989113673000134],[98.27146977100011,7.989200128000107],[98.27157267900014,7.989209637000101],[98.27168099900018,7.989219646000095],[98.27187319100011,7.989143406000039],[98.27205589700014,7.989000139000154],[98.27225789700015,7.988809047000132],[98.2724117950001,7.988665729000047],[98.27258478200008,7.988589454000021],[98.272728771,7.988618425000027],[98.272872645,7.988714402000028],[98.2730261370001,7.988800824000123],[98.27328548100007,7.988762990000168],[98.27348742700008,7.988600613000131],[98.27365103000005,7.988399878000166],[98.27366009400009,7.988372933000107],[98.27375721800013,7.988084173000061],[98.27370010900012,7.987796895999963],[98.27383356400003,7.987692748000086],[98.27383473500004,7.987691836000181],[98.27395005400007,7.987644176000117],[98.27414226000019,7.987558360000151],[98.27428653900012,7.987424599000178],[98.27459443500004,7.987080529000139],[98.27480600200005,7.986908596000035],[98.27499827500003,7.986784491000151],[98.27524799700012,7.986756212000046],[98.27549753400007,7.986833227000091],[98.27680263500014,7.987333282000179],[98.27710018600015,7.987410379999972],[98.27763874800013,7.986951843000156],[98.27770616900011,7.986837090000165],[98.27771340500016,7.986789577000025],[98.2777353140001,7.986645693000014],[98.27773551700005,7.986529851000057],[98.27773565000012,7.986454241],[98.27762841200013,7.986323967999965],[98.27760149800008,7.986291276000088],[98.27760153900016,7.986267883000039],[98.27760166600007,7.98619555],[98.27761155500008,7.986032834000071],[98.27771743700015,7.985889432000079],[98.27795777500012,7.98573669100017],[98.27821721800018,7.985641419999979],[98.27904305300007,7.985642860000098],[98.28018567900011,7.985702283000137],[98.28065628000002,7.985664812000152],[98.28079078500008,7.985626755000112],[98.2808677930002,7.985521592],[98.28096303300009,7.985390616000188],[98.28099292900009,7.985349505000102],[98.28099918300006,7.985344533000045],[98.28113717000019,7.985234885000182],[98.28135816600019,7.98515869],[98.28186898500007,7.985080650000157],[98.28332233100008,7.984929963000184],[98.28360828800004,7.984861382000133],[98.28365442800015,7.984843952000062],[98.28371228900005,7.984822094000037],[98.28377700300007,7.984794332999968],[98.28388549800007,7.984714378000035],[98.28396239200003,7.984716252000169],[98.28409090100007,7.984730270999989],[98.28520408600008,7.985153387000025],[98.2860864380001,7.985786695],[98.28682468900013,7.986458046000052],[98.28752429900015,7.987263343000166],[98.28914316300012,7.989582680000126],[98.28981301500016,7.990943128000083],[98.29053005600002,7.992782283999986],[98.29129368100007,7.995454328000108],[98.29187398200003,7.998633402000053],[98.29243745100001,8.00200370400006],[98.292482307,8.002272003000144],[98.29249786800017,8.002771302000156],[98.29251870500019,8.003439913000136],[98.29248723800015,8.004981036],[98.29240806700011,8.006340198000032],[98.29231978900009,8.006805080000106],[98.29223361900006,8.007258859000103],[98.29218517400005,8.00750766300007],[98.29217469100013,8.007610377000049],[98.29204841400008,8.008847581999987],[98.29151128000007,8.014025390000143],[98.29113069700009,8.017518703000064],[98.29051957000007,8.021040338000034],[98.29020966600018,8.022533114000112],[98.28971590999998,8.024820092000141],[98.28903995900015,8.026944022],[98.28852090800007,8.028701136000109],[98.28850862100006,8.028742735000094],[98.28810399600002,8.029469546000087],[98.28753627200012,8.030100348000076],[98.28670937600009,8.030654119000133],[98.2859406190002,8.030911243000105],[98.2853639400002,8.031168699999967],[98.28480665000006,8.031320891000064],[98.28418231699999,8.03136766700004],[98.28400982600004,8.031415485000082],[98.28398245300019,8.031425899000055],[98.28391447200016,8.031469775000119],[98.28387699900014,8.031540776000043],[98.28388369700019,8.031594932000075],[98.28393454700011,8.03163901500011],[98.28401253500016,8.031696678000174],[98.28405766900016,8.031711161000032],[98.2840973660002,8.031723898999985],[98.28417201400015,8.031751102000044],[98.28418172600004,8.032021848000056],[98.28417683400016,8.03202595800002],[98.2841404830001,8.03205650600006],[98.28413752100005,8.032058995],[98.28409324900008,8.032136753000088],[98.28409991900014,8.032204445000161],[98.28416769800015,8.032275629000026],[98.28444913700008,8.032482549000065],[98.28460499400006,8.032665562000034],[98.28477104500007,8.03284520800014],[98.28485588300015,8.032869044000165],[98.28488292300005,8.032871435000118],[98.285012038,8.032882851000181],[98.28513085800006,8.032889826000087],[98.28523260500003,8.032950917000107],[98.28535132000019,8.03301880500004],[98.28544963800016,8.033100194000099],[98.28556477299998,8.033272983000131],[98.28557469300011,8.033425285000078],[98.28556439400006,8.033489563999979],[98.28555749200018,8.033553849999976],[98.28545793300003,8.033619608000095],[98.28520170800005,8.03370079300015],[98.28491130700013,8.033875459000058],[98.28449064000006,8.034424467000179],[98.28443408800013,8.034496698],[98.28424669100019,8.034755906000157],[98.28404977000014,8.035019917000056],[98.28399049000006,8.035099389000038],[98.28386162900011,8.035272150000026],[98.28365004000011,8.035444087000144],[98.28341937900012,8.035539409000023],[98.2832116840001,8.035490317999972],[98.28309297900012,8.035462261000077],[98.28261322100002,8.035212538999986],[98.28255278600011,8.035192730000063],[98.28228165400003,8.035103857000081],[98.28211410300014,8.03504893700017],[98.2818335030002,8.03504523200013],[98.2812785810001,8.035037905000138],[98.28116338400008,8.03500898600015],[98.281148991,8.034991503000185],[98.28102921500005,8.034846019000042],[98.28102475900005,8.034809973000108],[98.28101027700012,8.034692826000082],[98.2810104350001,8.034603106000134],[98.28101061400002,8.034501378000073],[98.28100377200019,8.03445302700004],[98.28099606600006,8.034398587000169],[98.28099164100018,8.034367328000144],[98.28094554000018,8.034352305000084],[98.28060770600013,8.034242216999985],[98.28049269600018,8.03410799900007],[98.28045238000004,8.034009918000038],[98.28044223100017,8.033985231000088],[98.28042575500007,8.033945149000147],[98.28040685200017,8.033772813000098],[98.28027266700019,8.033619416000079],[98.2800902940001,8.033561663],[98.27993922200005,8.03354822100016],[98.27932210600011,8.03349331100003],[98.27861165500008,8.033358052000153],[98.27840767000015,8.033365991000153],[98.2780689720002,8.033438023000087],[98.27779046000006,8.033544118000066],[98.27772369900015,8.033584816000086],[98.2773142870002,8.033834397000021],[98.27701646600013,8.033891309000126],[98.27665155100004,8.03387152199997],[98.27621971700006,8.033679313000164],[98.27605645200009,8.03367902500014],[98.27585887700019,8.033719690000055],[98.27582587600006,8.033726481000144],[98.27572522000008,8.033806451000032],[98.27568161300007,8.033841098000153],[98.27546980200009,8.034137471000065],[98.27542151200015,8.034290547000126],[98.27542500600009,8.03431166900009],[98.27545001800002,8.034462900000051],[98.27553618100012,8.03461621100007],[98.2756416200001,8.034731266000051],[98.27565079900006,8.034970595000061],[98.27555438700006,8.035181020000152],[98.27505282700014,8.036395839000022],[98.2749187510002,8.036571034000076],[98.27486992700011,8.036634829000093],[98.27463916200008,8.036787583000091],[98.27432201000016,8.036911464000127],[98.27411728300018,8.037044210000147],[98.2739757920001,8.037178882000092],[98.27382190800017,8.037303052000027],[98.27362010700006,8.037369703000138],[98.27311099600013,8.037426237000034],[98.27276522100004,8.037444772000072],[98.27261157200019,8.03743492700005],[98.27245223700004,8.037458461000028],[98.2724194450002,8.03746330399997],[98.27228476800013,8.037587509000048],[98.27217886900019,8.037730908000071],[98.27193754100011,8.038419697000165],[98.27194549000012,8.039348241000084],[98.27194778300009,8.039375337000024],[98.27199251900004,8.039903528000082],[98.27210732300011,8.040152614000078],[98.27223200300011,8.040248562000045],[98.27248179500003,8.040201142],[98.27268336100019,8.04012620800006],[98.27278932800016,8.040086816000155],[98.27292108400002,8.040087049000078],[98.27294299100015,8.040087087000074],[98.27316388300017,8.040087478000032],[98.27335584300005,8.040154824000126],[98.27349961400012,8.040317811000023],[98.27381569500005,8.040796994000118],[98.27398800400005,8.0411131890001],[98.27414136400012,8.041285764000065],[98.27430434500019,8.041448784000067],[98.27442641800008,8.041466386000081],[98.27457319000013,8.041487547000145],[98.27462580900016,8.041485361000127],[98.27479409700004,8.041478365000103],[98.27494803600007,8.041325477000044],[98.2751720060001,8.041165347000117],[98.27518844200006,8.041153597000061],[98.27521381400004,8.041148225000143],[98.27530398600004,8.041129131000162],[98.27545745600014,8.04109663600002],[98.2755366410002,8.041096775000142],[98.27564967500012,8.041096974000084],[98.27570715900009,8.041097076000085],[98.27593755600003,8.041154916999972],[98.27609349400018,8.041228004000061],[98.27611034200015,8.041241185],[98.2762228410001,8.041358222000042],[98.2764390970001,8.041615838000041],[98.27658452700018,8.04185318900005],[98.27670931200015,8.042087691000063],[98.2767660200002,8.042254909000064],[98.27678994700017,8.042337069000098],[98.27679609,8.042395801000168],[98.27679927200012,8.042451610000057],[98.27679061700019,8.042495714000154],[98.27676713500006,8.04251931500005],[98.27672591900017,8.04253124200011],[98.27666696900008,8.04253149200008],[98.2766198590001,8.042543443000113],[98.27660221000014,8.042552333000117],[98.27654651600017,8.0426260160001],[98.27650846000006,8.042687872000101],[98.27648214000016,8.042737927000019],[98.276458758,8.042785035],[98.27645905500015,8.042855542000098],[98.27647108200011,8.042911314000094],[98.27649493400014,8.042975846000104],[98.2765276040002,8.043034466000165],[98.27658375700014,8.043069485000103],[98.27668102300004,8.043069073000083],[98.27680489600004,8.043086175999974],[98.27685210600004,8.043097729000124],[98.27686396900003,8.043115306000118],[98.27685826200019,8.043159399000103],[98.27682006700013,8.043188940000164],[98.27665512800007,8.043219018000173],[98.2766286750001,8.043236758000035],[98.27662295300019,8.04327791300011],[98.27664097200017,8.043357162],[98.27666475000018,8.043404069000076],[98.27673868700015,8.043462516000034],[98.27678603400011,8.043506385000057],[98.27680676500012,8.043529800000101],[98.276821628,8.043559117000143],[98.27682181300014,8.04360318700003],[98.2768042130001,8.043623826000044],[98.2767747630001,8.043629828],[98.2767335470001,8.043641754000134],[98.27668057800008,8.043662544000085],[98.27666300300012,8.04368905900003],[98.27663968300016,8.043750856000088],[98.27663697200018,8.043806689000178],[98.2766519430001,8.043862448000084],[98.27665797500003,8.043894740000098],[98.2766462840001,8.043918294000093],[98.27659629900012,8.043947886000069],[98.27658459500003,8.043968500000176],[98.27659057700015,8.043989042000078],[98.2766083620001,8.044012470000098],[98.27661725300004,8.044024186000172],[98.27664682900019,8.04404756300005],[98.27665270900013,8.0440677630001],[98.27656761000014,8.044141930000137],[98.27645474400003,8.044240302000105],[98.27632565300007,8.044352808000156],[98.27628682700009,8.044582477000063],[98.27630573200014,8.044754817000126],[98.27640151900016,8.044898572000022],[98.27656448300013,8.045071164000092],[98.27708235900019,8.045493262000036],[98.27760035500006,8.045848357000182],[98.27766573100013,8.045903941000176],[98.27779215000004,8.046011427000167],[98.27793584000017,8.046222273000012],[98.27795453900006,8.04650948200009],[98.27788554700004,8.04750489600002],[98.27777886900009,8.04808863],[98.27773054200009,8.048260849000144],[98.27759588000015,8.048375482000097],[98.27751897800016,8.04841363700018],[98.27713189100018,8.048672649000082],[98.27677828500009,8.049072832000093],[98.27673947700004,8.049292931000082],[98.27674101899999,8.049305408000123],[98.27675841400008,8.049446126000078],[98.27688313200014,8.04952292400003],[98.27700769800015,8.04968587500008],[98.27699778800019,8.049858160000042],[98.27693982300013,8.050049509000132],[98.27678588400005,8.050202397000021],[98.27673659200008,8.050282475000074],[98.27668191300006,8.050371300000052],[98.27667993300008,8.050374516000147],[98.27649709500008,8.050575215000151],[98.27643916300008,8.050747416999968],[98.27633862700009,8.050919288000102],[98.27626576,8.051043858000071],[98.27624360200014,8.051070751999987],[98.27609251000007,8.051254146000076],[98.27604416500009,8.051435938000054],[98.27604367200013,8.051713539000161],[98.27605288500007,8.051933722000172],[98.27610065000005,8.052077392000172],[98.27626367000005,8.052221267999983],[98.27674322100017,8.052595440000061],[98.27690622400007,8.052748886000131],[98.27752015300018,8.053171157000179],[98.27763508300006,8.05335323600002],[98.27775013100018,8.05346830700006],[98.27775939500009,8.053659773999982],[98.27773010800001,8.053927753000039],[98.2776409220001,8.05547833300011],[98.27755117100008,8.057344807000163],[98.27735701000006,8.058512305000136],[98.27683284700015,8.061622433000082],[98.27657190700006,8.062531357000125],[98.27648515900017,8.062650166000083],[98.27648474300014,8.062650191000046],[98.27644676000006,8.0626938690001],[98.27633140400013,8.062751100000128],[98.27621616700009,8.062741323000125],[98.2760721160002,8.062731498000062],[98.2758800420001,8.062721584000144],[98.27585595100015,8.062738983000088],[98.27577425600003,8.062797977000173],[98.27555251500007,8.063266635000048],[98.27553709100005,8.06332261200015],[98.27552351500015,8.063371882000126],[98.27543692000017,8.063457882000137],[98.27523500300009,8.063581968000108],[98.27501404700013,8.063610291000032],[98.2748795830002,8.063610053000048],[98.2747356000001,8.063561937000145],[98.27462034600012,8.063561733000142],[98.27455898300013,8.063596536999967],[98.27435114600007,8.063714416000039],[98.2743142590001,8.063741052000125],[98.27423074900014,8.063801359000081],[98.2742035890002,8.06382097400018],[98.27403378600007,8.06394359300009],[98.27336958300009,8.064775220000058],[98.27333340000007,8.064803540000128],[98.27275959600018,8.06525267000012],[98.27255204700015,8.065415124000083],[98.27253580200016,8.065433271000074],[98.27247505600008,8.065501139],[98.27246517800018,8.06565428000016],[98.27246498900007,8.065759579000087],[98.27239751800005,8.065893472000027],[98.27226065100018,8.066229175000046],[98.27207972600007,8.066361958000073],[98.27196421400009,8.066505340000049],[98.2719640430002,8.066601063000064],[98.27200677300016,8.066635259000066],[98.272059952,8.066677813000013],[98.27213661700006,8.066773674000046],[98.27211735700007,8.066802357000029],[98.27205009099998,8.066821382000114],[98.27196451600014,8.066728656000066],[98.27193505800017,8.066696736000097],[98.27181995500013,8.066610380000043],[98.27172377400012,8.06668678800014],[98.27171399800017,8.066782495000155],[98.27169437800018,8.067012200000079],[98.27172278000018,8.067241988999967],[98.27172264300009,8.06731871400001],[98.27172252400015,8.06738513300013],[98.27172242100005,8.06744301100008],[98.27169328100013,8.06762483500006],[98.27164498200017,8.067777906000174],[98.27159677100013,8.067883118],[98.27158702900005,8.06795968200015],[98.27144280500005,8.06804557700002],[98.27131794299999,8.068045355000038],[98.27116437200016,8.067987648000155],[98.27094332799999,8.068063832000064],[98.27083745300001,8.068188087000124],[98.27081232600017,8.068252851000125],[98.27078920700012,8.068312441000103],[98.27079853600009,8.068465618000062],[98.27090178900005,8.068568889000176],[98.27091358800004,8.068580692000182],[98.27091649200008,8.068595299000037],[98.27092133700006,8.068619665000085],[98.27095166300006,8.068772209000144],[98.27098907200008,8.069337050000058],[98.27094986200018,8.069777314000078],[98.27093056800004,8.069800731000157],[98.27086323100002,8.069882456000073],[98.27082471000011,8.069939823000084],[98.27081591700005,8.069972451000126],[98.27078603300004,8.070083341000043],[98.27078587800014,8.070169493000094],[98.27082594100017,8.070281924000085],[98.2708336610001,8.070303590000094],[98.27085264800013,8.070428066999966],[98.27085246000013,8.070533362999981],[98.27080504800011,8.070647536000138],[98.27078493400006,8.070695973000113],[98.27054437200002,8.070944430000168],[98.27047689700004,8.071078323000165],[98.27042849400004,8.07128883200005],[98.2704282540002,8.071422846000132],[98.27046641900006,8.071566499000028],[98.27046811300005,8.071570234999967],[98.2705620860001,8.071777263000058],[98.27071660700017,8.07202138800011],[98.2707440600002,8.072064762000139],[98.27080136300009,8.072246740000082],[98.27082988500013,8.072409523000147],[98.27082948999998,8.072629688000177],[98.27081880500009,8.073232733000054],[98.27079926800019,8.073414574000083],[98.27083749900004,8.07351994100003],[98.27085633100018,8.073730568000144],[98.27092315500005,8.07396042400012],[98.27092279500016,8.074161444000083],[98.2708552320002,8.074343202000023],[98.2707397850001,8.074448295000082],[98.27065296500007,8.074658731000113],[98.27066227900013,8.07482148000014],[98.27067874500005,8.074871008000173],[98.27070049100007,8.07493641800005],[98.27088274300007,8.075070757000105],[98.27100131999998,8.075147523000055],[98.27104583700003,8.075176343000123],[98.27108401499999,8.075310427000034],[98.27108374000005,8.07546358500008],[98.27102645900004,8.075552941000183],[98.27101631700009,8.075568761000056],[98.2710210100002,8.075575162000177],[98.27112171300013,8.075712535999969],[98.27129429100017,8.075885148000054],[98.27145714500017,8.076124749000087],[98.2715337250001,8.076268472000152],[98.27154317600008,8.076354642000183],[98.27153756700005,8.07636577400001],[98.27137968800002,8.07646921900016],[98.27134114800003,8.076536156000088],[98.27135622000009,8.076601783000115],[98.27136973900019,8.076660649000189],[98.27145604600014,8.076737384000069],[98.27160943200005,8.076900388000013],[98.27179154800018,8.077111307000166],[98.27189701300011,8.07721679000008],[98.27222241300007,8.07786829600019],[98.27252894600008,8.078328318000047],[98.27283235700008,8.078541323000024],[98.27307574300016,8.078712187000122],[98.27353662400014,8.07879916000013],[98.27424707800014,8.078972724999971],[98.274708063,8.079002260000038],[98.27487134800009,8.079002549000165],[98.27499628100009,8.078964480000081],[98.27508103300016,8.07888679000007],[98.27512134900013,8.078849833000106],[98.27529454700004,8.078677836],[98.27531540000007,8.078662306000126],[98.27540995700019,8.078591889000108],[98.27559239800007,8.07862092900018],[98.27575556400006,8.078688224000189],[98.27661823400007,8.079685286000085],[98.27667569300013,8.079781114000184],[98.27674240100009,8.080077979000123],[98.27685745400015,8.080193051000037],[98.27695333300017,8.080288943000028],[98.2770973420001,8.08032748800008],[98.27725120700012,8.08022246500019],[98.27739543300015,8.080136565000032],[98.27754909700008,8.0801464110001],[98.27766423700018,8.080213621000155],[98.2782686340002,8.080616731000134],[98.27878689400006,8.080847384000094],[98.27895023100018,8.080818954000051],[98.27919040600005,8.080790660000048],[98.27961290700011,8.080858412000111],[98.28004494300018,8.08096447100013],[98.28021764900006,8.08107007100017],[98.28041887800009,8.081338453000171],[98.28121460100016,8.082182232000093],[98.28153104100005,8.082479533000082],[98.28176154599998,8.082489512000109],[98.2819632510001,8.082489866000117],[98.2821457620002,8.08248061200004],[98.28245315800001,8.08246200900004],[98.282837224,8.082539262000125],[98.2831699580002,8.082675988000062],[98.28321154800005,8.082693078000034],[98.28321621500004,8.082699840000089],[98.28324033000013,8.082712270000059],[98.2842080260001,8.084082830000114],[98.2844571990002,8.084399157000064],[98.28494660300004,8.084658472000115],[98.28555160600007,8.084726536000062],[98.28581092600001,8.084736562000046],[98.285974028,8.084842145000152],[98.28630961800008,8.085177766000129],[98.28658781000019,8.085379276000083],[98.28687596500015,8.08537977900005],[98.28713550300012,8.085265362000086],[98.28720767100003,8.085147667],[98.28727036300006,8.085045429000104],[98.2872802340001,8.084892286000127],[98.28730022000013,8.084451988000126],[98.287156998,8.083963540000184],[98.28716736000018,8.083532796999975],[98.2871869560002,8.08331266500005],[98.28731214300018,8.083131007000134],[98.287462759,8.083017878000135],[98.2876989090002,8.08284050399999],[98.28775454500015,8.082806313000106],[98.28819669600006,8.082625206000102],[98.28845606400006,8.082606511999984],[98.28930109100008,8.082732423000039],[98.28989628599999,8.082915337000088],[98.29057776100018,8.08319412100002],[98.29064408700015,8.083222223000064],[98.290692896,8.083266115000129],[98.29085589700009,8.083429129000137],[98.29093230000012,8.083518568000159],[98.29112229300011,8.083740972999976],[98.29169942200019,8.084416556],[98.29261000500009,8.085509398],[98.29273470300012,8.08560533900004],[98.29276327100018,8.085748975000058],[98.29283032100005,8.08585438700004],[98.29288780300016,8.085940641000093],[98.2929645440002,8.085998208000149],[98.29329091700015,8.0861136420001],[98.29414499199999,8.086565025000084],[98.29551724900011,8.087304476000043],[98.2963518030001,8.087937697000143],[98.29695542100012,8.088809832000095],[98.29745311800019,8.089834946000167],[98.29796878400003,8.091578025000047],[98.29828170200017,8.09392382500016],[98.29828057500015,8.094574752000142],[98.29820320100015,8.09488093900012],[98.29766248500016,8.096507333000034],[98.29731581200019,8.097259634000068],[98.29719968300009,8.097511647000033],[98.29710341200018,8.097635922999984],[98.29667445800004,8.098044179000055],[98.29664158800017,8.098075463000157],[98.29663578300011,8.09808698300003],[98.29657061300009,8.09821631800014],[98.2965547410002,8.098305052000057],[98.29657365300017,8.098477390000085],[98.29677453500005,8.098956360000102],[98.29700387200012,8.099645974000111],[98.29713758300011,8.100086540000177],[98.29735784700017,8.100469818000079],[98.29753026300006,8.100747719000083],[98.2976261190002,8.100862754000104],[98.29782750200008,8.10105454800015],[98.29787528100019,8.10119821800015],[98.29795176000005,8.10140894500006],[98.29811485500011,8.101524094000126],[98.29830691500018,8.101553144000036],[98.29851822000018,8.10156307800014],[98.29894051500003,8.101764828000114],[98.29928593200009,8.10198558899998],[98.2995929120001,8.102215855000054],[98.29983460500011,8.10252598700015],[98.30010088000006,8.10286765700016],[98.30041659000005,8.103605281000057],[98.30086610300003,8.104735606000077],[98.30118841000012,8.105916311000158],[98.30127655000013,8.106239190000167],[98.30160881500018,8.10851801300015],[98.30170246200004,8.10991575900016],[98.3017858070001,8.111715530000083],[98.3019056770001,8.114616198000135],[98.30177736400003,8.116607057000067],[98.30144532300017,8.119755836000138],[98.30110441500005,8.122473836000097],[98.30059951600009,8.12558402600007],[98.29976554100011,8.130110373000036],[98.29935882300003,8.131985879000126],[98.29832256700007,8.136808618000089],[98.29779974200005,8.139152969],[98.29752711000009,8.141248869000037],[98.29749413500008,8.141481716000044],[98.2974008700001,8.14214030400018],[98.29701905900004,8.146129947000134],[98.29680450700005,8.147967492000078],[98.29623194600003,8.151268997000102],[98.29595114100016,8.152532075000181],[98.29575716500011,8.15358470700005],[98.29542478400003,8.155775715000118],[98.29540728300009,8.155891065000105],[98.29532970800017,8.156302544000141],[98.2952700830001,8.156478704000108],[98.29524661700015,8.156598825],[98.29491423300016,8.157661110999982],[98.29483680800007,8.157986438000023],[98.2944104820001,8.16005334700003],[98.29373265300006,8.163096206000034],[98.29358728600005,8.163813885000138],[98.29354424600007,8.164164673000016],[98.29346919600005,8.164531232000058],[98.29344195300018,8.164655848999985],[98.29319065600009,8.165373502000136],[98.29252283500017,8.168177064000133],[98.29174790700017,8.171784520000188],[98.2910999340001,8.174214784000185],[98.29050721300018,8.176910980000116],[98.2904176190001,8.177351017000035],[98.28998198000016,8.179226449000168],[98.28938266900008,8.181283453000162],[98.28912091900008,8.182613601000071],[98.288511744,8.184814178000181],[98.28792803900012,8.186637155000085],[98.28787507300018,8.186876721000033],[98.28783194500016,8.187020004999965],[98.28757439000009,8.187875685000108],[98.2871686360001,8.189128952000146],[98.28661825300014,8.190669154000034],[98.2860789200002,8.192063892000135],[98.28586556100004,8.192515290000188],[98.28519077300012,8.193777652],[98.28457784500006,8.194827584],[98.28454669800004,8.194880939000086],[98.28427525200016,8.195345915000189],[98.28388799200007,8.196596462000173],[98.28386073400014,8.19668448300007],[98.28429850000015,8.19749800600016],[98.28470517,8.198176038000156],[98.28519530900019,8.198958391000133],[98.28548772800013,8.199208974000157],[98.2856441020001,8.199469774000079],[98.28572736300015,8.199699120000048],[98.28580031000001,8.199855563000085],[98.286009305,8.199949698000182],[98.28631257700005,8.199971083000094],[98.28650506600007,8.199971424000182],[98.28669706000017,8.199971763000121],[98.28671000000014,8.199971786000049],[98.28713882100004,8.199951696000142],[98.28736903900005,8.199879187000079],[98.28746155900006,8.19979307500006],[98.28753664800018,8.199723202000087],[98.28755481300016,8.199711387000093],[98.28784028600006,8.19952574000007],[98.28788212300009,8.199515402000088],[98.28826931000003,8.19940146700003],[98.2884481230002,8.19942722200011],[98.28846657600019,8.199421588000178],[98.28857106100003,8.199444939000045],[98.28878249300016,8.199492133000035],[98.28881232900011,8.199498821000077],[98.28949422400012,8.199643573000174],[98.28950354500012,8.199650813000062],[98.29019403300003,8.199819743000148],[98.29050261499998,8.199884675000021],[98.29058770900014,8.19991605700011],[98.29068504600008,8.1999520170001],[98.29076863500018,8.199993802000108],[98.290781046,8.20000002200004],[98.2908969840002,8.20004282500014],[98.29096345700009,8.20006736200014],[98.29103601400016,8.200084637000032],[98.29138510000007,8.20016784000012],[98.29203276400006,8.200283329000172],[98.29209357700017,8.200279114000068],[98.29247208100008,8.200252874],[98.29272318500006,8.200190773000145],[98.29274481300007,8.200165401000163],[98.29283847500017,8.200055535000104],[98.29296448100013,8.199774427000136],[98.29298533400015,8.199715445000038],[98.29303806500019,8.199566150000067],[98.29322494299998,8.1994048090001],[98.293278971,8.199358179000171],[98.29350907800017,8.199273712000036],[98.29384410400019,8.199150753000026],[98.29435659000012,8.199120411000024],[98.29510969700016,8.19908002600016],[98.29559075800006,8.199070452000058],[98.29601938000019,8.19918581100012],[98.29614217100016,8.199245006000126],[98.29642842800013,8.199382919000072],[98.29660973,8.199490513000114],[98.2966845850001,8.199534936000134],[98.29701457500005,8.199823849000154],[98.2972483320001,8.200181533000091],[98.29738594800011,8.20033271400007],[98.29753781400007,8.200264543],[98.29755376700007,8.20016117900019],[98.29741980200009,8.199750936000044],[98.29730537200004,8.199406903000124],[98.29732423700005,8.19936574500008],[98.29735787300018,8.199292361000062],[98.29752542700004,8.199167617],[98.29760532500006,8.199110972000028],[98.29763737200011,8.199088239000048]]],[[[98.28194709900015,8.032011951000015],[98.28231193100015,8.031946492000031],[98.28279613600017,8.03187463300003],[98.28304814400008,8.031861850000155],[98.28320065100013,8.031868728000177],[98.28330004900005,8.031908557000179],[98.28340828199998,8.03192143900003],[98.28341275600019,8.031921973000067],[98.28347183800014,8.03190736],[98.28349236600002,8.031902284000125],[98.28349714600006,8.03189714000007],[98.28354581100012,8.031844775000081],[98.28357209100017,8.031816497000023],[98.28360665300016,8.031770293000136],[98.28365519800019,8.031741814000156],[98.2837047180002,8.031683410000142],[98.28374189300018,8.031618829000024],[98.28374504100009,8.031584971000086],[98.28370186400014,8.031547954000132],[98.28370833900004,8.031378649000033],[98.2837239120002,8.031304793000174],[98.28381361800012,8.031224912000027],[98.28392005000006,8.031119195000088],[98.2839280930001,8.031111206000048],[98.28400549200006,8.031006675000185],[98.28414470799999,8.030925725000031],[98.28420748200006,8.030889224000134],[98.28423037800019,8.03084771400006],[98.28423669100005,8.030739330000188],[98.28421585300015,8.030637839],[98.28413368200017,8.030495987],[98.28403777400007,8.030320332000144],[98.28389433300015,8.030151660000058],[98.28368680900007,8.029859336000186],[98.28361146500004,8.02972422300013],[98.28352962700018,8.02965686300007],[98.28333886400014,8.029542576000097],[98.28314822200014,8.029455377999966],[98.28293698500016,8.029320864000056],[98.2826988990002,8.029260965000162],[98.28242705200017,8.029248622000125],[98.28205298600011,8.029169007000178],[98.28170633800005,8.029143448000127],[98.2811017780001,8.029106163000108],[98.2809794740001,8.029106704000071],[98.28082338000019,8.029148026000144],[98.28077465200005,8.029159045000085],[98.28072653400017,8.02916992600018],[98.28051792500003,8.029217100000153],[98.28039592600015,8.02928536200011],[98.28028837500005,8.029365333999976],[98.28026659400012,8.02938153000008],[98.28009482100003,8.029477253000096],[98.2799553230002,8.029615811000042],[98.27986889500016,8.029741242],[98.27983493800014,8.0301972420001],[98.27984100900017,8.030514510000046],[98.27984701100013,8.030871436999973],[98.28005866200016,8.031182456000067],[98.28042252700016,8.031665590000046],[98.28068079600013,8.031864329000086],[98.28074418500012,8.031904693000058],[98.28075365600012,8.03191072300018],[98.28134367100017,8.032004288000053],[98.28145026700008,8.032005802000128],[98.28179554300004,8.032010707000097],[98.28187415700017,8.032011824000108],[98.28189003600016,8.032007301000021],[98.28194709900015,8.032011951000015]]],[[[98.46035034400006,8.032474113000092],[98.46045760200008,8.03247164700008],[98.46058909400011,8.03251820500003],[98.46072320700011,8.032593416000111],[98.46076183500008,8.032624690000034],[98.46083665800018,8.032642344000067],[98.46088305000006,8.032590880000043],[98.46104715600018,8.032103273000132],[98.46118073400004,8.031920097000068],[98.46126743300016,8.031874598000115],[98.46135977000012,8.031852115000163],[98.46138317400005,8.031789033000052],[98.46136636700004,8.031702733000031],[98.46130082100012,8.03156931400008],[98.46132153400015,8.03146896100003],[98.46134232100013,8.03135520800015],[98.46138074300012,8.031090844000119],[98.4614222240001,8.030880086000082],[98.46148775400019,8.030572344],[98.46155257300012,8.030391857000097],[98.4616001890002,8.030284952000045],[98.46162851100001,8.030023907000043],[98.46162239300008,8.029916714000137],[98.46161969000008,8.029799492000052],[98.46164049500015,8.029682405000017],[98.46167801500002,8.029578798000045],[98.46169879900015,8.02946505600005],[98.4617230730002,8.02932789700003],[98.46176044400005,8.029251082000144],[98.46179103800006,8.02918428200013],[98.46182838800013,8.029110814000092],[98.4618967460001,8.028896884000119],[98.46192109100008,8.028746339],[98.46193877800005,8.028585711000062],[98.46194277100011,8.028471882000133],[98.46191363100019,8.028277519000142],[98.46188122900014,8.028066397000089],[98.46187871100011,8.027915710000116],[98.46186276100008,8.02776495300003],[98.46181676000009,8.027583892000052],[98.46177368800005,8.027479858000106],[98.46178415500015,8.027409607000095],[98.4618148400001,8.027326073000097],[98.46185573200012,8.027219158000037],[98.46186651500017,8.02709199200018],[98.46186045300004,8.026974778000067],[98.46184068100018,8.026907707000134],[98.461747484,8.026759882000079],[98.4615308970001,8.026460725999982],[98.46147443400014,8.026349934000052],[98.46147149100017,8.026276263000113],[98.46149883900011,8.026189364000118],[98.46147259399999,8.026078749000135],[98.4614425630001,8.026045103000172],[98.46138231300012,8.026011290000099],[98.46130872600014,8.025960672],[98.46125188800005,8.025916837000011],[98.46122210200008,8.025839675000043],[98.46120240600004,8.025759221000158],[98.46120977700019,8.025642094000148],[98.46123374900003,8.025558530000126],[98.46134533800011,8.02541854000009],[98.46139283100007,8.025331761000132],[98.4614177680001,8.02527618300013],[98.4612743720001,8.024995987000068],[98.46125434100014,8.024926672000106],[98.46125472500017,8.024857472000065],[98.4612958560001,8.024804773000028],[98.46142313900009,8.024679268000057],[98.46146025000007,8.024614341000074],[98.46145653100018,8.024549184000136],[98.46144076900015,8.02444732400005],[98.46142087800018,8.024353585000028],[98.46138061600004,8.024251593000088],[98.4613362280001,8.024157723000144],[98.4612879620002,8.02402718899998],[98.46121991800004,8.023782573],[98.46116328300008,8.023688636000145],[98.46111905500015,8.023566272000153],[98.46106654600015,8.02346422000005],[98.46100206800014,8.023313251000104],[98.4609741490001,8.023195057000066],[98.46092214700019,8.023003458000119],[98.46088620100005,8.022860795000156],[98.46085436000004,8.022714087000054],[98.46085506900016,8.022587910000027],[98.4608600210002,8.022433265000132],[98.46085265600004,8.02229076600014],[98.46084206400008,8.022244804000081],[98.46082999500004,8.022192431000065],[98.46078282700006,8.022121042000094],[98.46069577400004,8.022092902999987],[98.46060057500006,8.022104236000132],[98.46050519900018,8.022147181000037],[98.46044535800013,8.022214033000068],[98.46043173900011,8.022289588000035],[98.46042899100007,8.022304838000025],[98.460416452,8.022419372000115],[98.46041197700009,8.022510238000166],[98.4603797530001,8.02260095400004],[98.46026419300011,8.022707025000045],[98.46021624600013,8.022773942000128],[98.46019985500016,8.02286870100005],[98.46020733800015,8.022947779000049],[98.46022637800013,8.02308620700012],[98.46020976100004,8.023220486000127],[98.4600301270001,8.023440817000164],[98.45991479000008,8.023507369000185],[98.4598391130001,8.023570189000054],[98.45977893600019,8.023696327000152],[98.45972209300004,8.02393315300003],[98.45968188900008,8.024031745],[98.4596217990001,8.024142077000079],[98.45950618800003,8.02425606100013],[98.4594295920001,8.024480924000159],[98.45932091500003,8.024768860000165],[98.45931743700015,8.024779329000069],[98.4592160480002,8.025084491000086],[98.45908738700012,8.025400001000094],[98.45902258500007,8.025640759000112],[98.45901353100004,8.02583835200005],[98.45898882,8.02600028500018],[98.45893192100004,8.026245055],[98.45884704500008,8.026529201000073],[98.45883395700008,8.02673864400009],[98.458942557,8.027162231000034],[98.45903169900009,8.027522471],[98.45909826700012,8.027669112000183],[98.45918071900019,8.027811887000155],[98.45925322600004,8.027909417000046],[98.45931057100012,8.02798655200013],[98.45940032700008,8.028240065000034],[98.4594116680002,8.028341413000078],[98.45938932300004,8.028500140000176],[98.45938336100005,8.028621086000044],[98.45937547600005,8.028781102000153],[98.45937772200006,8.028924693000022],[98.45934545600005,8.029211678000081],[98.45926974700006,8.029596178000077],[98.45919424000016,8.029944042000068],[98.45910023,8.030313190000072],[98.45903446700015,8.03056335399998],[98.45898372100004,8.030865549000055],[98.45893987400007,8.031033348000165],[98.45884633900005,8.031316985999979],[98.45879270700004,8.031588613],[98.45880101000012,8.031744488000015],[98.45884895400019,8.031934192000108],[98.45889082200011,8.032114702000115],[98.45890492500013,8.032328666000069],[98.45893132000009,8.03253658900013],[98.45897668900017,8.032640732000118],[98.45907715900012,8.03275434200009],[98.45917188400006,8.032800694],[98.45929749400017,8.032804442000156],[98.45956740100019,8.032757036000135],[98.45973301500004,8.032730447000176],[98.45988344400013,8.03267932700004],[98.4598858490001,8.032678063000105],[98.46010779100015,8.032561392000105],[98.46035034400006,8.032474113000092]]],[[[98.46275318500017,8.062788014000148],[98.46291571700016,8.062781265000012],[98.46371091900005,8.062879604000102],[98.46596369400015,8.063097214000152],[98.46631866400003,8.063041573000078],[98.4666253050001,8.062950156000056],[98.46708796000013,8.062744012000053],[98.46745995400016,8.062460279000106],[98.46779489600016,8.061972698000034],[98.46810576400014,8.061485215000062],[98.46827153400017,8.060866372000135],[98.46849201700019,8.060361276000094],[98.4687304050002,8.059820078000087],[98.46893885400016,8.059315009000102],[98.46897369000015,8.059213533000047],[98.46908742900007,8.058882221000033],[98.46913990500013,8.05850388400006],[98.46906015600007,8.058180166000113],[98.46895038400004,8.057874587000128],[98.4688469570001,8.057640994000053],[98.468689445,8.057431658000155],[98.46858029300006,8.057264113000087],[98.46853119300005,8.057060272000172],[98.46854184400013,8.056754118000072],[98.46870829600005,8.056279176000032],[98.46898324700015,8.055827731000079],[98.46919275000016,8.055440698000098],[98.46921066300013,8.055407608],[98.46934155400004,8.05516580200009],[98.46967477600009,8.05467725799997],[98.46989192300003,8.054358893000028],[98.47030109900015,8.05389355799997],[98.47061395700007,8.052938326000174],[98.47087930300017,8.050844617000052],[98.47121803200008,8.050022388000116],[98.47136921900005,8.049162525000156],[98.47167042800004,8.048340250000024],[98.4718978090001,8.046583032000115],[98.47182398500019,8.045648092000022],[98.47159989500011,8.04486253400006],[98.47111299200009,8.044226213000059],[98.47077586800009,8.043814449000138],[98.47058993200017,8.042542817000083],[98.47062870900004,8.041570627000112],[98.47085497600006,8.040673468000023],[98.47081862200008,8.039775971000097],[98.47055692500015,8.03906515000017],[98.46950747000011,8.038278527000045],[98.46860750200005,8.037940822000053],[98.46736841800004,8.038278970000135],[98.46645069300007,8.038277780000044],[98.46573650800019,8.038581757999964],[98.4653790160001,8.03903864900002],[98.46527618100004,8.039699145000156],[98.46527471600018,8.040817126000036],[98.46527345200008,8.041782657000056],[98.46532303800012,8.042849888000148],[98.46516861700019,8.043967671000189],[98.46475940000016,8.044983488000128],[98.46450313900004,8.045999501999972],[98.46409451900013,8.046557962000179],[98.46312465200009,8.047420592000151],[98.46220583500019,8.048232467000105],[98.46128761900007,8.048586986000032],[98.46087932500006,8.048891353999977],[98.45970577300011,8.049550438000153],[98.45909340100008,8.049956169999973],[98.45837419700007,8.051337543000159],[98.45841726300006,8.051337241000112],[98.45840341200011,8.051366839000082],[98.45788315800019,8.052137685000105],[98.45755470400019,8.05271552000005],[98.45712642300003,8.05382206000013],[98.45686640700018,8.05484973800003],[98.45678698699999,8.055864523000082],[98.45672621600005,8.056999212999983],[98.45664492000009,8.057623785000146],[98.4565398970002,8.058320466000168],[98.45638815600012,8.059317403000136],[98.45636624200012,8.059767597000075],[98.4564229230001,8.060283428000048],[98.45658200700012,8.060885374000122],[98.45660327900009,8.06098615400009],[98.45688243900008,8.061440926000046],[98.45725792400015,8.061895245000073],[98.4583113990002,8.063114469000084],[98.45845661100014,8.063263804000087],[98.45861959700011,8.063353055000107],[98.45883671100012,8.063430057000062],[98.45919837400015,8.063518395000074],[98.45989116600009,8.063605209000173],[98.4603305240002,8.063573186000099],[98.46106435200016,8.063425807000044],[98.46153910200019,8.06323761900012],[98.462362659,8.06296381900006],[98.46256066500007,8.062818903000107],[98.46275318500017,8.062788014000148]]],[[[98.45055290600015,8.057838263000122],[98.45058180300015,8.057141678000164],[98.45051231700006,8.056963987000074],[98.45038785400016,8.056339378000189],[98.45007504000006,8.056005922000168],[98.44961575500014,8.055880418000072],[98.44909356700009,8.055942159000097],[98.44871722800013,8.056253877000131],[98.44842434300017,8.056628150000108],[98.44823593300003,8.056960931000049],[98.44804774900007,8.057127196000181],[98.4475672150001,8.057272252000132],[98.44708682100014,8.057313234000105],[98.44616779900014,8.057395253999971],[98.44561509000016,8.05737047200006],[98.44539613500007,8.057210326000131],[98.44537311300013,8.057204820000038],[98.44530984300019,8.05719397200005],[98.44521268100016,8.057246420000126],[98.44513818900003,8.057264299000053],[98.44505194900017,8.057253670000023],[98.44490839200012,8.057255032000114],[98.44476519500006,8.05729646400016],[98.44461656300007,8.05737229400006],[98.44438718400016,8.057408820000035],[98.44424372200018,8.057421633000104],[98.44411796100019,8.057485797000083],[98.4440098840002,8.057601311999974],[98.44382964900012,8.057804684000132],[98.44377403200008,8.057881380000083],[98.44374711000012,8.057992996000053],[98.44374689700004,8.057993881000073],[98.44373946800005,8.058062097000175],[98.4437360890002,8.05813428800002],[98.4437251380001,8.058258663000117],[98.44370213800016,8.058383145000107],[98.44368300400015,8.05849156100004],[98.44366326200014,8.058531833000131],[98.44351559600017,8.05865750200013],[98.44339213500018,8.058790953000084],[98.44330489600014,8.058928069000046],[98.44325309400011,8.058980670000096],[98.44325338200014,8.059012735000124],[98.44326193000012,8.059068770000067],[98.44324645800009,8.05913706300015],[98.44320302100016,8.059225658000116],[98.44301149500012,8.059391819000098],[98.44278435900014,8.05962244400007],[98.44264503500017,8.059780089000071],[98.44260598400007,8.059908721000056],[98.44259932,8.060061095000037],[98.4426325030002,8.060173008000163],[98.44272581799999,8.060264308000058],[98.44293555700006,8.060334465999972],[98.4432703760001,8.060451534000094],[98.44346852100011,8.060573902000101],[98.44358218200017,8.060693067000102],[98.4436073280001,8.060805049000123],[98.44359569900013,8.060853256000087],[98.44357577300008,8.060873485000116],[98.44353560000002,8.06087787500013],[98.44348742400012,8.060886345000085],[98.44347159100016,8.06091455100011],[98.44349231199999,8.060982490000129],[98.44354943400015,8.06107412900019],[98.44358637900007,8.061157944000115],[98.44364397200013,8.061301680999975],[98.44368939000015,8.061433509000096],[98.44372263700018,8.061553427000035],[98.4437639300001,8.061673268000106],[98.443861514,8.061792574000037],[98.44398695299998,8.061879555000019],[98.4441489410001,8.062006264000104],[98.4443145480002,8.062088855000127],[98.44448023100011,8.062179459000163],[98.44453293000015,8.062227053000186],[98.44453234700018,8.062229798000146],[98.44452611200012,8.062259143000176],[98.44474550800015,8.06229733400005],[98.44511021100004,8.06237361500007],[98.44539491700016,8.062450649000027],[98.44557555300014,8.062520697000139],[98.44582465200006,8.062641923000058],[98.4460213590001,8.062719790000187],[98.44619392500016,8.062781941000082],[98.44632231200006,8.062824577000072],[98.44643898600009,8.062899217],[98.44669186500016,8.062996483000063],[98.44686435700004,8.063050660000044],[98.4469969930002,8.063121162000186],[98.44722223000008,8.063258555000061],[98.44729861600018,8.06330168200003],[98.44750726500013,8.06332905100004],[98.44766706600012,8.063350013],[98.44791141300016,8.063387563000106],[98.44806769200005,8.063417971000149],[98.4481240790002,8.063461287000166],[98.44816856300014,8.063516678000042],[98.44820545400006,8.06361598899997],[98.44821418400011,8.063631953000083],[98.44827051500005,8.06373496599997],[98.448331398,8.063834047000114],[98.44842431500012,8.063936814000158],[98.44848877100014,8.063988023000036],[98.44872143200013,8.064061559000095],[98.44899030300007,8.064158669000108],[98.44930213400005,8.064260286000092],[98.44931124200008,8.064263255000071],[98.44971235300017,8.064387012000111],[98.44988059300005,8.064413322000178],[98.44992441500011,8.064392975000146],[98.44995602600017,8.064348826000128],[98.45003044000009,8.064168737000102],[98.45003137400016,8.064165764000109],[98.45006934899999,8.064044792000061],[98.45009976800014,8.06386511500017],[98.450170393,8.063708975000054],[98.45026881000007,8.06352865100007],[98.45039143900004,8.063372013000048],[98.45049827900016,8.063239442],[98.45057294700013,8.06308724400003],[98.45058817300014,8.06299939400003],[98.45058844000005,8.062993201000154],[98.45059814000018,8.062768072000097],[98.45060379400007,8.062500906000025],[98.45059428100012,8.062329565000141],[98.45056908600009,8.06219425200004],[98.45050420700011,8.062095197000133],[98.45044374999998,8.06204394200006],[98.45038683600006,8.061940820000018],[98.45036892900009,8.06186948900006],[98.45036789200009,8.061846978000062],[98.450364584,8.061775179999984],[98.45039193000014,8.06169454600007],[98.45042293100016,8.061631351000074],[98.45042573800009,8.061550951000186],[98.45041481200008,8.061505626000098],[98.45038963300004,8.061432479000189],[98.450339993,8.06137005000005],[98.45026490500004,8.061268175000066],[98.45024037500013,8.061206750000053],[98.45024367100007,8.061128827000061],[98.4502389320001,8.061045143000115],[98.4502182970001,8.060973571000034],[98.45019769900017,8.060905985000147],[98.45019210200013,8.060875251000084],[98.44988294900003,8.060707128000104],[98.44935060600017,8.060331536000092],[98.44905338500013,8.059925023000119],[98.44902246300006,8.059612583000046],[98.44902282300012,8.059347047000074],[98.44903881100004,8.05911277100006],[98.44918013300014,8.058909902000096],[98.44943112000004,8.05873842200009],[98.44979168200007,8.058660806999967],[98.45018277300017,8.058505497999988],[98.45018369500008,8.058505133000097],[98.45020507100003,8.058473270000036],[98.45039626400018,8.05818826400008],[98.45055290600015,8.057838263000122]]],[[[98.45778308600012,8.094733974000121],[98.4574366010001,8.09467810700005],[98.45714553100004,8.094718997000086],[98.45699306500018,8.09484316400011],[98.4569095510002,8.095133073000056],[98.45690951800009,8.095157345000075],[98.45690932200012,8.09515797500012],[98.45690906500016,8.095350060000158],[98.45690904500015,8.095364884000105],[98.45701957100005,8.095669162999968],[98.45713037400009,8.095738263000044],[98.45722702400008,8.09577967399997],[98.45731397500009,8.095790649000094],[98.45744884400017,8.095807671999978],[98.45769812900011,8.095794449000039],[98.45793395400017,8.095698059000085],[98.45803113,8.095532537000054],[98.45805938200004,8.095228446000021],[98.45805771500017,8.095223571000076],[98.45805961000008,8.095203560000073],[98.45794912000014,8.094872121000094],[98.45794346400004,8.09486741600017],[98.45791251900005,8.094841667000082],[98.45778308600012,8.094733974000121]]],[[[98.41588254100003,8.100292104000118],[98.41587818800014,8.10026415800013],[98.41588275600014,8.100267231000089],[98.41583265600008,8.099945619000152],[98.41583495600014,8.099913419000131],[98.41584412300006,8.099784952000107],[98.41586121700004,8.099728454000058],[98.41585947400017,8.099710061],[98.41586144500008,8.099703544000079],[98.41581955200007,8.099267608000105],[98.41580584000019,8.099238658],[98.41580235600009,8.099236050000172],[98.41579111400006,8.099227633000055],[98.41568554300011,8.099098674000174],[98.41560354800015,8.098940465000112],[98.415599682,8.098807757000145],[98.41559953500007,8.098802709000097],[98.4155986940001,8.098800897000103],[98.4155216040001,8.098551482000175],[98.41551481400012,8.098544140000115],[98.41543835700008,8.098461492000183],[98.41543458100011,8.098453099000096],[98.41541156900018,8.098401954000053],[98.41540099600007,8.098364201000038],[98.41538402800012,8.098266274000025],[98.41538464000018,8.098228825000035],[98.41538131300013,8.098214074000168],[98.41537683600006,8.09814336400018],[98.41536981900009,8.098032557000124],[98.41535848800015,8.097923828000091],[98.41535824100004,8.097921456000108],[98.4152188060001,8.09767145100011],[98.41521671800012,8.097669629000109],[98.41519893300017,8.097654107000096],[98.41517010600018,8.097628956000051],[98.41514598500004,8.097649848000174],[98.41511027500013,8.097813178000024],[98.41511293400004,8.097824944000081],[98.41511015900011,8.097837644000094],[98.41511006399998,8.097838083000056],[98.41512987700014,8.097925350000082],[98.41513687200006,8.097956159000034],[98.41511745800005,8.098141632000022],[98.41511874100007,8.09815206800016],[98.41511724600008,8.09816652500001],[98.41515046200016,8.098431355000116],[98.41513425500011,8.098514764000129],[98.4151367950002,8.098525445000064],[98.41513434600006,8.098538019000046],[98.41513402400005,8.098539674000108],[98.41513667600009,8.098550712000133],[98.41514307700015,8.098577361000082],[98.4151260640001,8.098670209000147],[98.41512745900013,8.098686296000153],[98.41512585200007,8.098695103000068],[98.41513225400007,8.098767881000072],[98.41510225700017,8.099046698000109],[98.41510380900013,8.09905530900005],[98.41510206500016,8.099071608000031],[98.41510980900006,8.099113670000122],[98.41511527900019,8.099143382000136],[98.41522653000004,8.099465238000107],[98.41528904400008,8.099605519000079],[98.41568312600015,8.100104636000083],[98.41581483400006,8.100246178000077],[98.41588254100003,8.100292104000118]]],[[[98.40483589400009,8.107512996000025],[98.40497076400004,8.107253514000035],[98.40512245100007,8.106977321000045],[98.4052151800002,8.106793172000152],[98.40524059800015,8.106642460000103],[98.40513150900011,8.106525047000105],[98.40493832100009,8.106441007000058],[98.40477869500006,8.106407231000105],[98.40456015000018,8.106415327000036],[98.40448448500007,8.106415217000063],[98.40435851199999,8.10636475300015],[98.40429137200016,8.106289248],[98.40423264500015,8.106197046000034],[98.40414028600009,8.106129923000083],[98.40400595400013,8.106037581000066],[98.40388005600005,8.105928516],[98.4037625420001,8.105802680000068],[98.4036954620002,8.105710448000082],[98.40356943400008,8.10567675800013],[98.40354414000012,8.105667283000173],[98.40346860900019,8.105659869000078],[98.40316606800013,8.105600798000069],[98.40294763800017,8.105541844000186],[98.40272078900011,8.105482878000089],[98.40257802700006,8.105415647000143],[98.4023728640002,8.105339611000034],[98.402351184,8.105331576000026],[98.40225878000018,8.105297917000144],[98.40198982600015,8.105297522000058],[98.40162844000008,8.105271874000039],[98.40142677800009,8.10523807800007],[98.40126711700009,8.105204324000113],[98.401174734,8.105153940000037],[98.40099838200018,8.105069925000123],[98.40067915800006,8.10493544600007],[98.40048601600006,8.104809489000047],[98.4001838420001,8.10453266800016],[98.40007487900004,8.104339861000085],[98.3999657400002,8.104255938],[98.3998229410002,8.104205444000115],[98.39957083900009,8.104163202000166],[98.3992852290001,8.104045528000029],[98.39923523300001,8.10402167000018],[98.39920110900005,8.104087279000169],[98.39910003500006,8.104237927000042],[98.399049252,8.104489091],[98.39898152699999,8.104807275000041],[98.39893896100006,8.105175783000163],[98.39899714900008,8.105603024000061],[98.39912252300013,8.106089029999964],[98.3992313230001,8.106407510000054],[98.39930680300012,8.106516507000094],[98.39949148599999,8.106650782000088],[98.39983590499997,8.106793663000076],[98.39997036,8.106802279000078],[98.40015520200006,8.106852789000186],[98.40055824600017,8.107129791000034],[98.40091924400019,8.107423500000095],[98.40105354200011,8.107532578000018],[98.40129718600019,8.107616694000058],[98.4015997570001,8.107625525000174],[98.4018018750001,8.107545283000093],[98.4018100030001,8.107542057000046],[98.40204544100004,8.107475383],[98.40231435100009,8.107509306000054],[98.402541123,8.107618519000141],[98.40291923400014,8.107711216000098],[98.40300324200012,8.107744836],[98.40333085900016,8.107854192],[98.40367529000014,8.107997118000128],[98.40392730000002,8.108081209000034],[98.40397336000012,8.10809749200007],[98.40407012400016,8.108131701000161],[98.40428870900018,8.108098524000127],[98.40433535400007,8.10807148900011],[98.404490593,8.107981518999964],[98.40469257300003,8.107805950000113],[98.40483589400009,8.107512996000025]]],[[[98.42313138500015,8.11389181800007],[98.4231255900001,8.113889184000186],[98.42299949300008,8.113918913000077],[98.42291533100018,8.113978628000154],[98.42278909200013,8.11411007800018],[98.4227768360002,8.114283555000043],[98.42277667399998,8.114286856000035],[98.42277062600004,8.114415187000077],[98.42272831200006,8.11461855300007],[98.422701802,8.114680506000127],[98.4227219500001,8.114863833000072],[98.42275775600001,8.115019422999978],[98.42273340500009,8.115252771000144],[98.42281692500006,8.115629775000059],[98.42291857700013,8.115905149000127],[98.4230743760001,8.116132698],[98.423278181,8.11636635700006],[98.42339231600016,8.116549543000133],[98.42347591700002,8.116635869000163],[98.42367361900006,8.11692331200004],[98.42374547600002,8.117067015000146],[98.42379313300017,8.11733031200015],[98.42384675100016,8.117605627000103],[98.42388246900009,8.117821036000066],[98.42393620700011,8.118018592999988],[98.42395669300004,8.118100639000033],[98.42402596800014,8.118252053000106],[98.42411577400014,8.118413697],[98.4241816600001,8.118539437000095],[98.42421757200003,8.118599311000082],[98.42425956000011,8.118641232000073],[98.42428566600017,8.118586515000118],[98.42436795100014,8.11841405400014],[98.4244043400002,8.118211317000146],[98.42439229900003,8.118180757000118],[98.42434450600007,8.118019171000071],[98.42442273700004,8.117875671999968],[98.42446760000013,8.117805269000087],[98.42447695700008,8.117738156000144],[98.42446547200012,8.117367162],[98.42433986200018,8.117043927000168],[98.42422535600014,8.116862633000096],[98.42423851900008,8.116861398000083],[98.42417811600012,8.116798394],[98.42406437900007,8.116576869000085],[98.42396877000004,8.116247676000114],[98.42388519700017,8.115906518000145],[98.42385529800009,8.11583467600002],[98.42385540900017,8.115756919000091],[98.42386769100011,8.115565465000088],[98.42386382700016,8.115411555000094],[98.42384405800004,8.115302164000013],[98.42379622800019,8.115158529000155],[98.42374223100006,8.115116550000153],[98.42372433000008,8.115044725000132],[98.42375446100016,8.114961046000076],[98.4237666160002,8.114859320000164],[98.42377794900017,8.114778956000066],[98.42377876700004,8.114757652000094],[98.4237729960002,8.114608069000099],[98.42374316900015,8.114458436000064],[98.4236653530001,8.114296779000085],[98.4235455270001,8.114123111000083],[98.4233835340001,8.114045122000107],[98.42325761000018,8.113949215000105],[98.42313138500015,8.11389181800007]]],[[[98.35611506300006,8.130858320000186],[98.35602509300008,8.130851773000074],[98.35600287800014,8.130860592000033],[98.3559607790001,8.130877302000158],[98.35595263200003,8.130888534],[98.3559416270001,8.130903702000012],[98.35592207600018,8.13094131300005],[98.35588335600016,8.131050130000062],[98.35588314200015,8.131184647999987],[98.35592143300005,8.131344820000095],[98.35604975000007,8.131498783000154],[98.35614062200017,8.131570356000111],[98.35618459400007,8.13159505700014],[98.35628735300014,8.131665695000095],[98.3563708430001,8.131704274000185],[98.35640360800005,8.13172765600018],[98.3564158060002,8.131736359000115],[98.35645750500015,8.13177163000006],[98.35649926300005,8.131794146000175],[98.35656340300005,8.131877528000132],[98.35662761500004,8.131909662000112],[98.35664752200017,8.131905614000175],[98.35672416900019,8.131852144000163],[98.35671147800014,8.13174964600006],[98.35667317000014,8.13158946800013],[98.35658362300012,8.13130105600004],[98.35646822400008,8.131108695000023],[98.35635276900018,8.130961175999971],[98.35623713500007,8.13089056800004],[98.35611506300006,8.130858320000186]]],[[[98.3590724660001,8.136329885],[98.3590681880001,8.136273344000074],[98.35905633400017,8.13612877800017],[98.35901545800016,8.135972059999972],[98.35897701100009,8.135837080000044],[98.35894572400008,8.135743067000135],[98.3589072200001,8.135629758000107],[98.35887348300002,8.135545351000133],[98.35883969200017,8.135518799000067],[98.35877230700004,8.135534870000072],[98.35876950900013,8.13553553700001],[98.35874527400017,8.135578895000037],[98.35874274700006,8.135653585],[98.35873548299998,8.135691184000052],[98.35873366200013,8.135700607],[98.35872983900003,8.135699088000138],[98.35873776900019,8.135745162000035],[98.35876901800003,8.135843966000039],[98.35881488400008,8.135899472],[98.35887041700016,8.135954974000185],[98.35890176300006,8.136022487000162],[98.35892343199998,8.136073129000124],[98.35893301900018,8.136128583000072],[98.35893059300014,8.136129343000107],[98.35893053300015,8.136167094000143],[98.35894254900006,8.136215323000158],[98.3589739040001,8.136270795000087],[98.35899794200014,8.136302865000118],[98.3590028430001,8.136309403000098],[98.35900688500004,8.136315335000063],[98.35900689000016,8.136312166000096],[98.35904389000018,8.136352819000138],[98.35906055600014,8.136360511000078],[98.3590724660001,8.136329885]]]]}}]}