{"type":"FeatureCollection","features":[{"type":"Feature","properties":{"districtCode":"TH8501","provinceCode":"TH-85","nameTh":"อำเภอเมืองระนอง","shapeName":"Mueang Ranong","shapeISO":"TH8501","shapeID":"TH8501","shapeGroup":"THA","shapeType":"ADM2","labelPoint":[98.64860418,9.8995862]},"geometry":{"type":"MultiPolygon","coordinates":[[[[98.71588768400005,10.173373617999971],[98.71790008400012,10.172227184000178],[98.71948133400019,10.17134978700011],[98.72019214600004,10.1709553660001],[98.74396953500019,10.169853119000095],[98.75233229000014,10.166717828000117],[98.75334672600002,10.163517475000106],[98.75505687100002,10.163034775000142],[98.75722441600004,10.161329188000138],[98.75732405800017,10.159768401000065],[98.756626934,10.157764217000135],[98.75661571500007,10.157782363000024],[98.75661433900012,10.15778605700018],[98.75654533900013,10.157971171000042],[98.75643134300009,10.15844690800003],[98.75627507700011,10.15889552700014],[98.75602966500009,10.159410287000071],[98.75576953800015,10.159741128000178],[98.75539053300014,10.160174868000183],[98.75506361600014,10.160461517000044],[98.75440994600007,10.160806778000051],[98.75434557700015,10.160839361],[98.75378600400012,10.161122629000033],[98.7527981090002,10.161592692000113],[98.75209239700007,10.16202618200009],[98.75156502100015,10.162275896000153],[98.75113429400011,10.162371201000099],[98.75069616300004,10.162437074000138],[98.7499833510002,10.162443887999984],[98.74953047300005,10.16237733600019],[98.74911474400017,10.162281384000039],[98.74809775100016,10.161971642000026],[98.7469175600001,10.161470501],[98.74576715500007,10.160866395000141],[98.74437183500004,10.160129678000033],[98.74323614700006,10.15970212500008],[98.74187084800013,10.159320207000064],[98.74107313000007,10.15913358],[98.7403692640001,10.158970279000073],[98.73936025500018,10.158899728000051],[98.73839812100016,10.158898962000137],[98.73778797300014,10.158921724000095],[98.73668488900017,10.159106838000127],[98.73447843200012,10.159825792999982],[98.73316368000002,10.160568713000032],[98.73219618700017,10.161424342000032],[98.73208929400016,10.161518872000045],[98.73214979000016,10.161335088999977],[98.73221609600017,10.161167949],[98.73226389000018,10.160992652000175],[98.73229994700006,10.160815177000131],[98.73232583900005,10.160635431],[98.73233878399998,10.160455767000087],[98.73234782100013,10.160274831000038],[98.73235105700002,10.160092805999966],[98.73234525900011,10.159913036000034],[98.73232771700003,10.159733350000067],[98.73230129700016,10.15955464800004],[98.7322689240001,10.159376029999976],[98.73223000400003,10.159199579000074],[98.73218536500019,10.159023118000107],[98.73213959100013,10.158847927000068],[98.73209863700009,10.158671564000144],[98.73206739500017,10.158493942],[98.7320450380002,10.158314159000156],[98.73202869900018,10.158134468000128],[98.73201628000015,10.157953610999982],[98.73200559400016,10.157772660000035],[98.73199460400014,10.157591709000087],[98.73197676300015,10.157408672000088],[98.73196148300013,10.157225457000152],[98.7319614110001,10.157044519000067],[98.73198805300018,10.156869292000067],[98.73203584300006,10.156696347000036],[98.73209696200007,10.156525766000073],[98.7321681590002,10.156357359000083],[98.73224703300014,10.15619122400011],[98.73233079700015,10.156029611000122],[98.73241847100013,10.155872521000106],[98.73251705600018,10.155721140000082],[98.73262354400009,10.155573111000024],[98.73273348600014,10.155428427000118],[98.73284260600013,10.15528157500006],[98.7329474350002,10.15513354500007],[98.73296261100018,10.155112023000072],[98.73339820700016,10.15448794700012],[98.73362622200011,10.154161269000099],[98.73396587400015,10.153613716000166],[98.73409900500008,10.153381338000145],[98.73417092200009,10.153215454000076],[98.73436394100014,10.152874600000132],[98.73462013400012,10.15251423500007],[98.73469457800007,10.152391532000138],[98.73472902200007,10.152256263000027],[98.73472783600016,10.152129664000142],[98.73471310100007,10.152064071000098],[98.73467348700018,10.151980002000187],[98.73449776600012,10.151736105000168],[98.73425444500015,10.151295712000035],[98.73421061000016,10.151201027000127],[98.73406238600012,10.150717746],[98.73403335600005,10.150641135000171],[98.7340286490001,10.150631119000025],[98.7337418850002,10.150149398000053],[98.73368019100008,10.150070676000098],[98.7334411220001,10.149812485000155],[98.73322343600017,10.149553241000035],[98.73316851800007,10.149460563],[98.73297094300017,10.149010045000011],[98.73288831000019,10.148852280000028],[98.73283887300005,10.14877657900007],[98.73271518100012,10.148633364000034],[98.73259871900012,10.148534296000037],[98.73250101100018,10.148463616000015],[98.73246673099999,10.148444903000154],[98.73237670500004,10.148395745000187],[98.73213724200019,10.148289157000079],[98.7318589840001,10.148164166000129],[98.73172944400005,10.148085893000143],[98.73140261700007,10.147831493000012],[98.73133797600013,10.147752536000155],[98.73129618900015,10.14768196],[98.73126035900003,10.147577523000166],[98.73123742900009,10.147445419000064],[98.73123711600016,10.147197390000088],[98.73128378500019,10.146706357000028],[98.73132749700005,10.146437084000013],[98.73135692900019,10.146330176000049],[98.73144949800013,10.146104114000025],[98.73157525200008,10.145875050000086],[98.73169430300004,10.145652764000147],[98.73173226800009,10.145597880000082],[98.73181708400017,10.145446119000042],[98.73185853400003,10.145349268000075],[98.73187655200013,10.145273929000155],[98.73188285200013,10.14507941100004],[98.73187452400015,10.145008745999974],[98.73183006300007,10.144822073000057],[98.7317741780002,10.14466977100011],[98.73173979600017,10.144604912000148],[98.73170344700009,10.14455966000014],[98.73162826300012,10.144491260000166],[98.7315438380001,10.144441961999974],[98.73142945300015,10.144393805000163],[98.73124535900001,10.144345005000048],[98.7311774370001,10.14433866800016],[98.73092628500012,10.144318819000034],[98.7306988160002,10.144265591000021],[98.73059096800017,10.14422785000005],[98.7302867320002,10.144086873],[98.73026420800011,10.144075079000118],[98.72988701999998,10.143847588000028],[98.7296216960001,10.143687560999979],[98.72942351800003,10.143605553000157],[98.7291592470001,10.143539862000125],[98.72879583700006,10.143490458000144],[98.72825892200012,10.143490014000065],[98.72783768200009,10.143448744000068],[98.72768467300011,10.143426959000124],[98.72761805000005,10.14340319900009],[98.72756022100015,10.143377097999974],[98.7274571850001,10.143322447000173],[98.72725970300013,10.143169998000076],[98.72679827100012,10.142859012000088],[98.72672677400016,10.14280470400007],[98.72659781900006,10.142699091000111],[98.72609284500004,10.142234148000114],[98.7257557000001,10.141978259000155],[98.7257146820001,10.141948601000024],[98.72558652900005,10.141899097000021],[98.72549109500017,10.141884468000114],[98.72537362300005,10.141884370000128],[98.72518270600011,10.14191331100011],[98.72419122500008,10.142276205000087],[98.72393417300015,10.142370556],[98.72385340200009,10.14237776200008],[98.72375063700002,10.142355851000104],[98.72364787700008,10.14231939300015],[98.72355247400009,10.142268392000062],[98.72325164700015,10.142042630000049],[98.72268714500018,10.141564325],[98.72209636700012,10.141063746000043],[98.7219554180001,10.14095157100013],[98.72187324900011,10.14090359100004],[98.72182973500009,10.140898763],[98.72177653600005,10.140903509000054],[98.72172332000008,10.14093221100012],[98.72161341700013,10.141008040999964],[98.72151525700019,10.141075772000022],[98.7211765020001,10.141367753999987],[98.72112603700015,10.141405186999975],[98.72106505400012,10.141431898000178],[98.72102653600018,10.141439495000157],[98.72096850700007,10.14143944600005],[98.72089598500008,10.141420218000064],[98.72076064300012,10.141353024000011],[98.72056813600005,10.141233302000046],[98.72056808100012,10.141233270000043],[98.72056802300017,10.141233243000158],[98.72048683900016,10.141199640000139],[98.72046284900017,10.141190154000071],[98.72035620800011,10.141167818000156],[98.72026493000004,10.141157154000155],[98.72018821400007,10.141154855000082],[98.72006913200016,10.141163178000113],[98.71993078300017,10.14119382399997],[98.7198460670001,10.14122452100014],[98.71974722400017,10.141274783000028],[98.71968226000013,10.141313886000148],[98.71961164100009,10.141369759999975],[98.71954100500005,10.141445220000037],[98.71946188900012,10.141529057000128],[98.71939690700003,10.141593335000096],[98.71931218400005,10.141635215000179],[98.71923313200011,10.141646334000143],[98.71914281400007,10.141626681],[98.71908357000018,10.141584673000068],[98.71903564100018,10.141517509000039],[98.71901030300006,10.14143637300009],[98.71899909299998,10.141344066000158],[98.71898227000014,10.141212595000013],[98.71897955500015,10.141089526000087],[98.71897402200017,10.140960865000181],[98.71895716600017,10.140868548000071],[98.71893982400019,10.140834110000071],[98.71891271900012,10.1408121],[98.71888779700004,10.140797481000163],[98.7188640830002,10.140789913000049],[98.71875700800013,10.140779343000077],[98.71871651100008,10.140779309000095],[98.71856092400009,10.140794090000156],[98.7184053150001,10.140838707],[98.71822959600019,10.140923085000054],[98.71786808200011,10.141131615000063],[98.71782379700011,10.141152461000047],[98.71765721800011,10.141230882000059],[98.71752591000006,10.14127806300013],[98.71739922600005,10.141290327000092],[98.71739895700011,10.14129032600016],[98.71739868800017,10.14129032600016],[98.71736586900005,10.141287492000117],[98.71735312300007,10.14128639200004],[98.71730999500005,10.14127660500003],[98.71728112300013,10.141265370000042],[98.71717986000004,10.14120032599999],[98.71698429500009,10.141024882000067],[98.71690905999998,10.140976338000144],[98.71672698200001,10.140898333000166],[98.7166984810001,10.140891538],[98.71658169400007,10.140875365],[98.71639349300006,10.140882661000092],[98.71620527300013,10.140912330000162],[98.71599822700006,10.14094944700014],[98.71579115400004,10.141020125000125],[98.71545229800006,10.14114289400004],[98.71535438400014,10.141163019000032],[98.71524324800004,10.141166259000101],[98.71515192400011,10.141146383000091],[98.71485701500012,10.141021580000142],[98.71479771100019,10.14098793400018],[98.71474863000014,10.140944631000082],[98.71474035800014,10.14093567600014],[98.71469644600006,10.140878355000098],[98.71464183200015,10.140769892000094],[98.71461336100003,10.14068719700009],[98.71458783800017,10.140611121000177],[98.71452701500016,10.14042980500011],[98.71449306700003,10.140339407999988],[98.71446321100007,10.140228367000134],[98.71435056200005,10.13992993000005],[98.71426788700006,10.139780690000123],[98.71416637800007,10.13965007600018],[98.71402348800018,10.13950077800007],[98.71384109900009,10.139297582000154],[98.71383923700012,10.139295510000125],[98.71371518300015,10.13912758700019],[98.71363252200013,10.138963428000181],[98.71358749900008,10.13880303100018],[98.71357257400018,10.138657575000025],[98.71356894800005,10.138500945000033],[98.71357463800018,10.138379313000087],[98.71358045800008,10.138254822000022],[98.71359198900007,10.137986327000078],[98.71360350900017,10.137729019000119],[98.71359987100004,10.137583573000143],[98.71356989900005,10.137430646000041],[98.7135286240001,10.137288899000112],[98.71343908700004,10.137102678000076],[98.71339712800005,10.137020279000069],[98.7133445280001,10.136915816000055],[98.71329946200012,10.13680389800004],[98.71327450100011,10.136699621000048],[98.71326026000008,10.136573647000091],[98.7132583400001,10.136490604000073],[98.7132584110002,10.136410371000068],[98.7132584590002,10.136356349000039],[98.71326234100019,10.136218370999984],[98.71326731600016,10.136112063000098],[98.71327908500012,10.136043201000064],[98.71334552500014,10.135793308000075],[98.71335097400015,10.135723937000137],[98.71334096600003,10.135670960000084],[98.7133155730001,10.13561800600013],[98.71322157800006,10.135502317999965],[98.71319271800019,10.135469371],[98.71314638000007,10.135416480000174],[98.71312798800017,10.135376913000187],[98.71312566600011,10.13535717600007],[98.71313429900005,10.13530612300002],[98.71316898000015,10.135246117],[98.71322185700018,10.13518906100012],[98.7133122680001,10.135099637000167],[98.71333844700007,10.135069041000122],[98.71342384300004,10.134948385000087],[98.71342424100004,10.134947632000092],[98.7134246400002,10.134946879000154],[98.71344750600014,10.134894683000084],[98.71348191500005,10.134786529],[98.7135159020001,10.134659764000105],[98.713546151,10.134506891000115],[98.71355001900014,10.134387558000128],[98.71350123300004,10.134227157999987],[98.71343738200017,10.13407792900017],[98.71337727700006,10.13394735200012],[98.71334725500009,10.133846639000069],[98.71332475900016,10.133749658999989],[98.71330604700006,10.133630305999986],[98.71330608400012,10.133588106000047],[98.71331925700008,10.133510516000058],[98.713359277,10.13336448800004],[98.71339481700011,10.133191066000052],[98.71341563200014,10.133006904000126],[98.71342546400007,10.132824902000152],[98.71341759000012,10.132641752000097],[98.71340163500014,10.132559167000124],[98.71337403100017,10.132471850000059],[98.71334147300013,10.132419492000167],[98.71320368300013,10.132271867000156],[98.71290413899999,10.131981456000176],[98.71266261599999,10.131780080000055],[98.71252032800015,10.131631599000116],[98.71246596499998,10.131546392000075],[98.71236978900004,10.131354005000048],[98.71227647400002,10.131128339000043],[98.71217041800014,10.130802547000087],[98.71201873500013,10.130478615000072],[98.71195422500011,10.130354060000172],[98.7118820890002,10.13025868200009],[98.71169735000007,10.1300549340001],[98.71117588400011,10.129383917000098],[98.7109072400001,10.128927675],[98.71078351200015,10.128656030000172],[98.71077267700002,10.12862527600015],[98.71077051100002,10.128617207000104],[98.71067411700005,10.128301002000114],[98.7106067430002,10.127965662000065],[98.7105588230001,10.127496230000133],[98.71052052200008,10.127084276000176],[98.71051231500019,10.12674696400012],[98.7105103400001,10.126695409000035],[98.71047995500015,10.126494153000124],[98.71041489000004,10.126289091],[98.71031592800017,10.126133057000061],[98.71020338800008,10.125980925000079],[98.71015495600017,10.125930446000098],[98.71001062600016,10.125797177000152],[98.70995694700008,10.12576084400007],[98.70970351000011,10.125620215000083],[98.70959376400009,10.125569912000117],[98.709226559,10.125377996000054],[98.70867570000019,10.125147604000176],[98.70798204700009,10.124756696000134],[98.70794828900011,10.124734051000132],[98.70682970200005,10.123775906000162],[98.70670327000005,10.123636454000177],[98.70669229200001,10.123621299999968],[98.70644082600018,10.123386813000025],[98.7062302650001,10.123162871000147],[98.70611433400018,10.12302980600009],[98.70601548800016,10.122876777000101],[98.70597967600003,10.122809608000125],[98.70594967700015,10.122690244000069],[98.7059398310002,10.122481397000058],[98.70593017300013,10.122231668000097],[98.7059300250001,10.122227802000168],[98.70591014800016,10.12201397300015],[98.70586512500006,10.121859789000155],[98.70577497300008,10.121665789000076],[98.70568750500013,10.12154609300012],[98.70538028800019,10.12103986500017],[98.70523643100012,10.120769344999985],[98.70510293100006,10.12040260300006],[98.7050445320001,10.120118404000038],[98.70502199300012,10.119805835000022],[98.70503620400012,10.119367964000162],[98.70503665000018,10.118879413000116],[98.7050369120002,10.11859134399998],[98.70506038700012,10.11836848400003],[98.70517606800018,10.118075221000026],[98.7052665550001,10.117901268000082],[98.70538721900016,10.117647785000031],[98.70548279000013,10.117399254000134],[98.7055382260001,10.11714074200006],[98.70559362700016,10.116917032],[98.70560385800002,10.11670323300018],[98.70559897400017,10.116559030000076],[98.70555638000019,10.11641505300014],[98.7055035140001,10.116331297000158],[98.70544870000015,10.116260556000043],[98.70537351400014,10.11616601600008],[98.70531199700014,10.116098838000028],[98.70527325100011,10.116056533000176],[98.70516298500007,10.115912236000042],[98.70505272800011,10.115757993000159],[98.70494749900018,10.115593811000053],[98.704882424,10.115419720000148],[98.70487260100003,10.115186013000084],[98.70488281000007,10.114997071000062],[98.70488805200011,10.114753435000182],[98.70488324500019,10.114519726000083],[98.70488021,10.114501572],[98.70488923600004,10.114371390000088],[98.70488930000005,10.114301120000107],[98.7048636620001,10.114204221000023],[98.70483543600005,10.114158952000082],[98.70468036500012,10.114037574000179],[98.70464869000006,10.114019795000047],[98.7045333580001,10.113955666000152],[98.70448150400006,10.113926831000128],[98.70422064500008,10.113840410000023],[98.70387953000017,10.113720767000132],[98.70366553500014,10.113601237000012],[98.70351846100004,10.113468510000132],[98.70337145700017,10.113256222000189],[98.7032847120002,10.11300421300001],[98.70323817800005,10.11267268000006],[98.70319837600016,10.112301376000062],[98.70317862600012,10.111949980000077],[98.70319235000017,10.11157872400014],[98.7032322120001,10.111415728000111],[98.70324677500014,10.111375879000093],[98.7032740030001,10.111301388000072],[98.70343205400013,10.111042082000097],[98.70351744200008,10.110932608000098],[98.7036894260001,10.110762497000167],[98.70380539400009,10.110678575000179],[98.70388906200009,10.110618031000115],[98.70407658000016,10.110419302000082],[98.70417707400009,10.110273539000048],[98.70421730900017,10.110174127000164],[98.70421749000008,10.109975237000072],[98.70420190800002,10.10993542600005],[98.70415427799998,10.109836077000068],[98.70401036900006,10.109663448000106],[98.70394633900014,10.109592596000084],[98.70381650700006,10.109477642000172],[98.703797103,10.109456573000102],[98.70358130900013,10.109211748],[98.703455637,10.109013232000109],[98.70333546700004,10.10872804000013],[98.70327548700004,10.108469424000077],[98.70323563,10.108157790000064],[98.70320923400016,10.107759976000182],[98.70318952200012,10.107368801000064],[98.70312314900002,10.106785319000096],[98.70306323300008,10.106460403000028],[98.70294313300008,10.106102286000123],[98.70282295900006,10.105823728000189],[98.70264004600011,10.105506742000046],[98.70255013700006,10.105211252000117],[98.70243350600009,10.104898847000129],[98.70231176800013,10.104616652000118],[98.70220699300006,10.104413505000139],[98.70220520200019,10.104410033000022],[98.7021098560001,10.104263717000151],[98.7019874410002,10.104091693000157],[98.70185997900018,10.10393623300007],[98.70167213600013,10.103679164000027],[98.70143346300006,10.103417021000098],[98.70121749900011,10.103198250000048],[98.70109973200005,10.103109553000081],[98.70100680400014,10.103048921000038],[98.70087190700013,10.10298192900018],[98.70065116000006,10.102907185],[98.70056979600008,10.102882299999976],[98.7002699370002,10.10282661399998],[98.70007174100016,10.102771026000028],[98.69986847500002,10.102700323000136],[98.69964492000008,10.102579225000056],[98.69961476100019,10.102562255000066],[98.69958676800007,10.102542142000118],[98.69939305800006,10.102402961000053],[98.69930965900016,10.10232706800008],[98.69907094200005,10.10211528700006],[98.698791572,10.101888358000167],[98.69851723600004,10.101716845000112],[98.69827842800004,10.101605808000045],[98.69806162300011,10.101537025000141],[98.69802254600017,10.101530020000041],[98.6979038560001,10.101529911000114],[98.69782531200019,10.101550092000082],[98.69772434300012,10.101615378000133],[98.697592,10.10181170500016],[98.69749012800014,10.102028208000036],[98.6974085390001,10.102300137000043],[98.6973421990001,10.102582158000018],[98.69724014300016,10.103000148000149],[98.69691663200012,10.104821183000126],[98.69672355600017,10.105254897000123],[98.69654312100005,10.10542639800019],[98.69630480300003,10.105587655000079],[98.69591763500017,10.105728595000016],[98.69534708000015,10.105929920000108],[98.69471542899998,10.106111000000169],[98.69405944800019,10.106298504000051],[98.69384880900009,10.106333091000124],[98.69347679200013,10.106344386000103],[98.69326042900008,10.106350956000085],[98.69317184400012,10.106327769000075],[98.69269426900013,10.106202753],[98.69204069800014,10.105926191000037],[98.69180281000013,10.105765141000063],[98.69119214900019,10.105300311000121],[98.69061071300018,10.104841891000035],[98.69028848300019,10.104501109000068],[98.68995416400014,10.104147551000153],[98.68975408900019,10.103808320000041],[98.68934415600012,10.103113275],[98.68848098000012,10.101901552000015],[98.68819091700016,10.101347505000092],[98.68817073600019,10.10130896000004],[98.68808056000017,10.101050232000091],[98.68804978000014,10.100896970000065],[98.68802037300009,10.10048346100001],[98.68802042300013,10.100431776000107],[98.68803576100015,10.099981396000146],[98.68802606700001,10.099869721000061],[98.68802599300005,10.099868851000167],[98.68802591800011,10.099867981000102],[98.68801890300017,10.09978714600004],[98.68788565800003,10.099475797000139],[98.68657803900015,10.097189010000022],[98.68610292900007,10.095372196000142],[98.6857972210002,10.094395136000117],[98.68567098800014,10.094074567000177],[98.68562609200012,10.094007685000122],[98.68550545200009,10.093695975000117],[98.68542932700012,10.09334020600005],[98.6854385650002,10.093030355999986],[98.68543885800011,10.092729356000177],[98.68544825300006,10.092251303000126],[98.68539526000006,10.091622684000072],[98.68537791600005,10.091082635000078],[98.68527110700018,10.090675294],[98.68515534800008,10.090285649],[98.6849414030001,10.089807381000071],[98.68477707500017,10.08945184300012],[98.68472381300018,10.089154583000038],[98.684678947,10.088687226],[98.68464356800001,10.088321264000115],[98.68462016000007,10.08789629600011],[98.68462051900019,10.08752757200017],[98.68462053900015,10.087506761000157],[98.68459717299999,10.087034576000065],[98.68446658300002,10.086585903000127],[98.68428825500001,10.086231608000048],[98.68405034600016,10.085900869000113],[98.68384815200011,10.08559377000006],[98.68366056500014,10.085373023000159],[98.68352690900008,10.085215733000098],[98.68319385300009,10.08474325200018],[98.68292029000008,10.084329850000074],[98.68273006500004,10.083963739000069],[98.68257560800015,10.08356225500006],[98.68240931300016,10.083089933000053],[98.68230244500006,10.082747512000083],[98.68224327100012,10.082357920000163],[98.68219638600004,10.08157881],[98.6822303290001,10.080522317000089],[98.68222839200001,10.080442550000157],[98.68217935000007,10.079526918000056],[98.68215530100014,10.078586573000166],[98.68203115600005,10.077868831999979],[98.68188196700004,10.077225308000038],[98.68151417700017,10.076308493000113],[98.68141190200015,10.076158019000104],[98.68131135700008,10.076007633000131],[98.68121194400015,10.075854902000174],[98.68111403800003,10.075702167000031],[98.68101665800015,10.075549439000042],[98.6809198050002,10.075395618000186],[98.68082445900012,10.075240719000078],[98.68073129200013,10.075084554],[98.68064083900003,10.074927309000088],[98.68055400300017,10.074768887000118],[98.68047115900004,10.074607127000036],[98.68039259900013,10.074445456999968],[98.6803171320002,10.074280358000124],[98.68024573000014,10.074111827000081],[98.68017915100006,10.07394212600019],[98.68011919000014,10.07377017000016],[98.68006660400005,10.073597218999964],[98.68002252600013,10.07342310700011],[98.67999139200003,10.073246658000187],[98.67997441300014,10.073065700000143],[98.67996917500005,10.072883762000174],[98.67997221600007,10.072701738000035],[98.67998097600008,10.072519719000184],[98.6799931170001,10.072339965000026],[98.68000894400006,10.072160214000178],[98.68002853900003,10.071980467000117],[98.68005039200011,10.071800722000091],[98.68007457000016,10.071620978000169],[98.68009950600009,10.071441236],[98.68012534900004,10.07126158699998],[98.68013027600017,10.071227601000032],[98.6803503060001,10.069082576000085],[98.68043775300009,10.068458783999972],[98.68054675400015,10.067985605],[98.68069924700006,10.067437176],[98.68091687400005,10.066878046000113],[98.68120880800006,10.066195176000122],[98.68124323500012,10.066114650000031],[98.68147198100007,10.065275868000072],[98.681483158,10.064953186000025],[98.6814787290001,10.064947405000169],[98.68148918500009,10.064888796],[98.6815138880001,10.064710146000152],[98.681528286,10.064531569000053],[98.6815281600002,10.064352976000066],[98.6815038040001,10.064175448000128],[98.68146235900014,10.063998989000027],[98.681413469,10.063821436000183],[98.68137455400012,10.063673261000076],[98.68136469000018,10.063632748000032],[98.6813393750001,10.06352881700019],[98.68126284500016,10.06294097000017],[98.68125282200015,10.062863943000082],[98.68126019400006,10.062678699],[98.68128096800018,10.062600325000119],[98.68132433900013,10.062529131000076],[98.68139521800003,10.062476550999975],[98.68141079100013,10.062465001000135],[98.68142265900008,10.06245885800007],[98.68157632800006,10.062379269000132],[98.68159416100008,10.062370036000175],[98.68159672000019,10.062369626000134],[98.68160413400005,10.062369182999987],[98.68181204000007,10.062356847000046],[98.68322286100016,10.062527474000035],[98.68358828700019,10.062573100000066],[98.68378656000016,10.062570533000155],[98.68395821500008,10.062528178000093],[98.68400026100016,10.062502188000053],[98.684031624,10.062471722000055],[98.68407223399998,10.062311388000126],[98.68407251200006,10.06202508500013],[98.68411666800012,10.061626033000152],[98.68422207000015,10.061270419000039],[98.68422993000007,10.06126022500007],[98.68434335600006,10.061058344000173],[98.68444793800018,10.060920427000042],[98.68461057800016,10.060748057000183],[98.68484282400016,10.060610258000054],[98.68405080200017,10.059832969000126],[98.68363198400016,10.059350690000088],[98.68322146300005,10.058746680000013],[98.68285105400003,10.05794927900007],[98.68273502300013,10.05762888400011],[98.68251172400005,10.057012266000072],[98.68234744600011,10.056303629000126],[98.682122978,10.053881631000081],[98.6820312860001,10.052757510999982],[98.682022152,10.051551725000081],[98.68206432800014,10.050591231000169],[98.68217223400018,10.049968160000049],[98.68243745400008,10.049061559999984],[98.68305176500002,10.047704249000049],[98.68306405300018,10.04760197600001],[98.68306266900004,10.047168660000068],[98.68299477600004,10.046743035000077],[98.68290172500008,10.046149058000083],[98.68267128700018,10.045584129000133],[98.68224885100005,10.045020399],[98.68210763000019,10.044831930000157],[98.68145471900004,10.04391518500006],[98.68141111000011,10.04383782900004],[98.68114870000005,10.043198445000087],[98.68113990100011,10.043084948],[98.68114009500016,10.042887042000189],[98.681140707,10.042261398000107],[98.68125402000004,10.04165820600008],[98.68127709200019,10.041121964000126],[98.68098511,10.040004461000137],[98.68075933400019,10.03944345399998],[98.68059440700011,10.038790072000097],[98.6805849800001,10.038641381000161],[98.68058070700005,10.03857403100011],[98.6806263000002,10.03806015500004],[98.68146991800018,10.035847363000073],[98.6820143600001,10.034400274000177],[98.68218376900018,10.033491039000182],[98.68233234000013,10.032758461000128],[98.6824095560001,10.032377706000148],[98.68248528600014,10.031524059000105],[98.68248551300007,10.031291599000099],[98.68256017000016,10.030498294999973],[98.68257427700013,10.030011952000166],[98.68252005900013,10.029701173000092],[98.6824107810001,10.029533421999986],[98.68230176300017,10.02943303900014],[98.6822150120002,10.029384564000111],[98.68163487900006,10.028876222000179],[98.68132952400009,10.028512315000171],[98.68122542999998,10.02831582500005],[98.6811965220001,10.028200734000052],[98.68119683000015,10.02788523300012],[98.68132838999998,10.02738426000019],[98.68151609300014,10.026920461999964],[98.6816474740001,10.026605083000106],[98.681760198,10.026215450000109],[98.68177926800018,10.025935968000056],[98.68179819400012,10.025658710000016],[98.68181733400013,10.025231864999967],[98.68168673100007,10.024749203],[98.68155614900013,10.024247980000041],[98.68135074500015,10.023672451000095],[98.68120149200018,10.023115538000127],[98.68116460400012,10.022540167000045],[98.68114647800007,10.021927696999967],[98.68105352700007,10.021240920000082],[98.68090431400009,10.02064688300004],[98.68071774200013,10.019960015000038],[98.68035363800016,10.019103148000113],[98.68015728900019,10.018660336000096],[98.67997046300019,10.018233296000119],[98.67982110700007,10.017787731000112],[98.67976560700009,10.017100989000141],[98.67976615300017,10.016544212000156],[98.67980418600018,10.015950355000143],[98.67984400900019,10.015459309000164],[98.67992850900009,10.015196969000158],[98.68017973800016,10.014855726000064],[98.68026709600014,10.014796608000154],[98.680578255,10.014607815999966],[98.6810975370002,10.014522542],[98.6823334230001,10.014412372000152],[98.68304496600012,10.014375932000178],[98.68358798100019,10.014357896999968],[98.68371779799998,10.0143314],[98.68443637700005,10.01433208300017],[98.68474314899998,10.014231050000092],[98.68494771200017,10.014109655000084],[98.68523432700016,10.01370463100011],[98.68552306900006,10.01109072700001],[98.68561638900013,10.00879701700012],[98.6858811240001,10.00750767300002],[98.68591512800009,10.00734208900019],[98.68600820500006,10.007206173000156],[98.68628993800019,10.006794774000127],[98.68648499500006,10.006569636000165],[98.68822678400005,10.00582439800013],[98.68949125300014,10.005400476000034],[98.69068476600017,10.004868908000105],[98.69081386000005,10.004811416000166],[98.69089726600004,10.004774264000105],[98.69123745200011,10.00462275000018],[98.69169953500005,10.004358152000123],[98.69192870400008,10.004226920000121],[98.69236349599998,10.003733286000113],[98.69243613200013,10.003650822000054],[98.69260097600011,10.003352571000164],[98.69289760200013,10.00281590800006],[98.69340355700018,10.001168279000069],[98.69408620600007,9.999713217000135],[98.69409564900008,9.99969953800013],[98.69464113600014,9.999166842000136],[98.69543587200019,9.998486380000145],[98.6955611200001,9.998330335999981],[98.69568534800004,9.998147593000056],[98.69574696500007,9.998013546999971],[98.69578211800007,9.99785085100001],[98.69580316500014,9.99763901199998],[98.69577299400004,9.99724540800014],[98.69566648800009,9.996821458000056],[98.69551407800009,9.996495866000089],[98.69548711700008,9.996454860000085],[98.69527009100005,9.99612477100004],[98.69501081700008,9.995761236000078],[98.6939814800001,9.994201120000128],[98.69376818200004,9.993671108000171],[98.69367079800014,9.993387461000054],[98.69360843500004,9.993035190000114],[98.69357856600016,9.992316127000038],[98.69358680400012,9.991672788000187],[98.69367888900001,9.9911809030001],[98.6938397940001,9.990575551000063],[98.694069383,9.990015675000109],[98.694375278,9.989501278000091],[98.69468870200018,9.989100421000046],[98.69507507800017,9.988740463000113],[98.69508286400014,9.988732527000025],[98.69518390600012,9.988666837999972],[98.6957849710002,9.988462960000163],[98.69643098500018,9.988366110000129],[98.69738587400008,9.988325218000114],[98.69810202800016,9.988298028000031],[98.69873396000003,9.988242928999966],[98.69925361600008,9.988132038000117],[98.69963288100007,9.987979268000117],[98.69994198600017,9.987784676],[98.70030732400005,9.987506613000164],[98.70064473900015,9.987061495000091],[98.70091183200014,9.986727672000143],[98.70123533100013,9.986143350000077],[98.70156073200019,9.985347215000047],[98.70164208400013,9.985157081000125],[98.70176568000005,9.984868236000125],[98.70190916700011,9.984537156000044],[98.70198924100004,9.984352406000028],[98.70223143700014,9.983799737000083],[98.70235973700011,9.983560014000034],[98.70256664200008,9.983173432],[98.70286455400003,9.982676103000188],[98.70310741900016,9.982355698000049],[98.70448842400009,9.98072777300007],[98.7050370620002,9.979929510000034],[98.70512430800017,9.979662210000129],[98.70511152700004,9.979469526000173],[98.70510277700004,9.97929290400009],[98.7050680710002,9.979154787000141],[98.70491431500011,9.978865359000167],[98.70427039000003,9.978248519000147],[98.70396951700008,9.977926743000125],[98.70388639100014,9.977794330000108],[98.70385018300016,9.977722376000031],[98.70376015100015,9.977495468000086],[98.70375000100006,9.977387165000096],[98.70375309000019,9.97733295300003],[98.7037014010001,9.976989216000106],[98.703831375,9.976539768000066],[98.70412978200011,9.976116151999975],[98.7047393110002,9.97552582500009],[98.7049799240001,9.975354405000132],[98.70590442600002,9.974695830000087],[98.70655449400016,9.974230090999981],[98.70688801300014,9.97388221600005],[98.70703436000008,9.97372956900017],[98.707426248,9.973298674000091],[98.70761801500015,9.973087835000172],[98.70773901800015,9.972998026000084],[98.70802365700013,9.972690754000098],[98.70804301100014,9.972656713],[98.708162786,9.97244606400011],[98.70831370400009,9.972019826000178],[98.70833725000006,9.971953311000107],[98.70834275400017,9.971844059000091],[98.70835637500016,9.971754553000153],[98.70842646300008,9.97133994700016],[98.7084965900001,9.97087005600008],[98.70853532600012,9.970693228000187],[98.70860859400011,9.970358735000104],[98.70863891200014,9.970270967000147],[98.70880430000017,9.969792194000036],[98.70906981100018,9.96911514900006],[98.70940502900004,9.968451979000122],[98.70957573500016,9.96817265900006],[98.70982181600016,9.967722646000084],[98.70994229100006,9.967502344000138],[98.71000209400017,9.967196914999988],[98.7100895710002,9.966750082999965],[98.71009816000009,9.966629606000026],[98.71011797000017,9.966351630000133],[98.71013240200011,9.965798753000115],[98.71020841800015,9.965295773000094],[98.7103278940001,9.965003522000131],[98.71040226200006,9.964892209000084],[98.71050127400008,9.964791992000073],[98.71057553000014,9.964736332000086],[98.71064151600012,9.964714070000184],[98.71069961300003,9.964707947000136],[98.71074527100006,9.964710042000036],[98.71078883100012,9.964718313000105],[98.710826171,9.964728626000124],[98.71086144200018,9.964741005000178],[98.71090706600006,9.964763673000107],[98.71100246100008,9.964823401999979],[98.71118205100015,9.96493344300012],[98.71133423300017,9.964976827000157],[98.711442213,9.96499040800012],[98.71151928400008,9.964988284000128],[98.71169775500005,9.964962399000058],[98.7118694850002,9.964893557000039],[98.71202266400019,9.964796478000096],[98.71215871500016,9.96467108600018],[98.7123124920002,9.964579609000168],[98.71248084000007,9.964508500000022],[98.71265362200018,9.964445347000037],[98.71282956400017,9.964390065000089],[98.71300729300003,9.964347266],[98.71318568700002,9.964319208],[98.71337023300003,9.964303548000146],[98.71355703100005,9.964303708000159],[98.71374027400003,9.964323032000152],[98.71391499800006,9.964365046000069],[98.71407946000016,9.964434186000119],[98.71423759800012,9.964523566000025],[98.71439293200018,9.964623267000036],[98.71454849300017,9.9647240380001],[98.71470745900018,9.96481460200016],[98.71487137700007,9.964905169000076],[98.71503892000015,9.964989044],[98.71513152900008,9.965016203000062],[98.71521048100004,9.965032055000108],[98.71539156000006,9.965031034000106],[98.71558176000013,9.965012021000064],[98.71576881300007,9.964973847000067],[98.71594136400006,9.964911777000111],[98.71608769200009,9.964822561000176],[98.71620719100008,9.964693804000092],[98.71630663300016,9.964535559000069],[98.7163917150001,9.964364898000042],[98.71646768900018,9.964197676000083],[98.71652689900009,9.964024740000184],[98.71657151200014,9.963845010000057],[98.71661304500009,9.963664103000099],[98.716663375,9.96348889900014],[98.71673385500014,9.963327369000126],[98.71683462900018,9.963183856000057],[98.7169616540001,9.963057365000168],[98.71710634400017,9.962943284000062],[98.71726027700004,9.962835976000065],[98.71741519500006,9.962733208000088],[98.71756529400011,9.96263052500018],[98.71771786200014,9.962532268000132],[98.71787276600014,9.962436266],[98.718028877,9.962342632000059],[98.7181857280001,9.962248901000066],[98.71834228600011,9.962156257],[98.71849809500014,9.962061438999967],[98.71865209900005,9.961964358000046],[98.71880723300012,9.961867286000029],[98.71896498700005,9.961771383000155],[98.71912192000013,9.961674216],[98.71927337900013,9.961572611000065],[98.719415723,9.961461865000103],[98.71950769000006,9.96137454400008],[98.71967138000014,9.960991873000125],[98.71985621900006,9.960329800000181],[98.72001542700008,9.959747782000136],[98.72029731500015,9.959263361000126],[98.7207789270002,9.958754932000033],[98.72158301700011,9.95820615800011],[98.72158501500007,9.958204262000152],[98.72171940200013,9.95808112300017],[98.72185604800006,9.95796151200011],[98.72199554200006,9.957845154000097],[98.72213706700012,9.957731058999968],[98.72228031800017,9.95761814900004],[98.72242552699998,9.957507403000136],[98.72257246900006,9.957400104000044],[98.72272165700019,9.957293972000173],[98.72287220499999,9.957192463000183],[98.72302514300003,9.957094203000054],[98.7231800420002,9.957000468000047],[98.72334035900019,9.956912435000106],[98.72350547100018,9.956832276000114],[98.72367434500012,9.956761154000105],[98.72384576900009,9.956699087000061],[98.72449219400005,9.956434663000039],[98.72495967600014,9.956229137000037],[98.72521940600018,9.956095510000125],[98.7254376360001,9.955930971999976],[98.72570786400007,9.95565321700019],[98.72604055800008,9.955200495000042],[98.72634195800015,9.954912476000118],[98.72663292000004,9.954686214000048],[98.7269671470001,9.954487781000068],[98.7271004690001,9.95440861700007],[98.72770295900006,9.954203206000045],[98.72857540100011,9.95404948700019],[98.729115477,9.95396756200006],[98.7293440320002,9.953864795000186],[98.72953107500012,9.953720809000174],[98.72971816000006,9.953525346000106],[98.72978064100016,9.953309202000128],[98.72980162800002,9.953051831000096],[98.72978115700005,9.95268118500013],[98.72978931700015,9.952595728000063],[98.72981258400006,9.952351766000163],[98.7299063110001,9.952032678000023],[98.73007275600008,9.951682770000048],[98.73037432000018,9.951188843000125],[98.73082141300011,9.950509707000037],[98.73113328500017,9.95009815000003],[98.73168410400018,9.949573527000041],[98.73224523100015,9.94913128200011],[98.73244855000019,9.948918863000074],[98.73261940300006,9.948740361000034],[98.73270840200018,9.948581827000055],[98.73277539800006,9.948462508000034],[98.73281714000012,9.948205153000174],[98.7328175670001,9.947680095000067],[98.73282815600015,9.947433021000052],[98.73290102000016,9.947216868],[98.73307779600003,9.946928742000125],[98.73368065300008,9.946239437000031],[98.73422105600014,9.945735397000078],[98.73456409099998,9.945303263000028],[98.73481369400014,9.944840169000088],[98.73482882400015,9.944803058000105],[98.7359943310002,9.94271400800011],[98.73662367700007,9.941879538000023],[98.73775280300003,9.940598068000043],[98.73775332100007,9.940597588000173],[98.73781767999998,9.940538133000132],[98.73829687900013,9.94012847600004],[98.73839091100007,9.940059680000047],[98.73861849800016,9.93985771000007],[98.73890099800008,9.939624688000151],[98.73906578300017,9.939492638000047],[98.73919141900006,9.939298367000049],[98.73927784300008,9.939096285],[98.7393486160002,9.938847535000036],[98.73938806100017,9.938559891000068],[98.73941967600001,9.938248912000176],[98.73944349000004,9.937875738],[98.73947511900008,9.937556987],[98.73949103900014,9.937253779000173],[98.73949336900017,9.937179571000058],[98.73960556900005,9.936601099000143],[98.74001684000007,9.93541110199999],[98.7400248510001,9.935374497000112],[98.74013597900006,9.934866862000092],[98.74013599100005,9.934851802000082],[98.74013500900014,9.93482089600002],[98.74012834000007,9.934610773000145],[98.74012857300016,9.934315317000028],[98.74013669600004,9.933957676000034],[98.74016041400006,9.933716673000049],[98.74019975500016,9.93354565200002],[98.74028619700005,9.933320251000112],[98.74038833800006,9.933079299000099],[98.74050610900014,9.932900566000114],[98.74051840100009,9.932883070000116],[98.74066251400018,9.932683742000108],[98.74097321200014,9.932253980000098],[98.74111060800016,9.932053560000043],[98.74124406300007,9.931867067000155],[98.74131477500009,9.93170384300015],[98.74136198300005,9.931509510000126],[98.74136329300018,9.93147514400016],[98.74136847000017,9.931339436000087],[98.74133095100018,9.93122944300012],[98.74120980300006,9.931001778000052],[98.74101746500014,9.93083281200012],[98.74079019200008,9.930646042000092],[98.74053158300012,9.930420364999975],[98.74028868700009,9.930163600000128],[98.74025894600004,9.930123229000117],[98.7400536780001,9.929844642000035],[98.73992835800004,9.929657948000056],[98.73986444800005,9.929556395000077],[98.73973255200013,9.92934679300015],[98.7395602680001,9.929043439000111],[98.73942721200012,9.928724560000092],[98.73934109900017,9.92853788900004],[98.73926288500013,9.928273477000175],[98.739231727,9.928009103000136],[98.73923194300005,9.927736982999988],[98.73925567200013,9.92748042400018],[98.73931076500014,9.927231672000062],[98.73937362600014,9.92706844300011],[98.73945998800019,9.926944112000058],[98.73957773800015,9.926788699000042],[98.73980532700006,9.926571177000028],[98.74007995400012,9.926361469000085],[98.74039380900007,9.926136235000058],[98.74072337400008,9.92587214100007],[98.74117062800013,9.925530384000126],[98.7416727480001,9.925219777000109],[98.74208863300015,9.924877995000088],[98.74251238100004,9.924505121000152],[98.74288118200008,9.924209953000059],[98.74332846500005,9.923821549000081],[98.74361095600005,9.923588514000073],[98.74388562800004,9.923316594000084],[98.7441995320001,9.923021384000037],[98.74452904800017,9.92281171400009],[98.74479578200004,9.922664192000127],[98.74496055300011,9.922547693000183],[98.74505473800014,9.922438912000132],[98.74507053100012,9.922291200000188],[98.74502362300018,9.922112340000126],[98.74496125700017,9.921638019000056],[98.74490664100006,9.921280321000097],[98.74485194500016,9.921023703],[98.74480842800006,9.920873932000177],[98.74472448300008,9.920347431000039],[98.74464939200004,9.91918719000006],[98.7446652550002,9.91832837000004],[98.74463471900015,9.917992489000028],[98.74462310400014,9.91786465700011],[98.74457227700015,9.917618048000065],[98.74452545000008,9.91733810900007],[98.74448646400003,9.917042630000026],[98.74446316300015,9.916762717000097],[98.74447897300001,9.916591679000135],[98.74452618500004,9.91638956300011],[98.74470896600013,9.915959372000145],[98.74478202900008,9.915837053000018],[98.7447843650001,9.915833433000103],[98.74487975300013,9.915686142000084],[98.74494230800008,9.91558166600015],[98.74497261200014,9.915502963000108],[98.74497386300015,9.915496862000055],[98.74498149000016,9.91539200699998],[98.74496596000012,9.915279725000119],[98.7449308960002,9.91519065700004],[98.74485288900007,9.91508220500009],[98.74473583300016,9.914981461000139],[98.7446343630001,9.914919449000138],[98.74454461400006,9.914849692000132],[98.74447829900015,9.91477221600013],[98.74442761200015,9.914679267000167],[98.74440815300005,9.91460182600008],[98.74440821700006,9.914518580000106],[98.74439894700015,9.914355462000117],[98.74439470800007,9.914319218000117],[98.744373495,9.913978522000036],[98.74435800100014,9.913819789000115],[98.74434592900002,9.913752793000072],[98.74430895800009,9.91361727400016],[98.74426842800011,9.913521631000151],[98.74413585000013,9.9133008660001],[98.74397597900014,9.913033631000076],[98.7437903780002,9.912732846000154],[98.74369758800015,9.912599121000028],[98.7435781910001,9.912441016000173],[98.74335196500004,9.912146630000166],[98.743195926,9.911968428000137],[98.74306698900011,9.911842563000107],[98.74289929100007,9.91169804100008],[98.74274918200018,9.911591396],[98.74258721600012,9.91147630800009],[98.74247107100018,9.911386789000062],[98.7422867520001,9.911263159000157],[98.74213317400017,9.911173426000062],[98.7416756450001,9.910876664000057],[98.74160381700017,9.910821307000163],[98.74138918500017,9.910685651000165],[98.74122527100013,9.910588736000022],[98.7411511430002,9.910551132000137],[98.74094541600016,9.910416755000085],[98.74085606300014,9.910345759999984],[98.74075701000004,9.9102593180001],[98.74058923500007,9.910112083000115],[98.74043316600006,9.909976461000099],[98.74033412300008,9.909889030000045],[98.74010215800018,9.90963673500005],[98.74005131000007,9.909581421999974],[98.73989789500007,9.909389390000115],[98.73985582500012,9.909329516000128],[98.73955943900012,9.908895706000123],[98.73934495600008,9.908574220000162],[98.73918897100003,9.908334083000057],[98.73900959600019,9.908043591000023],[98.73900386600008,9.908034569000165],[98.73893941800009,9.907919651999975],[98.73888096100012,9.907776376000015],[98.73883811600007,9.907648590000122],[98.73879532700016,9.907451113000036],[98.7387667910001,9.907322056999988],[98.7387359700001,9.907217843000069],[98.73868627900004,9.907098752000081],[98.73858488000008,9.90695155700007],[98.73847957700013,9.906815984000161],[98.73835082500017,9.90669974400015],[98.73815572500018,9.90655248600001],[98.73805882500017,9.906483040000126],[98.73794512900014,9.90637408100008],[98.7378112680002,9.906250726999986],[98.73767462000006,9.906129622000037],[98.73753556000008,9.906011962000036],[98.73739454100007,9.905896648000123],[98.73725202300017,9.905783411000073],[98.7371082210002,9.905672528000025],[98.73696208400008,9.905563809],[98.73681392200007,9.905457445000081],[98.73666327300015,9.905354420000037],[98.73665415599999,9.905348477000132],[98.73642520600009,9.905223926000076],[98.7362735010002,9.905160813000066],[98.73613500600004,9.905118960999971],[98.73599843100004,9.90509454700009],[98.73574337300005,9.905068537999966],[98.73538939700006,9.905047609000121],[98.73505104900016,9.905021534000184],[98.73480520200013,9.904975110000066],[98.73469774700004,9.904939968000178],[98.73447856300004,9.904835262000063],[98.73426909,9.904725919000157],[98.7341990380001,9.904681647000018],[98.73404986800017,9.904612350999969],[98.73388900200018,9.904554787],[98.73375114500004,9.904518693000057],[98.73365125200007,9.904485086000022],[98.73352314800013,9.904429692000065],[98.7334555020002,9.904384901000185],[98.73338821600015,9.904312263],[98.73331510000014,9.904190262000157],[98.73329077200009,9.904157148000081],[98.73328834300014,9.904154133000077],[98.73323023400002,9.90409117300004],[98.73321853600015,9.904081280000185],[98.73319222000009,9.904062411000154],[98.73311613200019,9.904015892000132],[98.73303124000012,9.903980979000153],[98.73292876500005,9.903957677000164],[98.73286947700012,9.903953275000163],[98.73270037400005,9.903948786000058],[98.73255974800014,9.90395403600013],[98.73251881800013,9.903951538000115],[98.73243097900007,9.903936957000042],[98.73236072400005,9.903913671999987],[98.73229048000007,9.903875875000153],[98.73219682100006,9.903811921],[98.73210902600016,9.903756684000143],[98.7320416880001,9.903736307000145],[98.73195677700011,9.903727530000026],[98.73179572900011,9.903718683000136],[98.73164305300008,9.90371368700005],[98.73122423400014,9.903728394000098],[98.73108604800007,9.90372828300002],[98.73103292100006,9.90372824100001],[98.73094313100006,9.903724300000135],[98.73077527000015,9.903693189000137],[98.7306152330001,9.903646612000102],[98.73051766100002,9.903596204],[98.73038499800015,9.903495442],[98.73017431500006,9.903313324000067],[98.72968278700006,9.902809668000145],[98.729347351,9.902399036000077],[98.72921289700008,9.902202050000142],[98.72915697700006,9.902098594999984],[98.72910277700004,9.901984548000087],[98.72908397100008,9.901944981999975],[98.7290434800002,9.901819181000178],[98.72903163300003,9.901752274000046],[98.72902002900014,9.901620651000087],[98.72902015300014,9.901469669],[98.72903842500006,9.901379475],[98.72905151100008,9.901314840000111],[98.72909067100011,9.901183251000134],[98.7291142250001,9.901016801000026],[98.72911339700005,9.900983847000134],[98.72911240500014,9.900944047000053],[98.72908974500018,9.900813095000046],[98.72904810700015,9.900707044000058],[98.72894288400005,9.90047468],[98.72878306700005,9.900160979000077],[98.72863493500006,9.899882130000037],[98.72846724500005,9.89964584900008],[98.72833688700007,9.89948341700017],[98.72820298100004,9.899329145000024],[98.72808109500005,9.899188725000101],[98.72793286200016,9.899033753000083],[98.7278275540001,9.898905914000068],[98.72771834600013,9.898774202000027],[98.72766697200018,9.898712553000166],[98.72758311400014,9.898583442000017],[98.72751168600013,9.898448847],[98.72744206800019,9.89833542600013],[98.72743761100008,9.898328779],[98.727382987,9.898274538000067],[98.72734397100015,9.898243530000173],[98.72723471600011,9.898169895000024],[98.72712154400017,9.898103989000049],[98.72704351300018,9.898038115000134],[98.7269577140001,9.8979296440001],[98.72684225100005,9.897800931000063],[98.72671194300011,9.897689429000081],[98.7265207600002,9.897534421000046],[98.7263256780002,9.89738715599998],[98.7261110680002,9.897232128000155],[98.72594507300005,9.897122867000064],[98.72578719900014,9.897018938000087],[98.72531504000005,9.896716604000119],[98.72518565200005,9.896644036000168],[98.72501779700008,9.896557417],[98.72468998300013,9.896386814000039],[98.72439337500009,9.896257528000149],[98.72401869500004,9.896102368000129],[98.7236752500001,9.895952393000016],[98.723404669,9.895817968000188],[98.72311330700006,9.895637068000156],[98.72290522400016,9.895466560999978],[98.72280409200016,9.895383257000049],[98.7226919430002,9.895290891],[98.7225307060001,9.895130747999985],[98.72227586900004,9.894851799000094],[98.72205224200013,9.894598694000024],[98.72191296100004,9.894452462],[98.72179587500011,9.894360384000038],[98.72172831900002,9.89431750600005],[98.72165611100013,9.894279529000187],[98.7215163730001,9.894231771000136],[98.7213082040002,9.894164495999973],[98.72106879699999,9.894097188000103],[98.72089708300018,9.89401446200003],[98.72089276700018,9.894011244000126],[98.72075141900007,9.893905948999986],[98.72063268100015,9.893769060000125],[98.72050917000018,9.893608038000139],[98.72041526200019,9.893442870000172],[98.72037479800008,9.89334310900017],[98.72026380200009,9.892921792000038],[98.7202187420001,9.892611687000056],[98.72020474900012,9.892189471999984],[98.72020370600012,9.892158256000073],[98.72023520800008,9.891689546],[98.72022914899998,9.89162988600009],[98.7202207040001,9.891597439000122],[98.72020586800011,9.891540351],[98.72012083599998,9.891414778000012],[98.72003819899999,9.891301600000077],[98.719838767,9.891028465000147],[98.71975222300017,9.890847633000078],[98.71971883300006,9.890748064000093],[98.71970206200018,9.89070294100003],[98.71965262200018,9.890569925000023],[98.71964830800016,9.890554200000054],[98.71955911500015,9.890333691000023],[98.71949332000014,9.890222568000127],[98.71946921200009,9.890187420000075],[98.7193868560002,9.890067334000094],[98.71934718800014,9.889997269000048],[98.71930684900008,9.889940919000026],[98.71924147200008,9.88982007800007],[98.71921541800003,9.889726255000028],[98.71921552400005,9.889600666000035],[98.71921566000009,9.88944064600014],[98.71923145400012,9.889239357000065],[98.71923169900009,9.888950304000048],[98.71921626900001,9.888723178000077],[98.71918526200005,9.888459898000121],[98.71913340000003,9.888232745000096],[98.71911607800018,9.888154207000184],[98.71907403300014,9.887885550000078],[98.71905577700005,9.887690696999982],[98.71905075500018,9.88747906400016],[98.71906894500012,9.887362455000016],[98.71911515900018,9.887223679999977],[98.71922312400017,9.887037166000027],[98.71936362400004,9.886844432999965],[98.71966589700008,9.886426587000017],[98.71966769900007,9.886423586000035],[98.71989004500017,9.88605513500005],[98.72007771800014,9.885724935999974],[98.72023936000005,9.885399882000115],[98.72042185700013,9.885038721000114],[98.72050553500014,9.884815246000016],[98.72053909600015,9.884692185000063],[98.72056472900005,9.88455724500011],[98.72057613800018,9.884420614000078],[98.72058005500008,9.884033779000106],[98.72054880500013,9.88384690100014],[98.72047955600004,9.883661024000105],[98.7203270400002,9.883454426000071],[98.72010509600011,9.883275294000157],[98.72001844000005,9.883219593999968],[98.71969888500018,9.882959316000154],[98.71962652100007,9.882889496000018],[98.71952817700009,9.882780952000132],[98.71940978800012,9.88259236500005],[98.71935622600017,9.882428159000142],[98.71935083400007,9.882274876000167],[98.71936138100011,9.882200063000084],[98.71939120700011,9.88211160200018],[98.71947460600018,9.881974026000137],[98.71959965300016,9.881829604000075],[98.71973483300013,9.881711527],[98.71988329400006,9.88154881500003],[98.72010560700005,9.881301238000049],[98.72026701000004,9.88106538300002],[98.72032336400008,9.880953865000038],[98.72038534900014,9.880785277000086],[98.72049185600014,9.880371312000022],[98.72049701100013,9.880342524000127],[98.720517239,9.88013044400003],[98.72053840000007,9.879724401999965],[98.72054855400006,9.879502236000064],[98.72056515300011,9.879369426000096],[98.72062912300004,9.879139486999975],[98.72080299000015,9.878719811999986],[98.7210601390002,9.878300205000187],[98.72140762600009,9.877749908000055],[98.72162305200015,9.877426618000129],[98.72164904400017,9.87737150800018],[98.72167333600004,9.877219785000136],[98.72165805999998,9.877061890000164],[98.72160959899998,9.876910440000017],[98.72151627400018,9.876681610000105],[98.72150570600019,9.876655712000115],[98.72129087500008,9.876283888000046],[98.72113425000003,9.875967420000165],[98.72105188600011,9.875757745000158],[98.72100603800004,9.875601362000111],[98.72095178800004,9.87509984999997],[98.72093831400014,9.874611205000122],[98.72089003000008,9.874260167000045],[98.72082779400006,9.873998584000162],[98.72073777400004,9.873750746000098],[98.7206306760001,9.87352724699997],[98.72056253900007,9.87341840900001],[98.7204120080001,9.87324119100009],[98.72016495100019,9.872969685000044],[98.72000765800004,9.872771777000025],[98.71976502300015,9.872390741000117],[98.71969450100016,9.872225521000075],[98.71962770700014,9.871922581000092],[98.71964153800013,9.871567011000138],[98.71969851300014,9.871305367000161],[98.71977281500006,9.871117950000041],[98.71991200300005,9.870878516000118],[98.71994381100018,9.870823799000107],[98.72019339200017,9.870500709000055],[98.72044281200016,9.870197216000065],[98.7207415530001,9.869783188999975],[98.72097163200004,9.869391012000165],[98.72099893500007,9.869344177000073],[98.72116157100004,9.868998481000062],[98.72126835400007,9.868675502000087],[98.72130084000014,9.86837502600008],[98.72128418100004,9.868124124000133],[98.72126389900018,9.867997156000115],[98.72122690100014,9.867765573000042],[98.72115915600011,9.86750717300015],[98.72094203000012,9.867245285000138],[98.7201757110002,9.866468549],[98.71905034200006,9.86455842000015],[98.71865945000008,9.86406138600006],[98.71819128600004,9.863751316000162],[98.7181907150001,9.863750936000145],[98.71729855300015,9.863051323000036],[98.71701211400017,9.862630661000082],[98.71693900100007,9.86252327600016],[98.71662635600006,9.862041831],[98.715985133,9.86143594400005],[98.71539177800003,9.861077099000113],[98.71526550200008,9.861000722000142],[98.71452478200007,9.860162319000096],[98.71446807500007,9.86009864099998],[98.71440665800009,9.860031727000148],[98.71435903500014,9.859979841000097],[98.71418448800017,9.859847910000155],[98.71412998900018,9.859814468000025],[98.71391667800003,9.85970588500004],[98.71377100400008,9.859628334999968],[98.71363572000007,9.859576603000164],[98.71342236900006,9.859514480000087],[98.71321856700007,9.859451948000071],[98.71321771200013,9.859451523000132],[98.7131049570001,9.8593954910001],[98.71303706900017,9.859345803000053],[98.71298844000017,9.859270375000051],[98.71298819600014,9.859269651000147],[98.71298795300004,9.859268927000073],[98.7129697850001,9.859214715000064],[98.71296467600013,9.859106317000169],[98.71293885600011,9.858868858000108],[98.7129129830002,9.858693333000076],[98.71284543500013,9.85854874800009],[98.71276744000016,9.858455773000117],[98.71265818199998,9.858404062000034],[98.7125176940001,9.858347167000034],[98.71235638500019,9.858295412000132],[98.71225232100011,9.858254031000172],[98.71221656000006,9.858241414000076],[98.71209101600016,9.858197119000067],[98.7120284720001,9.858166972000163],[98.71192193100012,9.85810492000013],[98.71191624500017,9.858098760000189],[98.71184566300019,9.858022262000077],[98.71176249500007,9.857898314000124],[98.71170015200016,9.857760614000085],[98.71161764100015,9.857534987000179],[98.7116173550001,9.857534204],[98.7116170720002,9.857533433000015],[98.7115062580001,9.857264924000106],[98.71140853100007,9.857114412999977],[98.71136765000017,9.857051456000022],[98.71118742000016,9.856803539000055],[98.71088233900008,9.8564866910001],[98.71040386800018,9.856045812000161],[98.7102235530001,9.85589424900013],[98.70996006700011,9.855632499000137],[98.70987772400014,9.85555070100014],[98.7096924440001,9.85541375200006],[98.70957167400007,9.855349992000129],[98.70921116300019,9.855187348000186],[98.70885444300012,9.855026410000164],[98.70877389600014,9.854991425000037],[98.70855192800008,9.854867350000177],[98.70834385500018,9.854722643000173],[98.70814969500009,9.854536656000164],[98.70796945199999,9.854316259000143],[98.707775373,9.854047687000104],[98.70756740400014,9.853785985000115],[98.70738716600016,9.853558708000037],[98.70721274300018,9.853385439000022],[98.707109811,9.853283183000087],[98.70686011400005,9.85312466800002],[98.7065023240001,9.852970319000121],[98.70581252300013,9.852738349000106],[98.70507015800013,9.852517470000066],[98.7042652790002,9.852344707000043],[98.70395447900006,9.852262999000061],[98.70383357200012,9.852212715000178],[98.70370717100002,9.852142924000134],[98.703647838,9.852110174000131],[98.70347446900013,9.85196548600004],[98.70341954800011,9.851860216000034],[98.70338425600005,9.851715543000068],[98.70341485700004,9.851526934000162],[98.70343160100015,9.851488844000016],[98.70345275200003,9.851440716000127],[98.70349100400017,9.85139215300012],[98.7036781340002,9.851206905000083],[98.703686548,9.851199801000178],[98.70372020300005,9.85117303200019],[98.70396110200016,9.851016157000117],[98.70421805100005,9.850830562000112],[98.70440558799999,9.850644907000117],[98.704509799,9.850521113000184],[98.7046070990001,9.850362911000047],[98.70464887900016,9.850204650000023],[98.70464899400008,9.85007519900006],[98.70462867200018,9.849981717000105],[98.704597869,9.84992559300008],[98.70445303600019,9.849752931000012],[98.70415713000006,9.849532433000093],[98.70376250800007,9.849336330000085],[98.70325685400019,9.849127880000083],[98.70250449100018,9.848882521000121],[98.7022532430002,9.848761232000129],[98.7018864740001,9.848525989000109],[98.701703,9.848380170000041],[98.701518174,9.848123068000064],[98.70139508900007,9.847804844000052],[98.70125992300007,9.84719297300012],[98.70116598600003,9.846760235000033],[98.70110773900007,9.846589354],[98.70103720200018,9.846420740000099],[98.70093784400012,9.846270270000105],[98.70082201000014,9.846131186000093],[98.70069962300005,9.845997696999973],[98.70057257600013,9.845866466000075],[98.7004432670002,9.845737396000061],[98.70031456200007,9.845608422000055],[98.70018450200018,9.845481622000023],[98.7000515000002,9.845358343000044],[98.69991737400011,9.84523614800014],[98.69978294600014,9.845112771000117],[98.69964942500002,9.844990490000043],[98.69951582800007,9.84486712100005],[98.69938199800004,9.844743744000084],[98.69924840700008,9.84462056000018],[98.69911630600006,9.84449601000017],[98.69908400600008,9.844464193000135],[98.69821318700002,9.843471124000132],[98.69785854899999,9.843066689000125],[98.69753819700014,9.842613707000112],[98.69744795800005,9.842456770000013],[98.69734110899998,9.842270943000187],[98.6972800210001,9.842124162000061],[98.69727489500019,9.842111827000167],[98.69717566700018,9.841781462000085],[98.69716574400013,9.8417061560001],[98.697132124,9.841450996000106],[98.69707083000009,9.841022714000019],[98.69702185000017,9.840618907000135],[98.69700576500014,9.840588933000106],[98.69699726700014,9.840521002000116],[98.69688654700008,9.840178323000089],[98.69677583900011,9.839811169000086],[98.6965352950001,9.839320993],[98.69651972800017,9.83930062100012],[98.6963076740002,9.83911333900005],[98.69620164000014,9.839003942000147],[98.69598721400018,9.838782705000085],[98.6958715830001,9.838598857000136],[98.69578117200018,9.83839099000005],[98.69570413800017,9.838036107000107],[98.69563495200015,9.837767499999984],[98.69559345300019,9.837656710999966],[98.69539647200014,9.837203839000153],[98.6952116450002,9.836958966000054],[98.6950020970001,9.83676301100013],[98.69473607100014,9.83653173900018],[98.69470624200005,9.836505805000115],[98.69467773500008,9.836463313000024],[98.69458304300008,9.836322164000137],[98.69442296600005,9.835991672000148],[98.69431228200011,9.835612284000035],[98.6941522510001,9.835232852000047],[98.69397833700015,9.834978696000178],[98.69391523100006,9.83490947100006],[98.69370853200007,9.834779746000038],[98.69356557900005,9.834695796000062],[98.69343726900013,9.834620444],[98.69318652000004,9.834486244000118],[98.69318216700015,9.834483916000067],[98.69306339200017,9.834363342000074],[98.6929851160001,9.83423767100004],[98.6929747580001,9.83420004500016],[98.69294571500012,9.834094444000186],[98.69293205100007,9.833971517000066],[98.69293232600018,9.833673577000127],[98.69290531000007,9.833524177000186],[98.69282745300012,9.833400572000187],[98.69270583000008,9.833268170000053],[98.69254542300007,9.833191162000048],[98.69236861000007,9.833136646000185],[98.69218786600004,9.833094712000104],[98.69200846500019,9.833065155000043],[98.69193691200007,9.833057547000124],[98.69182575000008,9.833045725000034],[98.69164302300015,9.833028563000028],[98.69146271900019,9.833003527000074],[98.69139999200002,9.832987640999988],[98.69117677900016,9.832892948000108],[98.69114109600014,9.832871734000094],[98.69113046700005,9.832865418000097],[98.69098264800016,9.832759027000122],[98.69084461699998,9.832640174000119],[98.69071388900005,9.832511099000044],[98.69057947100009,9.832388910000134],[98.69042313900013,9.832299416000183],[98.69025732199998,9.83222014200004],[98.69008638200006,9.832152170000086],[98.68991347100007,9.832097754000188],[98.68973106100009,9.83207615900011],[98.68954921200003,9.832094071000142],[98.68937739300009,9.832154957000057],[98.68921255900017,9.832235013000115],[98.68905313,9.832323034000183],[98.6889006040002,9.832422357000155],[98.68875056700011,9.83252512700011],[98.68860059200006,9.832629072000088],[98.68845167500007,9.832734006000067],[98.68830433200003,9.832840214000157],[98.68815857400006,9.832949771000074],[98.68801536000012,9.833060320000072],[98.68787537300017,9.833176657000024],[98.68773930200018,9.833296354000083],[98.6876051800001,9.833419479000042],[98.68747196200013,9.833543790000135],[98.68733851400009,9.833666915000094],[98.6872036420001,9.833789952000075],[98.68706982000003,9.833913079000013],[98.68693059000009,9.83402942300006],[98.68678182500014,9.834134358000142],[98.68662892000015,9.834234863000177],[98.68647121500015,9.834326319000127],[98.68630818700018,9.834405291000053],[98.68613997600005,9.834474135999983],[98.68596830900015,9.834536183000068],[98.68579446200005,9.834593628000107],[98.68561964900005,9.834646540000051],[98.68544491100016,9.834697287999973],[98.685268226,9.834742338000183],[98.68509004000003,9.834782863000044],[98.68495868100007,9.834807579000142],[98.684910651,9.834816604000082],[98.68473090000015,9.834845921000124],[98.6845498720001,9.834868363],[98.6843685450001,9.834888534000186],[98.68418676400006,9.834906455000123],[98.68400521500007,9.834924365],[98.68394422400007,9.834928848000118],[98.6838229940002,9.834937761000049],[98.68364093500014,9.834940939000148],[98.68345827500008,9.834938506000071],[98.6834450670001,9.834938167000132],[98.68327554600017,9.83493381400018],[98.68309296100006,9.83492803200005],[98.68291083200018,9.834918828000184],[98.68279037700006,9.834909705000086],[98.68250130100017,9.834841601000107],[98.68232956400004,9.834767456000122],[98.68220521900014,9.83467354700008],[98.68215140900014,9.834618019000061],[98.68196488700016,9.83442556100016],[98.6818182230001,9.834220611000092],[98.68166919400011,9.834012342000165],[98.68142895100004,9.833672592000084],[98.68121655400017,9.83324109900019],[98.6811243730001,9.832873957],[98.68108805600019,9.83260546800011],[98.68107844200011,9.832534390999967],[98.68107118400002,9.832227365000165],[98.68102367000017,9.831763523000177],[98.68095919600017,9.831451471000094],[98.68094516899998,9.831425904000014],[98.68088647200005,9.831318939000141],[98.68076307000013,9.831191687000114],[98.68064493000014,9.83111164200011],[98.68051549900014,9.831001412999967],[98.68033985500017,9.830845247000013],[98.68021046900014,9.830689124000173],[98.68009038000008,9.83048712600015],[98.67985801700013,9.829930843000056],[98.67984113400007,9.829890427000066],[98.67983065500016,9.829859946000113],[98.67982633700018,9.829848758000082],[98.67976491500002,9.82967905400011],[98.67970754999999,9.829506014000174],[98.67964989,9.829334061000054],[98.67958734100011,9.829163268000059],[98.67951538800008,9.82899826900018],[98.67943259300006,9.828837588000113],[98.67934416300005,9.82867690300003],[98.679249341,9.82851965499998],[98.67914759500013,9.828368089000037],[98.67903764000016,9.828224482000167],[98.67891804800007,9.828092075000143],[98.67878108200011,9.827974296999969],[98.67862905200013,9.827871341000161],[98.67846897000004,9.82777841100011],[98.67830775100009,9.82769343900003],[98.67813847100012,9.827626628000075],[98.67804419000004,9.82760262800008],[98.67796021000004,9.82758124600008],[98.67778180900012,9.827544904000092],[98.67760203800003,9.827515349],[98.67742105200017,9.827489226000068],[98.6772406830001,9.82746300700012],[98.6770603870001,9.82743118899998],[98.67687767700005,9.827402705000111],[98.67669701200015,9.827367536000168],[98.67652523400011,9.82731538500019],[98.67636860300007,9.827226972000062],[98.67623014100013,9.82710359000015],[98.67611371900011,9.826963315000171],[98.67600738300018,9.826817350999988],[98.67590600200003,9.826666968999973],[98.67580696900012,9.826514239000176],[98.67570710500001,9.826361501000122],[98.6756046370001,9.826213350000046],[98.67560420600012,9.826212726000165],[98.67560377400008,9.826212104000092],[98.67549450000013,9.826067314000056],[98.67538320100005,9.825923704000047],[98.67527107400008,9.825779998000087],[98.67515690900018,9.825637374000166],[98.67504087100014,9.825497098000085],[98.67492180900007,9.825360168000145],[98.67479913700004,9.825226671],[98.67467240900004,9.825098777000107],[98.67453318200018,9.824983353000164],[98.67438108300007,9.824881385000026],[98.674222428,9.824788543000182],[98.67406294100005,9.82470130900009],[98.67389803900011,9.824624289000099],[98.67372905800005,9.824555127000053],[98.67369455100015,9.82454205700003],[98.67355842400013,9.824490493000042],[98.67338265799998,9.824439589000065],[98.67320425400015,9.824396465000063],[98.67303557500014,9.82433064900016],[98.67287902900017,9.82424007200018],[98.67272918500004,9.82413594100018],[98.67258250900016,9.824026108000055],[98.67243651100011,9.823916276000034],[98.67230037200017,9.823795155000084],[98.67219162300012,9.823651547000054],[98.672132315,9.823531093000042],[98.67211140100005,9.823488607000115],[98.67206908700012,9.823311059000162],[98.67199028700014,9.82315047600008],[98.67188764900004,9.822997732999966],[98.67177152900018,9.822858641000039],[98.67162311200008,9.82275558800012],[98.67160456900007,9.822747514000127],[98.6714539140001,9.82268190300016],[98.67127816400011,9.822622959000057],[98.67110550000007,9.822559489000128],[98.67094992200015,9.822475606000012],[98.67083952700017,9.822331898000073],[98.670767878,9.822163365000051],[98.67073187800003,9.821985912],[98.67072682300005,9.821965733000013],[98.67068761500019,9.821809447000078],[98.6706413170001,9.82163415500014],[98.67059471900018,9.821458863000032],[98.67054819900005,9.821284746000117],[98.670500763,9.821109453000076],[98.6704524340002,9.82093532700003],[98.670403136,9.820761117000188],[98.67035171700013,9.820586908999985],[98.67029286100006,9.82041621500008],[98.67022948700014,9.8202466030001],[98.6701643740002,9.820078077000176],[98.67009754600014,9.819909548000169],[98.6700281580001,9.819742191999978],[98.66995620500006,9.819575911000186],[98.66988380800007,9.819409639000128],[98.6698112580001,9.819243365000034],[98.66973645500019,9.819077082000035],[98.66965795300013,9.818914240000083],[98.66957344600013,9.81875473700012],[98.66947870300004,9.818599741000071],[98.6693692020001,9.818453773000044],[98.66924759600016,9.818317924000098],[98.66911154200011,9.818196893000106],[98.66895545500006,9.818098450000093],[98.66878738200012,9.818033809000156],[98.66877092000016,9.818030383],[98.66860702000008,9.817996289000064],[98.66842348000017,9.817982542000095],[98.6682379410002,9.818010660000084],[98.66804778400018,9.818069255000069],[98.66791217600019,9.81808994000005],[98.6678254750002,9.818078302000174],[98.66773699700013,9.818043528000146],[98.66769373400001,9.81800829000008],[98.66760030000012,9.81791499500008],[98.6674884140001,9.81775999100006],[98.6674709940001,9.817735269000138],[98.66743185200005,9.817664507000131],[98.66734752000013,9.817512080000029],[98.66725718400016,9.817374197000106],[98.6671173900001,9.817127957000139],[98.6670238530001,9.816988496000079],[98.66694588400014,9.816891633000125],[98.6668828190002,9.816843998000024],[98.66676505300018,9.816789767000046],[98.6666649870001,9.816755867000097],[98.66649202600007,9.81670078400009],[98.66646988600019,9.81669373900013],[98.66630209800019,9.816639370000132],[98.66618169700007,9.81658494800007],[98.66615458100011,9.816565065000134],[98.6660875550001,9.816507535000142],[98.66605154500013,9.816423971000177],[98.66603828900008,9.816321535000043],[98.66603703500016,9.816282954000144],[98.66603716300017,9.816155200000026],[98.66603730700018,9.816011963],[98.66602180700016,9.815899685000147],[98.66597828900012,9.81583480400019],[98.66595592500005,9.815811480000036],[98.66587752300012,9.815764042000183],[98.66579168700014,9.815725245000067],[98.66573135700008,9.81571236000002],[98.66562779000014,9.815690240000094],[98.66559377400017,9.81568720200005],[98.66554581900004,9.815686289000041],[98.66533504100016,9.815689951000024],[98.66517110200004,9.815693666000072],[98.66495642800004,9.81569345400004],[98.66481188700004,9.815690493000034],[98.6647063200001,9.815673271000037],[98.66459737800017,9.815638893000028],[98.66444914800013,9.815549715000145],[98.66428926000009,9.815406318999976],[98.66414109800007,9.815239705000067],[98.66398559100008,9.815037065000183],[98.66391338100016,9.814953182000067],[98.66378880100012,9.814750545000095],[98.66372018000004,9.814612140000065],[98.663587801,9.814286821999985],[98.6634787970001,9.81400410700013],[98.66338932400004,9.81370592900015],[98.66335834300003,9.813465883],[98.66335460300007,9.8133071580001],[98.66338610600013,9.813028461000044],[98.66340483400006,9.812896707000164],[98.66345300400013,9.812490412000045],[98.66348843300017,9.812188491000029],[98.6635081510002,9.81199107600014],[98.6635123490002,9.811696858000118],[98.6635361610002,9.811309762000064],[98.66355217800003,9.810907163000024],[98.66357425300015,9.810307782000109],[98.66358516300016,9.809812270000123],[98.66357008800009,9.809280597000111],[98.66354425900016,9.809089584000048],[98.66352888700015,9.809048073000042],[98.66347159600008,9.808893369000032],[98.66333651800011,9.80866612300008],[98.6632181600001,9.808548497000118],[98.6631161640002,9.80846453800018],[98.66272584200004,9.808202479000101],[98.66272168800003,9.808189102000142],[98.66170865300018,9.807517799000095],[98.66084325000003,9.807051002000094],[98.66056848400007,9.806931583999983],[98.6604645170001,9.806886399000064],[98.65991319400018,9.806711526000072],[98.65968522400016,9.806653957000037],[98.65966591400019,9.806649089000189],[98.65948301100002,9.806602898000165],[98.65891343600009,9.806494127000121],[98.65851956000017,9.80643963000017],[98.65816810300015,9.80639119100016],[98.65771972500016,9.806364127000052],[98.65749624800003,9.806320357000118],[98.6573452990001,9.806247804000066],[98.65725985200004,9.806153776000144],[98.65721561400011,9.806072585000095],[98.65718504000006,9.805971114000101],[98.65716813900019,9.805822329000137],[98.65715129900019,9.805622820000053],[98.65713787000004,9.805423316000088],[98.65713607000009,9.805382241000132],[98.65712530700017,9.805275401000188],[98.65712119000011,9.805234547],[98.65710064199999,9.805159546000084],[98.65707421400015,9.805087826000033],[98.65704020400017,9.805027774000052],[98.6569577200001,9.804919333000043],[98.65682150700007,9.804770429000143],[98.65666142900017,9.804631640000139],[98.65652381000007,9.804499278000037],[98.65645028300008,9.804428551000115],[98.65622935000005,9.804206436000129],[98.6560249910001,9.804028723000044],[98.65587428200013,9.803896699000177],[98.65578487500011,9.803818000000149],[98.65567119600001,9.80372701400006],[98.65554859400004,9.803611926000144],[98.65543623400015,9.803476567000018],[98.6553341140002,9.803334455000027],[98.65529774800007,9.803280556000061],[98.65514690300012,9.803057010000032],[98.65495965500003,9.802823516999979],[98.65486432700015,9.802701690000163],[98.65484968300018,9.802687703000117],[98.6547984020001,9.80264176500009],[98.654733867,9.80259855200012],[98.65465311600019,9.802562857000112],[98.65451341400018,9.802501850000112],[98.65433961200017,9.802440808000028],[98.65423749000007,9.802405321000037],[98.65413523300003,9.802369789000124],[98.65412492500008,9.802366202000087],[98.65401205900014,9.802317268000138],[98.65398057300007,9.802297955000029],[98.65397619500004,9.802293897000084],[98.65395094700006,9.802270474000181],[98.65393811600018,9.802252380000084],[98.65391376800011,9.802176642000063],[98.65391044400019,9.802092112000139],[98.65391541600007,9.802047229999971],[98.65392765900009,9.801936597000179],[98.65393116900003,9.801831785],[98.65393809900007,9.801726976000111],[98.65393480500018,9.801615382000136],[98.65391785500003,9.801524080000036],[98.65386988300014,9.801377854],[98.65383510900011,9.801308703000075],[98.65377841500003,9.801209483000036],[98.65366952800014,9.801016645000061],[98.65355041800007,9.80082379800018],[98.65330535700014,9.800448244000052],[98.65310110900009,9.80016739000007],[98.65288318600011,9.799933865000185],[98.65272704300008,9.799815622000096],[98.65262916400007,9.799759004],[98.65260198200014,9.799745169],[98.65239257700011,9.799662874000035],[98.65205182000005,9.79953065500007],[98.65184878400015,9.799464662],[98.65173167700016,9.799426598000025],[98.65156451700017,9.799361100000112],[98.6513805400001,9.799266236000108],[98.65124428500013,9.79917142000005],[98.65115549500007,9.799092710000139],[98.6511182700001,9.799059717000148],[98.65097862500016,9.798937843000033],[98.65090031199998,9.79884647],[98.65082882300004,9.798751730000163],[98.65077439700013,9.798640091999971],[98.65074724900006,9.79852509900013],[98.65073360800005,9.798414644000161],[98.65073598200007,9.79834175000019],[98.65073631500019,9.798023180000087],[98.65073052300005,9.797770703000083],[98.65070170600006,9.797574946000168],[98.65070043300005,9.797566305000032],[98.65067642000014,9.797349883000095],[98.65061602000009,9.797151460000123],[98.65053743800019,9.79695902400016],[98.65039232100014,9.796646299000145],[98.65032946500008,9.796540951000111],[98.65011401700002,9.796201207000081],[98.64964198500007,9.795563548000189],[98.64958249000006,9.795488764000027],[98.64944048000018,9.795329489000096],[98.64930843600007,9.795195382000088],[98.64926061500012,9.79515441100017],[98.64907291200012,9.794997926000065],[98.64864514300018,9.794687630000169],[98.64862479300012,9.794672875000117],[98.64845692500006,9.794564503],[98.64846734400015,9.794564513000182],[98.64820322100002,9.79438947],[98.64790229900018,9.79415193400007],[98.64789206800015,9.79414315200006],[98.64787852000006,9.79412818600008],[98.64767415100016,9.793902487000139],[98.64748043700013,9.793697909000059],[98.64739640600015,9.793600117000153],[98.64723227600007,9.793409120000092],[98.64712990900006,9.793271712000092],[98.64712940200008,9.793270765999978],[98.6469297000001,9.792994047000093],[98.64669971700016,9.792705283000032],[98.64648179600016,9.792470624000032],[98.64605195600012,9.79206143200014],[98.64574312900004,9.791832692000014],[98.64519782400015,9.791371956000091],[98.64512562200002,9.791323099000067],[98.64490672000005,9.791192086000137],[98.64478348000017,9.791131420000113],[98.64465869900005,9.791070001000094],[98.64454887300019,9.791030528000078],[98.64428353000017,9.790977607000059],[98.64420725200006,9.790960057],[98.64411241600004,9.790952609000101],[98.64397402800017,9.790966428000104],[98.64387458900018,9.790999649000128],[98.64377441000016,9.791049209000107],[98.64367129200014,9.791133249000154],[98.64359461900011,9.791227350000042],[98.643471063,9.79143019200012],[98.64344061400004,9.791499680000186],[98.64337649800007,9.79169251500008],[98.64328253900004,9.791980393000074],[98.64319134700014,9.7922447790001],[98.64310620700019,9.792521193000084],[98.64303799600015,9.792704237000123],[98.64298289900012,9.792798608],[98.64279658600009,9.79303781699997],[98.64262699200009,9.79321146400008],[98.64245601400012,9.793341025000018],[98.64232533100005,9.793386507000093],[98.64214246000012,9.793403793999971],[98.64197806700014,9.793403621000039],[98.64183030700013,9.793388811000057],[98.64167358400005,9.793360630000166],[98.64147518500005,9.793300907000116],[98.64106930600013,9.793156217000046],[98.64056996200003,9.792960348000065],[98.64039065300005,9.79286929000017],[98.64027784600006,9.792779033000102],[98.64002167000018,9.79254091900009],[98.63999733800011,9.792511905000026],[98.63989947800019,9.792399063000062],[98.6397362670001,9.792137331999982],[98.63970086000006,9.79207279000019],[98.6396119310001,9.791855619000046],[98.63956788700017,9.791748053000049],[98.63944102900018,9.79136922400005],[98.63936107300015,9.791170328000135],[98.63930636200013,9.79106259200006],[98.63918096600003,9.790888069000118],[98.63896908500004,9.790683477000073],[98.63864215200005,9.790388582000105],[98.63844437500012,9.790232653999965],[98.63811536700007,9.789973263000093],[98.63764908400015,9.789654186000064],[98.63744360300012,9.789508874000148],[98.63689111600013,9.789149331000147],[98.63679898500004,9.789101023000057],[98.63650376800007,9.788911355000153],[98.63611314000008,9.788676513000098],[98.63582241100005,9.788536444000158],[98.63559008100003,9.788435072000084],[98.63546891100015,9.788397024000176],[98.63533331600019,9.78835911900012],[98.63523194300006,9.788344437000148],[98.63495453500019,9.788319116000082],[98.63469094300007,9.788296292000155],[98.63444097500019,9.788282501000026],[98.63419554500013,9.788282237000146],[98.63390464300005,9.788290941000184],[98.63366371400008,9.788326744000187],[98.6334545950001,9.788367096000172],[98.63330001300011,9.788412010000172],[98.63304352400007,9.788482217000023],[98.63309796800019,9.788011551000125],[98.6331090870001,9.787712012000156],[98.633012544,9.787230481000165],[98.63288351300008,9.786866605000114],[98.63286923000004,9.786811710000052],[98.63280833100009,9.786577669000167],[98.63275460199998,9.786395738000124],[98.6327656000002,9.786203183999987],[98.63282431700014,9.786012571000128],[98.63284137100015,9.785957206000091],[98.63299273100006,9.785625721000088],[98.63313331900014,9.785283530000129],[98.63318756500018,9.78499473200003],[98.63317706100003,9.78473796600008],[98.63313689900008,9.784553762000144],[98.63304804700005,9.784363388000031],[98.63302791500013,9.784325743000181],[98.6328843660001,9.784057357000165],[98.6328817270001,9.784053182000093],[98.63250975200015,9.783464148],[98.6322406000001,9.783025230000135],[98.63210438700008,9.782806440000172],[98.63196066900014,9.78257559800005],[98.63170237000014,9.782072499000094],[98.63137957000009,9.78137676200015],[98.63107844900014,9.780584765000071],[98.63075584100011,9.779717850000054],[98.63048702000015,9.778979380000067],[98.63039028200012,9.778679723000039],[98.63032584400014,9.77843359000019],[98.63030457900004,9.778155412999979],[98.63031512700002,9.778046821000089],[98.63034421100014,9.777915762000134],[98.63037161900007,9.77785161800017],[98.6304305860001,9.777748396000163],[98.63046688000009,9.777684867000119],[98.63062898100009,9.777396186000146],[98.63077097100012,9.777132796000046],[98.63081289299998,9.777033560000177],[98.63086783300014,9.776824300999976],[98.63088789699998,9.776662148000185],[98.63089958000018,9.776519222000047],[98.63091091100011,9.776027114000044],[98.63091718300012,9.77592926400007],[98.63094383200007,9.775513635000095],[98.63099019000003,9.775176105000014],[98.63099819200016,9.77511785300004],[98.63111732700014,9.774668656000074],[98.63130116100007,9.774230229000125],[98.63161458100006,9.773642161000112],[98.63178777000013,9.773378568000055],[98.63195104200014,9.773154334000026],[98.63208548700015,9.772969685000078],[98.63218027200008,9.772825182000133],[98.63231033200003,9.772626910000042],[98.63249265399998,9.772332238],[98.63252685300006,9.77224368700007],[98.63262041899998,9.772001395000075],[98.63268133500009,9.771772788000078],[98.632803159,9.771327602000042],[98.6328945630001,9.770960616000025],[98.63293115500011,9.770784132000188],[98.63294944800015,9.77069589399997],[98.63300439200003,9.770383026000047],[98.63307154800009,9.769997958000147],[98.63312053800007,9.76958278899997],[98.6331391110001,9.769239793000054],[98.63317012300018,9.76861999199997],[98.63320081500007,9.768295066000121],[98.63320729000014,9.767921971000078],[98.63320753300007,9.767699337000124],[98.63318377900009,9.767412812000146],[98.63312218400006,9.767171403000134],[98.63309814600018,9.76711237800015],[98.63300860500016,9.766927386000077],[98.6329203250001,9.766793465000148],[98.63284564500015,9.76668017600008],[98.63272955100012,9.766531350000037],[98.632462944,9.76623618900004],[98.63230780500004,9.766087098000014],[98.63229888500001,9.766080449000128],[98.63155963800006,9.765534186000139],[98.631104106,9.765252148000059],[98.63066215000003,9.765048404000083],[98.63065044700005,9.765044521],[98.63030637600014,9.764930335000145],[98.6297887980001,9.764833488000022],[98.62928201800008,9.764736653000114],[98.62879681300018,9.764629142],[98.62843024300003,9.764521758],[98.62825451100008,9.764434361000156],[98.62813696800004,9.76437590200004],[98.62808531600018,9.764350211000135],[98.62796195300018,9.764264882000077],[98.6279234160001,9.7642382250001],[98.62774294100018,9.764028389000146],[98.62772979200008,9.764007475000028],[98.62764156100013,9.763795307],[98.62761831500018,9.763575843000183],[98.62763025800018,9.763493542000049],[98.62768133900005,9.763310087000036],[98.62776564800004,9.763161290000085],[98.62794507200016,9.76294653300016],[98.6279682600001,9.762927208000065],[98.62826154800001,9.762681587999964],[98.62868060500017,9.762412035000182],[98.62900171200016,9.762205490000042],[98.62928234200012,9.762004133000175],[98.62941689000007,9.761909944000081],[98.62985370700005,9.761559755000178],[98.63011356800013,9.761288252000156],[98.63040729700003,9.760979895000162],[98.63059834800009,9.760741278000012],[98.63073990300018,9.760550751000153],[98.6311287900001,9.759973463],[98.63148535900007,9.75936404700002],[98.63186355300007,9.758701161999966],[98.63204728200009,9.758348317000184],[98.6322742530001,9.75789923300016],[98.63241478500004,9.757599830000174],[98.6325013780002,9.757311073000153],[98.63255047400014,9.757049672000107],[98.63255561900013,9.75702227700009],[98.63258832600008,9.756701364000094],[98.63257796200014,9.756316213000105],[98.63258919300006,9.755909694000138],[98.63263257500012,9.755685072000176],[98.63264930300005,9.755602576000115],[98.6328610070002,9.755133018000151],[98.6329339950002,9.754956575000051],[98.63298180500004,9.754787892000024],[98.63299433100019,9.754718341000057],[98.63301539000008,9.754491286000189],[98.63300972000013,9.754382205000127],[98.63296007600013,9.754045271000109],[98.63295472600004,9.75402616000008],[98.63292762100019,9.753937467000071],[98.63276434000011,9.753574357000048],[98.63262457000008,9.753311772000131],[98.63246417200014,9.753051524000057],[98.6324499910001,9.753025241000103],[98.63236428000005,9.752866368000014],[98.6322098490001,9.752626995000014],[98.63209176800007,9.752432795000118],[98.6319919190002,9.752211531000114],[98.63189666000005,9.75194965500009],[98.63183921600012,9.751778073000139],[98.63178683100011,9.751575636000155],[98.63178290800005,9.751554488000181],[98.6317726900001,9.751442458000156],[98.63176295500011,9.751186100000098],[98.63177941500004,9.750992698000061],[98.63181154100005,9.750744501000042],[98.63184823300003,9.75047374200011],[98.63189848700011,9.750284236000084],[98.6319520990001,9.75015275000004],[98.63202283900011,9.750014051],[98.63204492500017,9.749983865],[98.63209908500005,9.74990984100009],[98.63225392700002,9.749770097000066],[98.63239962800009,9.749670958000138],[98.63250964600013,9.749587470000165],[98.63256203700013,9.749532565000152],[98.63265014500013,9.749413968],[98.63268015900013,9.749358815000164],[98.63271572200017,9.74925760800005],[98.63272329100016,9.749089083000058],[98.63270983200005,9.748917564000124],[98.63269192900003,9.748646747],[98.63269197700004,9.74860272900014],[98.6326872370002,9.748544186000174],[98.63269802600013,9.748424352000029],[98.6327376120002,9.748218526000016],[98.6328269190002,9.747899254000117],[98.63289446000005,9.747657790000176],[98.633045933,9.74720862200013],[98.63318653900012,9.746834334000084],[98.63342434300006,9.746331773000179],[98.63369468000013,9.745668766000108],[98.63386781100019,9.745134036000081],[98.6340194070001,9.744567190000112],[98.63412082000008,9.744042113000091],[98.63414955500002,9.743893335],[98.63418513700015,9.743755976000102],[98.63425756400017,9.743432419999976],[98.63436714900013,9.743065452000167],[98.63447051800006,9.742842906000078],[98.6346225060002,9.7425361600001],[98.63479868000019,9.74230165500012],[98.63505981600014,9.742031134000058],[98.63527841000007,9.741838800000096],[98.6356244390002,9.741598451000016],[98.63595220400009,9.74141827000011],[98.63628603300009,9.74123809100007],[98.63659556300007,9.741093994000153],[98.63700215300014,9.740943984000126],[98.63727044400008,9.7408636400001],[98.63763219400016,9.740783177000083],[98.63817945700004,9.740630679000049],[98.63826640600007,9.740598496000189],[98.6385996370002,9.740515127000094],[98.6391012700002,9.740355186000102],[98.63970815800013,9.740099065000152],[98.6404364650001,9.739746788000048],[98.64104337300006,9.73946659800015],[98.64127980300009,9.739364543000136],[98.64157189200017,9.739214405000155],[98.64175430500006,9.73908308800003],[98.64199134000006,9.738872823000122],[98.6421036700001,9.738761624000063],[98.64220500100004,9.738608992000025],[98.64227907800006,9.738450610000086],[98.64232179400005,9.73829293000017],[98.64233068900018,9.73824031700019],[98.64233081900016,9.73811835000015],[98.64231480500007,9.737967491000177],[98.64223417200009,9.737734718000183],[98.64202714300006,9.737460270000042],[98.64190566500014,9.737323186000083],[98.64176938100007,9.737133483000093],[98.64166499100014,9.736903189000031],[98.64160602900006,9.736727107000036],[98.64156534200015,9.736487859000135],[98.64154283100015,9.736266682000064],[98.64155080400019,9.736153680000086],[98.6415871910001,9.736013201000105],[98.64161980000006,9.735903631000099],[98.64166764800012,9.735808953000117],[98.64170924400014,9.735748175000026],[98.6417285390001,9.735719982000091],[98.6418333200001,9.735589203000018],[98.64195177500005,9.735426846],[98.642033814,9.735291529999984],[98.64207943400004,9.735174234000056],[98.64210169600011,9.735089421000055],[98.64210934500016,9.735060283000166],[98.64211140900011,9.735052407000012],[98.64211143200004,9.735031011000046],[98.64211157700015,9.734894437000094],[98.64207678400004,9.73471702500018],[98.64207085200007,9.734686784000075],[98.64204628200014,9.73462974400013],[98.64203973500008,9.734614544000124],[98.64191207900018,9.734371177000128],[98.64182904500007,9.73423927500005],[98.64169242100013,9.734067491000076],[98.64159509800015,9.733945119000055],[98.64132044300004,9.733631902000184],[98.6410619240001,9.733350803000121],[98.640746809,9.733053595],[98.64039122100007,9.732788436000021],[98.64009225300003,9.732523338000135],[98.63979326300017,9.732274283000038],[98.63954278200015,9.732049360000133],[98.63919540900008,9.731663852000054],[98.63892886800016,9.73133459800016],[98.6389204350001,9.731322157000136],[98.63867853500011,9.730965239000056],[98.63844441800006,9.730563807000067],[98.63842967200009,9.730532836000066],[98.63836615100007,9.730399438000063],[98.63828917500007,9.730166179000037],[98.63824249400005,9.729934957000069],[98.63822695100009,9.729721082000083],[98.63824501300013,9.72953796100012],[98.63826954100006,9.729424292000033],[98.63835692500015,9.729191656000125],[98.63851900400016,9.728894949],[98.63881064600014,9.728445925000187],[98.63906888600019,9.728096905000086],[98.63917660200002,9.72793266500014],[98.63920081900017,9.727893263000112],[98.6393092510001,9.727716827000052],[98.63932699700013,9.727680185000054],[98.63941826000013,9.727491741999984],[98.63947022600018,9.72734331200013],[98.639510143,9.727162382000074],[98.63951678500001,9.727119853000033],[98.63952384599997,9.727074619],[98.63953120000008,9.727007244000049],[98.63954695300004,9.726862811999979],[98.63954803000007,9.726831422000089],[98.63954074100008,9.72640866800009],[98.63951358700012,9.726224148000085],[98.63946898500018,9.72605823400005],[98.63937958600013,9.725838817000124],[98.63937940100004,9.725838373000045],[98.63926429600019,9.725617354000178],[98.63918639300005,9.725494795000031],[98.63888788600013,9.725091664],[98.63865739200008,9.72485197500015],[98.63862370800013,9.724823136000168],[98.63848876300005,9.72468756000012],[98.63833768600011,9.724521815],[98.63820973200018,9.724355451000122],[98.63808655000008,9.72416320100018],[98.6379806010001,9.723942825000051],[98.63795016400019,9.723879511000177],[98.63788090100002,9.72364957300016],[98.63784953900011,9.723511229000053],[98.63783865800019,9.723379992000162],[98.63782152800019,9.723164013000144],[98.63774971400011,9.72225850100017],[98.63773419300014,9.721648683000126],[98.63774273400008,9.721231455000066],[98.63775849300004,9.720975434000138],[98.63781814400011,9.72063825500004],[98.6378324220002,9.72055755700012],[98.6379298350002,9.720220660000052],[98.63803742800013,9.71995109300019],[98.63805147900013,9.71991588800006],[98.63805331700007,9.719911688000025],[98.63813703599999,9.719720579000125],[98.63824259200004,9.719498390000126],[98.63834078000019,9.719328715000017],[98.63852955300007,9.719073903000094],[98.63874017600017,9.718753173000039],[98.63913701000013,9.718248097000185],[98.63959045600018,9.717743080000048],[98.63977864100019,9.71754790600005],[98.64010053800013,9.717214049000063],[98.6402046390001,9.717091360000097],[98.64030644299999,9.716938519000166],[98.6404083870001,9.716724926000154],[98.64041892500006,9.71667589700013],[98.64045081100005,9.716527534000022],[98.64045909500004,9.71648898799998],[98.64046531800011,9.71642705000005],[98.6404654700001,9.716284654000162],[98.64046563400012,9.716131230000087],[98.64046590700008,9.715875187000108],[98.64046594800016,9.715836283999977],[98.6404661470001,9.715649803000133],[98.6404233770001,9.715307401000018],[98.64038416100004,9.715170673000102],[98.64030514500007,9.71495156900005],[98.64016528200011,9.714651866000054],[98.64001799900012,9.714395520000153],[98.63988538500018,9.714212944000167],[98.63971579500014,9.713980075000165],[98.63937656800005,9.713562482000157],[98.63918334700014,9.713366953000047],[98.63907134200002,9.713253603999988],[98.63897635600017,9.713184770000169],[98.63889012600015,9.71313020000008],[98.63879341900002,9.7130937820001],[98.63870454100015,9.713070337000033],[98.63861302600014,9.71306505500013],[98.63853981100004,9.713067574000092],[98.6385342280002,9.713067982000098],[98.6384352070001,9.713075245000084],[98.63828352500013,9.713095838000072],[98.6381867680002,9.713106109000137],[98.63809001900012,9.713106007000135],[98.63799329300008,9.713090337999972],[98.63789658100012,9.713056514000016],[98.63779305000014,9.713005483000188],[98.63771246900012,9.712919204000059],[98.63764355300015,9.712863736000088],[98.63761956100007,9.71283093400001],[98.63754473600005,9.712782783000023],[98.63747817200004,9.712765483000055],[98.63745474600006,9.712759394000159],[98.63744345400016,9.712756457000182],[98.63734212900005,9.712773832000096],[98.63723196100017,9.71282178100006],[98.63709536800013,9.71286534],[98.63699844100006,9.712887085000148],[98.63691035100004,9.712882623000155],[98.63680908300017,9.712847554000177],[98.63660220400004,9.712716237000052],[98.6363337480002,9.712501824000128],[98.63614890999997,9.71235304600009],[98.63604332900007,9.712234944000102],[98.63598177400019,9.712129998000137],[98.6359334670002,9.7119988500001],[98.63589839400004,9.71184586000004],[98.6358413170002,9.711675374000151],[98.63577538800018,9.711544203000074],[98.63573420000017,9.711485436999965],[98.63567423400013,9.711399884000116],[98.6355686440001,9.711290522000127],[98.63546745200011,9.711181165000028],[98.6353882910002,9.711067463000063],[98.6353267450001,9.710958150000124],[98.63529079800003,9.710871698000119],[98.6352740260001,9.710831360000157],[98.63514650600018,9.710634578],[98.63502332300004,9.710498977999976],[98.63489133200005,9.710358993000057],[98.63475490700006,9.710249600000168],[98.63460963300008,9.710175157000094],[98.63442911800018,9.710105044999978],[98.63421334600008,9.710052374000156],[98.63403667300014,9.710018794000064],[98.63395373900016,9.709984186000042],[98.63382833500009,9.70989511700003],[98.6338237080002,9.709890996000127],[98.63372399100018,9.709780185000113],[98.63362430600017,9.709640235000109],[98.63356569900003,9.709529468000085],[98.63351889799998,9.709360443000037],[98.63347212100012,9.709173943000053],[98.63344313100004,9.708824313000093],[98.6334140030001,9.70860869500018],[98.63335559900008,9.708311475000073],[98.63330309100019,9.707990953000035],[98.6332387860001,9.707717032],[98.63314514500007,9.70741977400013],[98.63306330700004,9.70719571900014],[98.63300461700015,9.70703506100017],[98.632881618,9.706731946000048],[98.632752826,9.706358900000112],[98.6326825760001,9.706149068000173],[98.6326358500001,9.705915954000034],[98.63263505700013,9.705911056000161],[98.63257751700019,9.705554637999967],[98.63252510600017,9.70514671799998],[98.63248426900009,9.704896126000051],[98.63240235400013,9.704616361999967],[98.63229698800012,9.70430160900014],[98.63219159500005,9.704010165],[98.63206855500016,9.703765346000068],[98.63201381600015,9.703667343000063],[98.63199951200005,9.703646861000152],[98.63183680100019,9.7034401250001],[98.63172193700007,9.703335990000085],[98.63168851800009,9.703305696000086],[98.63162273900002,9.703252552000095],[98.63147391400008,9.703153879000013],[98.63119482000008,9.703005813000061],[98.63106479600015,9.702927297000144],[98.6309951340001,9.70287801100011],[98.63083167600007,9.702733948],[98.63078797700007,9.70268487200002],[98.63067187000013,9.702530243000126],[98.63060648900017,9.70241745900006],[98.63050247300009,9.702194543000076],[98.630476079,9.702117893000093],[98.63035873200016,9.701852358999986],[98.63035578900019,9.701846504000116],[98.63026205500006,9.701636641000107],[98.63021026000013,9.701521670999966],[98.63016114000015,9.70143283100009],[98.6300862110001,9.701327639999988],[98.62999235500013,9.701234316000125],[98.62996978100006,9.701215877000095],[98.62989072500011,9.701162659000147],[98.6297986730001,9.701123396000185],[98.6296753970002,9.70107665200004],[98.6294581590002,9.701029801000175],[98.62931139500012,9.700983032000124],[98.62915692200005,9.700893818000168],[98.62910525900014,9.700853102],[98.628992311,9.70073705100009],[98.62890961000016,9.70062625100013],[98.62881277800017,9.700469748000103],[98.62856651600003,9.700114057000064],[98.62830848400017,9.699781658000177],[98.62807390400013,9.699484242999972],[98.62788216899997,9.699284522000085],[98.62779420300018,9.699205796000115],[98.62773218600012,9.699150300000156],[98.62736834700013,9.698911012000053],[98.62715120600018,9.698776761999966],[98.62689880200008,9.698665781000102],[98.62678731800008,9.698578259000158],[98.62675052500015,9.6985380160001],[98.62672034000008,9.698462109000161],[98.62670533300013,9.698368413000026],[98.6267028370001,9.698350096000013],[98.62668200500019,9.698270508],[98.62661619300007,9.698149270000101],[98.62649090800005,9.697968482000078],[98.62630445100018,9.697724068000127],[98.62593883800002,9.69726190300014],[98.62548640200009,9.696750388],[98.62494717800007,9.696164891000137],[98.62468201900009,9.695889881000141],[98.6242830720002,9.695539846000031],[98.62398970600009,9.695300631000066],[98.6237138890001,9.695125528000062],[98.62357890400017,9.695049632000178],[98.62337930800004,9.694985323000083],[98.62323456700005,9.694970199000068],[98.62309745600015,9.694955882000045],[98.62275097100019,9.694955501000095],[98.62250434000009,9.694937746000107],[98.62234250600005,9.69492150800005],[98.62231537000008,9.694916243000023],[98.62215206700017,9.694867438000188],[98.62207343500006,9.694817670000134],[98.62200294500008,9.694749522],[98.62195849000005,9.694669118000093],[98.6218002660001,9.6943717850001],[98.62160694400012,9.693946228000186],[98.62140205100013,9.693369165000092],[98.62132560700019,9.693196528000101],[98.62128277300019,9.693109819000142],[98.62116572399998,9.692907333000107],[98.62104863100018,9.692745315000025],[98.62089583400007,9.692593373000022],[98.62086966700014,9.692562145000124],[98.62078762300007,9.692464238000127],[98.62076151100007,9.692412276000084],[98.62073808300005,9.69231495400004],[98.62074031200018,9.692252789000122],[98.62077117200005,9.692088461000026],[98.62079449700013,9.692021591000184],[98.62090184300013,9.691783933000067],[98.62095142300012,9.691619134000177],[98.62095820400009,9.691538654000112],[98.62095830900017,9.691445042000169],[98.62094264000018,9.691382556000121],[98.62089849500018,9.691311393000035],[98.62083615400007,9.691252666000025],[98.62069859000007,9.691156392000096],[98.62050492600002,9.691075230000138],[98.62026533900018,9.691019318000087],[98.61999007000009,9.690958306000027],[98.61979639900011,9.690882203000058],[98.61964860600006,9.69081627300011],[98.61940913400014,9.690659178000146],[98.61920027100018,9.69049199799997],[98.61897548200017,9.690308642000105],[98.61895931600003,9.690290783000137],[98.61830223400005,9.689686677000054],[98.61781879300008,9.689175117],[98.61749658100007,9.688762246000067],[98.61723641200012,9.688361762000113],[98.61660475900004,9.687228190000155],[98.61604712300004,9.686482581000178],[98.61553274100015,9.685909418000108],[98.61485708200007,9.685280655000042],[98.6144791390002,9.684975010000016],[98.61436236200018,9.68486174800006],[98.61429833600005,9.684787267000047],[98.61427609700007,9.684747936000065],[98.61426916300002,9.684721273000093],[98.61427852800017,9.684675092000077],[98.61430960700017,9.684635102000186],[98.6143593060001,9.684595126000033],[98.61439614600016,9.684556376000046],[98.61441619800001,9.684529340000097],[98.61444012300012,9.684484363000024],[98.61445261300014,9.684416632000023],[98.6144505380002,9.684350428000073],[98.61444151100011,9.684295793000047],[98.61442797300003,9.684253405000106],[98.61438774000015,9.684154823000142],[98.61437624300004,9.684136424000087],[98.61435884100018,9.684108583000011],[98.6142916840002,9.684022312000081],[98.61415528200013,9.683895911000036],[98.6141037320001,9.68383325600007],[98.61405685700004,9.683758848000139],[98.61400351400016,9.683630927000138],[98.61399372300014,9.683591875000104],[98.6139673730001,9.68344474900016],[98.61395914100012,9.683353751000084],[98.61393897500005,9.683151370000132],[98.6139341540001,9.68296661100004],[98.61392056300014,9.682894897000153],[98.61389272200006,9.682817882999984],[98.61386485600008,9.682762425000021],[98.61381529600004,9.682676152000056],[98.61374405900011,9.682552899000086],[98.61372379000011,9.682336820000046],[98.61372394000011,9.682205439000143],[98.61368549300005,9.682052118000115],[98.61360290700014,9.681904220000149],[98.61345899500014,9.681709725000132],[98.61325057700014,9.68123049500008],[98.61307468000007,9.680660985000031],[98.61292435600006,9.680226839],[98.61285102600004,9.67994087700015],[98.61278444000004,9.679772134000132],[98.61270344300016,9.679619018999972],[98.61266113300002,9.679550625000047],[98.61253306300011,9.67937393700015],[98.61249769700004,9.679324369000142],[98.61240128800011,9.679144807],[98.61238857500007,9.67908227099997],[98.61238874500003,9.678934470000115],[98.61238892300008,9.678778455999975],[98.61238896200018,9.67874516500018],[98.6123890450001,9.678672087000166],[98.61238399000013,9.678577309000161],[98.61238010400012,9.678504441000143],[98.61236905500004,9.67841286700002],[98.61230470600015,9.678245312000115],[98.61217805400014,9.678037150000137],[98.61202931500014,9.677839909000056],[98.61177036600014,9.677533061000076],[98.61161643700012,9.677379980000126],[98.61154571100013,9.677320089000034],[98.6113790120001,9.677220589000171],[98.61120254100013,9.67715470000013],[98.61100397600012,9.677110682000034],[98.61084402700016,9.67707218300012],[98.61067856400007,9.677028201000041],[98.61052414200003,9.676978758000132],[98.61038078600012,9.676901955000062],[98.61024847700008,9.676814217000071],[98.61010514700013,9.676715519000084],[98.6100703190001,9.676688875000025],[98.60995477400019,9.67661225400019],[98.60987565800002,9.676560479000045],[98.60953005900012,9.676362409000035],[98.60937401300004,9.676290441000106],[98.60919898800017,9.67621726599998],[98.60897389000002,9.67613974600016],[98.60878289600004,9.676080029000104],[98.60838624600007,9.675956003000124],[98.60827838800003,9.67591694600003],[98.60803450800012,9.675837528000045],[98.60770551400009,9.675683450000065],[98.60760196700011,9.675624217000063],[98.60733733500007,9.675463337000053],[98.60698453600008,9.675214773999983],[98.60663181700016,9.674893216000044],[98.60656446700006,9.674823326000137],[98.6062129710001,9.67450589300006],[98.60605136000015,9.674315935000152],[98.60596523100008,9.674210806000076],[98.60583766900015,9.674006349000138],[98.60580170700001,9.673928806],[98.60573530700003,9.673770164000018],[98.6057146300002,9.673687025000163],[98.6056771490002,9.673505327000044],[98.60564803,9.673242532000074],[98.60559687000006,9.672957814000142],[98.60553092200007,9.67273877100007],[98.60547962600009,9.672570834999988],[98.60539169300006,9.672278780999989],[98.60533332200009,9.671869973000128],[98.60526371200018,9.671561814000086],[98.60526154900009,9.671553906000156],[98.60522558300016,9.671448997000084],[98.605192041,9.671372451000138],[98.60511317300006,9.67125834],[98.60507663600015,9.67120547400009],[98.60493704400017,9.67105933900018],[98.60472388200009,9.670920415000069],[98.60440044100011,9.670730270000035],[98.60415046100019,9.670627796000076],[98.60387839400016,9.670539896000093],[98.60353277200016,9.670444611000107],[98.60317242500008,9.670363904999988],[98.60266496100019,9.670283031000054],[98.6023193170002,9.670209642000145],[98.602076647,9.670143671000062],[98.60194610300005,9.67008542200017],[98.60183780800008,9.67002919700002],[98.60182376500006,9.670018600000105],[98.60154663500003,9.669779448000043],[98.60150336800012,9.669734266000034],[98.6013638120001,9.669558934000122],[98.60123894900016,9.669398211000043],[98.60112885000018,9.669193715000176],[98.60104090600004,9.668916252000031],[98.60099436100018,9.668625420000126],[98.60100480600005,9.668339594000145],[98.60101116900012,9.66823135200002],[98.60104546800005,9.66797277000012],[98.60109375600013,9.667763084],[98.60121947800008,9.667193912000187],[98.60139688700008,9.666456929000049],[98.601509841,9.66581438600008],[98.60152069900005,9.665770569000074],[98.60157752000003,9.665462519000187],[98.60165757800007,9.664700257],[98.60166243800012,9.66463117900014],[98.60164883800007,9.663838124000165],[98.60164785400013,9.6637839280001],[98.60159312300016,9.66302392700004],[98.60156177100004,9.662816170000156],[98.6014936250001,9.662387892000083],[98.60141183700006,9.661891088000175],[98.60128861600009,9.661092823000104],[98.60123382500007,9.660857379],[98.60113176300018,9.660603340000023],[98.6009776840001,9.660274708000031],[98.60080878500008,9.660033647000091],[98.60066240800018,9.659910454000112],[98.60057423600011,9.659848328000123],[98.60044566800013,9.659775836000165],[98.60031258400016,9.659734796000123],[98.60012509000012,9.65970440100017],[98.59992648400004,9.659704170000055],[98.59978240300006,9.6597250210001],[98.59959266300018,9.659770156000036],[98.59949237900008,9.659805850000112],[98.59927896800008,9.659885889000122],[98.59909494600015,9.659995160000165],[98.59889248600007,9.660105693000162],[98.59879915600015,9.660146420000046],[98.59873902599998,9.660179476000167],[98.5985223740002,9.66027852700006],[98.59837997900001,9.660333629000036],[98.59821042400011,9.660379299000056],[98.59800922599999,9.660427240000047],[98.59785340600007,9.660447006000084],[98.59766111200014,9.660446781000132],[98.59740882900013,9.660404753000023],[98.59727003800015,9.660361630000125],[98.59715816700003,9.660284214000114],[98.59708962200011,9.660207518000163],[98.597039957,9.66014032600009],[98.59695554500013,9.659959360000073],[98.5969207240002,9.659825970000043],[98.59691284700017,9.65978575700018],[98.5968822600002,9.659361551000075],[98.59692176500016,9.658821747000161],[98.59695327600019,9.658467019000113],[98.59691479200006,9.658150773000045],[98.59686450800012,9.658029202000023],[98.5968476500002,9.658010445000173],[98.59673607399998,9.657931165000036],[98.59657934300009,9.657889802000057],[98.59643324800015,9.657872574000066],[98.596021388,9.657818101999965],[98.59554736200005,9.657755849000068],[98.59523650400007,9.657732347999968],[98.59485572300014,9.657685628000024],[98.59454492100014,9.657615849000024],[98.59417235600017,9.657503770000062],[98.59405547900019,9.657445604999964],[98.59375900700013,9.657268615000078],[98.59352515600006,9.657048697],[98.5934174190001,9.656922404000113],[98.59330243200014,9.65673519500018],[98.5931473760001,9.656411101000174],[98.59314196200017,9.656400320999978],[98.59294866000016,9.655933498000024],[98.59288725300013,9.65568002100008],[98.59284551800016,9.655369599000153],[98.59280722300008,9.65489910500014],[98.59278456500016,9.65435151400004],[98.5927850990002,9.654319546000067],[98.59280564200003,9.653999493000128],[98.59281733700004,9.653641900000139],[98.59281770000018,9.653340170000035],[98.59278407800002,9.653200437000123],[98.59271098800019,9.653105360000154],[98.59267802400012,9.653090592000183],[98.59263374600005,9.653070759],[98.59259843300003,9.653054939000128],[98.59252423900011,9.653045924000025],[98.59247611100005,9.653040079000164],[98.59241263700011,9.653032367000037],[98.59223807200016,9.653032160000123],[98.59198468500006,9.653026275000059],[98.59196879400008,9.653024004000144],[98.59178763500012,9.65299810200014],[98.59163005800013,9.652919688000054],[98.59150631400018,9.652807788000018],[98.59135454500017,9.652584103000095],[98.59119003900003,9.652398355000173],[98.59118796300004,9.65239601400009],[98.59109069800007,9.652315584000178],[98.59093265800016,9.652220406000083],[98.59069626600012,9.65213072400013],[98.590206593,9.651945745000035],[98.58948611,9.651710209999976],[98.58854522000013,9.651467552000156],[98.58839970100007,9.651407177000067],[98.58829278600007,9.651345588000027],[98.5882196770001,9.651267274000134],[98.58818873700005,9.651222805999964],[98.5881711460001,9.651169502000187],[98.588171273,9.651065030000098],[98.58814487100017,9.650871169000084],[98.58812445500007,9.650802492000025],[98.5880507280001,9.650688389000095],[98.58802478400008,9.65066257500007],[98.58793300300005,9.650583454000184],[98.58757182700015,9.650424999000165],[98.587357569,9.650333577000026],[98.5872168030001,9.65024831900007],[98.5870944130001,9.650157008000065],[98.58706851400018,9.650129336000077],[98.58702547700005,9.650083356000039],[98.58692925700012,9.649980554000024],[98.58683729200004,9.649907946000098],[98.58668104499998,9.64979772300012],[98.58619480800019,9.649542075000113],[98.58590503800019,9.649405444000081],[98.58584589000009,9.649377556000047],[98.58583472000004,9.649371534000124],[98.58561060200014,9.649220229000093],[98.5855156720001,9.649142462000157],[98.58550932100002,9.649134039000103],[98.58541145900011,9.649024523000094],[98.58535778000004,9.648889098000154],[98.58533772400017,9.648708021000175],[98.58527012900015,9.64817229],[98.58527487499998,9.647962973000176],[98.58526588900014,9.647857417000125],[98.58522936100013,9.647675040000081],[98.58517189200012,9.647529357],[98.58511937300011,9.647462184000062],[98.5850459670001,9.647389165000106],[98.58491135500014,9.647279605000108],[98.5846848770002,9.647163856000077],[98.5845012210001,9.647090700000035],[98.58426214400015,9.646994336000034],[98.58425402500012,9.646989848000032],[98.58423332500018,9.646976342000187],[98.58415635500018,9.646899778000034],[98.58411250800003,9.646822843000166],[98.58407904300003,9.646737680000115],[98.5840608540002,9.646585714000025],[98.58406105600005,9.646421614000076],[98.5840857340001,9.646275778000131],[98.58414719200005,9.646105675000172],[98.58420027600016,9.645952307000073],[98.58422709500019,9.645874818000152],[98.58425307100003,9.645808776000024],[98.58431311300018,9.645656122],[98.58431754200012,9.645646432000092],[98.58442979600017,9.645400998000014],[98.5845526330001,9.645121567000103],[98.5845559340001,9.645115438],[98.58458534100015,9.64507131400012],[98.58473663500007,9.644909069000107],[98.58483479400007,9.644775474000141],[98.58489007500015,9.644647908000081],[98.58493925300013,9.64450210299998],[98.58502528600008,9.6442651750001],[98.5850621560001,9.644167972000162],[98.58511739900013,9.644070798000087],[98.58521553500009,9.64395543900008],[98.58531979499998,9.6438400830001],[98.58538731700008,9.643718610000121],[98.58544873800008,9.6435788980001],[98.58552246800014,9.64338449600018],[98.58558394099998,9.64320223599998],[98.58565147500008,9.643068608000135],[98.58574358500005,9.64287422800004],[98.58589086700016,9.642637376000152],[98.58600208800004,9.642445793000036],[98.58616536100016,9.642239285000187],[98.58629502700006,9.64214594100008],[98.58633173200013,9.642114991000028],[98.58645508000006,9.64203027800005],[98.58674322700017,9.641799667000043],[98.58677843300006,9.641772561000096],[98.58697482700018,9.641599278000058],[98.58713112200019,9.641419198000108],[98.58721542800009,9.64130793400011],[98.58739945400004,9.641071123000131],[98.58757743900009,9.640767445000051],[98.5876879380001,9.640560937000032],[98.58778620600003,9.640336175000073],[98.5878371780002,9.640166790000023],[98.58785392900006,9.640048161000095],[98.58785415500006,9.639862191000134],[98.58783677800017,9.639760884],[98.58778562900011,9.63960230900011],[98.58767704700017,9.639442615000064],[98.58758144000018,9.639342075000116],[98.58746295500003,9.639217480000184],[98.58717539200012,9.638974027000188],[98.58699304800012,9.638828911000076],[98.5869612350001,9.638803593000148],[98.58690175000004,9.638765653000178],[98.58683275300012,9.63872164999998],[98.5866320950002,9.638624280000101],[98.58654195200012,9.638593407000144],[98.58621120500004,9.638500847000103],[98.58597333600017,9.638458065000123],[98.58574184200017,9.638446581000096],[98.58528453500008,9.638446031],[98.58479453300004,9.638469753000038],[98.58439435700018,9.63849358300007],[98.58401052300019,9.638509328],[98.58394396200009,9.638509247000115],[98.58373152000013,9.638498232000188],[98.58356959900016,9.638468276000026],[98.58336555300014,9.638378886000055],[98.58309760200007,9.638236247000066],[98.58296736300002,9.63815422700003],[98.5826801520002,9.637924253],[98.58229817400019,9.637517456000012],[98.58225689000017,9.637477936000153],[98.582204913,9.637428182000122],[98.58216455200017,9.637389548000101],[98.58212006700012,9.637347685000123],[98.58189143800013,9.637171027000022],[98.58176986500007,9.63710189200009],[98.58169092600019,9.637055094000118],[98.58155413300017,9.636973999000077],[98.58149208100019,9.636941883000077],[98.5813151970001,9.636840329000051],[98.58123521000016,9.636781835000022],[98.58114104999999,9.63670455900018],[98.5809863070001,9.636567726000123],[98.58097586500008,9.636558490000084],[98.58097263400009,9.636554738000143],[98.58080441100014,9.636359497000058],[98.58064080399998,9.636138968000182],[98.58056550200018,9.636027652000053],[98.58045770900003,9.635868311000081],[98.58035551,9.635717233000037],[98.58019369800013,9.635448871],[98.5800320300001,9.635220994000065],[98.5798057230001,9.634977612],[98.57950599200007,9.634673354000086],[98.57914505800005,9.634338640000067],[98.57883301400017,9.63408906900014],[98.57856989600009,9.633894258999987],[98.57831294500005,9.633669071000043],[98.57810495000018,9.633474327000044],[98.57793110000017,9.633291497000016],[98.57785483900017,9.633186442000124],[98.57776864200002,9.633036319000041],[98.57776608500012,9.633032466000031],[98.57754245900009,9.632695688000013],[98.5773761160001,9.632488820000162],[98.57735901100017,9.63246450500003],[98.57733743600005,9.632440186000053],[98.57712616800018,9.632201984000062],[98.57708378800004,9.632154201999981],[98.57682684800011,9.631922936000024],[98.57652698800018,9.631728080000073],[98.57618423500014,9.631551403000117],[98.57578639000019,9.631350347000023],[98.57527227600008,9.631076217000043],[98.57483765199999,9.630899425],[98.57452464000005,9.630766306999988],[98.57419844600003,9.63056861299998],[98.57415081700009,9.630538448999971],[98.57413465700017,9.630524324000135],[98.57406438000015,9.630434737000087],[98.57403295800003,9.630356500000119],[98.57402516200011,9.630254245000117],[98.57405637700009,9.630130975000043],[98.57413299900003,9.629806924000093],[98.57414134900006,9.629590467000071],[98.574129406,9.629462331000127],[98.5740683780001,9.629244992000167],[98.57390545200013,9.62893144700007],[98.57376416400018,9.628725980000013],[98.57355761800017,9.628466405000154],[98.57323030900017,9.62816950700011],[98.57315596700005,9.628110087000152],[98.57270917100004,9.62781706100003],[98.57219783700015,9.627503089000186],[98.5713601110001,9.626994218000107],[98.57067463600015,9.62662600100009],[98.57027208400007,9.626387791000127],[98.56984784200017,9.62608472700009],[98.56940191900009,9.625706001000026],[98.56874927700011,9.625208157000031],[98.56829224900014,9.624805924000043],[98.56800172000015,9.624522337000144],[98.56753864200005,9.62409041799998],[98.56714796700015,9.623694538000109],[98.56680792500009,9.623356232],[98.56644617700016,9.62299632900016],[98.56608254100007,9.622662853000122],[98.56581473200004,9.622417260000134],[98.56506118700014,9.621726216000127],[98.56478198600001,9.621470179000028],[98.56451419700016,9.621282926000049],[98.56418845700006,9.621095602000025],[98.56396401200004,9.621001862000071],[98.56370605400019,9.620916169000168],[98.56368799000012,9.620912756000166],[98.56347158000017,9.62087184000012],[98.56303754400011,9.62080725100003],[98.5629356230001,9.620792086000108],[98.56263144299999,9.620741376000183],[98.56244316000016,9.620690814000113],[98.56228389400013,9.620611538000105],[98.56210295900013,9.620481903000098],[98.56197276200015,9.620330771000056],[98.56193112900013,9.620263444000102],[98.56185709800013,9.620143711000026],[98.56177038300018,9.619978257000184],[98.5617344010002,9.61979129800011],[98.56172736400009,9.61963313200016],[98.56174931800012,9.619460626000091],[98.5617858060001,9.619252192999966],[98.56182236500001,9.61898624700018],[98.56182305300007,9.618979275000129],[98.56181524400006,9.618892781000113],[98.56177265200012,9.618765436000103],[98.5616946510001,9.618616263000149],[98.56165933800014,9.61857196000011],[98.56149368300004,9.618422401000089],[98.56131614200018,9.618324220000034],[98.56105550400008,9.618208870000103],[98.56103162900013,9.618200474000105],[98.5606862300001,9.618078997000055],[98.56007800900011,9.61786974600011],[98.55924532000006,9.617581123000093],[98.55863711799998,9.617357490000131],[98.55824754200012,9.617262668000137],[98.55804330500018,9.617212954000081],[98.55751469900014,9.617054122000127],[98.55721789200015,9.616902775000085],[98.55698634800018,9.616701183000146],[98.55685624000012,9.616485349000016],[98.5568275810001,9.61624088900004],[98.55682061900006,9.61602521300017],[98.55687996699999,9.615709069000104],[98.55643328300016,9.61571638900017],[98.55540712900017,9.61585013600012],[98.55533032300002,9.615874283000096],[98.55528839600004,9.615915787000176],[98.55523595400012,9.61598844700012],[98.55519399900015,9.616047270000081],[98.55512417800014,9.61606795800003],[98.55506484,9.61607826900007],[98.55500901800019,9.616067809000128],[98.55494972000008,9.616046955000172],[98.55484860600006,9.615977561000136],[98.55476143900006,9.615922036000029],[98.55467772600014,9.615890758000148],[98.55454860200012,9.615894054000023],[98.55445784900013,9.615907790000108],[98.55438452000004,9.615942332000145],[98.55429022700014,9.615997618999984],[98.55404918900007,9.616187788],[98.553902445,9.616319201000124],[98.55386044,9.616416115000163],[98.55383590200012,9.616502664000109],[98.55382530800011,9.616596156000071],[98.55382170500008,9.61668273700019],[98.55382860500015,9.616745083000012],[98.55382850500013,9.616821274000188],[98.5538284050001,9.616897465000022],[98.55381785500015,9.616959786000109],[98.55378285600017,9.617035934],[98.55374788000012,9.617094763000182],[98.553691969,9.61715356500008],[98.55359769600011,9.6171915380001],[98.55351742300013,9.617198365000036],[98.55323825800008,9.61718415200005],[98.55316846800014,9.617184062000035],[98.5531091250001,9.617197837],[98.55306719700019,9.61723587800003],[98.5530287270002,9.617298167000115],[98.55294475300019,9.617467757000156],[98.55287341000007,9.617644872000142],[98.55278720100011,9.617858900000101],[98.55227574100007,9.619343962000016],[98.55217431000011,9.619516992000115],[98.55210795500005,9.619558467000104],[98.5520486050001,9.619575703000123],[98.55192289900003,9.619630952000136],[98.55184255600005,9.619689724000011],[98.55178663300012,9.619755454000142],[98.55174814700013,9.61983159600004],[98.55171313000017,9.619921592000026],[98.55168163900015,9.619987354000159],[98.55163270100019,9.62004616400003],[98.55157138900006,9.620083794000152],[98.5514996820001,9.620105349000028],[98.55149109100017,9.6201079330001],[98.55137940000009,9.62012163900016],[98.55123981000008,9.620121458000028],[98.55106881200015,9.620121236000045],[98.55080106400004,9.620119536000061],[98.55047202700007,9.62014816900006],[98.55034286100005,9.62017916800005],[98.55027999900017,9.620217181000044],[98.55021713500008,9.620251735000068],[98.55016825900015,9.620265524000047],[98.55011242300014,9.620265450999966],[98.55003219800017,9.620237638000049],[98.54991706000004,9.6202167080001],[98.54982980900002,9.620223522000174],[98.54968320900014,9.620247575000121],[98.54943535800015,9.620302663000018],[98.54925383100016,9.620350910000013],[98.54908972700008,9.620413034000023],[98.54898147800009,9.620464840000068],[98.54885222900015,9.620561642000041],[98.54863560000007,9.620758766000051],[98.54845044200005,9.620907440000053],[98.5483666360002,9.620948891000012],[98.54828285100012,9.620969561000152],[98.54822005000017,9.620959090999975],[98.54816075000002,9.620938234000107],[98.5481014790002,9.62089659600008],[98.54800378900012,9.620879153000146],[98.54783979600012,9.62086162300011],[98.5474978040001,9.620857711000156],[98.54742102400013,9.62086107500005],[98.54733026500014,9.620878271000038],[98.54720801899998,9.620957766000174],[98.54709271900003,9.621058046000087],[98.54701230500012,9.621172226000112],[98.54695289700004,9.621234488000141],[98.5468795480001,9.621282878000045],[98.5468446280002,9.621296686000107],[98.54681316700004,9.621338203999983],[98.54679913000018,9.621397060000106],[98.54678509500019,9.621452453000131],[98.54675362400013,9.621500895000054],[98.54671169000005,9.62154240000001],[98.54667324700017,9.621583907000172],[98.54664178900003,9.621621962000063],[98.54663821200018,9.621687756000142],[98.54663115600016,9.62174316300002],[98.54663455100018,9.621815894000122],[98.54663444900012,9.62189208500007],[98.54663435700013,9.621961347000138],[98.5466447140002,9.622047943000041],[98.54663414000004,9.622124120000024],[98.54661659400017,9.62219682500006],[98.54658513700014,9.622234879000018],[98.54654321200013,9.62226945600014],[98.54648731700007,9.622314406000157],[98.5464418740001,9.622369757000172],[98.54637195700008,9.622463171999982],[98.54628453400005,9.622594659000129],[98.54617275400005,9.62267416800006],[98.54605403600016,9.62272249400013],[98.54594930600001,9.622753529000136],[98.54583411900018,9.622767229000033],[98.54566310500007,9.62277739600006],[98.54537695400012,9.622770092000167],[98.54514665600004,9.622749009000131],[98.54502105900008,9.622724598000161],[98.54480825700006,9.62266890800015],[98.5446512480001,9.622644456999979],[98.54450819300007,9.622623493000049],[98.54435616200004,9.622645080000154],[98.54399483700007,9.622745903000066],[98.54395033500009,9.622751041000129],[98.54390585500016,9.622740590000035],[98.54386662100012,9.622719757000027],[98.54386229800019,9.622716117000039],[98.54369568300018,9.622725918000071],[98.5435172660001,9.62276993100005],[98.54345669400004,9.62279535200014],[98.54318266600012,9.622910353000123],[98.54312967800013,9.622932591000051],[98.54285083500008,9.623051143000055],[98.54266955300017,9.623153231000174],[98.54244331900014,9.623245327000177],[98.54233773900006,9.623288307000166],[98.54216887700017,9.62331470200013],[98.54203948399999,9.62333492800019],[98.54171894300003,9.623375987000145],[98.5415488380001,9.623455964000073],[98.54152254400003,9.623467145],[98.54128951400014,9.62356624400013],[98.54118641200012,9.623557809999966],[98.54108665100011,9.62351548600003],[98.5410817550001,9.623513409000111],[98.54103600900004,9.62349400200003],[98.54098306999998,9.623485634000076],[98.5409273190001,9.623496622000062],[98.54089940600016,9.623529773000087],[98.54086582200006,9.623634822000156],[98.54085282900013,9.623760992000086],[98.54083193600013,9.62396388500008],[98.54082607000015,9.62417959600009],[98.54085386400016,9.624234945000126],[98.54090396700013,9.624279261000083],[98.54093455200007,9.624331849000157],[98.54093451800009,9.62435674],[98.54088707200003,9.62440922400009],[98.54079800200014,9.624461246000124],[98.54065558100018,9.624544430000071],[98.54058033200005,9.624547096000128],[98.5405023260002,9.624527633000014],[98.54037572600004,9.62447310400006],[98.54029622000019,9.624438859000122],[98.54023213400006,9.624430477000146],[98.54017640500012,9.62442487100003],[98.54010948700011,9.624449673000129],[98.54007043000018,9.624480042000073],[98.53998632700007,9.624847758000158],[98.53996925400014,9.625107703000083],[98.53993010400012,9.625207213000124],[98.53987362500015,9.625286748000065],[98.53985750700002,9.625309445000028],[98.53970401000004,9.625472411000032],[98.53960905100007,9.625624394000113],[98.53948342600006,9.625784632000034],[98.53941431600003,9.625845884000114],[98.53929648200005,9.625950320000072],[98.53917373300015,9.626044187000105],[98.53916530100014,9.626096722000113],[98.53917300800015,9.62613006800018],[98.53919023700007,9.626204615000063],[98.53917209100018,9.626288557000066],[98.53916451300006,9.626300552999965],[98.53908057900009,9.62643031000016],[98.5390636890001,9.626456341999983],[98.53902529600003,9.626532287000146],[98.53897216400009,9.626597408000123],[98.53892422200016,9.626656168000181],[98.53879692200013,9.626812192000159],[98.53876772900009,9.626843443000155],[98.53875315800008,9.626859042000092],[98.5387108610002,9.626904320000108],[98.53866876000018,9.626911225000072],[98.53863194700006,9.626898993000111],[98.53857588300002,9.626857148000113],[98.538458558,9.626724718],[98.53835167900013,9.626647996000031],[98.53829209800011,9.626613108000186],[98.53821143700009,9.626602557000126],[98.53814303700011,9.62660420700007],[98.53809566000018,9.626621548000173],[98.53806053500006,9.626658050000174],[98.53803263900005,9.62668289800007],[98.53801755600011,9.6267042180001],[98.53797824900016,9.62674052900013],[98.53793634800013,9.626756057000023],[98.53788400200011,9.626755987000024],[98.53787675000018,9.626755377000165],[98.53775312400012,9.626719983000044],[98.53772703500016,9.626701229000105],[98.5376825400001,9.62670117],[98.53765109600016,9.626724508000166],[98.53763012500013,9.626747856000122],[98.53761960400004,9.626786805000052],[98.53761430100008,9.626836143000048],[98.53761508600002,9.626853771000128],[98.53763576800014,9.626913324000157],[98.53763571100006,9.626955094000039],[98.5376234090001,9.626974223000104],[98.53759883200013,9.626991595000163],[98.53744913000014,9.62698493500011],[98.53742564400017,9.626989141000138],[98.53738112200006,9.627009862000136],[98.53734967900004,9.627033196000127],[98.53732344100018,9.627082511000026],[98.53732599900019,9.627124074],[98.53737297300017,9.627228034999973],[98.53738866000015,9.62725785400005],[98.53740166400013,9.627302519000125],[98.53740163100008,9.62732677200006],[98.53739634500016,9.62736312800007],[98.53738060199998,9.62739168000013],[98.53733870600007,9.627404610000099],[98.53728692400006,9.627404541000033],[98.5372369690001,9.627417515000047],[98.53719071500018,9.62746837800006],[98.5371895450001,9.627469665000092],[98.53718879600012,9.62747327000011],[98.53713539800015,9.62773022400006],[98.53712952199999,9.62775849600007],[98.53713120800018,9.627808971000093],[98.53720113500015,9.627974405000089],[98.537227197,9.628153705000045],[98.53725718400011,9.628384681000114],[98.53726548200007,9.628883502000122],[98.53725418000005,9.628945637000186],[98.53720848200015,9.629018674000065],[98.53716457300015,9.629065607000143],[98.53712419200008,9.62909688000019],[98.53708501000006,9.62911764300003],[98.53703797500015,9.629128892000153],[98.53693324000011,9.629159924000078],[98.5367969040002,9.629214232000095],[98.53660120100011,9.629357243000129],[98.53645719200017,9.629501506000054],[98.53635747800007,9.629617133000124],[98.53624140200009,9.629782374000058],[98.53621257800017,9.629805714000042],[98.53619161200004,9.629823866000095],[98.53610775700014,9.629896478999967],[98.53607627600007,9.62995098500005],[98.53606571800009,9.630013308000116],[98.53606158600013,9.630055727000183],[98.53605909900017,9.630067982000071],[98.53605807500008,9.630083878000107],[98.53605598000019,9.630116503000067],[98.53605246100017,9.630136405000087],[98.53604365700016,9.63018624100016],[98.53602527000015,9.630222611000136],[98.53598549700013,9.630255919000035],[98.53594267300014,9.630283153000164],[98.53588764200009,9.630298248000088],[98.53586858100005,9.630300363000174],[98.53579662700014,9.63032906300009],[98.535668569,9.630349776000116],[98.53528642800012,9.630362594000076],[98.53525645200011,9.630370663000122],[98.53520406700011,9.630399163],[98.53513593700018,9.630456214],[98.53504682700009,9.630541810000182],[98.53499180700015,9.630583294000076],[98.5349368050002,9.63060919600008],[98.53487920100008,9.630624702000091],[98.53480328400008,9.630632393000099],[98.53469334900012,9.630637440999976],[98.53460958300013,9.630642519000048],[98.53449963200018,9.630657959000075],[98.53437656600016,9.630694155000072],[98.53422730500012,9.630743305000067],[98.53414351400005,9.630766568000126],[98.53403611700014,9.630831357000034],[98.53393390000008,9.63092992200012],[98.5338552450001,9.631025917000159],[98.53377656000004,9.63114529400002],[98.53375815800013,9.631205008000165],[98.53375023199999,9.631259545000148],[98.53375016799998,9.631306299000073],[98.53375534200006,9.631347866000056],[98.53380489500017,9.631477804000156],[98.53381007400014,9.631519370000035],[98.53380740900019,9.631555728000023],[98.53379690900005,9.631576494000171],[98.53377329900007,9.631615421999982],[98.53371301900006,9.631675079000047],[98.53366055300012,9.631758127000182],[98.53363953899998,9.631818114000055],[98.53364077000003,9.631908208000084],[98.53365823700011,9.632188731000099],[98.5336625650001,9.632202292000045],[98.53366404600018,9.632215698000095],[98.53366550800013,9.632219091000138],[98.53366294400007,9.632280594000179],[98.53362423800007,9.63235969800013],[98.53358556800003,9.632410718000074],[98.53352634200013,9.632443829000067],[98.5334387210001,9.632464573],[98.53341309300009,9.632466658999988],[98.53329987000006,9.632469060000119],[98.53306831100014,9.632453427000144],[98.5329550850002,9.632458378000138],[98.53280842300018,9.632453075000114],[98.53273361400011,9.632456423000065],[98.53267218700006,9.63246799],[98.53261281300013,9.632491113000071],[98.5325877620001,9.632511253000132],[98.5325588300002,9.632553700000187],[98.53255767400009,9.632556371000135],[98.53254717500005,9.63259973900017],[98.5325404470002,9.632723380000186],[98.53252740800008,9.632851034000112],[98.53252526400007,9.632858965000139],[98.53252220100012,9.632891886000095],[98.53249894700014,9.632960798000113],[98.5324757360001,9.633001619000026],[98.53243451300011,9.63303731600007],[98.53235727000003,9.633075510000026],[98.53227490300009,9.633093274999965],[98.53221077400019,9.633095382000079],[98.5321851970001,9.633090001000085],[98.53214627200015,9.633075223999981],[98.5320897110002,9.633039399000154],[98.53205495800006,9.633019441000101],[98.53198364800005,9.633004176000156],[98.53190122300003,9.633000583000126],[98.53182754300019,9.633014407000019],[98.53174156900019,9.633040396000126],[98.53168364500016,9.633075126000165],[98.53164356900004,9.633114167000087],[98.53161346900004,9.633191962000069],[98.53159533600007,9.633281311000076],[98.53159781500017,9.633347705000062],[98.53162087400005,9.633419233000154],[98.53165160900016,9.633523965999984],[98.53165662800018,9.633615900000166],[98.53165395200011,9.633692499000176],[98.5316300630002,9.633755452000173],[98.53160433800008,9.633789392000097],[98.53156371000011,9.633822602],[98.5315044800002,9.633858275000023],[98.53145564200003,9.6338780210001],[98.53143530400013,9.633881158000065],[98.53136549700014,9.63388106300016],[98.53129862700013,9.633857995000028],[98.53124978400007,9.633824731000118],[98.5311984060001,9.633763380000119],[98.53115733200008,9.633691825000142],[98.53113427200009,9.633620296000174],[98.53111832500014,9.63358534800011],[98.53109834000014,9.63355385500006],[98.53106750700016,9.633523172000139],[98.53105312800011,9.63350821600011],[98.53089417100006,9.633255059000021],[98.53079268500016,9.63308435800002],[98.53072454000011,9.63289978000006],[98.53070528200016,9.632875388000173],[98.5306719830001,9.632857938000143],[98.53062989600011,9.632854401000088],[98.53057456800013,9.632861484999978],[98.53050747100019,9.632863613000154],[98.53043799200003,9.632868625000071],[98.53037363800007,9.63288385900006],[98.53032026600005,9.632907076000095],[98.53030423100006,9.63291601700007],[98.53024744400011,9.632962844000133],[98.53016502600019,9.633021463000091],[98.53006716099998,9.633082616000081],[98.52994872200009,9.63313607400005],[98.52986890500011,9.633171717000096],[98.52980456000006,9.633184395000058],[98.52974021900013,9.633194520000075],[98.52967846500019,9.633191885000144],[98.52960900300013,9.633184129000028],[98.52944696500003,9.63313283900004],[98.5291922990001,9.633076316000086],[98.52904310300016,9.633045470000013],[98.52895047700014,9.633037683000168],[98.52887328600008,9.633037578000085],[98.52876262700005,9.63304763800005],[98.52868026300018,9.63306284600003],[98.5286030330002,9.633090829000139],[98.5285335060002,9.633126486000151],[98.5284433810001,9.63317232300011],[98.52839186900013,9.633208002000174],[98.52834034500012,9.633251340000186],[98.52830393000005,9.63330179400009],[98.52828878800005,9.63332276900013],[98.528255243,9.633389110000053],[98.52822941099998,9.63346312800013],[98.52820870900007,9.633544811000036],[98.52819316000011,9.633623947],[98.52818274100002,9.63371585699997],[98.52817488,9.633817984000189],[98.52817479900011,9.633876714000053],[98.52818244300005,9.633930349000138],[98.52819519400009,9.63401208100015],[98.5282155880002,9.63414999500003],[98.52822064600008,9.634216393000031],[98.52822306200011,9.634326196000131],[98.52820235800016,9.63441298600003],[98.52816880300014,9.634489542000154],[98.52812237000012,9.634571191000077],[98.52807338300005,9.634642621000125],[98.5280115340002,9.634708927000077],[98.5279291280001,9.634754778000058],[98.52784415200017,9.634800622000114],[98.52777207300016,9.634823505000156],[98.52767425600018,9.634848908000038],[98.52757902200011,9.63486920500003],[98.52743490800009,9.634881774000064],[98.5271086780001,9.634899827000083],[98.5270592060001,9.634896580000088],[98.52677360700017,9.634880867000106],[98.52674234000017,9.634878788000037],[98.52651846000009,9.634852583000054],[98.5264751740001,9.63484470800006],[98.52627451900008,9.634806130000015],[98.52610988600003,9.634770156000059],[98.5259246720002,9.63473415300001],[98.52574202900007,9.634698153999977],[98.5255696860001,9.634654508000096],[98.52529445700014,9.634585183000127],[98.52484946400006,9.63446711500012],[98.52470623100015,9.634432092000168],[98.52452901100008,9.634388769000054],[98.5244713420002,9.634374666000042],[98.52443948700011,9.634368897],[98.52431040300013,9.634340241000132],[98.52406898200013,9.634301570000048],[98.52399979500018,9.634292892000019],[98.52391658800013,9.634289440000089],[98.52385277800016,9.63429128200005],[98.5237992650001,9.63429917000019],[98.52370899300007,9.634316462000015],[98.52368501200016,9.634323862000088],[98.52361214400014,9.634350391000055],[98.52348247600008,9.634405974000174],[98.52331530500004,9.634492236000028],[98.52291902700011,9.634673803],[98.52251620100014,9.63487705800003],[98.52238182500002,9.63493070800007],[98.52226292700016,9.634964240000158],[98.52208281300017,9.634999729000185],[98.52196336900005,9.635018403000117],[98.52176475600004,9.635032549000016],[98.52163547300012,9.635031421000122],[98.52146806600001,9.635020471000075],[98.52131280200012,9.634993986000154],[98.52103515200008,9.634929996000153],[98.52061996000003,9.634823982000114],[98.52015646200005,9.634727485000042],[98.51977012700013,9.634707778000063],[98.51934513900017,9.634697599000049],[98.51884281700018,9.634735238000019],[98.51783819300016,9.634791350000057],[98.51717173100008,9.634780828999965],[98.5167178100001,9.63474185300015],[98.51630998900004,9.63470273400003],[98.51589090800007,9.634628963000011],[98.51549141700013,9.634529258000043],[98.51534887800017,9.634480942000152],[98.51507915600007,9.634389515000123],[98.51496095000005,9.63433922500002],[98.51457438200003,9.634125392000044],[98.51411675200018,9.633800038000118],[98.51405873700008,9.633749126000168],[98.5137736050001,9.63348205699998],[98.51337818500008,9.633059752000122],[98.51225131100011,9.631874305],[98.51159068800007,9.631179339000084],[98.51016660600004,9.629681219000133],[98.50939493500005,9.628961233000041],[98.50893801600017,9.628564232000144],[98.50842814900017,9.628200442000093],[98.50837224500015,9.628164202999983],[98.50793542800017,9.627908380000065],[98.50748162200006,9.627687125000136],[98.50705957300005,9.627520127000025],[98.50638381700008,9.627269946000183],[98.50564036900005,9.627077179000139],[98.50495478699997,9.626942004000057],[98.50437571800012,9.626863501],[98.50424017600011,9.626845126000035],[98.50364893800003,9.626778257000069],[98.503142002,9.626768750999986],[98.50307371700012,9.628882582000188],[98.50268646600017,9.629016472999979],[98.50229911899999,9.629227189],[98.50202275400017,9.629358823000075],[98.50180448100014,9.629485390000184],[98.501751733,9.629567400000042],[98.50174955800009,9.629637635000051],[98.5018449750001,9.629670707000116],[98.50201495300013,9.629790397000079],[98.50212264400005,9.629942915000072],[98.50220954900004,9.630103680000161],[98.50222586700016,9.63029726000019],[98.50220902400008,9.630461979000074],[98.5021299670002,9.630601901000091],[98.50203446600005,9.630638808000015],[98.5019141190001,9.630626308000046],[98.50175229900003,9.630626075000123],[98.5016152550001,9.630671148000033],[98.50151970100018,9.630745184000148],[98.50144303300004,9.630884172000094],[98.50126430100016,9.631216254000037],[98.50114509600019,9.63146799500015],[98.5010636670001,9.63177338500003],[98.50091734600016,9.632073323000157],[98.5008144250001,9.632282232000136],[98.5006899230001,9.632480351000083],[98.50054392800018,9.632576644000153],[98.5004519150001,9.632705137000187],[98.50040854000014,9.632823],[98.5003274770001,9.632865780999964],[98.50027889600011,9.632822812000086],[98.50020343400007,9.632726236000053],[98.50018725700005,9.63271549600006],[98.50007929700018,9.632656361000045],[98.49997675300006,9.632602617000089],[98.49991202500019,9.63254890800016],[98.49975543100004,9.632516524000152],[98.49959335400001,9.632532377000132],[98.49956219100005,9.632551143000057],[98.49955271600004,9.632556849000025],[98.49946905100012,9.632607242000176],[98.499436436,9.63272512400016],[98.49944700300011,9.632902022000053],[98.4995274800001,9.633255894],[98.49953744800001,9.633288371000162],[98.49954620600005,9.63331689800009],[98.49960811200003,9.63351862899998],[98.4998505120002,9.633963865000055],[98.50025996800014,9.634677372000056],[98.50068041600008,9.635272942000142],[98.50131673000016,9.635986738000042],[98.50190459000015,9.636598627000126],[98.50268664700008,9.63736623800014],[98.50362403200012,9.638298037000027],[98.50382133800008,9.638483498000028],[98.50392950800017,9.638585175000173],[98.50393264200005,9.638588115000061],[98.5042754980002,9.638920792000135],[98.50488404900017,9.639526451000052],[98.5054326290001,9.64008092],[98.50628113100015,9.64096801800008],[98.50692368700004,9.641820747],[98.50722346800006,9.642255578],[98.50750809700003,9.64275940500005],[98.50753561200008,9.642808114000104],[98.50768579900017,9.643073984000068],[98.50798545000004,9.643628065000144],[98.5083021870002,9.644233314000076],[98.50861867700013,9.644991864000133],[98.5087042770001,9.645270719000166],[98.50871220400012,9.645296544000075],[98.50874684400014,9.645409436000023],[98.50895180800006,9.646125236000103],[98.50920776400011,9.647207392000098],[98.50953181200009,9.6487070230001],[98.50977892600008,9.649968054000055],[98.50986340200018,9.650905152000178],[98.50987042500009,9.651986960000158],[98.50984387600016,9.652532074000135],[98.50983619700014,9.652626857000087],[98.50981764900018,9.652855736999982],[98.50976332200003,9.653608694000013],[98.50979046000015,9.65384379000011],[98.50985900600017,9.653946098000063],[98.50993615100003,9.654014344000018],[98.51004765500005,9.65407413800017],[98.5101935470002,9.654099869999982],[98.51045288400007,9.654094163000138],[98.51063809400011,9.654094426000086],[98.5109748800001,9.654044781000152],[98.51013337800009,9.657188918000145],[98.51009700700001,9.657324814000049],[98.50982898500007,9.657272945000102],[98.50955742500014,9.657223548000161],[98.50954365100006,9.657221037000056],[98.50953364500015,9.657217237999987],[98.50936212200008,9.657152132000135],[98.50917188400012,9.657134680000127],[98.50902479700011,9.657185955000159],[98.50892085900006,9.657288796000046],[98.5088342840001,9.657331580000061],[98.50871322100011,9.657331407000129],[98.50857489600014,9.657279708000033],[98.50845386200007,9.657253824000179],[98.50827229300006,9.657210627999973],[98.5080388070001,9.657184547000043],[98.50778798800019,9.657184188000087],[98.50752861200004,9.657123766999973],[98.50723457600009,9.657114751000165],[98.50690586200005,9.657157180000183],[98.50662890700016,9.657294113000034],[98.50624804900008,9.657482352999978],[98.50583271500017,9.657636248000017],[98.50549524100012,9.657747335000067],[98.5050625790002,9.657892601000185],[98.50471647800009,9.658003696000037],[98.50440504700015,9.65805475000019],[98.5039032050002,9.658174148000114],[98.50360907200013,9.658242380000104],[98.50329764500003,9.65827627200008],[98.50302955900003,9.658275885000137],[98.50276150200017,9.658223993999968],[98.50250208500012,9.658180732000119],[98.50219944400004,9.658137357000044],[98.50191417100012,9.658042551000165],[98.50162893300018,9.657939150000061],[98.501386873,9.65785295400002],[98.50115350000016,9.65774962900008],[98.50088569400003,9.657560471000068],[98.50065760800015,9.657418535000033],[98.50065342700009,9.657415934000085],[98.50060918100013,9.65738842800016],[98.5003587220001,9.657156341000018],[98.5002682990002,9.657055122000088],[98.50026093100013,9.657046877000028],[98.50025390300004,9.657039013000087],[98.50024470100004,9.657028704000027],[98.50022055200009,9.65700165100003],[98.50012560800019,9.656872777],[98.50006526300007,9.656735397000034],[98.49999631600014,9.6565722200001],[98.49999660700007,9.65637485100001],[98.49998881500017,9.656087991999982],[98.50000607400005,9.65578390700017],[98.50001489400012,9.655492292000076],[98.50006143500013,9.655250700000181],[98.50013324000014,9.6549633730001],[98.50023022300007,9.65469689400004],[98.50029364800008,9.654359533000104],[98.50036663500015,9.654074703000163],[98.5003876510001,9.653992684],[98.500395003,9.653963873],[98.50043749700018,9.65362234200012],[98.50042125700008,9.653255693000062],[98.50039217300014,9.653047359000027],[98.500329508,9.65283896000011],[98.50022903600006,9.65263469000007],[98.50007400200019,9.652430305000166],[98.499944153,9.65223014300011],[98.49982261200017,9.652092477999986],[98.49966319900005,9.651983933000167],[98.49948282600013,9.651900354000077],[98.49930232100019,9.651866788000177],[98.4990672030001,9.651887257000169],[98.49880261900006,9.651945192000085],[98.49865558900018,9.65200331400007],[98.49837828000005,9.652152874000024],[98.49823115000015,9.652277653000112],[98.49815948900016,9.65246086100018],[98.49811317400014,9.652556594000032],[98.49805435700017,9.652593981],[98.49795351300014,9.652648014000135],[98.49787779600018,9.652727071000186],[98.49779784800018,9.652864432000115],[98.49774003400017,9.653004889999977],[98.49764977700005,9.653240492000123],[98.49760532300013,9.653443063000111],[98.49759806700007,9.653476130000058],[98.49759745000011,9.653489290000095],[98.4975914360001,9.653616303000035],[98.497591247,9.653743705000124],[98.4975909640001,9.653934832],[98.49760345900017,9.654164193999975],[98.49761750500005,9.654377979000174],[98.4976264230001,9.654394136000178],[98.49762603600016,9.654655465000076],[98.49760026600018,9.654832461000126],[98.49748071800019,9.655245386000104],[98.49745455900006,9.655683759000055],[98.49743707300007,9.656020953000052],[98.49755526400014,9.656535400000053],[98.49755490100006,9.656779875000154],[98.49752921600015,9.656931568000175],[98.49740110700009,9.657369783000092],[98.49717084000014,9.657968045000018],[98.49693183500017,9.658717986],[98.49667581600005,9.659459524000056],[98.49656083300005,9.659708562999981],[98.49609622900016,9.660714830000018],[98.49535568000005,9.661632668000095],[98.49483703600015,9.661884819000136],[98.49442074700005,9.661858915000096],[98.494183002,9.661765831000025],[98.49406113800006,9.661619357000177],[98.49395220100018,9.661491758000182],[98.49381105000015,9.661408754999968],[98.49358644000006,9.661338341000032],[98.49326543800015,9.66133147800008],[98.49300212700012,9.66138208500007],[98.49278372900017,9.661445436000065],[98.49260384200011,9.66150250700008],[98.49257814700019,9.661502469000084],[98.49244975200014,9.66151503400016],[98.49222504600004,9.661508330000117],[98.49201299300017,9.661629083000093],[98.49187149000011,9.661781764000011],[98.49183279900018,9.66191547700015],[98.49181329600009,9.662068375000047],[98.49181318500013,9.662142624000012],[98.49181315800007,9.662160657000186],[98.49181297100012,9.662284981000028],[98.49182532700007,9.662616265000054],[98.49179265400011,9.662985750000189],[98.49177937700017,9.663530269000034],[98.49177911800007,9.66354072200005],[98.49177897900017,9.663546392],[98.49168738600014,9.664667516000065],[98.49164748000004,9.665584864000095],[98.49157915000006,9.666763247000176],[98.49157536500019,9.666972098000144],[98.4914876040001,9.668826663000175],[98.491418823,9.669349279000073],[98.49133345100006,9.669644232000053],[98.4910632500002,9.669839760000059],[98.49085123800006,9.669934995000062],[98.49069060100015,9.669992105000176],[98.49051070600012,9.670081045000074],[98.49041424800015,9.670170061000135],[98.49031776000015,9.670297368000092],[98.49028544800012,9.67043745500007],[98.49027236500018,9.670596731999979],[98.4902850360001,9.670711418000053],[98.4903108960001,9.670833384000048],[98.49032024000019,9.670856022000123],[98.49035532000005,9.670940863000169],[98.49035513800004,9.671061937000047],[98.4903198250002,9.671131718000026],[98.49031041700016,9.671150325000042],[98.49019449000008,9.671131744000036],[98.49005325100018,9.671131535000086],[98.48998250700004,9.671201530000133],[98.48993743800008,9.671284299000149],[98.4899308360001,9.671405316000119],[98.4899499280001,9.671532784000021],[98.4898855850002,9.671621848000086],[98.48982114700016,9.671768306000104],[98.48978887400006,9.671882915000083],[98.48978871100013,9.671991236999986],[98.48979373700001,9.672020399000132],[98.48979781700018,9.672044079000102],[98.48982053200001,9.672176031000049],[98.48985245600016,9.672303489000114],[98.48988435500007,9.672437337000133],[98.489986901,9.672545766000155],[98.49011515300015,9.672673412000051],[98.49022410300012,9.672794603000057],[98.49029441600015,9.672998598000163],[98.49030058800014,9.673176985000055],[98.49029377300019,9.673425432000101],[98.4902805540001,9.673686632000056],[98.49026111600006,9.673801269000023],[98.49019037200009,9.673864883000135],[98.49007480000012,9.673883826],[98.489991047,9.674062070000048],[98.48994583600012,9.674246749000133],[98.48997130100014,9.674380598000084],[98.49006736900009,9.674552744000096],[98.49007359000018,9.674686527000063],[98.4899063630001,9.67488381700008],[98.48966198800008,9.675138244999971],[98.48958540500018,9.67536504700007],[98.48958457300012,9.675367537000113],[98.48957621600005,9.67544276600006],[98.4895520300002,9.675660512000093],[98.48952585300009,9.675979021999979],[98.48952905000004,9.676124339000012],[98.48953061400005,9.676195340000163],[98.4895318720001,9.676252986000122],[98.48953131500019,9.676622491000046],[98.48952443000002,9.676921912000012],[98.48949165800019,9.677367832000186],[98.489478093,9.677839238000104],[98.48947114000009,9.678196026000137],[98.48943857100011,9.678495382],[98.48938039800004,9.678769251],[98.4893758680002,9.679130071000031],[98.48932092100017,9.679369195000106],[98.48923417700007,9.679567669],[98.48912012400018,9.679766149000102],[98.48908008900014,9.67981561800002],[98.48905867600007,9.679842101000133],[98.4889925220001,9.679923921000182],[98.48887399700016,9.680090738000047],[98.48876006500012,9.680226017000109],[98.48861879300017,9.680392810000171],[98.48850937600008,9.68053709000003],[98.4883816540002,9.680767093000156],[98.48833590400011,9.680929509000066],[98.48821285500014,9.681087324999964],[98.48803076700017,9.681172825000147],[98.48781235500007,9.681181491000132],[98.48750760200016,9.681162995000022],[98.48733482800009,9.68110858600005],[98.48716673100012,9.680959363000056],[98.48698048600005,9.680774014000065],[98.48680331900005,9.680606738000108],[98.48663065000005,9.680475596000065],[98.48639877200009,9.680389496999965],[98.48617136700017,9.680357546999971],[98.4859847690002,9.68039338900013],[98.48578910700013,9.680438217000074],[98.48558427799998,9.680505630000084],[98.48542942400013,9.680622769000081],[98.48524726900007,9.680757888000187],[98.48513356500007,9.680928076000043],[98.48511659100012,9.680953481000074],[98.48507854300016,9.681010408000077],[98.48497836900003,9.681077969000114],[98.4848963190002,9.681195209],[98.48490063300017,9.68134866600019],[98.48491861200017,9.681475094000177],[98.4850275500001,9.681642252000131],[98.48527721300007,9.682008268000061],[98.4853678770001,9.68220248700004],[98.48540849200003,9.682428232000177],[98.48536730700005,9.682577133000166],[98.48538076600005,9.682712563000166],[98.4853578650002,9.682825371999968],[98.48534854100012,9.68296078700007],[98.4853483550001,9.683082630000115],[98.48537972800011,9.683394160000148],[98.48536118200019,9.683633337000117],[98.48531078900004,9.683845431000123],[98.48525580300009,9.684102633000066],[98.48523259200005,9.684418554],[98.48520334400007,9.684617084000081],[98.48515177000007,9.684728616000086],[98.48506660900006,9.684916098000144],[98.48474753500011,9.685321484000099],[98.48461053400007,9.68568303100011],[98.48461045200008,9.68570096600007],[98.4846098050001,9.686087952000094],[98.48461108800012,9.686092886000154],[98.48461737800011,9.686117070000023],[98.48463084300005,9.686169003000145],[98.48470131900001,9.686234966000029],[98.48470862300013,9.686238468000113],[98.48472723700007,9.686247337000054],[98.48476940000006,9.686267426000029],[98.4847966820002,9.68628042500012],[98.48490809999998,9.686298275000183],[98.48500413300002,9.686313659000064],[98.48511619700008,9.686309707000078],[98.48529471900008,9.68627705900002],[98.48530798500013,9.686276626999984],[98.48538942000005,9.686273970000059],[98.48541509800003,9.686273119000077],[98.4855063440001,9.68630207800004],[98.48564331500017,9.686289955000063],[98.48579288000019,9.686203668000076],[98.48589677700016,9.686113257000159],[98.48596324800008,9.686080376],[98.48602547700017,9.686088731000098],[98.48611668000018,9.686162995000188],[98.48619138000015,9.68614662300007],[98.48626618700018,9.686084979000157],[98.48635767500014,9.685978063000164],[98.48642008800005,9.685871047000035],[98.48655720900013,9.685760077000054],[98.48660008100012,9.685730135000085],[98.48668064900005,9.68567391200014],[98.48669849300006,9.685661460000176],[98.48684799800009,9.685583433000033],[98.4870473200001,9.685521984],[98.4873171440002,9.685481183000093],[98.48770313300008,9.685473536000075],[98.48783595100002,9.685473734000084],[98.48800202900009,9.685416340000131],[98.48821801100001,9.685326056000122],[98.48835920300019,9.685268615000098],[98.48856256900012,9.68526891800019],[98.4888198500002,9.685281673000077],[98.48907718100008,9.685277906000067],[98.48927626300019,9.685377052000092],[98.48952095200013,9.685480365000046],[98.48958740600011,9.685459867000077],[98.48972845900016,9.685488935000024],[98.48990021100013,9.685500281000088],[98.48991935400005,9.685501546000069],[98.48992215600009,9.68550031500007],[98.49010623600003,9.685419472000035],[98.49021017600012,9.685300190000135],[98.49028910400006,9.685246776000156],[98.4903804240002,9.685251033000043],[98.4904633700001,9.685292342000025],[98.49054213700015,9.68534599000003],[98.4906168170001,9.68536669800011],[98.49073307500015,9.685329797000179],[98.49085211100004,9.685294436],[98.49090409800016,9.68527600699997],[98.4911587740001,9.685185728000079],[98.49135443400013,9.685008789000108],[98.49143426000012,9.684936594000078],[98.49167041800013,9.684679624000125],[98.49195387300006,9.684336916000177],[98.49219040200018,9.683846009000149],[98.49242694800006,9.68333946000007],[98.49252162300013,9.683090048000054],[98.49275073200016,9.682287194000025],[98.49286910400019,9.681959848000133],[98.49301087900011,9.681749517000071],[98.49323116200014,9.6816094940001],[98.49347493700014,9.681531872999983],[98.49375010200009,9.681454285000143],[98.49403302600007,9.68146249300014],[98.49447316000004,9.681463141000165],[98.49478753300002,9.6814636040001],[98.49496986800011,9.681455230000154],[98.49559995800018,9.681426298000076],[98.49590561100018,9.681435684000121],[98.49625627200015,9.681445126000028],[98.49657093400009,9.681445587000155],[98.49684963600004,9.68143706900014],[98.49711045300006,9.681392848000144],[98.49734436100005,9.681277226000134],[98.49753211900008,9.681156121000186],[98.49755095200015,9.681143979000069],[98.49772242400013,9.68097448400016],[98.49783954100013,9.680805133999968],[98.49787583500012,9.68058218900012],[98.49784028300019,9.68030560900013],[98.49780481300013,9.679984413000057],[98.497724173,9.679796944999964],[98.49760758900015,9.679591623000022],[98.49751788100019,9.679457673000172],[98.49736535500017,9.67926118000014],[98.49715906100016,9.678948657000149],[98.49711446000009,9.678698835999967],[98.49709693900019,9.678386578000072],[98.49709739000014,9.6780832930001],[98.4971157080002,9.677860294000027],[98.49718795000013,9.677637384000093],[98.49730522300018,9.677361016000134],[98.49750967100005,9.677143227000158],[98.49753936400009,9.677111594999985],[98.49757452100005,9.677080409000098],[98.49780041600019,9.67688002500006],[98.49821441500006,9.676586235000059],[98.49862824600012,9.676417344000015],[98.49921328600004,9.675981074000163],[98.49951024800009,9.67578529400015],[98.49985220100007,9.675562783000089],[98.50033541000016,9.675243565000187],[98.50041074600017,9.675176016000023],[98.50065321600016,9.67500192500006],[98.50078820700003,9.674903984000025],[98.50095927300015,9.674725812000077],[98.50129234600013,9.674440865000179],[98.50158947900007,9.674146882000116],[98.5018773660002,9.673995672000046],[98.50221008000017,9.673960487000045],[98.50274946800005,9.673988017],[98.50324387699999,9.674033334000114],[98.50352261100016,9.674024799000051],[98.50407111500004,9.673945312000114],[98.50423408700004,9.673920134000184],[98.50431551800011,9.673893357],[98.50486547600013,9.673765489000061],[98.50522984700018,9.673706740000114],[98.50527621100014,9.67367942900006],[98.50580678000006,9.673590987000011],[98.506031646,9.673519959000032],[98.50615783200016,9.673314953000101],[98.50620302700008,9.67315445100013],[98.50636512700015,9.672958413000117],[98.50662610500007,9.672771493000084],[98.5068851170002,9.6726602170001],[98.50707318200006,9.67258586700018],[98.50712087900018,9.672566995000068],[98.50722899000016,9.67254929500018],[98.50739065500011,9.672522779000133],[98.5077233900002,9.672478654000088],[98.5077697170002,9.672477209000078],[98.50799313500005,9.672470111],[98.5083526800002,9.67250634800007],[98.50857741600015,9.672524478000184],[98.508732496,9.67255148400011],[98.50873918000002,9.672551494000118],[98.50903581900013,9.672578665000117],[98.50929297700014,9.672617314000036],[98.50939535800018,9.672632702000044],[98.50970094700011,9.672713424000165],[98.51014130200008,9.672830016000034],[98.51055465900004,9.672955515000012],[98.51086912700015,9.673080845000129],[98.51136866500008,9.673322651000035],[98.51189511200005,9.673645152000176],[98.51194385800017,9.673687269000027],[98.51254312300011,9.673981191000166],[98.51441935600019,9.675163532000056],[98.51520228200013,9.675633835000156],[98.51578239400015,9.676224490000038],[98.51645715,9.676761655000178],[98.51676723899999,9.677217859000109],[98.51715834700002,9.677687607000053],[98.51758978200013,9.678331655000079],[98.51838517800002,9.679525876000184],[98.51866814300007,9.680049077000035],[98.51889704600012,9.680599003000054],[98.51903160400008,9.681001372000082],[98.51911223300004,9.681309820000024],[98.51924680299999,9.681671946000108],[98.51938165700017,9.681859812000027],[98.51953003700015,9.682007453000097],[98.5197596860001,9.682048007000049],[98.52007043000003,9.68204844100012],[98.520597393,9.681995542999971],[98.52104337400004,9.681902327999978],[98.52150303200006,9.681715286000156],[98.5218275200001,9.681541481000068],[98.52215211000015,9.681314064],[98.52231443400007,9.681166799000152],[98.52235309000008,9.681145297000171],[98.52291979800009,9.68092341],[98.52308497600006,9.68085953600007],[98.52336880000007,9.680779512000186],[98.52383334100006,9.680556464],[98.52384199000016,9.680552298],[98.52385828299998,9.68054237900003],[98.52419356200011,9.680338280000115],[98.52447752200015,9.680164408999985],[98.524835461,9.68000897600001],[98.52505614100016,9.679894662000152],[98.52537138800005,9.679717980000078],[98.52572862700003,9.679556999],[98.52870701000018,9.682176797000068],[98.52870399300019,9.682198666000033],[98.528691171,9.682290772000158],[98.52869097500019,9.682431436000059],[98.5286802350002,9.682608547000086],[98.52868003200007,9.682754396000178],[98.52869030700015,9.68291066300003],[98.52871632900013,9.68309826300009],[98.52879480600018,9.683296318000032],[98.52887318600006,9.683556886000133],[98.52898837100008,9.683791481000071],[98.52902626000014,9.68383545000006],[98.52903314900004,9.683843444000047],[98.52911418900004,9.683937495000066],[98.52928195600015,9.684083623000106],[98.52959670000007,9.684276757000077],[98.52985908300019,9.684381336000115],[98.53023173700012,9.684459977000131],[98.53056770800009,9.684512504000168],[98.53087216900019,9.684549421999975],[98.53103485100013,9.684606927000061],[98.5311239180001,9.684721669000112],[98.53129688400003,9.684956342000078],[98.53153777200009,9.685389018000023],[98.53186253600012,9.685931222000136],[98.53213658700014,9.686420567000027],[98.53282609900003,9.687605944000097],[98.53298348900006,9.687834185999975],[98.53321407200008,9.688147049000065],[98.53354946100018,9.688611145000095],[98.53390054500011,9.68910652000011],[98.53433529800009,9.689841616000024],[98.53466539600004,9.690326551000055],[98.53471772900019,9.69045162700013],[98.53471755700019,9.690576648000047],[98.53463870900009,9.690644251000094],[98.53449542000004,9.690635174000136],[98.53443246700004,9.690697503000024],[98.53442861600018,9.69070128500016],[98.53442538400009,9.690709274000028],[98.53439012800004,9.690796406000118],[98.5344229700001,9.690998202000117],[98.53448125099999,9.691169398000113],[98.53452233300004,9.69129007500004],[98.53454827000013,9.691524548000189],[98.53454265000005,9.691774555000165],[98.53453914900018,9.691958381000063],[98.5346008260002,9.69220459000013],[98.53464746000014,9.69231482900011],[98.53492884800016,9.692667223000115],[98.5351864660002,9.693051813000125],[98.53524437400017,9.693114324000078],[98.53538060300019,9.693317660000048],[98.53546969900009,9.693422000000112],[98.53558521100007,9.693422156000167],[98.5356430670002,9.693354506000048],[98.53562742700018,9.693276354000147],[98.53556461700009,9.693146016000014],[98.5355280610001,9.692979259000026],[98.535538766,9.692823013000066],[98.53562284000003,9.692776225999978],[98.53595887200015,9.692792314000087],[98.5360992480002,9.692762979000065],[98.53613217600008,9.692745648000141],[98.53613745600018,9.692740488000027],[98.53620598000015,9.692537411000046],[98.53636882900003,9.692469910000057],[98.53649476900017,9.692532568000104],[98.53658380600018,9.692699396000023],[98.53679330200009,9.693064323000101],[98.53699258900014,9.69324694200003],[98.53730571900013,9.69338772400016],[98.53732307000001,9.693409761000112],[98.53739630400008,9.693643389000044],[98.53746939100017,9.693768121000062],[98.53751686400011,9.69381026900004],[98.53759380500014,9.693848559000173],[98.53782123400003,9.6938939960001],[98.53819400300006,9.693904946000146],[98.53845644200004,9.693967797000084],[98.53983382900003,9.694053545999964],[98.54034912800012,9.694401487000107],[98.5405198480002,9.694516762000092],[98.54065231900006,9.694726131000095],[98.54093585100009,9.695174265000048],[98.5409715150002,9.695533006000176],[98.54095136800004,9.695562907000067],[98.54082557700019,9.696100412000078],[98.54078288000011,9.696844825000085],[98.5407544680001,9.697299741000052],[98.54030833500002,9.698388276000173],[98.54016849900017,9.699036054000146],[98.54016799200008,9.69940828800003],[98.54026480900018,9.699739293000107],[98.54045861300006,9.700074750000113],[98.54058365200018,9.700291181000125],[98.54073975400013,9.700533510000014],[98.54077944500011,9.700595124000131],[98.54101344300011,9.700958376000187],[98.54117490900018,9.70124067800009],[98.54135771200009,9.701541569000028],[98.54148411500017,9.701863373000037],[98.54155426000017,9.702129170999967],[98.54150436400016,9.702520635000042],[98.54137690700014,9.702974919000155],[98.54116495900001,9.703366202000097],[98.54078824700014,9.703994972000089],[98.54062344500016,9.704286073000105],[98.54050557800008,9.704577254000128],[98.54029384300009,9.704810018000046],[98.54004671900009,9.705147621000151],[98.53974086500017,9.705508454000096],[98.53951730500012,9.705787843],[98.53928204300001,9.70604389500005],[98.53911727400015,9.706288363000056],[98.53903453300018,9.706661158000088],[98.53903418200002,9.706917543000031],[98.53911617400007,9.707092438000018],[98.53931566700015,9.707232564000094],[98.53970322800018,9.707256377000022],[98.54019652900018,9.70728034200016],[98.54050181400015,9.707339027000103],[98.54052613800019,9.70734783000006],[98.5405749630001,9.70736550099997],[98.540760068,9.707432580000102],[98.54106532000003,9.70754954500012],[98.5413352650001,9.707701389000079],[98.54161686000003,9.707911521000028],[98.54187489100013,9.708168224000076],[98.54221485500005,9.708646453000085],[98.54222857100012,9.708665551000081],[98.54225287600008,9.708699404000129],[98.54256657600013,9.709136340000043],[98.54276540600006,9.70976590700019],[98.54304643300009,9.710395556000151],[98.54333294100019,9.71076242700002],[98.54353458700018,9.710996503000047],[98.5436972330001,9.711057947000143],[98.5438599850001,9.711047059000123],[98.54401660800016,9.710947069000042],[98.54403405600004,9.710935932000098],[98.544149005,9.710786038000094],[98.54415772900006,9.710774677000131],[98.54416008200013,9.710769085000038],[98.54420997400018,9.710651485000085],[98.54423088900006,9.710602185000084],[98.54425919400018,9.710435211000117],[98.54432934500005,9.710469005000107],[98.54478064600016,9.71068641000005],[98.54483098600008,9.710820100000092],[98.54486556700016,9.710914048000063],[98.54487213300018,9.710931887000186],[98.54489248400017,9.710987197000179],[98.54493718700007,9.711120843],[98.544987386,9.71133244400005],[98.54498715300008,9.711505031],[98.54484093100007,9.711744201999977],[98.54464433100014,9.71190539600019],[98.54453727700019,9.71203057200006],[98.54452396200003,9.712046148000127],[98.54452070900004,9.712049953000133],[98.54448682300011,9.71220020300018],[98.54452030300018,9.712350554000068],[98.5445930850002,9.712456416000123],[98.54459768500004,9.7124594550001],[98.54460207500006,9.712462355000184],[98.54467717400013,9.71251219900006],[98.54482286600012,9.712651539000035],[98.54504156900015,9.71276875600006],[98.54538357300004,9.712958470000103],[98.54563018800008,9.71315922700012],[98.54580386500015,9.713354274000153],[98.54589778500014,9.71359009500003],[98.54603820200009,9.714028610000184],[98.54618785500014,9.714588389000028],[98.54618735300011,9.7149614060001],[98.54607426000007,9.715166443999976],[98.5458950690001,9.71560454600018],[98.54580987900016,9.716061387000082],[98.54575301200015,9.71639706000002],[98.54580909900005,9.716639610000016],[98.54592153700014,9.716891564000093],[98.54625961500005,9.717143814],[98.54666367000016,9.717256255000166],[98.5470772930002,9.717256803000055],[98.54752851800015,9.717238768000072],[98.54785504800014,9.717773108000017],[98.5498358000001,9.721014413000091],[98.54984329200016,9.721026672000107],[98.54979818400017,9.721130714000026],[98.54960917400018,9.721876572999975],[98.54970262500018,9.722305690000042],[98.5499087820001,9.722790902000042],[98.55021833300003,9.723294952],[98.5506311050001,9.723911006000037],[98.55119397600004,9.724797711000122],[98.55155050400003,9.72531112200005],[98.55212310200017,9.725927382000066],[98.55259256900018,9.72633836700004],[98.55325937300012,9.72682417100009],[98.55374887700009,9.727255028000116],[98.553963554,9.727425869000115],[98.55416403200007,9.727525628000137],[98.55440748200016,9.727597017999983],[98.55463663100005,9.727639937000106],[98.55486584500017,9.727654462000146],[98.55508072900017,9.727668930000107],[98.55532432100006,9.727640832000077],[98.55571126000001,9.727556065000101],[98.55609821600007,9.72745705300008],[98.55645643800005,9.727400697000178],[98.5569150450001,9.727273364000041],[98.55720714500006,9.727782824000087],[98.55788346400016,9.728962411000111],[98.5577614870001,9.729111503000183],[98.55764661300003,9.729324563000034],[98.55756037100019,9.729530540000098],[98.5574884290001,9.729779166000071],[98.55746229500005,9.729933393000124],[98.5574596780001,9.729948837000165],[98.55745230100013,9.729992318000143],[98.55744481300019,9.730248159000041],[98.55740119600006,9.730738435000148],[98.55735052100005,9.731136318000097],[98.55724242300016,9.731619446000082],[98.55714863600014,9.732138091000138],[98.55692555700006,9.732905313000174],[98.55673172000007,9.733210665000058],[98.55651613000003,9.733757603000186],[98.55632928200004,9.734197930000107],[98.55621427500017,9.73449627000008],[98.55620678600019,9.734737876],[98.5562208730002,9.734929782999984],[98.5562994780002,9.735079116000179],[98.55644964100009,9.73526409700014],[98.55668593800004,9.735335450000093],[98.55649164200014,9.7361924920001],[98.55627522800017,9.73714709900014],[98.55586696600011,9.73711105100017],[98.55554453700017,9.737146149000068],[98.5553366110002,9.737287997000067],[98.55520744800009,9.737458389000153],[98.55507834200006,9.737607480000122],[98.55493465299998,9.737905764000118],[98.55475516900009,9.738196906000042],[98.55471735800006,9.738273313000093],[98.55470615600018,9.738295950000065],[98.55458996700008,9.738530698000147],[98.55457514900007,9.738893091000023],[98.55453877000019,9.739326566000102],[98.55448108000002,9.739632055000072],[98.55438044600004,9.739873568000064],[98.55417936500004,9.740257029000077],[98.55401003800011,9.740611404000163],[98.55394047400006,9.74077464700008],[98.55394029100012,9.740912200000025],[98.55397479000004,9.741058364000025],[98.5540872140001,9.741213243000118],[98.55420851900016,9.741230629000142],[98.554407868,9.741187877000186],[98.55471134300018,9.741059326000084],[98.55515978300014,9.74104741399998],[98.55516198800007,9.741051319000064],[98.55535256800005,9.741094578000173],[98.55550838300002,9.741215097000122],[98.55565544100011,9.741421626000033],[98.55576777200008,9.741645280000114],[98.55577612300016,9.741903206000131],[98.55574117100014,9.742100876000109],[98.55559354200005,9.742332787000066],[98.555454671,9.742530320000128],[98.55528970800015,9.742753641000036],[98.55510744200018,9.742959704000157],[98.55484712700002,9.743234469000015],[98.55459553200006,9.743431866000094],[98.55434395800006,9.743655044000093],[98.55431820600006,9.743673209000121],[98.55428972200019,9.743693336000092],[98.55410106000005,9.743826640000123],[98.55395353400007,9.74398118900018],[98.55391870500011,9.744118705],[98.55392345400008,9.744276897000134],[98.55404974500016,9.744455686000094],[98.55405849700014,9.744468075000157],[98.55411531100003,9.744548474000112],[98.55432172500008,9.744959398000049],[98.5544173240001,9.745355545000052],[98.55443890300018,9.745810241000186],[98.55442559700015,9.74624061500009],[98.55441481600008,9.746569237000074],[98.55438819400018,9.74679115400005],[98.55438715000008,9.746799850000059],[98.55437293900007,9.746918379000022],[98.5543208430002,9.747164816000065],[98.55422726900008,9.747472814000162],[98.55413347200005,9.747934842],[98.5540812050001,9.748325052000155],[98.55411178400004,9.748694805000127],[98.554225278,9.748972252000044],[98.55301270600006,9.749335028000075],[98.55183279100004,9.749688032000108],[98.55159495700008,9.749482338000178],[98.55140887900012,9.749276659000088],[98.55123329000008,9.748958071000061],[98.551140406,9.74875251400016],[98.55107866200007,9.748444365000182],[98.55100666200013,9.748115606000056],[98.55084240800005,9.747876780000183],[98.55073182900009,9.747854694000125],[98.55051381000004,9.747872426000185],[98.55038656800019,9.747926322000012],[98.55037743600013,9.747937323000144],[98.54989599700019,9.746865946000014],[98.55017030400006,9.746628476000126],[98.55023672000004,9.746551682000131],[98.55033469800014,9.746436375000087],[98.55034101800015,9.746290745000124],[98.55031677099998,9.74612688000019],[98.55024999100016,9.74581012200008],[98.55012462600018,9.745540539000046],[98.54999357500009,9.745367894000083],[98.54974311400008,9.74511267700018],[98.54933358700004,9.744875488],[98.54856918299998,9.744686364000188],[98.54792100500003,9.744491315000118],[98.54742565800018,9.744393554000112],[98.54700360500016,9.744362655000145],[98.54688339000006,9.744368925000117],[98.54687762000009,9.744369227000163],[98.54677724400017,9.744374464000146],[98.54661207700008,9.744374244000085],[98.54612869000016,9.744452520000038],[98.54571255700006,9.744573324000044],[98.54532104600008,9.744578879000073],[98.54493578500012,9.744505524000147],[98.54464233800007,9.744371622000074],[98.5441960820001,9.744146487000023],[98.54382924300006,9.74399430800014],[98.54343781400007,9.743927011000153],[98.54305862800015,9.743865824000125],[98.54271612700012,9.743835026000056],[98.54239809200004,9.743792142000075],[98.54203723100011,9.74374309700005],[98.54171920400017,9.743694136000158],[98.54117486700017,9.743620581000187],[98.54077113300013,9.743620038000074],[98.54041020500011,9.743619552000041],[98.54012888900013,9.74358275700007],[98.53991489600008,9.743497518000027],[98.5396519700002,9.743418254000062],[98.5394012110001,9.743381482000018],[98.53909500100019,9.74340920000003],[98.53907083400003,9.743411393000088],[98.53903460100014,9.743415283000104],[98.53862420800004,9.74345935000008],[98.53818977400016,9.743555867000168],[98.53782251300004,9.743707084000164],[98.53750561000004,9.743883322000158],[98.53745599800004,9.743910910000125],[98.53743070200005,9.743924998000068],[98.5370756590001,9.744118724000089],[98.53664101300018,9.744342673000062],[98.5361941600001,9.744560519000174],[98.53593085400013,9.74473612100013],[98.53549018400008,9.74491152600018],[98.53498837900003,9.745056471000169],[98.53437013800016,9.745340855000052],[98.53405788100014,9.745534619000125],[98.53372116700018,9.74572227200008],[98.53339672100014,9.745909951000101],[98.532828263,9.746291495000037],[98.53258895600004,9.746482398000126],[98.53237278500018,9.746688648000088],[98.53214887700011,9.746894853000015],[98.53189409300018,9.747131646000184],[98.5317086870001,9.747360849000017],[98.53144603900006,9.747720023000113],[98.53125287600017,9.747995108000055],[98.53103660900013,9.748262531000023],[98.530882104,9.748461190000057],[98.53071991600012,9.748652198000059],[98.53055169200002,9.748830532000056],[98.5305330920001,9.748850238000102],[98.53050367500003,9.748881403000098],[98.53039552300015,9.749034214],[98.53033365800013,9.749164213000029],[98.53030262300013,9.74930181500008],[98.53027918700013,9.749500690000104],[98.53022489900007,9.749737739000068],[98.53021492900012,9.749863888000107],[98.53020918200014,9.749936579000178],[98.53020376400019,9.749940088000187],[98.530188828,9.749949730000083],[98.52932165200002,9.750509068000042],[98.52906724400015,9.750455173000091],[98.52876651800011,9.750447083000154],[98.52830387900013,9.7504464430001],[98.52774097399998,9.750453339000103],[98.52734755200015,9.750559888000168],[98.52727777800004,9.750607663000096],[98.52722131600018,9.750622715000077],[98.52649491800008,9.750816392000047],[98.52639993700018,9.750858391000065],[98.52636783300017,9.75085682700012],[98.52602067200013,9.751001709000036],[98.52587392500016,9.751024654000048],[98.52582599599998,9.75103214800015],[98.52568128000013,9.751054770000053],[98.52537288100007,9.751039043000105],[98.52486421100008,9.750854735000132],[98.52446338700014,9.750754758000085],[98.52403162600007,9.750715921000165],[98.52358440300009,9.75073059400006],[98.52334502600007,9.750695071000052],[98.52326944500015,9.750675312999988],[98.52313640300014,9.750640548000092],[98.52310095800016,9.750602934000142],[98.52285370400011,9.75034057400012],[98.52280363900013,9.750209069000164],[98.5227461400001,9.750058060000185],[98.5226723040002,9.749763307000023],[98.52243385100007,9.749460630000158],[98.52187351200018,9.748961422000036],[98.52076248900016,9.748332442000049],[98.52062074300017,9.748252193999974],[98.52048294000008,9.7480922580001],[98.52042570100019,9.747898190000171],[98.52041058500004,9.747734468000147],[98.52043252600015,9.747589012],[98.52043809000008,9.747564314999977],[98.52043826699997,9.747440467000047],[98.52040867200014,9.747147436000034],[98.5203226640001,9.746829533000152],[98.52023053100004,9.74655536900002],[98.52022806600013,9.746548043000132],[98.52022673600015,9.74654398700011],[98.52008847000008,9.746241176000012],[98.51995012200018,9.74602088600011],[98.51979095600018,9.745821208000109],[98.51970101100011,9.745704166],[98.51962495900005,9.74555962300002],[98.51952115500012,9.745421911],[98.51941045600012,9.745249840999975],[98.519313587,9.74511214000006],[98.51922359400015,9.745029474000148],[98.51911970900017,9.744953642000098],[98.51898803600017,9.744898448000129],[98.51884939200005,9.744891408000115],[98.51882859400013,9.744891379000023],[98.51880088700005,9.744891340000095],[98.51868302600019,9.744863633000023],[98.51853054000014,9.744842786000163],[98.51840586900005,9.74475318200001],[98.51828815300007,9.744656742000018],[98.51821203200012,9.744567242000073],[98.51817751900018,9.744464012000094],[98.51817766700003,9.74436084000007],[98.51815692800017,9.744319538000013],[98.5180598570002,9.744298768000078],[98.51796288800011,9.744243623000045],[98.51788672900011,9.744174719000057],[98.51781754500007,9.744085228000188],[98.51776916200004,9.743968254000094],[98.51774158700016,9.743851291000112],[98.51768629500003,9.743741143000022],[98.51763100200014,9.743631040000082],[98.51756868800015,9.743562156000053],[98.51740934700001,9.743479409000031],[98.51725697800015,9.743389801000092],[98.51712534500018,9.74330706699999],[98.51704224200012,9.74323130800002],[98.51697992500004,9.743183048000162],[98.51681358700012,9.743162180000184],[98.51659872,9.743106867000165],[98.51646708200013,9.743051663000188],[98.51639782299998,9.742996513000094],[98.51632160399998,9.742968927000106],[98.51625921100009,9.742955096000117],[98.51619680700009,9.742961852000121],[98.51614130700011,9.742996149000021],[98.51604424200013,9.742996012000106],[98.51599576000007,9.742954722000093],[98.51595427500007,9.742865235000068],[98.51585736900006,9.74275507200008],[98.51573269800014,9.742672347000052],[98.51558036000011,9.742562070000076],[98.51542108000012,9.742438031000063],[98.51523407600007,9.742300218000082],[98.51519258000019,9.742217638],[98.51514418300019,9.74214879100009],[98.51508177200009,9.742141821000075],[98.51497775900009,9.742162324000049],[98.5148390980001,9.742168999000171],[98.51468660800009,9.74212062800018],[98.51456887400013,9.742037904000085],[98.51452051900009,9.741927827000097],[98.51445138800017,9.741783283000075],[98.51443078900013,9.741645697000024],[98.51443095800005,9.741528792000054],[98.51439643500015,9.741446186000132],[98.5143271770001,9.741377336000141],[98.51418170500011,9.74131522200014],[98.5139945640002,9.741273700000079],[98.51372406100012,9.741342075000148],[98.51341893199998,9.741417281000167],[98.51275312500007,9.741574546000095],[98.51241331800009,9.741642821000141],[98.51210117000005,9.741738667000106],[98.51183074100015,9.741786434000062],[98.51159501000006,9.741772354000148],[98.51131097800004,9.74164124500004],[98.51108242200013,9.741468994000059],[98.5108954710002,9.74129675],[98.51073626400006,9.741117701000064],[98.51057729400009,9.740794259000097],[98.51041845600008,9.74037448300004],[98.51034260000017,9.740099218000069],[98.51023200500003,9.739872128000115],[98.51008684800019,9.739583037000102],[98.5099624130001,9.739328388000047],[98.5098586650002,9.739156325000124],[98.50973412000013,9.738977325000064],[98.50957493400011,9.738791377000098],[98.50942264000008,9.738646712000161],[98.50916635400006,9.738467523000168],[98.50892655400008,9.738400167000066],[98.5089193550001,9.738398115999985],[98.50889610900015,9.73839148500008],[98.50886836900014,9.738377710000066],[98.50879220200017,9.73832255700006],[98.50868151400005,9.73817797900017],[98.50864702000007,9.738033493000103],[98.50856437200014,9.737661944000024],[98.50846091200009,9.737317949000044],[98.50845983900012,9.737314459000117],[98.50845754400018,9.737307036000118],[98.50837808500012,9.73704957200016],[98.50826068400005,9.736753675000102],[98.50814435500013,9.736546520000104],[98.50809529400004,9.736500698000043],[98.50795610800009,9.736423107000121],[98.50789146500017,9.736402540000086],[98.50782814000013,9.73639426200009],[98.50775928000013,9.736395523000112],[98.50768905800004,9.736403609000092],[98.50762846300006,9.736421274000065],[98.50758158800016,9.73645810000005],[98.50755124500006,9.736494914000104],[98.50752776900009,9.736535889000038],[98.50749830300015,9.736594388000128],[98.50739402400012,9.736779939000144],[98.50723424400002,9.736999795000031],[98.5070606760001,9.737157733000117],[98.50687333100012,9.737281231000054],[98.50669989600004,9.737336033000133],[98.50642948000007,9.737376917000176],[98.50623513400018,9.737514192000049],[98.50607543400008,9.737685883000154],[98.50599900600014,9.737802688000102],[98.50577,9.73793992100019],[98.50548569100005,9.738001398000051],[98.50530543600013,9.738001137000083],[98.50509745700009,9.737993982000148],[98.50482706999998,9.737972957000068],[98.50466773300008,9.737897041],[98.50451545200013,9.737752419000117],[98.5044127490001,9.737622009000177],[98.5044009560001,9.737607048000086],[98.50431476600005,9.737497620999989],[98.5040586200002,9.737249668],[98.50384388200018,9.73711181800013],[98.50383199400011,9.737095019000094],[98.50382549100016,9.737085850000142],[98.50376088100018,9.736994765000134],[98.50368480200018,9.73685021800003],[98.50361575500006,9.736671297000044],[98.50351188700017,9.736595496000064],[98.5032761440001,9.73661578600013],[98.50301256900008,9.736691061000045],[98.50279738400013,9.736855790000106],[98.50256136500019,9.737068678000128],[98.5024432310002,9.737247318000186],[98.50235976400012,9.737432916000103],[98.50226241500019,9.737632210000072],[98.50214432700017,9.737797089000082],[98.50196379700014,9.737982536000061],[98.50183189400013,9.738085524000098],[98.5016584400002,9.73818844200008],[98.50147115900006,9.738243186000147],[98.50115897500018,9.738387167000099],[98.5009231050002,9.738510599000165],[98.50078429400014,9.738606713000138],[98.50068014400006,9.73869595400015],[98.50050642800011,9.73895705100017],[98.50035352800006,9.739211289000025],[98.50027678900017,9.73954134200011],[98.50022784000015,9.739809483000158],[98.50013049900014,9.740001896000024],[98.50001219500012,9.740311237000128],[98.50001165200018,9.74067577600016],[98.50008060900012,9.7409028080001],[98.50017430700007,9.741058263000127],[98.50018263900006,9.74107208900017],[98.50022585500005,9.741143757000088],[98.50066212600018,9.741474542000162],[98.50133377000014,9.74206010600011],[98.50158286400017,9.742404360000023],[98.50165172700008,9.742713983000158],[98.50165134000014,9.742975297999976],[98.50163013300005,9.743250406000016],[98.50156025900014,9.743628578000028],[98.50155996300015,9.74382804000004],[98.50158059800015,9.743931233000126],[98.50170518700008,9.744055201000094],[98.50188528200016,9.744165524999971],[98.50201688400017,9.744255109000107],[98.50223144500006,9.744503039],[98.50244614100006,9.744647797000084],[98.50266789300014,9.744723762000092],[98.5028758860002,9.744724065000185],[98.50302154399998,9.744683012000053],[98.50314641300014,9.744641911000144],[98.50328514600017,9.744593967000071],[98.50346540500004,9.744594230000189],[98.50372875200009,9.744677134000142],[98.50394347200006,9.744794378000051],[98.50417223900007,9.744829131000188],[98.50440100500003,9.744822556000088],[98.504719996,9.744774873000154],[98.50494892800015,9.74468581400015],[98.50517091300014,9.744603586999972],[98.50556618400003,9.744528502000094],[98.50586437600003,9.744487668999966],[98.50611390500018,9.744529295000063],[98.50625244500009,9.744612043000132],[98.50650172799999,9.744832508],[98.50651888800019,9.74485446400007],[98.50654146099998,9.744883352000159],[98.50674392700006,9.745142337000175],[98.50695147800008,9.745431519000078],[98.50715879300009,9.745906366000042],[98.50722058300005,9.746312226000043],[98.50726106900004,9.747075721999977],[98.50731582400005,9.747550349999983],[98.50732903000005,9.747997448000035],[98.50726602100008,9.74840315300014],[98.50720309900004,9.748767558000168],[98.50709165200016,9.749131929000043],[98.50701482900007,9.74951009200015],[98.50704211100003,9.749805859],[98.50708314200017,9.75019109100009],[98.50713710600019,9.750325421000184],[98.50714572900011,9.750346888000081],[98.50720749900006,9.750500758000044],[98.50732494099998,9.750782912000147],[98.50742860200012,9.75101002800011],[98.5074838700001,9.751140783000153],[98.50770543600015,9.75134745500003],[98.50774938100011,9.751367885000093],[98.5078717930001,9.751382062000118],[98.5081560700001,9.751368720000073],[98.50858595900007,9.75133498100007],[98.50909897800017,9.75137007900014],[98.50955640000018,9.751480779000019],[98.50977122400019,9.751542986000118],[98.51004141400011,9.75170156300004],[98.51030469200009,9.751818856000057],[98.51051263000005,9.75185356600008],[98.51067896700005,9.75190193200018],[98.51078287100012,9.751970877000076],[98.51090750300011,9.752087971000037],[98.51102509700007,9.752280704000043],[98.51109906400006,9.75242367400017],[98.5111250700001,9.752473932000044],[98.51114261400011,9.752507856000022],[98.51124623800018,9.752762475000054],[98.51129457899998,9.75290698100008],[98.51144002200004,9.75300345400018],[98.51158505600011,9.753081220000013],[98.51160534000002,9.753092086000038],[98.51162013600003,9.753100003999975],[98.51175869300005,9.753168997000103],[98.51192508100013,9.75318299700001],[98.51198375100017,9.75320532100011],[98.51216073600017,9.753224590000173],[98.51239636600013,9.753314355000043],[98.51254864600008,9.753479607000031],[98.5126314920002,9.753720471000065],[98.51265207000012,9.753878671000052],[98.51265526900016,9.753944362000027],[98.51265623700004,9.753964183000164],[98.51265881500007,9.754016227000022],[98.51261629900011,9.754642068000067],[98.51258115000013,9.754958377000037],[98.51260148000006,9.755281672000024],[98.51263579800002,9.755543090000174],[98.51274626200012,9.755852727000104],[98.5129189430001,9.756293146000075],[98.51302209900012,9.756871022000098],[98.51302179900011,9.757077373000186],[98.51302143000015,9.75733184400002],[98.51302109000011,9.757565673000101],[98.51298606900014,9.757813230000068],[98.51297883200016,9.75801957200008],[98.51286744900011,9.758342635000076],[98.512741845,9.758892679000098],[98.512630301,9.759325820000129],[98.51246345800018,9.759621326000115],[98.51231736500006,9.759951264000051],[98.51212969300019,9.7602673720001],[98.51209971800012,9.760312887],[98.51201841900019,9.760507940000082],[98.51184885000009,9.760828367000045],[98.51181674000014,9.760927183000035],[98.51165657100012,9.761415261000082],[98.51105809700016,9.762934390000112],[98.51059893700017,9.763979162000055],[98.51018167800004,9.764845136000133],[98.50972267900016,9.76580047800013],[98.50948623000005,9.766295326000034],[98.50931229800005,9.766673377000131],[98.50924227299998,9.767161593000026],[98.50918629100016,9.767491623000183],[98.50908900600001,9.767649671000072],[98.50889464900018,9.767800725000143],[98.508686511,9.76788982700009],[98.5079443950001,9.768046926000181],[98.50777098900011,9.768094847000157],[98.5076806830001,9.76820474200008],[98.50765281200006,9.768314753000027],[98.50764557500008,9.768507316000068],[98.50767962200013,9.768926904000182],[98.50769984700008,9.769312097000125],[98.5076784700002,9.769710973000088],[98.50760179200006,9.769985974000065],[98.50744189300008,9.770288357000084],[98.50726135800016,9.770466917000135],[98.50694894800006,9.770720934999986],[98.50683075000006,9.770947739000121],[98.506830396,9.77118846600007],[98.50685785600018,9.771387958000048],[98.5068991930001,9.771566839],[98.50694739800014,9.77177322500006],[98.50703023400001,9.772020962],[98.50717538600014,9.772344420000138],[98.50745005400012,9.772887727000068],[98.50745188600013,9.772889983000084],[98.50747267500014,9.772915688000126],[98.50757642100018,9.77309465900015],[98.50765241300007,9.77328047900005],[98.50768683000018,9.77346621300012],[98.50768421700008,9.773547768000071],[98.5076795600001,9.773693177999974],[98.50758900000011,9.773968149000098],[98.50743590400003,9.7743599800001],[98.50727595500001,9.774676125000042],[98.50719937500008,9.774896109000167],[98.50717132600016,9.775102366000056],[98.50726792600017,9.77541202000009],[98.50746862700015,9.77566679000006],[98.5076277280001,9.775921482000172],[98.50768289500013,9.776141656999982],[98.50764088800014,9.776423579000038],[98.5074600860001,9.77678095900012],[98.50725153900015,9.77713828900005],[98.50717490000011,9.777385804000176],[98.50716770000002,9.777564613000152],[98.50724360200013,9.777805442000101],[98.50724317700013,9.778094287000101],[98.50720810600018,9.778376237000145],[98.50722154700014,9.778651350000075],[98.50721439300008,9.778823306999982],[98.5071308570001,9.779043280000167],[98.50702653200011,9.77925632500012],[98.50689442700008,9.779510604000109],[98.50683177000013,9.779689334000182],[98.50683160800014,9.779799394],[98.5069077230001,9.779895778000025],[98.50701152200008,9.78004037300019],[98.50700437500012,9.780171021000115],[98.50694867600004,9.780336018000014],[98.50685127600013,9.780555979000042],[98.50677469800002,9.780755313000157],[98.50678142100014,9.780899768000154],[98.50682272900019,9.781099281000024],[98.5067946870002,9.781305539000016],[98.50673203400004,9.781463645000144],[98.50664156800019,9.781697377000114],[98.50651641900009,9.781931033000092],[98.50641202100013,9.782192233000046],[98.5064255260001,9.78245362000007],[98.50653608400017,9.78270135300005],[98.50667443800006,9.782914741000127],[98.50679904800012,9.783052522000105],[98.5069099120002,9.783153310000046],[98.5070414220001,9.783272950000026],[98.5073669730001,9.78350038000002],[98.50761634100013,9.783658920000164],[98.50783810000007,9.783741771000166],[98.50801145800006,9.783755773999985],[98.50816398300014,9.783755994000046],[98.50825416200007,9.783735493],[98.50833744800019,9.783666853],[98.50842769700012,9.783605077000061],[98.50850410500004,9.78350890600018],[98.50858748900004,9.783392112000115],[98.50865004200011,9.783295877000057],[98.50871947600018,9.783213482000065],[98.50880275900005,9.783158559000071],[98.50900389900016,9.783124465000071],[98.50914951300012,9.783124675000124],[98.50930202400008,9.783145537000053],[98.50956541700009,9.783200916999988],[98.50989119900004,9.783283934000053],[98.51012679400009,9.783380555000122],[98.51032782300013,9.783415264999974],[98.51058440500003,9.783415634000107],[98.51081321400005,9.783415964000142],[98.51120141000018,9.78348527300011],[98.51147866500014,9.783554459000129],[98.5117767120002,9.783623647000184],[98.51197764200009,9.783727116000136],[98.51206074400005,9.783802875000106],[98.51218525800004,9.784002499000053],[98.51234442499998,9.784215968000069],[98.5123614800001,9.784238992000041],[98.51238424799999,9.784269726000048],[98.51253818900005,9.78447757900011],[98.51282882700013,9.784890672000131],[98.51303980500018,9.78512085500006],[98.51304342200018,9.7851248180001],[98.51305861100013,9.78514511000003],[98.51326488300015,9.785420879000185],[98.51336155200005,9.785689266000134],[98.5134231290001,9.785828200000083],[98.51345171700012,9.785892699000158],[98.51356890800014,9.786157230000128],[98.51363785900008,9.786411834000035],[98.51371376200007,9.786687028000074],[98.51382424600013,9.786989836999965],[98.51385855200016,9.787230552000096],[98.51389298300006,9.787416311000072],[98.5139760690002,9.787492079000174],[98.51409386500018,9.787561044000086],[98.51427397600003,9.787685104000047],[98.5143258760001,9.787731205000057],[98.51433062500018,9.787735415000043],[98.51446782700003,9.787857322000093],[98.51454395600018,9.787953704000074],[98.51473080300008,9.788222229000155],[98.51473675700004,9.78823045200005],[98.51477896000006,9.78828876100016],[98.51485537700012,9.78839433000013],[98.51501459200006,9.788559643000042],[98.5151461550002,9.788690489000032],[98.51525697600005,9.788786954999978],[98.51543022500005,9.788835329999984],[98.51556891400008,9.788835528],[98.5157284350002,9.788808224999968],[98.51575987000007,9.78878267400006],[98.5157901820001,9.78875796799997],[98.51584642700004,9.788712111],[98.5159574760001,9.788657269999987],[98.51610322100015,9.78857492100002],[98.51640827300014,9.788589143000138],[98.5167896440002,9.788610282000036],[98.51705301600015,9.7886657090001],[98.51744116800006,9.788783184000124],[98.5176698790001,9.78886603900014],[98.51787775200017,9.788955727000086],[98.51811325099999,9.789148669999975],[98.51823783300017,9.789286393000111],[98.51843865900008,9.789465490000111],[98.51856328600019,9.789603223000029],[98.51872255100017,9.789747884000178],[98.51890268500011,9.789851284000065],[98.51907595900008,9.78992720600013],[98.51926307400004,9.789975607000088],[98.51945029300015,9.78997587200007],[98.51965137800016,9.78997615600008],[98.51971736200011,9.789951104000124],[98.51975590500001,9.789936479000062],[98.51983176000016,9.789907651000021],[98.51993586200007,9.789859626],[98.52003311000016,9.789729106000038],[98.5201026370001,9.789605401000017],[98.5201305240002,9.789495370000054],[98.52014250900004,9.789383931000032],[98.5201445940001,9.789364741000043],[98.52014393300016,9.789341511000032],[98.52013797500018,9.789130902000124],[98.52003427500017,9.788917498000046],[98.51990981600005,9.788669757999969],[98.52036196200015,9.787673121000012],[98.52074340500019,9.787618659000145],[98.52113182300019,9.787550402000079],[98.52146478800012,9.787447691000011],[98.52193640000007,9.787386458000014],[98.52233871400011,9.787283852000087],[98.52265780500016,9.787181164000117],[98.52299779300006,9.787023462000036],[98.52327529000019,9.786920671000132],[98.52343490000004,9.786824631000172],[98.52353905800015,9.786735339000074],[98.52359471200015,9.786597853000046],[98.52419834200015,9.786330449000161],[98.52430230600004,9.786371877000022],[98.52484990200008,9.78648954900018],[98.52562631799998,9.78662133600011],[98.52618776899999,9.786759676000031],[98.52681853000007,9.786925623000172],[98.52742162200002,9.787043387000153],[98.5277543410001,9.787119481000047],[98.5280038360001,9.78720927300003],[98.52819779800012,9.787340201],[98.52847479200017,9.787588203000098],[98.5291742760001,9.78818754200006],[98.5297423290001,9.788573431000088],[98.53028261600014,9.788973104000036],[98.53096147100013,9.789441744999976],[98.53147418600014,9.78974507700002],[98.53165432500003,9.789848471000084],[98.53201470800013,9.789979661000075],[98.53237505400011,9.790138346000163],[98.5330474450002,9.79030434900011],[98.53387933300013,9.790422398000032],[98.53581582100014,9.800653164000096],[98.53575580100011,9.800858118000178],[98.53579696300017,9.800990334000119],[98.53589327100013,9.801118050000014],[98.53597972500017,9.80118563100001],[98.53608601399998,9.801268721000156],[98.53622371,9.80136004200017],[98.53626490100015,9.801464886000133],[98.53626934100015,9.80158337100005],[98.53625539500007,9.801692706000154],[98.5362427460002,9.8017083310001],[98.53624051300011,9.801732334000064],[98.53615871900007,9.80189407600011],[98.5360430450001,9.802160789000084],[98.53603592600012,9.802177154999981],[98.53600830800013,9.80248734800017],[98.53607587600004,9.802784165000105],[98.53621150800006,9.80304063200009],[98.53648315599997,9.803283780000186],[98.53687714800009,9.80356755600019],[98.53738005600013,9.803743619000102],[98.53761111800009,9.803838327000108],[98.53788288200019,9.803973594000013],[98.53810033600007,9.804081813000039],[98.53789412700013,9.805673082000169],[98.53766193000018,9.805734548999965],[98.53765733200015,9.805736644000092],[98.53747237300007,9.80582087400012],[98.53724097300011,9.805968926000105],[98.53698228300016,9.806184401999985],[98.53669632100014,9.806480736000026],[98.5362878470001,9.80683086],[98.53593381800005,9.807167581000101],[98.53542981700014,9.807760367000071],[98.5342176200001,9.809107494000102],[98.53360448900014,9.809929452000063],[98.5330728940001,9.81081892100002],[98.53262307600016,9.811573623000129],[98.53216231500016,9.812528946000043],[98.53192746700012,9.813015870000186],[98.531647379,9.813534970000148],[98.531600245,9.813622364000082],[98.53157016600011,9.813658505000149],[98.53086254400017,9.814979609000034],[98.5291828500001,9.819049936999988],[98.52840394500004,9.821503175000146],[98.52840197100005,9.821520104],[98.52828480200003,9.821941114000026],[98.52816767900003,9.822353822000082],[98.52802514900014,9.823030777000042],[98.52797410700003,9.823806976000071],[98.52798142600017,9.824492398000132],[98.5279729350001,9.82471548400008],[98.52798109900004,9.824723604000042],[98.52798106300008,9.824748387000056],[98.52796840100007,9.824835722000103],[98.52795587400004,9.824921759],[98.52787231600001,9.825119849999965],[98.52785000800014,9.825157656999977],[98.52775547000016,9.825317868000184],[98.52758030200005,9.825540581000041],[98.52737173399998,9.825821054000073],[98.5271132100001,9.826117973000066],[98.5269712160001,9.826415065000106],[98.5268707780001,9.826778280000042],[98.52685331300017,9.827356318999989],[98.52687764700005,9.827810523000096],[98.52696865800004,9.82821530700005],[98.52708476400005,9.828545766000104],[98.52728418200002,9.82885160100011],[98.52746700300014,9.829099588000076],[98.52760308700005,9.829196316000093],[98.52775814799998,9.829306442000188],[98.52824072600015,9.829554873],[98.52884344100016,9.829634188000114],[98.5290273550001,9.829658389000087],[98.52941520700006,9.829665482000053],[98.5294308080002,9.830189689000122],[98.52894844800005,9.830220488000123],[98.528283471,9.830298585000094],[98.52814807100003,9.830314489000159],[98.52786492600012,9.830330575000062],[98.5277850130002,9.830338396000116],[98.5276898420002,9.830347713000094],[98.52744854300005,9.83037130300005],[98.52710530800016,9.830414279000081],[98.52635632400018,9.83058467700016],[98.52627081500015,9.830619596000076],[98.52621583500019,9.830642103000116],[98.52618755200007,9.830665875000136],[98.5260491160002,9.830782216000046],[98.5258657130002,9.830930635000186],[98.52557410200012,9.831062315000054],[98.52529095100004,9.831094969000105],[98.52497451800008,9.831102783],[98.52467467700006,9.831160152000052],[98.52436641500015,9.83130838500017],[98.52425755500019,9.83136217200007],[98.52423771400004,9.831373917000064],[98.52319588400019,9.832733628000028],[98.52247209500007,9.834034554000027],[98.52244438400015,9.834124499000097],[98.52214393999998,9.834822717000122],[98.52194951100017,9.835328936],[98.52177215200015,9.836201987000038],[98.52147036500014,9.837843403000136],[98.52130312500014,9.839566479999974],[98.5213028070001,9.839570975000072],[98.521312367,9.839580466000086],[98.52129592199998,9.840078492000089],[98.52129310900006,9.840114312000026],[98.52128393800007,9.840230304000045],[98.52124797100004,9.840685403000123],[98.5212316570001,9.84112896900001],[98.52123080500019,9.841720393000116],[98.52123152600018,9.841919246000145],[98.52123642100014,9.843269078999981],[98.52109014800004,9.843485274000045],[98.52023439800007,9.844750111000167],[98.51863804100009,9.84712767200017],[98.5181101610001,9.84798269800018],[98.51807254200008,9.848043631000166],[98.517998536,9.848163514000078],[98.51794435600016,9.848251257000129],[98.51788923200002,9.84834054400011],[98.5178696810001,9.848372214999983],[98.51691694800007,9.849915371000122],[98.51583805900003,9.85206798900009],[98.51572019300005,9.852697417000115],[98.5157949250002,9.853278359000058],[98.51608368200004,9.853873731000078],[98.51717836400019,9.855085731000031],[98.51897659300005,9.856196160000138],[98.52009313900004,9.856608057000017],[98.52055359600001,9.856680077000135],[98.52091449100016,9.85670642499997],[98.52126615200018,9.85670103200016],[98.52181392100016,9.856727926000076],[98.52228801900009,9.856728598000132],[98.52263052300003,9.856661170000052],[98.52293428500013,9.856557069000075],[98.52456650800008,9.856455671000049],[98.52520130300007,9.856513313],[98.52582802300009,9.856587325000078],[98.52649177800004,9.8565673600001],[98.52737696200006,9.856417125000064],[98.5275878130002,9.856292054000107],[98.52771963000004,9.856203402],[98.52795149500008,9.85615672900019],[98.52867806700016,9.85639282700015],[98.52928900500012,9.856461592000073],[98.52961558300012,9.856482927000172],[98.52999490700006,9.856420781000168],[98.53048950000004,9.856823705000124],[98.53048938900014,9.856902066000089],[98.53049492800011,9.856921408000119],[98.53051585600008,9.856948455000122],[98.53055813000003,9.856983181000146],[98.5306051450001,9.856991027999982],[98.53087372800002,9.857054084000083],[98.53131608300015,9.857143500000177],[98.5316108790002,9.85726926700005],[98.53197387700004,9.85742305700012],[98.5321725870001,9.857487279000111],[98.53276324500013,9.857722518000116],[98.53349351300017,9.858027239000023],[98.53391778500009,9.858139705000099],[98.53429910400013,9.858230799000182],[98.53466103900013,9.85840138400016],[98.53494426700013,9.858565809000027],[98.53644101400005,9.85885274800006],[98.53590619300013,9.859988221000094],[98.53579469900012,9.859594328000128],[98.53571389700005,9.859583504000113],[98.53565592600012,9.859575757000073],[98.53558936300004,9.859592200000122],[98.53545023900006,9.859626499],[98.53544254100012,9.859628386999987],[98.53543832500014,9.85963110200015],[98.53539316300015,9.859660222000059],[98.53531998400001,9.859694567000133],[98.53530393200015,9.859702742000025],[98.53520613100011,9.859752537000134],[98.5350511470001,9.859632662000081],[98.53502986000018,9.859619622000082],[98.53493913600016,9.859564090999982],[98.53491680900015,9.859550423000144],[98.53490465600015,9.859547563000035],[98.53480788200011,9.859524845000124],[98.53474103400009,9.859509146000164],[98.53449734100008,9.859497257000157],[98.5343769210001,9.859512760000086],[98.53420156400006,9.859535314000027],[98.53393483399998,9.859597426],[98.53367776300013,9.859693256000128],[98.53342071100019,9.859769795000147],[98.53319279700014,9.85979835300003],[98.53299403000017,9.859798078000097],[98.53287395200016,9.859797911000157],[98.53265467500006,9.859797608000065],[98.53235891500009,9.859797198000024],[98.53211164100003,9.859830489000046],[98.53207219700016,9.859866497000155],[98.53206270400017,9.859909727000172],[98.53191865800017,9.85991584300018],[98.53182064100014,9.85989738800015],[98.53161179600016,9.859825017000105],[98.53131924900003,9.859777040000154],[98.53078823300018,9.859764246000111],[98.53068699900012,9.859797553000135],[98.5304355130001,9.859880298000121],[98.53023783800018,9.859945329000084],[98.52994955600013,9.86019362200011],[98.52946580600008,9.860745580000128],[98.52886106500006,9.861463162],[98.52801419500014,9.86263173000009],[98.52772855300014,9.863156009000022],[98.52755814100004,9.863782374000039],[98.52749179800014,9.864224431000139],[98.52736060300003,9.865043442000115],[98.52735996299998,9.865492797000115],[98.52743322200013,9.86622304500014],[98.52768203900018,9.867604990000132],[98.52795010200009,9.868507998999974],[98.52814481900009,9.868747753000093],[98.52821526400015,9.868815436000148],[98.5282436170001,9.868857059000106],[98.52825509500019,9.868884588000185],[98.52836716000013,9.869153328000039],[98.52841310200017,9.869503393000116],[98.52840293500014,9.870120488000111],[98.52845745900004,9.870967943000153],[98.52854026400007,9.87152069200016],[98.52866058100017,9.87182481800005],[98.52913307800009,9.87267284700016],[98.52943896200014,9.873115388000087],[98.5295435610002,9.873198850000051],[98.52959359700009,9.87323877199998],[98.53023685500017,9.87375203500011],[98.53117377500007,9.874600709000163],[98.53176724500014,9.875292333000175],[98.5326856280002,9.876122562000035],[98.5332362100001,9.876826559000108],[98.53379082400016,9.877836887000058],[98.53381633000015,9.877883354000062],[98.53418681900018,9.878629928],[98.53454773400011,9.879579113000148],[98.53477869400018,9.880472863000023],[98.5349447640001,9.881274419000079],[98.53525944000017,9.882076171000165],[98.5354353960002,9.882454050999968],[98.53574143900016,9.882795262000059],[98.53624604900017,9.883124893000058],[98.53686380700015,9.883200183000099],[98.53712548700014,9.883119479000129],[98.53740641600018,9.883338352000067],[98.53741838400009,9.883423963000098],[98.53753956700012,9.883646069],[98.53767469200017,9.88396314300013],[98.53786786000018,9.884328264999965],[98.53808044700008,9.884635818000106],[98.53838991200018,9.884914682999977],[98.53898962900018,9.885386024000184],[98.53953139300006,9.885732394000058],[98.54011198400002,9.886040484000148],[98.54073130900002,9.886319771000103],[98.54137009300013,9.886531868000134],[98.54223156800009,9.886782689000029],[98.54314148200007,9.887014389000171],[98.54395465100009,9.88717872300009],[98.54470974400016,9.88730455700005],[98.54541646200016,9.887430349000113],[98.54597800100004,9.887498313000094],[98.54656863900004,9.887527929000044],[98.54738200300017,9.887557809000043],[98.5474131310001,9.88756043800015],[98.54826560900011,9.887537145000067],[98.549559037,9.887419871000134],[98.55018240800018,9.887247608000052],[98.55048140700012,9.887071668000033],[98.55059370000009,9.886980227000038],[98.55084588400018,9.886730845000159],[98.55111481600005,9.88649814400003],[98.55168544200018,9.886111171000039],[98.55178818000013,9.88611593600018],[98.55198912900016,9.88600970200008],[98.55225387000013,9.885767287000021],[98.55250397100014,9.885435575000088],[98.55273811600006,9.885066409000103],[98.5529533240001,9.884703498000022],[98.55298853000016,9.884620626000071],[98.55303146600016,9.884519561000161],[98.55375425800014,9.884541206000108],[98.56018005100003,9.884733572000016],[98.56018498400016,9.884734621],[98.56037867000003,9.884775627000067],[98.56055075100016,9.884868317999974],[98.56069421800004,9.884889844000156],[98.56098841700015,9.884868889000131],[98.56131750499998,9.885573667000187],[98.56125992800014,9.88570166200003],[98.56113773400011,9.88588648000001],[98.56111550500015,9.885950133000051],[98.56108152100018,9.886093668000115],[98.56112689800011,9.886252030000094],[98.56124652100016,9.886314348000099],[98.56141754300012,9.886325868000142],[98.56155435000016,9.886326045999965],[98.56166263200004,9.88634878900018],[98.56218680800009,9.886530369000127],[98.56263112500017,9.886757029000023],[98.56297281000008,9.88701182900013],[98.56315211800018,9.887205306000055],[98.56384710400016,9.887960337000095],[98.56427521300014,9.888429935999966],[98.56471471300006,9.888839834000123],[98.56519290900019,9.889337849000071],[98.56569944800009,9.88993201500017],[98.56594991200006,9.890226264000091],[98.56642775100005,9.89094472500011],[98.56659832300011,9.891295397000022],[98.56699034900004,9.892273800000055],[98.56715891800008,9.892998893000083],[98.56725536400006,9.893307797999967],[98.56731906800019,9.893969498000047],[98.56734713700007,9.894439135000084],[98.56736840500008,9.894631241000127],[98.56736807900006,9.894880262000072],[98.56734622400012,9.895136339000032],[98.56734574000006,9.895506319000106],[98.56735968000015,9.895819366000126],[98.56742404400018,9.896004417000086],[98.56749569300013,9.896061443000178],[98.56758899100004,9.89606156299999],[98.5680041560002,9.896823360999974],[98.56790347300011,9.897001091000106],[98.5678740240001,9.897117261000119],[98.567870067,9.89713285400012],[98.56784577400003,9.89722867200004],[98.56787415100018,9.8974634920001],[98.56799577700014,9.897748237000144],[98.56816762400001,9.897903563],[98.5681707380001,9.897906377000083],[98.56823225200003,9.89796195800011],[98.56842559400008,9.898246777000168],[98.56857587600007,9.898538679000183],[98.56874714700012,9.899293045000036],[98.56888224400018,9.900239478000117],[98.56889608400007,9.900630780000142],[98.5689529930001,9.900986605000185],[98.56902966800016,9.901207461000183],[98.56908915300016,9.901385139000126],[98.56921337100016,9.901508617000047],[98.56931804400017,9.901543674000038],[98.56993327600009,9.902081154000086],[98.57000512700012,9.90214850500007],[98.57036309200015,9.902484056],[98.57042435200009,9.902702885999986],[98.57091692000012,9.903801967000106],[98.57142489500018,9.904604156000119],[98.57188796300011,9.905376646000093],[98.57226164700012,9.905822461000128],[98.57262057800006,9.906104937],[98.57305447700014,9.90629846000013],[98.5734435600001,9.906417697000165],[98.57498178500009,9.906928481000136],[98.57657343900019,9.907359623000104],[98.57866766100011,9.90792688100015],[98.57882296500014,9.910868757],[98.57768978400009,9.911159029000032],[98.57694207500015,9.911280548999969],[98.57680866700008,9.911276413000166],[98.57647145900012,9.911265960000094],[98.57581966400005,9.91140816800015],[98.57579500400016,9.911413547000166],[98.57568538000015,9.911436459000072],[98.57544580600006,9.91146838700007],[98.57537708200005,9.911467128000027],[98.57520642800012,9.911464000000137],[98.57491215600015,9.911473852000086],[98.57436488700006,9.911508992000165],[98.57398804200005,9.911518785000169],[98.57352856600005,9.911538632000088],[98.57320330200014,9.911548480000022],[98.57302261000012,9.911589186000015],[98.57300715700018,9.91162276200015],[98.57299529500006,9.911648537000076],[98.57252423200009,9.91178040900013],[98.57238732300004,9.911818738000022],[98.57204670800019,9.911751732000141],[98.57187124200004,9.91169522600012],[98.57123227800014,9.911142447000088],[98.57052024100011,9.910526447000109],[98.57053590900017,9.910372913],[98.57047940799998,9.9101783590001],[98.57036085200014,9.910045092000189],[98.57031966700004,9.909932468000079],[98.57029421200014,9.90968163600013],[98.5702480180002,9.909456328000147],[98.57023427200016,9.909396452000124],[98.57023273800019,9.909389775000022],[98.57019155600017,9.909210578000057],[98.57012980000019,9.909056944000099],[98.5700009640002,9.908892990000027],[98.56986698500003,9.908718769000131],[98.56969170000019,9.908539399],[98.5694750030001,9.908441875000108],[98.56927894400013,9.908349493000117],[98.5691603300001,9.908282814000188],[98.56898501200016,9.908113653000157],[98.56883035600015,9.907959899000048],[98.56870658300011,9.907852268999989],[98.568526018,9.907770148000054],[98.56830405700003,9.907769862],[98.56814913700003,9.907810589000121],[98.56794808600017,9.907862520000037],[98.56793225000013,9.907866611000145],[98.56769143100018,9.907938763000061],[98.5676564470001,9.907918946000109],[98.56738327100004,9.90775496900011],[98.56683465800006,9.907361523000077],[98.56675737700016,9.907340981000175],[98.56671099300002,9.90734092200006],[98.56662848000008,9.907381698000052],[98.56649980900016,9.907588478000093],[98.5661360530001,9.907500246000097],[98.56604775900007,9.907334353000124],[98.56596923000006,9.907217261000028],[98.56580226500017,9.907041485000093],[98.56541926900007,9.90661192500005],[98.56531582500008,9.906467758000133],[98.56515250900003,9.906240156000138],[98.56452606700009,9.905689240000186],[98.5640120760001,9.905226164000055],[98.56371672600017,9.904919588000098],[98.56346606600005,9.904659403000153],[98.56345059800003,9.904638154000054],[98.563318761,9.904457021000098],[98.56286596800015,9.903761173000078],[98.56258153400006,9.903195215000153],[98.56240622500019,9.902493852000134],[98.56235352900012,9.902372883000169],[98.56218768600013,9.901992175000089],[98.56214485100008,9.901873919000082],[98.56171889299998,9.901058524],[98.56115071500005,9.899380534000102],[98.5608174940001,9.898568714000078],[98.56044157300016,9.897853099000088],[98.56015007700006,9.897182672000156],[98.55996219800005,9.896789444000092],[98.55973534800012,9.896363927000152],[98.55955376600019,9.896118854000065],[98.55937210200005,9.895906011000136],[98.55922930300005,9.89579631600003],[98.55903450300013,9.895705863000046],[98.55896271800015,9.895696470000075],[98.55887222000007,9.89569635099997],[98.5588369990001,9.895696305000172],[98.55882908700016,9.895696295000164],[98.55876055800007,9.89569620500015],[98.55869401500019,9.895762012000034],[98.55864870100015,9.89580682500008],[98.55853672600006,9.89599864100012],[98.5584544190001,9.896279125000092],[98.55831973600004,9.89678843900009],[98.55805815700018,9.897489594000149],[98.55761714200014,9.898722100000157],[98.557325628,9.89952655400009],[98.55711461600015,9.900276742000187],[98.55706472100019,9.900698570000088],[98.5570443370001,9.900976317000072],[98.55714362800006,9.901541912000027],[98.55720292799998,9.902087614000095],[98.55729222800011,9.902643278000028],[98.55729165600007,9.90306985799998],[98.55721105900005,9.90348640999997],[98.55715017700015,9.90412123800013],[98.55725934100013,9.904786051000144],[98.55746846400012,9.905520440000089],[98.55760779299999,9.906076170000063],[98.55772395200012,9.906617162000032],[98.55772589700018,9.906621035000114],[98.55788651600005,9.907160041000111],[98.55800394300013,9.908220963000133],[98.55797763100009,9.908869192000054],[98.55807740100016,9.910452065000186],[98.55800008800003,9.911100235000163],[98.55799044900004,9.91195893400004],[98.55793802000005,9.912666100000138],[98.5579299100001,9.912775453000052],[98.55775939600005,9.913297202000138],[98.5577076570001,9.913911731999974],[98.55776651200011,9.914324314],[98.5578764120001,9.914703307000025],[98.55845284500015,9.91540284000007],[98.55874948000007,9.915815771000041],[98.55928330400019,9.916641508000055],[98.55968987600005,9.917374473000052],[98.56040997200012,9.918612976000134],[98.56070603800015,9.919463666000183],[98.56102807000013,9.919943978000106],[98.56132478100005,9.920297930000118],[98.5616001510001,9.92055713800005],[98.56178708000004,9.920671947000073],[98.56197959100007,9.920732220000161],[98.56216671900012,9.92073791000007],[98.56239236900012,9.920694565000133],[98.56262368600017,9.920563920000063],[98.56277795800014,9.920416827000054],[98.56286614700008,9.9202969050001],[98.56292689700012,9.920144207000078],[98.56296599100017,9.92000800500017],[98.56297252100018,9.919938080000179],[98.56293064500005,9.919508656000176],[98.5629311030001,9.919163511000136],[98.56301618300006,9.919012066000107],[98.56318621600019,9.918877590000022],[98.5634326280001,9.918743204000066],[98.56367048300018,9.918659354000056],[98.56391667700012,9.918676493000135],[98.56446868900014,9.918618270000024],[98.56587820700008,9.918611680000026],[98.56649803500017,9.918629354000075],[98.56699882800012,9.918764682000074],[98.56735533100004,9.91886617400013],[98.56760156600012,9.918858036000131],[98.56780552200007,9.918732055000135],[98.56792462400017,9.918563799000083],[98.56863252100004,9.91864186600003],[98.56946975700004,9.91873419600006],[98.56958833900006,9.918978480000021],[98.56970685100009,9.91923961000009],[98.56985925400005,9.919584970000074],[98.56978208800001,9.920165778000182],[98.5696628030002,9.920468705000133],[98.56947562400006,9.920771536000018],[98.56935631600015,9.92109131],[98.56936429300004,9.92147858800007],[98.56938932400004,9.921815374000062],[98.56959284100009,9.922190752000063],[98.56982953600004,9.922431826000093],[98.57000854000012,9.922609725000143],[98.57028583500005,9.922753412000077],[98.57051118000015,9.922851131000073],[98.5709272360001,9.923017887000185],[98.57129698900007,9.923190317000035],[98.57167821800005,9.923477401000184],[98.57207096600007,9.923747325000136],[98.57247531300004,9.924011496000048],[98.57287969200019,9.924252791000015],[98.57345739600004,9.924585965000063],[98.57376940500018,9.924723905000121],[98.57414498500015,9.924902090000046],[98.57451480200012,9.925028665000127],[98.57483841700014,9.925143741000056],[98.57516785700005,9.925201458000117],[98.5754337940001,9.925218994000147],[98.57553776700013,9.92525594000017],[98.57555473200017,9.925256183000101],[98.5762311370001,9.925460021000106],[98.57662346200016,9.925460517000147],[98.57679956900006,9.925424137000164],[98.57681600600012,9.92538350100017],[98.57681976400005,9.925374180000176],[98.5768064040002,9.925310890000105],[98.57682662700017,9.925274286000104],[98.57690395600008,9.925221075000024],[98.5769577870002,9.925177827000027],[98.57697464100016,9.925147878000132],[98.57702169600003,9.925127941000142],[98.5771157690001,9.925138053000069],[98.57721646599998,9.925201456000082],[98.57730034500008,9.925314847000152],[98.5773539010001,9.925451512],[98.57737973500008,9.925553191000176],[98.57742984400005,9.925575849999973],[98.57749943400017,9.925720742000067],[98.57749046800012,9.925730993000116],[98.57743030800009,9.925849909000021],[98.57740419600009,9.925901524000096],[98.57740813800007,9.926110216000154],[98.57742041600017,9.926153027000055],[98.57753308200012,9.926377157000104],[98.57762069200004,9.926453730000162],[98.5776268570001,9.926463947],[98.57775576900013,9.926642253000011],[98.57799847200005,9.926801002000104],[98.57819059000013,9.926926717000129],[98.57827171700018,9.926964062000081],[98.57867603300008,9.927150048000044],[98.5788921050002,9.927250537000077],[98.57911941100014,9.927317607000134],[98.5794001910001,9.927337446000081],[98.57954340900005,9.9273014420001],[98.58075070500013,9.928072319000023],[98.58078045600018,9.928164496000136],[98.58102333100015,9.928492160000076],[98.58112721600008,9.92863817100016],[98.58116824800015,9.928679653000017],[98.58119288800003,9.928702231000102],[98.58126018000007,9.92876388999997],[98.58153171800018,9.92901273200016],[98.58167375900013,9.929131307000091],[98.58187264800017,9.929216094000083],[98.58202939200015,9.929216290000113],[98.58206700800008,9.929216337000014],[98.58217970200013,9.929216477000011],[98.5825721540001,9.929121129000123],[98.58275411300014,9.92912699599998],[98.582805188,9.929217256000186],[98.58280508800004,9.929296201000056],[98.5827082610001,9.929425741000102],[98.58260576100014,9.929521459000057],[98.58253583700002,9.929598312999985],[98.5825258750001,9.929609261000053],[98.5825032850002,9.929634099000111],[98.58245768800003,9.929724204000024],[98.58252006400005,9.929859610000051],[98.58261090000013,9.929938630000038],[98.58306560900019,9.930119609000144],[98.583242918,9.930167248000089],[98.58329057100013,9.93018005099998],[98.5835715070001,9.930255530000125],[98.58410018300015,9.930374595000103],[98.58430228000009,9.93040415600018],[98.58471940700008,9.930504716000144],[98.58588340500006,9.930739703000143],[98.58689957400003,9.93081437100011],[98.58759946300012,9.93086195],[98.58668781000011,9.931992391000051],[98.58656723400009,9.932141903000172],[98.5687963000002,9.95419392600013],[98.56704080000009,9.956372112000054],[98.56717301800018,9.956616487000133],[98.57081525900014,9.964587057000074],[98.57287864800008,9.969539258000111],[98.57397101300018,9.9723161390001],[98.57506200800009,9.975938692000057],[98.57603059300004,9.980285778],[98.57663683100009,9.982217525000067],[98.57785114300003,9.984874740000123],[98.58064525000003,9.990068617000077],[98.58347380700019,9.99487341300005],[98.58366428600004,9.995266471999969],[98.58490234200019,9.997446100000047],[98.58493620100006,9.99748992299999],[98.58574829500009,9.99894757100003],[98.58817937200007,10.002329808000184],[98.58963673400007,10.005469987000026],[98.59327927200013,10.01404517900005],[98.59461484600018,10.01730507000002],[98.596559259,10.020566812000084],[98.5982808920001,10.022547801000144],[98.59945329600009,10.02499157200009],[98.6003942530001,10.026952887000107],[98.60087661400013,10.027887965],[98.60091628800018,10.027911456000083],[98.60127124000007,10.028652965000049],[98.60196271299998,10.030097468000122],[98.60278459300014,10.031630886000187],[98.60463130300019,10.034572349000086],[98.60586754100012,10.036550133000162],[98.61062309800008,10.043072719000179],[98.6115527720001,10.044413642],[98.61332216000011,10.046976281000013],[98.61550051400002,10.049468895000018],[98.61668457200011,10.050898561],[98.61697587300017,10.051387049000141],[98.6194785290001,10.056161652000185],[98.61963028500008,10.05659946000003],[98.6205377190002,10.059217338000053],[98.620814753,10.060036294000156],[98.6211112520001,10.06145503700003],[98.62135222000018,10.063688141000057],[98.6218377670001,10.065257895000116],[98.62244511600016,10.066587016000028],[98.62268756300006,10.067552779999971],[98.62317257700005,10.06936331900016],[98.62450921700014,10.072141470000076],[98.62523892800004,10.073228782000115],[98.62645518200014,10.074557434000099],[98.62754873900013,10.076973509000084],[98.62937120200019,10.080958473000123],[98.63070736200007,10.084219379999979],[98.63228798900019,10.0867558220001],[98.63280756900019,10.088630660000149],[98.63325831000009,10.090257074000078],[98.63350950700004,10.092096794000042],[98.63398331400003,10.095569227],[98.63422345900011,10.098586917000148],[98.6342200520001,10.101604373000043],[98.6345819140002,10.104743187000054],[98.6355533840001,10.107520889],[98.63652623500002,10.108849209000141],[98.6389603470002,10.110964901000045],[98.64012240000017,10.112494649000155],[98.64086333400019,10.114369946000124],[98.64140148900003,10.11651293000017],[98.6415343770002,10.11858760500013],[98.64126124800003,10.121064341000078],[98.64064956900017,10.124477937000051],[98.6399029420001,10.127690144000042],[98.63909001600018,10.129697133999969],[98.63888565300005,10.131102172000055],[98.63922196200008,10.132374398000024],[98.64070610100003,10.134451695],[98.64239209599998,10.13713068800007],[98.64448272300007,10.140279298000166],[98.64569594400018,10.143092279000143],[98.64650343700009,10.146038214999976],[98.6469070230001,10.147645142000158],[98.64731123800004,10.14871623700003],[98.64839047800018,10.150190490000114],[98.64933456500006,10.151931426999965],[98.64973846200013,10.153271548000134],[98.6502765850002,10.155279966000023],[98.65068049000013,10.156618978000154],[98.65148921900015,10.158494278000035],[98.65189270100012,10.16023464000017],[98.6522960760002,10.162109509000118],[98.6527,10.163448516000187],[98.65337423400007,10.164922317000162],[98.65445373600005,10.166262036999967],[98.65526394400007,10.166798756000048],[98.65634472500005,10.167201245000058],[98.65729002800003,10.167603588000077],[98.65888064,10.167677222000123],[98.65909281100011,10.167771715000185],[98.66011323800006,10.168156345000057],[98.66105779600002,10.1685394430001],[98.66169393900003,10.168788479000114],[98.66256158100003,10.168961328000137],[98.66341008100005,10.169000413000049],[98.66404500400012,10.169083581000052],[98.66485536,10.169620376000125],[98.66566517800004,10.170557308000184],[98.66796143700009,10.171363467],[98.66998760900003,10.172436141000105],[98.67187773500007,10.174044534000075],[98.67282157000011,10.17618787500004],[98.67369042500013,10.178670914000065],[98.67575880400011,10.177383383],[98.6778787140002,10.176016507999975],[98.68140323400013,10.174154069000167],[98.68351244400003,10.17317706300014],[98.68363643000004,10.17311963100019],[98.68510159500016,10.172810062000053],[98.68604332300009,10.172776413000065],[98.68817035400014,10.173296749000087],[98.6909242930002,10.174750605000156],[98.69616505800013,10.179412116000094],[98.69666008100012,10.17994665200007],[98.69702978400011,10.180345849000162],[98.69881161100017,10.182207452000114],[98.6996792830002,10.182905732000165],[98.70021879400014,10.183185225000102],[98.70078190400005,10.183325239000112],[98.70118082800019,10.183372098000177],[98.70162672200013,10.183372505000136],[98.702190046,10.183280021000144],[98.70289427,10.18309466900007],[98.7034577440001,10.182839437999974],[98.7041856300001,10.182444851000128],[98.704749252,10.182026870000072],[98.70592382900014,10.180749210000045],[98.70728627800014,10.179332209000165],[98.70820239500017,10.17837980000013],[98.70965861000013,10.177055874000189],[98.71041006900009,10.176521801000149],[98.7110909880002,10.176127168999983],[98.71296939000018,10.17503608800007],[98.71588768400005,10.173373617999971]]],[[[98.503649693,9.709180053000011],[98.50368886400014,9.709154224000088],[98.50376277800007,9.70912201800013],[98.503830171,9.709107010000082],[98.50389748100008,9.70910924600014],[98.50398438000008,9.709122339000032],[98.50407345700006,9.70913321100005],[98.50408866200019,9.709133233000045],[98.50415386100019,9.709131179000053],[98.50421470600014,9.709111901000085],[98.50427126600005,9.709068852000144],[98.50430826500013,9.709021478000125],[98.50434964200014,9.708948243],[98.50439326300005,9.708840531000021],[98.50441293400019,9.708762957000147],[98.50443041300014,9.708689696000022],[98.50445224300017,9.70861646000003],[98.50447622000013,9.70856903900011],[98.50452626600014,9.70853680800019],[98.50462191600008,9.708495953000067],[98.50474146900012,9.708444419000102],[98.5048957800002,9.708401521999974],[98.50505663500007,9.70836078200017],[98.50524142199998,9.708283483000116],[98.505310398,9.708251093000058],[98.50532840800008,9.708242637000069],[98.50534167500001,9.708234718000028],[98.5054153820002,9.708191045999968],[98.50555240800014,9.708096369000089],[98.50562204900012,9.708012413000063],[98.50564390300019,9.707934823000187],[98.5056722610002,9.707833543000163],[98.50573546700014,9.707725879000122],[98.50577248000008,9.707661249000125],[98.5057997200002,9.707612776000133],[98.5058051650002,9.707603088000042],[98.50585737300008,9.707547141000077],[98.50590523500011,9.707501949000061],[98.50594876900016,9.707452408000165],[98.50596189200013,9.707389939000052],[98.50595328500003,9.707327394000117],[98.50594392100015,9.707295667999972],[98.50594248100003,9.70729073900003],[98.50591863900019,9.70725405700017],[98.50588827700017,9.707230312999968],[98.50587307100011,9.707210860000089],[98.50584056500009,9.707174185000156],[98.50583189399998,9.707154797000157],[98.5058342210001,9.707120793000172],[98.50587050799999,9.707049050000023],[98.50599477100008,9.706931276000034],[98.50617064500005,9.70681872400013],[98.50653788700009,9.706660253000052],[98.50681718400017,9.706527336000022],[98.50706036500014,9.706363572000157],[98.5073345990001,9.706174208000107],[98.50759337500017,9.705954092000184],[98.50773324100004,9.705728647000115],[98.50786290700012,9.705431391],[98.50801849200008,9.705072640000083],[98.50814273100013,9.704944592000118],[98.50834964200016,9.704862841000022],[98.50857187700012,9.704863160000173],[98.50884061699998,9.704889181999988],[98.50906795200007,9.704956181000114],[98.50929528200004,9.70502831300007],[98.5095226090001,9.705100434000087],[98.50968278600016,9.705151932999968],[98.5099153880002,9.705147134000015],[98.51023081700009,9.70505528600006],[98.51049980700014,9.704927454000142],[98.51073262000011,9.704763710000123],[98.51109467000009,9.7046103670001],[98.51141031100013,9.704395433000116],[98.51173102300004,9.704206140000167],[98.51200014,9.703996252000024],[98.51217608700011,9.703832387000034],[98.51251239000015,9.703607218000172],[98.51263670800012,9.703448432000187],[98.51281261000008,9.70332046700014],[98.51295231000012,9.703233495000063],[98.51304535800017,9.70322848700016],[98.51319003200007,9.703269730000102],[98.51343791900007,9.703398299000185],[98.51354641600005,9.703439472000127],[98.51369113200013,9.703439678000166],[98.513872086,9.703439934000187],[98.51401157800018,9.703470909000146],[98.51419761400012,9.703507071000104],[98.5143784870001,9.703538074000107],[98.51454905000008,9.703533204000053],[98.51470933400003,9.703497533000075],[98.51479161200007,9.703443304000075],[98.51481212400017,9.703429783000104],[98.51481797200012,9.703425892000098],[98.5148750030001,9.703318289000151],[98.51485632600009,9.703271725000036],[98.51484648000019,9.703247175000115],[98.51484412300005,9.703241301000162],[98.5147460460002,9.703128357000082],[98.51468930200014,9.703061584000125],[98.51470494000017,9.70296928700003],[98.51478254500012,9.7029078650001],[98.51486012000004,9.70289261],[98.51493773100015,9.702826038000183],[98.51497925000012,9.70271839500009],[98.51497932400014,9.702667131999988],[98.51495360100006,9.70258503100007],[98.51493320700013,9.70239014900011],[98.51488698400016,9.70217980000018],[98.51484589400013,9.702010526000038],[98.51478111600011,9.701747473000012],[98.51472387900003,9.701555567000128],[98.51466155400016,9.70130145600018],[98.51451572400015,9.700984996000102],[98.51435408600008,9.700725548000094],[98.51422371900009,9.700549106000096],[98.51414036500012,9.700383087000091],[98.51408824600014,9.700274144000048],[98.51402064800004,9.700045911000075],[98.51400531700011,9.699807433000103],[98.51401616900012,9.699532679000072],[98.51401658700013,9.699242350000134],[98.51399070100013,9.699060854000038],[98.51390738700019,9.698868911000034],[98.51378217500013,9.698749483000142],[98.51369354800016,9.698583473000042],[98.51368123300011,9.6985300770001],[98.5136809330001,9.698528776000046],[98.513646822,9.698381210000093],[98.51355657900012,9.698176144],[98.51337064800009,9.698037365000175],[98.51323072000008,9.697999316000164],[98.51322969700004,9.697999037000045],[98.51311479200007,9.697967764],[98.51283574600006,9.697875001000057],[98.5125915390002,9.697805416000108],[98.51242889300005,9.697643599000116],[98.51230125200004,9.697424096000134],[98.51222003400011,9.697273945000063],[98.51201100100013,9.69703125500007],[98.5116718270001,9.696767561000115],[98.51165541500018,9.696754794000185],[98.51162573100004,9.696736090000059],[98.51121629700009,9.696477842000036],[98.5108944500002,9.696347871],[98.51069000900009,9.696300087000168],[98.51052041000014,9.696235097000113],[98.51031159200011,9.696165708000137],[98.51007248400003,9.696014256000012],[98.5097986720001,9.695789366000099],[98.50961190300006,9.695560266000143],[98.50951644400004,9.695370148000052],[98.50944266000016,9.695218932000103],[98.50940707900014,9.695139826000172],[98.50940499400008,9.695135198000116],[98.50938627300019,9.69509365600004],[98.5093516440001,9.69497700400018],[98.5092474880002,9.694791226000063],[98.50913889900016,9.694631309999977],[98.50892606900015,9.694350363000126],[98.50876091900017,9.694224902000144],[98.50858275400009,9.694043308],[98.50845241400009,9.693909320000103],[98.50832207200017,9.693770943000118],[98.50822645100016,9.693693093000093],[98.5081612030001,9.693654127000059],[98.50801767000019,9.693615061],[98.50786971900015,9.69361918300018],[98.50775214400011,9.69367513900005],[98.50766498700006,9.69375274500004],[98.50759079500017,9.693908084000043],[98.50752534100008,9.694041791000188],[98.50750773400011,9.694184255000039],[98.50750750700018,9.694339698000022],[98.50752040000009,9.694434693000176],[98.50754140500015,9.694522040000038],[98.50754611899998,9.694541645000129],[98.50754633200012,9.694542682000133],[98.50759820800016,9.694788862000053],[98.50763281500008,9.694927047000022],[98.50771953900016,9.69513440600008],[98.50781500400012,9.695320218000177],[98.50792354800006,9.695497397000167],[98.50801905400016,9.695661601000097],[98.50806669600018,9.69581710600005],[98.50808822800019,9.695972545000018],[98.50808801400018,9.69611936800004],[98.50808350200015,9.69621864300018],[98.50803986900019,9.696309252000106],[98.50795704200016,9.696399792000136],[98.50790022300015,9.69657241900012],[98.50783004000016,9.696947927999986],[98.50782098299999,9.697185378000142],[98.50768119100019,9.69757378899999],[98.5075631580001,9.697936262999974],[98.50745395000013,9.69823836400019],[98.5073971560002,9.6983678040001],[98.50738842400017,9.69838938099997],[98.5073099830002,9.698479928000097],[98.50720534100003,9.698596352000152],[98.50709638600017,9.698725707000108],[98.50703963400008,9.698850850000099],[98.50696972300011,9.699045047000084],[98.50685192700013,9.699243490000072],[98.50683880700012,9.699253093000038],[98.50682122000018,9.699265984000135],[98.50673433400004,9.699329666000096],[98.50656450800005,9.699394178000091],[98.50640785100012,9.699402593000173],[98.50627296900018,9.699380792000056],[98.50610764600009,9.69934603400003],[98.50591184700016,9.699324147000084],[98.505803055,9.699341263000065],[98.50562443500019,9.699461886],[98.50549805700018,9.69959987500016],[98.50545434700012,9.699725037],[98.50544116700007,9.699819996000144],[98.50546277900008,9.699906387999988],[98.5055149160001,9.699975509000126],[98.50558875300004,9.700057681000033],[98.50563942700018,9.700111693000053],[98.50564859000013,9.70012145800007],[98.50564959600018,9.70012252500004],[98.50564952100012,9.70017431400015],[98.50564510700008,9.700204529000075],[98.50560588200011,9.700243334],[98.50551885300013,9.700243208000188],[98.50548501100019,9.700202297999965],[98.50547659900019,9.700192138000034],[98.50545806200017,9.700169749000054],[98.50541462100006,9.700104912000086],[98.50534066400002,9.700096166000094],[98.50522305200008,9.700169410000115],[98.50505752100014,9.700303001000066],[98.50485257500009,9.700579029000153],[98.50466521600009,9.700725546000115],[98.504517067,9.700872134000178],[98.50437755400009,9.701027349000128],[98.50414225800017,9.701247200000125],[98.50366739700007,9.701617824000039],[98.50358031200005,9.701656568000033],[98.50347141800012,9.701716869000165],[98.50335822900007,9.701751223000144],[98.50324063700009,9.701811522000071],[98.5031621510002,9.701906384000097],[98.50310544700011,9.701996962000123],[98.50304874700004,9.702087568000024],[98.50297898100013,9.702173813000115],[98.50297825400014,9.702174441000182],[98.50295439000013,9.702195078000045],[98.50287441100016,9.70226432000004],[98.502735057,9.702350464000062],[98.50255219700017,9.702401986999973],[98.50239111600007,9.702453573000184],[98.50226485000007,9.70248793400009],[98.50212123000011,9.702509313000178],[98.5019775410002,9.702565230000118],[98.50183823100008,9.702590930999975],[98.50169025500009,9.702616638000109],[98.50152925800018,9.702616404000082],[98.50139439400004,9.702581646000056],[98.50136400999997,9.702525483999977],[98.50134168099999,9.70249880700004],[98.50133349600014,9.702489036000031],[98.5012771160001,9.702421741000023],[98.50114669700002,9.702348156000085],[98.500955321,9.70228312],[98.50076831500019,9.702183527000045],[98.50061610500018,9.702118567000184],[98.50046822200011,9.702088114000048],[98.50036806700012,9.702122523000128],[98.50015924100006,9.702083365000078],[98.50000696100005,9.702065834000166],[98.49984604200017,9.702013808000117],[98.49967638900006,9.701953103000164],[98.49951114200019,9.701892438000016],[98.49938496000004,9.701870665000115],[98.49924137700015,9.701861825000094],[98.49910206700014,9.701878885000042],[98.4989670760001,9.70194343500009],[98.49890174300009,9.701986524000176],[98.49884517600015,9.701986442000191],[98.49876685600003,9.701969037000083],[98.49871904500009,9.701930152000102],[98.49862344500019,9.701843649000182],[98.4985539970001,9.701735596],[98.49845839800008,9.701649110000119],[98.49832798300008,9.701536671000156],[98.49821932400005,9.701463114000035],[98.49811489300004,9.701458627000079],[98.49803646200019,9.701527603000102],[98.4979187900002,9.70163968900016],[98.49779234700014,9.701799237000046],[98.49776169199998,9.701924416],[98.49767884900018,9.702036543000133],[98.49755243499999,9.702170186999979],[98.49745227900007,9.70223478500003],[98.49726497800015,9.702346778000162],[98.49717337599998,9.702497791000098],[98.49711221400008,9.702648820999968],[98.49710321100014,9.702851717999977],[98.49713341800009,9.703033092000055],[98.49718868100013,9.703249551000113],[98.49718965800008,9.703253375000088],[98.49719422300006,9.703278675000035],[98.49721594000016,9.703356836000069],[98.49729000300016,9.703512317000047],[98.4973203020001,9.703583534000131],[98.49734841200012,9.703687044],[98.49735266099998,9.703743073000112],[98.49735265900017,9.703744323000024],[98.49738803800017,9.703882585000088],[98.49747389200019,9.70404286000013],[98.49757794300018,9.704202542000019],[98.49761252200011,9.704331947000185],[98.49761240300018,9.704411679000032],[98.49756877400006,9.704517261000035],[98.49751863500006,9.704637891000061],[98.49743802100016,9.704792995000105],[98.49742045400018,9.70489857800004],[98.49742244300012,9.70501713800013],[98.49742452400017,9.705099040000107],[98.49745038999998,9.705237036000028],[98.49747418100009,9.705301752000025],[98.49744370200017,9.705340495000144],[98.49740455100005,9.70537921600004],[98.49734146500015,9.705411482000045],[98.49724795400016,9.705476019000173],[98.49719786300017,9.705551380000088],[98.49719556500014,9.70564625100019],[98.49720415200005,9.705728162000128],[98.49722790900017,9.705816552000158],[98.49728643600014,9.705905020000046],[98.49736665199998,9.706030184999975],[98.49747502700018,9.706187697000075],[98.49756823400014,9.706332247000091],[98.49762029300013,9.706403462000083],[98.4976984000001,9.706463961000168],[98.49781567600002,9.70648783300004],[98.4978917040001,9.706515961000036],[98.49800020400005,9.70658938600019],[98.49809133600013,9.706680060000053],[98.49821287200001,9.706783708999978],[98.49834518300008,9.706917563000047],[98.4983864420002,9.70694134300004],[98.49845373700015,9.70696728900009],[98.49851892800012,9.706969534000166],[98.49856016900009,9.707008418000044],[98.49859699100011,9.707079601000146],[98.49862290400006,9.707168029000172],[98.49861622200018,9.707280092000133],[98.49868551900016,9.707426785999985],[98.4987593400001,9.70748293400004],[98.4988288290001,9.707502447000138],[98.49896347000015,9.70753065000008],[98.49909380200012,9.707576112000083],[98.49930004300018,9.70766048000013],[98.49952587800016,9.707764278000013],[98.49968221500018,9.707809778000069],[98.49982336200009,9.707863878000126],[98.4999709490001,9.707969708000178],[98.50009900500004,9.708064733000128],[98.50016840400019,9.708144605000143],[98.50023561000006,9.708254664000094],[98.50028764500018,9.708340926000119],[98.50034621000015,9.708405695000067],[98.50046991800008,9.708474865000142],[98.50061971800005,9.708559131000186],[98.50073263600018,9.708608872000127],[98.50078696800006,9.708606802000133],[98.50083476000009,9.708609020000097],[98.5008629470002,9.708637096000132],[98.5008672140001,9.70868022500008],[98.5008628220001,9.708721163000064],[98.50082801000008,9.708753452000167],[98.50080839700013,9.708785756000168],[98.50081051800004,9.708835327000088],[98.50084298200005,9.708900063000101],[98.50097086500006,9.709111477000022],[98.50108144600006,9.709269008000035],[98.50114215300005,9.70935100600002],[98.50123328300009,9.709437354000102],[98.5013287320001,9.709532331000048],[98.50142429100009,9.709577739000053],[98.50149597400008,9.709590801000104],[98.50155031300005,9.70955854000016],[98.5016112510001,9.70950257700008],[98.50165699200005,9.709427191000032],[98.50172443200017,9.709354003000044],[98.50177885700015,9.709289409000178],[98.50184418500004,9.70920115000007],[98.50188762100004,9.709179642000095],[98.50194192300012,9.709199107000188],[98.50199401800006,9.70925307500005],[98.50203298700018,9.709343681000064],[98.50208279600014,9.709447211999986],[98.50211744800015,9.709520549000104],[98.50217164100013,9.7096068620001],[98.50222804000009,9.709678081],[98.5022627080001,9.709742804000143],[98.50233863400018,9.709803261000047],[98.50241901900017,9.709814169000083],[98.50251461500005,9.70980998300007],[98.50257982400007,9.709794980000026],[98.50266681500005,9.709758479000072],[98.50276245700013,9.709709040000178],[98.50286681200015,9.70967252600019],[98.50295159900014,9.709636001000092],[98.50307766200001,9.709608178],[98.5032362840002,9.709606268000016],[98.50333623500018,9.709587001000102],[98.50343190000001,9.70953538700013],[98.50349718300004,9.709468678000178],[98.50356470200018,9.709367456000166],[98.50359522100013,9.709276961000057],[98.50362142400007,9.709214503000055],[98.503649693,9.709180053000011]]],[[[98.4224849160002,9.717842618000077],[98.42269919200015,9.717470188],[98.42292877200015,9.717184487999987],[98.42319406400009,9.716965112000139],[98.42341854300008,9.716847771000118],[98.42359200400011,9.716832465000095],[98.42371444600013,9.716832465000095],[98.423949128,9.716873279000083],[98.42407667300017,9.716970214000014],[98.42423993000011,9.717082452000056],[98.42433686400011,9.717107961000124],[98.42457664700015,9.716985519000161],[98.42481133000013,9.716929399000094],[98.42498989100005,9.716893686999981],[98.42518376000004,9.716924297000048],[98.42544905200015,9.716878382000061],[98.42569903900011,9.716704920000097],[98.42585209300017,9.716495747000124],[98.42594902600013,9.716301880000174],[98.42603065500003,9.716174335000176],[98.42613269100013,9.71607740100012],[98.42618881000004,9.715858025000102],[98.42620411500019,9.715628445000107],[98.42621431900011,9.71550600200004],[98.42622962500013,9.715368254000168],[98.42621431900011,9.715169285000172],[98.426178607,9.714975416000186],[98.42613779300018,9.71479175200011],[98.42612144400016,9.714772432000075],[98.4261154190001,9.714755160999971],[98.42611451100004,9.714727922000122],[98.42611451200014,9.714696143000083],[98.42612268300019,9.714661640000145],[98.42613721100014,9.714629862000038],[98.42614368500017,9.7146169130001],[98.42615155900006,9.7146011640001],[98.42615355400017,9.714597175000051],[98.42615446200006,9.714557225000135],[98.42614356700011,9.714510010000026],[98.42609181300014,9.714407410000092],[98.42604278200008,9.71429028200015],[98.42601372700005,9.714233988000103],[98.42599102800006,9.714172247000079],[98.42597983600018,9.714121880000107],[98.42597811100012,9.714114118000168],[98.4259765000001,9.714106873000162],[98.42593201000011,9.713981574],[98.42583122600013,9.713868986000136],[98.42573679700007,9.713756398000044],[98.42568231900015,9.713690116000066],[98.4256578040002,9.713661061000039],[98.42563692100015,9.713647442000081],[98.42561967000006,9.713641993000067],[98.42559515500005,9.71364108600011],[98.42556791600003,9.713639270000101],[98.42555248000019,9.713652889000116],[98.42553976900007,9.713688300000115],[98.4255207020002,9.713702828000066],[98.42549255400019,9.713690116000066],[98.42545896000007,9.713655613000128],[98.42543081300016,9.713622019000013],[98.42541356100014,9.713603860000035],[98.42539295600011,9.713593556999967],[98.42537893400004,9.713586546000045],[98.42537724300013,9.713585700000124],[98.42534637200015,9.713580252000042],[98.42528281400007,9.713571173000105],[98.42522107200011,9.713565724999967],[98.42514843500004,9.713563001000125],[98.42508215300006,9.713542116999974],[98.42505852900007,9.713524905000156],[98.42501859600003,9.713495812000133],[98.42493848200019,9.71342503600016],[98.42480622800008,9.71336835500017],[98.42466848000004,9.713286726999968],[98.42455624000019,9.713159182000027],[98.42444910300009,9.713046943000052],[98.42433176100013,9.712904093000134],[98.42423482800001,9.712853075000169],[98.42415830100003,9.712847973000123],[98.42410218200007,9.712893888999986],[98.42401545200016,9.712893890000089],[98.4239236190001,9.71290409200003],[98.4238930090001,9.71297041600019],[98.42382668500011,9.712975518000064],[98.42369403900017,9.712965314000144],[98.42360730900009,9.713031637000029],[98.42364302100003,9.713256116000025],[98.42364302100003,9.713501001000111],[98.4236634290001,9.713781599000072],[98.42366342800017,9.713970366000183],[98.4236379190001,9.714082605000101],[98.42360220699999,9.714174436000178],[98.42358690200007,9.714368304000061],[98.42349507000011,9.714531562000047],[98.42340323700006,9.71464380000009],[98.42322977700007,9.7146999200001],[98.42309713100013,9.714771345000088],[98.42305121500004,9.714873381000189],[98.42300529800008,9.714955009],[98.42290836400008,9.715041740000174],[98.42281143100013,9.715097859000082],[98.4226124610002,9.71521009900016],[98.422403288,9.715337643000055],[98.42229104800015,9.715480493000143],[98.42218901300015,9.715704971000036],[98.42208187600005,9.715939653000135],[98.42195433100011,9.716128419000086],[98.42183699000003,9.716271269],[98.4216788350002,9.716403916000047],[98.42163883900008,9.716420689000131],[98.42124775100007,9.71651628800015],[98.42107426000018,9.716540142000156],[98.42095660800004,9.716524375000176],[98.42080834,9.716446198000028],[98.4207639350002,9.716413793000072],[98.42076039900007,9.716411213000072],[98.42070859700004,9.716373412000053],[98.42062502800013,9.716308714000036],[98.42057380900008,9.716214361000084],[98.42053768200003,9.716181787999972],[98.42040936700016,9.716066093999984],[98.42022875000004,9.716031049000037],[98.42012361500014,9.716036441000142],[98.41999152300002,9.716079573000172],[98.41983516800013,9.716182013000093],[98.41974526000018,9.716271269],[98.419658529,9.716393712000126],[98.41956669700005,9.716551867000135],[98.41954118800015,9.716715124000075],[98.41952588300006,9.716995722000036],[98.41952588300006,9.717153590000123],[98.41952708100018,9.717199716000039],[98.419535016,9.71729494699997],[98.4195460640002,9.717331988000126],[98.41956874500005,9.717408035000119],[98.41960048800013,9.717501282000114],[98.41960644000005,9.717552865000187],[98.41959652000014,9.717624288000138],[98.41956676100006,9.717658016000087],[98.419546921,9.71768182300002],[98.41951120900006,9.717713566999976],[98.41949335400011,9.71773539100019],[98.4194834330001,9.71775721400013],[98.4194834330001,9.717784990000098],[98.41950525700014,9.71782665400002],[98.4195350170001,9.717844510000077],[98.41956279300007,9.71784649400007],[98.41962032800012,9.717834590000166],[98.41974730300007,9.717784990000098],[98.41982666200016,9.717743327000164],[98.41991594100017,9.717699679000077],[98.4200468840001,9.717665952000061],[98.42018179400009,9.71764016000003],[98.42038416000008,9.717606432000082],[98.42050319900011,9.717586593000135],[98.42061827000009,9.717546913000035],[98.42069167700004,9.717519137000068],[98.42076638800012,9.717501896000158],[98.42076905300007,9.717501281000182],[98.42082063600014,9.717505249000169],[98.42083529000013,9.717508786],[98.42087817200013,9.717519137000068],[98.42092578700004,9.717540961000111],[98.42095753100006,9.717566753000085],[98.42097141800019,9.717628256000125],[98.42098927500018,9.717683808000118],[98.4209972110001,9.71771555100014],[98.42104085800008,9.717751261999979],[98.42106664900018,9.71777705400018],[98.42111228100003,9.717786974000092],[98.42116188000017,9.71778499100003],[98.42123132000006,9.717767134000042],[98.42128290300013,9.717747294000048],[98.42131464700009,9.71771555100014],[98.4213483740001,9.717677855000034],[98.42135038200013,9.717653762000111],[98.4213523430002,9.717630240000119],[98.42135432700019,9.717612384000063],[98.42139202200019,9.717596513000046],[98.4214555100001,9.717632224000113],[98.42150114100008,9.71769571100009],[98.42157058000004,9.717781022000167],[98.421598356,9.71783855700005],[98.42163406800012,9.718015132000176],[98.42163406800012,9.718090523000114],[98.42163406800012,9.718155995000188],[98.42163291800006,9.718164614999978],[98.4216328650001,9.718165015000011],[98.4216328650001,9.718189550000034],[98.42162709200011,9.718208309999966],[98.42162266900016,9.718222689000186],[98.42162019900013,9.71823071600005],[98.42161175400008,9.718279271000085],[98.42166136499998,9.7183426040001],[98.42175425300007,9.71842071400016],[98.42181125300016,9.718439714000112],[98.42187775200006,9.718433381000011],[98.42197486300017,9.718385881000188],[98.4220994170002,9.718271882000067],[98.42218175000016,9.71821382700017],[98.42221374200017,9.718182819999981],[98.4224849160002,9.717842618000077]]],[[[98.503087199,9.734033057000033],[98.5029720460002,9.733942599000045],[98.50289940000005,9.733858260999966],[98.50281477600015,9.733653524000033],[98.50270579300008,9.733508923000045],[98.5025968340002,9.733364362000088],[98.50251817300017,9.73321980500009],[98.50248800200006,9.733123488000047],[98.50242755100015,9.732960917000185],[98.50241152600017,9.732939639],[98.50240204400006,9.732927055],[98.50235492500019,9.732864519000032],[98.50225799500015,9.73277409800005],[98.50217319400014,9.73267770100017],[98.50214910100004,9.732581375000052],[98.50211278900002,9.732509091999987],[98.50204020700005,9.732382623000092],[98.50194940800009,9.732238048000113],[98.50186474100013,9.732075451000071],[98.50172549800004,9.731870625],[98.50171361900004,9.731833674000086],[98.50171168700007,9.73182766900004],[98.5017053730001,9.731818630000078],[98.50170262000012,9.731818032000035],[98.50169524600005,9.731816430000038],[98.50156947200014,9.73162864600016],[98.50156208900012,9.731617623000034],[98.5015555710001,9.73160553700012],[98.50147740500006,9.731461055000068],[98.50141691300018,9.731358656],[98.50133817200015,9.731274290000158],[98.50122917000004,9.731141729000115],[98.50111409300018,9.731009158000063],[98.50101120700003,9.730876607000027],[98.50093248100006,9.730768178],[98.50081736800007,9.730689797000025],[98.50073858200011,9.730629492000105],[98.50069626000015,9.730545179000103],[98.50058112800008,9.730448730000035],[98.50044774800006,9.730394373000081],[98.50022944200009,9.730339903000186],[98.50002319400005,9.730351641000084],[98.49985331800008,9.730381461999968],[98.49971373600005,9.730405338000025],[98.4995923310002,9.730453284000077],[98.49948302700005,9.730531344000156],[98.499385841,9.730627513],[98.49926440900009,9.730699527000127],[98.4991430660001,9.730711391],[98.49902172400016,9.730717251000158],[98.49891247300008,9.730759223000064],[98.4987910700001,9.730843275000097],[98.49869380100012,9.730963496000186],[98.49863900000014,9.731101826999975],[98.49866303100009,9.731264336000038],[98.49871139600009,9.7313787760001],[98.4988805370001,9.73184238400006],[98.49901968900008,9.732083322000108],[98.49905135900002,9.732156886000155],[98.49906011200017,9.732177220000096],[98.49911038800002,9.73229408700007],[98.4991273010001,9.732370909],[98.49926764600008,9.732619284000066],[98.499323587,9.732730698000012],[98.49934021000007,9.73275179300009],[98.49945520800014,9.73293248400006],[98.49961875800017,9.733095215999981],[98.4997640680001,9.733263914000077],[98.4998851410001,9.733432613000105],[98.50006078600018,9.733631463000052],[98.50016974100004,9.73377602700009],[98.50033324700007,9.733962839000128],[98.50051502200012,9.73411958600019],[98.50058170800008,9.734155765000082],[98.50067871600015,9.734186018],[98.50078180200012,9.734192168000163],[98.50085464500006,9.734180236000043],[98.50093955400007,9.734180360000096],[98.50106094900008,9.73413242300012],[98.5012127220001,9.734048358000166],[98.5013341290001,9.73400042100019],[98.50140690000018,9.734000527000035],[98.50146145900015,9.734030688000132],[98.50152204200009,9.734090968000146],[98.50161288300006,9.734181343000046],[98.50172803400011,9.734265799000127],[98.50185531200015,9.734332139000117],[98.50199479800011,9.734374501000048],[98.50218274500014,9.734422908000056],[98.50237074800015,9.734453262000102],[98.50254662400016,9.734483627000031],[98.50270434200007,9.734489849],[98.50287413900014,9.734520188000147],[98.50306126800007,9.734553245000086],[98.50308034600005,9.734556616000134],[98.50308134700009,9.73455617400009],[98.503213889,9.734496601000046],[98.5032201530002,9.7343762860001],[98.50320207300012,9.73427994900004],[98.50318405500002,9.73416560100003],[98.503087199,9.734033057000033]]],[[[98.50758705800013,9.734533766000027],[98.50759486400005,9.73432183600005],[98.50749049500018,9.733912618000147],[98.50746402500016,9.733838312000046],[98.50737848500017,9.733626167000125],[98.507139366,9.733101510000154],[98.50684767800004,9.732647434000057],[98.50666423300004,9.732483575000117],[98.50652571900014,9.732382972000039],[98.50637207200009,9.732345556000155],[98.5062109860001,9.732289542000103],[98.50608002000013,9.732140622000088],[98.50599404299999,9.73197315200008],[98.50587798900017,9.73189862400011],[98.5057470320001,9.731738544],[98.50565732600012,9.731567375000168],[98.50557132800014,9.731414779000147],[98.50550399100013,9.731325439000045],[98.50543282300009,9.731295577000026],[98.50533162599999,9.731295430000102],[98.50528662800019,9.731321409000032],[98.50526341300014,9.731338306000112],[98.50521533000017,9.731373365000081],[98.50521522000014,9.731447743000047],[98.50526366900016,9.73161509400012],[98.50536464600009,9.73179005000003],[98.50542489300017,9.731857996000144],[98.5054769080001,9.73191665100012],[98.50553294100007,9.732024563000152],[98.5055327980001,9.732121225000128],[98.50551394600018,9.732217877000153],[98.50534500900011,9.73239613000004],[98.50524741800012,9.73248892700019],[98.50522104700019,9.732570723000038],[98.50521340400019,9.73268225600009],[98.50522297700019,9.73275526000009],[98.50525435100008,9.732871963000093],[98.50534036300013,9.73299106899998],[98.50545645500011,9.733076778000054],[98.50553507600011,9.733136386000012],[98.50561370800006,9.733195995000074],[98.50563978899999,9.733285276000117],[98.50564714000018,9.733396842000104],[98.5056247980001,9.733474967000063],[98.50560570100004,9.733541779000063],[98.50557548000012,9.733694217000107],[98.50554901700013,9.733839174000082],[98.5055450960001,9.733973043000049],[98.50555232900007,9.734151551000082],[98.5055634250001,9.734255667000184],[98.5055970300001,9.73433379700009],[98.50561570700017,9.734374723000087],[98.50571679600006,9.734449267000059],[98.50578045300011,9.734482801000127],[98.50587416900004,9.734497830000066],[98.505956626,9.734494209000047],[98.50607289100014,9.734457219000149],[98.50617038400014,9.734412719000034],[98.50625537000008,9.734384770000133],[98.50626038600012,9.734383111000056],[98.50626123500007,9.734383252000157],[98.50630539100018,9.734372017000055],[98.5064516130002,9.734361086000092],[98.50660141800006,9.734413341999982],[98.50671751300018,9.734499049000078],[98.506788599,9.734584655000049],[98.50685593200018,9.734677747000092],[98.50692327900015,9.734767086000147],[98.50697795600013,9.734818613000016],[98.50699440200009,9.73483408400017],[98.50714424000006,9.73489752800009],[98.50726792400019,9.734893975000034],[98.50733544500014,9.73486432400017],[98.50741213700013,9.734793900000057],[98.50744051800007,9.734767831999989],[98.50751938400003,9.734667544000047],[98.50757460900007,9.734587761000114],[98.50758705800013,9.734533766000027]]],[[[98.48601195100014,9.73897732100005],[98.48606270900007,9.73895503100016],[98.48607115900006,9.738955044000079],[98.4861429680002,9.738955152000074],[98.48625236200019,9.738969791000159],[98.48631806700007,9.738962665000088],[98.48642756000015,9.738912152000069],[98.48649333200007,9.738818155000047],[98.48655912200019,9.738738678000118],[98.48661764500014,9.738630186000023],[98.48662516000013,9.738470975000098],[98.48657431100008,9.738347870000098],[98.48656673900018,9.738336059000119],[98.4865550130001,9.738317719000179],[98.486472413,9.738188531000162],[98.4864435770001,9.737978577000035],[98.48644389800006,9.737768722000169],[98.48648055700016,9.737624048999976],[98.48655368900017,9.737515606000159],[98.48661224600016,9.737392674000148],[98.48673668000015,9.737117824000109],[98.48686843000019,9.736821330999987],[98.48701470000003,9.736582728000087],[98.48716111900018,9.73623555100005],[98.48725645400015,9.735924509000085],[98.48725672200015,9.735748393000051],[98.48725673000018,9.735743578000097],[98.48724572700007,9.735699619000115],[98.48720599100017,9.735540861000118],[98.48711873200011,9.735338101000025],[98.48712636100015,9.735135471000149],[98.48714845400008,9.734997973000134],[98.48723619300017,9.734860636000064],[98.48733854500011,9.734716025000068],[98.48741180700011,9.734499037999967],[98.4874349120002,9.734335893999969],[98.4874350140002,9.734335171],[98.48744868800009,9.7342385500001],[98.48739053100013,9.734100948000105],[98.48715474200009,9.733905298000082],[98.48714843400012,9.733901474000106],[98.48703331200016,9.733831683000119],[98.48688372400005,9.733724840000036],[98.48677638200002,9.733621811000148],[98.48671511700002,9.733515092000118],[98.48667314000005,9.733347443000184],[98.48668115700008,9.733134137000093],[98.48668955100004,9.732650416000126],[98.48665556300006,9.732299949000037],[98.48665056400012,9.732259921999969],[98.48663805100006,9.732187776000046],[98.48661569000006,9.732111503000056],[98.48657876900012,9.732055628000126],[98.486568933,9.732040747000042],[98.48655016800018,9.732023124000136],[98.48650155300015,9.731977412000049],[98.48645731100004,9.731940742000063],[98.48644537799998,9.731930834000138],[98.4863259920001,9.731865195000125],[98.48620470500009,9.731827863000035],[98.48617376200008,9.731818339000142],[98.4860151520001,9.731769519000181],[98.48577718200016,9.731712046000155],[98.48540481200007,9.731684812000026],[98.48515903700007,9.73172633200005],[98.48495928400013,9.731775523000124],[98.48482081700013,9.731954366000082],[98.48465926900013,9.732234581000114],[98.4846461420002,9.732257350000111],[98.48457788200005,9.732383832000096],[98.48450908500013,9.732465163000029],[98.48444085100016,9.732569048000187],[98.48437307100005,9.732741940999972],[98.48421388800011,9.733053700000141],[98.4841339300001,9.733181359000127],[98.48403160800012,9.733377917000041],[98.48396637700017,9.733544209000115],[98.48396186200006,9.733554520000155],[98.48386154400009,9.733747368000138],[98.48379376300011,9.73392019500011],[98.48377263000003,9.734138445000099],[98.4837167450001,9.734345177000137],[98.48364874600009,9.73448419000016],[98.48353526400012,9.734727076000183],[98.48346747400018,9.734911239000041],[98.48338821300013,9.735119160000124],[98.48334564900011,9.735284837000052],[98.48333971400007,9.735301757000059],[98.48327574600012,9.735453623000183],[98.4832196070002,9.735626513000113],[98.4831979830002,9.735798327999987],[98.48319897800019,9.735806775000071],[98.48319776800008,9.735816330000091],[98.48323554000018,9.73612616500003],[98.48334766300013,9.736512405000042],[98.48335537200012,9.736538961000122],[98.48351899700009,9.736686207000048],[98.48361326700007,9.736869539999987],[98.48396979000017,9.737283248000153],[98.48397616000017,9.73729064100013],[98.48400016400018,9.737478091000185],[98.48398005700005,9.737641173000156],[98.48398106200005,9.737649177000094],[98.48397985100019,9.737659205000057],[98.48401455400017,9.737968514000158],[98.48401824600012,9.73801994900009],[98.48403665800004,9.738165417],[98.48405483300019,9.738327286000185],[98.4840557390001,9.738335367000047],[98.484150548,9.738576344000023],[98.48432702900016,9.738850185],[98.48449014700014,9.738963513000158],[98.48452421700011,9.738979281000013],[98.48455986500005,9.73898894700011],[98.48462427600015,9.738999135000086],[98.48469843700013,9.739010867000161],[98.48484433500016,9.739018310000176],[98.4850048130001,9.739033046000145],[98.48515792500018,9.739083956000059],[98.48530048200013,9.739145680000036],[98.48532558699998,9.739156549000143],[98.48536447200013,9.73917350000005],[98.48544225100005,9.73920740300008],[98.4855589770001,9.739207579000094],[98.48567571500018,9.739186056],[98.48574776700013,9.739150442999971],[98.48580715100007,9.73912108200011],[98.48582071700008,9.739107662000094],[98.48585097400002,9.739077730000076],[98.48593133200012,9.739012725000123],[98.48601195100014,9.73897732100005]]],[[[98.46672015300015,9.77403853400017],[98.46674329800004,9.77401598300014],[98.46683585000005,9.774017239000102],[98.46723242700006,9.773687729000187],[98.46725688600003,9.773549857000148],[98.46725644100013,9.773535148000065],[98.46725703500016,9.77353181500007],[98.46725738000009,9.773496780000073],[98.46725848500012,9.773347523999973],[98.46724959400018,9.773321051000039],[98.46724741600013,9.773252106000086],[98.46724742000015,9.773250031000032],[98.4672594060001,9.77321522700015],[98.46730623600007,9.773146284000063],[98.46741150100013,9.773033423000015],[98.4675279540001,9.772942029000092],[98.46757508100018,9.772873170000025],[98.46770495800018,9.772553355000127],[98.46770062800016,9.77254680100009],[98.4677051270001,9.772535362000099],[98.46763661300014,9.772431277000123],[98.46757987000012,9.772280819000116],[98.46753412700019,9.772200460000136],[98.46748836500012,9.772142755000061],[98.4674792570001,9.772133318000101],[98.46741949300008,9.772071399000026],[98.46741943100011,9.772071276000077],[98.4673510680002,9.771933381000167],[98.46729432500007,9.77180667100015],[98.46724886200008,9.771691268000097],[98.46721625100014,9.771414236000112],[98.46719427800019,9.771264971999983],[98.46714951300015,9.771091947000173],[98.46703628800009,9.770804591000172],[98.46699160900005,9.770595391000086],[98.46690151900003,9.770273027000087],[98.46676498300013,9.769949488000066],[98.4666283910002,9.769649679],[98.46646835700011,9.769418791000078],[98.46626189500006,9.769174262000035],[98.4662544580001,9.769166755000015],[98.46597486500013,9.768884413000137],[98.46570993000012,9.76867479200007],[98.46542182200011,9.768511560999968],[98.46516816800005,9.768382318000022],[98.46494829600016,9.768321996000054],[98.46476315300004,9.76828666900002],[98.46449704000014,9.768271544000129],[98.46433497800007,9.768236273000127],[98.46416150900018,9.768222451000042],[98.46389583900003,9.768115785000134],[98.46374643700011,9.767976471000111],[98.46374333300002,9.767972554999972],[98.46365490800008,9.767860976000065],[98.46356405900013,9.767642624000132],[98.46349596500016,9.767468441],[98.46342855200004,9.767215093],[98.4633504370002,9.766904045000047],[98.46319083400005,9.766569161000064],[98.4631879600002,9.766521961000024],[98.46316351700005,9.76592182100012],[98.4631623320002,9.76586817700013],[98.4629796440002,9.765543453000078],[98.46269263000005,9.765242257000011],[98.46269029300015,9.76523988800011],[98.46244003400011,9.764986354000087],[98.46223286500015,9.76482436900011],[98.46200127700013,9.764787839000064],[98.46159546000007,9.76484032899998],[98.46134005000005,9.764917906000107],[98.46122336600018,9.764997990000154],[98.46109425700007,9.765203546000123],[98.46098824600006,9.765386530000171],[98.46088291700016,9.76551187500013],[98.46073143700005,9.765625799000134],[98.46054522500009,9.765727231000028],[98.460417479,9.76578245900015],[98.46032354900007,9.765907783000046],[98.46024090800006,9.76609080500009],[98.4601007620002,9.76623869100007],[98.45992525900016,9.766410258000121],[98.45988872700013,9.766627146000133],[98.45988871000003,9.766627241000037],[98.45989115300017,9.76662974400017],[98.4598885150001,9.766645291000145],[98.45994596999998,9.766704173],[98.46009566800012,9.766786957000136],[98.46024577900005,9.766844828000046],[98.46033318800005,9.766943959000116],[98.46033762300016,9.766948989000014],[98.46038019700012,9.767158198],[98.46032262300014,9.767357141000048],[98.46032537600013,9.767365083000186],[98.46032273000009,9.767374232000122],[98.46032245500015,9.767375183000127],[98.46037911900004,9.767536950000078],[98.46054119000001,9.767560942000102],[98.46080765000005,9.767539879000083],[98.4611301220001,9.767773294000108],[98.46130360900014,9.767798435000145],[98.4616047720001,9.767789864000065],[98.4619172800002,9.76783896],[98.46211342900017,9.767920670000024],[98.46235356700015,9.7683144720001],[98.46250297900008,9.76844246900015],[98.46276793900017,9.768629411000177],[98.46287511500014,9.76881419900019],[98.46288213600013,9.768826304000186],[98.46291371300015,9.769070000999989],[98.46287779800008,9.769336275],[98.46287871700008,9.769346056000018],[98.46287762000009,9.769354279000083],[98.46290842700006,9.769677313000159],[98.46290953800008,9.769688961000043],[98.46304562600011,9.769954485000028],[98.46307370300008,9.770009267000091],[98.46321746400014,9.770289761000015],[98.46335447500019,9.770509332000188],[98.46358363400009,9.770810384000015],[98.46366413500004,9.77089194500013],[98.46399899000016,9.771032644000115],[98.4640896090001,9.771159215000011],[98.46409054499998,9.771160521000127],[98.46415000400003,9.771353281000131],[98.46415824000019,9.771379983000031],[98.46429622900013,9.771541860000184],[98.46466520800004,9.771718813000177],[98.46491812000016,9.77196231400012],[98.46501154700019,9.77213131100018],[98.46502068600012,9.772147841000105],[98.46501937700009,9.772313099000144],[98.46496015000008,9.772484712],[98.46494634000004,9.772749243000135],[98.464947,9.772750530000167],[98.46494667300016,9.772757063000086],[98.46494616100011,9.772767282000132],[98.46511748500006,9.773079577000146],[98.46542722300012,9.773439592000159],[98.46563152900012,9.773591428000088],[98.46564574200016,9.77362531100016],[98.46589965100009,9.77377833700001],[98.46601503100004,9.77379096499999],[98.46607314400018,9.773813653000104],[98.46645377300013,9.774000822000062],[98.46659244700004,9.774049634],[98.46672015300015,9.77403853400017]]],[[[98.41504496500005,9.770419850000053],[98.4149902630001,9.770266028000094],[98.41492203000007,9.770109493000064],[98.41489393300014,9.769965],[98.41488189200015,9.769872686000099],[98.4148818930002,9.76977635600008],[98.41488590600011,9.76966397300015],[98.41490998800015,9.76951546600003],[98.41498624900015,9.769362946000172],[98.41508257800001,9.769230493000123],[98.41518292000018,9.769154233000052],[98.41535149600008,9.769130151000184],[98.41546388000012,9.769126137000057],[98.41547458200012,9.769130151000184],[98.4155602080001,9.769162260000087],[98.415652523,9.769170288000055],[98.41569356800017,9.76916391800006],[98.41574131100009,9.769150277999984],[98.41577655000009,9.769127542999968],[98.41581065200006,9.769099125000139],[98.41582922300006,9.76906411800013],[98.41584134300018,9.769016142999988],[98.4158447530001,9.76894453],[98.41584589000013,9.768868369000018],[98.41585271000014,9.768821763000062],[98.41586521500005,9.768779704000053],[98.41589263800012,9.768736336000018],[98.41593215200015,9.768673850000027],[98.41594896100003,9.76864503500019],[98.41595168400016,9.768609625000124],[98.41595494699999,9.768567205000181],[98.415952963,9.768514622000168],[98.41594896000015,9.768408552999972],[98.41595195400004,9.76829779500008],[98.41589507800012,9.768175064000104],[98.41589283900004,9.768171057000075],[98.41578132700005,9.767971510000166],[98.41567356300015,9.767791902000056],[98.41558376000012,9.767627263000179],[98.41553586400005,9.767513512000107],[98.4155029370001,9.767363840000144],[98.41545204800008,9.767157292000093],[98.41544606100018,9.766977685000086],[98.41544007400012,9.766792091000184],[98.41539217900015,9.766519687000027],[98.41530536900007,9.766277218000141],[98.4152865600002,9.766188550000095],[98.41524250600014,9.76598086600012],[98.41520957800009,9.765681522000023],[98.41520185700006,9.765565705000142],[98.41519461200005,9.76545701300006],[98.41517066400002,9.765223525000067],[98.41516924600012,9.765211369000156],[98.41514970900016,9.76504391800006],[98.41509582700013,9.764798455000061],[98.41507184500011,9.764717874999974],[98.41502099100018,9.764547005000054],[98.41499405100006,9.764256641000031],[98.41500303100014,9.764145883000083],[98.41502427199998,9.764041523000174],[98.4150718800002,9.763807624000094],[98.41514072900014,9.763511272000073],[98.41523951300013,9.763247849000038],[98.41534129100006,9.763017353000123],[98.41540415300011,9.762852714000132],[98.41546402100005,9.76263718500013],[98.41549096200009,9.762526429000047],[98.4154969490001,9.76221510900001],[98.41551191600001,9.762116326000125],[98.41549395600015,9.762011555000072],[98.41547599500018,9.761936719000062],[98.41540856600017,9.761680982000144],[98.41535587400011,9.761489375],[98.41532234200014,9.761269028000186],[98.41528881200003,9.76108700200001],[98.41528881200003,9.760938507000105],[98.41529360200008,9.760770851000075],[98.4153079730001,9.760646308000162],[98.41531276300014,9.76053613400012],[98.41534629300008,9.76040679900018],[98.41535587400011,9.760229564000156],[98.41537024500013,9.759970895000151],[98.41532713300012,9.759697856],[98.41526007100009,9.759525411000084],[98.41514510700017,9.759223631000111],[98.41508762500018,9.759022444000095],[98.4150445140001,9.758792516000085],[98.41503972400005,9.758519477000164],[98.41511636600018,9.75805962200019],[98.41518821800008,9.757844065000029],[98.4152409100002,9.757384210000112],[98.4153079730001,9.756943515000103],[98.41540856600017,9.756368696000095],[98.41556185100018,9.756047755999987],[98.41573429700003,9.75567891300011],[98.41593773300019,9.755423357000097],[98.41606331700007,9.755265597],[98.41614212200011,9.754991658],[98.41626500200016,9.75451599500019],[98.41644189400006,9.754045148000046],[98.41661678000014,9.753707302000123],[98.41695471300011,9.753267380000182],[98.41710340499998,9.753134339000098],[98.41710533900016,9.75313260900009],[98.41718065300017,9.753069187],[98.41728371300019,9.753041440000118],[98.41736695300011,9.753037476000145],[98.41747001400006,9.753017657000044],[98.4174977610001,9.75297009100018],[98.41752154400007,9.752839284000117],[98.4176047850001,9.75268072900002],[98.41772766400004,9.752534066000067],[98.41785450800006,9.752379476000044],[98.41796549600019,9.752228849000119],[98.41806855700008,9.752105970000173],[98.41808441100017,9.751983090000124],[98.41813197800008,9.751737331000129],[98.41815618500004,9.751487192000127],[98.41817954500004,9.75124581300014],[98.4182231470001,9.751083295],[98.41834602600005,9.750845464000122],[98.41850854400019,9.750599705000127],[98.4185686510001,9.750489856000058],[98.41862349600007,9.750389620000078],[98.41875033900004,9.749894138000116],[98.418761243,9.749812367],[98.4188296170002,9.74929956000011],[98.41892474900004,9.748930921000124],[98.41900799000013,9.748637595000162],[98.41911501400006,9.748233282],[98.41924582200005,9.747928065000053],[98.41932906300013,9.747769511000115],[98.41945590600005,9.747559426000066],[98.4195714230001,9.747406502],[98.41975687600006,9.747160420000057],[98.42015631200007,9.746753851000108],[98.42031680000002,9.746554133000075],[98.4207091040002,9.746258122000029],[98.42076663600011,9.746210286000121],[98.42089175199999,9.746106257000179],[98.42096613600012,9.746009558000083],[98.4210493760001,9.745870823000018],[98.42115243700016,9.745680558],[98.42122775000007,9.745541823000167],[98.42131495500013,9.745438762999981],[98.42142197900012,9.745300028000145],[98.42144576200019,9.745224715000063],[98.42148936400008,9.745093908000172],[98.42154089500013,9.7449313890001],[98.42156071400012,9.744776799000135],[98.42156864200007,9.74467770200016],[98.42154485900011,9.744590498000036],[98.42158572600005,9.743963870000073],[98.42159242500014,9.743861148000121],[98.42163602700003,9.743171437000171],[98.42166377500018,9.742846401000065],[98.42169152100018,9.74177219500001],[98.42175494400004,9.741225184000143],[98.4221339410002,9.739687857000035],[98.42230053600002,9.739159625000013],[98.4224021190002,9.738976776000072],[98.42250776600014,9.738777673000072],[98.42250370200014,9.738631394000095],[98.42248338600007,9.73846479700012],[98.42244275300015,9.738249442000154],[98.42238586600018,9.737883743000168],[98.42238123200013,9.737479339000117],[98.42242483500013,9.73723357900019],[98.42246051000012,9.737130519],[98.42250807600016,9.737019532000147],[98.42264681100016,9.736857014],[98.42279347400017,9.73679359200014],[98.42289653400013,9.73670242300011],[98.42298939500012,9.736567723000178],[98.42325724500006,9.736179194000101],[98.42352282299998,9.735683712000139],[98.42389939000014,9.735152554000024],[98.42416496800013,9.734922651000147],[98.42445829300016,9.73467292800018],[98.424729469,9.734498307000024],[98.42496815500004,9.734364498000048],[98.42518280900003,9.734237161000067],[98.42532469800017,9.734171674000095],[98.4254520360002,9.734135292000076],[98.42556845800004,9.734128015000124],[98.42570307200003,9.734175312],[98.42636452500011,9.734479069000031],[98.4264737530001,9.734533004000127],[98.42698663700008,9.734768426000073],[98.42704193100002,9.734793806000027],[98.42713694600019,9.734839249000174],[98.42715720700016,9.734848938000141],[98.42717859800007,9.734850364000067],[98.42723266900003,9.73483177800017],[98.4272799810002,9.734806432000028],[98.42734249900002,9.734781087000158],[98.4273918720001,9.734727599000166],[98.4274236060001,9.734693222000033],[98.4274861240001,9.73448200900009],[98.42752329800015,9.734372178000115],[98.427521608,9.734297831000106],[98.42750302100018,9.734233623000137],[98.42747936500018,9.734154207000131],[98.4274164790001,9.734059070000171],[98.42735744500004,9.733970519000025],[98.42731787200006,9.73391116],[98.42726566900006,9.73385025500005],[98.4271993370001,9.733824893000076],[98.42716706100009,9.733812554],[98.42710325700011,9.733745848000183],[98.42699885000013,9.73370814499998],[98.42690604300014,9.733684944000117],[98.42677553400011,9.733606638000026],[98.42670592900015,9.733557335000114],[98.42661602300012,9.733496431000049],[98.42652321700012,9.733447127999966],[98.42641010800008,9.733383323000112],[98.42630280100019,9.73333111900007],[98.42623609700013,9.733238313000015],[98.42619549400007,9.73311650400018],[98.42617809300015,9.733006297000031],[98.42617774000001,9.733003410000038],[98.42616359200008,9.732887389000098],[98.42612878900013,9.732788782000057],[98.42607948500017,9.732687275000103],[98.426006981,9.732556766000016],[98.4259518770001,9.7325132630001],[98.42580396599999,9.732475560000069],[98.42571475200009,9.732454431000178],[98.42558355200009,9.732423357000073],[98.42545699300018,9.73234847700013],[98.42523552700015,9.732217442000035],[98.42501511100005,9.732057931000043],[98.42474249300005,9.731666404000066],[98.424382868,9.731176270000049],[98.42428426100014,9.73102545900008],[98.42415665200014,9.73087174900013],[98.42412131500015,9.730841848000068],[98.42407613900014,9.73080362200011],[98.4240435440002,9.730776042000116],[98.42393623700013,9.730709337],[98.42382312900014,9.730642633],[98.42365491700008,9.730558526999971],[98.42349250600006,9.730483121000134],[98.42340260000009,9.730422217000068],[98.42331269400012,9.730372913999986],[98.42324552500014,9.730322537000177],[98.42324308800005,9.730320710000115],[98.42323261200005,9.730301446000112],[98.42315318200008,9.730155399000012],[98.4228892640001,9.729676866000148],[98.42279355700009,9.729505754],[98.42273845300014,9.729357844000049],[98.42272685300003,9.729279538000128],[98.42272685300003,9.729169330000047],[98.42279065800011,9.729015619000052],[98.42288346400011,9.728905412000074],[98.42294146700004,9.728838706999966],[98.42298904900008,9.7287715330001],[98.42304007500002,9.728699498000083],[98.42311257900019,9.72853708600013],[98.42315237600019,9.728437595000173],[98.42315318300018,9.728435579],[98.42319088500005,9.728360174000102],[98.42319088500005,9.728223865000075],[98.42317638400004,9.728107856000179],[98.42312418000017,9.72802955100019],[98.42302847400003,9.7279512450001],[98.42288636400019,9.727904843000147],[98.42270075100004,9.727835237000079],[98.422468735,9.727736631000084],[98.42233532500018,9.727655425000137],[98.4222251180002,9.727527816000133],[98.42208300800019,9.72736830499997],[98.42198440100009,9.727246496000134],[98.42190029500006,9.72714209000003],[98.42189365600012,9.72713563000002],[98.42179298800016,9.72703768200006],[98.42172628300005,9.726965177000011],[98.42164797800007,9.726686758000028],[98.42154647100011,9.726283630000069],[98.42154045300015,9.726258807000022],[98.42150006700018,9.72609221600004],[98.42146787300015,9.725970041000096],[98.42138696000012,9.725662987000135],[98.42128545200006,9.725103248000096],[98.42118684600007,9.72472332100017],[98.42105053600017,9.72415488100006],[98.42103603500016,9.72395766800014],[98.42102443400017,9.723725652000155],[98.42103313500007,9.723482035000131],[98.42098383100006,9.723003502000097],[98.42097223100018,9.722788886999979],[98.4209176110001,9.722584063999989],[98.42090262600004,9.72252786900009],[98.42079241800013,9.722266851000143],[98.420717013,9.72213924200014],[98.4204820970001,9.722023234000119],[98.42023557900018,9.721936228000061],[98.41990205600018,9.721814419],[98.41971934300005,9.721799918000158],[98.4193307170001,9.721747715000163],[98.41913060300004,9.721692611000037],[98.41897979200007,9.721640407000166],[98.41879707900017,9.721506998000052],[98.41859986600008,9.721367788000066],[98.41840845300015,9.721225678000053],[98.41825764200019,9.72111837100016],[98.41813296100008,9.721006413000111],[98.41811553200017,9.720990762000156],[98.41808897400011,9.72094776200015],[98.41799372400004,9.72079354900012],[98.41794732000011,9.720680441000127],[98.41786611500004,9.720474526000089],[98.41780811100006,9.720242510000048],[98.41772690500005,9.720036596000057],[98.41759059600008,9.719639268000094],[98.41755869400009,9.71940145100001],[98.41749488900007,9.719114331000071],[98.4174513860001,9.71887071500015],[98.4173966580002,9.718725685000038],[98.41739338200011,9.718717003000052],[98.41733481600005,9.718596944000183],[98.4172773740001,9.71847918700007],[98.4172164700002,9.718368979000047],[98.41719616800015,9.718281973000103],[98.41719036799998,9.718212368000138],[98.41714976500009,9.71814856399999],[98.41709176100011,9.718055758000162],[98.41698735400007,9.718006454000147],[98.41688584700012,9.717997754000123],[98.41671183400018,9.717907848000152],[98.41632610800008,9.717690332000132],[98.41611729300013,9.717574324000111],[98.41581277200004,9.717380011000103],[98.41555465400018,9.717229201000066],[98.41538644200011,9.717098691000103],[98.41524143200002,9.717000084],[98.41503261800017,9.716744867000102],[98.41495571700011,9.716670406999981],[98.41487609900008,9.716593317000047],[98.41484990500004,9.716567955000073],[98.4146004870002,9.716318537],[98.41441197400013,9.716202529000043],[98.41425246400007,9.716141624000045],[98.41397114400007,9.715982114000155],[98.41381743300008,9.715895108000097],[98.41359121800008,9.715781999000058],[98.41335340100005,9.715631189000021],[98.41298217600013,9.715471678000029],[98.4126544520002,9.715323768000076],[98.41233833100006,9.715132354000048],[98.41215561800016,9.715001845000131],[98.4119265020002,9.714865536000161],[98.41173218900019,9.714746628000057],[98.41154947500019,9.714636420000033],[98.41130067800009,9.714434101000052],[98.41128555700004,9.714421806000018],[98.41076752400005,9.714119620000076],[98.4105547060002,9.713995476000093],[98.41038359500016,9.713911370000062],[98.41016607900013,9.713812763000021],[98.40997756600007,9.713673554000138],[98.40978615300014,9.713551743999972],[98.40966724500004,9.713444437000078],[98.40957902000014,9.713326803000086],[98.40955405500011,9.713305679000143],[98.40942924000018,9.713200067000116],[98.40920184200019,9.713028195999982],[98.40892420400013,9.712808731000052],[98.40860161600006,9.712658013],[98.40838479300015,9.712618350000014],[98.40825258500007,9.712642148000043],[98.40806220500014,9.712673877999976],[98.40785331600017,9.712734694000062],[98.40772639500005,9.71276113500005],[98.40754130400012,9.71276378000016],[98.40735621200008,9.712732049000124],[98.40721607100011,9.7126791660001],[98.4070785740002,9.712605129999986],[98.40694372200005,9.712541669000188],[98.40678507100017,9.712467633000074],[98.40655502900012,9.712338069],[98.4060209060001,9.711981106000053],[98.40579615200011,9.711907069000063],[98.40550793700015,9.711864762],[98.4052303000002,9.711822455000174],[98.40501876600013,9.711774860000048],[98.40491035500008,9.711737841000115],[98.4045692570001,9.711444339000138],[98.40441854000017,9.711296265000158],[98.40431277300007,9.711235450000174],[98.40426782200012,9.711206364000077],[98.40416470000014,9.711224873000106],[98.404139606,9.71123066400014],[98.40406157700005,9.711248670000032],[98.40394523300017,9.711272468000061],[98.40389235000015,9.71126982400017],[98.403791872,9.711216941000146],[98.40366230700005,9.711137615000155],[98.40355918400013,9.711015984000142],[98.40353538700003,9.710918149000122],[98.40353538700003,9.710743634000153],[98.40364062600014,9.710512334000043],[98.40368702900014,9.710439829000165],[98.40368992900005,9.710312219000059],[98.4036493260001,9.710175910000089],[98.40360292300011,9.71001349900007],[98.40356455400007,9.709952392000048],[98.40352461800012,9.70988879000015],[98.40345211300007,9.70972637900013],[98.40339700900012,9.709592970000188],[98.40338830900009,9.709442159000048],[98.40338830900009,9.709291349000182],[98.40345211300007,9.709065133000081],[98.40349271600013,9.708923023000068],[98.40353041900016,9.708804114000088],[98.4035461740001,9.708709580000061],[98.40356232100015,9.708612701000163],[98.40357392100003,9.70848509200016],[98.40357682100006,9.708305280000047],[98.40357373600011,9.708281283000076],[98.40352461800012,9.707899252000175],[98.40346661400014,9.707710739000106],[98.40342387700002,9.707630294000126],[98.40338804600003,9.707578216000115],[98.40325887800014,9.707390481000118],[98.40322969800008,9.707336290000171],[98.40317828700017,9.707212625000125],[98.40313660200019,9.70714870800009],[98.40308241100001,9.70710563299997],[98.40269057100011,9.706847186000175],[98.40245574600016,9.706647098000133],[98.40209308500005,9.706383092000124],[98.40178739400011,9.706146877000037],[98.40143724000006,9.70585924900007],[98.40125938400007,9.705724467000096],[98.40116350800014,9.705693898000163],[98.40107597000019,9.705660551000165],[98.40096203000019,9.705584127],[98.40062854900003,9.705403493000176],[98.40045347200004,9.705339575000039],[98.40027144700014,9.70530205800003],[98.40010192800008,9.705282606000026],[98.39985459600001,9.705267321000122],[98.39944608200017,9.705245089000073],[98.3992501620001,9.705232583000054],[98.39899588300011,9.705200623999986],[98.3988249750002,9.70519645600001],[98.39862627600019,9.705185340000185],[98.39842618700004,9.70517839300004],[98.39828723700009,9.705193677000068],[98.39805658000012,9.705247868000185],[98.39789261800007,9.705285384000092],[98.3975938750001,9.705334017000098],[98.39748271400009,9.705342354000038],[98.39735071200016,9.705335407000064],[98.39729930100009,9.705310396000016],[98.39718119200018,9.705320122000103],[98.39708531700012,9.70534513300015],[98.3970269580002,9.705370144000028],[98.39696998800008,9.705420166000067],[98.39693803000011,9.705452125000136],[98.39690190300007,9.705479915000126],[98.39685049100007,9.705484083000101],[98.39680324800014,9.705478525],[98.3966906980001,9.70544795700016],[98.39643225000003,9.70536736500003],[98.39632386900018,9.70536597500012],[98.39612378100014,9.705346523000117],[98.39601540000018,9.705285384000092],[98.39582225900011,9.705203404000088],[98.39565690799998,9.705135318000089],[98.39548460900005,9.705025547],[98.39532759600013,9.70489771399997],[98.39522477200012,9.704822680000177],[98.39506081100012,9.704648992000045],[98.39496771500006,9.704607308000107],[98.39489268199998,9.704594802000145],[98.39483432300005,9.704594802000145],[98.39478430000008,9.704594802000145],[98.39473983600016,9.70456979000005],[98.3946939830002,9.704533663000177],[98.39464535000013,9.704504484000154],[98.39457865400016,9.704498926000042],[98.39452863200006,9.704514211000173],[98.39447860900009,9.704544780000106],[98.3944341460001,9.704585076000058],[98.39439246000018,9.70462676000011],[98.39431881700006,9.70462676000011],[98.39426636900015,9.704598764000139],[98.39412501100014,9.704576774000088],[98.39391768600018,9.70457991600017],[98.3937323500001,9.704627035000044],[98.39353444900013,9.704705568000065],[98.39342136300002,9.704758969000125],[98.39332398300013,9.70479980600004],[98.39315749500003,9.704824936000023],[98.39302242000014,9.704809230000137],[98.39288734500008,9.70479038200017],[98.39277111700005,9.704743263000069],[98.39254180300009,9.704639600000121],[98.39232505500007,9.704589340000041],[98.39218055600014,9.704570492000073],[98.39202663300011,9.704535938000106],[98.39186870800006,9.704500215000053],[98.39168889500002,9.70449151500003],[98.39144563300016,9.704451530000028],[98.3912541480002,9.704422807000071],[98.39116159600019,9.704394084000057],[98.39108659800002,9.704349404000084],[98.39101479100003,9.704287172000079],[98.39096053700018,9.704268023000054],[98.39088553800008,9.704263236000088],[98.3907929880001,9.704274406000138],[98.39071320100015,9.704291959000045],[98.39063022400012,9.704291959000045],[98.39055043900015,9.704293554000117],[98.39042916500006,9.70425047000009],[98.39034140100011,9.704186642000138],[98.39028076400012,9.70413557900008],[98.39023927500017,9.704074942000148],[98.39020576600018,9.70402387900009],[98.39013236300002,9.70394728500014],[98.39008289600014,9.703889840000102],[98.39004619400009,9.703875478000157],[98.39000789700003,9.70387069100019],[98.3899680040002,9.703869095000073],[98.38992970800007,9.703878670000051],[98.38990577200019,9.703888244000154],[98.38989141000008,9.703902605000167],[98.38989141000008,9.703905659000043],[98.38989141000008,9.703964837000171],[98.38989779300016,9.704011114000025],[98.38990468900005,9.704027662000101],[98.38992172900004,9.704068559000063],[98.38993289900003,9.704122813000083],[98.38992651600017,9.704194620000067],[98.38992651600017,9.704240895999988],[98.38994885600005,9.70429993700003],[98.3899807700002,9.704351],[98.39001587600006,9.704382914],[98.39008608800003,9.704414829000086],[98.39013555400004,9.704433977000065],[98.39019938200016,9.704488231000141],[98.39028621800009,9.704593614000032],[98.3903562530001,9.704733682000096],[98.39037558799998,9.704896093000116],[98.39047612800016,9.705054637000103],[98.3905573340001,9.705189981000103],[98.39063853900018,9.705317589000174],[98.39069267600013,9.705445198000177],[98.39077001400011,9.70557280700018],[98.3907816160002,9.705704283000046],[98.39078934900004,9.705858960000114],[98.390851221,9.706032972000116],[98.3909092250002,9.70622245200019],[98.3909092240001,9.706357793999985],[98.39086793100017,9.706451394000112],[98.39085122000012,9.706489271000123],[98.3907738810002,9.706574343000057],[98.3907545470002,9.706655549000061],[98.39076614800018,9.70674062200004],[98.3908202840002,9.706856629000185],[98.39093242500013,9.707015173000116],[98.39098656300018,9.707254924000154],[98.39111030500015,9.707568145000039],[98.39129205100005,9.707742158000144],[98.39152793400012,9.7078968350001],[98.3917174140002,9.708028311000135],[98.39194943000018,9.708082448000084],[98.39239026000007,9.708155920000081],[98.39264934500011,9.70834153200019],[98.3929587,9.708554214],[98.39330285699998,9.70874756100011],[98.39357354300017,9.708894504000114],[98.3937514220001,9.709002778000183],[98.3937603980001,9.709007512000028],[98.39396410400008,9.709114919000115],[98.39402023100018,9.709151237000128],[98.39419272700007,9.709262853000098],[98.39429279300003,9.709327601000155],[98.39450906000008,9.70946401599997],[98.39454414300019,9.709486145000142],[98.3947385190001,9.709584784000015],[98.3949080340002,9.709670807000123],[98.3951985280001,9.709844525000108],[98.39539790600008,9.709940227000061],[98.39552949600011,9.710027954000111],[98.39562519900011,9.710127643000078],[98.39565709900012,9.710243283000068],[98.39565311200005,9.710327022000172],[98.39554544700007,9.710414749000051],[98.39546569600014,9.710514438000018],[98.39547765800006,9.710622102000059],[98.39553747200006,9.710753692000083],[98.39563716100002,9.710853381000106],[98.39584451500014,9.710885282000163],[98.39599604300008,9.710873320000076],[98.3961475710002,9.710877307000146],[98.39639480000011,9.71099693400015],[98.39654632800006,9.711188338],[98.39672975700006,9.711730648000128],[98.39688992500015,9.712252356000135],[98.39696435800016,9.713230641000166],[98.39679953900014,9.714341845000092],[98.39645394900015,9.715484950000075],[98.39593822300009,9.716814140999986],[98.39517792600014,9.718499556000097],[98.39421559100003,9.720216872000094],[98.3935297270001,9.721577963000186],[98.3931735050001,9.722301044000062],[98.3928704490001,9.72281145400018],[98.39252730100014,9.723319627000024],[98.39231152400015,9.723741223000104],[98.39203141900015,9.724180234000073],[98.3918968160001,9.724391198000149],[98.39146217100011,9.724969396],[98.39100758600006,9.725591457000064],[98.38969168700015,9.727361941000026],[98.38881442100006,9.728454536000072],[98.387953105,9.729407567000123],[98.38721141600001,9.730201094000165],[98.38655745400013,9.730815181000082],[98.38617863400003,9.731102286000123],[98.38583570200007,9.731297677000043],[98.38566423700019,9.7314133160001],[98.38535719400011,9.731505031000154],[98.3850501500001,9.7315927570001],[98.38451581500004,9.731692447],[98.38399344300012,9.731780173000175],[98.38353088500008,9.731891826000094],[98.38324377900011,9.731867900000054],[98.3830523760002,9.73173631000003],[98.38288091000004,9.731469143000027],[98.38268950600019,9.731174062000036],[98.38241835100018,9.730894932000012],[98.38195579200004,9.730456299000082],[98.38161684800008,9.730145268000172],[98.38125398000005,9.72986215000003],[98.38101472500006,9.729682708999974],[98.38086718400018,9.72956308200014],[98.38072761900008,9.729451430000154],[98.38046444000008,9.729319840000073],[98.38028898600015,9.729212176000033],[98.38009359500006,9.729116474000136],[98.37994206700012,9.729092548000096],[98.37986231600019,9.72901678500017],[98.37971078800007,9.728956971000173],[98.37947153400017,9.728952983],[98.3793718440001,9.728941021000082],[98.37923227900018,9.728917095000043],[98.37906081300002,9.728889181000056],[98.37898903700017,9.728921083000046],[98.37900099900008,9.72899684600003],[98.37905682600018,9.729132424000056],[98.379152805,9.729209207000054],[98.37923626600008,9.7292759770001],[98.37946754600006,9.729503267999974],[98.37972274999998,9.72975448600016],[98.37985434100017,9.729957852000098],[98.37997795500007,9.730165206000038],[98.38004574400009,9.730320721000055],[98.38008561999999,9.73058390100016],[98.38008512000016,9.730587736000189],[98.38006169500005,9.730767330000106],[98.38000188100011,9.730946771000163],[98.37990219200009,9.731098298000177],[98.37979452700017,9.73124583800012],[98.37969882500005,9.731373441000073],[98.37959913600008,9.731584783000187],[98.37955527300011,9.731800111000041],[98.37956147300008,9.731907595000052],[98.3795660670001,9.731987220000178],[98.3795672350002,9.732007465000152],[98.37964698600013,9.732202856000072],[98.37975863900004,9.732342421000169],[98.37984237800015,9.732426161000149],[98.37996998000006,9.732434136],[98.38001856000017,9.732445505000157],[98.38015739600007,9.732477999000025],[98.38042855200013,9.732589651000183],[98.3805641290001,9.732753142000092],[98.38063191800012,9.732836881000026],[98.38065374100006,9.732885985],[98.38067976900004,9.732944545000066],[98.38082332100004,9.733243614],[98.38087325000015,9.733313384000098],[98.38113435200012,9.733678258999987],[98.38144937100014,9.733981315000051],[98.38149831900012,9.734048096000151],[98.3819856990001,9.734713035000027],[98.38253864300003,9.735600935000093],[98.38272564500005,9.735905567000088],[98.3828177490002,9.736169599999982],[98.38281775000013,9.73643631400006],[98.3826577210001,9.736676357000078],[98.382570789,9.73685643000016],[98.38260776100009,9.736967343],[98.38268219600008,9.737201282000115],[98.3830118350001,9.737509654],[98.38332552400004,9.737860560000115],[98.38362326300006,9.738243367000052],[98.38391568500009,9.73862617500015],[98.38430380900007,9.739003665000098],[98.38448765900017,9.739228024000113],[98.38461749900006,9.739386472000092],[98.38483016900011,9.739673578],[98.38500562300004,9.739864981000153],[98.38509600800018,9.740019167000128],[98.38510664100005,9.74020525400016],[98.38512259200002,9.740428558000133],[98.38515980900019,9.740678446],[98.38538311299999,9.741257973000131],[98.38550008200019,9.741550396000036],[98.38569148500011,9.741816234],[98.385963872,9.74222513400008],[98.38628392900011,9.742638542],[98.38646396200016,9.74288525300011],[98.38659889900009,9.742977782000025],[98.38661133800014,9.742983504000165],[98.38671764600019,9.743032405],[98.38684416900009,9.743090606000123],[98.38705510100016,9.743208336000123],[98.38709925000018,9.743301539000072],[98.38710415500015,9.743478132000064],[98.38708943900014,9.74362038900017],[98.38705510100016,9.74387056400019],[98.3870943440001,9.744086402000107],[98.38712868300018,9.744238469000152],[98.38728074900018,9.744665238000039],[98.3873646090002,9.744835423000154],[98.38744753300011,9.745003711000038],[98.38785468100008,9.74552858800007],[98.38838263300005,9.746399105000023],[98.38859767900004,9.746699273],[98.38883772200012,9.747066006000068],[98.38897774700007,9.747359392000021],[98.38897801700011,9.747579044000076],[98.38897134600018,9.747589819000154],[98.38891424600007,9.747682057000134],[98.3888161390002,9.747770354000068],[98.38869350400012,9.747853746000033],[98.38860030100011,9.747927326000081],[98.38852672000013,9.748000908000165],[98.38839427500011,9.748069583000074],[98.38829126100012,9.748133353000185],[98.38817843700019,9.748202029000026],[98.38809995100007,9.74829032600013],[98.38805580200011,9.748408056000073],[98.38805580200011,9.748574839000128],[98.38809995100007,9.748741623000058],[98.38822258600004,9.748947649000058],[98.38823239600015,9.749114432000113],[98.38822749100018,9.749271405],[98.38811466700008,9.749448],[98.38807542400014,9.74956082400007],[98.3880165590001,9.749712891000115],[98.38803451000013,9.749773650000122],[98.38808032900005,9.749928728000157],[98.38814410000009,9.750090606000015],[98.38826673400013,9.750198524999973],[98.38841880100017,9.750321160000112],[98.38860520700018,9.750394741000093],[98.3887955900002,9.750437049000027],[98.38887009800015,9.750453606000065],[98.38912517900019,9.750453606000065],[98.38938025900018,9.750458511000033],[98.38967458300016,9.750375120000115],[98.38981683900005,9.750335876000065],[98.38997871700013,9.750247579000131],[98.39010625700018,9.750193619000129],[98.39025832500016,9.750193620000061],[98.3905281210001,9.750208336000185],[98.39069981000017,9.750316255000143],[98.39088131000011,9.750502660000052],[98.39101375600006,9.750586051000084],[98.39121978300011,9.750684159000059],[98.39136203900017,9.750703781000084],[98.39148958000015,9.750698875000182],[98.39174466000014,9.750649821000025],[98.39190163200016,9.750625295000134],[98.3919899300002,9.750644916000056],[98.39211747000007,9.750713592000068],[98.39213617100012,9.750747593000142],[98.3921714290002,9.750811700000042],[98.39216652400006,9.75092452400014],[98.39216161800016,9.751061875],[98.39216161900009,9.751108417000125],[98.39216161900009,9.751189415000113],[98.39218614500015,9.751321861000065],[98.39223029400017,9.7514592120001],[98.39231859199998,9.751567130000183],[98.39243632000017,9.751625995000154],[98.39283856300011,9.751964467999983],[98.39284526800009,9.751966703000107],[98.39286714400009,9.751973994000082],[98.39295629300011,9.752003711000157],[98.39302496800019,9.752008616000126],[98.39311326500012,9.7519889940001],[98.39318194100014,9.751930130000176],[98.39319665700009,9.751876170000173],[98.39316231900011,9.751758441000106],[98.3931559360002,9.751723686000162],[98.39302987300016,9.751037348000011],[98.39300534600017,9.750762646000055],[98.3930053470001,9.750656529000082],[98.39300534600017,9.750595862000125],[98.39302496900012,9.7503702140001],[98.39302987400004,9.750213241000154],[98.3930691160001,9.75004155300013],[98.39310836000016,9.749889484999983],[98.39312307600011,9.749781567000127],[98.3931181710002,9.749536297000077],[98.39308383300016,9.749379324000188],[98.39297100900006,9.749109527000144],[98.39278950900018,9.748825014000147],[98.39257367200014,9.748466920000169],[98.39248046900019,9.748265799000137],[98.39244122700012,9.747932232000153],[98.39252952300012,9.747598665000169],[98.39260800900007,9.747397544000137],[98.39271592900013,9.747201328000074],[98.3928876170001,9.74694134200007],[98.39323099500007,9.746509667000112],[98.39390793900014,9.745759141],[98.39437885700005,9.745351994000032],[98.394756573,9.74520483200007],[98.39514410000004,9.745121440000105],[98.39550219300008,9.745072386000118],[98.3957131250001,9.745062576000066],[98.39592405700017,9.745087103],[98.39608593600013,9.74516558800002],[98.39622819100009,9.745332373000053],[98.39631648900013,9.745440291000136],[98.3964342180002,9.74551877700003],[98.39659609600005,9.745548209000162],[98.39680212300016,9.745504061000076],[98.39682763300016,9.745489107000083],[98.3969443800001,9.745420669000112],[98.39717493300009,9.745180305000076],[98.39730327700005,9.745017988000086],[98.39734171700002,9.74496937300006],[98.39738599100014,9.744826711000144],[98.39743001400018,9.744684860000064],[98.39747416300014,9.74459656300013],[98.39747496500007,9.744566839000129],[98.39747906800011,9.74441506300019],[98.39746925700013,9.74424827900009],[98.39749868900009,9.744145265999975],[98.39753302700007,9.744032442000048],[98.39762623000007,9.743939239999975],[98.3977085210002,9.743885993000106],[98.3977096210001,9.743885280000143],[98.39771184300014,9.74388536000015],[98.3978469720002,9.743890186000044],[98.39857297100014,9.743953956000155],[98.39936274000019,9.744022632000167],[98.399931766,9.744106023000029],[98.40056150400011,9.744314410000129],[98.4012807490002,9.744552415000044],[98.402624829,9.745121440000105],[98.40285751400017,9.745231966],[98.40399833900017,9.745773857000188],[98.40449744000011,9.74603548400006],[98.40460660800011,9.746092709000095],[98.40464991200014,9.74612375700002],[98.40486659400011,9.746279113000071],[98.40501866200009,9.746377222000092],[98.40512167500003,9.746504761999972],[98.4052001610001,9.746710787999973],[98.40530808000005,9.746946248000086],[98.40546995800014,9.747171895000065],[98.40562202500018,9.747328868000125],[98.40584276800007,9.747515273000033],[98.4066129150001,9.74823146100016],[98.40664234700006,9.748285421000162],[98.40664725300013,9.748403150000058],[98.40661782100017,9.748530691000042],[98.40655405000012,9.748692568000024],[98.40646575300019,9.748854446000053],[98.40639217200004,9.748986892],[98.40639217300014,9.749143865000121],[98.40639217200004,9.749286121000182],[98.40642651000007,9.749433283000087],[98.4065099010001,9.749575539000148],[98.40660801000013,9.749688364000178],[98.40665054400012,9.749740790000033],[98.40666657400004,9.749760548000097],[98.4068189410001,9.749948350000182],[98.40702987300017,9.75018871400016],[98.40718194100015,9.750429079000071],[98.40727023800008,9.750610579000181],[98.4073094810002,9.750855848000128],[98.40735853500018,9.751061875],[98.40736834600017,9.751189415000113],[98.40746645400014,9.751400347000128],[98.4074811700001,9.751625995000154],[98.40749588600005,9.751832022000087],[98.40745173700009,9.75201842700011],[98.40736834600017,9.752145967],[98.4071966570001,9.752195020999977],[98.40713288700016,9.752229359000182],[98.40710719000009,9.752242208000098],[98.40704459000005,9.752273507999973],[98.40691207499998,9.752323201000138],[98.40688761700011,9.752332372000069],[98.40679441500004,9.75239123700004],[98.40676498300007,9.752469724000093],[98.4068434690002,9.752621791000138],[98.4068951540001,9.75265624800005],[98.40693176600013,9.752680655],[98.40703477900018,9.752788573999965],[98.40718194100015,9.752960263000091],[98.4073052130002,9.753264334000107],[98.40751020500011,9.753649471000074],[98.40787902100004,9.75461315200016],[98.40824783700003,9.755541142000027],[98.40851277000019,9.756840748000059],[98.4086491450002,9.75772193400013],[98.40885370500007,9.75905944800013],[98.40892189200014,9.760087499],[98.4089299480001,9.760506407000037],[98.40893762800016,9.760905742000148],[98.40887993100011,9.761362070000075],[98.40874880200016,9.761865605000082],[98.40870886800008,9.761929029000157],[98.40857046700006,9.762148844000137],[98.40836066100013,9.762557966000088],[98.40812987400011,9.762856939000187],[98.40779942900008,9.763297532000138],[98.407500455,9.763596506],[98.40709657800005,9.763916460000189],[98.40680809500009,9.764152492],[98.40660353400011,9.764288866000129],[98.40641995400006,9.764461956000048],[98.40624161900013,9.76455112400015],[98.40600034200014,9.764650782000047],[98.40586396800006,9.764656027],[98.40570136800011,9.764656027],[98.40551254300004,9.764598330000126],[98.40533420800011,9.764509162000024],[98.40516111700009,9.76439376899998],[98.40500376200009,9.764252150000061],[98.4048831240001,9.764105285000085],[98.40475199500014,9.763963667000098],[98.40454218900004,9.76382729300019],[98.40443204100012,9.763759106000123],[98.40427993100019,9.76369091800018],[98.40407012500003,9.763606996000021],[98.4038603190001,9.763523074000148],[98.4035823260001,9.763470622000057],[98.40323090000015,9.763454887000137],[98.40295815300004,9.763439151000057],[98.40266442400019,9.763349984000058],[98.40243888300006,9.763271306000092],[98.40209270200012,9.763218855000105],[98.40186716100004,9.763218855000105],[98.40164161900003,9.763250326000161],[98.4014947550001,9.763386698999966],[98.40122200700011,9.763544054000135],[98.40100695600017,9.763664693000067],[98.40075518800012,9.76376435000003],[98.4005646650001,9.763886830000047],[98.40054180700014,9.763901524],[98.400534892,9.763905970000053],[98.40051019500004,9.763933137000095],[98.40037753700005,9.764079060000142],[98.40035073800004,9.764127300000041],[98.40032508600007,9.764173472000152],[98.40030410500003,9.764330828000027],[98.40030680800015,9.764337186000034],[98.4003932720002,9.764540634000127],[98.40052964600011,9.7649917170001],[98.4010489170002,9.765579173],[98.40169407100007,9.766056483000057],[98.40231299900012,9.766381682000087],[98.40332235400007,9.767141014],[98.40373875900013,9.767616906000114],[98.40411947300004,9.768259360000172],[98.40440500900002,9.76861628000006],[98.404666749,9.768889918000127],[98.40529730600008,9.769246837000082],[98.40602304200007,9.769460988000105],[98.40683205800002,9.76975842100012],[98.40747451300018,9.770079648000149],[98.40779574000004,9.77036518300008],[98.40784332900012,9.770603129000051],[98.40784332900012,9.770912460000147],[98.40797419900014,9.77101953500005],[98.40810507000003,9.771043330000111],[98.40821214599998,9.77101953500005],[98.40830732500018,9.770888664000097],[98.40839060500014,9.770805383000095],[98.40855716800013,9.770817281000177],[98.40860475700009,9.770900562000065],[98.408509579,9.771102816000052],[98.40852147600003,9.771328865000044],[98.40864044900019,9.771400249000067],[98.40884270300006,9.771352660000161],[98.40900926600006,9.77111471400002],[98.40912823800011,9.770852973000103],[98.40941377400014,9.770567437000125],[98.40977069200017,9.770400875000178],[98.41025848200002,9.770377081000163],[98.41080575800004,9.770436568000036],[98.41147200700016,9.77063882200008],[98.4119122080001,9.77101953500005],[98.41229292200012,9.77136455700014],[98.41239999800013,9.771626298000058],[98.41242379200014,9.771947525000087],[98.41260225100007,9.77216167600011],[98.4129710680001,9.772363931000086],[98.4130371820001,9.772446233000096],[98.41308962400018,9.772541863000015],[98.41336417400015,9.773137236000025],[98.41354309400003,9.77371410000012],[98.41369425099998,9.77427245400014],[98.41383762000004,9.774828921999983],[98.41387625600004,9.774978880000162],[98.41397805600013,9.775262685000087],[98.41409219400015,9.775534150000112],[98.41414463700016,9.775919754000029],[98.4142125030001,9.776126438000063],[98.41429579400011,9.776296104000096],[98.4143513200001,9.776391734000185],[98.41443769500006,9.776471940000079],[98.41454875000011,9.77657990900019],[98.414619701,9.776620012000024],[98.41464023900011,9.776623815000107],[98.41470299100018,9.776635435000173],[98.41491276,9.77679584700013],[98.41494977800005,9.776885307000043],[98.4149587920001,9.776891903999967],[98.41507625600002,9.776977852000186],[98.41520890400017,9.77701795500019],[98.41534155200014,9.77701795500019],[98.41545260600009,9.776977853000062],[98.4154667310001,9.776963726000076],[98.41550813300017,9.7769223250001],[98.4155698290001,9.776820526000108],[98.4156213330001,9.776726607000057],[98.41562227100019,9.77672489600019],[98.4156284410002,9.776638521000052],[98.41560684700016,9.776515127000152],[98.41554823600018,9.776342376000173],[98.41555132000008,9.776231323000104],[98.41558525400006,9.776120268999989],[98.4156685440002,9.77601538500005],[98.41581483400006,9.775851694999972],[98.41581760800011,9.775828114000092],[98.41583621800004,9.77566992100003],[98.41576137100014,9.775284986999964],[98.41553682500006,9.774953515999982],[98.41542990000016,9.77452581200015],[98.41545128500007,9.773467243000027],[98.4153764360002,9.773093002000053],[98.41526951100013,9.772782917000086],[98.41521604700017,9.772526294000102],[98.41517327700018,9.77219482300012],[98.41523743300013,9.771596037000108],[98.41526951100013,9.771104177000097],[98.41504496500005,9.770419850000053]]],[[[98.44670662000004,9.778134321000039],[98.44646756700007,9.77813393200006],[98.44617537100004,9.778146628000059],[98.44584311500012,9.778290994000088],[98.44559036700014,9.778540879000104],[98.44541726000011,9.778817239000034],[98.44524397900011,9.779198988000076],[98.44519026500006,9.779554581000127],[98.44507039200005,9.77976516300015],[98.444937256,9.779962544000057],[98.44477758200014,9.780146715000058],[98.44461786000005,9.780357225999978],[98.44452421900002,9.780765449000114],[98.44456324900005,9.78125293000005],[98.44476193900016,9.781569414000103],[98.44488107000018,9.78180673300011],[98.44492061000005,9.781991223000091],[98.44505298000018,9.782254913000088],[98.44507919200004,9.782465728000034],[98.44513183200013,9.782755630000054],[98.44514472000014,9.782992774000093],[98.44523729400015,9.78323004400005],[98.44535634200008,9.783520054000064],[98.44548875800018,9.783757392000155],[98.44570087800014,9.78398168800004],[98.44595284600001,9.784206045000019],[98.44623130900004,9.78446996800011],[98.44656289500017,9.784733976000098],[98.44717301100019,9.785222388000022],[98.44798208400005,9.78586919900016],[98.44849127900017,9.7862590310001],[98.44892377600019,9.786634789000118],[98.44920237400015,9.786819669000124],[98.44946795099997,9.786846444000105],[98.44972031400016,9.786833682000122],[98.44987979000007,9.78676807],[98.44993330600005,9.786531037000032],[98.44993380500017,9.78622805000009],[98.44988122100006,9.785898626],[98.44966920400003,9.785608467000088],[98.44948370500003,9.785344697000085],[98.4493780430002,9.78498884600009],[98.44932580800003,9.784448648000136],[98.4493263290002,9.784132489000172],[98.44932691500003,9.783776805000059],[98.44907583600013,9.783012341000017],[98.44885142700014,9.782182049000085],[98.44858692200017,9.781509775000075],[98.44841496200019,9.78108794600007],[98.44791162000007,9.780283552000128],[98.44759405400009,9.779571666000038],[98.44744870600016,9.779123535000167],[98.44744911900011,9.778873243000078],[98.44742081700008,9.778712601000109],[98.44741827400014,9.778698181000152],[98.4474096470002,9.778649228000063],[98.4473804810001,9.77862019800017],[98.44734342000015,9.778543733000163],[98.44718428900006,9.778398566000135],[98.44709147900016,9.778306204000103],[98.44689244000017,9.778200493000156],[98.44670662000004,9.778134321000039]]],[[[98.45807584300007,9.863025406000133],[98.45845017800002,9.862704091000126],[98.45852461300007,9.862640200000044],[98.45885510100004,9.862465307000093],[98.45949249800015,9.862115489000075],[98.45989370700005,9.861964096000065],[98.46038928100018,9.86180116700018],[98.4612623430001,9.86156866400006],[98.46209981800001,9.861464746000138],[98.46299614200012,9.861431088000018],[98.46382163100014,9.861444099000153],[98.46429197000003,9.861467598000047],[98.46439118100017,9.861492361000046],[98.46497964200012,9.861639245000106],[98.46539839000013,9.861743766000131],[98.4659938530001,9.862040199999967],[98.46700585900015,9.862721423000096],[98.46774950900004,9.863520416000085],[98.4683144710001,9.864260030000139],[98.46870089200019,9.864851614999964],[98.4690277150001,9.865443109000068],[98.46917566200017,9.866093413000044],[98.4694430780001,9.866566619000139],[98.4695613720001,9.86712823400012],[98.46962021100012,9.867601107000098],[98.46958894900018,9.868517071000042],[98.46964769100009,9.869049044000064],[98.46994458400002,9.869729133000135],[98.47045024600015,9.870291362000046],[98.4708964150002,9.870794392000107],[98.47134244100016,9.871386065000081],[98.47161019700008,9.871652429000108],[98.47196725200007,9.871978026000136],[98.4722949360002,9.872037635000027],[98.47280159800016,9.871979333000183],[98.47298061700013,9.871831865000047],[98.47313007700006,9.871536614000036],[98.47316011100008,9.871388912000043],[98.47319075500013,9.870857084000136],[98.47325138600007,9.870207103999974],[98.47366977200005,9.86943948600009],[98.47429660300014,9.868760837000139],[98.47492348100013,9.868052640000087],[98.47528165900013,9.86766906500003],[98.47543148600016,9.867137418000027],[98.47543214100011,9.866723732000082],[98.4753735270001,9.866103113000122],[98.4753739950001,9.865807627000038],[98.47546390100007,9.865482730000053],[98.47555376300005,9.865187379000076],[98.47555409000017,9.864980537000179],[98.47546525700005,9.864625813000146],[98.47498943700009,9.864034096000125],[98.47478132300012,9.863738283000032],[98.47478188400004,9.863383696000142],[98.4748124300001,9.862910958999976],[98.47475353900012,9.862467637000066],[98.47463500700007,9.862053769000113],[98.47415914300012,9.861491598000043],[98.47395093800003,9.861254878000182],[98.47359356300007,9.861136126000133],[98.47311699500005,9.861017186000083],[98.4727596680001,9.860868885000116],[98.47240238500007,9.860691031000158],[98.47225377900003,9.860454408000066],[98.47198649700016,9.859892560999981],[98.47198729700006,9.859390234000102],[98.47198837800005,9.858710608000024],[98.47198931800011,9.858119632000125],[98.47187873000018,9.85691449400008],[98.47172420700014,9.856198541000083],[98.4715395360002,9.855597572000022],[98.47116099100003,9.854365626],[98.47032989700006,9.852354999],[98.46792544400012,9.84670738],[98.46682646700003,9.84454857600008],[98.46563821100017,9.842330533000165],[98.46489684700009,9.840142742000069],[98.46466129400005,9.838398982],[98.464634021,9.83683284700004],[98.46472460000012,9.836088357000051],[98.46472540000019,9.835591045000115],[98.46472573200003,9.835385098000074],[98.46481592500015,9.834882912000069],[98.46502539000016,9.834321814000191],[98.46550295800006,9.833790689000011],[98.46601003500018,9.833436899000048],[98.46642782300012,9.833023876000084],[98.46684527600013,9.832817691000173],[98.46735225300006,9.832523],[98.46756114599998,9.832316485999968],[98.46779992400002,9.83205092300011],[98.46791962300011,9.83172607199998],[98.46792009500012,9.831430582000053],[98.46792056800007,9.831135097000015],[98.46792132400014,9.830662313000175],[98.46804144400011,9.830071524000061],[98.46822096600005,9.829599025000107],[98.4684004840002,9.829126521000092],[98.46840156899998,9.828446899000028],[98.46873175500014,9.82691087100011],[98.4688534300002,9.825344970000117],[98.46888412300012,9.82478358800006],[98.46879582400004,9.824103825],[98.46840944700011,9.823512241000117],[98.46796325200006,9.823068305000163],[98.4675765520002,9.822683561000076],[98.46716133100006,9.82150094800005],[98.46680617600009,9.82002294400013],[98.46621220500003,9.818840054000134],[98.46577340300013,9.818075630000124],[98.46526147700007,9.817183810000074],[98.46478559700012,9.816680729000097],[98.46448889900012,9.815911987999982],[98.46419220400014,9.815143246000162],[98.46416331500018,9.814581771000178],[98.46419386600013,9.814109034000012],[98.46419457800016,9.813665801000013],[98.46404628200014,9.81325188400018],[98.46377862500015,9.81295597000019],[98.46330227600004,9.812748373000147],[98.46288536500009,9.812629518],[98.4625578400001,9.812510803000066],[98.46220066300015,9.812303392000047],[98.46196232000005,9.812303014000179],[98.46166420600008,9.812420737000025],[98.46160414300016,9.812716132000048],[98.4616036650001,9.813011619000065],[98.46160314100007,9.813336655000171],[98.4616025200001,9.81372079300013],[98.46160185200006,9.814134477000096],[98.46157153500013,9.814459469000155],[98.46121306300012,9.815049876000046],[98.46088477200004,9.815403940000067],[98.46055686000011,9.8155216130001],[98.46016950200004,9.81555054800009],[98.45984149300017,9.815727316000164],[98.45951319700015,9.816081378000149],[98.45948273400006,9.81649501600009],[98.45927360800016,9.816849268000112],[98.4588262800001,9.817114495999988],[98.45825978200008,9.817379530000096],[98.45778304800007,9.81740831500008],[98.4573957360002,9.817407695000043],[98.45671054700006,9.817377049000129],[98.45617427200006,9.817376187999969],[98.45560849500004,9.817197989000078],[98.4554002320001,9.81702035900014],[98.45513267700011,9.816665343000068],[98.45477603300009,9.816132890000176],[98.45456888500019,9.81527563600008],[98.45415429900015,9.813738427000033],[98.45382812900016,9.812792340000158],[98.45356101600015,9.812171380000109],[98.453472363,9.811728003000098],[98.45329457500009,9.811136742000144],[98.45320641200016,9.810397876000081],[98.4532078650002,9.809511410000141],[98.45332781000008,9.80903882299998],[98.45350714100005,9.808684522000078],[98.4536569280001,9.808182434000116],[98.45365794500009,9.807561908000082],[98.45365876699998,9.807059579],[98.45359980900008,9.806675348000113],[98.45324303300004,9.806231539000066],[98.45294588700017,9.805758278999974],[98.45270823000016,9.805344209],[98.45259008100004,9.80472349500019],[98.45262060000016,9.804280310000024],[98.45271109000004,9.80360083300019],[98.45294990700012,9.803305728],[98.45330789100012,9.803010813000071],[98.45339746200011,9.802892763000045],[98.45395100000013,9.802573689000099],[98.45423692700007,9.802479714000071],[98.45444594300011,9.802273292000052],[98.45452507900006,9.802173725000046],[98.45468000300014,9.801978812000186],[98.45474025800002,9.801565223000182],[98.45465155900007,9.801151393000055],[98.45435422500015,9.800796330000026],[98.45396756600007,9.800411575000112],[98.45349167400013,9.799938022999982],[98.45313548500002,9.799139629000024],[98.45301748200012,9.798430267000128],[98.45301830500011,9.797927936000065],[98.45310845300014,9.797455299000092],[98.45355594500018,9.79707188000009],[98.45403294500005,9.796865809000167],[98.45516549100012,9.796572139000034],[98.45547654200004,9.796371637000163],[98.45574607500004,9.796197899000163],[98.45585140700007,9.796130005000066],[98.4560309740001,9.795627959000058],[98.45603227300012,9.794830140000045],[98.45588495700014,9.793825242000025],[98.45544054500016,9.792317533000073],[98.45484656400015,9.791193721000184],[98.45425191000015,9.790483595000069],[98.4533891430001,9.789773030000163],[98.4527639260001,9.789535632000025],[98.45204905300005,9.789475385000117],[98.45163164600007,9.789681550000012],[98.45109459100013,9.790183015000025],[98.45073574600019,9.791009803000065],[98.45052599600007,9.791748188000156],[98.45046578500012,9.792132224000113],[98.45046515400014,9.792516361000025],[98.45043453700004,9.793018645000188],[98.45034463000013,9.793343538000158],[98.44992687600006,9.793756543000143],[98.44971829100012,9.793785753000066],[98.44938986,9.79422845800002],[98.44927016200006,9.79455329800004],[98.44926933400018,9.795055630000036],[98.44917898500006,9.795646460000114],[98.448789997,9.796680042000162],[98.44777465300007,9.798155834000056],[98.44693893300018,9.799100041000145],[98.44634247200014,9.79948320200009],[98.44568671900015,9.799688974000105],[98.44518040900016,9.79959950000017],[98.44461481600018,9.799332636000088],[98.44437707800006,9.798977661000094],[98.4439903780002,9.798622438000109],[98.4436630720001,9.798385512000038],[98.44336535600019,9.79826682800018],[98.4429482760001,9.798266144000138],[98.44262057300011,9.798265606000086],[98.44223378300006,9.797969484000078],[98.4419660060002,9.797762202000172],[98.44157902000018,9.797584270000016],[98.4411918300001,9.797524534000047],[98.44077475800003,9.797523847000093],[98.44041746300007,9.797405067000057],[98.44009000400007,9.797256781000044],[98.43967312900014,9.797137898000017],[98.43922606400014,9.797255355000061],[98.43874915500004,9.797402312999964],[98.43845119600019,9.797431369000094],[98.43818282500007,9.797578666000106],[98.43806316800004,9.797873959000128],[98.43803307700011,9.798051199000042],[98.43788382200012,9.798228247000111],[98.43764519100017,9.798405146999983],[98.43734718200011,9.798463749000064],[98.43728749900009,9.798522749000142],[98.43707871000015,9.798670146000177],[98.43698913999998,9.798788192000188],[98.43695915100011,9.798906337000062],[98.43695895700006,9.799021574000108],[98.43668953200006,9.799792355000022],[98.43636112700017,9.800205494000181],[98.43579394300014,9.800884175000135],[98.43510779200011,9.801444460000027],[98.43477948500004,9.80179849800004],[98.43462992400003,9.802152839000087],[98.43442083700006,9.80247752200006],[98.43424138400019,9.802890908000165],[98.43388318600006,9.803303995000135],[98.43340576700007,9.803746430000047],[98.43307740600017,9.804130018000023],[98.43286801000005,9.804631994000147],[98.43283741600004,9.805104723999989],[98.43283656200015,9.805607054000177],[98.43283580900015,9.806050285000026],[98.43286504700012,9.806375371000058],[98.43295391800007,9.806671008000137],[98.4331616610001,9.807144135000101],[98.43333965900013,9.807587664000096],[98.43342818200006,9.808090140000104],[98.4334273290001,9.808592470000121],[98.43339618300018,9.809390235000137],[98.43339543000019,9.809833464000121],[98.43339482700003,9.810188053000047],[98.43348369900013,9.810483686999987],[98.43363221100014,9.810749876000102],[98.43369124200018,9.81107500800016],[98.43369038900016,9.811577338000177],[98.43368988800006,9.811872826000126],[98.43351063400013,9.81216801200003],[98.43333142600005,9.812433654000131],[98.433092784,9.812610545000098],[98.43291377700007,9.812757994000151],[98.43264539500007,9.812905286000102],[98.43219805600006,9.813170478000188],[98.43189957500016,9.8134950110001],[98.43169001800015,9.814085637000119],[98.43165916900017,9.814706108000053],[98.43165811100005,9.815326633000154],[98.4317156840001,9.816508681000073],[98.43171487800004,9.816981460000022],[98.43171417200017,9.817395143000056],[98.43171331600013,9.817897468000126],[98.43165297100018,9.818340599000123],[98.4315629370002,9.818724582000186],[98.43132403900012,9.819049219000135],[98.43108508900008,9.819403402000034],[98.43079369200007,9.81999264700005],[98.43067142500013,9.820239883000056],[98.4305359710001,9.8208660680001],[98.43045630200004,9.821234366],[98.43047339000003,9.821376200000032],[98.43055567300013,9.822059153000112],[98.43057380800013,9.822209674000078],[98.43084068800005,9.822948843],[98.43137555700014,9.823777109000162],[98.43176226500015,9.824132342000155],[98.43191658000006,9.824231098000155],[98.43259537600005,9.824783814000057],[98.43304157600005,9.82519824100018],[98.43307086500005,9.825493779000112],[98.4330702110002,9.825877909000098],[98.43298047600013,9.826084601000105],[98.43280111400003,9.826438889000144],[98.43259220400017,9.826645376999977],[98.43226402,9.826910767000072],[98.43211484700004,9.827028712000185],[98.43178676300005,9.827235005000091],[98.43148842400012,9.827470891000075],[98.4314287850001,9.82750033900004],[98.43122007600016,9.827588636000144],[98.43107085500014,9.82773612699998],[98.43098101900017,9.828001919000144],[98.43092092800009,9.828297301000077],[98.43092052400004,9.828533696000022],[98.4309200190001,9.828829178000092],[98.43091926100004,9.829272408000179],[98.43112706200009,9.829715988000146],[98.43166259200018,9.830160120000073],[98.43228741200016,9.830663500000185],[98.43294263000001,9.83081234000008],[98.43377681300007,9.830843290000132],[98.43481975800012,9.830756386000076],[98.43544543200017,9.830757431000052],[98.43598172700007,9.830758325000147],[98.43636880200017,9.83090671300016],[98.43675547300012,9.831291489000023],[98.43714220000004,9.831646721000084],[98.4375291730002,9.831854207000049],[98.43797598700019,9.83191404500019],[98.43827387900018,9.831944090000093],[98.43872079300019,9.831944832000147],[98.4390783230001,9.831945425000129],[98.43949539200008,9.83197566500013],[98.44003118900008,9.832272038000042],[98.4406559250001,9.832834498000068],[98.441340003,9.83354480100013],[98.4418143360001,9.834963927000103],[98.44187144400018,9.83644146000006],[98.44186658100006,9.836583596000082],[98.44178017400009,9.837564162000035],[98.44163030900006,9.838095793000093],[98.44139135600011,9.838449983000089],[98.44124188700005,9.838745226000071],[98.44106242100014,9.839158614000155],[98.44103227900013,9.839365405000137],[98.44103188200017,9.839601794999965],[98.44103143500007,9.83986773100014],[98.44103108700006,9.840074573000038],[98.4411199720002,9.840370209000127],[98.44144662400004,9.841020823000122],[98.44144523400013,9.841848184000128],[98.44144359600017,9.842823292000162],[98.44138147500007,9.844330179000053],[98.4408728640002,9.845570384999974],[98.44063305900016,9.846426902000076],[98.44051248400018,9.847254067000051],[98.44030192200017,9.848435671000118],[98.43979290700008,9.849912262000146],[98.4391354510002,9.851063572000044],[98.4385680800001,9.851801349000027],[98.4379412630002,9.852450378000185],[98.43767254900013,9.85277496700013],[98.43734449300018,9.852951715000188],[98.43707607400006,9.85309901000005],[98.43680736000005,9.853423598000063],[98.43664610100012,9.853636081000161],[98.43652329399998,9.854187281000122],[98.43635785900005,9.854929836000167],[98.43635615300013,9.855934488000173],[98.43650342800015,9.856939391000083],[98.43724648700004,9.858033934000161],[98.43840660000006,9.859188266000103],[98.43882295500009,9.859661742000185],[98.43941803900015,9.860165058000064],[98.43992403700008,9.86049093400004],[98.44043003600012,9.860816810000188],[98.44084678900003,9.861053890000107],[98.44132289400011,9.861438816000145],[98.441501227,9.861705047000044],[98.44164981100005,9.861941682000179],[98.4416792620001,9.862148573000127],[98.44170861000003,9.862414562000026],[98.4418275000001,9.862592049000057],[98.442065631,9.8627401870001],[98.4423336540001,9.86282927600007],[98.44254223299998,9.862829621],[98.44278061000011,9.862830015000043],[98.44313822100014,9.862801057000127],[98.44343629200017,9.862742451000088],[98.44358532400008,9.862713149000172],[98.4437641080001,9.862713443000189],[98.44412167100012,9.862714033000032],[98.44444894500003,9.863010061000011],[98.44450774300009,9.863482938000175],[98.44450690200011,9.863985266000157],[98.4447149880001,9.864281093000045],[98.44498272100014,9.864547476000155],[98.4453696860001,9.864784503000124],[98.44578630600012,9.865110223000045],[98.44620272700018,9.865554140000086],[98.4464702100002,9.86596826200008],[98.44673784500003,9.86629373400001],[98.44694563400009,9.866766858000062],[98.44697430200017,9.867446525000105],[98.44698058800014,9.867699390000155],[98.44699331500004,9.868211121000115],[98.44699350600018,9.86821158700019],[98.44720517700017,9.868574472999967],[98.44744043700013,9.868937397000025],[98.44780555900013,9.86921867100017],[98.44807651400004,9.869394536000073],[98.44840598300004,9.869839475000049],[98.4487584210001,9.87065868600007],[98.44898190999999,9.871009896000146],[98.44915840300013,9.87125577200004],[98.44937015600016,9.871571879000044],[98.4495113100001,9.871794309000109],[98.44969961500016,9.872028509000131],[98.44975827200011,9.872215722000078],[98.44984037600017,9.872484837000059],[98.44991082700005,9.872672067999986],[98.4500756440001,9.872847760000184],[98.45025209500005,9.873117027000148],[98.45027510400007,9.873467906000144],[98.4502745220002,9.873818749000122],[98.45034485100007,9.874076146],[98.45053321700004,9.874275264000119],[98.45069809300014,9.874415873000146],[98.450957318,9.874556630000143],[98.45132289600008,9.87456892400013],[98.45165311100016,9.874569461000078],[98.45192445900005,9.874511427000073],[98.45229024800017,9.874395076000098],[98.45317560500018,9.873881940000103],[98.45388427000012,9.873239880000085],[98.45422700900014,9.872796033000043],[98.45443979400005,9.872492315000159],[98.45457000000016,9.872200155000144],[98.45445239500009,9.87200115500002],[98.45440537300016,9.871907522000186],[98.45427584100008,9.871790360000091],[98.45408728199999,9.87170819500011],[98.4536748820002,9.871485326000027],[98.4535454990002,9.871274607000089],[98.4534517890001,9.870888530000059],[98.45344065300009,9.870490888],[98.45344127000004,9.87011665700004],[98.45347730700007,9.869719094000118],[98.45359606800002,9.869216412000071],[98.45372633200014,9.868889167000077],[98.45382123700011,9.86855017500011],[98.45408165200007,9.867965858000161],[98.4541074760001,9.867927584000029],[98.45427583300005,9.867540979000125],[98.45440124300012,9.867252991999976],[98.45456690600008,9.866914114],[98.45515829400017,9.865862541000126],[98.45603259900014,9.864881591000142],[98.45737907900013,9.863620723999986],[98.45771689100002,9.863341267000067],[98.45807584300007,9.863025406000133]]],[[[98.51556557300006,9.904656038000155],[98.51560617300004,9.904495903000111],[98.51566958400008,9.904245797000044],[98.51566960900016,9.904228598000145],[98.5156698240001,9.904227804000072],[98.51567027500005,9.903920270000185],[98.51560186700004,9.903544836000037],[98.51553325000015,9.903271154000151],[98.51553342600016,9.903151758000035],[98.51560255800018,9.902946708000115],[98.51598200300003,9.902708708000148],[98.51620112400013,9.90270902400016],[98.51629244800006,9.902709155000082],[98.51660258900006,9.902675660000057],[98.51684416700016,9.90257314000013],[98.51691110300004,9.902506971000037],[98.517154802,9.902266072000089],[98.517154828,9.902248216000032],[98.51715497700013,9.902248059000101],[98.51715552700017,9.901871613000083],[98.51701805000005,9.901529993000054],[98.51688031200007,9.901392986000133],[98.51657027900006,9.90132357200008],[98.51629458500014,9.901358247000019],[98.51598397800012,9.901494572000047],[98.51563920800004,9.901595850000092],[98.515294429,9.901493578000157],[98.51501907600004,9.901321337000184],[98.51481232300011,9.901185378000037],[98.51453693400015,9.90101316199997],[98.51412344800019,9.900910792000047],[98.51384778700003,9.900739695000027],[98.51382926500008,9.900715095000123],[98.51364154600014,9.900465816000178],[98.51346973700004,9.900055176000137],[98.51336645700019,9.899918227000057],[98.51329759500015,9.899815234000187],[98.51309095000005,9.899814935000052],[98.51267685400006,9.899951144000056],[98.5124699810001,9.900087616000178],[98.51222850300019,9.900121199000182],[98.51181495700007,9.900086665000174],[98.5116079120001,9.900155350999967],[98.51143555900012,9.900290752999979],[98.51119398100019,9.900393277000148],[98.51078035500007,9.900392675000091],[98.51036681700015,9.900358176000168],[98.51005657700006,9.900254850000124],[98.5098500970002,9.900117739000052],[98.50960887400004,9.899980577000065],[98.50926434300004,9.899946179000096],[98.50891956900011,9.899842800000158],[98.50860958500004,9.899740591000125],[98.50833398200007,9.89974018800018],[98.50785083000005,9.899910195000132],[98.50771275500011,9.90018356500019],[98.50763488300004,9.900356477000116],[98.50757435900005,9.90049086700003],[98.50757627299998,9.900504437999984],[98.50757418300003,9.900508835000096],[98.50760826400005,9.900748615000055],[98.50778054200015,9.900850586000047],[98.50847490000018,9.900726385000155],[98.50853898100007,9.900714924],[98.50861395000015,9.900730259000113],[98.50871138800005,9.900750230000085],[98.50891783900016,9.900886193000076],[98.5089806260001,9.90112433000013],[98.50908933200003,9.901536545000056],[98.509088926,9.901810088000047],[98.50912304200017,9.902083721],[98.50919156800018,9.902357439000127],[98.50929493500013,9.90245935300004],[98.50936084500006,9.902689613000064],[98.50929446100008,9.902885635000132],[98.50915612900019,9.903125089000014],[98.50891428400013,9.903398317999972],[98.50877610700019,9.90373955399997],[98.50877608100018,9.903757235000114],[98.50877593200005,9.903757558000052],[98.50877542400019,9.904099015000156],[98.50898180100012,9.904305058000034],[98.50939530100004,9.90454420900005],[98.51004996100005,9.904614095000113],[98.5105670860001,9.90458102600013],[98.51125645300004,9.904683720000094],[98.51136242900009,9.904762986000094],[98.5113942750001,9.904786805000015],[98.511477271,9.904786926000156],[98.51160092300012,9.904787106000128],[98.51165017900013,9.904801139000142],[98.51208354600016,9.904924617000063],[98.51277242600014,9.905199197000059],[98.51322023100016,9.905404476000058],[98.51346125900005,9.905678407000096],[98.51370178900004,9.906055220999974],[98.51377532700008,9.906098985000085],[98.51404647000004,9.906260350000025],[98.51442555800014,9.906294831000082],[98.5148047400001,9.90622754900005],[98.51508077000017,9.906125036],[98.51521898400006,9.905988462999971],[98.51528795700017,9.905783933000123],[98.51528798300018,9.905766372000187],[98.51528815900019,9.905765893000023],[98.51528861100007,9.905458368000097],[98.51526390600009,9.90520709000009],[98.51525644600014,9.905131210000036],[98.51534133600006,9.905000722000068],[98.51556557300006,9.904656038000155]]],[[[98.48526337300018,9.913703362000149],[98.48546014000004,9.913687407000168],[98.4857060600001,9.913687784000103],[98.48592739400016,9.913688123000043],[98.48609953800019,9.91368838600016],[98.48637004199998,9.91369692800015],[98.48657498000006,9.91369724100008],[98.48677989300006,9.913713811000036],[98.48701758400011,9.913738558000034],[98.48718153300007,9.913738808000062],[98.48741923400013,9.913755428],[98.4877143430001,9.913755879000178],[98.48809962500019,9.913756467000042],[98.48849311600014,9.913748937000094],[98.4886761190001,9.913741658000106],[98.48888661900014,9.913733283000056],[98.48922275400014,9.913709411000013],[98.48944417200016,9.913652851000165],[98.48973949600008,9.913515125000117],[98.48981589100009,9.913473376000127],[98.4898589450001,9.913449844000127],[98.49046171200013,9.912971653999989],[98.49102812700005,9.91246045600019],[98.4915292010001,9.911794724000174],[98.49175939200006,9.91136429800008],[98.49185002600007,9.91106369900018],[98.49187528100015,9.910632958000122],[98.49188445400011,9.909999],[98.49186817600014,9.909853199],[98.49183128200013,9.909522737000032],[98.49177905100015,9.909242941000116],[98.49164885800013,9.908616897000059],[98.49139615500007,9.907698064000101],[98.49093081000007,9.906461913999976],[98.49045706200013,9.9053639280001],[98.49011376900006,9.904721303000144],[98.48997034700005,9.904515214000014],[98.48989293100004,9.90440398000004],[98.48974871000013,9.904236119000132],[98.48946736700003,9.903956300000175],[98.48882906400007,9.903256329000044],[98.48833021800016,9.902491546000078],[98.48788859100011,9.901832515000024],[98.48759427400006,9.90132813300005],[98.48719379500005,9.900563502000068],[98.4871107730001,9.900425816000052],[98.4870629720001,9.900346543000182],[98.48667049500006,9.899717403000182],[98.48609771600019,9.899058166999964],[98.48548401300013,9.8983663570001],[98.48471438200016,9.897788093000031],[98.48354333100013,9.897062912000024],[98.48205232100008,9.896516053000141],[98.48112596800007,9.896257858000183],[98.48047533500016,9.896076515000175],[98.48014315400007,9.896041686000046],[98.47938912900014,9.895975497000165],[98.4786433050001,9.895909317000019],[98.47804506300014,9.895818982000094],[98.47747141400004,9.895728684000119],[98.47700427000007,9.895671064000112],[98.47657815800017,9.895589120000068],[98.4758404800001,9.89555546000014],[98.47556995100018,9.895571292000056],[98.47524205000013,9.895587038000087],[98.47468852500009,9.89561361300008],[98.47453698500016,9.895659087000126],[98.4742910220001,9.895691215999989],[98.4739877340001,9.89569074200017],[98.47372543100016,9.895690331000026],[98.47350411100012,9.895689985],[98.47325819900004,9.895689600000082],[98.47299593600007,9.895664805000024],[98.47280745600011,9.89563199700018],[98.47244693000016,9.89554202300019],[98.47215202000007,9.89542777100013],[98.47188996300014,9.895272931000136],[98.47172620700007,9.895158884000011],[98.47155426200015,9.895036693000122],[98.4714580440002,9.894861671000058],[98.47131735700003,9.89453239200003],[98.47120288400004,9.894353397999964],[98.47108841400018,9.894174404000125],[98.4709493380002,9.8940035010001],[98.47079384300002,9.89384882600018],[98.47059745600006,9.893637193000131],[98.47037637200003,9.893490540000187],[98.47017159100005,9.893400814000017],[98.4699585620001,9.893343582000114],[98.4697454910002,9.89331073700015],[98.4696062220001,9.893261746000064],[98.46949979400017,9.893180302000076],[98.46944260900017,9.893058290000113],[98.46936095500013,9.892863095000052],[98.46931237000013,9.892489137000041],[98.46929647500014,9.892180250000138],[98.46923932900006,9.892033860000083],[98.4691984390002,9.891976898000166],[98.46910020500007,9.891895462000036],[98.46900198700013,9.891805905000126],[98.46887093900011,9.891740675000108],[98.46875623400013,9.891707978000113],[98.46859233700013,9.891683336000028],[98.46844480200014,9.89167497700015],[98.46827266900016,9.891674705000128],[98.46802676000016,9.891674316000035],[98.46773144900015,9.891812024000046],[98.46760014600005,9.891909349000173],[98.46748516600013,9.892047340000147],[98.46741110700009,9.892226037000114],[98.46740286900013,9.892326130000129],[98.46739438500015,9.892429208000124],[98.46739399200004,9.892673046000027],[98.46739370400019,9.892851859000189],[98.4673766800002,9.893241969000144],[98.46735572800009,9.893324519000032],[98.4673436860001,9.893371964000153],[98.46727779399998,9.893566927],[98.4672448340001,9.893672538000146],[98.46717086600006,9.893794338000077],[98.46710011200003,9.893899212000065],[98.46708870300006,9.893916125000146],[98.46703941200019,9.893981070999985],[98.466965443,9.894102873000122],[98.46675994200012,9.894460173000027],[98.46673864200017,9.894507190000127],[98.46662009500005,9.894768812000052],[98.46649657800003,9.895118114000013],[98.46642777,9.895284138000079],[98.46634845300014,9.895475506000082],[98.46629878599998,9.895776158000103],[98.46630643500004,9.896117540000091],[98.46630613300016,9.896304481000016],[98.46637951200012,9.896548434000067],[98.46642342900009,9.896648403000086],[98.46643668300015,9.896678571999985],[98.46654305700008,9.896792532000177],[98.46667400300004,9.896922783000036],[98.46678046900018,9.896979848000058],[98.46692792700009,9.897036976000152],[98.46710826200018,9.897037262000026],[98.46732957800003,9.897037613000123],[98.46756733600017,9.89701360600003],[98.46772310100016,9.896997600000077],[98.4679280790001,9.896965411],[98.4680756690002,9.896941261000165],[98.46823140800007,9.896941507000179],[98.46824782500005,9.896942211000066],[98.46842812500006,9.896949949000145],[98.46857293900013,9.896980956000164],[98.46882507400011,9.897099092000133],[98.46897697499998,9.89717026599999],[98.46901865300009,9.897213528],[98.469165196,9.897365636000188],[98.46918134800012,9.89737913100015],[98.46936984600006,9.897536640000112],[98.46945231500007,9.897610039000085],[98.46952536900005,9.897675061000086],[98.4696236040001,9.897756496],[98.46982011000006,9.897894979],[98.4700493540002,9.898066024000059],[98.47031955900007,9.898253391000026],[98.47050781700017,9.898424375000104],[98.47066326200019,9.898611561000166],[98.47090879500013,9.898847659000126],[98.47103972800005,9.898986040000125],[98.4711870270001,9.899140697000064],[98.47139413300016,9.899304308000183],[98.47153901000013,9.899450112000181],[98.47225909400004,9.900239650000117],[98.47237575000008,9.900357685000017],[98.47266056400002,9.900645871000052],[98.47273376300018,9.900719940000045],[98.47324127200011,9.90116776700006],[98.4737401970001,9.90185942200003],[98.47434536300011,9.90275443600018],[98.47460693600016,9.90321813300011],[98.47480066600019,9.903813607000131],[98.4750391130001,9.90464931800011],[98.47514070000011,9.904929627000115],[98.47527899500005,9.905311243000085],[98.47546351100004,9.905820395000092],[98.4758388080001,9.906942633000085],[98.47585456800016,9.907340920000081],[98.47584581800015,9.907690410000043],[98.4757879940002,9.90796666700004],[98.47568122600006,9.908096542000067],[98.47554964199998,9.90836455900012],[98.47554497700003,9.90837189600012],[98.4753889370001,9.908617172000163],[98.47536884800013,9.908648755000172],[98.47536266800017,9.908669063000104],[98.47533842400009,9.908748738000043],[98.47531927700004,9.90889251100009],[98.47531080600015,9.909063186000083],[98.47530548000003,9.909199963000162],[98.47530226000015,9.909282621000045],[98.47525277900002,9.909469485000045],[98.47518692900007,9.909640071000126],[98.4750800270001,9.909851227000047],[98.4749895490001,9.910046157000181],[98.47492358100016,9.910289891000104],[98.47489040200014,9.910533672999975],[98.47489011700003,9.910712486000136],[98.47496334100009,9.911062098000116],[98.47506949000007,9.911322359000053],[98.47525772000017,9.911517720000177],[98.47572452300017,9.9118029280001],[98.476314338,9.912055812000062],[98.47665845700016,9.91216201200018],[98.4770785130001,9.912203304000059],[98.4771174490001,9.91220336400005],[98.4772977930001,9.912203645000147],[98.47755191200008,9.912204041],[98.47779783700014,9.912204424000151],[98.47806011800003,9.912229215000139],[98.47834689700005,9.912310941000158],[98.47864183900015,9.91241706300002],[98.47886299000004,9.912531198000181],[98.47909409100009,9.912688849000176],[98.47914959200011,9.912726710000186],[98.47942794500017,9.912954723000098],[98.47949120400017,9.913005852000026],[98.4796899320001,9.913166452000155],[98.47992723400017,9.913435042000174],[98.48013185000008,9.913638557000013],[98.4803609810001,9.913890876000039],[98.48056556000006,9.914118773000155],[98.4808030050001,9.914297954000176],[98.48097619700019,9.91438005900011],[98.48114704400001,9.914461043000074],[98.48151582800017,9.914526637000165],[98.48211416800012,9.914576328000066],[98.48264694000017,9.914617789000033],[98.48317746600014,9.914594223000051],[98.48377357900017,9.91456774500017],[98.48395053200016,9.914497879000066],[98.48409826800014,9.9143843170001],[98.484196789,9.914286930000117],[98.48431175800005,9.914157064000051],[98.48431203000007,9.914156833000106],[98.48447592200012,9.914019141000097],[98.4845908380002,9.913921781],[98.48495170200005,9.913808544000176],[98.48513212300014,9.913760054000079],[98.48526337300018,9.913703362000149]]],[[[98.52167852800005,9.920643977000054],[98.52154126400006,9.920335154000156],[98.52136972800008,9.919685983000022],[98.52137042200013,9.919207765000067],[98.52133677900008,9.918626638000035],[98.52123386599999,9.918249943000035],[98.52095893500007,9.917737431000091],[98.52071805100007,9.917360641000187],[98.52058056600015,9.917019023000137],[98.52037441000016,9.916676178000102],[98.52013326600007,9.916471185000091],[98.51985794100011,9.91623111500013],[98.51965119700009,9.916094056000077],[98.5195155950002,9.915839453000046],[98.519121364,9.915054301000112],[98.51872685900014,9.914465868000036],[98.51828316600012,9.91378011300003],[98.51778971300007,9.9133870820001],[98.51724656300007,9.913092391000134],[98.51685155100006,9.912846508000143],[98.51640758100012,9.912356349000163],[98.51586449600018,9.912012997000033],[98.51542002400004,9.911865395000063],[98.51502489100011,9.911913439000102],[98.51477752200014,9.91206003100018],[98.51467832600008,9.912255451000021],[98.51452004800018,9.912498315],[98.51441613700018,9.912805678000154],[98.51431248400002,9.912908405],[98.51414031600018,9.912908156000071],[98.51396805200011,9.912771097000018],[98.5137959380001,9.91256509800013],[98.51362382500014,9.912497017000078],[98.5134168830001,9.912496717000067],[98.51327873900004,9.91263329100019],[98.51317510700017,9.912701005000088],[98.51286531,9.912495917000172],[98.5127576430001,9.912228450000157],[98.5127129930001,9.912109831],[98.51265918500013,9.911948420000101],[98.51248725700009,9.911743576],[98.51231547700007,9.911298995000095],[98.51217820700009,9.91081946200012],[98.51200655400004,9.910477811000021],[98.51193834800006,9.909930523000185],[98.5119390550002,9.909452284000167],[98.51190503200013,9.909144702000106],[98.51166424500019,9.908700093000164],[98.51114831500013,9.907947494000155],[98.5108087370001,9.907609806000096],[98.5103911610002,9.907194552000021],[98.51008112300013,9.90695445300014],[98.50973668100005,9.90681714200008],[98.50946078300012,9.906816739000135],[98.50921961199998,9.906816387000106],[98.50894383000008,9.906713117000095],[98.5085303030001,9.906678624000165],[98.50835557500017,9.906678368000144],[98.5083236550002,9.906678322000118],[98.50790930300019,9.906985221000014],[98.50766772500009,9.907258487000092],[98.50756381100007,9.907565809000118],[98.50756378500006,9.907583370000054],[98.50756363500005,9.907583794000061],[98.50756259000019,9.908284297000023],[98.50752132500008,9.908446754000067],[98.50742333400007,9.908791763000124],[98.50732003100012,9.909138006000092],[98.50721617400012,9.90958219600003],[98.50718127100004,9.909855725000057],[98.50718124600007,9.909872543000176],[98.50718106699998,9.909873730000186],[98.50718079800004,9.910078377000161],[98.50724946600008,9.910250295000026],[98.50742152600009,9.91035231100011],[98.5078350240002,9.910421849000159],[98.50811057200008,9.910695869999984],[98.50828230100018,9.911140409000097],[98.50835068900011,9.911549760000128],[98.50859110900012,9.912063377000095],[98.50876321700014,9.912303277000035],[98.50883174500012,9.912575883000045],[98.50910652600004,9.913192417000062],[98.50958787400009,9.914012797000112],[98.50979452800016,9.914218842000025],[98.50996628000013,9.91449156100009],[98.51024184900012,9.914731648000156],[98.51037934600004,9.915039371000148],[98.51044591900012,9.915573369000072],[98.51041097800015,9.915665335000028],[98.5103438540001,9.915842011999985],[98.51034382700004,9.915859684000054],[98.51034367000011,9.915860054000063],[98.51034321400005,9.916167568000105],[98.51051493500017,9.916475332000175],[98.51099739400019,9.916783560000113],[98.51101388100005,9.916796160000104],[98.51144493400011,9.917125613000053],[98.51173494000011,9.917269967000095],[98.51199616700012,9.917399997000018],[98.51210947400017,9.917467881000164],[98.51234050000011,9.917606294000166],[98.51251265700006,9.917811137000115],[98.51275304800015,9.918324761000179],[98.51319865100015,9.920033677000163],[98.51340517500017,9.920307559000094],[98.51361184100006,9.92047856400012],[98.51388744500014,9.920547913000064],[98.51419770000012,9.920479413000123],[98.51450810500012,9.920479862000036],[98.51488686300002,9.920686170000067],[98.51540384800012,9.920823726000094],[98.51578301100011,9.920824274000154],[98.5160242660001,9.920926340000051],[98.51626564500009,9.920995675000029],[98.51664472400012,9.921030110000117],[98.51712754800008,9.920894034000014],[98.51792068800017,9.92062155800005],[98.51843829600017,9.920485527999972],[98.51861031900012,9.920554725000102],[98.51881706100016,9.920759653],[98.51940260800018,9.92110306000012],[98.51985052500004,9.921274409000148],[98.52002278100008,9.921376419000069],[98.5204362980001,9.921412056000065],[98.52064279500007,9.92154912400008],[98.52091858500012,9.921651318000158],[98.52122842000011,9.921891361000064],[98.52143533800017,9.921925581000039],[98.52174581100019,9.921687506000126],[98.52178053700004,9.92151569300006],[98.52177830400012,9.921509577000052],[98.52178071300006,9.921497689000148],[98.52167768500004,9.92122508100016],[98.52164483600006,9.921126780000122],[98.52167796200018,9.920866629000159],[98.52167798600016,9.920850256000165],[98.52167823100012,9.92084862600018],[98.52167852800005,9.920643977000054]]],[[[98.53598322600004,9.917391130000112],[98.53585585100006,9.91736721600006],[98.53578629400005,9.917378418000112],[98.53569366000005,9.91736588100008],[98.535612701,9.917353321000064],[98.53539302300015,9.917294217000176],[98.53524216900007,9.917327942000043],[98.53502175500012,9.917360422000058],[98.53483583200011,9.917415547000076],[98.53462612900012,9.917563374000167],[98.53446053200014,9.917941861000088],[98.53437725300012,9.918171241999971],[98.53429288800015,9.918573618000096],[98.53411529300013,9.918974730000059],[98.53405540300014,9.91920410800003],[98.53405767100014,9.91921277],[98.53405523700013,9.91922215000011],[98.53409102300003,9.919356707000134],[98.53412261100016,9.919475478000095],[98.53421398000017,9.919603347000077],[98.53438686600009,9.919731348000141],[98.53447817200004,9.919870544000105],[98.53451157300003,9.920031118000054],[98.53451994400012,9.920342386000073],[98.5344939650002,9.920726476000027],[98.53448719600004,9.920825317000151],[98.53448057400004,9.920922012000062],[98.53448143000008,9.920924394000053],[98.53448036300011,9.92094001700002],[98.53457091800004,9.921182086000044],[98.53465049800008,9.921343864000107],[98.53467280000012,9.921366409000143],[98.53473112400019,9.921425365000061],[98.53507691700008,9.921623706],[98.53513600800011,9.921633032000102],[98.53530833300005,9.92166022900011],[98.53565888399999,9.92177341300004],[98.53571265,9.921790772000179],[98.53589050700009,9.921979795000084],[98.53589997300014,9.921989856000096],[98.53591929800007,9.922010415000102],[98.53615004800014,9.922115869000152],[98.53645170200008,9.92208460300003],[98.53659117000007,9.922005667000064],[98.53693003200004,9.921686171000147],[98.53710561500009,9.921491962000118],[98.53715437200009,9.921241828000063],[98.53716619900013,9.92118115900007],[98.53716427500012,9.921173635000173],[98.53716635500012,9.921163154999988],[98.53711048400004,9.920944889000054],[98.53703198200009,9.920632736000073],[98.53695276400015,9.92042577300009],[98.5369208950001,9.920177264000074],[98.53693386700007,9.919959861000109],[98.53693343900005,9.919951960000049],[98.53693405200016,9.919941848000121],[98.53691401100019,9.919573263000075],[98.53688639900008,9.919392136000113],[98.53685814400012,9.919186902000035],[98.5368378170001,9.919020317000161],[98.53679344300019,9.918778310000107],[98.53676952500018,9.918645181000045],[98.53676032700008,9.918593963000092],[98.53676201400015,9.918410811],[98.53672962700006,9.918133778000083],[98.53671891200014,9.918053531000112],[98.53666210800009,9.917903085000091],[98.5366055830001,9.917765086000145],[98.53643337500006,9.917579435000164],[98.5362373960001,9.917474028000015],[98.5360986290001,9.91742635300011],[98.53598322600004,9.917391130000112]]],[[[98.48709242600006,9.932805401000167],[98.48737879500004,9.932775956000114],[98.48774046800003,9.932776509000064],[98.48810207300005,9.932821887000102],[98.48846372700012,9.932837379000148],[98.48873498100016,9.93283779400008],[98.48900623600014,9.932838207000032],[98.48926248800007,9.932793775000107],[98.48938309400006,9.932764076000012],[98.48951893300006,9.932629814000109],[98.48960958400016,9.93248054500009],[98.48960979200018,9.932346074000066],[98.48961009300012,9.932151845000078],[98.48967060000007,9.932002524999973],[98.489806483,9.931838384000173],[98.48980673800014,9.931674032000046],[98.48977678400013,9.931554458000107],[98.48962641000014,9.931345056000055],[98.48941562100003,9.931225207000125],[98.4890690410001,9.931209738],[98.48839114000009,9.931059291999986],[98.4875778190002,9.930774173000145],[98.48629808600009,9.930010224000057],[98.48595055600009,9.92974588800007],[98.48531977800013,9.929231793000042],[98.48492857600007,9.928842727000188],[98.48459770000005,9.92842387200011],[98.48422164100015,9.927990010000087],[98.48380025600017,9.927630777000104],[98.48339377900004,9.927376153000182],[98.48298723000005,9.927166354000121],[98.48265591400019,9.92703137300009],[98.48236973600012,9.926941285000055],[98.48199301900013,9.926925766000124],[98.48172177000015,9.926925347000179],[98.481525869,9.926925044000086],[98.48125456900016,9.926954502],[98.4810585510001,9.92702890400011],[98.48084743800013,9.92711822300015],[98.48071153000006,9.927297303000046],[98.48053501200019,9.927552235000178],[98.4801926780001,9.928135326000188],[98.4801676350001,9.928177975999972],[98.47992584200006,9.928610889000026],[98.47978974200015,9.92890949600013],[98.47962348400011,9.929222997000068],[98.47960775200005,9.929641320000087],[98.47951683900004,9.929954937000048],[98.47939590300018,9.93019380700008],[98.47924487900013,9.93040274200007],[98.479063499,9.930746101000125],[98.47906302600006,9.931044919000158],[98.47912250100012,9.931553005000069],[98.47946787500007,9.932330471000114],[98.4797686070001,9.932749285000114],[98.479997271,9.932955550000031],[98.4802667570001,9.933198639000182],[98.48046103600012,9.933243411000149],[98.48068708300008,9.933243762000075],[98.4809280840002,9.933318836000069],[98.48118408100015,9.933438762000094],[98.48137979699999,9.933558594000033],[98.48162063400014,9.93373825599997],[98.48201221300013,9.933888271000058],[98.4822834680001,9.933888691000107],[98.48261500200016,9.933889203000149],[98.48290132700015,9.933889644999965],[98.48315744100017,9.933934866000072],[98.48336811600012,9.934129420000033],[98.48354852900002,9.934398634000104],[98.483653575,9.934682677000069],[98.48389417400011,9.93501174700009],[98.48416508400015,9.935236276000126],[98.48449645500011,9.935341375],[98.48488827100005,9.935341978000167],[98.48523487700015,9.935342511000101],[98.485551343,9.935342996999964],[98.48579265000018,9.93522383900006],[98.48597376600009,9.93504482800006],[98.48618516500005,9.934776217000149],[98.48632121100013,9.93450748400005],[98.48633672300019,9.934223632000169],[98.48633728300001,9.933865050000179],[98.48636800600019,9.933491574000186],[98.48653421700016,9.933207952000146],[98.4868058670001,9.93295437300003],[98.48709242600006,9.932805401000167]]]]}},{"type":"Feature","properties":{"districtCode":"TH8502","provinceCode":"TH-85","nameTh":"อำเภอละอุ่น","shapeName":"La-Un","shapeISO":"TH8502","shapeID":"TH8502","shapeGroup":"THA","shapeType":"ADM2","labelPoint":[98.76037422,10.07242984]},"geometry":{"type":"Polygon","coordinates":[[[98.71891877900009,10.22542020100019],[98.71895778200007,10.225408346000165],[98.71899377900007,10.225408377000065],[98.71904476700007,10.225414365000063],[98.71911973500005,10.225441167000156],[98.71932961099998,10.225548316000015],[98.71959648500007,10.225664426000037],[98.71979440000018,10.225735909000036],[98.72014824100006,10.225861003000034],[98.72028619500009,10.225896778999982],[98.7204181520001,10.225929574000133],[98.72046270800007,10.22594065200019],[98.72056276800015,10.225985572000127],[98.72059205500017,10.226012921],[98.72077593600005,10.226225474000103],[98.72088273000014,10.22634891700011],[98.72113148800014,10.226595749000126],[98.72122740500015,10.226670111000033],[98.72129036600012,10.226711763000083],[98.72132934500007,10.226726654000174],[98.72136234400006,10.226726682],[98.72139833900007,10.226720770000043],[98.72145235400006,10.226702989000103],[98.72153809100013,10.226662046000172],[98.72165041500017,10.226608079000073],[98.72176093700006,10.226539785000114],[98.72177934500019,10.226525114000026],[98.72183350700004,10.226471555000103],[98.72190523100011,10.226392753000027],[98.7219145750002,10.226382487000024],[98.72202566700014,10.22626075900007],[98.722118739,10.22616873200002],[98.72227682200003,10.226028805999988],[98.72237772000005,10.225961024000071],[98.72243463100006,10.225926494000078],[98.7225264600001,10.225880475000054],[98.72257818500003,10.225861308000162],[98.72263945000003,10.22584943600009],[98.72268162200015,10.225847308000084],[98.72273544000018,10.225849516999972],[98.72284742599999,10.22584961299998],[98.72285581600016,10.225849620000076],[98.72287036600011,10.225851311000156],[98.72293500200016,10.225852647000067],[98.72297249500014,10.225847556000076],[98.72301775300014,10.22583862900018],[98.72308628600007,10.225818198000184],[98.72310149700013,10.225811037000028],[98.72312945400006,10.225797859000181],[98.72324748700015,10.225723175000041],[98.72328970300009,10.225686999000061],[98.72340073700002,10.225651055000071],[98.72357512100007,10.225664494000057],[98.72378106300005,10.225711304000185],[98.72409898900008,10.225847363000184],[98.72413979599997,10.225873823000029],[98.72451047200013,10.226114158000144],[98.72468688700008,10.22627170000004],[98.72475042200006,10.226299734],[98.72479866300006,10.226318430000163],[98.72493721100017,10.226328175000162],[98.72507016500015,10.226300790000096],[98.72517537400006,10.226248795000174],[98.72554051900016,10.225934307999978],[98.72585261700004,10.225713054000153],[98.72588720700008,10.225677400000052],[98.72595103800012,10.225611590000142],[98.72627823700009,10.22510183300011],[98.72634960600004,10.225027665000027],[98.72636856400004,10.225005212000042],[98.72647215700016,10.224902772000064],[98.72652902100009,10.224869459000104],[98.72659431100016,10.224827807],[98.72667922000016,10.224789387000044],[98.72681783300015,10.224754738000115],[98.72699419700018,10.224723145000041],[98.72717453100017,10.224699605000069],[98.72735772900006,10.224682759000075],[98.72754265400016,10.224670522000054],[98.7277287030002,10.224660459],[98.7279144540002,10.224651569000173],[98.72809877800017,10.224641600000155],[98.72828113500009,10.224628186000132],[98.72846372300012,10.224619301000189],[98.72864638600004,10.224613750000174],[98.72882927000006,10.224609380000174],[98.72901214600006,10.224606190999964],[98.7291948080001,10.224601823000171],[98.72937717100018,10.22459401600014],[98.72955915300014,10.22458286200009],[98.72974099700008,10.224566011000036],[98.72992216700015,10.224542471],[98.73010281100017,10.224510973000065],[98.73028233600019,10.224473772000124],[98.73045983200012,10.224430967000046],[98.73059684500004,10.22439107700012],[98.73094262300003,10.224266685000146],[98.7310000760001,10.224240678],[98.73132524200014,10.224082271000157],[98.73141993100006,10.224036138000145],[98.73150991000017,10.223982760000183],[98.73156391700007,10.223920448000172],[98.73188198200006,10.22356141600011],[98.73220301200013,10.223229108000169],[98.73229902499997,10.223134167000012],[98.73234702100007,10.223092632999965],[98.73239500500011,10.22306892000006],[98.73245498500012,10.223039276000065],[98.73255993700008,10.223003730000187],[98.73264987200014,10.222991926000077],[98.73281729900009,10.222992063],[98.732881249,10.22300300500001],[98.73315672600017,10.223085353999977],[98.73318420100003,10.223100949000127],[98.73320431600018,10.223112194000066],[98.73322693100005,10.223132444000157],[98.73324523500014,10.223154242000021],[98.73325499600014,10.223169987000176],[98.73326603600015,10.223190629999976],[98.7333836840001,10.223623848000159],[98.73344154700004,10.223720566000168],[98.73350085700014,10.223777089000123],[98.73351660500003,10.22379813100008],[98.73389402600009,10.224154942000041],[98.73397066900009,10.224246870000172],[98.73399053100013,10.224283469000113],[98.73401409100012,10.22434570400003],[98.73401973900008,10.224363788000062],[98.7340305670001,10.224404674000084],[98.73403703800017,10.224458459000175],[98.73403660100007,10.224983350000173],[98.73404960700009,10.225011324000036],[98.73407899000011,10.225049873999978],[98.73435596600012,10.225272235000034],[98.73491347500016,10.225601466000171],[98.73507010100013,10.225697019000165],[98.735212703,10.225763862000122],[98.73537114900017,10.225834650000081],[98.73546622900005,10.225866126000028],[98.73558507500007,10.225905467000189],[98.73567620200009,10.225929095000026],[98.73577524000012,10.225952723000034],[98.73587032900008,10.225972434000141],[98.73598522900016,10.225996075000069],[98.73608428099999,10.226011859000096],[98.73620712000013,10.226019809000036],[98.73629826200005,10.226012032000028],[98.73639337700018,10.226004256000124],[98.73649195300015,10.225993050000056],[98.73658112599998,10.225975457000118],[98.73666140900013,10.225934307999978],[98.73673575300012,10.225875493],[98.73677164500003,10.22581815500007],[98.73677867800018,10.225787276000062],[98.73678340300012,10.22575777700007],[98.73678345900015,10.225690069000109],[98.73678351500013,10.225622358000123],[98.73678654800011,10.225542879000045],[98.7367917150001,10.225472135000018],[98.7367925640001,10.225460453000153],[98.73680449500011,10.225404534000063],[98.73681942700011,10.225322113000061],[98.73684920700009,10.225248537000027],[98.73687600300013,10.225192633000177],[98.73690279900006,10.225127886000053],[98.73695041700012,10.225048443000162],[98.73702182000005,10.2249542940001],[98.7371051140002,10.224863104000178],[98.73716758100011,10.224792495000088],[98.73731628300015,10.224663089000046],[98.73742930399999,10.224563083000135],[98.73751555100012,10.224492502999965],[98.73751991300014,10.224490157000162],[98.73758095900001,10.22445723400017],[98.73766421099998,10.224416081000072],[98.73778015699997,10.224369072000172],[98.73788418800018,10.22434854800008],[98.73795551200004,10.224360381000054],[98.7380119720001,10.224369258000024],[98.73806840300006,10.224407575000043],[98.73812780900016,10.224448842000186],[98.73817828300008,10.224516590000121],[98.73822418300017,10.224578216000054],[98.73824357700016,10.22461967400011],[98.73827027900006,10.224678579999988],[98.73829699700013,10.224716865000062],[98.73833560700012,10.224746333000041],[98.73838313800007,10.22477581000004],[98.73844255199998,10.22479647199998],[98.73853468000016,10.224805371000116],[98.73860006300015,10.224799539000173],[98.73868329400005,10.22478488300004],[98.73876949700013,10.22476728900017],[98.73880056200016,10.224759795000068],[98.73906700400016,10.22474448200012],[98.73908490100013,10.224743455000123],[98.73912985800001,10.224756986000102],[98.73923775800006,10.224789470000132],[98.73937295600007,10.224874704000058],[98.73952665500008,10.224971597000035],[98.73968411600003,10.22510146000019],[98.74021937700019,10.22554291400013],[98.74040756600004,10.225650201],[98.74049953800005,10.225677883000174],[98.74062234100018,10.225699269000188],[98.74092348700003,10.225708686000132],[98.74121366900005,10.225702531000081],[98.74134048400015,10.225699840000118],[98.74174977299998,10.225677218000044],[98.74177995700018,10.225675552999974],[98.7420679600001,10.225626992000173],[98.7422533420002,10.225558298000124],[98.74237612500013,10.225482827],[98.74277262300006,10.22510894800007],[98.74302774000012,10.224742002000085],[98.74312671300004,10.224633629000095],[98.74315758500012,10.22459983200008],[98.74329929800007,10.224509935000185],[98.74369917600006,10.224357749000035],[98.74470304,10.224027165000052],[98.74524373500009,10.223866581000038],[98.74560294100013,10.223758268000097],[98.74590169300018,10.223612474000106],[98.74627192200018,10.223413338000114],[98.74641980100006,10.22332829000004],[98.74793141600014,10.222425846000135],[98.7480658340001,10.222303790000183],[98.74819520800014,10.222175033999974],[98.7483129200001,10.222036050000042],[98.74841603400012,10.221886836000124],[98.74850996600003,10.221732096000096],[98.74859938300006,10.22157393100008],[98.74868887800011,10.221415661000151],[98.74876919600018,10.22124951600017],[98.74885175800011,10.221086727000113],[98.74895547200015,10.22094448100006],[98.74910643200019,10.220840607000184],[98.74927400800004,10.220763780000084],[98.7494495570001,10.220709664000083],[98.74963019200004,10.220692800000108],[98.74981366500003,10.220699813000067],[98.74999798200008,10.220685213000081],[98.75013524800005,10.220670261000123],[98.75028004500007,10.220635050000112],[98.75045666200003,10.220592102000126],[98.75065958100004,10.220476729000097],[98.75106040900016,10.220165622000025],[98.75154259200013,10.219568274000153],[98.75190309900006,10.218945715000075],[98.75205046600007,10.21852893700003],[98.75209130000007,10.21818741300018],[98.7522085010001,10.217449146000149],[98.75228477200011,10.217172946000176],[98.75234576999998,10.216977107000048],[98.7524168590001,10.216851590999966],[98.7524641650001,10.21678920800008],[98.75252565300002,10.21673293900011],[98.75260967300005,10.216685981000126],[98.75280114100008,10.216613672999983],[98.75296748000011,10.216588043],[98.75315888100005,10.216564499000015],[98.75334155700006,10.216535252000028],[98.75352166800013,10.216504821000058],[98.75370222900006,10.216477831000134],[98.7538834680002,10.216454184000042],[98.75406523700008,10.216432892000057],[98.7542466920001,10.21641602699998],[98.75442874900011,10.216403781000054],[98.75461170100016,10.216399396000156],[98.75479458000012,10.216397273000041],[98.75497746000013,10.21639397500013],[98.75515973800015,10.216386242000112],[98.75534127300011,10.21636937600016],[98.75552333700011,10.216347995000035],[98.75570510200015,10.216321091000111],[98.7558851440001,10.216286237000077],[98.7560612800001,10.216241060000186],[98.75623335700004,10.21618358400002],[98.75640371200018,10.216116982000017],[98.75657158500013,10.21604251000008],[98.75673540100018,10.215960074],[98.75689440300005,10.215870853000183],[98.7570476890001,10.215772583000046],[98.75719879400009,10.215670965000186],[98.75734832200004,10.215565910000066],[98.75749476300012,10.215455339000073],[98.75763782400014,10.215341234000164],[98.7577756930001,10.215221437000082],[98.75790822200014,10.21509720000006],[98.75803412300019,10.214967264000109],[98.75815695100005,10.214832801000114],[98.75827683800009,10.21469390500016],[98.75839281600008,10.214550395000174],[98.75850359900011,10.214403449000088],[98.75860821100008,10.214253147000079],[98.75870507100012,10.214100576000021],[98.75879357500014,10.213945836000164],[98.75886499400008,10.21378538800002],[98.75890051500011,10.213606733000063],[98.75891036600012,10.213421278000112],[98.75890854400012,10.213236987000016],[98.75889520500004,10.213057301000106],[98.75886424200002,10.212878597000042],[98.75882470500005,10.212699978000103],[98.75878350300019,10.212523530000055],[98.75873176500016,10.212349511000127],[98.75867821300017,10.212176399000043],[98.75863814100006,10.212000040000078],[98.75860943900017,10.211822514000175],[98.75858676700005,10.21164282],[98.75856635000008,10.211461865000047],[98.7585427680001,10.211282079000114],[98.75851383999998,10.211101118000158],[98.75849312800005,10.210920161],[98.75849355899999,10.210741662000089],[98.7585193700001,10.210564173000023],[98.75855857600015,10.210385523000184],[98.7586115580001,10.210209144000089],[98.75867756700012,10.210038559000054],[98.75875726600009,10.209878109000101],[98.75885179100015,10.209722108000108],[98.75895948800007,10.20957072300007],[98.75907945600005,10.2094283080001],[98.75920995300015,10.209300715000154],[98.75935096600017,10.20919457400015],[98.75951537200007,10.209121175],[98.75969714800004,10.209073843],[98.75988230200005,10.209042325000098],[98.76006239800006,10.20902772200003],[98.76024503600007,10.209040330000164],[98.76042872500005,10.209058552000101],[98.76053385600017,10.209061829000063],[98.76054403800009,10.20905979600019],[98.76084676700003,10.209068469000101],[98.76086739100015,10.209069058000068],[98.76089411700019,10.209064369000146],[98.76101931700009,10.209042416000159],[98.7610723680001,10.209033118000093],[98.76128192800007,10.20894755300003],[98.76155075000008,10.208798864000073],[98.76226159200013,10.208316653000054],[98.76255328100018,10.208028126999977],[98.76290879200019,10.207662952000078],[98.76317768100017,10.207419523000112],[98.76351942700018,10.207185173000084],[98.76403886600008,10.206860720000122],[98.76442159000015,10.206639930000165],[98.76460837400015,10.206567878000044],[98.76474501900015,10.206549931000097],[98.76504323500012,10.20658121800011],[98.76527119400009,10.20663397200019],[98.76549380200004,10.206724629000178],[98.76570546400012,10.206823483000164],[98.76600184000011,10.207004654000116],[98.76991725800008,10.209719970000094],[98.77006203600018,10.20982632300013],[98.77028609800004,10.209967730000187],[98.77046127600016,10.21019364600005],[98.77055752300004,10.210462944000085],[98.77065375000012,10.210758286000043],[98.77073250900014,10.210966776000078],[98.77079366300006,10.211270781000053],[98.77082501800004,10.211426676000087],[98.77088976200008,10.211748505000173],[98.77100335300014,10.212287041000138],[98.771143359,10.212660576000019],[98.77128343400017,10.21293858600012],[98.77137977300004,10.21307760600007],[98.77151996800018,10.21319929900011],[98.77169523500004,10.213303635000045],[98.77192312200015,10.213390642000036],[98.77219489200007,10.213416880000068],[98.77247544600004,10.213408394000112],[98.77275603800013,10.21335647899997],[98.77300156700011,10.213295863000099],[98.77332600500011,10.213226606000148],[98.77371185200019,10.213105294000059],[98.77388252800012,10.213054698000121],[98.77397492400007,10.213027311000076],[98.77425550100014,10.21299276700006],[98.77454483800017,10.21296691100008],[98.77486922100013,10.212975819000121],[98.7752987840002,10.213028226000063],[98.7758685500001,10.213184942000112],[98.77676256900008,10.2135242600001],[98.7770013110001,10.21361629800009],[98.77717266800016,10.213652426000067],[98.77768466200007,10.213763048000146],[98.77819664100008,10.213895715000035],[98.77908349100011,10.21426765700005],[98.77925156100014,10.214339022],[98.77941895300012,10.21441148100007],[98.77958415700016,10.21448854200014],[98.77975101800018,10.21456777600008],[98.77990325500008,10.214667347000102],[98.78002497900019,10.2147985470001],[98.78013766700008,10.214941046999968],[98.78024281400019,10.215091488000098],[98.78034051100019,10.215245371000151],[98.78043345700007,10.215401414000155],[98.7805240730001,10.215558550000026],[98.78061220400019,10.21571694100004],[98.78069656600007,10.215878683000142],[98.7807760340001,10.216041590000032],[98.7808494750002,10.216207839],[98.78091584000009,10.216375088000063],[98.78097339500016,10.216547025000182],[98.7810234960001,10.216720039000108],[98.78106930200016,10.216896490000067],[98.78111314900019,10.217072848999976],[98.78115722800015,10.217248123000104],[98.78120423200016,10.21742339900004],[98.78124777700009,10.217599760000155],[98.78127591200007,10.217723422000063],[98.78150612500019,10.218436856000153],[98.78154319200013,10.218551718000072],[98.78162473100002,10.218670836000115],[98.7820195060001,10.219247592000045],[98.78240126000009,10.21963930700008],[98.78258995900012,10.219761038000115],[98.7829554160001,10.21992893200013],[98.78298540300017,10.219929850000028],[98.78321117400014,10.219954316000099],[98.78354510100013,10.219886697000106],[98.78475878800009,10.21956337000006],[98.78567412700005,10.219169497999985],[98.78631060200007,10.21879605800018],[98.78705580200005,10.218344793000085],[98.7877655750001,10.217852601],[98.78884884300004,10.216940915000066],[98.78947940000006,10.216429105000032],[98.79036846700018,10.215949476000048],[98.79121738000015,10.215607518000184],[98.79364930000008,10.215167233000045],[98.79478695800009,10.214922992000027],[98.7950191220001,10.214873155000078],[98.79513613800003,10.214848029000109],[98.79548520500003,10.214759032000131],[98.79577502600011,10.214617532000148],[98.79585024600016,10.214561468000113],[98.795947518,10.214488970000161],[98.7961224350002,10.214301496000076],[98.79615452500019,10.214288426999985],[98.79617444600012,10.214245760000097],[98.79625161600012,10.214080403000025],[98.79628405900007,10.213888338],[98.7962426750002,10.213627657000018],[98.79614863100005,10.213422369000114],[98.7959735070001,10.213135055000123],[98.795821919,10.212715941999988],[98.79580006800006,10.212655513000072],[98.79579365400008,10.212575470000104],[98.795768,10.21225531400006],[98.79581408600018,10.21192592],[98.79583294000014,10.211791157000164],[98.79585134400003,10.211764512000173],[98.79628786500018,10.211132570000075],[98.79664885900007,10.21082645100006],[98.79681120300017,10.210723214000154],[98.79812091200006,10.209867854000095],[98.79901105900012,10.20921368300003],[98.79964683700013,10.208798579000131],[98.80026339600005,10.208418465000136],[98.8006513250001,10.208207419000075],[98.8008196470002,10.208122150000065],[98.80117260900005,10.207943329999978],[98.80161601300017,10.207734281],[98.80201581900019,10.20750410300019],[98.80267063900004,10.207342354],[98.80317810700006,10.207245380000188],[98.80373461500011,10.207261932000108],[98.80425837900015,10.207294671000056],[98.80488029100007,10.207408539000085],[98.80537122800007,10.207587194000041],[98.80602571500015,10.207976723],[98.80635289900005,10.208268768000096],[98.80671259200005,10.208949979000067],[98.80713769700014,10.20972851700003],[98.8074482510001,10.210176559000104],[98.8074974810001,10.21024757400005],[98.80778027100018,10.210663792000048],[98.80837709900004,10.211271277000094],[98.80870005100007,10.211492107000083],[98.80919649800006,10.211703212000032],[98.81008962100015,10.211878016000128],[98.81033558800016,10.211954204000051],[98.81073132300014,10.212184308000076],[98.81118357800017,10.212520714],[98.81139283700014,10.212761723000142],[98.81241105200013,10.213577879000184],[98.81303389400011,10.213939731000096],[98.8138298790002,10.214318435000166],[98.81525438400018,10.214731992],[98.81696707300006,10.215053099000045],[98.8178235200001,10.215037566000092],[98.81846998700007,10.214861851000023],[98.8192287390001,10.214570545000072],[98.82003789100008,10.21404637300003],[98.82040018900005,10.213877422],[98.82095508000003,10.213618672999985],[98.82127288300012,10.21353618400019],[98.82150867000018,10.213502945000187],[98.82167099700007,10.213484830000027],[98.82236515700009,10.21340737600002],[98.82291708100013,10.213252543000067],[98.82301424100018,10.213208930000121],[98.82343629800016,10.212986243999978],[98.82357737300003,10.212911820000045],[98.82407858700014,10.212383857000134],[98.82495174200017,10.211343883000097],[98.82525917999999,10.21059172800011],[98.82551782900003,10.209720024000092],[98.82555532800018,10.209593643000062],[98.82558088700006,10.20947159200017],[98.82559341600012,10.208979649000014],[98.82558757800018,10.208925812000132],[98.82547750600014,10.207910668000125],[98.8254837950002,10.207625216000167],[98.82550846700013,10.20734585800011],[98.82559455000006,10.206896466000046],[98.82561305500008,10.206689982000057],[98.82558869299999,10.206404521000138],[98.82553543200015,10.205999260999988],[98.82510885300007,10.20436426100008],[98.82512122300005,10.204163844000107],[98.82516426500007,10.203927007000118],[98.82525638800013,10.203647677000106],[98.82611574000003,10.201789664000103],[98.82630594200009,10.201522531000137],[98.82665140400007,10.201096779000068],[98.82684692700019,10.201008595000076],[98.82685574500005,10.201007565000168],[98.82698343600003,10.200950946000034],[98.8270604880002,10.200922636000143],[98.82711551700004,10.200907402000155],[98.8297825090001,10.200471570000161],[98.83024215900008,10.200441462000128],[98.83053834900011,10.200461843000141],[98.83069633900004,10.200466668000104],[98.83092038000018,10.200523699000087],[98.83164507800012,10.200899629000105],[98.83531183600007,10.203271200000131],[98.83547418500012,10.203353838000055],[98.83563646100004,10.203437564000069],[98.83579940600009,10.203520213000047],[98.83645913400017,10.203830341000128],[98.83662690900007,10.203900413000042],[98.83679604200012,10.203968322000094],[98.83813007900011,10.20443322],[98.83921651600002,10.204811839000172],[98.83938376400005,10.204888782000069],[98.83953655100015,10.20498154500018],[98.83967065400014,10.205095813000014],[98.83979186700014,10.205228165000165],[98.83990277500004,10.205374079000137],[98.84007833400011,10.205608452999968],[98.84124417900006,10.20690049600006],[98.84161987800013,10.20727301900007],[98.84181054400011,10.207380100000137],[98.84218658200012,10.207484592000071],[98.842364803,10.207498474000147],[98.84255973700016,10.2074847720001],[98.84292988900006,10.207316932000026],[98.84308992500019,10.207177102],[98.84334116000008,10.206775514000185],[98.8444462180002,10.205228933000058],[98.84480052900011,10.204842320000125],[98.8448370660002,10.204812730000128],[98.844938909,10.20473454000006],[98.84540706000013,10.204542507999975],[98.84610073300007,10.204351984000027],[98.84626196000016,10.20430770300004],[98.84767489400019,10.20396730900012],[98.84788239900001,10.203948714999967],[98.8480335970001,10.203935175000083],[98.84838109900011,10.203970261000165],[98.84858903300005,10.203991256000052],[98.8488998050002,10.20406988500008],[98.84919444100007,10.20414441500003],[98.84933859799997,10.204144481000185],[98.84947936700019,10.204144546000123],[98.84983555100018,10.204085914000075],[98.84998326400006,10.204056128000047],[98.8502075090002,10.203954437000107],[98.85051249500003,10.203746713000157],[98.85104221400007,10.20300197299997],[98.85165657100004,10.20213823500012],[98.85186093700008,10.201946081000187],[98.85212656200008,10.201804556000127],[98.85235128400006,10.201784421000127],[98.8541283990001,10.20202805100007],[98.85476166900008,10.202028333000044],[98.85536431200012,10.201988131000121],[98.85591592100019,10.201856841999984],[98.85678893800002,10.201575241000057],[98.85737569100019,10.201355058000047],[98.85800293900002,10.20105474400009],[98.85875157100014,10.200734432000047],[98.85952048400009,10.200293891000115],[98.86059281000018,10.199893562000113],[98.8612604880002,10.199633333000122],[98.86184720700015,10.19947326200014],[98.862575543,10.199293211000054],[98.86304081000003,10.199313447000122],[98.8635666900002,10.199494026000082],[98.86445662300002,10.199875147000057],[98.8653870230001,10.20023624800001],[98.86597616699999,10.200442375000137],[98.86691986599999,10.200652321000064],[98.86765207700012,10.200733206000109],[98.8682541600001,10.200701211000023],[98.86893761800019,10.200653137000131],[98.86953968700016,10.200653378000084],[98.87004409900015,10.200718056000085],[98.87049967400009,10.200831071000152],[98.87092263699998,10.201121386000068],[98.87128050500013,10.201427801000136],[98.87173601200004,10.201718136000068],[98.87225664000016,10.201927890000036],[98.87267966200017,10.202073128000109],[98.87315150700005,10.202202275000047],[98.87350941800008,10.202411964000078],[98.87385103300016,10.20265389300016],[98.87402992400013,10.20291187099997],[98.87424131700016,10.203298823000011],[98.87447214800017,10.203733125000099],[98.87464785100019,10.204008244000022],[98.87501737300005,10.20426338599998],[98.87517524400005,10.204372397000043],[98.875114624,10.204114792000155],[98.87504950100003,10.203885070000126],[98.87501431100014,10.203675401000112],[98.87500612700018,10.20362665100015],[98.875006225,10.203375411000138],[98.87501360100009,10.2030452300001],[98.87504992000015,10.202808366000056],[98.87507748200017,10.202669133000143],[98.87508310200008,10.202640721000137],[98.875158651,10.202452461000178],[98.87526091200004,10.202078195000126],[98.8753381100002,10.201411356999984],[98.87529988100016,10.200782578000087],[98.87526161700004,10.200268124],[98.87531951400007,10.19975370800006],[98.87540102800011,10.199587893000114],[98.87571691300019,10.198945291000086],[98.87585222300004,10.19867001700004],[98.87585231200012,10.19843924300011],[98.87584100100014,10.198341781000067],[98.8758359540002,10.198298297000179],[98.87583114500006,10.198256931000117],[98.87568980800017,10.197702986000024],[98.87557871300015,10.197455104000142],[98.87557666400005,10.197450528000104],[98.87554154100008,10.197390816000166],[98.87543600400016,10.196971950000147],[98.87539561199998,10.196543367000118],[98.87544275900007,10.195992104000027],[98.87546418500006,10.195487302],[98.87547506800018,10.195428977000063],[98.87547523100011,10.195009452000079],[98.87549466100012,10.194495013000108],[98.87536020800007,10.194037677000097],[98.8750910870001,10.193656516999965],[98.87480270500004,10.193351544000052],[98.87451428499998,10.19312278700005],[98.87431278200012,10.193043907000117],[98.87414964500005,10.193021030000068],[98.8738746590002,10.192982458000074],[98.873597867,10.192932493000114],[98.87346064400015,10.192815878000147],[98.87342177400012,10.192782846000057],[98.8734000020001,10.192736978000028],[98.87332119800016,10.19257090700006],[98.87309487900012,10.19215949200003],[98.8729315020002,10.191673297000023],[98.872768124,10.191187112000023],[98.87244132000018,10.19033939600007],[98.87188808200005,10.189366927000151],[98.87113370500003,10.187970587999985],[98.87094527400018,10.187235095000176],[98.87088530900013,10.186628696000184],[98.87099401500006,10.18601475800017],[98.87099743700014,10.185995424000168],[98.87115102800016,10.185749856000086],[98.87127809700013,10.185659681],[98.87129272100009,10.185649300000136],[98.87154075500018,10.18547327000016],[98.87169305200007,10.18540981600006],[98.87280000000015,10.184704957000065],[98.87351111300012,10.184252153000102],[98.8748642060001,10.183615252000038],[98.87615297700006,10.183158458000094],[98.87692242700012,10.182796731999986],[98.87742262500012,10.182434903000171],[98.87773054200011,10.181920571999967],[98.87784623400006,10.181139426000186],[98.87793721200012,10.180518379000034],[98.87798140400008,10.179729521000183],[98.87828973799998,10.178110087000107],[98.8785783690002,10.177729126000088],[98.87934784500004,10.177253066000162],[98.87973261600018,10.17694835400016],[98.88017508500013,10.176605561000144],[98.88044437600013,10.176510392000182],[98.88084828500007,10.176453375000165],[98.88150219400006,10.176434560000132],[98.88231903900004,10.176402158000087],[98.88256378400013,10.17631245400014],[98.88283862700007,10.176169962000074],[98.88303495500014,10.17601446599997],[98.8831613110001,10.175753906000125],[98.88319209200006,10.175690439999983],[98.88331000500017,10.175301569000055],[98.88336249300005,10.174899721000031],[98.88349350100009,10.174471974000085],[98.8837291860001,10.174057222000044],[98.88392156900011,10.173790584000187],[98.88392555700011,10.173785057000032],[98.88425278699998,10.173512947000063],[98.88484173200015,10.17320202999997],[98.88486880400006,10.173182316000123],[98.88518453500018,10.172952493000025],[98.88527942700006,10.172883420000119],[98.88554237500011,10.172587192000094],[98.88585038100001,10.171787049000045],[98.88610052200005,10.171425128000067],[98.88642757100018,10.171120379000172],[98.88702390000003,10.170758570000146],[98.88804329600003,10.170492169000056],[98.88817278800008,10.170443352000177],[98.88844721800007,10.170339885000033],[98.88867811500006,10.170035100000177],[98.88872833000005,10.169866921],[98.88892842500013,10.169196832000068],[98.88905050700015,10.167212312000174],[98.8890062700001,10.166510316000029],[98.88904487100018,10.166154593000158],[98.889064153,10.165976846000092],[98.88910282400013,10.165367142000093],[98.8890836990002,10.165062275000025],[98.88896841700011,10.164757382000118],[98.88878728500003,10.164301387000137],[98.88871861700005,10.164128530000141],[98.88856496,10.163556875000154],[98.88852668500016,10.163023361000057],[98.88860381100011,10.162451784000098],[98.88902658100011,10.161392337000109],[98.88902693700015,10.16139028900011],[98.88903305600019,10.161354828000128],[98.88900705300011,10.160888137000143],[98.88891554800006,10.160628838000093],[98.88882401900003,10.160447315999988],[98.8884178300001,10.160102138000013],[98.88834572800016,10.160040860000095],[98.88823935100015,10.159968697000124],[98.88757896700008,10.15953630600012],[98.88729688900014,10.159351620000109],[98.8867767370001,10.158945084000038],[98.8863063780002,10.158683903],[98.8861628100002,10.158559359000037],[98.88600538600014,10.158422789999975],[98.88577970200015,10.158049829000163],[98.8854787680001,10.15760227100003],[98.88510254800008,10.157210620000058],[98.88455700300011,10.156725685000026],[98.88412431400013,10.1563899410001],[98.88354104900009,10.156147364000049],[98.88280722600001,10.155960656000047],[98.88216745000005,10.155867209],[98.88130186000018,10.155792326000153],[98.88056794800019,10.1558293490001],[98.87979640500004,10.15586634900012],[98.87902485600006,10.155922002000011],[98.87874463800017,10.155965733000187],[98.87720181800006,10.156274375000123],[98.87681720200004,10.156255180000073],[98.87576861600013,10.156021907000024],[98.87570188500018,10.156007070000157],[98.87568051900001,10.156004941000049],[98.87512497200015,10.155949687000088],[98.875090027,10.15594621200006],[98.87493266900015,10.155930562000037],[98.87479254600004,10.155949560000181],[98.874099226,10.156043572000158],[98.87395182900019,10.156063556],[98.87341336100019,10.156044297000108],[98.87272112300013,10.155815384000107],[98.87267396700014,10.155785890000118],[98.87264422100014,10.155777250000142],[98.87100993800004,10.154842990000077],[98.86999091700017,10.154270985000096],[98.86956172700019,10.153864379000026],[98.86953796900019,10.153335498000047],[98.86953807000009,10.15308707500003],[98.86953810800009,10.152992302000087],[98.86951595600004,10.152505174000112],[98.86950379400014,10.152423025000132],[98.86950222900009,10.152412408000089],[98.86946023100018,10.152128746000074],[98.86935977700017,10.151874074000148],[98.8692880270001,10.151681895000138],[98.869248159,10.15157511100017],[98.86924817200008,10.151545002000091],[98.86924829900005,10.151231916000086],[98.86931547300009,10.150899816000162],[98.86941614800014,10.150634156000024],[98.86957273900003,10.1502467360001],[98.86977407800009,10.149737562000098],[98.86982558200009,10.149598568000158],[98.86989712100006,10.149405483000066],[98.87001447699998,10.149044236000123],[98.87009850400011,10.148785591000092],[98.87011142400013,10.148645426000144],[98.87014338800009,10.148298490000059],[98.87012125000007,10.147800293000103],[98.87010204300014,10.14743591000007],[98.87009907100008,10.147379591000117],[98.87005451000005,10.147036379000156],[98.87001132900008,10.146746754000105],[98.87000993300018,10.14673744300012],[98.86997658800016,10.146305661999975],[98.86998393900012,10.146161121000034],[98.8699843340001,10.146153527000138],[98.86999911700013,10.145862838000141],[98.86998452500018,10.145681147000118],[98.86995725800017,10.145341738000184],[98.869954651,10.145309278000184],[98.86988774200006,10.14496605700009],[98.86974261600017,10.144633870000064],[98.86953041300012,10.14439022200014],[98.86934054200009,10.144190875999982],[98.86911422600019,10.14399852200006],[98.86910597500014,10.143991504000041],[98.86909826800013,10.143977236000069],[98.86893849900014,10.143681452000123],[98.86880453800018,10.143382488999976],[98.86872643400011,10.143105682999987],[98.86860363800008,10.14281779099997],[98.86857081599999,10.142748771000129],[98.86832453200009,10.142230918],[98.86812360300007,10.141765870000086],[98.86801201400016,10.141389411000091],[98.86798978600007,10.141112626000051],[98.86803463100017,10.140736239000034],[98.86812418700009,10.140337718000012],[98.86816370200006,10.140214395000044],[98.86826962300006,10.139883874000134],[98.8683926810001,10.139529652000135],[98.86851574200006,10.139142229000129],[98.86857183400008,10.138610845000073],[98.86862785900018,10.138223385000174],[98.86862793100005,10.13804654900008],[98.86860299000017,10.137648539],[98.86860298,10.137648494000132],[98.8685556690001,10.136893606000172],[98.868729804,10.134302397000113],[98.86867230500013,10.133826036000016],[98.86846091800015,10.133482986000047],[98.86803801300005,10.133101748000115],[98.86748047900011,10.132777618000148],[98.86682672000012,10.132643983000037],[98.86668511800013,10.132643926000071],[98.86599983700017,10.13264364700018],[98.86430752700016,10.132852540000101],[98.86246136300014,10.133080411000037],[98.86169220600004,10.133003872000018],[98.86090388600019,10.132755841],[98.86023107400007,10.132222064000189],[98.85985147900004,10.131631689000073],[98.85972442200011,10.131434077000108],[98.85955102300005,10.131043148000174],[98.85942074700012,10.130784697000024],[98.85921286800004,10.129992368999979],[98.85921311800007,10.129420756000059],[98.85930994500018,10.127858415],[98.85931015200009,10.127382071],[98.85946414100016,10.127039180000168],[98.86009895500007,10.126486899000042],[98.86034906499998,10.126201193000043],[98.86050301800003,10.125915467000027],[98.86054159700012,10.125648731000126],[98.86052255800007,10.125191439000162],[98.86040751300004,10.12442924200002],[98.860275392,10.124012495000102],[98.86023550300018,10.123886686000105],[98.86000431100007,10.123000059],[98.85877507500015,10.119741384000122],[98.85858301800016,10.119207802],[98.85858628000005,10.119170742000165],[98.85862166500004,10.118769582000027],[98.85896798700014,10.118293395000137],[98.85937191000005,10.118045870000174],[98.85994880900012,10.117969900000105],[98.86044872500008,10.118046329000094],[98.86075631200003,10.118236993000096],[98.8615634570001,10.119323387000065],[98.86196716800004,10.119571254999983],[98.86273626100018,10.119724001],[98.86348619500006,10.119724313000063],[98.86392851100004,10.119610175],[98.86414010100015,10.119438781000042],[98.86414027000006,10.119038659000182],[98.86373696900017,10.117838119000112],[98.86323769600017,10.116218357000037],[98.86306491900018,10.115551412],[98.86306517000008,10.114960756000187],[98.86316170800012,10.11404622599997],[98.86345055700014,10.113055559000031],[98.86356617500007,10.112464943000191],[98.8636952650001,10.110384666000073],[98.86387484800014,10.11004527100016],[98.8642211070001,10.109702458000129],[98.86483652400011,10.109435961000031],[98.86539424600011,10.109226593000074],[98.86589428300016,10.108979106000163],[98.86608666799998,10.10873148700017],[98.8660891610001,10.108722152000041],[98.86618296100005,10.108369507000077],[98.86617438800016,10.107630160000099],[98.86611719900014,10.107331996000084],[98.86602623400017,10.107016001000147],[98.8660059720001,10.106652084000132],[98.86600361700016,10.106609750000018],[98.86601515500001,10.106259943000111],[98.8660494660001,10.105887578000136],[98.86612447900018,10.10554846600013],[98.86612932900005,10.105526512000097],[98.86612934200014,10.105494475000057],[98.86612936400013,10.105440668000085],[98.86612952500008,10.105052568000133],[98.86612956900007,10.104946012000028],[98.8661297110001,10.104601192000132],[98.86606151500013,10.104296487000056],[98.8659932920001,10.104059490000054],[98.86581118200013,10.10382244800013],[98.86557211000007,10.103664374000061],[98.86537859400005,10.10348374],[98.86526482500011,10.103224150000017],[98.86521940300008,10.102919454000073],[98.86520815700004,10.102569636000055],[98.865162795,10.102106964000143],[98.86509461000014,10.101779689000182],[98.8649964230001,10.101448369000082],[98.86498089200018,10.101395976000106],[98.86478747400014,10.100989655000149],[98.8644915500002,10.10062844100014],[98.86435624900008,10.100490061000016],[98.86412730100017,10.10025590500004],[98.86388826600017,10.099996262000104],[98.86361509000011,10.099702759000081],[98.86336467200005,10.099443122000025],[98.863137048,10.099138350000032],[98.86307822600014,10.098979260000021],[98.86305506800016,10.098916628000154],[98.86303206700012,10.098784087000126],[98.86299970000005,10.098597593000136],[98.8629998350001,10.098278571000037],[98.86303326000012,10.097981574000073],[98.86305147300016,10.09783174600011],[98.86306668600008,10.097706570000014],[98.86307464300012,10.09768968600008],[98.8631444620001,10.09754160100016],[98.863277777,10.097288640000102],[98.86335558600018,10.097068654],[98.86339911000005,10.096810508000146],[98.863400093,10.096804661000078],[98.8634223890001,10.096584669000038],[98.8634225190001,10.096276645000103],[98.86337823800005,10.096001618000173],[98.8632895230001,10.095770566000056],[98.8631897080001,10.09555051500007],[98.86304552899998,10.095231441000124],[98.86292355100005,10.094923374000132],[98.86286816000018,10.094637337],[98.8628253070001,10.094253670000171],[98.86282539100006,10.094055663],[98.8628254960002,10.093808149000154],[98.862822425,10.093753007000032],[98.86281723400003,10.09365963600004],[98.86280067100017,10.093453371000123],[98.86270146400005,10.093213122],[98.86245782900005,10.093009016],[98.86234158600013,10.092858348000163],[98.8622211760001,10.09275883200013],[98.86186782900006,10.092558550000035],[98.86134429100008,10.092305357000157],[98.86094065700007,10.091962221000188],[98.8607869670002,10.09167636400008],[98.86073144400012,10.09137298600018],[98.8606142050001,10.091009408000104],[98.86040292100017,10.090513930000157],[98.86009537700016,10.09028515100016],[98.86002740700019,10.090241535000075],[98.8597686080002,10.090075426000112],[98.85974715700013,10.090068333000147],[98.85901885300007,10.08982740800002],[98.85849982100012,10.08957949500001],[98.8583653180001,10.089388892000159],[98.85828855700004,10.089045902],[98.85838504200012,10.0882456920001],[98.8582506890001,10.087712141000054],[98.85815744000013,10.087533285],[98.85810500100013,10.087457870000094],[98.8579801730001,10.087321687000099],[98.85786157300004,10.087206531000163],[98.8576689030001,10.08694112000012],[98.85747626100016,10.08663325000009],[98.85737911900009,10.086510135000083],[98.8564987700002,10.084734276000177],[98.85615503800017,10.08410474800013],[98.85567889400005,10.083684961000131],[98.854779328,10.083343656000011],[98.85377395300009,10.082897409000111],[98.85327117200012,10.082897186000025],[98.85292707800005,10.08308060000013],[98.85226495199998,10.084312820000093],[98.85181479500017,10.084941997000044],[98.85120589600012,10.085518646000025],[98.8509147600002,10.085623409000107],[98.85065808600012,10.085568789000035],[98.85054432300018,10.085544571000128],[98.85006882600004,10.084968113000059],[98.84959220000019,10.084390293000013],[98.84953694300015,10.084344613000155],[98.84911606200006,10.083996712000044],[98.84819006700008,10.08357670700002],[98.84784620600016,10.083261864000178],[98.84752884300008,10.082868361000067],[98.8471588290002,10.08189790200015],[98.84692085800015,10.081478211000103],[98.84647125100014,10.08095352000015],[98.84623326700017,10.080586277000066],[98.84620705300017,10.080061790000059],[98.8462076790002,10.078739517000031],[98.84620798500004,10.078094991000171],[98.84594359200008,10.077622841000164],[98.84509717800006,10.07683573200012],[98.84479723400011,10.076517673000012],[98.84433017200018,10.07602242600018],[98.84333371999998,10.074669767999978],[98.8433252850001,10.074658307],[98.84331924500015,10.07465313800003],[98.84099763500006,10.072664182000153],[98.84041576000016,10.072086978000186],[98.83998729800004,10.071183524],[98.83978134800003,10.070749251000052],[98.83896161299998,10.069594998000014],[98.8385384560001,10.069148989000155],[98.83806234000014,10.068781614000045],[98.83732157800011,10.068466566000097],[98.83671325200004,10.067915567000057],[98.83668570900016,10.067885919000105],[98.8355287670002,10.066640507999978],[98.83552473500004,10.066628169000126],[98.83547233200005,10.06646757500016],[98.8354282520001,10.06629230600015],[98.8354089340001,10.066109102000098],[98.8354247540002,10.065929342000118],[98.83548842400012,10.065751954],[98.83561739000015,10.065640067000118],[98.83568681400004,10.065613568000117],[98.8357920160002,10.065573423999979],[98.83596791500008,10.065512470000101],[98.83613915300003,10.065449251000132],[98.83631226100016,10.065391652000073],[98.83648883000012,10.065344265000135],[98.83666825700016,10.06530366000004],[98.836842795,10.065251654],[98.83700733500012,10.065178319999973],[98.83716827500012,10.06509131000007],[98.83732492100012,10.064994184000057],[98.83747465700009,10.064890263000052],[98.83761558200007,10.06477612800012],[98.8377446340001,10.064648412],[98.83785962100012,10.064504878000037],[98.837960308,10.064353458000141],[98.83803857800012,10.064189644000066],[98.83810195000018,10.064017777000174],[98.83816991200013,10.063848164000092],[98.838261881,10.06369556500016],[98.83837430500006,10.063545246000047],[98.83850011900017,10.063404058000117],[98.83864022600017,10.063285399000108],[98.8387943140001,10.06320752800002],[98.83896681300007,10.063170269000011],[98.83915246100014,10.063161312999966],[98.83934269800017,10.063169276000053],[98.83952917300007,10.063181838],[98.8397099930001,10.063201189000097],[98.83989028200017,10.063232924000147],[98.84007019400013,10.063269188000106],[98.84025010700003,10.063304271000106],[98.84043040000012,10.06333039500015],[98.84061145800018,10.063341787000184],[98.8407940250001,10.063344137],[98.8409768100002,10.063338615000077],[98.8411599100001,10.06332622500014],[98.84134218600008,10.063308232000168],[98.8415232480001,10.063286792000156],[98.84170319300017,10.063257493000151],[98.84188261500009,10.063221410000097],[98.84206031200017,10.063176281000153],[98.84223515400004,10.06312436900015],[98.84240690500013,10.063063407000072],[98.84257490900018,10.062994497000034],[98.84274095500007,10.062918793000165],[98.84275390700009,10.062912581000035],[98.84318104100004,10.062740204000079],[98.84378765700018,10.062495389000162],[98.84429708500005,10.062383915000169],[98.8447329130002,10.062288534000174],[98.84473533800013,10.062288411000054],[98.84518226199998,10.062265709000144],[98.84573228700015,10.062319712999965],[98.84595693700004,10.06235820500018],[98.84621258400017,10.062381357000106],[98.84643926400008,10.062386250000088],[98.84739635800003,10.062321692000069],[98.84764035200016,10.062336920000064],[98.8480432180001,10.062483337],[98.84831268500011,10.062583627000151],[98.8484232690002,10.062620210999967],[98.84856983600014,10.062653117000025],[98.84879777100008,10.062663979000035],[98.84906055100015,10.062664099000074],[98.84942441100009,10.062630877000174],[98.8495094290002,10.062620547],[98.84986239300008,10.062577658000123],[98.85067474600004,10.062599288000115],[98.85071567100016,10.062599306000095],[98.85106909799998,10.062599466000108],[98.85147984400004,10.062664788],[98.85161009799998,10.062685232000149],[98.85170742300016,10.062700504000134],[98.85210418600019,10.062762773000031],[98.85261352700013,10.062811854000131],[98.85322143700017,10.062909829000148],[98.85391147000018,10.063072978000037],[98.85406390100007,10.063108297000042],[98.85411627800005,10.063120431000186],[98.85431900500004,10.063167403000136],[98.85440435700019,10.06318718099999],[98.85470010500012,10.063219878000154],[98.85512734700012,10.063154930999985],[98.85553818100004,10.063024832000167],[98.85567796000015,10.062953086999983],[98.85598192700013,10.062797057000068],[98.85629424000012,10.062520357999972],[98.85645410700016,10.062282927000126],[98.85655730800005,10.062129657000071],[98.85687166100007,10.06164277500011],[98.85706120000003,10.061433023000177],[98.85706504600017,10.06142875800009],[98.85706726300009,10.061427065000032],[98.8572811520001,10.061263579000183],[98.85750480200011,10.061184799000046],[98.85774737600013,10.061147342000083],[98.85804680800004,10.061109911000074],[98.858289378,10.061091231000148],[98.85850920000007,10.061095078],[98.85863046200018,10.06112893900007],[98.85877067400003,10.061181588000068],[98.858845508,10.061205353000162],[98.85896015000009,10.061241765000148],[98.85912308700017,10.061313195000025],[98.8593314960001,10.06142596900014],[98.8594527100002,10.061576270000046],[98.85953220500011,10.061790403000089],[98.85964191900013,10.062252453000099],[98.85983503300008,10.062658195000097],[98.86001300800018,10.06303763800014],[98.86002899000005,10.063078248000124],[98.86010765399999,10.063278073000049],[98.86025538300004,10.063480966000043],[98.86046372000015,10.063747743000022],[98.86085776100015,10.064037130000088],[98.86088346800005,10.064050142000099],[98.86107425800003,10.064146666000056],[98.86123668500005,10.06422885000012],[98.86142615900013,10.064300295000066],[98.86177255100017,10.06436928200003],[98.86199821900004,10.064394230000119],[98.86226569000002,10.064386057000092],[98.8624608230001,10.064353315],[98.86283608300005,10.0642520560001],[98.86313555400005,10.0641319880001],[98.86378085200016,10.063766544000089],[98.86434291500007,10.06347801200019],[98.86482170700003,10.063251308000076],[98.86507316000018,10.063141658000063],[98.86533039100004,10.063066235000122],[98.86558762200008,10.062990816000024],[98.86586391700013,10.06289651500009],[98.86605445800018,10.062839957000051],[98.86632119200004,10.062821182],[98.86659745100008,10.062811852000095],[98.86686417000004,10.062830842000096],[98.86687083700014,10.06283194100007],[98.8670927730002,10.06286869400003],[98.8673404050001,10.062991523000164],[98.86763562900018,10.063180455000179],[98.86794988100007,10.063435477000098],[98.86823557800017,10.06364328799998],[98.86846980799999,10.063832591000107],[98.868492693,10.063851086000113],[98.86877841700004,10.06400224600003],[98.8690927450001,10.064068462000023],[98.869321377,10.064040228000124],[98.86957859700016,10.063993128000163],[98.86977741700008,10.06389470500011],[98.87011072200005,10.063640151000186],[98.87055555699999,10.063300406000053],[98.87076669400017,10.063245911000081],[98.87106959700009,10.063246029000084],[98.87129246800015,10.06326682000008],[98.87136332000011,10.063273429000049],[98.87214343300013,10.06353754200012],[98.87263904700006,10.063674187000174],[98.87291437700014,10.063783461000128],[98.87321015999999,10.063872412000137],[98.87321724700013,10.0638745440001],[98.87328537000019,10.06387457000011],[98.87351097800018,10.063874657000042],[98.87355203900012,10.06387467200011],[98.87386896200013,10.063874793000025],[98.87426367800015,10.063829456000121],[98.87462170499998,10.063711333000015],[98.87490632000004,10.063547695000182],[98.87521967300012,10.063326806000077],[98.87544803300017,10.063165836999985],[98.87558730500012,10.063055494000025],[98.87567757800008,10.062983982000162],[98.87588874000011,10.062865805000058],[98.87606317100006,10.062793090000184],[98.87664861600013,10.062569617000065],[98.87687468200016,10.062480100000016],[98.87708816300017,10.062395565000031],[98.87727799200013,10.062359802],[98.87754964800007,10.062308630000075],[98.877901222,10.062308760000064],[98.8782307840001,10.06243954000007],[98.87860421300019,10.062766333000184],[98.87913140000018,10.063267410000151],[98.87953241600013,10.063665125000114],[98.88033961300005,10.064226039000175],[98.880932788,10.064552907],[98.88130631700011,10.064640156000053],[98.8813650680001,10.064637264000169],[98.88174580200013,10.064618532000054],[98.88225122700015,10.064553378000141],[98.88279404000019,10.06436147300019],[98.88286657800018,10.064335830000118],[98.88339405900018,10.064031135],[98.88350320400008,10.063966289000177],[98.88405341800012,10.063639378],[98.88497955800017,10.063293006000151],[98.88504237400008,10.063269516000162],[98.88575166900006,10.062753650000104],[98.88576817000006,10.06274165200017],[98.88616883400016,10.062207889000149],[98.88644937700019,10.061791160000041],[98.88674544200012,10.061513380000179],[98.88730630400016,10.061297442000068],[98.88778925000014,10.06114322100018],[98.88831887900017,10.061143400999981],[98.88866151400003,10.061344209000083],[98.89062358900009,10.063320923000049],[98.89160640600011,10.064193769000155],[98.89166696600017,10.064247552999973],[98.89177720000004,10.064313145000085],[98.89205630100014,10.06457187899997],[98.89249240700019,10.06474183600011],[98.89274164900019,10.064741916000116],[98.89294417200017,10.064695664],[98.89320905400007,10.064510495999968],[98.89340640200004,10.064203372000122],[98.89353634000014,10.064001150000138],[98.89367546699998,10.063822838000078],[98.89380127300012,10.06366159700002],[98.8941596250001,10.063430149000055],[98.89487625400017,10.063214245000097],[98.89553822900012,10.062953178999976],[98.89577985800014,10.062874893000071],[98.89624728900014,10.062519963000057],[98.89649660800012,10.062273038000114],[98.89662131700004,10.061995189000129],[98.89671497100011,10.061393138000142],[98.89679553200011,10.060602897000024],[98.89690226900018,10.060219906000043],[98.89708926700018,10.059988394000072],[98.89749433700013,10.059818705000168],[98.89786822100018,10.059710753000104],[98.8982421500001,10.059463868000023],[98.89852266200006,10.059093437000058],[98.89891225800011,10.058553226000186],[98.89917715100012,10.058306303000109],[98.90017425200011,10.057766274000073],[98.9007195960001,10.057303295000054],[98.90092219100006,10.056994596000038],[98.90114040300017,10.056562406000126],[98.90128071200019,10.056191931000114],[98.90153003400019,10.055883246000064],[98.90199745200016,10.055543746000069],[98.90249603200016,10.05515794500019],[98.90296881300014,10.054639031000079],[98.90296494400008,10.054609335000123],[98.90295519000017,10.054534494000052],[98.90291320400007,10.05421235800003],[98.90284400700011,10.053954578],[98.90264640300012,10.05341009100016],[98.90247081200005,10.052778494000052],[98.90236106700013,10.052364700000112],[98.90214147900008,10.051907312000083],[98.9019218750002,10.05147170500004],[98.90157318000018,10.050535705000186],[98.90154864100003,10.050469841000051],[98.90135103000011,10.04999068800015],[98.90113148800009,10.04935907700019],[98.90097782300006,10.048879937000152],[98.90084619900017,10.048161245000188],[98.9008195360002,10.048007683000094],[98.90073653300016,10.04752967700017],[98.90062687400007,10.046854543000109],[98.90058308300007,10.046353655000019],[98.90054428600018,10.045774281000035],[98.9005393290002,10.04570033200008],[98.90058348800005,10.04502524700007],[98.90069352500018,10.044437298],[98.90078860200015,10.044004484000084],[98.90080354200012,10.043936452000139],[98.9010234430001,10.043370316],[98.9012370330002,10.04286269400012],[98.90135327400014,10.042586428000163],[98.90138072100018,10.042528858000026],[98.90172703800016,10.041802561000054],[98.90223262700016,10.041062287000102],[98.90244894000017,10.040728055000159],[98.90278218800006,10.04021313600009],[98.90287928499998,10.04002481800012],[98.9033098330001,10.039189764000128],[98.90375700400006,10.03837172600015],[98.9037854190002,10.038319745000024],[98.904597976,10.037219424],[98.90476693400012,10.03700186600014],[98.90488249800012,10.036814562000075],[98.9050068750002,10.036612967],[98.90526864600008,10.036116025000126],[98.90546498200018,10.035727121000093],[98.90577039000004,10.03514375500015],[98.90605401000005,10.034495560000039],[98.90629399300008,10.033955393000042],[98.90633773500014,10.033480002000033],[98.906294242,10.033091030000037],[98.90605452699998,10.032701993000046],[98.90600909500017,10.032647281000152],[98.90574939700014,10.032334553000055],[98.90553148400016,10.031967126000097],[98.90518278300016,10.031491624000012],[98.90496491600015,10.030972948000112],[98.90490177300018,10.03077719100014],[98.90479065000017,10.030432663000056],[98.904681842,10.029762744000152],[98.90466020600019,10.029179284000179],[98.90470396600006,10.02863907200009],[98.90470412400009,10.02809883600014],[98.90470424400007,10.027688262000083],[98.90470432400008,10.027413984000134],[98.90461722100008,10.027061567000032],[98.90450827800004,10.026823843000102],[98.90441871900003,10.026703296000164],[98.90420317800005,10.026413173000037],[98.90367460400017,10.026137877000167],[98.90301832400007,10.026007583000023],[98.90249326800011,10.025985745000185],[98.90179325300005,10.025790382000082],[98.90118074200007,10.025595044999989],[98.90074327400009,10.025378076000095],[98.90073173600001,10.025371218000032],[98.90008706600014,10.024987568000086],[98.89978087500015,10.024705585000163],[98.89956224200006,10.02425014500011],[98.8994092690001,10.023708002000092],[98.89910316500004,10.023144125000101],[98.89877511500003,10.022775397000146],[98.89846890800004,10.02253678],[98.89798769700008,10.02227641800016],[98.89739709800017,10.021994344000063],[98.89663145800006,10.021820634999983],[98.89621585200013,10.021647034000125],[98.89525338300018,10.021278105000079],[98.89481594100005,10.020952707000106],[98.89437856400019,10.020453829000076],[98.89407247800006,10.019868265000127],[98.89365708600019,10.019044141000109],[98.89363522300005,10.019002570000168],[98.89352588200012,10.018870619000154],[98.89313226200011,10.018350077999969],[98.89280421100005,10.018046396000102],[98.89241050800007,10.017807746000074],[98.89216915200018,10.01773110900001],[98.89186365000012,10.017634096000108],[98.89107616600012,10.01737363300009],[98.89020117300015,10.017156495999984],[98.88963246800006,10.016896101000043],[98.88910755200016,10.016505616000131],[98.88856083700011,10.01591996500008],[98.88818908500008,10.015486162000172],[98.88810344100011,10.015356885000074],[98.88768618500006,10.014727044999972],[98.88738009200006,10.014184842000134],[98.88707406900005,10.013469166999982],[98.88683364600013,10.012840251],[98.8866370230001,10.012081236000029],[98.88652782200006,10.011560784000096],[98.88652805500016,10.010888572999988],[98.88648450700009,10.010303091000026],[98.88639719700018,10.009739279000144],[98.88628796000006,10.009327246000055],[98.88596002100002,10.008719974000087],[98.88569770600009,10.008156100000122],[98.88532598800009,10.007657241000175],[98.88501987600017,10.007223447000172],[98.8847356180001,10.006854723],[98.88440762500005,10.006442613000047],[98.88392655400008,10.005856978000168],[98.88357665500018,10.005531588000053],[98.88313923100009,10.005271227000094],[98.88304982400001,10.005239292],[98.88259444600004,10.005076613000142],[98.88259240500014,10.005075879000117],[98.88194655500013,10.004830626000114],[98.88093721000001,10.004834355000185],[98.88017162000011,10.004660608000108],[98.8797560180002,10.0045303550001],[98.87925300500001,10.00420491400007],[98.87883746900013,10.003901187000054],[98.8788000720001,10.00387580500012],[98.87842193400013,10.003619144000083],[98.878060082,10.00322797500013],[98.87770037500019,10.002708144000053],[98.87732875700016,10.00199243700007],[98.87695707600005,10.001428507000128],[98.87658534500014,10.001016376000052],[98.87612612300012,10.000582524000038],[98.87597997500012,10.000483323000083],[98.87571059500004,10.000300477000053],[98.87527315000017,10.000105160000146],[98.87474815600007,10.000061594000101],[98.87337365600001,10.000028543000099],[98.87249861700019,10.000057128000037],[98.87185692800011,10.000056881000148],[98.87130275400011,10.000056667000138],[98.87095277200012,9.99996979600013],[98.87066121600014,9.99968055700009],[98.87051144800017,9.999184993000085],[98.87048644100014,9.999102247],[98.87025336500005,9.998437179000064],[98.87002029900015,9.997743202000095],[98.86989905900003,9.997567400000094],[98.86964134800013,9.99719372100003],[98.86938498000006,9.996846898],[98.86932068100015,9.996759914000108],[98.86891246600004,9.996441720000064],[98.86838762400015,9.996036742000115],[98.86780442200018,9.995689569000092],[98.86729698400012,9.995500717000084],[98.8671045120002,9.995429081000054],[98.86637541400006,9.995255317000044],[98.8655296180001,9.995139332000122],[98.8646546240002,9.995110061000105],[98.86401294800004,9.995109799999966],[98.86348794800011,9.995080676000043],[98.86261292900008,9.995109225000022],[98.861825366,9.995224543000177],[98.86109607500015,9.995513366000182],[98.86004585900014,9.995975515000111],[98.85908316400014,9.996408797000072],[98.85838294500002,9.996871087000159],[98.85754513800009,9.997463112],[98.85747929900003,9.997481165000181],[98.85730023200006,9.997483348000117],[98.85712344100011,9.997437071000093],[98.85696803900004,9.997343132000026],[98.8568210730001,9.99723338500013],[98.85668305600018,9.99711459800011],[98.85658328800008,9.996965258000046],[98.85650495700008,9.996800197000141],[98.85643461200004,9.996634044000189],[98.8563686220001,9.996464377000052],[98.85630391600006,9.996295885000166],[98.856092085,9.995857231000116],[98.85580340700011,9.99528428800005],[98.85548067500008,9.99482926100012],[98.85519194000005,9.994391102],[98.85485326700018,9.993911068000102],[98.85483523700015,9.993885520000106],[98.85444449400006,9.993514691000087],[98.854053684,9.99329550800013],[98.85340794400008,9.993042507000098],[98.85272822100006,9.992772645000173],[98.85169158500008,9.992502624999986],[98.85068889900009,9.992333704000146],[98.85011106400015,9.992266052000048],[98.85009570400013,9.992264351000188],[98.84824330100002,9.992322273000184],[98.84727673000009,9.992400044000135],[98.84650742700012,9.99245834900006],[98.84587621700013,9.992477604000157],[98.84524498800005,9.992516421000062],[98.84479134300005,9.992457553000179],[98.84441662900014,9.992320507000045],[98.8439038680001,9.992124733000026],[98.8433911460001,9.991850753000051],[98.84286846400005,9.991591385000106],[98.84279953200019,9.991557182],[98.84252265900011,9.991415357000108],[98.84218820000007,9.991244053000173],[98.84171496400018,9.990911422000067],[98.84143900600009,9.990500683000107],[98.84118279400019,9.990070388000106],[98.84104495700007,9.989581501999965],[98.84098607800007,9.988955784999973],[98.8410454980002,9.988466992000156],[98.84106552000009,9.987841310000078],[98.84103029,9.987455054000066],[98.84102628300013,9.98741112800019],[98.84077014000013,9.986843974000124],[98.84051393200008,9.986394132000044],[98.84027745200007,9.985963846000175],[98.83992255000004,9.985650836],[98.8396662400001,9.985435630000154],[98.8392915930001,9.985181256999965],[98.83873939300008,9.985005019000141],[98.83804912000011,9.984809159000122],[98.83727995900011,9.98461324800013],[98.836688257,9.984534746000065],[98.83614533100001,9.984487062000028],[98.83587434300017,9.984463261000087],[98.83557988100017,9.98298893500015],[98.83556654800003,9.98276231200009],[98.83555539800017,9.982572902000072],[98.83551337700015,9.982327414],[98.8354893230001,9.98225001999998],[98.83544670200007,9.982112899000128],[98.83522233400015,9.981770341000185],[98.83495475,9.981479132000175],[98.83491079500004,9.981443034000051],[98.83470440100018,9.981273535000128],[98.83441084700007,9.981119289000162],[98.8341259460002,9.980930801],[98.83396197100006,9.980708130000153],[98.83382392300018,9.980434101000128],[98.83372805900007,9.980208072000153],[98.83363599100005,9.980050913000014],[98.83347876900001,9.979868892000184],[98.8334368130001,9.979849459000093],[98.83327825100014,9.97977601600013],[98.83309484900008,9.979740300000174],[98.83296929200009,9.979731653999977],[98.83265838200009,9.979740064000168],[98.83229562100018,9.979825498000139],[98.83225559500005,9.979844318000062],[98.831950087,9.979987983000171],[98.83137687300018,9.980255958000043],[98.83130823200014,9.9802704170001],[98.83118859800015,9.980250200000114],[98.83111359700007,9.980207755000038],[98.83101499300011,9.98013156900015],[98.83091154500005,9.97998222900003],[98.83088126300004,9.979924714000163],[98.83082638700012,9.979820498000095],[98.83075003200014,9.979655342000058],[98.8306683400001,9.979493708],[98.83056971300005,9.979343276],[98.83046092600017,9.979198535000023],[98.83034716400016,9.979057147000049],[98.83023205700016,9.978915749000066],[98.8301251110002,9.978780000000143],[98.82999320700009,9.97864140400003],[98.82974412900012,9.97838600600005],[98.82950363900011,9.978196726000021],[98.82950332600018,9.978196477999973],[98.82939666500016,9.978130321000094],[98.82919277500014,9.97803243800007],[98.82896350200008,9.977949153000054],[98.8285565330001,9.977808959000185],[98.82832678400018,9.977682269000184],[98.82822583700005,9.977593220000188],[98.82814967600007,9.977471124000033],[98.8281188320002,9.977348573000086],[98.82813604000017,9.977239552000015],[98.82816644400003,9.977166444000034],[98.82840746800008,9.976944227000047],[98.8287149620001,9.97668087400018],[98.82907592400016,9.976301072000183],[98.82927183900011,9.976071781000144],[98.82927962000014,9.976061628000082],[98.82945471500017,9.975833071000125],[98.8295549990001,9.975652010000147],[98.82956280600013,9.97563548700009],[98.82962938100019,9.975413178999986],[98.82972209300004,9.975040642000181],[98.8297482370001,9.974935584000036],[98.82975729900011,9.974775233000173],[98.82974611700007,9.974556824000103],[98.82968809800019,9.974309756000082],[98.82960593400014,9.974099004999971],[98.8295667550002,9.974035195000056],[98.82946634100006,9.973946616000092],[98.82939958600014,9.973899971000037],[98.8292231800001,9.973798951000049],[98.82915763000017,9.9737675450001],[98.82904670200003,9.973699584000087],[98.82895482500015,9.973643298000013],[98.82887720800005,9.973529778000056],[98.82882465900008,9.97340718300012],[98.82882473000018,9.973271725000075],[98.82889132600013,9.973008250000078],[98.82895786600017,9.972835351000072],[98.82906597700014,9.972596600000088],[98.82927614600004,9.972230067000055],[98.82929689600013,9.972181446000036],[98.82934802900019,9.972009687000138],[98.82939803000016,9.971841671999982],[98.82945675100012,9.971589400000084],[98.82945788100005,9.97157656700017],[98.82949307000001,9.971380935000127],[98.82950960100004,9.971083279000027],[98.82950415700014,9.971045383000103],[98.82948454800004,9.970908823000173],[98.82946268199998,9.970860567000102],[98.829403813,9.970761248000144],[98.82931327900019,9.97066104300012],[98.82909218600008,9.970504848000076],[98.82902312500016,9.970470570000032],[98.82858648500007,9.970268300000043],[98.82825900400007,9.970116590999965],[98.82786604300014,9.969907128000159],[98.82756042400018,9.969712133000087],[98.82720386600016,9.969488255000044],[98.82691282800005,9.969257187000096],[98.82679012400001,9.96915355800013],[98.82650422000017,9.968883339000115],[98.82649136300012,9.96886693100015],[98.82648357000005,9.968860080000013],[98.82625806300013,9.96857854000018],[98.82611262700004,9.968311473000028],[98.82601086900013,9.968029995],[98.82592371800013,9.967654709000044],[98.82588574100009,9.967356993000124],[98.82588352400018,9.967339549000087],[98.8258657250002,9.967200074000175],[98.82584100100013,9.966882283000075],[98.82580662900011,9.966539772999965],[98.82580696100013,9.965914381000118],[98.8257913330001,9.965716711000084],[98.82577804900006,9.965548752000132],[98.82571026300013,9.965250451000088],[98.82561334700011,9.964990625000041],[98.82555690600014,9.964889258000085],[98.82541824100014,9.96471116500004],[98.82529915900005,9.964604646],[98.82515974300003,9.964485933000049],[98.82513082700012,9.96446137300012],[98.8250198720001,9.964367133000167],[98.82488392300013,9.964244888999986],[98.82475565800007,9.96411704999997],[98.82463626100008,9.963980260000028],[98.82452153900016,9.963835521000078],[98.82441524000018,9.963683907000132],[98.82432324200005,9.963526700000159],[98.82425028200004,9.963364974000115],[98.82423247800017,9.963263520000055],[98.82423257300007,9.963086067000063],[98.82424985000017,9.962835407000057],[98.82426191700017,9.96266033500018],[98.82424748400013,9.962429416000134],[98.82420391400012,9.962234557000102],[98.82408032200016,9.961953067000081],[98.82382605700019,9.9616094430001],[98.82373846800016,9.961476625000103],[98.82349849500008,9.961050760000148],[98.82333855899998,9.960675433000063],[98.82318581900017,9.960451658000125],[98.82309125700016,9.960343365000142],[98.82307949400013,9.960333025000182],[98.82283661300005,9.960119538000185],[98.82253101900017,9.95990289700012],[98.82221089500013,9.959635726000101],[98.82196356399999,9.959346955000115],[98.82192015500004,9.959283453000182],[98.82184497700007,9.959137243000157],[98.82177806200013,9.958934171000067],[98.82176409000004,9.958837889999984],[98.82175291400017,9.958545860000186],[98.82178943100007,9.958322178000117],[98.82186240500005,9.957983064000132],[98.8219280850002,9.957672809000144],[98.82197199800015,9.95737998900006],[98.82200017700012,9.956906024000034],[98.82201222200013,9.956398314000126],[98.82203627900009,9.955916430000059],[98.82208003600005,9.955039857999964],[98.82208076500018,9.955025283000111],[98.82218808200008,9.953585057000112],[98.82225621900017,9.952960973000188],[98.82233404100003,9.952336887000058],[98.82246038300019,9.951530399000148],[98.82263507600015,9.950867961000029],[98.82304055200012,9.95024315500001],[98.82331161400015,9.949795805000122],[98.8235546480002,9.949297812000054],[98.82362820800006,9.948952336000048],[98.82359174700014,9.948534067000026],[98.82351855300016,9.948206696],[98.8233353390001,9.947806534000108],[98.82311540600011,9.947479091000105],[98.82272544900007,9.947092071999975],[98.82269375600004,9.947060611000154],[98.822217136,9.946533000000102],[98.82172224500005,9.945878082999968],[98.821626676,9.945745861000091],[98.82134380000008,9.945354481000038],[98.82111739800018,9.945041253000056],[98.82050892700016,9.944351076000032],[98.81999918100007,9.943822270000169],[98.81970584900017,9.943567520000045],[98.819339221,9.943167261000042],[98.81880758199998,9.94263960600017],[98.81820258600004,9.94211191200003],[98.81772594000006,9.94165703200008],[98.8173593460001,9.941202216000079],[98.81708449400008,9.940692887000125],[98.81686470400018,9.940129036000087],[98.81673655100013,9.939692530000059],[98.81665102000011,9.939256685000146],[98.81654473200018,9.938622271000042],[98.81641122100007,9.938210219000041],[98.81640804800008,9.93820042200008],[98.81624480800008,9.93785466100013],[98.81613274200004,9.937690030000113],[98.81607396900006,9.93762956800009],[98.81590724500012,9.937508813000136],[98.81570028300001,9.937416874000064],[98.81548388400017,9.937357154000097],[98.81540614900001,9.937335701],[98.81516750200007,9.93728486100008],[98.81502485900012,9.93725447700001],[98.81483344200018,9.93722440200014],[98.8148018560002,9.937214828000037],[98.81465992,9.937151649000043],[98.8144905050001,9.937038137000059],[98.81440035600019,9.936955166000075],[98.81426452600016,9.936790725000037],[98.81396141800013,9.936149418000184],[98.81381897900013,9.936251293000169],[98.81369238900015,9.936290439],[98.81347880600015,9.936313842000118],[98.81313075400016,9.936313648000066],[98.8129115160001,9.936298218000047],[98.81275690600012,9.936294652000129],[98.81268208100005,9.936292924000156],[98.8122586950002,9.93633084400011],[98.81200607500006,9.936362675000169],[98.81148240300007,9.936493801000154],[98.81120354100011,9.936563634000152],[98.81100178300011,9.936628571000142],[98.81075090700017,9.93670932800012],[98.81003791400002,9.937002483000128],[98.80953047900005,9.937274274000174],[98.8081544750001,9.938489964000041],[98.80740768000004,9.939202112000146],[98.80680871000004,9.939651452000021],[98.80649504000019,9.939886756000135],[98.80539013300017,9.940633916000138],[98.80536119300007,9.940653490000159],[98.80516694000005,9.940824472000088],[98.80436549000018,9.941529931000105],[98.80364619400018,9.94246133900009],[98.80306528900019,9.943091359000164],[98.8025675720001,9.943310318000101],[98.80187645600012,9.9433373170001],[98.8012683820001,9.943172520000019],[98.80043931700015,9.942760924000083],[98.79919562900011,9.942266855000184],[98.79794567700003,9.94183904800019],[98.79742628500009,9.941531529000088],[98.79704678700011,9.9412175920001],[98.79659684800009,9.940888101000098],[98.79622400900007,9.940685548000147],[98.79614002600016,9.940656986000079],[98.79568961100006,9.940503808000017],[98.79539829300012,9.940456200000028],[98.7950126730002,9.94045008200004],[98.79457363200004,9.94047922600015],[98.79415827300005,9.940590719000056],[98.79381408900014,9.940725797000027],[98.79343425000008,9.940960835999988],[98.79315226900013,9.941166223000039],[98.79305981400017,9.941233566],[98.79253798200017,9.941642579000188],[98.79211057100008,9.942042272000151],[98.79177218800004,9.942383210000116],[98.79153471500001,9.94264186600003],[98.79135656700004,9.94290055700003],[98.79116056800007,9.943253349000088],[98.79072097300019,9.94414710600006],[98.79048439200005,9.944541270000116],[98.79047747200002,9.944552802000032],[98.79028151800014,9.944817364000073],[98.79008561000012,9.945023101000118],[98.78973542900019,9.945246392000058],[98.78942684700007,9.945369719000041],[98.78919647900017,9.94543746200003],[98.78903872199999,9.945483857000056],[98.78898773500015,9.945498850000149],[98.78867322800016,9.945610401000067],[98.78840617600008,9.945721989000049],[98.78802882800011,9.94596563600004],[98.78751556600008,9.946296524000047],[98.78719519500015,9.946519217000116],[98.78718938300005,9.946524091000128],[98.78676535400001,9.946879338000144],[98.78654859400001,9.947100271000068],[98.78593969299999,9.947703155],[98.78558155800016,9.947998657000142],[98.78498469800013,9.948435946000131],[98.78377910600005,9.949204051000038],[98.78323731800015,9.949508256000058],[98.7825925750002,9.949823850000087],[98.78252041800016,9.949854450000089],[98.78229910500005,9.94994831200006],[98.78191023800014,9.950093504000165],[98.78166657400004,9.950184480000075],[98.78163701500017,9.95019471400019],[98.78137590000017,9.950280255000052],[98.78110488300018,9.950347232000013],[98.7809771540002,9.95037059900011],[98.780944848,9.950373272000036],[98.78062840300004,9.950373065000122],[98.78041019900007,9.950331709000068],[98.78039809300014,9.95032721400014],[98.7803169350002,9.950297103000025],[98.78026404600018,9.950272389000133],[98.7799120090001,9.950061043000062],[98.77973972600012,9.949923873999978],[98.77961262600007,9.949807927000052],[98.7794237920001,9.949650706000114],[98.7792851980002,9.94952398200013],[98.77928070200016,9.94952048800019],[98.779268306,9.949510793000172],[98.77866058500013,9.949035091999974],[98.77835052800009,9.948798316000136],[98.77804980400009,9.948619162000057],[98.77799272700008,9.948585153000181],[98.77588159200013,9.947483658000067],[98.7757657370002,9.947419917000047],[98.77499900400011,9.94699807100011],[98.7743915650002,9.946659454999974],[98.77417571500013,9.946569941000064],[98.77397323300005,9.946500566000054],[98.77353184300011,9.946393809000028],[98.77293531400005,9.946334261000061],[98.77261321000003,9.946263066000142],[98.77230308700007,9.946132732000024],[98.77205155200011,9.945972179000137],[98.77188463700008,9.945822256000099],[98.7716711060001,9.945576345000063],[98.77112877000013,9.94479047100009],[98.77097338800007,9.944597231000046],[98.77058564800018,9.944115016000069],[98.77046713800013,9.94399044000005],[98.77006183700007,9.943469686000128],[98.76964466200008,9.942877953999982],[98.76931092300009,9.942392735999988],[98.76906064899998,9.941990383000189],[98.76864344300014,9.941434130000118],[98.76815469600012,9.94081869300004],[98.76784470100012,9.940499094000188],[98.76765399400006,9.940238725000029],[98.76737910300017,9.939830428999983],[98.76732438500005,9.939805552000166],[98.76698589400019,9.939651631000118],[98.76639931300008,9.939452842000094],[98.76594770100019,9.939305818000037],[98.7654182490001,9.939089246000037],[98.76488620000003,9.938889397000139],[98.76396224400014,9.938538711999968],[98.76328746600007,9.938260258000014],[98.76270712900009,9.937996460000079],[98.76267498600004,9.93798184600007],[98.7623540140001,9.93781553100007],[98.76178506900004,9.937469616000158],[98.76127378100017,9.937054272000069],[98.76011143400018,9.93610626400016],[98.75958216500004,9.93566319000007],[98.75937044000017,9.935516664000033],[98.75904105500018,9.93534424600017],[98.7589982720001,9.935326602000146],[98.75886036000009,9.93526972900014],[98.75868946100007,9.935199253000178],[98.75802506500014,9.934941393000145],[98.75739588700014,9.93473025500009],[98.75705264900017,9.934564475000059],[98.7565198850001,9.934229917999971],[98.75586608600014,9.933683792000068],[98.75509822999999,9.93291108200009],[98.75430981000017,9.931880965000062],[98.75427824500008,9.931837089000169],[98.75405047100008,9.931520441000089],[98.75393954500015,9.931251791000022],[98.75388462700005,9.931118801000025],[98.75373961500014,9.93063481200005],[98.75357756700004,9.930051673000037],[98.75352213300005,9.929852204000156],[98.75323199300004,9.92903865400018],[98.75311810800014,9.928585575000056],[98.75313921300017,9.92813259500008],[98.75325394800018,9.927453190000051],[98.75337550700004,9.926808053000059],[98.75342075300006,9.926567912],[98.75348595300011,9.926166441000078],[98.75354067300003,9.92588850300018],[98.75355645400015,9.925618263000047],[98.75349436300007,9.925332522000133],[98.75327667200008,9.924838180000052],[98.75310568300006,9.924374769000167],[98.75302807100007,9.924019520000172],[98.75299719000009,9.923664304000113],[98.7530052250001,9.923332285000072],[98.75305999800014,9.922984862000021],[98.75306796900014,9.922737770000026],[98.753021407,9.922521539000115],[98.75292812800006,9.922289828000089],[98.75266369100012,9.921818620000181],[98.75239924800013,9.921362851000026],[98.75229046400005,9.921038466000084],[98.75224392299998,9.920791349000183],[98.75223439700011,9.92053521600019],[98.75228696200008,9.92036108700006],[98.75233982000003,9.92018814000005],[98.75238673900009,9.92001292800012],[98.75242448000012,9.919836717000067],[98.75245771100009,9.919658060000074],[98.75248349300011,9.919478310000159],[98.75249814800014,9.91929855100011],[98.75249715600006,9.919115434000162],[98.75248226100018,9.918672479000179],[98.75240770600016,9.918400629000075],[98.75225837900012,9.918136953999976],[98.75220243800004,9.91807415900007],[98.75206747600004,9.91792266900012],[98.75206644200017,9.91792194400017],[98.75181010000006,9.917741280000143],[98.75139490100008,9.917543298999988],[98.75115121800008,9.917478447000121],[98.75080523500014,9.91738637300017],[98.75079691700017,9.917385302000184],[98.75003276600012,9.917286964000027],[98.7492685580001,9.91724521600014],[98.74841297,9.91721986300007],[98.74791458700008,9.917186543000128],[98.74717534700005,9.917078919000119],[98.74661887900015,9.916963189000114],[98.74611226700017,9.916814551000073],[98.74573556799999,9.916647472000022],[98.74565410100013,9.916611331000183],[98.74564724400017,9.91660829500006],[98.74564399500014,9.916606235000074],[98.74520839700017,9.91630737200012],[98.74517351300011,9.91628343900004],[98.74470896600013,9.915959372000145],[98.74452618500004,9.91638956300011],[98.74447897300001,9.916591679000135],[98.74446316300015,9.916762717000097],[98.74448646400003,9.917042630000026],[98.74452545000008,9.91733810900007],[98.74457227700015,9.917618048000065],[98.74462310400014,9.91786465700011],[98.74463471900015,9.917992489000028],[98.7446652550002,9.91832837000004],[98.74464939200004,9.91918719000006],[98.74472448300008,9.920347431000039],[98.74480842800006,9.920873932000177],[98.74485194500016,9.921023703],[98.74490664100006,9.921280321000097],[98.74496125700017,9.921638019000056],[98.74502362300018,9.922112340000126],[98.74507053100012,9.922291200000188],[98.74505473800014,9.922438912000132],[98.74496055300011,9.922547693000183],[98.74479578200004,9.922664192000127],[98.74452904800017,9.92281171400009],[98.7441995320001,9.923021384000037],[98.74388562800004,9.923316594000084],[98.74361095600005,9.923588514000073],[98.74332846500005,9.923821549000081],[98.74288118200008,9.924209953000059],[98.74251238100004,9.924505121000152],[98.74208863300015,9.924877995000088],[98.7416727480001,9.925219777000109],[98.74117062800013,9.925530384000126],[98.74072337400008,9.92587214100007],[98.74039380900007,9.926136235000058],[98.74007995400012,9.926361469000085],[98.73980532700006,9.926571177000028],[98.73957773800015,9.926788699000042],[98.73945998800019,9.926944112000058],[98.73937362600014,9.92706844300011],[98.73931076500014,9.927231672000062],[98.73925567200013,9.92748042400018],[98.73923194300005,9.927736982999988],[98.739231727,9.928009103000136],[98.73926288500013,9.928273477000175],[98.73934109900017,9.92853788900004],[98.73942721200012,9.928724560000092],[98.7395602680001,9.929043439000111],[98.73973255200013,9.92934679300015],[98.73986444800005,9.929556395000077],[98.73992835800004,9.929657948000056],[98.7400536780001,9.929844642000035],[98.74025894600004,9.930123229000117],[98.74028868700009,9.930163600000128],[98.74053158300012,9.930420364999975],[98.74079019200008,9.930646042000092],[98.74101746500014,9.93083281200012],[98.74120980300006,9.931001778000052],[98.74133095100018,9.93122944300012],[98.74136847000017,9.931339436000087],[98.74136329300018,9.93147514400016],[98.74136198300005,9.931509510000126],[98.74131477500009,9.93170384300015],[98.74124406300007,9.931867067000155],[98.74111060800016,9.932053560000043],[98.74097321200014,9.932253980000098],[98.74066251400018,9.932683742000108],[98.74051840100009,9.932883070000116],[98.74050610900014,9.932900566000114],[98.74038833800006,9.933079299000099],[98.74028619700005,9.933320251000112],[98.74019975500016,9.93354565200002],[98.74016041400006,9.933716673000049],[98.74013669600004,9.933957676000034],[98.74012857300016,9.934315317000028],[98.74012834000007,9.934610773000145],[98.74013500900014,9.93482089600002],[98.74013599100005,9.934851802000082],[98.74013597900006,9.934866862000092],[98.7400248510001,9.935374497000112],[98.74001684000007,9.93541110199999],[98.73960556900005,9.936601099000143],[98.73949336900017,9.937179571000058],[98.73949103900014,9.937253779000173],[98.73947511900008,9.937556987],[98.73944349000004,9.937875738],[98.73941967600001,9.938248912000176],[98.73938806100017,9.938559891000068],[98.7393486160002,9.938847535000036],[98.73927784300008,9.939096285],[98.73919141900006,9.939298367000049],[98.73906578300017,9.939492638000047],[98.73890099800008,9.939624688000151],[98.73861849800016,9.93985771000007],[98.73839091100007,9.940059680000047],[98.73829687900013,9.94012847600004],[98.73781767999998,9.940538133000132],[98.73775332100007,9.940597588000173],[98.73775280300003,9.940598068000043],[98.73662367700007,9.941879538000023],[98.7359943310002,9.94271400800011],[98.73482882400015,9.944803058000105],[98.73481369400014,9.944840169000088],[98.73456409099998,9.945303263000028],[98.73422105600014,9.945735397000078],[98.73368065300008,9.946239437000031],[98.73307779600003,9.946928742000125],[98.73290102000016,9.947216868],[98.73282815600015,9.947433021000052],[98.7328175670001,9.947680095000067],[98.73281714000012,9.948205153000174],[98.73277539800006,9.948462508000034],[98.73270840200018,9.948581827000055],[98.73261940300006,9.948740361000034],[98.73244855000019,9.948918863000074],[98.73224523100015,9.94913128200011],[98.73168410400018,9.949573527000041],[98.73113328500017,9.95009815000003],[98.73082141300011,9.950509707000037],[98.73037432000018,9.951188843000125],[98.73007275600008,9.951682770000048],[98.7299063110001,9.952032678000023],[98.72981258400006,9.952351766000163],[98.72978931700015,9.952595728000063],[98.72978115700005,9.95268118500013],[98.72980162800002,9.953051831000096],[98.72978064100016,9.953309202000128],[98.72971816000006,9.953525346000106],[98.72953107500012,9.953720809000174],[98.7293440320002,9.953864795000186],[98.729115477,9.95396756200006],[98.72857540100011,9.95404948700019],[98.72770295900006,9.954203206000045],[98.7271004690001,9.95440861700007],[98.7269671470001,9.954487781000068],[98.72663292000004,9.954686214000048],[98.72634195800015,9.954912476000118],[98.72604055800008,9.955200495000042],[98.72570786400007,9.95565321700019],[98.7254376360001,9.955930971999976],[98.72521940600018,9.956095510000125],[98.72495967600014,9.956229137000037],[98.72449219400005,9.956434663000039],[98.72384576900009,9.956699087000061],[98.72367434500012,9.956761154000105],[98.72350547100018,9.956832276000114],[98.72334035900019,9.956912435000106],[98.7231800420002,9.957000468000047],[98.72302514300003,9.957094203000054],[98.72287220499999,9.957192463000183],[98.72272165700019,9.957293972000173],[98.72257246900006,9.957400104000044],[98.72242552699998,9.957507403000136],[98.72228031800017,9.95761814900004],[98.72213706700012,9.957731058999968],[98.72199554200006,9.957845154000097],[98.72185604800006,9.95796151200011],[98.72171940200013,9.95808112300017],[98.72158501500007,9.958204262000152],[98.72158301700011,9.95820615800011],[98.7207789270002,9.958754932000033],[98.72029731500015,9.959263361000126],[98.72001542700008,9.959747782000136],[98.71985621900006,9.960329800000181],[98.71967138000014,9.960991873000125],[98.71950769000006,9.96137454400008],[98.719415723,9.961461865000103],[98.71927337900013,9.961572611000065],[98.71912192000013,9.961674216],[98.71896498700005,9.961771383000155],[98.71880723300012,9.961867286000029],[98.71865209900005,9.961964358000046],[98.71849809500014,9.962061438999967],[98.71834228600011,9.962156257],[98.7181857280001,9.962248901000066],[98.718028877,9.962342632000059],[98.71787276600014,9.962436266],[98.71771786200014,9.962532268000132],[98.71756529400011,9.96263052500018],[98.71741519500006,9.962733208000088],[98.71726027700004,9.962835976000065],[98.71710634400017,9.962943284000062],[98.7169616540001,9.963057365000168],[98.71683462900018,9.963183856000057],[98.71673385500014,9.963327369000126],[98.716663375,9.96348889900014],[98.71661304500009,9.963664103000099],[98.71657151200014,9.963845010000057],[98.71652689900009,9.964024740000184],[98.71646768900018,9.964197676000083],[98.7163917150001,9.964364898000042],[98.71630663300016,9.964535559000069],[98.71620719100008,9.964693804000092],[98.71608769200009,9.964822561000176],[98.71594136400006,9.964911777000111],[98.71576881300007,9.964973847000067],[98.71558176000013,9.965012021000064],[98.71539156000006,9.965031034000106],[98.71521048100004,9.965032055000108],[98.71513152900008,9.965016203000062],[98.71503892000015,9.964989044],[98.71487137700007,9.964905169000076],[98.71470745900018,9.96481460200016],[98.71454849300017,9.9647240380001],[98.71439293200018,9.964623267000036],[98.71423759800012,9.964523566000025],[98.71407946000016,9.964434186000119],[98.71391499800006,9.964365046000069],[98.71374027400003,9.964323032000152],[98.71355703100005,9.964303708000159],[98.71337023300003,9.964303548000146],[98.71318568700002,9.964319208],[98.71300729300003,9.964347266],[98.71282956400017,9.964390065000089],[98.71265362200018,9.964445347000037],[98.71248084000007,9.964508500000022],[98.7123124920002,9.964579609000168],[98.71215871500016,9.96467108600018],[98.71202266400019,9.964796478000096],[98.7118694850002,9.964893557000039],[98.71169775500005,9.964962399000058],[98.71151928400008,9.964988284000128],[98.711442213,9.96499040800012],[98.71133423300017,9.964976827000157],[98.71118205100015,9.96493344300012],[98.71100246100008,9.964823401999979],[98.71090706600006,9.964763673000107],[98.71086144200018,9.964741005000178],[98.710826171,9.964728626000124],[98.71078883100012,9.964718313000105],[98.71074527100006,9.964710042000036],[98.71069961300003,9.964707947000136],[98.71064151600012,9.964714070000184],[98.71057553000014,9.964736332000086],[98.71050127400008,9.964791992000073],[98.71040226200006,9.964892209000084],[98.7103278940001,9.965003522000131],[98.71020841800015,9.965295773000094],[98.71013240200011,9.965798753000115],[98.71011797000017,9.966351630000133],[98.71009816000009,9.966629606000026],[98.7100895710002,9.966750082999965],[98.71000209400017,9.967196914999988],[98.70994229100006,9.967502344000138],[98.70982181600016,9.967722646000084],[98.70957573500016,9.96817265900006],[98.70940502900004,9.968451979000122],[98.70906981100018,9.96911514900006],[98.70880430000017,9.969792194000036],[98.70863891200014,9.970270967000147],[98.70860859400011,9.970358735000104],[98.70853532600012,9.970693228000187],[98.7084965900001,9.97087005600008],[98.70842646300008,9.97133994700016],[98.70835637500016,9.971754553000153],[98.70834275400017,9.971844059000091],[98.70833725000006,9.971953311000107],[98.70831370400009,9.972019826000178],[98.708162786,9.97244606400011],[98.70804301100014,9.972656713],[98.70802365700013,9.972690754000098],[98.70773901800015,9.972998026000084],[98.70761801500015,9.973087835000172],[98.707426248,9.973298674000091],[98.70703436000008,9.97372956900017],[98.70688801300014,9.97388221600005],[98.70655449400016,9.974230090999981],[98.70590442600002,9.974695830000087],[98.7049799240001,9.975354405000132],[98.7047393110002,9.97552582500009],[98.70412978200011,9.976116151999975],[98.703831375,9.976539768000066],[98.7037014010001,9.976989216000106],[98.70375309000019,9.97733295300003],[98.70375000100006,9.977387165000096],[98.70376015100015,9.977495468000086],[98.70385018300016,9.977722376000031],[98.70388639100014,9.977794330000108],[98.70396951700008,9.977926743000125],[98.70427039000003,9.978248519000147],[98.70491431500011,9.978865359000167],[98.7050680710002,9.979154787000141],[98.70510277700004,9.97929290400009],[98.70511152700004,9.979469526000173],[98.70512430800017,9.979662210000129],[98.7050370620002,9.979929510000034],[98.70448842400009,9.98072777300007],[98.70310741900016,9.982355698000049],[98.70286455400003,9.982676103000188],[98.70256664200008,9.983173432],[98.70235973700011,9.983560014000034],[98.70223143700014,9.983799737000083],[98.70198924100004,9.984352406000028],[98.70190916700011,9.984537156000044],[98.70176568000005,9.984868236000125],[98.70164208400013,9.985157081000125],[98.70156073200019,9.985347215000047],[98.70123533100013,9.986143350000077],[98.70091183200014,9.986727672000143],[98.70064473900015,9.987061495000091],[98.70030732400005,9.987506613000164],[98.69994198600017,9.987784676],[98.69963288100007,9.987979268000117],[98.69925361600008,9.988132038000117],[98.69873396000003,9.988242928999966],[98.69810202800016,9.988298028000031],[98.69738587400008,9.988325218000114],[98.69643098500018,9.988366110000129],[98.6957849710002,9.988462960000163],[98.69518390600012,9.988666837999972],[98.69508286400014,9.988732527000025],[98.69507507800017,9.988740463000113],[98.69468870200018,9.989100421000046],[98.694375278,9.989501278000091],[98.694069383,9.990015675000109],[98.6938397940001,9.990575551000063],[98.69367888900001,9.9911809030001],[98.69358680400012,9.991672788000187],[98.69357856600016,9.992316127000038],[98.69360843500004,9.993035190000114],[98.69367079800014,9.993387461000054],[98.69376818200004,9.993671108000171],[98.6939814800001,9.994201120000128],[98.69501081700008,9.995761236000078],[98.69527009100005,9.99612477100004],[98.69548711700008,9.996454860000085],[98.69551407800009,9.996495866000089],[98.69566648800009,9.996821458000056],[98.69577299400004,9.99724540800014],[98.69580316500014,9.99763901199998],[98.69578211800007,9.99785085100001],[98.69574696500007,9.998013546999971],[98.69568534800004,9.998147593000056],[98.6955611200001,9.998330335999981],[98.69543587200019,9.998486380000145],[98.69464113600014,9.999166842000136],[98.69409564900008,9.99969953800013],[98.69408620600007,9.999713217000135],[98.69340355700018,10.001168279000069],[98.69289760200013,10.00281590800006],[98.69260097600011,10.003352571000164],[98.69243613200013,10.003650822000054],[98.69236349599998,10.003733286000113],[98.69192870400008,10.004226920000121],[98.69169953500005,10.004358152000123],[98.69123745200011,10.00462275000018],[98.69089726600004,10.004774264000105],[98.69081386000005,10.004811416000166],[98.69068476600017,10.004868908000105],[98.68949125300014,10.005400476000034],[98.68822678400005,10.00582439800013],[98.68648499500006,10.006569636000165],[98.68628993800019,10.006794774000127],[98.68600820500006,10.007206173000156],[98.68591512800009,10.00734208900019],[98.6858811240001,10.00750767300002],[98.68561638900013,10.00879701700012],[98.68552306900006,10.01109072700001],[98.68523432700016,10.01370463100011],[98.68494771200017,10.014109655000084],[98.68474314899998,10.014231050000092],[98.68443637700005,10.01433208300017],[98.68371779799998,10.0143314],[98.68358798100019,10.014357896999968],[98.68304496600012,10.014375932000178],[98.6823334230001,10.014412372000152],[98.6810975370002,10.014522542],[98.680578255,10.014607815999966],[98.68026709600014,10.014796608000154],[98.68017973800016,10.014855726000064],[98.67992850900009,10.015196969000158],[98.67984400900019,10.015459309000164],[98.67980418600018,10.015950355000143],[98.67976615300017,10.016544212000156],[98.67976560700009,10.017100989000141],[98.67982110700007,10.017787731000112],[98.67997046300019,10.018233296000119],[98.68015728900019,10.018660336000096],[98.68035363800016,10.019103148000113],[98.68071774200013,10.019960015000038],[98.68090431400009,10.02064688300004],[98.68105352700007,10.021240920000082],[98.68114647800007,10.021927696999967],[98.68116460400012,10.022540167000045],[98.68120149200018,10.023115538000127],[98.68135074500015,10.023672451000095],[98.68155614900013,10.024247980000041],[98.68168673100007,10.024749203],[98.68181733400013,10.025231864999967],[98.68179819400012,10.025658710000016],[98.68177926800018,10.025935968000056],[98.681760198,10.026215450000109],[98.6816474740001,10.026605083000106],[98.68151609300014,10.026920461999964],[98.68132838999998,10.02738426000019],[98.68119683000015,10.02788523300012],[98.6811965220001,10.028200734000052],[98.68122542999998,10.02831582500005],[98.68132952400009,10.028512315000171],[98.68163487900006,10.028876222000179],[98.6822150120002,10.029384564000111],[98.68230176300017,10.02943303900014],[98.6824107810001,10.029533421999986],[98.68252005900013,10.029701173000092],[98.68257427700013,10.030011952000166],[98.68256017000016,10.030498294999973],[98.68248551300007,10.031291599000099],[98.68248528600014,10.031524059000105],[98.6824095560001,10.032377706000148],[98.68233234000013,10.032758461000128],[98.68218376900018,10.033491039000182],[98.6820143600001,10.034400274000177],[98.68146991800018,10.035847363000073],[98.6806263000002,10.03806015500004],[98.68058070700005,10.03857403100011],[98.6805849800001,10.038641381000161],[98.68059440700011,10.038790072000097],[98.68075933400019,10.03944345399998],[98.68098511,10.040004461000137],[98.68127709200019,10.041121964000126],[98.68125402000004,10.04165820600008],[98.681140707,10.042261398000107],[98.68114009500016,10.042887042000189],[98.68113990100011,10.043084948],[98.68114870000005,10.043198445000087],[98.68141111000011,10.04383782900004],[98.68145471900004,10.04391518500006],[98.68210763000019,10.044831930000157],[98.68224885100005,10.045020399],[98.68267128700018,10.045584129000133],[98.68290172500008,10.046149058000083],[98.68299477600004,10.046743035000077],[98.68306266900004,10.047168660000068],[98.68306405300018,10.04760197600001],[98.68305176500002,10.047704249000049],[98.68243745400008,10.049061559999984],[98.68217223400018,10.049968160000049],[98.68206432800014,10.050591231000169],[98.682022152,10.051551725000081],[98.6820312860001,10.052757510999982],[98.682122978,10.053881631000081],[98.68234744600011,10.056303629000126],[98.68251172400005,10.057012266000072],[98.68273502300013,10.05762888400011],[98.68285105400003,10.05794927900007],[98.68322146300005,10.058746680000013],[98.68363198400016,10.059350690000088],[98.68405080200017,10.059832969000126],[98.68484282400016,10.060610258000054],[98.68461057800016,10.060748057000183],[98.68444793800018,10.060920427000042],[98.68434335600006,10.061058344000173],[98.68422993000007,10.06126022500007],[98.68422207000015,10.061270419000039],[98.68411666800012,10.061626033000152],[98.68407251200006,10.06202508500013],[98.68407223399998,10.062311388000126],[98.684031624,10.062471722000055],[98.68400026100016,10.062502188000053],[98.68395821500008,10.062528178000093],[98.68378656000016,10.062570533000155],[98.68358828700019,10.062573100000066],[98.68322286100016,10.062527474000035],[98.68181204000007,10.062356847000046],[98.68160413400005,10.062369182999987],[98.68159672000019,10.062369626000134],[98.68159416100008,10.062370036000175],[98.68157632800006,10.062379269000132],[98.68142265900008,10.06245885800007],[98.68141079100013,10.062465001000135],[98.68139521800003,10.062476550999975],[98.68132433900013,10.062529131000076],[98.68128096800018,10.062600325000119],[98.68126019400006,10.062678699],[98.68125282200015,10.062863943000082],[98.68126284500016,10.06294097000017],[98.6813393750001,10.06352881700019],[98.68136469000018,10.063632748000032],[98.68137455400012,10.063673261000076],[98.681413469,10.063821436000183],[98.68146235900014,10.063998989000027],[98.6815038040001,10.064175448000128],[98.6815281600002,10.064352976000066],[98.681528286,10.064531569000053],[98.6815138880001,10.064710146000152],[98.68148918500009,10.064888796],[98.6814787290001,10.064947405000169],[98.681483158,10.064953186000025],[98.68147198100007,10.065275868000072],[98.68124323500012,10.066114650000031],[98.68120880800006,10.066195176000122],[98.68091687400005,10.066878046000113],[98.68069924700006,10.067437176],[98.68054675400015,10.067985605],[98.68043775300009,10.068458783999972],[98.6803503060001,10.069082576000085],[98.68013027600017,10.071227601000032],[98.68012534900004,10.07126158699998],[98.68009950600009,10.071441236],[98.68007457000016,10.071620978000169],[98.68005039200011,10.071800722000091],[98.68002853900003,10.071980467000117],[98.68000894400006,10.072160214000178],[98.6799931170001,10.072339965000026],[98.67998097600008,10.072519719000184],[98.67997221600007,10.072701738000035],[98.67996917500005,10.072883762000174],[98.67997441300014,10.073065700000143],[98.67999139200003,10.073246658000187],[98.68002252600013,10.07342310700011],[98.68006660400005,10.073597218999964],[98.68011919000014,10.07377017000016],[98.68017915100006,10.07394212600019],[98.68024573000014,10.074111827000081],[98.6803171320002,10.074280358000124],[98.68039259900013,10.074445456999968],[98.68047115900004,10.074607127000036],[98.68055400300017,10.074768887000118],[98.68064083900003,10.074927309000088],[98.68073129200013,10.075084554],[98.68082445900012,10.075240719000078],[98.6809198050002,10.075395618000186],[98.68101665800015,10.075549439000042],[98.68111403800003,10.075702167000031],[98.68121194400015,10.075854902000174],[98.68131135700008,10.076007633000131],[98.68141190200015,10.076158019000104],[98.68151417700017,10.076308493000113],[98.68188196700004,10.077225308000038],[98.68203115600005,10.077868831999979],[98.68215530100014,10.078586573000166],[98.68217935000007,10.079526918000056],[98.68222839200001,10.080442550000157],[98.6822303290001,10.080522317000089],[98.68219638600004,10.08157881],[98.68224327100012,10.082357920000163],[98.68230244500006,10.082747512000083],[98.68240931300016,10.083089933000053],[98.68257560800015,10.08356225500006],[98.68273006500004,10.083963739000069],[98.68292029000008,10.084329850000074],[98.68319385300009,10.08474325200018],[98.68352690900008,10.085215733000098],[98.68366056500014,10.085373023000159],[98.68384815200011,10.08559377000006],[98.68405034600016,10.085900869000113],[98.68428825500001,10.086231608000048],[98.68446658300002,10.086585903000127],[98.68459717299999,10.087034576000065],[98.68462053900015,10.087506761000157],[98.68462051900019,10.08752757200017],[98.68462016000007,10.08789629600011],[98.68464356800001,10.088321264000115],[98.684678947,10.088687226],[98.68472381300018,10.089154583000038],[98.68477707500017,10.08945184300012],[98.6849414030001,10.089807381000071],[98.68515534800008,10.090285649],[98.68527110700018,10.090675294],[98.68537791600005,10.091082635000078],[98.68539526000006,10.091622684000072],[98.68544825300006,10.092251303000126],[98.68543885800011,10.092729356000177],[98.6854385650002,10.093030355999986],[98.68542932700012,10.09334020600005],[98.68550545200009,10.093695975000117],[98.68562609200012,10.094007685000122],[98.68567098800014,10.094074567000177],[98.6857972210002,10.094395136000117],[98.68610292900007,10.095372196000142],[98.68657803900015,10.097189010000022],[98.68788565800003,10.099475797000139],[98.68801890300017,10.09978714600004],[98.68802591800011,10.099867981000102],[98.68802599300005,10.099868851000167],[98.68802606700001,10.099869721000061],[98.68803576100015,10.099981396000146],[98.68802042300013,10.100431776000107],[98.68802037300009,10.10048346100001],[98.68804978000014,10.100896970000065],[98.68808056000017,10.101050232000091],[98.68817073600019,10.10130896000004],[98.68819091700016,10.101347505000092],[98.68848098000012,10.101901552000015],[98.68934415600012,10.103113275],[98.68975408900019,10.103808320000041],[98.68995416400014,10.104147551000153],[98.69028848300019,10.104501109000068],[98.69061071300018,10.104841891000035],[98.69119214900019,10.105300311000121],[98.69180281000013,10.105765141000063],[98.69204069800014,10.105926191000037],[98.69269426900013,10.106202753],[98.69317184400012,10.106327769000075],[98.69326042900008,10.106350956000085],[98.69347679200013,10.106344386000103],[98.69384880900009,10.106333091000124],[98.69405944800019,10.106298504000051],[98.69471542899998,10.106111000000169],[98.69534708000015,10.105929920000108],[98.69591763500017,10.105728595000016],[98.69630480300003,10.105587655000079],[98.69654312100005,10.10542639800019],[98.69672355600017,10.105254897000123],[98.69691663200012,10.104821183000126],[98.69724014300016,10.103000148000149],[98.6973421990001,10.102582158000018],[98.6974085390001,10.102300137000043],[98.69749012800014,10.102028208000036],[98.697592,10.10181170500016],[98.69772434300012,10.101615378000133],[98.69782531200019,10.101550092000082],[98.6979038560001,10.101529911000114],[98.69802254600017,10.101530020000041],[98.69806162300011,10.101537025000141],[98.69827842800004,10.101605808000045],[98.69851723600004,10.101716845000112],[98.698791572,10.101888358000167],[98.69907094200005,10.10211528700006],[98.69930965900016,10.10232706800008],[98.69939305800006,10.102402961000053],[98.69958676800007,10.102542142000118],[98.69961476100019,10.102562255000066],[98.69964492000008,10.102579225000056],[98.69986847500002,10.102700323000136],[98.70007174100016,10.102771026000028],[98.7002699370002,10.10282661399998],[98.70056979600008,10.102882299999976],[98.70065116000006,10.102907185],[98.70087190700013,10.10298192900018],[98.70100680400014,10.103048921000038],[98.70109973200005,10.103109553000081],[98.70121749900011,10.103198250000048],[98.70143346300006,10.103417021000098],[98.70167213600013,10.103679164000027],[98.70185997900018,10.10393623300007],[98.7019874410002,10.104091693000157],[98.7021098560001,10.104263717000151],[98.70220520200019,10.104410033000022],[98.70220699300006,10.104413505000139],[98.70231176800013,10.104616652000118],[98.70243350600009,10.104898847000129],[98.70255013700006,10.105211252000117],[98.70264004600011,10.105506742000046],[98.70282295900006,10.105823728000189],[98.70294313300008,10.106102286000123],[98.70306323300008,10.106460403000028],[98.70312314900002,10.106785319000096],[98.70318952200012,10.107368801000064],[98.70320923400016,10.107759976000182],[98.70323563,10.108157790000064],[98.70327548700004,10.108469424000077],[98.70333546700004,10.10872804000013],[98.703455637,10.109013232000109],[98.70358130900013,10.109211748],[98.703797103,10.109456573000102],[98.70381650700006,10.109477642000172],[98.70394633900014,10.109592596000084],[98.70401036900006,10.109663448000106],[98.70415427799998,10.109836077000068],[98.70420190800002,10.10993542600005],[98.70421749000008,10.109975237000072],[98.70421730900017,10.110174127000164],[98.70417707400009,10.110273539000048],[98.70407658000016,10.110419302000082],[98.70388906200009,10.110618031000115],[98.70380539400009,10.110678575000179],[98.7036894260001,10.110762497000167],[98.70351744200008,10.110932608000098],[98.70343205400013,10.111042082000097],[98.7032740030001,10.111301388000072],[98.70324677500014,10.111375879000093],[98.7032322120001,10.111415728000111],[98.70319235000017,10.11157872400014],[98.70317862600012,10.111949980000077],[98.70319837600016,10.112301376000062],[98.70323817800005,10.11267268000006],[98.7032847120002,10.11300421300001],[98.70337145700017,10.113256222000189],[98.70351846100004,10.113468510000132],[98.70366553500014,10.113601237000012],[98.70387953000017,10.113720767000132],[98.70422064500008,10.113840410000023],[98.70448150400006,10.113926831000128],[98.7045333580001,10.113955666000152],[98.70464869000006,10.114019795000047],[98.70468036500012,10.114037574000179],[98.70483543600005,10.114158952000082],[98.7048636620001,10.114204221000023],[98.70488930000005,10.114301120000107],[98.70488923600004,10.114371390000088],[98.70488021,10.114501572],[98.70488324500019,10.114519726000083],[98.70488805200011,10.114753435000182],[98.70488281000007,10.114997071000062],[98.70487260100003,10.115186013000084],[98.704882424,10.115419720000148],[98.70494749900018,10.115593811000053],[98.70505272800011,10.115757993000159],[98.70516298500007,10.115912236000042],[98.70527325100011,10.116056533000176],[98.70531199700014,10.116098838000028],[98.70537351400014,10.11616601600008],[98.70544870000015,10.116260556000043],[98.7055035140001,10.116331297000158],[98.70555638000019,10.11641505300014],[98.70559897400017,10.116559030000076],[98.70560385800002,10.11670323300018],[98.70559362700016,10.116917032],[98.7055382260001,10.11714074200006],[98.70548279000013,10.117399254000134],[98.70538721900016,10.117647785000031],[98.7052665550001,10.117901268000082],[98.70517606800018,10.118075221000026],[98.70506038700012,10.11836848400003],[98.7050369120002,10.11859134399998],[98.70503665000018,10.118879413000116],[98.70503620400012,10.119367964000162],[98.70502199300012,10.119805835000022],[98.7050445320001,10.120118404000038],[98.70510293100006,10.12040260300006],[98.70523643100012,10.120769344999985],[98.70538028800019,10.12103986500017],[98.70568750500013,10.12154609300012],[98.70577497300008,10.121665789000076],[98.70586512500006,10.121859789000155],[98.70591014800016,10.12201397300015],[98.7059300250001,10.122227802000168],[98.70593017300013,10.122231668000097],[98.7059398310002,10.122481397000058],[98.70594967700015,10.122690244000069],[98.70597967600003,10.122809608000125],[98.70601548800016,10.122876777000101],[98.70611433400018,10.12302980600009],[98.7062302650001,10.123162871000147],[98.70644082600018,10.123386813000025],[98.70669229200001,10.123621299999968],[98.70670327000005,10.123636454000177],[98.70682970200005,10.123775906000162],[98.70794828900011,10.124734051000132],[98.70798204700009,10.124756696000134],[98.70867570000019,10.125147604000176],[98.709226559,10.125377996000054],[98.70959376400009,10.125569912000117],[98.70970351000011,10.125620215000083],[98.70995694700008,10.12576084400007],[98.71001062600016,10.125797177000152],[98.71015495600017,10.125930446000098],[98.71020338800008,10.125980925000079],[98.71031592800017,10.126133057000061],[98.71041489000004,10.126289091],[98.71047995500015,10.126494153000124],[98.7105103400001,10.126695409000035],[98.71051231500019,10.12674696400012],[98.71052052200008,10.127084276000176],[98.7105588230001,10.127496230000133],[98.7106067430002,10.127965662000065],[98.71067411700005,10.128301002000114],[98.71077051100002,10.128617207000104],[98.71077267700002,10.12862527600015],[98.71078351200015,10.128656030000172],[98.7109072400001,10.128927675],[98.71117588400011,10.129383917000098],[98.71169735000007,10.1300549340001],[98.7118820890002,10.13025868200009],[98.71195422500011,10.130354060000172],[98.71201873500013,10.130478615000072],[98.71217041800014,10.130802547000087],[98.71227647400002,10.131128339000043],[98.71236978900004,10.131354005000048],[98.71246596499998,10.131546392000075],[98.71252032800015,10.131631599000116],[98.71266261599999,10.131780080000055],[98.71290413899999,10.131981456000176],[98.71320368300013,10.132271867000156],[98.71334147300013,10.132419492000167],[98.71337403100017,10.132471850000059],[98.71340163500014,10.132559167000124],[98.71341759000012,10.132641752000097],[98.71342546400007,10.132824902000152],[98.71341563200014,10.133006904000126],[98.71339481700011,10.133191066000052],[98.713359277,10.13336448800004],[98.71331925700008,10.133510516000058],[98.71330608400012,10.133588106000047],[98.71330604700006,10.133630305999986],[98.71332475900016,10.133749658999989],[98.71334725500009,10.133846639000069],[98.71337727700006,10.13394735200012],[98.71343738200017,10.13407792900017],[98.71350123300004,10.134227157999987],[98.71355001900014,10.134387558000128],[98.713546151,10.134506891000115],[98.7135159020001,10.134659764000105],[98.71348191500005,10.134786529],[98.71344750600014,10.134894683000084],[98.7134246400002,10.134946879000154],[98.71342424100004,10.134947632000092],[98.71342384300004,10.134948385000087],[98.71333844700007,10.135069041000122],[98.7133122680001,10.135099637000167],[98.71322185700018,10.13518906100012],[98.71316898000015,10.135246117],[98.71313429900005,10.13530612300002],[98.71312566600011,10.13535717600007],[98.71312798800017,10.135376913000187],[98.71314638000007,10.135416480000174],[98.71319271800019,10.135469371],[98.71322157800006,10.135502317999965],[98.7133155730001,10.13561800600013],[98.71334096600003,10.135670960000084],[98.71335097400015,10.135723937000137],[98.71334552500014,10.135793308000075],[98.71327908500012,10.136043201000064],[98.71326731600016,10.136112063000098],[98.71326234100019,10.136218370999984],[98.7132584590002,10.136356349000039],[98.7132584110002,10.136410371000068],[98.7132583400001,10.136490604000073],[98.71326026000008,10.136573647000091],[98.71327450100011,10.136699621000048],[98.71329946200012,10.13680389800004],[98.7133445280001,10.136915816000055],[98.71339712800005,10.137020279000069],[98.71343908700004,10.137102678000076],[98.7135286240001,10.137288899000112],[98.71356989900005,10.137430646000041],[98.71359987100004,10.137583573000143],[98.71360350900017,10.137729019000119],[98.71359198900007,10.137986327000078],[98.71358045800008,10.138254822000022],[98.71357463800018,10.138379313000087],[98.71356894800005,10.138500945000033],[98.71357257400018,10.138657575000025],[98.71358749900008,10.13880303100018],[98.71363252200013,10.138963428000181],[98.71371518300015,10.13912758700019],[98.71383923700012,10.139295510000125],[98.71384109900009,10.139297582000154],[98.71402348800018,10.13950077800007],[98.71416637800007,10.13965007600018],[98.71426788700006,10.139780690000123],[98.71435056200005,10.13992993000005],[98.71446321100007,10.140228367000134],[98.71449306700003,10.140339407999988],[98.71452701500016,10.14042980500011],[98.71458783800017,10.140611121000177],[98.71461336100003,10.14068719700009],[98.71464183200015,10.140769892000094],[98.71469644600006,10.140878355000098],[98.71474035800014,10.14093567600014],[98.71474863000014,10.140944631000082],[98.71479771100019,10.14098793400018],[98.71485701500012,10.141021580000142],[98.71515192400011,10.141146383000091],[98.71524324800004,10.141166259000101],[98.71535438400014,10.141163019000032],[98.71545229800006,10.14114289400004],[98.71579115400004,10.141020125000125],[98.71599822700006,10.14094944700014],[98.71620527300013,10.140912330000162],[98.71639349300006,10.140882661000092],[98.71658169400007,10.140875365],[98.7166984810001,10.140891538],[98.71672698200001,10.140898333000166],[98.71690905999998,10.140976338000144],[98.71698429500009,10.141024882000067],[98.71717986000004,10.14120032599999],[98.71728112300013,10.141265370000042],[98.71730999500005,10.14127660500003],[98.71735312300007,10.14128639200004],[98.71736586900005,10.141287492000117],[98.71739868800017,10.14129032600016],[98.71739895700011,10.14129032600016],[98.71739922600005,10.141290327000092],[98.71752591000006,10.14127806300013],[98.71765721800011,10.141230882000059],[98.71782379700011,10.141152461000047],[98.71786808200011,10.141131615000063],[98.71822959600019,10.140923085000054],[98.7184053150001,10.140838707],[98.71856092400009,10.140794090000156],[98.71871651100008,10.140779309000095],[98.71875700800013,10.140779343000077],[98.7188640830002,10.140789913000049],[98.71888779700004,10.140797481000163],[98.71891271900012,10.1408121],[98.71893982400019,10.140834110000071],[98.71895716600017,10.140868548000071],[98.71897402200017,10.140960865000181],[98.71897955500015,10.141089526000087],[98.71898227000014,10.141212595000013],[98.71899909299998,10.141344066000158],[98.71901030300006,10.14143637300009],[98.71903564100018,10.141517509000039],[98.71908357000018,10.141584673000068],[98.71914281400007,10.141626681],[98.71923313200011,10.141646334000143],[98.71931218400005,10.141635215000179],[98.71939690700003,10.141593335000096],[98.71946188900012,10.141529057000128],[98.71954100500005,10.141445220000037],[98.71961164100009,10.141369759999975],[98.71968226000013,10.141313886000148],[98.71974722400017,10.141274783000028],[98.7198460670001,10.14122452100014],[98.71993078300017,10.14119382399997],[98.72006913200016,10.141163178000113],[98.72018821400007,10.141154855000082],[98.72026493000004,10.141157154000155],[98.72035620800011,10.141167818000156],[98.72046284900017,10.141190154000071],[98.72048683900016,10.141199640000139],[98.72056802300017,10.141233243000158],[98.72056808100012,10.141233270000043],[98.72056813600005,10.141233302000046],[98.72076064300012,10.141353024000011],[98.72089598500008,10.141420218000064],[98.72096850700007,10.14143944600005],[98.72102653600018,10.141439495000157],[98.72106505400012,10.141431898000178],[98.72112603700015,10.141405186999975],[98.7211765020001,10.141367753999987],[98.72151525700019,10.141075772000022],[98.72161341700013,10.141008040999964],[98.72172332000008,10.14093221100012],[98.72177653600005,10.140903509000054],[98.72182973500009,10.140898763],[98.72187324900011,10.14090359100004],[98.7219554180001,10.14095157100013],[98.72209636700012,10.141063746000043],[98.72268714500018,10.141564325],[98.72325164700015,10.142042630000049],[98.72355247400009,10.142268392000062],[98.72364787700008,10.14231939300015],[98.72375063700002,10.142355851000104],[98.72385340200009,10.14237776200008],[98.72393417300015,10.142370556],[98.72419122500008,10.142276205000087],[98.72518270600011,10.14191331100011],[98.72537362300005,10.141884370000128],[98.72549109500017,10.141884468000114],[98.72558652900005,10.141899097000021],[98.7257146820001,10.141948601000024],[98.7257557000001,10.141978259000155],[98.72609284500004,10.142234148000114],[98.72659781900006,10.142699091000111],[98.72672677400016,10.14280470400007],[98.72679827100012,10.142859012000088],[98.72725970300013,10.143169998000076],[98.7274571850001,10.143322447000173],[98.72756022100015,10.143377097999974],[98.72761805000005,10.14340319900009],[98.72768467300011,10.143426959000124],[98.72783768200009,10.143448744000068],[98.72825892200012,10.143490014000065],[98.72879583700006,10.143490458000144],[98.7291592470001,10.143539862000125],[98.72942351800003,10.143605553000157],[98.7296216960001,10.143687560999979],[98.72988701999998,10.143847588000028],[98.73026420800011,10.144075079000118],[98.7302867320002,10.144086873],[98.73059096800017,10.14422785000005],[98.7306988160002,10.144265591000021],[98.73092628500012,10.144318819000034],[98.7311774370001,10.14433866800016],[98.73124535900001,10.144345005000048],[98.73142945300015,10.144393805000163],[98.7315438380001,10.144441961999974],[98.73162826300012,10.144491260000166],[98.73170344700009,10.14455966000014],[98.73173979600017,10.144604912000148],[98.7317741780002,10.14466977100011],[98.73183006300007,10.144822073000057],[98.73187452400015,10.145008745999974],[98.73188285200013,10.14507941100004],[98.73187655200013,10.145273929000155],[98.73185853400003,10.145349268000075],[98.73181708400017,10.145446119000042],[98.73173226800009,10.145597880000082],[98.73169430300004,10.145652764000147],[98.73157525200008,10.145875050000086],[98.73144949800013,10.146104114000025],[98.73135692900019,10.146330176000049],[98.73132749700005,10.146437084000013],[98.73128378500019,10.146706357000028],[98.73123711600016,10.147197390000088],[98.73123742900009,10.147445419000064],[98.73126035900003,10.147577523000166],[98.73129618900015,10.14768196],[98.73133797600013,10.147752536000155],[98.73140261700007,10.147831493000012],[98.73172944400005,10.148085893000143],[98.7318589840001,10.148164166000129],[98.73213724200019,10.148289157000079],[98.73237670500004,10.148395745000187],[98.73246673099999,10.148444903000154],[98.73250101100018,10.148463616000015],[98.73259871900012,10.148534296000037],[98.73271518100012,10.148633364000034],[98.73283887300005,10.14877657900007],[98.73288831000019,10.148852280000028],[98.73297094300017,10.149010045000011],[98.73316851800007,10.149460563],[98.73322343600017,10.149553241000035],[98.7334411220001,10.149812485000155],[98.73368019100008,10.150070676000098],[98.7337418850002,10.150149398000053],[98.7340286490001,10.150631119000025],[98.73403335600005,10.150641135000171],[98.73406238600012,10.150717746],[98.73421061000016,10.151201027000127],[98.73425444500015,10.151295712000035],[98.73449776600012,10.151736105000168],[98.73467348700018,10.151980002000187],[98.73471310100007,10.152064071000098],[98.73472783600016,10.152129664000142],[98.73472902200007,10.152256263000027],[98.73469457800007,10.152391532000138],[98.73462013400012,10.15251423500007],[98.73436394100014,10.152874600000132],[98.73417092200009,10.153215454000076],[98.73409900500008,10.153381338000145],[98.73396587400015,10.153613716000166],[98.73362622200011,10.154161269000099],[98.73339820700016,10.15448794700012],[98.73296261100018,10.155112023000072],[98.7329474350002,10.15513354500007],[98.73284260600013,10.15528157500006],[98.73273348600014,10.155428427000118],[98.73262354400009,10.155573111000024],[98.73251705600018,10.155721140000082],[98.73241847100013,10.155872521000106],[98.73233079700015,10.156029611000122],[98.73224703300014,10.15619122400011],[98.7321681590002,10.156357359000083],[98.73209696200007,10.156525766000073],[98.73203584300006,10.156696347000036],[98.73198805300018,10.156869292000067],[98.7319614110001,10.157044519000067],[98.73196148300013,10.157225457000152],[98.73197676300015,10.157408672000088],[98.73199460400014,10.157591709000087],[98.73200559400016,10.157772660000035],[98.73201628000015,10.157953610999982],[98.73202869900018,10.158134468000128],[98.7320450380002,10.158314159000156],[98.73206739500017,10.158493942],[98.73209863700009,10.158671564000144],[98.73213959100013,10.158847927000068],[98.73218536500019,10.159023118000107],[98.73223000400003,10.159199579000074],[98.7322689240001,10.159376029999976],[98.73230129700016,10.15955464800004],[98.73232771700003,10.159733350000067],[98.73234525900011,10.159913036000034],[98.73235105700002,10.160092805999966],[98.73234782100013,10.160274831000038],[98.73233878399998,10.160455767000087],[98.73232583900005,10.160635431],[98.73229994700006,10.160815177000131],[98.73226389000018,10.160992652000175],[98.73221609600017,10.161167949],[98.73214979000016,10.161335088999977],[98.73208929400016,10.161518872000045],[98.73219618700017,10.161424342000032],[98.73316368000002,10.160568713000032],[98.73447843200012,10.159825792999982],[98.73668488900017,10.159106838000127],[98.73778797300014,10.158921724000095],[98.73839812100016,10.158898962000137],[98.73936025500018,10.158899728000051],[98.7403692640001,10.158970279000073],[98.74107313000007,10.15913358],[98.74187084800013,10.159320207000064],[98.74323614700006,10.15970212500008],[98.74437183500004,10.160129678000033],[98.74576715500007,10.160866395000141],[98.7469175600001,10.161470501],[98.74809775100016,10.161971642000026],[98.74911474400017,10.162281384000039],[98.74953047300005,10.16237733600019],[98.7499833510002,10.162443887999984],[98.75069616300004,10.162437074000138],[98.75113429400011,10.162371201000099],[98.75156502100015,10.162275896000153],[98.75209239700007,10.16202618200009],[98.7527981090002,10.161592692000113],[98.75378600400012,10.161122629000033],[98.75434557700015,10.160839361],[98.75440994600007,10.160806778000051],[98.75506361600014,10.160461517000044],[98.75539053300014,10.160174868000183],[98.75576953800015,10.159741128000178],[98.75602966500009,10.159410287000071],[98.75627507700011,10.15889552700014],[98.75643134300009,10.15844690800003],[98.75654533900013,10.157971171000042],[98.75661433900012,10.15778605700018],[98.75661571500007,10.157782363000024],[98.756626934,10.157764217000135],[98.75732405800017,10.159768401000065],[98.75722441600004,10.161329188000138],[98.75505687100002,10.163034775000142],[98.75334672600002,10.163517475000106],[98.75233229000014,10.166717828000117],[98.74396953500019,10.169853119000095],[98.72019214600004,10.1709553660001],[98.71948133400019,10.17134978700011],[98.71790008400012,10.172227184000178],[98.71588768400005,10.173373617999971],[98.71296939000018,10.17503608800007],[98.7110909880002,10.176127168999983],[98.71041006900009,10.176521801000149],[98.70965861000013,10.177055874000189],[98.70820239500017,10.17837980000013],[98.70728627800014,10.179332209000165],[98.70592382900014,10.180749210000045],[98.704749252,10.182026870000072],[98.7041856300001,10.182444851000128],[98.7034577440001,10.182839437999974],[98.70289427,10.18309466900007],[98.702190046,10.183280021000144],[98.70162672200013,10.183372505000136],[98.70118082800019,10.183372098000177],[98.70078190400005,10.183325239000112],[98.70021879400014,10.183185225000102],[98.6996792830002,10.182905732000165],[98.69881161100017,10.182207452000114],[98.69702978400011,10.180345849000162],[98.69666008100012,10.17994665200007],[98.69616505800013,10.179412116000094],[98.6909242930002,10.174750605000156],[98.68817035400014,10.173296749000087],[98.68604332300009,10.172776413000065],[98.68510159500016,10.172810062000053],[98.68363643000004,10.17311963100019],[98.68351244400003,10.17317706300014],[98.68140323400013,10.174154069000167],[98.6778787140002,10.176016507999975],[98.67575880400011,10.177383383],[98.67369042500013,10.178670914000065],[98.67388887400011,10.179238040000087],[98.673899387,10.179268569000044],[98.6748201170002,10.181179016000101],[98.67606757100003,10.183567969000137],[98.67731508800011,10.185956917999988],[98.67892005200002,10.188081667000063],[98.68079257700015,10.190560535000145],[98.68275456200007,10.192950158000087],[98.68543068800017,10.195606155000178],[98.68855285400019,10.198528216000113],[98.69096167300012,10.20038798000013],[98.69221081500007,10.201538948000177],[98.69390559400006,10.203309852000132],[98.69524351100017,10.204726552000125],[98.6969375230002,10.207381503000136],[98.69863118400008,10.210390344000132],[98.69996761200014,10.213487015000112],[98.70139322200015,10.2170269450001],[98.70299710100011,10.220654086000081],[98.705134611,10.226450107000119],[98.70614203700006,10.229022998000119],[98.70670672800014,10.22887102600015],[98.70668748800017,10.228830054000127],[98.7089685840001,10.227756014000079],[98.71108762800009,10.226936845000068],[98.7137284260001,10.226270168000099],[98.71540690500012,10.226108303999979],[98.71574655600011,10.226053644000103],[98.71598047300017,10.226020752000068],[98.71625797500002,10.225992210000186],[98.71663715900013,10.22597239400011],[98.71701917000007,10.2259538510001],[98.71760333500015,10.225917738000021],[98.71777909300016,10.225908732],[98.71791759600012,10.225879458000065],[98.7180245180001,10.225838374000034],[98.71826756400014,10.225752417000137],[98.71881073300005,10.225482500999988],[98.71891877900009,10.22542020100019]]]}},{"type":"Feature","properties":{"districtCode":"TH8503","provinceCode":"TH-85","nameTh":"อำเภอกะเปอร์","shapeName":"Kapoe","shapeISO":"TH8503","shapeID":"TH8503","shapeGroup":"THA","shapeType":"ADM2","labelPoint":[98.63277439,9.58072365]},"geometry":{"type":"MultiPolygon","coordinates":[[[[98.63964601800018,9.713179073000163],[98.63988495300015,9.712842697000042],[98.64007611900013,9.712553612000022],[98.64014248,9.712460791000069],[98.64032035700006,9.712211978000141],[98.64044247600015,9.712043802000096],[98.64059643500019,9.71183882600019],[98.64077765600018,9.711616461000176],[98.641022652,9.711389068000074],[98.64137471100008,9.711176971000043],[98.64191034400011,9.710957464999979],[98.64263571400011,9.710716458000036],[98.64284379000009,9.710647323000103],[98.64319573600005,9.71054145100004],[98.6433411430001,9.710458135000067],[98.64344069000009,9.710352001],[98.64348675000014,9.710192691000145],[98.64350990200012,9.709995420000098],[98.64348727200019,9.709699452000109],[98.64350275200007,9.709524938000072],[98.64354882200013,9.70935804100003],[98.64362548800011,9.709183589000133],[98.64372513900008,9.708978812000169],[98.64379415000019,9.7088119390001],[98.6438402760001,9.708591932000104],[98.64385582800014,9.7083491140001],[98.643879041,9.708091138999976],[98.64384882100018,9.707742044000156],[98.6438261030001,9.707521965000126],[98.64382298300018,9.707482223000056],[98.64380346500013,9.707233584000164],[98.64384956700007,9.707036329000118],[98.64393384800019,9.706892244000187],[98.64410227600013,9.706740657000182],[98.6444160040001,9.706604395000056],[98.64481385300007,9.706483387],[98.64534175900008,9.7063321710001],[98.64567073100011,9.70624144900006],[98.64593854200018,9.706127909000088],[98.64615285300005,9.705983948000153],[98.64634423700005,9.705817202000048],[98.64648208900007,9.705642812000178],[98.64662770000018,9.705369778000147],[98.64674649900013,9.70505135400009],[98.64683735800008,9.704822409000087],[98.64690502100012,9.704564557000026],[98.64707852900005,9.703903397000033],[98.64720054900005,9.703475894000121],[98.64722323500013,9.703396388000101],[98.64734144700014,9.703162446000135],[98.64756448400004,9.702954607000095],[98.64791855700014,9.702772912000057],[98.64855138100006,9.70248831500004],[98.64863977100009,9.702448551000145],[98.64922995100011,9.7020980530001],[98.64966280100003,9.701786395000056],[98.6498784690001,9.701541239],[98.64996468700014,9.70137057400018],[98.65003947500009,9.701114726000185],[98.65013568700004,9.700785572000086],[98.6501886800001,9.700239454000041],[98.65015714400016,9.699708857000076],[98.65010158500007,9.699426926000115],[98.650006357,9.699107919000141],[98.64962717999998,9.698223256],[98.64939266200014,9.697746075000055],[98.64926718200007,9.697542478000173],[98.6488385080001,9.696977073000028],[98.64861612100009,9.696752937000156],[98.6484518650002,9.696614751000084],[98.64819180100017,9.696427693000032],[98.6480600210001,9.696325055000102],[98.64772905500007,9.695971616000065],[98.64749353000019,9.695594266000114],[98.64734137900012,9.695093044000032],[98.64731621400011,9.694886565000047],[98.64729804500013,9.694527723000022],[98.647306566,9.694210721000104],[98.64730690900012,9.693882546000054],[98.6472601640001,9.69356631900007],[98.64720917400012,9.693342651000023],[98.64709161000019,9.6929621540001],[98.64706553700006,9.692918486000053],[98.64690516700011,9.692649870000025],[98.64661061000015,9.692327717000069],[98.64636901900013,9.692118507000032],[98.64630616400018,9.692064068000036],[98.64621726700005,9.69197015800006],[98.64615439500017,9.691830229000118],[98.64616898500014,9.691644547000067],[98.64624784300008,9.69143006600018],[98.64644470200011,9.691186446000074],[98.64700048300017,9.69091319],[98.64904498400017,9.690429398000163],[98.65166466000016,9.689650436000022],[98.65281477300005,9.68929246800002],[98.6540928550001,9.688723376000041],[98.65558397400008,9.688027746000046],[98.65641451500017,9.687859575000061],[98.65662408200018,9.687812529999974],[98.65705507400014,9.687613699000167],[98.65737314200015,9.687353524],[98.65924885400011,9.685306236000088],[98.65952624100004,9.684715],[98.65956219000009,9.684490565000033],[98.65963734300004,9.684021327000096],[98.65963421400005,9.683891987000038],[98.65959446200009,9.683499249000079],[98.65955458000019,9.683226036000121],[98.65949175900005,9.682952789000126],[98.65943827200016,9.682735904000026],[98.6593754480001,9.68238478000012],[98.65935220900008,9.682151877000138],[98.65931772100004,9.681737542000064],[98.65931794300008,9.681517477000057],[98.659348754,9.681305030000146],[98.659394819,9.681130544000098],[98.659509764,9.680895427999985],[98.65967063900013,9.68062999100016],[98.65983147800017,9.680402498999968],[98.65995406400003,9.680182555000101],[98.6600613720002,9.679947430000084],[98.66013813700005,9.679659148000042],[98.66016685900013,9.679489213000068],[98.66018076400013,9.679303246000075],[98.66019313500016,9.678586491000033],[98.66014726400005,9.678187018000074],[98.66012430300015,9.678049470000076],[98.66008644900006,9.677822719000062],[98.66000257700006,9.677564633000031],[98.65999795900018,9.677553800999988],[98.65989576599998,9.677314115000058],[98.65973541900013,9.677055947000042],[98.65945276300005,9.676744548000102],[98.65915472900008,9.67651660000007],[98.65878785100006,9.67630376700015],[98.65818396200012,9.676022396000064],[98.65784761200018,9.67587788700007],[98.65758773800019,9.675733444000116],[98.65741967000014,9.675551156000154],[98.65730510000003,9.675406867],[98.65722115500012,9.675232251000125],[98.6571609040002,9.675025226000116],[98.65710440800012,9.67486241100005],[98.65706477000003,9.674712367000097],[98.65701201600012,9.674512644000174],[98.65689659500009,9.674118487000158],[98.6567810000002,9.673888513000122],[98.65645869600019,9.67352698999997],[98.6556363090001,9.672961312000098],[98.65535910000017,9.672770638000088],[98.65442481300005,9.67217042599998],[98.65407762100006,9.671890966000149],[98.6538296510002,9.67166085600013],[98.65372227000006,9.671496560000037],[98.6536562030002,9.671373358000153],[98.65362318200005,9.67129944800007],[98.65360675400012,9.671192707000046],[98.65364002500013,9.671012140000073],[98.65375610500013,9.670765977000087],[98.65393010700012,9.670511666999971],[98.65404618700012,9.670265505000032],[98.65404851500017,9.670260118000044],[98.65410591300014,9.670068890000039],[98.654120976,9.669945425000037],[98.65412334100012,9.669870439000022],[98.65412952100013,9.669674528000087],[98.65403891600016,9.669280396000147],[98.65384918100017,9.668746609000152],[98.65361520300019,9.668268150000074],[98.65355196600018,9.668138830000032],[98.6533663530002,9.66786514100005],[98.65330553400008,9.66773863900005],[98.653267417,9.667624776000139],[98.65324464200017,9.667457808000165],[98.65326790800015,9.667285976000187],[98.65327546800006,9.667230187000087],[98.65332158100006,9.66701018000009],[98.65333703000016,9.666858423000065],[98.65332954600007,9.666699066000092],[98.65323793400017,9.666539615000147],[98.65306219000018,9.666402841000036],[98.65258062800012,9.666167127000051],[98.65169954900011,9.665862949000086],[98.6515068920001,9.665768900000046],[98.6514186600001,9.665725821000137],[98.65118172800004,9.665588992999972],[98.65082245100007,9.66543686700004],[98.65050899900007,9.665345484],[98.6501649540001,9.665261668000028],[98.64977498900004,9.665200553000034],[98.64960741100003,9.665182312000184],[98.64938504800006,9.665116689000172],[98.6490104340001,9.665010078000137],[98.64878111700006,9.664903604000017],[98.64851363900016,9.664728799000045],[98.64832263500017,9.664554071000168],[98.6483019010002,9.664529160000143],[98.64813932400017,9.66433381800016],[98.64797892900015,9.66413636100009],[98.64783392200013,9.663855441000067],[98.6477500490002,9.663612529999966],[98.64769687100005,9.663278593000143],[98.6476589610001,9.662959839000052],[98.64766689200019,9.66268667200012],[98.64770743600013,9.662466676],[98.64771303200007,9.662436306000188],[98.64782036600008,9.66217840600018],[98.64798117700013,9.661973690000082],[98.64821083900011,9.661746274000109],[98.6484584160001,9.66157118000018],[98.64846253100018,9.661569048],[98.64884454600008,9.661351485000012],[98.64897606300002,9.66127657700008],[98.64974125300012,9.66084482400015],[98.65047578500014,9.660481330999971],[98.65120262400012,9.660148178000043],[98.652136053,9.659716590000016],[98.6527940950001,9.65936060200005],[98.65297780100019,9.659193843000025],[98.65310800600008,9.658996680000143],[98.65316175600009,9.658784265000065],[98.65326153900008,9.65842012700017],[98.65343858500012,9.657786566000027],[98.6534841300001,9.657623568000076],[98.65349534500007,9.657563819000188],[98.65356102900017,9.657213874999968],[98.65355360700005,9.656993812000167],[98.65350028400019,9.656788868000092],[98.65342397000006,9.656629442000053],[98.65330181300004,9.65643201500012],[98.6532178830002,9.65624981100018],[98.65314926000008,9.656052449000185],[98.65311122100007,9.655855115000179],[98.65311903100019,9.655695765000132],[98.65319564900011,9.655551668000044],[98.65334108500008,9.655422804000011],[98.6536702100002,9.655134787000122],[98.65391516100016,9.654899793000027],[98.65405300300017,9.654710226000077],[98.65414498400008,9.654505426000185],[98.65422185600005,9.654110907000131],[98.65427295800015,9.653551713000013],[98.654303438,9.65328910500017],[98.65433643900019,9.653126204000102],[98.65437424100008,9.653050518000043],[98.65445268900004,9.652960876000066],[98.65454984200016,9.652946134000103],[98.6546466280002,9.652952636000123],[98.65473048500007,9.652978325],[98.6547885010001,9.653032810000184],[98.65487873300009,9.653128938000123],[98.65497860900018,9.65326349600008],[98.65510964700019,9.653417820000072],[98.65522996300001,9.653541729000096],[98.65548209400004,9.653764652000177],[98.65581452100008,9.6539983240001],[98.6558584660001,9.65402355000009],[98.65596354700017,9.654083842000091],[98.65615753000014,9.654162723000127],[98.65624667000003,9.654187217000015],[98.65653338800013,9.654264126999976],[98.65685325800013,9.654286333000073],[98.65725854900018,9.654213629000083],[98.65733869200017,9.654199250000033],[98.65762553200011,9.654155751000076],[98.65783511200004,9.654155960000026],[98.65818804500003,9.654200094000146],[98.65851885400014,9.654309886000135],[98.65882754400008,9.654474371000163],[98.65923536100013,9.654792194000095],[98.65928244900016,9.65482821400002],[98.65945955400014,9.654963680000037],[98.65958850700008,9.655032331000143],[98.65979950700012,9.655134847999989],[98.66001167000019,9.655186277000098],[98.66024105500003,9.655220652000025],[98.66045327600011,9.655215172000112],[98.6606368790001,9.655147050000153],[98.66077461200007,9.655061819000082],[98.6608020490001,9.655032186000028],[98.66090093100013,9.654925357000025],[98.6611135710001,9.65449303100013],[98.66119138700014,9.65438247100019],[98.66124567300005,9.654305346000115],[98.66142935500017,9.654157560000158],[98.66164167600004,9.654049632000124],[98.66173963700004,9.654020581000111],[98.661871164,9.653981563000059],[98.66222107600004,9.653930687000127],[98.66291510700017,9.65389152199998],[98.66339686200013,9.653914765000025],[98.66412524400016,9.65392686000007],[98.66468731300006,9.653933097000163],[98.66519778200012,9.653922209000143],[98.66588034699998,9.653871651000031],[98.6663506640001,9.653860722000104],[98.66679738800013,9.65386115400014],[98.66689553300017,9.653861249000045],[98.66729698500018,9.653890096000055],[98.66760088200016,9.653970069000025],[98.66792194600009,9.654101278000098],[98.668145691,9.654231538000033],[98.66839198200006,9.654374909000126],[98.66882767900017,9.654574529000115],[98.66921753400015,9.654739949000088],[98.66964843200009,9.654887392000148],[98.66979813600005,9.654929986000127],[98.6701464370002,9.654990813999973],[98.67045020200004,9.655024042000093],[98.67086510800004,9.65503220200003],[98.67101681800017,9.655035183000052],[98.6715279620002,9.655035671000064],[98.67157877300002,9.655033432000153],[98.6720259940002,9.654945124000108],[98.67236589700013,9.65479743200018],[98.67273392500005,9.654569175],[98.67327300500006,9.654223069000182],[98.67382399500019,9.653821406000077],[98.67426016400015,9.65353346],[98.67455856800012,9.653366797],[98.67486457300015,9.65324568],[98.67529289100003,9.653170193999983],[98.67592771300019,9.653072150000071],[98.67640958100009,9.652973951000035],[98.67679207999998,9.652830136000091],[98.67744241400015,9.652496854000049],[98.677939777,9.652186198000095],[98.678414165,9.651913456000102],[98.67879674700004,9.651678584000024],[98.67909385900015,9.651442595000162],[98.67932994800003,9.651222926000173],[98.67951275600007,9.650972921000175],[98.67964411300017,9.650647939000123],[98.67969698700011,9.650166839000121],[98.67969622800013,9.650159860000144],[98.679696998,9.650154828000097],[98.67969713400004,9.650010785000177],[98.67964519300011,9.649503584],[98.67964564800002,9.649022425999988],[98.67967474000011,9.648887128000183],[98.67973602700016,9.648771848000024],[98.67982178200003,9.648656583],[98.67995036000019,9.648541357000056],[98.68009725200011,9.648468651000087],[98.68031753700012,9.64842028400011],[98.68070301100005,9.648359934999974],[98.68099671099998,9.648311645000092],[98.6812047680001,9.648251131000052],[98.6815046850001,9.648093569000139],[98.68186582200008,9.647881424000104],[98.68222694000008,9.647699638000176],[98.68265531500009,9.647554339000123],[98.6830040960001,9.647475738000082],[98.68317827600009,9.647440833000132],[98.6834262980002,9.647391139000092],[98.6838606980001,9.647342976000118],[98.68422056100013,9.647338856000147],[98.6844208440001,9.647336557000017],[98.6846498650001,9.647361905000025],[98.6848945340002,9.647410698000044],[98.68510858900004,9.647477668000079],[98.685316559,9.647508210000126],[98.68550008600005,9.64751445200011],[98.68562857300009,9.647502427000063],[98.68579378200019,9.647466158000043],[98.68602211900014,9.647382228000026],[98.68614808800015,9.647303306000026],[98.68629413800016,9.647149311000021],[98.686361094,9.647078718000103],[98.68636355600006,9.647074570000143],[98.68651921800017,9.646813204000182],[98.6866161530001,9.646606148000103],[98.68664990200011,9.646534042000155],[98.68672563900009,9.6462957010001],[98.68677394900016,9.646009655000057],[98.68681235400004,9.645666374000143],[98.68681962500006,9.645601354000064],[98.6868570060002,9.645267249000085],[98.68694694100009,9.64450441800011],[98.68703666800013,9.643979999000123],[98.68711940700018,9.643584990000079],[98.68721586900017,9.64319000200004],[98.68737412900009,9.642781441000068],[98.68753232600011,9.642434189000141],[98.68775237000006,9.64201887300004],[98.68787960499998,9.641794285000117],[98.68791050500005,9.64173973700008],[98.68807880500015,9.641486849999978],[98.68810984900006,9.641440197000122],[98.6882953720002,9.641242833000149],[98.6885014200002,9.641106782000179],[98.68859873500014,9.64106549800016],[98.68866218900007,9.641038581000146],[98.68874176700012,9.641004818000113],[98.68907819700007,9.640923382000096],[98.68942832800013,9.640869200000054],[98.689530811,9.640860822000093],[98.6900049780001,9.640822040000046],[98.69089738100013,9.64078197300006],[98.69182408500006,9.640755555000169],[98.69221037100004,9.640729463000127],[98.69222223700012,9.640728663000061],[98.69249683700014,9.64070166600004],[98.69254127500005,9.640687477000029],[98.69270969100012,9.640633738000133],[98.69294320400019,9.640497709000158],[98.69308846700005,9.640388829000187],[98.69319736100016,9.640307204000123],[98.69326700500005,9.640234274000079],[98.69343783300019,9.640055388000064],[98.69363715300011,9.63977628400005],[98.69369101900014,9.639688732000081],[98.69381767000004,9.639530271000012],[98.69396772900012,9.63941260300004],[98.69411148400002,9.639356933000101],[98.6942809730001,9.639345866000156],[98.69429892900018,9.639344698000059],[98.69456757700004,9.639369731000045],[98.6947799690002,9.639419524],[98.69493654600006,9.639457915000094],[98.69518599900005,9.639519082000106],[98.69547962899998,9.639550343999986],[98.69569836200009,9.639494733000106],[98.69592339600001,9.639383331000147],[98.69615143800007,9.639221991000113],[98.69622974300006,9.639166591000162],[98.6963861100001,9.63898073100006],[98.69654877500017,9.638739063000116],[98.69675528400012,9.638379637000014],[98.69696183400015,9.637964403000126],[98.69703290800015,9.637753443000122],[98.69706206500018,9.637666882000133],[98.69713105800014,9.637375535000103],[98.69716879400005,9.637096555000085],[98.69718156800002,9.63678655700005],[98.69718185000005,9.636470348000046],[98.69715716200017,9.636129316000108],[98.69716362400015,9.635887515999968],[98.69719639900012,9.635774073000107],[98.69721376600006,9.635713956000188],[98.6973013110001,9.635627233000037],[98.69745755600013,9.63557776500005],[98.69766375100005,9.635565547000056],[98.6979698620001,9.63560921800007],[98.698352655,9.63566178900004],[98.69846964100014,9.635677852000072],[98.69888198200005,9.635703014000171],[98.69930062300011,9.635678578000125],[98.69970056200009,9.635598327000139],[98.70005058600009,9.635443627000143],[98.70015414500006,9.635364902000106],[98.70031942800011,9.635239253000066],[98.7005258050001,9.63502242400017],[98.70070723700019,9.63474977400017],[98.70090121600015,9.63441900800018],[98.70103726000019,9.63424242100001],[98.70116388100013,9.634130928000104],[98.70131858600001,9.634056656000041],[98.70182016500007,9.63384783500004],[98.70272114200009,9.633511665000128],[98.70300141600018,9.633407090000105],[98.70308011800012,9.63336457500003],[98.70313122400006,9.633336972000166],[98.703156122,9.633323522000126],[98.70323114600018,9.633272438000176],[98.70326981900007,9.633222628000112],[98.70330157900008,9.633136405000187],[98.70331564700018,9.633091150999974],[98.70336263400003,9.632947032000061],[98.70340203800009,9.632802864000041],[98.70340964700011,9.632775022000033],[98.70345198500007,9.632584404000056],[98.7034848670001,9.632491432],[98.70352710600014,9.632412409000153],[98.7035927730002,9.632342713000071],[98.70372405800009,9.632249826000077],[98.70384946700011,9.632180757000128],[98.70391387799998,9.632154024000158],[98.7039148660001,9.632153616000153],[98.70395846100007,9.632135520000077],[98.70398685800018,9.632130565000068],[98.70407796800009,9.632114699],[98.70413564800003,9.632113661000119],[98.70415623300005,9.632117088000143],[98.70430973700019,9.632181866000167],[98.70443537000017,9.63219120500014],[98.7045749740002,9.632177475000049],[98.7049147420002,9.632090030000029],[98.70507299500008,9.632039368000108],[98.7052963810001,9.632002614000044],[98.7055057980001,9.631979711000042],[98.7057570720001,9.631979925000053],[98.7059804160001,9.63199858500019],[98.70634336600011,9.63200350600016],[98.70638047500006,9.632000296000058],[98.70708328800004,9.631939488000171],[98.70721824700013,9.631921133000162],[98.70729274100006,9.631884257000138],[98.70733467800005,9.631805788000122],[98.70736735700018,9.631685763000064],[98.7074047120002,9.631542643000103],[98.70742448000004,9.63148882400003],[98.70744202100013,9.631441081000048],[98.70748861300012,9.6313718560001],[98.70759566700008,9.631335005000153],[98.70768875200008,9.631311997000012],[98.70784697700009,9.631302893000168],[98.70793349600007,9.631310278000171],[98.70806566000016,9.631321555000113],[98.70817733600018,9.631321649000142],[98.70827100899999,9.631287273000112],[98.70834086700012,9.631250764000015],[98.70840602100014,9.631216707000135],[98.70853351500006,9.631175886000051],[98.7088484750002,9.631098035000093],[98.70910719400018,9.631031286000166],[98.709245909,9.631023964000121],[98.70939959900011,9.63103153200018],[98.70954576000003,9.631080020000127],[98.70958308300004,9.631096630000059],[98.7096881600001,9.631143382],[98.70996541900007,9.631314741000097],[98.71025013000008,9.631538183000089],[98.7105572860001,9.63182799100008],[98.71083699400015,9.632051435000108],[98.71102182600015,9.632175593000056],[98.711216697,9.632260082000073],[98.71138161700014,9.632285021000087],[98.71152157400013,9.632280176000108],[98.71167156000007,9.632235661000095],[98.71183156900008,9.63216139500014],[98.71195161300005,9.632067253000173],[98.71209168100012,9.631933439000136],[98.71232178500014,9.631715385],[98.71261695500004,9.631403141000135],[98.7128320880002,9.631155314000125],[98.71289316800011,9.631066147000126],[98.7130222630002,9.630877700999974],[98.71322245700009,9.63057034000002],[98.71322576300014,9.630564814000138],[98.71354279700012,9.630034905000059],[98.71381302600014,9.629658160000076],[98.71388310100019,9.629560157000014],[98.7140677860001,9.629332568000109],[98.71431459400009,9.62905275900016],[98.71440758700004,9.628947330000074],[98.71457411000006,9.628753669000105],[98.71473144500004,9.628649768000116],[98.71492809400007,9.628545890000055],[98.7152300800002,9.628471236999985],[98.71553097100013,9.628442357000097],[98.71596337200009,9.628481727000178],[98.71658965800003,9.628570454000112],[98.71716272300011,9.628656901000113],[98.71796898200012,9.628816285000141],[98.71864201200003,9.628909425000188],[98.71920843300012,9.628969411000185],[98.71971488600019,9.629022730000088],[98.72020136600008,9.62904296400012],[98.72054125300008,9.629043239000055],[98.72078786900005,9.629003761000035],[98.72098120100003,9.6289245480001],[98.72113247100015,9.628810268000052],[98.7211718260001,9.628749479000135],[98.72125814600014,9.628616139000087],[98.72138860400008,9.628330094000148],[98.7214410950001,9.628239105000148],[98.72165117000014,9.627745121000146],[98.72191373700014,9.627147139000044],[98.72221557500006,9.62660121099998],[98.72233174000013,9.626473329000078],[98.72246503700006,9.626326592999987],[98.72281140900014,9.626057456000012],[98.7228646440002,9.626023546000056],[98.72293681000014,9.62597758700008],[98.72368376800011,9.62565003300017],[98.723854416,9.625575196000113],[98.72402012200007,9.625469293000151],[98.72418260300009,9.62529042000017],[98.72423038300013,9.625182273000178],[98.72428729000012,9.625029366000035],[98.7243650050001,9.62450533200007],[98.72436634899998,9.624496260000171],[98.72436673900006,9.624015108000151],[98.72440647600001,9.623481965],[98.72449858000004,9.623026889000187],[98.72462993700015,9.622636870000179],[98.72483996400018,9.622181891000082],[98.7252153170001,9.621450179000135],[98.72572235000018,9.620561605000148],[98.72577023900016,9.620477673000153],[98.72612408100014,9.61977247800013],[98.72642497600009,9.61917281600006],[98.72670974,9.618635139000105],[98.72707457900009,9.617982888000029],[98.72739495800005,9.617357053000035],[98.72767463900016,9.616891444000146],[98.7281603020001,9.61585149300015],[98.7286588990001,9.61503261900009],[98.72893779600014,9.614630703000046],[98.72909181400013,9.61440876000006],[98.72972133000013,9.613720026000124],[98.73023271000017,9.613291291000053],[98.73071688800007,9.612978453000096],[98.73089537300001,9.612876792000122],[98.73133387900009,9.612693954000122],[98.73180567000014,9.61260979300016],[98.7320672940001,9.612606390000167],[98.73258899100017,9.612726777000091],[98.73283671500008,9.612785847000168],[98.73309085500011,9.61288427200003],[98.73327737300013,9.612979649000067],[98.7334585540001,9.613090895000028],[98.73367701100017,9.613249789000179],[98.73391681300006,9.613382242000057],[98.73409270600018,9.613429995],[98.73424200300019,9.613408948000142],[98.7343646860001,9.613329678000127],[98.7344195,9.613226201000032],[98.73446513200008,9.61304563699997],[98.73454344200013,9.612694922],[98.73456214500004,9.612611157000117],[98.73463054300015,9.612413684000046],[98.73472734500018,9.612250089999975],[98.73486963900007,9.612080895000133],[98.73519966200007,9.611832832000118],[98.73528853400018,9.611771875000102],[98.73556949100004,9.611579157000165],[98.73611574200004,9.611150659000032],[98.7363206190002,9.610947646000056],[98.73668859800017,9.61063282800012],[98.73686318700015,9.610377120000066],[98.73693160600004,9.610151428000052],[98.73693934500005,9.609948263000035],[98.73690162200006,9.609699921000129],[98.73683882400019,9.609412191000104],[98.73682606900013,9.609353726000165],[98.73668998300002,9.60884193600009],[98.73657673999998,9.608368301000041],[98.73650104000012,9.608051688000046],[98.73634988300012,9.607427021000149],[98.73630926200008,9.607189803999972],[98.73629704600012,9.607118463],[98.73632754900007,9.606892749],[98.73641866900016,9.606719742000166],[98.7366008190001,9.606486617000144],[98.73675263200016,9.60626098500012],[98.73682860400004,9.606072924000102],[98.73685909200009,9.605862252000122],[98.73685165600017,9.6056816520001],[98.73681391500014,9.605455880000022],[98.73667772000016,9.60508706500002],[98.736558759,9.60474890900008],[98.73646589300017,9.604484925000065],[98.73642817100006,9.60423657500013],[98.73644347800018,9.604055992000042],[98.73651943600004,9.603875454000047],[98.73661051300002,9.603755127000113],[98.73664577500011,9.603708544000085],[98.73669007200016,9.603650016000188],[98.73679266900018,9.60351447700009],[98.73705824200005,9.603258839000091],[98.73734653200012,9.60302578700015],[98.73765001200013,9.602770178000071],[98.7379459600001,9.602446834000148],[98.73820262000004,9.602208395000048],[98.7384307010002,9.601996511000095],[98.73923962600003,9.601245007000045],[98.73963607700006,9.600876690000064],[98.73932986400007,9.600556653000126],[98.73889806200003,9.600067217000117],[98.73858750200009,9.599683219000156],[98.73838303100013,9.599367021000091],[98.7382998120001,9.599118644999976],[98.73827729100009,9.598832684000058],[98.73832295200003,9.598606974],[98.73839132600006,9.598426430000188],[98.73852799000014,9.598185746000183],[98.73874806300017,9.597930065000071],[98.73977999400017,9.59689242200011],[98.73996215300008,9.596636721000152],[98.7400836380001,9.596411065000154],[98.74012931400011,9.596162784000114],[98.74012192000004,9.595914465000078],[98.74005391500003,9.595613413000024],[98.73997071100007,9.595357518000128],[98.73981929600006,9.595071456000085],[98.73950119400018,9.594627257000184],[98.73892552100011,9.593911966000064],[98.7388043590002,9.59371624],[98.73875901600007,9.593528085000173],[98.73875916600008,9.593332441000143],[98.73881997300003,9.593129316000102],[98.73891108000004,9.592963843],[98.73910836300013,9.592760821000127],[98.73964698800017,9.59235488600018],[98.74015527600017,9.591941401000156],[98.74039808300006,9.591700794000076],[98.74051195300007,9.59151276200015],[98.74057276400004,9.591302110000129],[98.74057294100015,9.591068839000059],[98.74053517100003,9.590880692000042],[98.74045189400016,9.59072261200015],[98.74031558200011,9.590519341000117],[98.73961126400008,9.589487918000088],[98.73879330500017,9.588343536000082],[98.73821016600016,9.587492796000049],[98.73792243600013,9.587018518000093],[98.73767260500017,9.586536743000067],[98.737566754,9.586152898000023],[98.73752910700017,9.585821785000064],[98.73755208800003,9.585505750000152],[98.73761297100003,9.585212337000087],[98.73771934200005,9.584903899000153],[98.73784089300005,9.584587948000035],[98.73806866900009,9.58416673700009],[98.73834198700013,9.583670307000034],[98.73869878300013,9.58307611600003],[98.73909343700012,9.582527106000043],[98.739397011,9.582120993000103],[98.73970049399998,9.58183528100011],[98.7400418540002,9.581579695000073],[98.74038316000019,9.581406874000095],[98.7407775170002,9.581256678000102],[98.74105809600007,9.581174116],[98.74150548400013,9.581069102000015],[98.74175574400005,9.58098651600011],[98.74194536100003,9.580881311000041],[98.74208191500014,9.580761014000132],[98.74215023599999,9.580655723],[98.74218043600018,9.580577003000087],[98.74229456300014,9.580279584000095],[98.74237811300014,9.580076485000063],[98.74249956700004,9.579880930000115],[98.74264377200018,9.579668079000044],[98.74283803700018,9.579439473000093],[98.74312331800007,9.57915073200013],[98.74346924100018,9.578868059000115],[98.74402751100018,9.578513297000029],[98.74444618300015,9.578279592000172],[98.74489369200018,9.57800902100007],[98.74531088200001,9.57773091200005],[98.74560824000014,9.577519515000063],[98.74565981200016,9.577482854000152],[98.74590765300013,9.577331730000083],[98.74605422900015,9.577242344000126],[98.7464410340001,9.577039465000155],[98.74685226100013,9.576893124000037],[98.74692637600015,9.576866742000163],[98.74743446500014,9.576694045000181],[98.74786670800012,9.57655139200017],[98.74832171700018,9.576393704999987],[98.74871606600004,9.57622844000008],[98.74906495100004,9.576048097000182],[98.74940624500005,9.5758677500001],[98.74951516800007,9.57580888800004],[98.74982339100012,9.575642304000098],[98.75026323100008,9.575477077000187],[98.75069546500015,9.575356989],[98.75120347900008,9.575282107000021],[98.75174935000001,9.575267447000044],[98.75217387600014,9.575305380000088],[98.75266659900018,9.575403552000068],[98.75299252700012,9.575509125000167],[98.75316065800007,9.575562664000074],[98.75375049700011,9.575750459000062],[98.75435685300005,9.57597663700011],[98.75513751600005,9.57627818100002],[98.75554681500006,9.576421436999965],[98.75593341500007,9.576496956000085],[98.75630491800018,9.576482174000148],[98.75661579100006,9.576437240000132],[98.75688121299999,9.576332077000075],[98.75703141300016,9.576235527000051],[98.75716186400007,9.576151680000123],[98.75744253900007,9.575911087],[98.75781431000019,9.575527574000034],[98.75801117200012,9.5753084910001],[98.75824678800012,9.575046296000153],[98.75861861600015,9.574564968000118],[98.75883114100003,9.574218969000185],[98.75894508000016,9.573910540000156],[98.758998335,9.573654727000019],[98.75899094500011,9.573383831000172],[98.75893809400009,9.573067750000064],[98.75883227200006,9.57261619000019],[98.7587718630001,9.572277535000126],[98.75877966400014,9.571969024000111],[98.75880658700015,9.571772293000095],[98.75881776099999,9.571690634000163],[98.75888612600005,9.57151008600016],[98.75899486300011,9.57133710200003],[98.75917454000012,9.571051275000116],[98.75954645200017,9.570442021000133],[98.75997142900007,9.569832802000064],[98.76024467100012,9.569396557000118],[98.7603434190001,9.569110683000133],[98.76035873000006,9.568899997000074],[98.76033612500004,9.568711862000043],[98.76026800900007,9.568538746000115],[98.76012413199999,9.568305374000033],[98.7597453530002,9.567898771000046],[98.75916201900009,9.567296387999988],[98.75879848000011,9.566776921000098],[98.75847285700007,9.566257490000055],[98.75816999500006,9.565707970000062],[98.75800353500011,9.565248833000169],[98.75782954300013,9.564721981000105],[98.75770859300007,9.564225258000079],[98.75762556200004,9.563713510000014],[98.7575425030002,9.563231865000091],[98.75747463800019,9.562720136999985],[98.75746265000004,9.562570025000184],[98.75742955700008,9.562155745000041],[98.75742991900012,9.561644057000137],[98.75745298500004,9.56117753500007],[98.75751391200004,9.560793814000021],[98.75758998800012,9.560417627000106],[98.75773430400017,9.560033962000034],[98.7578861820001,9.55966535500005],[98.75808357800008,9.559259149000184],[98.75829609900018,9.558905633000052],[98.75853896100006,9.558522037000103],[98.7588728070001,9.558130979000055],[98.75917625699998,9.557837720000066],[98.75943413400012,9.557657305000134],[98.75972989700017,9.557514544000128],[98.76013179800009,9.557364319000044],[98.76051856300006,9.557176465000168],[98.76076126200013,9.557018615000061],[98.76094332700018,9.556845671000133],[98.76104959300011,9.556657616000109],[98.76121667300009,9.556228821000104],[98.76153568600012,9.555356162000066],[98.76179391100004,9.554671580000104],[98.76208255200004,9.553874154000027],[98.7622647460002,9.553498029000082],[98.7624544460001,9.553257370000154],[98.76266685000007,9.553061869000032],[98.76284885900014,9.552949118000072],[98.76291143600008,9.552921905],[98.76315977500008,9.552813891000142],[98.76359205100016,9.552580911000064],[98.76405469400015,9.552280231000054],[98.76420641099998,9.55212984100001],[98.76429749500005,9.551979403000189],[98.76435826000005,9.551806374000023],[98.76436409900009,9.551776523000115],[98.76440390900018,9.551573141000176],[98.76444683900019,9.551100874999975],[98.76449556400001,9.550564873000042],[98.76454735400006,9.55021350700008],[98.76459797800015,9.550059541000167],[98.76463244200016,9.549954704000072],[98.76473569600017,9.549726021000083],[98.76483687000001,9.549588970000059],[98.76498858200017,9.549456642999985],[98.76539509400004,9.549186018000114],[98.76576520300017,9.548951492000072],[98.76602003500011,9.548789130000102],[98.7661838530002,9.54867486500018],[98.76629916600007,9.54854852200009],[98.76636595800005,9.548434191000126],[98.76640849400002,9.548313821000136],[98.76643289500004,9.548103149000099],[98.76645727100009,9.54792858500008],[98.76651194000004,9.547802205999972],[98.76658478700017,9.547705934000021],[98.76661913100014,9.54764730900007],[98.76669407200006,9.547519399000123],[98.76676695900011,9.54736292300015],[98.76679130200012,9.547236524000084],[98.7668013810001,9.547084650000102],[98.76680968900013,9.546959629000185],[98.76681589900011,9.54673689800012],[98.76684632000018,9.54659845700013],[98.7669009760001,9.546478101000105],[98.76696775800013,9.546387849000098],[98.76718809500017,9.546200009000017],[98.76727115900007,9.546129191000034],[98.76779294300007,9.545792429000073],[98.76820551700013,9.54553385100013],[98.76836328600012,9.54540151800012],[98.76846042500006,9.545251089000033],[98.76851509800008,9.54510664900016],[98.76853338800015,9.544968205999965],[98.76852490100009,9.544886198000142],[98.76851530900018,9.544793616000106],[98.76845138800013,9.544561412000064],[98.76793414500008,9.543725834000043],[98.76771138999999,9.543306199000028],[98.76741706100006,9.542751738999982],[98.76646442800006,9.541128188000073],[98.76559332300019,9.539856313000087],[98.76515773200009,9.539260947000173],[98.76492793900019,9.538966211000115],[98.76431375200008,9.538178425000126],[98.76378282200005,9.537176757000054],[98.763605611,9.536744944000134],[98.76301979200014,9.536801810000043],[98.76215886200015,9.536903445000178],[98.76055981100006,9.537139023000123],[98.7591010230002,9.537360770000078],[98.7576281800001,9.53762427100014],[98.75626759100004,9.537804306],[98.75552418100017,9.537901237000142],[98.75494913099999,9.537900833000094],[98.75459854600007,9.537844904000167],[98.75426201400012,9.537733286000162],[98.75377126500007,9.537538028000029],[98.75297211100002,9.537133725000047],[98.75194850700007,9.536798873000066],[98.75064443700018,9.53640811800011],[98.74921418200006,9.535961585000052],[98.74911513300015,9.535939262000056],[98.74818097500008,9.53558579200012],[98.74779300300014,9.535384848000035],[98.74744549000008,9.535135787000115],[98.74721926200004,9.534894825000038],[98.74700923900014,9.534605716000044],[98.7468862070001,9.534396723000043],[98.74681542100006,9.534276494000153],[98.7466459310001,9.533850968000138],[98.74646044100001,9.533200691000047],[98.74611362000019,9.532020549000094],[98.74590380200004,9.531466567000109],[98.74564113399998,9.530958668000096],[98.74561312800017,9.530904501000123],[98.74525774700015,9.530366468000125],[98.74494272200013,9.529932816000098],[98.74450645700017,9.529434851000019],[98.7435772570002,9.528551254000035],[98.74324595200005,9.52827008600002],[98.74281764300008,9.527956747000133],[98.74259124200006,9.527802393000115],[98.74253478700012,9.527763894000088],[98.74230853100005,9.527571093000176],[98.74212273900014,9.52733818600018],[98.74184823600007,9.526784162000183],[98.74178481000013,9.526689561000069],[98.74168670500012,9.526543243000049],[98.74125645900006,9.526122539000085],[98.7409736260002,9.525891572000035],[98.740660472,9.525680643999976],[98.74017549500013,9.52545955200003],[98.73979151900016,9.525338876000149],[98.73918521200017,9.525177888000144],[98.73838690500008,9.52498666100007],[98.73757852500017,9.524735231000022],[98.736941968,9.524483927],[98.73639642799998,9.52417248800009],[98.73597216100018,9.523881207000045],[98.73555806200011,9.5234996370001],[98.73533596100009,9.523178406000113],[98.73522636200016,9.522896720000062],[98.7352149150002,9.522867297],[98.73521200600004,9.522843136000063],[98.73519911500011,9.522735756000031],[98.735154653,9.522365594000178],[98.73519986300005,9.521764569000084],[98.73528451300012,9.521110294000039],[98.73541134000004,9.520316830000127],[98.73542570300003,9.51988525500019],[98.73539790600017,9.519551101000104],[98.73531401700006,9.519216911000115],[98.73524321400015,9.518921807000083],[98.73510210200004,9.51843007900004],[98.73489029500018,9.51785803200005],[98.7346178740001,9.517255838000153],[98.73428477900018,9.51669374200003],[98.73395157600004,9.516282130000036],[98.73351730600018,9.515860406000172],[98.73307293900007,9.515539763],[98.73259631000019,9.515274876000035],[98.73197940400013,9.515065571000036],[98.73118015500012,9.514883964000035],[98.73044047500002,9.514728521000052],[98.72978726300016,9.514606018000109],[98.72922459900019,9.514509260000068],[98.72883656500005,9.514431912000077],[98.72853262000018,9.51434176700019],[98.728273989,9.514213146000088],[98.72805420500015,9.514039606000154],[98.72785387000016,9.513808287000074],[98.72769231100006,9.513566673000184],[98.72742765700019,9.512921837000135],[98.72732435600005,9.512684172000093],[98.72720806,9.512510711],[98.72704000500005,9.51236288900003],[98.72678785800008,9.512215008000169],[98.72623822500015,9.512009101000103],[98.7258114130002,9.511880338000026],[98.72563036500014,9.511803139000108],[98.725358385,9.511656621000043],[98.72532001900004,9.511635947000116],[98.72506794500015,9.511398167000152],[98.72488054799999,9.511173278000115],[98.72473844000012,9.510935583000105],[98.72461575400013,9.510665796000069],[98.72453835800013,9.5103832100001],[98.72447395000012,9.510049254000023],[98.72445845800007,9.509761560000186],[98.72442933100007,9.509220885000161],[98.7243973800002,9.508732850000172],[98.72433952400019,9.508283334000112],[98.72424934999998,9.507814508000024],[98.7241637350001,9.50746438100009],[98.72410428100017,9.506845389000034],[98.72403449500007,9.506427667000139],[98.72390857700015,9.506051662],[98.7237406270001,9.505633874000068],[98.72351659200012,9.505188191000059],[98.7234607260001,9.504909703000123],[98.72350302700016,9.504631284000084],[98.72382613100007,9.503935438000042],[98.72395257100004,9.503657095000051],[98.72396679500014,9.5034065050001],[98.72391089800004,9.50315586500011],[98.72360263200017,9.502835418000188],[98.72316812500014,9.50254270900001],[98.72250243900015,9.50226572500003],[98.72239706700014,9.50222188400005],[98.72154608000017,9.501855752000097],[98.72109981400018,9.501608759000021],[98.72088162300014,9.501470132000179],[98.72065741500006,9.501289359000054],[98.72019086000012,9.50084954],[98.71997877200016,9.500656726000045],[98.7198030350001,9.500524156000097],[98.71956663900005,9.500409591000107],[98.71920894400006,9.500318998000182],[98.71872393000007,9.500210257000106],[98.71837230500017,9.5001196770001],[98.71803284600009,9.499980942000093],[98.71772374800008,9.499794083000154],[98.71739650199999,9.49955302100011],[98.71712383,9.499312010000153],[98.71694815100011,9.499101171],[98.71686944499999,9.498950615000183],[98.71682111000018,9.498739880000073],[98.7168031220001,9.498487028999989],[98.716827578,9.498252274000038],[98.71691882100004,9.497891158000186],[98.71703432200007,9.497548124000048],[98.7170945100001,9.497366212000088],[98.71714981700012,9.4971990680001],[98.71722672300007,9.496788117000108],[98.7172271450001,9.496272992000058],[98.7172397240002,9.495919082000057],[98.71726499500005,9.495773697000061],[98.71736812700004,9.495354244000055],[98.71736397900008,9.495304300000043],[98.71735424300016,9.495187170000122],[98.71732226700016,9.495075710000094],[98.71725876400018,9.494941647000132],[98.7171488150002,9.494801075000055],[98.71699981800003,9.494654745],[98.71634544800008,9.494100427000149],[98.7161248230002,9.493855731000167],[98.71579861100003,9.493521854000164],[98.7156714050002,9.49336523400018],[98.71559876000015,9.493214675000047],[98.71557463699997,9.493058139000084],[98.71561726800007,9.492835447000118],[98.71570844000013,9.492570644000125],[98.71576363000008,9.492450120000115],[98.71597572600007,9.491986937000092],[98.71661332600007,9.490867762000107],[98.7166862320002,9.490699265000103],[98.71671669300014,9.490518695999981],[98.71671686600007,9.490308],[98.71670491200018,9.490097292000144],[98.71665059100019,9.489790239000058],[98.71658412700003,9.489501231000133],[98.71652375700018,9.489182134000089],[98.7163424690001,9.488429507000092],[98.71618531400014,9.48782136800014],[98.7159434200002,9.487026550000053],[98.71587688900013,9.486833864000118],[98.71581028400004,9.486707395000053],[98.71568910300005,9.486604961000126],[98.71553150000005,9.486544629000093],[98.71536172100014,9.486544491000075],[98.7151979890001,9.486568444],[98.71519559700005,9.486568998000052],[98.7149917820002,9.486616433000165],[98.71454687700003,9.486776244000168],[98.71447232399998,9.48680371600011],[98.71363074100009,9.487039701000185],[98.7130697980001,9.487053161000063],[98.71271927300018,9.48698326400006],[98.7123267880001,9.486788029000138],[98.71182227900005,9.486397800000077],[98.71154211600003,9.486035593000054],[98.71119188400019,9.485617637000132],[98.71092558900011,9.485450357000161],[98.71061714300015,9.485366571000156],[98.71028059600008,9.485352372000136],[98.70994400000012,9.485407776000102],[98.7095793150001,9.485504923],[98.70913041100005,9.48569946400005],[98.70855515800014,9.486047039000141],[98.70796582000008,9.486478135000084],[98.70772295500012,9.486635818000082],[98.70751536600011,9.486758005000127],[98.70721657900015,9.486865584999975],[98.70687729500014,9.486908811000035],[98.70643693600005,9.486908442000072],[98.70600221900003,9.486894156000119],[98.70562366300015,9.486810307000042],[98.70537057700017,9.486734690000105],[98.7050810090002,9.486600921000104],[98.70479664400006,9.486405866000041],[98.70439026600019,9.486057468000183],[98.70409611300005,9.485667406000061],[98.70352209700019,9.484580996000034],[98.702923381,9.483221039000057],[98.70281934200005,9.482920664000176],[98.70275491100011,9.482631657000127],[98.70269047600004,9.482358705000138],[98.70265033200008,9.48202958800016],[98.70264273700008,9.48146772300015],[98.70263511400009,9.480929944000138],[98.70261104500014,9.480705183000111],[98.70257509200007,9.480602923000163],[98.7025280110002,9.480520949000152],[98.702440249,9.48044285400016],[98.70235477400013,9.480386846000158],[98.70210209900011,9.480271329000061],[98.70138275,9.480062024000063],[98.70038054500014,9.479732086000126],[98.70024319400005,9.47963564800017],[98.70013822900017,9.479483062000156],[98.70005753600014,9.479298378000124],[98.70002296300004,9.479157103999967],[98.70000694400005,9.478978485000027],[98.70000716600003,9.478967389],[98.70000796400012,9.478048529000034],[98.6999918090001,9.477821143000028],[98.69995975400002,9.47737016900004],[98.69991029500011,9.477179479000029],[98.69984057500005,9.47703207100011],[98.69978718000016,9.476948601000117],[98.6996716500002,9.476833704000114],[98.69939217400014,9.476655784000172],[98.69850913300019,9.476195599],[98.697876968,9.475796531000015],[98.6977162170001,9.47573458900007],[98.69750310400019,9.475676207],[98.69723135500016,9.47562835500014],[98.69709284600015,9.475575326000126],[98.697012975,9.475501187000077],[98.69694911000016,9.475405895000051],[98.69691191800013,9.475278885000023],[98.69686517200017,9.474998899000127],[98.6968430030002,9.474866133000148],[98.69680048600014,9.474733825000044],[98.69673666300008,9.474590917000114],[98.69663022300017,9.474421511000116],[98.69655041700014,9.474273299000117],[98.6965026090001,9.474109244000147],[98.69648672300019,9.473982249000187],[98.69646018100013,9.473865828000044],[98.69641764600004,9.473754683000038],[98.69635910500011,9.473664690000135],[98.69628750200013,9.473600961000102],[98.69615676200016,9.473484627000062],[98.696103564,9.47337875500017],[98.69607702100006,9.473262335000129],[98.69605587400014,9.473071846000096],[98.69604007200007,9.472860191000052],[98.69601352900014,9.47274377900004],[98.69596568900005,9.472606177000046],[98.69588586200013,9.472473827999977],[98.69581665900017,9.472389116000102],[98.69577414800011,9.47226210000008],[98.6957264240001,9.471981636000123],[98.69571061500011,9.471780571000124],[98.69566936300004,9.471557156000188],[98.69555682900017,9.471295802000043],[98.69547065300014,9.471139247000167],[98.69505029600009,9.470462815000133],[98.69489092300012,9.470273363000103],[98.69464698500019,9.470038572000135],[98.69446616300019,9.469898928000134],[98.6939295460001,9.469578625000167],[98.69289224200003,9.46917397400017],[98.69185481,9.46890854000003],[98.69098163400008,9.468780272000117],[98.69090140800017,9.46876849],[98.68989188700004,9.46867013800005],[98.68912072400008,9.468585924000024],[98.68839158200018,9.46855743600014],[98.6879428150001,9.468612727],[98.68760059300018,9.468686203000061],[98.6869048480001,9.468941749000066],[98.68609686000019,9.469264024000154],[98.68547974400013,9.469408257999987],[98.68486269000005,9.46947453100006],[98.6842344870002,9.469473966000123],[98.68376335500011,9.469440127000098],[98.68324751900008,9.469239186000038],[98.68241770300017,9.468893172000037],[98.6811170430002,9.468212587000096],[98.68034330200004,9.467900026999985],[98.68001809500004,9.467766081000093],[98.67976023500017,9.46760992100019],[98.6794800130001,9.46736463800005],[98.67915512500002,9.466896549000126],[98.67891848800008,9.466516984000066],[98.67848383000018,9.465625480000028],[98.678350836,9.465380655000104],[98.67821775600004,9.465228415000126],[98.67803801500014,9.465102596000122],[98.6777982960001,9.465016398000046],[98.6775252060001,9.464996307000092],[98.6771388210002,9.465035630000045],[98.676599156,9.465147565000166],[98.67579959100004,9.465384914000026],[98.67550184999999,9.46549733500018],[98.67501329600009,9.465681804000042],[98.67462016000007,9.465813711000067],[98.67428535100015,9.465891940000063],[98.67412546200018,9.465916586000105],[98.67395061000008,9.465921389000073],[98.67373080600004,9.465896381000164],[98.67354394400019,9.465841965000095],[98.67340616100006,9.465801834000047],[98.67319607900009,9.465719989000092],[98.67306157300015,9.465667591000056],[98.67272694700017,9.465563113000087],[98.67212757500016,9.46542367],[98.67187281200012,9.465393666000011],[98.67166799800003,9.4653786],[98.67148312800003,9.465393302000166],[98.6712899220002,9.465427019],[98.67111667800009,9.465479764000065],[98.67091675400007,9.465578778000065],[98.67057779600009,9.465811299000052],[98.66987692200019,9.466292068000087],[98.66936369200016,9.466628882000066],[98.66887741900018,9.466922728000043],[98.66850980000004,9.466398442000013],[98.6683557340001,9.466251161000173],[98.66707492100005,9.465370578999966],[98.66703828200014,9.465320453000118],[98.6669852940002,9.465247975000125],[98.66697637300007,9.46519899000009],[98.66696297500005,9.465125434000015],[98.66697648700011,9.465080888000102],[98.66699673699998,9.465014096000061],[98.6674684420002,9.464435382000147],[98.66790651200006,9.463834366000128],[98.66803532900013,9.46365763900019],[98.6680626820002,9.463578931000086],[98.66807508400012,9.463511530000062],[98.66806743100011,9.4634036490001],[98.66803561700016,9.463321281000049],[98.66790715299999,9.46316610000008],[98.66745881900005,9.462775860000136],[98.66697906000007,9.462398329000052],[98.66686375400008,9.462307588000101],[98.66659168100006,9.462050083000065],[98.66616994700018,9.461560633000033],[98.66592348000012,9.461226265000107],[98.66580035000004,9.460947705000137],[98.66575779200008,9.460808373000134],[98.66571402000017,9.46056145600005],[98.66569998699998,9.460335043000043],[98.66570042800015,9.459878400000036],[98.66570070800014,9.459588819000146],[98.6657239540001,9.459375336000164],[98.66576511700003,9.459192901000051],[98.665948366,9.458686896000017],[98.66633042500013,9.45800786500007],[98.66695948600005,9.457095176000166],[98.66711679600007,9.45681688000002],[98.66722680800012,9.45657278699997],[98.66734468499999,9.456271305000087],[98.66746261100019,9.455911446000073],[98.66755596000019,9.455639125],[98.6676130210002,9.455387924000092],[98.66763431700019,9.455239157000165],[98.66763449100017,9.455057618000126],[98.66760113700008,9.454756875000044],[98.66753097400004,9.454459553000106],[98.66751175700017,9.454378107000139],[98.66731043300018,9.453765338000153],[98.66715322000005,9.453304802000048],[98.6670623330001,9.452875657000163],[98.6670216010001,9.452641762000098],[98.66697611700005,9.452335630000164],[98.6669518600001,9.452092380000124],[98.6669423420002,9.451795643000139],[98.66695723800018,9.451586490000182],[98.66698199600012,9.451318970000045],[98.66702628400003,9.451109843999973],[98.66709506800004,9.45091532400005],[98.66714339400016,9.450809334000155],[98.66723253300017,9.450613861000079],[98.66741414000018,9.450263797000048],[98.66756867800018,9.45002605000019],[98.66760059000012,9.449976972000059],[98.66782843500005,9.449667078000175],[98.6678899010002,9.449598779000098],[98.6680714470001,9.449422872000014],[98.66815973000001,9.449321404000159],[98.66822229500013,9.449219313000128],[98.66824991100015,9.449149560000137],[98.66826101100014,9.449070226000174],[98.66826110300019,9.44897445100014],[98.66823364800013,9.448873187000117],[98.66818689100006,9.448771910000175],[98.66813715300003,9.448706227000173],[98.66812620900004,9.448691782000083],[98.66786394000007,9.448523855000133],[98.66773422000017,9.448460075000014],[98.6675993290001,9.448416552000083],[98.66742022700004,9.448389019],[98.66717498200012,9.448366891000148],[98.66692971000003,9.448372135000056],[98.66691525400012,9.448373410000045],[98.6666232120001,9.448427322999976],[98.66653133800014,9.448441828000057],[98.66645417900003,9.448438106000083],[98.66636233999998,9.448416132000034],[98.66624480000007,9.448371628000075],[98.66598689,9.44825869300007],[98.66558857600012,9.448096171000145],[98.66524900400009,9.447985581000012],[98.66484405300008,9.447933311000156],[98.66430188900011,9.447919819000106],[98.663753159,9.447945237000056],[98.66335466800018,9.447964313000057],[98.66254470500007,9.447924628000067],[98.66187184000006,9.447969382],[98.6611989180002,9.448072503000105],[98.66056513300003,9.448227548999967],[98.65976794300019,9.448486222000156],[98.65851332900007,9.448913073000028],[98.65774227000014,9.449165277000134],[98.65705618100014,9.449365667000166],[98.6558278240002,9.449656334000167],[98.65516793900008,9.449778915000081],[98.65429900700008,9.449920762000033],[98.65373710000006,9.450043434],[98.65327967900015,9.450205133000168],[98.65291368400017,9.45039285900009],[98.65260645300003,9.450606586999982],[98.65233180900003,9.45089170100016],[98.65180852200018,9.451591661000123],[98.65169912700009,9.451708736000171],[98.65161262200013,9.451781723000067],[98.65142283500018,9.45187017100011],[98.65114186800008,9.451947720000021],[98.65048971200014,9.452028640000151],[98.6501158480001,9.45206701800015],[98.64994857200014,9.4521083570001],[98.64982310200003,9.452160123000112],[98.64972894900018,9.452248235000127],[98.64964518200009,9.452393430000143],[98.64952996000011,9.452647573000093],[98.64944101600003,9.452746066000032],[98.6493102880001,9.452828954000097],[98.649090742,9.452890997],[98.64880848700005,9.452947793000078],[98.64847916800005,9.453035673999977],[98.64823869300011,9.453113261000112],[98.64798149600006,9.453207035000048],[98.6475232730001,9.453363791000072],[98.64718961700004,9.453437058000134],[98.64697553700006,9.453468331000181],[98.64668219400005,9.45348377700003],[98.64635713700005,9.453491321000115],[98.64599246500006,9.453483083000151],[98.6452155990001,9.453419332000124],[98.64447838400014,9.453347740000027],[98.64354303700009,9.453212976000088],[98.64279788800019,9.453141380000034],[98.64205266500005,9.453148490000103],[98.64129943199998,9.453234310000084],[98.64033996100011,9.453430113000024],[98.63953111200004,9.453626069000052],[98.63883328200006,9.453798525000138],[98.63808783700011,9.45401816000009],[98.63722341900018,9.454284900000118],[98.63683486600007,9.454371087000084],[98.63648601199998,9.454394334000142],[98.6360579430002,9.454362410000158],[98.63559816900016,9.454314707000037],[98.63526520200008,9.454314361000172],[98.63487665800005,9.45438479700016],[98.63447213400019,9.454581166000139],[98.63413889300006,9.45483270300008],[98.63393253200013,9.45506076100014],[98.63377368400012,9.455336095000177],[98.63367027600009,9.455658717000063],[98.63363825300019,9.45595780200017],[98.63367748600012,9.456343542000127],[98.63371671100009,9.45672928900018],[98.63370856700016,9.456933935000052],[98.63365293200007,9.45706769200018],[98.63354975300012,9.457177788000024],[98.63342283100013,9.457248495000101],[98.63316910000003,9.457279719000041],[98.63269339400006,9.457310709000126],[98.6319956540001,9.457388687],[98.631733973,9.457443512],[98.63148018300018,9.457529842000042],[98.63127389900012,9.45767918100006],[98.630964372,9.457993706000082],[98.63069461900017,9.458190214000126],[98.63042493600017,9.458307999000056],[98.63002251300014,9.458381371000087],[98.62970735300019,9.45840465800012],[98.6293862620002,9.458416126000031],[98.62897004100012,9.45841568700007],[98.62870838600003,9.458444929000166],[98.62843480100008,9.458515480000074],[98.62809573100009,9.45865090400008],[98.62768522500005,9.45886890300011],[98.6273937310001,9.458998468000061],[98.6273133910002,9.45902932600012],[98.62696481300014,9.459219547000146],[98.62677194600008,9.459369410000022],[98.62663898100016,9.459477610000079],[98.62654976500005,9.459550217000128],[98.62636736200017,9.45960512199997],[98.62613743400016,9.459620623000092],[98.62574902900008,9.45955723600008],[98.62532103100017,9.459454451000056],[98.62495636100005,9.459438321000107],[98.6246233190002,9.459500935000165],[98.62429019300015,9.459642263000148],[98.62396487400014,9.459885934000113],[98.62336965100019,9.460459909000122],[98.62161565600013,9.462205481000126],[98.62055191900009,9.463463767000121],[98.61971070000004,9.464234260000183],[98.61921067600008,9.464737490000061],[98.6186076050002,9.465224864999982],[98.61789351700008,9.465727862000165],[98.61750011200013,9.46599642200016],[98.61730639200005,9.466128666000088],[98.61664002400016,9.466497896000078],[98.61617991300005,9.466749274999984],[98.6157833380002,9.466898404000176],[98.61532332400014,9.467063197000073],[98.6145383240002,9.467164669000113],[98.6140380550001,9.467176775000041],[98.61329357300013,9.46719478],[98.61158115400013,9.467137789],[98.61108963400011,9.467113635000146],[98.61055842700011,9.46713665599998],[98.61015401000014,9.467207052000163],[98.60988427600006,9.467364179000072],[98.60963821300004,9.467623665000076],[98.60942372500006,9.468001253000011],[98.60907386600013,9.468906079000135],[98.60882735700011,9.469551268000146],[98.60860493200005,9.469936716000063],[98.6082475990001,9.470432219000088],[98.60781886200004,9.470982740000068],[98.6074062030001,9.471320746000174],[98.6071206540002,9.471438502000126],[98.60685898400004,9.47146968800007],[98.60658156800014,9.471406410000156],[98.6063201130001,9.471248689000163],[98.6059795450002,9.47094919000017],[98.60581320000017,9.470823056000029],[98.60560716200018,9.470736240000122],[98.60529796700007,9.470728030000146],[98.60500456300014,9.470782798000073],[98.6048141190002,9.47093213700009],[98.60466325900018,9.471128753000187],[98.6044963670002,9.471474909000051],[98.60435332700007,9.471765988000072],[98.60417873200015,9.471915346000173],[98.60396457800016,9.471993821000183],[98.60370294300009,9.471993526000063],[98.60340169400013,9.47197744500005],[98.6032272160001,9.472024475000012],[98.6031637110001,9.472095243000012],[98.60307621100014,9.472347031000083],[98.60302835300007,9.472598867000102],[98.60295675200007,9.472811310000054],[98.60284563200014,9.472921388000088],[98.60268699200014,9.472984177000058],[98.60247296000006,9.472960318000105],[98.60226692100014,9.472873504],[98.60206096200005,9.47272370900015],[98.60189465700006,9.472558223000135],[98.6017758480001,9.47245575300019],[98.60157773400005,9.472376821000069],[98.60133199800015,9.472345053000083],[98.60113381600007,9.472321217000058],[98.60096743500009,9.472226565000028],[98.60076939600015,9.472084661000054],[98.60053168700006,9.471958439000048],[98.59992928900016,9.471831814000154],[98.59966765700017,9.471831516000123],[98.59946144200006,9.471902120000095],[98.59930272700018,9.472035753000057],[98.59922321300019,9.472232446000078],[98.59912725300006,9.472940768000058],[98.59903176000006,9.473239775000025],[98.59892854000003,9.473373465000066],[98.59876983200007,9.47349923500019],[98.59857153500008,9.473577716000023],[98.59824643200011,9.473616703000118],[98.597984677,9.473718731000076],[98.5977466130002,9.473907368000141],[98.59746874700016,9.474221908000061],[98.59714310300018,9.474725304000117],[98.59686508000004,9.475181526000028],[98.59676177500006,9.47538607000007],[98.5967060210001,9.475606405000121],[98.59668188300003,9.475905495000177],[98.59666566100015,9.476220327000078],[98.59663367900015,9.476448560000051],[98.59653039400001,9.476637356000026],[98.59637160800003,9.476826094000046],[98.59610397500018,9.477061051000021],[98.59579452000008,9.47726534700007],[98.59540579500015,9.477469561000078],[98.59492191200019,9.477681532000133],[98.59439053200009,9.477838341000052],[98.59391472200014,9.477932248000059],[98.5933834440001,9.477994608000074],[98.59238440600018,9.478048546000082],[98.59185314400008,9.478103027000088],[98.59132979200012,9.478165384000022],[98.5907516490002,9.478294285000118],[98.59034641700003,9.47838463700009],[98.58938684100008,9.47858817399998],[98.5887306670001,9.478706852000016],[98.58709503200004,9.479010535000043],[98.5861275270002,9.47920617800014],[98.58522346000012,9.479401899000095],[98.58443038800004,9.479597741000134],[98.58370860800017,9.479840895000166],[98.58282820000016,9.480131094000114],[98.58210648100004,9.480327017999969],[98.58149580900016,9.480475843000136],[98.58091686600011,9.480616834000159],[98.57979077800019,9.480820147000031],[98.5780937150002,9.48113296400004],[98.57684069700008,9.48139908100012],[98.575127678,9.481782705000057],[98.57431820700009,9.481981109000174],[98.57404115800017,9.482049013000108],[98.5737238760002,9.48216670100004],[98.57343824800006,9.482331648000127],[98.57320806100006,9.482543896999971],[98.5730014410002,9.482929341000101],[98.57277877900009,9.483464325000114],[98.57268341700018,9.483645252000088],[98.57254844500005,9.48379464200002],[98.57235009000004,9.483912473999965],[98.57201692000001,9.484053752000136],[98.57167584600006,9.484171409],[98.57108885300005,9.484398961000181],[98.57037487100013,9.484736551000026],[98.56970057300015,9.485034841000015],[98.56922700300004,9.485189005],[98.56905017300016,9.485246562000043],[98.56851876400015,9.485403339000129],[98.56799531800016,9.485536508000052],[98.56757497000001,9.48564618600011],[98.56718632000019,9.485763781000117],[98.56689284900017,9.4858578730001],[98.5665755890002,9.485951936000163],[98.56628221000017,9.485967322000022],[98.56548945900005,9.485887624000156],[98.56467301000009,9.485737047000043],[98.56415778700017,9.485634080000125],[98.56374554500019,9.48560207800017],[98.56324605800012,9.485593587999972],[98.56267517800018,9.485616492000133],[98.56212807100007,9.485647297000071],[98.56181343800012,9.485663164000073],[98.56158651700008,9.485689697000055],[98.56068512800016,9.48575936800006],[98.56022617800005,9.48578342400009],[98.56012498799998,9.485790108000117],[98.55987612500013,9.485841255000139],[98.55976506200005,9.485888344000045],[98.5596539340001,9.485990528000173],[98.55956649800015,9.486163590999979],[98.55946305000015,9.486462569000025],[98.55927228700006,9.48683228300007],[98.55907379300015,9.487052432999974],[98.55877228100007,9.487233102000118],[98.55786905100013,9.487431369000092],[98.55707604600013,9.487548441000172],[98.5565923330002,9.48760292500009],[98.5560610940002,9.487625863],[98.55569639100014,9.487609660000032],[98.55539518200015,9.487554180000018],[98.55516534700007,9.487483043000111],[98.55503135600009,9.487418791000096],[98.55495140500011,9.487380446000031],[98.55479298000006,9.487270047000038],[98.55461880600006,9.487073036000027],[98.5544367820001,9.486813047000112],[98.55415963100018,9.486545074000048],[98.5538269130002,9.48632424900012],[98.55333571800014,9.486040248],[98.55286032700013,9.485795633000123],[98.5522738800002,9.485590231000174],[98.55167150000011,9.485447768000029],[98.55116420300016,9.485344792000035],[98.55076786400014,9.485281316000112],[98.55033179600008,9.485280756000066],[98.54992734500013,9.48535894500003],[98.549562412,9.485523776999969],[98.54923703700018,9.48575949800005],[98.54886392400016,9.48612110900001],[98.54849856500005,9.48661652800007],[98.54849457900002,9.48662294400009],[98.54837944500014,9.486765928000182],[98.54820474900004,9.486970361000147],[98.54807956700017,9.487082321000173],[98.54795867700011,9.487190443000031],[98.54762526300004,9.48750486800003],[98.54730774800015,9.487787825999987],[98.54697439000012,9.48806289300012],[98.546665029,9.488172688000077],[98.54647489200016,9.488197067000044],[98.54630025400013,9.488219444000038],[98.5459434980001,9.488195371000074],[98.54545993400006,9.488139645000047],[98.54475452300005,9.487965558000155],[98.54432650500013,9.487870544000089],[98.54393022600016,9.487759827000104],[98.54361329300013,9.487601987000176],[98.54339943899998,9.487436416000037],[98.54323322600004,9.48722366800007],[98.5430829840002,9.48691648800002],[98.54302781100017,9.486672401000021],[98.54300454200012,9.486278805000097],[98.54295719700019,9.486113449000129],[98.54285428800011,9.485987364000096],[98.54265272900005,9.485855247000075],[98.54262597000002,9.485834765000163],[98.54233473200009,9.485661988000174],[98.54191434500007,9.48543499900012],[98.54182036500009,9.485384256000088],[98.54092165600008,9.48499519700016],[98.53967583700012,9.484470221000038],[98.53877702700015,9.484161197000049],[98.5374688710001,9.483882411000081],[98.53666273500005,9.483832087000167],[98.53516191000011,9.483867037000039],[98.53493219800009,9.48389304300008],[98.53468276500018,9.483937925000077],[98.53425449800017,9.484031811000023],[98.53361209200011,9.484180510000158],[98.53294589500018,9.484337046000121],[98.53207342200017,9.484587768999972],[98.53144680500009,9.484783714000116],[98.53087573900012,9.484940379000022],[98.5299556290002,9.485246129000132],[98.52912279000009,9.485496889000103],[98.52847244200012,9.485653438000156],[98.52783013900017,9.485723420000056],[98.52730682000015,9.485754200000144],[98.52685493800004,9.485722103000057],[98.52635556400014,9.485634841000149],[98.52592761200009,9.485500457],[98.52553932000006,9.485350370000106],[98.52522236400017,9.485216128000047],[98.52480246000005,9.48499515800006],[98.52465199500011,9.484869020000076],[98.52453328400014,9.484711426],[98.52443054100007,9.484475147000069],[98.52439122300007,9.48423895500008],[98.52432799700011,9.484089309000126],[98.5242330590001,9.483947496000042],[98.52405730000004,9.483740389000047],[98.52397913500005,9.483649025000148],[98.52386036500019,9.483538668000165],[98.52376725600004,9.483471926000107],[98.52366234300013,9.483396709000033],[98.52348007700016,9.483333492000042],[98.52327398500017,9.483301723000181],[98.52296479800003,9.483285562000162],[98.52237813500011,9.483261155000037],[98.5219500500001,9.48322121200016],[98.52144276400008,9.483126065000022],[98.5208562250001,9.483007187000112],[98.52044401300014,9.482959397000116],[98.52007924000003,9.483006124000156],[98.51975404500007,9.48310013500003],[98.51949218600015,9.483257208000111],[98.51927782900009,9.483469434000085],[98.51903945200019,9.483846936000077],[98.51878503600005,9.484350351000046],[98.51860210100011,9.484767280000028],[98.5184829580001,9.484924540000065],[98.5183559850002,9.485003080000183],[98.51816564500007,9.485050047000072],[98.51781681000006,9.485033826000063],[98.51719051800012,9.48499360500017],[98.51689711300008,9.485032559000047],[98.51669089300009,9.485087373000113],[98.51643692200014,9.485275931999979],[98.5161670330001,9.485503828000049],[98.51594485900017,9.485629464000112],[98.51568311800008,9.485699948000104],[98.51533423800004,9.485723075000124],[98.51495371300007,9.485691061000182],[98.51459698800011,9.48565416700012],[98.5143175410002,9.485630161000074],[98.51415901000013,9.485593612000173],[98.514085707,9.485576704000039],[98.51393711900016,9.485523369000134],[98.51371125300011,9.485458120000146],[98.513443785,9.485375100000056],[98.51327144100014,9.485304016000043],[98.5130217950001,9.48523282399998],[98.51285532100019,9.485214883000026],[98.51255797100009,9.485238085000162],[98.51234385100014,9.485273207000034],[98.51219932200019,9.485331617999975],[98.51207882700004,9.485391219000064],[98.51201189000011,9.485417686000176],[98.51192491100011,9.485427530000095],[98.51182457800007,9.485424067999986],[98.51174094400005,9.485433914000112],[98.51163388200007,9.485453692000135],[98.51136623000014,9.485499804000028],[98.51106848,9.485542562000035],[98.51080752900003,9.485582047000037],[98.5106268790002,9.485598393000146],[98.51040611900004,9.485601406000114],[98.510322475,9.485617895000132],[98.51025889100009,9.485644372000138],[98.51021868700013,9.485687482000117],[98.51018515600015,9.485743894000166],[98.5101583330001,9.485793662000049],[98.51011814100019,9.485830137000107],[98.50992069400007,9.485899594000102],[98.50988056100005,9.485899537000023],[98.50983376400018,9.485876225000027],[98.50979704100007,9.485829687000091],[98.50974363800003,9.485746595000137],[98.50967699300008,9.485570504000066],[98.50964029400018,9.485507355000038],[98.50959353000019,9.485460803000137],[98.50949653900011,9.485454023999978],[98.50939616500011,9.48547381000003],[98.50930242499999,9.485533448000183],[98.50922201400004,9.485629637000045],[98.50912820200006,9.485739091000028],[98.5090176870001,9.485835237000174],[98.50892057100003,9.485914798000124],[98.508860341,9.48593463900005],[98.50878342000016,9.485927890000141],[98.50872454000006,9.485903976000088],[98.50866549400018,9.48583469100015],[98.50855069400006,9.485608557999967],[98.5084074020001,9.485184971000024],[98.50831365400018,9.4848809450001],[98.50823017000005,9.484717187000058],[98.5081387400001,9.484618356000112],[98.50807949900008,9.48457195200001],[98.50792260600014,9.484516320000012],[98.50755288700003,9.484481174000166],[98.50660391100018,9.484580263999987],[98.5062590610001,9.484639522000123],[98.50595208700008,9.484639089000154],[98.5057753390002,9.48463884000006],[98.50565907200007,9.484634057000108],[98.50557067500017,9.484647789000178],[98.50541712300009,9.484693748000154],[98.50515646700018,9.484827291000101],[98.50504011600003,9.484877923],[98.5049517180002,9.484896266000021],[98.50486801400018,9.484886911000046],[98.50470534200008,9.484803564000174],[98.50451016300013,9.484683228000165],[98.50427787000001,9.484498194000139],[98.50408288400007,9.484243947000152],[98.50399480100015,9.484045265000077],[98.50392997,9.48384661100016],[98.50393481600008,9.483712706000176],[98.50393964800014,9.483588042000122],[98.50391186000013,9.48350488],[98.50387010600002,9.483430945],[98.50379576700004,9.483375425000077],[98.50369811800005,9.483356815000093],[98.50353997400009,9.483361203000129],[98.5032655190002,9.483388523000087],[98.50293044000011,9.483454839000046],[98.50284202300014,9.483482422000122],[98.50275824400006,9.483523858000183],[98.50266514200018,9.48357914200011],[98.50255336400016,9.483685186],[98.50242290200003,9.483841999000106],[98.50232503500018,9.483980390999989],[98.50225974500012,9.484095739000168],[98.50215240000006,9.484354175000021],[98.50209174400015,9.48448800000017],[98.50203580100009,9.484575663000044],[98.50197060699998,9.484630976000119],[98.50188212200004,9.484709348000024],[98.50180758400012,9.484792362000121],[98.50174700800005,9.48486615400003],[98.50170503600015,9.484944595000059],[98.50167234899999,9.485036903000037],[98.50165823700007,9.485143094000023],[98.50165341200011,9.485263138],[98.50173181700012,9.4857250230001],[98.50175497900011,9.485789702000034],[98.50183381900007,9.48595142400012],[98.5020876660002,9.486389411],[98.50209363300007,9.486399709000182],[98.50211678200009,9.486473625000087],[98.50212600600014,9.486529053000027],[98.50212593300006,9.48657984300013],[98.50211185700016,9.486662936000187],[98.50210793200006,9.486675332000175],[98.50201374100004,9.486972183000091],[98.50198561899998,9.487119911000093],[98.50198546600006,9.487226113000133],[98.50198534600008,9.487309228000186],[98.50199896300006,9.48737391800006],[98.50200382200018,9.487396995000097],[98.50202600800003,9.487434556000096],[98.502050221,9.487475558000085],[98.5020855320002,9.487530261000074],[98.50217552600014,9.487669680000181],[98.50253312400008,9.488044218000084],[98.50262683900013,9.488150854000025],[98.50263064100005,9.488155179000103],[98.50264752100003,9.488188811000043],[98.50268165800014,9.488256836000062],[98.50271410500005,9.488330765000057],[98.50272788600006,9.488455464000026],[98.50273699700017,9.48858938899997],[98.50274148900019,9.48869559700006],[98.5027413360001,9.48880180700013],[98.50272260000014,9.488894135000123],[98.50267125600016,9.489023354000096],[98.50243356200019,9.489355482000065],[98.50239073400002,9.489435530000094],[98.50230763700017,9.489590804000159],[98.5022423150001,9.489733860000058],[98.50219085800018,9.489936963000105],[98.50218136700005,9.49006624700013],[98.50218569800012,9.490287898000076],[98.502398163,9.4913225520001],[98.50242441700004,9.491521411000122],[98.50244877600005,9.491705892000027],[98.50245313000005,9.491909075000024],[98.50244363800016,9.492042971000103],[98.50240625100014,9.492162979000057],[98.50236618500003,9.492214839000098],[98.5023456740002,9.492241388000082],[98.50209874,9.49253195200015],[98.50179596200019,9.492840900000147],[98.50150724900004,9.49307137],[98.50138154800004,9.493154314000094],[98.50131451500005,9.493188172000089],[98.50116277600006,9.49326482400005],[98.50092084800008,9.493310655000187],[98.49973456800018,9.493452110000078],[98.49753417400018,9.493684450000103],[98.49681309900012,9.493775767000102],[98.49605170300003,9.493974792000131],[98.49579408500017,9.49404212900015],[98.49490526400012,9.494331757000111],[98.49447708700012,9.494506605000026],[98.49399305000014,9.494713699999977],[98.49383441300006,9.494820140000115],[98.49371835500006,9.494898007000074],[98.49354138000007,9.495054756000172],[98.49344817800016,9.49517468200014],[98.49324843800014,9.495547709000164],[98.49300431500012,9.496509836000087],[98.49305532400018,9.497366091000174],[98.49328812300013,9.499000958000181],[98.49391150100001,9.501622300000179],[98.49453632700005,9.503257733000055],[98.49612628900013,9.506165858000031],[98.49875966500008,9.510450559000105],[98.49941130800005,9.511644961000172],[98.49955305800006,9.511899120000123],[98.49969921600007,9.512386697000068],[98.49972349700005,9.512631312000167],[98.49974887400009,9.513150251000184],[98.49966960600011,9.51374687200007],[98.49945934700003,9.514550861000089],[98.4978860400002,9.518103054000107],[98.49542216200007,9.522951192000107],[98.4946090110002,9.524947778000126],[98.49400482000004,9.527022489000103],[98.49345274600017,9.529201057000023],[98.49308453700019,9.530757215],[98.49266278800019,9.5331694730001],[98.49146748600003,9.546088266000083],[98.49144292100004,9.548105288000045],[98.49737437200014,9.54847169900006],[98.4974599910002,9.548495012000103],[98.49760026800016,9.548379298000157],[98.49780296100016,9.548170955000046],[98.49794992800014,9.548029159],[98.49811481600011,9.547870032999981],[98.49919538200015,9.548930260000077],[98.49902369300008,9.549215889000152],[98.49857073300007,9.550204370000131],[98.49810962300012,9.551416896000092],[98.49798421900005,9.552011722000145],[98.49802266800009,9.552305397000168],[98.49824036200016,9.552514355000028],[98.49870728400009,9.552630946000022],[98.49928332500008,9.55267811900012],[98.50003073700009,9.552632851000112],[98.50062238499999,9.55265690900012],[98.50128405200013,9.552673307000077],[98.50186780400009,9.55275139400004],[98.502202561,9.552775037000117],[98.50273962900002,9.55282992900004],[98.50326117700018,9.552853837999976],[98.5036971180001,9.552869900000076],[98.50409414400013,9.552878210000074],[98.5043432280001,9.552894021000043],[98.50450216400014,9.55288769300006],[98.50510687600007,9.55306090900018],[98.50510593800016,9.553072855999972],[98.50509802500011,9.55315012300008],[98.50511344700016,9.553242872],[98.50513676400004,9.553281544000015],[98.50525350400011,9.553304863000108],[98.5054014000001,9.553320558000053],[98.50558046000015,9.553305328000022],[98.50583736400012,9.55332117800009],[98.50595537800012,9.553321345000029],[98.50601640100007,9.553321432000132],[98.50642884700011,9.553422451000074],[98.50675667800016,9.553591467],[98.50744430700013,9.553821572000118],[98.50758859000007,9.553846672000077],[98.50924077100007,9.554134115000124],[98.509480667,9.554143429000021],[98.50989710300018,9.55409910700007],[98.51024573800015,9.554018727000027],[98.510544456,9.553932221000139],[98.5120733490001,9.55408329100004],[98.51178941500007,9.554334739000012],[98.51169707100007,9.554471805],[98.51169690900008,9.554586138000161],[98.51175437100005,9.554677682999966],[98.51200257600004,9.554811763000089],[98.51236266600017,9.554942680000181],[98.51303001600013,9.555219044000125],[98.51305930700016,9.555231199000161],[98.51345274100004,9.555483343000049],[98.51366812900011,9.555679562000023],[98.513726254,9.555732517000024],[98.5139861350001,9.555969273000073],[98.5142724260001,9.556273231000034],[98.51446066200003,9.556473136000136],[98.51466258900012,9.556675407000057],[98.51540986100014,9.557423955000047],[98.51556053600007,9.557591411000033],[98.51559059200008,9.557624813000132],[98.51568118400013,9.557706624000048],[98.51578000600011,9.557957785000156],[98.51596796600006,9.559112066000182],[98.51593935400018,9.55937550800013],[98.5158183320001,9.559481603999984],[98.51574522100003,9.559470159000057],[98.51547992700006,9.559420997000075],[98.5152759070001,9.559348361000104],[98.51491887900005,9.559232102000124],[98.51450350800019,9.559159162000128],[98.5139497450001,9.558999200000073],[98.51310456100003,9.55873032],[98.51165434500012,9.558482308000123],[98.51059747300008,9.558430180000073],[98.51028399300003,9.55845867100004],[98.5101599250001,9.558559781000042],[98.51011607600009,9.558639314000118],[98.51016693400004,9.558747913000161],[98.51039997700008,9.558907428000111],[98.51136166200013,9.559263305000172],[98.51283338000002,9.559779063],[98.51432681000017,9.560396148],[98.51579813900014,9.561194085000011],[98.51651892700005,9.56166663200014],[98.51652880699999,9.561673111000061],[98.51699250700017,9.561977145000185],[98.51842012700018,9.562746051000033],[98.51845961300006,9.562761951000084],[98.52020504100005,9.56346481900016],[98.52196806500012,9.564176316000157],[98.52211645200003,9.564252401000147],[98.52221982300017,9.56430540100007],[98.52343952600006,9.564930793000144],[98.52547921299998,9.565888631000178],[98.52677565300013,9.566472175000115],[98.5271998360002,9.566639053000074],[98.52813090500018,9.566876073000117],[98.52834286700016,9.566949574000091],[98.5296001970001,9.567340719000015],[98.53033695800019,9.56760777400001],[98.530895058,9.567852403000074],[98.53162061400019,9.56817487100011],[98.53214525400006,9.56838619600012],[98.53262536900013,9.568508790000124],[98.53309433499999,9.568609176999985],[98.53342983000016,9.568632871000034],[98.53343029600018,9.568632903000037],[98.53416340100017,9.57195411500004],[98.535378965,9.57746090000012],[98.53519622300018,9.577642025000102],[98.53515954200009,9.577765155000122],[98.53518124600009,9.5779173250001],[98.53523215700017,9.578055066000047],[98.53343719500015,9.578893932000028],[98.53335232100005,9.578782429000114],[98.53312134700013,9.578566054000078],[98.53296171700003,9.578420693],[98.5327511070002,9.578244919000042],[98.53229770200011,9.577946540000141],[98.53199317300005,9.577803797000115],[98.53173039200004,9.57770852100009],[98.53147434300007,9.57763812600001],[98.53140624000002,9.577641428000106],[98.53133591300019,9.577667174000112],[98.53091796500007,9.577600704000133],[98.53070890500015,9.577541108000162],[98.53040422900017,9.577505123000094],[98.53013534200005,9.577534404000119],[98.53000375900007,9.577617238000073],[98.5299559030002,9.577676484000165],[98.52995576400014,9.577777298000171],[98.52995932600004,9.57783515799997],[98.52993360300013,9.577990200000045],[98.52988466400006,9.578062845999966],[98.52977004500013,9.578126948000147],[98.52962648700014,9.578239410000037],[98.52942926800006,9.578286600000013],[98.52881974600007,9.578339155000037],[98.5284969970001,9.578409874000101],[98.52837142100003,9.578480859000024],[98.52837130600011,9.578563891000158],[98.52841306400018,9.578617294000026],[98.52849067400001,9.578670792000025],[98.52772464600008,9.57955929700006],[98.52758131500019,9.579505717000075],[98.5274020810001,9.579469918000086],[98.52712122600008,9.579516955000145],[98.52648168300016,9.579682114000036],[98.52598548400005,9.579865306000102],[98.52559679800004,9.580084190999969],[98.52547193300012,9.58014381300012],[98.52545449800016,9.580152142000031],[98.52542342600009,9.580166984000186],[98.5252022210002,9.580249692999985],[98.52499893500004,9.580338361999964],[98.52461038900003,9.580462351],[98.52408446500004,9.580580244000089],[98.5235823980002,9.58068628500007],[98.52329548100016,9.580762983],[98.52308016199999,9.580946559000097],[98.52303815400006,9.581059157000027],[98.52308707200007,9.581318690999979],[98.52309002500004,9.581334363000053],[98.52309651400014,9.581419319000133],[98.52316692000011,9.581653446000075],[98.52326095400002,9.581852468000022],[98.52349622300005,9.582203805000063],[98.52326230800014,9.582567566000023],[98.52324814100012,9.58258959699998],[98.52316365500008,9.582608832000062],[98.52306720600018,9.582686937000062],[98.52301204200006,9.58281159600017],[98.52288191300005,9.583127337000064],[98.5228697610001,9.583396424000057],[98.52233865900001,9.58381691],[98.5221032300002,9.58355919600018],[98.52196042600008,9.583502268000075],[98.52195197100019,9.583488063000061],[98.52174488500009,9.583323169000096],[98.52143814300013,9.583265133000111],[98.52108979700006,9.583305805000123],[98.52094054100019,9.583297365000135],[98.52070000300017,9.583338188000027],[98.52045928500013,9.583502465000038],[98.5200690420001,9.58385583200004],[98.51947123400004,9.584381751000137],[98.51884859199998,9.584874714000136],[98.51837522400012,9.585367884000107],[98.51812762800006,9.585629265000136],[98.51762227300009,9.586211602000105],[98.51758423800004,9.586232419000112],[98.51711706300017,9.586643374000118],[98.51705306000014,9.58669967500009],[98.51700493400006,9.586765760000105],[98.51698447000012,9.58679386200015],[98.5166868770001,9.587202299000069],[98.51640267600015,9.5881028660001],[98.51629732000015,9.588288965000118],[98.51616798700019,9.588517420000073],[98.51607173200011,9.588687438000136],[98.51575267800018,9.589225228000032],[98.5149518460002,9.590190238000105],[98.51394144300014,9.59119052200009],[98.51129079100002,9.59312681900019],[98.51015402500013,9.594251269000154],[98.50819770200019,9.595500027000071],[98.50592695400007,9.595997659000034],[98.50447697600015,9.595932275000166],[98.50427459900004,9.595861368000044],[98.5037228000001,9.595668033000152],[98.50361730900016,9.595631072000174],[98.50322212700019,9.5954926120001],[98.5031998770001,9.595484817000056],[98.50258704400011,9.594803512000112],[98.50157918800005,9.59423903600009],[98.50081897700011,9.594135063000124],[98.50072687900013,9.594162353000058],[98.50051270300014,9.594247029000144],[98.50032718900007,9.594246761000136],[98.50015601500013,9.594189853000046],[98.50008481200018,9.594076444000166],[98.49994798300014,9.593940241000155],[98.49993711400003,9.593929429000184],[98.49988528200004,9.593877875000146],[98.49965728500007,9.593650898000135],[98.49930075400016,9.59349460400017],[98.49894418000014,9.593352425000035],[98.49858743500005,9.593309416000125],[98.49853192500007,9.593301822],[98.49851272300009,9.593299194000167],[98.49837419200009,9.593280244000027],[98.49796719500006,9.59296864800018],[98.49794580600013,9.592940259000045],[98.49790315900009,9.592826862000152],[98.49788907100015,9.592685214000142],[98.4977893730001,9.592557594000084],[98.49761813900011,9.592543195000019],[98.497189821,9.592670049000048],[98.49711718800017,9.592669943000033],[98.4971037740001,9.59266992400012],[98.49677597100009,9.592669448000095],[98.49630504700019,9.59265457500004],[98.49596262200004,9.59259743399997],[98.4955773710002,9.592540229000122],[98.49489252700005,9.59242590700012],[98.4946357390001,9.59235470100009],[98.49447892900008,9.592255346000115],[98.49432216400015,9.592099301000076],[98.49400849100005,9.591914723000059],[98.49342345300016,9.59184306600008],[98.49232476000009,9.591728133000117],[98.49182528600016,9.591713249000122],[98.49142056100015,9.591757269000027],[98.4910192550002,9.591830280000124],[98.49049261800002,9.592256692000035],[98.4904399020001,9.592433539000012],[98.49045363800019,9.592801834000056],[98.49048907899999,9.593061566000017],[98.49053489200014,9.593514095000103],[98.49048114800013,9.593929948000095],[98.49037456900015,9.594152401000144],[98.49016180500013,9.59433369300001],[98.48966563400018,9.594567289000167],[98.48891601800017,9.594786918000125],[98.48887499000011,9.594805640000118],[98.48886056800018,9.59480698100009],[98.48880875800018,9.594811800000059],[98.48877673800018,9.594813521000106],[98.48875198900015,9.594814846000133],[98.48873080100003,9.594814815000063],[98.48864792200015,9.594814692000114],[98.4884492440001,9.594814399000029],[98.48836094600006,9.594814268999983],[98.48834801800007,9.59481425000007],[98.48823096600012,9.594876757],[98.48821161000012,9.5948967490001],[98.48794757100006,9.594834229000071],[98.48792157200012,9.594725671000162],[98.48782860000006,9.59462980000012],[98.48779250400008,9.594547718000058],[98.48775824600011,9.594469812],[98.48756391600017,9.594401637000146],[98.48751487600003,9.594020795000063],[98.48777348200014,9.59386183000015],[98.48776909000009,9.593860170000028],[98.48792644300005,9.593591262000132],[98.4881696170001,9.593237546000012],[98.48828418500017,9.59296861100006],[98.48831302100007,9.592756185999974],[98.48822764900012,9.592586093000023],[98.48772829500018,9.592514523000148],[98.48680075800013,9.59244235500006],[98.48621048600012,9.592383844999972],[98.48521672000015,9.592411664000053],[98.48518206400013,9.592418310000085],[98.48498455600009,9.592456192000043],[98.48454330600003,9.592610388000026],[98.48419712600014,9.592691217000038],[98.48409491900014,9.592726555000127],[98.48383267500009,9.592817222000065],[98.48328612500018,9.592897761000074],[98.48304991200007,9.592929058999971],[98.48300127700008,9.592935502999978],[98.48294909800012,9.59294241800012],[98.48267588600004,9.592960098000162],[98.48233893000008,9.592959594000092],[98.48190185000016,9.592922774000101],[98.481628775,9.592850099000032],[98.4816062880002,9.592811232000088],[98.48160022600007,9.592800768000131],[98.4814925070001,9.59261486400004],[98.48134707600008,9.592451989000153],[98.48106484700008,9.59237924200005],[98.48064587200014,9.592441888999986],[98.48025393300014,9.592667244999973],[98.48012517100011,9.592783069000177],[98.48005005900012,9.592900805000113],[98.4800285710001,9.592965776000085],[98.48003603100005,9.593053527000166],[98.48004000800012,9.593100301000106],[98.48005365600017,9.593144871999982],[98.47989462500004,9.593229712999971],[98.47958808800018,9.59335315200019],[98.47941704200008,9.593386843000019],[98.47907556200005,9.59348439400003],[98.4788569230002,9.593546851000099],[98.47865886700015,9.593559666000033],[98.47840378900014,9.593622557000174],[98.47839116500018,9.593628234],[98.47832298200012,9.593659062000086],[98.4780477070002,9.593783531000156],[98.47773761400003,9.593887756000186],[98.47748020000006,9.594044443000087],[98.47711699000018,9.594397323000123],[98.47663485300018,9.594867810000096],[98.47616083900004,9.595257277000087],[98.47595853900015,9.595399102000158],[98.47571705800016,9.595480394000163],[98.47553579700019,9.595627109000134],[98.47529400300004,9.595904412000039],[98.47497656700011,9.596223711000107],[98.47495822300016,9.596265388000063],[98.47495264300005,9.596278049000148],[98.47495085200018,9.596300313000029],[98.47494856800017,9.596329584000046],[98.47494848600019,9.596383106000076],[98.47496032600009,9.596420132000105],[98.47496438500013,9.596432697000182],[98.47498685700003,9.596456665000176],[98.47499229800007,9.59646249800005],[98.4749185940002,9.59657877899997],[98.4749081810001,9.59659520700012],[98.47485419300011,9.59662883600015],[98.47479913500018,9.596671246000085],[98.4746673190001,9.596807162000118],[98.4745353310002,9.597024727000132],[98.47444175800018,9.597231431000182],[98.47432046800009,9.597634121000112],[98.47425968100009,9.597900770000024],[98.47417734600015,9.597955093000166],[98.47402376000002,9.597938523000039],[98.47393587900012,9.59802003800013],[98.47380946200008,9.598188637000135],[98.47364474200015,9.598280927000133],[98.47338676600009,9.598405740999965],[98.47335122800018,9.598412218000078],[98.47329182900012,9.598423044000072],[98.47323861100017,9.598432743999979],[98.473101503,9.598405307000121],[98.47298631100011,9.598405131000106],[98.47276676700005,9.598497337000083],[98.47265151500011,9.598529838000047],[98.47256144800019,9.598508667000146],[98.472558305,9.598507913000105],[98.47242361100007,9.5985006680001],[98.47225164500003,9.598589956000012],[98.47186048000009,9.598742840000057],[98.47158976000009,9.598810620000165],[98.47128921000007,9.598707849000107],[98.4710703020001,9.598600924000039],[98.47091998400009,9.598570836000079],[98.47080828000009,9.598566404000053],[98.47074559700013,9.598526004000064],[98.47073534000009,9.598519392000071],[98.47071404200011,9.59841278700003],[98.470615441,9.598280485000089],[98.4704951700001,9.598258963000092],[98.47032491400006,9.598262140000088],[98.47028467500019,9.598262901000055],[98.47005352700006,9.598248740000031],[98.46992814900017,9.59824105600012],[98.46971350600012,9.598151196000174],[98.469567643,9.598023080000019],[98.46941326500001,9.59785654400008],[98.46934901600014,9.597737084000187],[98.46929328900006,9.597668806],[98.46916871800016,9.597651527000096],[98.46909740500018,9.597662986000103],[98.46895817700005,9.597685315000035],[98.46859732600012,9.597684761000039],[98.4683440340001,9.597582059000047],[98.46823686300007,9.597441196000034],[98.46815121100008,9.597270540000125],[98.46807835700008,9.59716811700008],[98.46805770600008,9.597145156000067],[98.4680054370001,9.597086979000096],[98.46792826900008,9.596993066999971],[98.4678037560002,9.596950236000055],[98.4676276200002,9.596967034000045],[98.46748992600016,9.597094724000158],[98.46740797700005,9.59732481900005],[98.4673130990002,9.597559138000179],[98.46719215500013,9.59796823400012],[98.4670237050002,9.598560599],[98.46682496500011,9.599109166000176],[98.46668719200017,9.599489536000021],[98.46646293900017,9.60004343300011],[98.46636817700016,9.60019676000013],[98.46625199100015,9.600324473000114],[98.46615298500012,9.600452239000049],[98.46589041800013,9.600788610000052],[98.4656925060001,9.60098016500018],[98.46550749200009,9.601158958000156],[98.46538700800005,9.601295175000132],[98.46529660200002,9.601418695000064],[98.46524057700009,9.601529440999968],[98.46517595800003,9.601657233000083],[98.4651505810001,9.601725256000122],[98.46513894000014,9.601769111000067],[98.46513173100016,9.601796273000048],[98.46509665000019,9.601928406000013],[98.46505108600013,9.602450314000066],[98.4647553370001,9.605492723000168],[98.46467534000016,9.606569867000132],[98.4646403320001,9.607480437000163],[98.46454800600009,9.609246078000126],[98.46457853000015,9.611200667000105],[98.46456540200012,9.612433347000149],[98.4645520900001,9.61377709200002],[98.4647294290001,9.614876824000078],[98.4648401410002,9.61560993900008],[98.46483916400001,9.616231863],[98.46491475100015,9.617997736],[98.4648679600001,9.61929700900015],[98.46472066000018,9.62045176100014],[98.464540698,9.62101783800017],[98.46430506100018,9.621428386],[98.46415891200007,9.621850149000181],[98.46408031300001,9.622177224000154],[98.46401395200013,9.62245392800014],[98.463902007,9.622680199000115],[98.46375967700016,9.622916524000061],[98.46365797200019,9.62308748200013],[98.46353087000011,9.62327348499997],[98.46345455900013,9.62344951900019],[98.46340857100006,9.623660832000155],[98.46334729500012,9.623932496000066],[98.46326574200003,9.624178956000037],[98.46319433500008,9.624440573000129],[98.46308243400017,9.624666850999972],[98.46295027000008,9.624842808000096],[98.46292975400013,9.624998777000087],[98.46293959500014,9.62519002300013],[98.46301028300013,9.625396468000076],[98.46309622300015,9.625557648000097],[98.46314673200015,9.62569864],[98.46318198600005,9.62585474400015],[98.463146183,9.626045908000151],[98.46314071000018,9.62629751500009],[98.46319597800016,9.626609648000056],[98.46326146800004,9.626886546000094],[98.463402884,9.627264227000126],[98.4634481110001,9.62753607500008],[98.46343249900008,9.627777570999967],[98.46336123200012,9.627938544000074],[98.46330517600012,9.62811962000012],[98.463249121,9.628280564000136],[98.46324885100017,9.628451676000054],[98.46328409600017,9.628607769000098],[98.4633447430001,9.628753787000107],[98.4634308310001,9.62883446800015],[98.46355249600015,9.628854771000135],[98.46371988700008,9.628855031000114],[98.46390754800007,9.628825124000059],[98.46400901900017,9.628792708000049],[98.46403533000012,9.628784302000042],[98.464080067,9.62877005300004],[98.46421702600009,9.628750112999967],[98.46441991300009,9.628735340000105],[98.46461766100009,9.628682858],[98.46474186000017,9.62868305],[98.4649669640001,9.628683399000124],[98.46516888600013,9.62862977300017],[98.46535532200011,9.628529935000074],[98.46551851600009,9.628422348000129],[98.46560409200009,9.628299229000163],[98.465775258,9.628029865000087],[98.46593094900004,9.627752818000147],[98.46614110200011,9.627391104000083],[98.46633592200004,9.626913809000087],[98.4665229740001,9.626421082000093],[98.466624105,9.626282594000031],[98.46676410000015,9.626105647000031],[98.466842058,9.625890078000054],[98.46690461100013,9.625612849000106],[98.46702926700016,9.62532034200018],[98.46726263900007,9.624997153000152],[98.46741819700014,9.624781713000061],[98.46761243300006,9.624681868000096],[98.46790747400007,9.624620715000106],[98.46821021200009,9.624621181000123],[98.46845075700014,9.624675434999972],[98.46883875500009,9.624737695000022],[98.46928114200006,9.624799992000078],[98.46952178400005,9.624792647000106],[98.46973141000018,9.624746781000056],[98.46995660600015,9.624685474000046],[98.4701054000002,9.624622465000073],[98.47011970700004,9.624616420000166],[98.47015201400012,9.624625620000074],[98.47022836400009,9.624647362000076],[98.47026331600011,9.624687977000121],[98.47030143700016,9.624732274000166],[98.47032132600015,9.624755384000139],[98.47046081000013,9.624917330000017],[98.4707709500002,9.625133505000065],[98.47100213400012,9.625225686000135],[98.4710669270001,9.625251530000128],[98.47119758500008,9.625303643000109],[98.471351755,9.62538229100005],[98.47144603499999,9.625430387000108],[98.47151562000016,9.625465863000045],[98.47187237300011,9.625666716000012],[98.4722755570001,9.625944630000106],[98.472639947,9.626222514],[98.47302743500012,9.626639055000112],[98.47354649400017,9.627279225000166],[98.4744604120001,9.62858243800008],[98.47555992700006,9.630363536000175],[98.47642702200011,9.631859256000098],[98.47685271900008,9.63265331499997],[98.47721042400008,9.633106529000031],[98.47727881500015,9.633193162000168],[98.47766616900003,9.633694454000079],[98.47800718200011,9.634033920000093],[98.47822430600013,9.63418830500018],[98.47827073000008,9.634296225000014],[98.47835572999998,9.634535142000175],[98.47844869100015,9.634658534999971],[98.47858828200003,9.634743478000189],[98.47892207100006,9.634743983000135],[98.4793413970001,9.634652178000067],[98.47972201000005,9.63449867800017],[98.47982293700016,9.634440258000154],[98.47987672800008,9.634409121000147],[98.48004053300002,9.634314300000028],[98.48035922800005,9.634029748000103],[98.48054600900014,9.633729623000079],[98.48068625700017,9.633360089],[98.48078003500012,9.632975053000166],[98.48078828000018,9.63265925900015],[98.48081199900008,9.63235117400012],[98.4808591060002,9.63201227500008],[98.48102264700015,9.631681302000118],[98.48122498900017,9.631327253000052],[98.48148950500001,9.630950236000047],[98.48162211800008,9.630519036000067],[98.48164033200015,9.630356283000026],[98.48169296500015,9.630229471000177],[98.48171092100006,9.630186240000057],[98.48172091700019,9.630162172000041],[98.48188722400016,9.629704200000162],[98.48202807100017,9.629510172000096],[98.482540154,9.62940135600013],[98.48309217100012,9.629422115000182],[98.48369940900011,9.629442963000088],[98.48446207100011,9.629558649999979],[98.48467680700014,9.629607506000127],[98.48477868600014,9.629630685],[98.48499697000005,9.629641838000111],[98.4852207780001,9.62964217200016],[98.4854008860001,9.629626206000069],[98.48555926500012,9.629561435000142],[98.48563037900016,9.629458619000161],[98.48564148200012,9.62935031100011],[98.48563125200013,9.629326078000133],[98.48561954200005,9.629298242000118],[98.48557077900006,9.629182315000037],[98.48551096400013,9.62904138600004],[98.48550025700007,9.62888974200007],[98.485516873,9.628738090000127],[98.4855662280001,9.628586498000061],[98.48570839300004,9.628402554000104],[98.485856045,9.628229435000094],[98.48621665000007,9.627964584000097],[98.48647337500012,9.627840381000055],[98.48653354100009,9.627748411000084],[98.48655015100007,9.627602169000056],[98.48656680900018,9.627423447000183],[98.48671446300017,9.627217849000033],[98.48680747900005,9.62707716600005],[98.48682952200016,9.626941795000107],[98.4868353220001,9.626703497000108],[98.48689039900017,9.626378565000039],[98.48699444600015,9.626151219000064],[98.48707647400016,9.626043018000075],[98.4872900040001,9.625914157000182],[98.4874154370001,9.625838130000034],[98.48776322800018,9.625750385000117],[98.48821212000018,9.625654768000118],[98.48879048600008,9.625459048999971],[98.48933253400014,9.625223165000023],[98.48964409800016,9.62502705900016],[98.48980200900019,9.624874858000055],[98.48982235500011,9.624774605000027],[98.48979823700006,9.624702319999983],[98.48972547500006,9.624674139999968],[98.48962044200016,9.624645895000015],[98.48952744600012,9.624649805],[98.48945863400013,9.62470181800012],[98.48935742300017,9.62480599900016],[98.4892481350002,9.62490211200003],[98.4888962500001,9.625025953000033],[98.488410881,9.625205768000114],[98.48795388600013,9.625321406000069],[98.48758594500015,9.625385071000096],[98.48745256200004,9.625360792000151],[98.48725860100006,9.625300325000183],[98.48705271300008,9.625115510000057],[98.486858949,9.62491860900002],[98.48660052400004,9.624749749000102],[98.48651595500007,9.624537027000088],[98.4865202310001,9.624368501],[98.48655692199998,9.624180030000105],[98.48663615600015,9.623695612],[98.48666368200014,9.62339778200004],[98.48666796200013,9.62325772100013],[98.4868115220001,9.622981660000107],[98.48705773000006,9.622562402000028],[98.4874112330001,9.622249985000053],[98.487947153,9.621595634000187],[98.48847563000015,9.621184860000085],[98.48899852700015,9.620956774000092],[98.48959323600008,9.620716677000189],[98.489802199,9.620616513000073],[98.49001122200019,9.62051168],[98.49010195300013,9.620433313000035],[98.49027291800013,9.620351370000094],[98.49050896800014,9.620335867000108],[98.49066957200012,9.62031933100019],[98.49087905300013,9.620181724000076],[98.4910577120001,9.619889179000097],[98.49119293300015,9.619666278000068],[98.49123350700012,9.619465492000131],[98.49115267000013,9.619178776000012],[98.49095859100015,9.618895199000121],[98.49072049300014,9.618723389000081],[98.490614758,9.618529987999977],[98.49046492300016,9.618120617000159],[98.49039406200006,9.617796609000152],[98.49037346000011,9.617775584000128],[98.4908307190002,9.61736750900019],[98.49101228400002,9.61743522],[98.4913125330001,9.617547],[98.4915139630001,9.617643388000033],[98.49180877600003,9.617806594],[98.49210398800011,9.617941718000168],[98.49245146400011,9.618049466000059],[98.4925643700002,9.618069735],[98.49264997300008,9.618019409000112],[98.49265096300019,9.617949198000076],[98.49263735600005,9.617934413],[98.49278029900006,9.617660562000026],[98.49278694600014,9.61767015900017],[98.49296081800014,9.617714670000055],[98.49304123900015,9.617697044000181],[98.49326796600019,9.61767205100017],[98.49346102800013,9.617693417000169],[98.49362553200007,9.617733117000057],[98.49370935400009,9.617809169000111],[98.49376907200008,9.61792234600017],[98.49376409900009,9.617941006000137],[98.49386487000015,9.618153061000157],[98.49405223800005,9.618244574000187],[98.49413724400017,9.618236373000116],[98.49426049900012,9.618191240000044],[98.49447086000004,9.61798812000012],[98.49456680600014,9.617872390000116],[98.494726216,9.61760303400007],[98.4948755330002,9.617380360000084],[98.49493899700013,9.617226741000081],[98.49496067600006,9.617025736000073],[98.49497338500015,9.616791843000158],[98.49504037700018,9.616722538000033],[98.49515884200014,9.616682031000153],[98.49523035300007,9.616626828999983],[98.4952979360001,9.61651540500003],[98.4954067720002,9.616488804000028],[98.4954774320002,9.616494449000072],[98.49552903400019,9.61651388100006],[98.49555686700012,9.616547031000152],[98.49558862800018,9.616636410000183],[98.49560127200016,9.616744252000046],[98.4956234710001,9.617179918000033],[98.49563932500018,9.617395484000099],[98.4957199440002,9.617700884000158],[98.49586048800006,9.617768352000041],[98.49599794800008,9.617718729000103],[98.49606368600018,9.617630845000122],[98.49731945500008,9.61795467100012],[98.49727793700004,9.618224053000176],[98.4972818350002,9.618622065000068],[98.49739070600003,9.618932562000111],[98.4975790250001,9.61929565000014],[98.49798127800005,9.619843351000043],[98.49830210300007,9.62017549899997],[98.49839153700015,9.620268313000054],[98.49857643100017,9.620460199000092],[98.4987441250002,9.620613152000033],[98.49888224500006,9.620721386000127],[98.49900723400003,9.620827723000161],[98.49910665400012,9.620982260000062],[98.49918941100009,9.621152400000085],[98.49937583400015,9.621519356000078],[98.49955147500003,9.621860539000124],[98.49972684100015,9.622295313000052],[98.49980733700005,9.622629172000075],[98.4999248330002,9.623058517000175],[98.49997520500011,9.623226634000105],[98.50007710699998,9.62347918200004],[98.50021934400013,9.623866546000102],[98.50022426700008,9.623921049000103],[98.50026409000009,9.623995412000113],[98.50032393400011,9.624050030000035],[98.50042871100015,9.624074939000025],[98.50058354400005,9.624060295999982],[98.50076334500011,9.623996134000038],[98.50093326300015,9.623907209000038],[98.50106317600017,9.623828119000052],[98.50119818400015,9.623679702000118],[98.50132043900004,9.623560351000094],[98.5027901160002,9.624311466000165],[98.50278980799999,9.624522713000147],[98.50284756700006,9.624714834000144],[98.50288606300006,9.62486855600008],[98.50304064700009,9.625022408],[98.50319530700006,9.625118655000051],[98.503142002,9.626768750999986],[98.50364893800003,9.626778257000069],[98.50424017600011,9.626845126000035],[98.50437571800012,9.626863501],[98.50495478699997,9.626942004000057],[98.50564036900005,9.627077179000139],[98.50638381700008,9.627269946000183],[98.50705957300005,9.627520127000025],[98.50748162200006,9.627687125000136],[98.50793542800017,9.627908380000065],[98.50837224500015,9.628164202999983],[98.50842814900017,9.628200442000093],[98.50893801600017,9.628564232000144],[98.50939493500005,9.628961233000041],[98.51016660600004,9.629681219000133],[98.51159068800007,9.631179339000084],[98.51225131100011,9.631874305],[98.51337818500008,9.633059752000122],[98.5137736050001,9.63348205699998],[98.51405873700008,9.633749126000168],[98.51411675200018,9.633800038000118],[98.51457438200003,9.634125392000044],[98.51496095000005,9.63433922500002],[98.51507915600007,9.634389515000123],[98.51534887800017,9.634480942000152],[98.51549141700013,9.634529258000043],[98.51589090800007,9.634628963000011],[98.51630998900004,9.63470273400003],[98.5167178100001,9.63474185300015],[98.51717173100008,9.634780828999965],[98.51783819300016,9.634791350000057],[98.51884281700018,9.634735238000019],[98.51934513900017,9.634697599000049],[98.51977012700013,9.634707778000063],[98.52015646200005,9.634727485000042],[98.52061996000003,9.634823982000114],[98.52103515200008,9.634929996000153],[98.52131280200012,9.634993986000154],[98.52146806600001,9.635020471000075],[98.52163547300012,9.635031421000122],[98.52176475600004,9.635032549000016],[98.52196336900005,9.635018403000117],[98.52208281300017,9.634999729000185],[98.52226292700016,9.634964240000158],[98.52238182500002,9.63493070800007],[98.52251620100014,9.63487705800003],[98.52291902700011,9.634673803],[98.52331530500004,9.634492236000028],[98.52348247600008,9.634405974000174],[98.52361214400014,9.634350391000055],[98.52368501200016,9.634323862000088],[98.52370899300007,9.634316462000015],[98.5237992650001,9.63429917000019],[98.52385277800016,9.63429128200005],[98.52391658800013,9.634289440000089],[98.52399979500018,9.634292892000019],[98.52406898200013,9.634301570000048],[98.52431040300013,9.634340241000132],[98.52443948700011,9.634368897],[98.5244713420002,9.634374666000042],[98.52452901100008,9.634388769000054],[98.52470623100015,9.634432092000168],[98.52484946400006,9.63446711500012],[98.52529445700014,9.634585183000127],[98.5255696860001,9.634654508000096],[98.52574202900007,9.634698153999977],[98.5259246720002,9.63473415300001],[98.52610988600003,9.634770156000059],[98.52627451900008,9.634806130000015],[98.5264751740001,9.63484470800006],[98.52651846000009,9.634852583000054],[98.52674234000017,9.634878788000037],[98.52677360700017,9.634880867000106],[98.5270592060001,9.634896580000088],[98.5271086780001,9.634899827000083],[98.52743490800009,9.634881774000064],[98.52757902200011,9.63486920500003],[98.52767425600018,9.634848908000038],[98.52777207300016,9.634823505000156],[98.52784415200017,9.634800622000114],[98.5279291280001,9.634754778000058],[98.5280115340002,9.634708927000077],[98.52807338300005,9.634642621000125],[98.52812237000012,9.634571191000077],[98.52816880300014,9.634489542000154],[98.52820235800016,9.63441298600003],[98.52822306200011,9.634326196000131],[98.52822064600008,9.634216393000031],[98.5282155880002,9.63414999500003],[98.52819519400009,9.63401208100015],[98.52818244300005,9.633930349000138],[98.52817479900011,9.633876714000053],[98.52817488,9.633817984000189],[98.52818274100002,9.63371585699997],[98.52819316000011,9.633623947],[98.52820870900007,9.633544811000036],[98.52822941099998,9.63346312800013],[98.528255243,9.633389110000053],[98.52828878800005,9.63332276900013],[98.52830393000005,9.63330179400009],[98.52834034500012,9.633251340000186],[98.52839186900013,9.633208002000174],[98.5284433810001,9.63317232300011],[98.5285335060002,9.633126486000151],[98.5286030330002,9.633090829000139],[98.52868026300018,9.63306284600003],[98.52876262700005,9.63304763800005],[98.52887328600008,9.633037578000085],[98.52895047700014,9.633037683000168],[98.52904310300016,9.633045470000013],[98.5291922990001,9.633076316000086],[98.52944696500003,9.63313283900004],[98.52960900300013,9.633184129000028],[98.52967846500019,9.633191885000144],[98.52974021900013,9.633194520000075],[98.52980456000006,9.633184395000058],[98.52986890500011,9.633171717000096],[98.52994872200009,9.63313607400005],[98.53006716099998,9.633082616000081],[98.53016502600019,9.633021463000091],[98.53024744400011,9.632962844000133],[98.53030423100006,9.63291601700007],[98.53032026600005,9.632907076000095],[98.53037363800007,9.63288385900006],[98.53043799200003,9.632868625000071],[98.53050747100019,9.632863613000154],[98.53057456800013,9.632861484999978],[98.53062989600011,9.632854401000088],[98.5306719830001,9.632857938000143],[98.53070528200016,9.632875388000173],[98.53072454000011,9.63289978000006],[98.53079268500016,9.63308435800002],[98.53089417100006,9.633255059000021],[98.53105312800011,9.63350821600011],[98.53106750700016,9.633523172000139],[98.53109834000014,9.63355385500006],[98.53111832500014,9.63358534800011],[98.53113427200009,9.633620296000174],[98.53115733200008,9.633691825000142],[98.5311984060001,9.633763380000119],[98.53124978400007,9.633824731000118],[98.53129862700013,9.633857995000028],[98.53136549700014,9.63388106300016],[98.53143530400013,9.633881158000065],[98.53145564200003,9.6338780210001],[98.5315044800002,9.633858275000023],[98.53156371000011,9.633822602],[98.53160433800008,9.633789392000097],[98.5316300630002,9.633755452000173],[98.53165395200011,9.633692499000176],[98.53165662800018,9.633615900000166],[98.53165160900016,9.633523965999984],[98.53162087400005,9.633419233000154],[98.53159781500017,9.633347705000062],[98.53159533600007,9.633281311000076],[98.53161346900004,9.633191962000069],[98.53164356900004,9.633114167000087],[98.53168364500016,9.633075126000165],[98.53174156900019,9.633040396000126],[98.53182754300019,9.633014407000019],[98.53190122300003,9.633000583000126],[98.53198364800005,9.633004176000156],[98.53205495800006,9.633019441000101],[98.5320897110002,9.633039399000154],[98.53214627200015,9.633075223999981],[98.5321851970001,9.633090001000085],[98.53221077400019,9.633095382000079],[98.53227490300009,9.633093274999965],[98.53235727000003,9.633075510000026],[98.53243451300011,9.63303731600007],[98.5324757360001,9.633001619000026],[98.53249894700014,9.632960798000113],[98.53252220100012,9.632891886000095],[98.53252526400007,9.632858965000139],[98.53252740800008,9.632851034000112],[98.5325404470002,9.632723380000186],[98.53254717500005,9.63259973900017],[98.53255767400009,9.632556371000135],[98.5325588300002,9.632553700000187],[98.5325877620001,9.632511253000132],[98.53261281300013,9.632491113000071],[98.53267218700006,9.63246799],[98.53273361400011,9.632456423000065],[98.53280842300018,9.632453075000114],[98.5329550850002,9.632458378000138],[98.53306831100014,9.632453427000144],[98.53329987000006,9.632469060000119],[98.53341309300009,9.632466658999988],[98.5334387210001,9.632464573],[98.53352634200013,9.632443829000067],[98.53358556800003,9.632410718000074],[98.53362423800007,9.63235969800013],[98.53366294400007,9.632280594000179],[98.53366550800013,9.632219091000138],[98.53366404600018,9.632215698000095],[98.5336625650001,9.632202292000045],[98.53365823700011,9.632188731000099],[98.53364077000003,9.631908208000084],[98.53363953899998,9.631818114000055],[98.53366055300012,9.631758127000182],[98.53371301900006,9.631675079000047],[98.53377329900007,9.631615421999982],[98.53379690900005,9.631576494000171],[98.53380740900019,9.631555728000023],[98.53381007400014,9.631519370000035],[98.53380489500017,9.631477804000156],[98.53375534200006,9.631347866000056],[98.53375016799998,9.631306299000073],[98.53375023199999,9.631259545000148],[98.53375815800013,9.631205008000165],[98.53377656000004,9.63114529400002],[98.5338552450001,9.631025917000159],[98.53393390000008,9.63092992200012],[98.53403611700014,9.630831357000034],[98.53414351400005,9.630766568000126],[98.53422730500012,9.630743305000067],[98.53437656600016,9.630694155000072],[98.53449963200018,9.630657959000075],[98.53460958300013,9.630642519000048],[98.53469334900012,9.630637440999976],[98.53480328400008,9.630632393000099],[98.53487920100008,9.630624702000091],[98.5349368050002,9.63060919600008],[98.53499180700015,9.630583294000076],[98.53504682700009,9.630541810000182],[98.53513593700018,9.630456214],[98.53520406700011,9.630399163],[98.53525645200011,9.630370663000122],[98.53528642800012,9.630362594000076],[98.535668569,9.630349776000116],[98.53579662700014,9.63032906300009],[98.53586858100005,9.630300363000174],[98.53588764200009,9.630298248000088],[98.53594267300014,9.630283153000164],[98.53598549700013,9.630255919000035],[98.53602527000015,9.630222611000136],[98.53604365700016,9.63018624100016],[98.53605246100017,9.630136405000087],[98.53605598000019,9.630116503000067],[98.53605807500008,9.630083878000107],[98.53605909900017,9.630067982000071],[98.53606158600013,9.630055727000183],[98.53606571800009,9.630013308000116],[98.53607627600007,9.62995098500005],[98.53610775700014,9.629896478999967],[98.53619161200004,9.629823866000095],[98.53621257800017,9.629805714000042],[98.53624140200009,9.629782374000058],[98.53635747800007,9.629617133000124],[98.53645719200017,9.629501506000054],[98.53660120100011,9.629357243000129],[98.5367969040002,9.629214232000095],[98.53693324000011,9.629159924000078],[98.53703797500015,9.629128892000153],[98.53708501000006,9.62911764300003],[98.53712419200008,9.62909688000019],[98.53716457300015,9.629065607000143],[98.53720848200015,9.629018674000065],[98.53725418000005,9.628945637000186],[98.53726548200007,9.628883502000122],[98.53725718400011,9.628384681000114],[98.537227197,9.628153705000045],[98.53720113500015,9.627974405000089],[98.53713120800018,9.627808971000093],[98.53712952199999,9.62775849600007],[98.53713539800015,9.62773022400006],[98.53718879600012,9.62747327000011],[98.5371895450001,9.627469665000092],[98.53719071500018,9.62746837800006],[98.5372369690001,9.627417515000047],[98.53728692400006,9.627404541000033],[98.53733870600007,9.627404610000099],[98.53738060199998,9.62739168000013],[98.53739634500016,9.62736312800007],[98.53740163100008,9.62732677200006],[98.53740166400013,9.627302519000125],[98.53738866000015,9.62725785400005],[98.53737297300017,9.627228034999973],[98.53732599900019,9.627124074],[98.53732344100018,9.627082511000026],[98.53734967900004,9.627033196000127],[98.53738112200006,9.627009862000136],[98.53742564400017,9.626989141000138],[98.53744913000014,9.62698493500011],[98.53759883200013,9.626991595000163],[98.5376234090001,9.626974223000104],[98.53763571100006,9.626955094000039],[98.53763576800014,9.626913324000157],[98.53761508600002,9.626853771000128],[98.53761430100008,9.626836143000048],[98.53761960400004,9.626786805000052],[98.53763012500013,9.626747856000122],[98.53765109600016,9.626724508000166],[98.5376825400001,9.62670117],[98.53772703500016,9.626701229000105],[98.53775312400012,9.626719983000044],[98.53787675000018,9.626755377000165],[98.53788400200011,9.626755987000024],[98.53793634800013,9.626756057000023],[98.53797824900016,9.62674052900013],[98.53801755600011,9.6267042180001],[98.53803263900005,9.62668289800007],[98.53806053500006,9.626658050000174],[98.53809566000018,9.626621548000173],[98.53814303700011,9.62660420700007],[98.53821143700009,9.626602557000126],[98.53829209800011,9.626613108000186],[98.53835167900013,9.626647996000031],[98.538458558,9.626724718],[98.53857588300002,9.626857148000113],[98.53863194700006,9.626898993000111],[98.53866876000018,9.626911225000072],[98.5387108610002,9.626904320000108],[98.53875315800008,9.626859042000092],[98.53876772900009,9.626843443000155],[98.53879692200013,9.626812192000159],[98.53892422200016,9.626656168000181],[98.53897216400009,9.626597408000123],[98.53902529600003,9.626532287000146],[98.5390636890001,9.626456341999983],[98.53908057900009,9.62643031000016],[98.53916451300006,9.626300552999965],[98.53917209100018,9.626288557000066],[98.53919023700007,9.626204615000063],[98.53917300800015,9.62613006800018],[98.53916530100014,9.626096722000113],[98.53917373300015,9.626044187000105],[98.53929648200005,9.625950320000072],[98.53941431600003,9.625845884000114],[98.53948342600006,9.625784632000034],[98.53960905100007,9.625624394000113],[98.53970401000004,9.625472411000032],[98.53985750700002,9.625309445000028],[98.53987362500015,9.625286748000065],[98.53993010400012,9.625207213000124],[98.53996925400014,9.625107703000083],[98.53998632700007,9.624847758000158],[98.54007043000018,9.624480042000073],[98.54010948700011,9.624449673000129],[98.54017640500012,9.62442487100003],[98.54023213400006,9.624430477000146],[98.54029622000019,9.624438859000122],[98.54037572600004,9.62447310400006],[98.5405023260002,9.624527633000014],[98.54058033200005,9.624547096000128],[98.54065558100018,9.624544430000071],[98.54079800200014,9.624461246000124],[98.54088707200003,9.62440922400009],[98.54093451800009,9.62435674],[98.54093455200007,9.624331849000157],[98.54090396700013,9.624279261000083],[98.54085386400016,9.624234945000126],[98.54082607000015,9.62417959600009],[98.54083193600013,9.62396388500008],[98.54085282900013,9.623760992000086],[98.54086582200006,9.623634822000156],[98.54089940600016,9.623529773000087],[98.5409273190001,9.623496622000062],[98.54098306999998,9.623485634000076],[98.54103600900004,9.62349400200003],[98.5410817550001,9.623513409000111],[98.54108665100011,9.62351548600003],[98.54118641200012,9.623557809999966],[98.54128951400014,9.62356624400013],[98.54152254400003,9.623467145],[98.5415488380001,9.623455964000073],[98.54171894300003,9.623375987000145],[98.54203948399999,9.62333492800019],[98.54216887700017,9.62331470200013],[98.54233773900006,9.623288307000166],[98.54244331900014,9.623245327000177],[98.54266955300017,9.623153231000174],[98.54285083500008,9.623051143000055],[98.54312967800013,9.622932591000051],[98.54318266600012,9.622910353000123],[98.54345669400004,9.62279535200014],[98.5435172660001,9.62276993100005],[98.54369568300018,9.622725918000071],[98.54386229800019,9.622716117000039],[98.54386662100012,9.622719757000027],[98.54390585500016,9.622740590000035],[98.54395033500009,9.622751041000129],[98.54399483700007,9.622745903000066],[98.54435616200004,9.622645080000154],[98.54450819300007,9.622623493000049],[98.5446512480001,9.622644456999979],[98.54480825700006,9.62266890800015],[98.54502105900008,9.622724598000161],[98.54514665600004,9.622749009000131],[98.54537695400012,9.622770092000167],[98.54566310500007,9.62277739600006],[98.54583411900018,9.622767229000033],[98.54594930600001,9.622753529000136],[98.54605403600016,9.62272249400013],[98.54617275400005,9.62267416800006],[98.54628453400005,9.622594659000129],[98.54637195700008,9.622463171999982],[98.5464418740001,9.622369757000172],[98.54648731700007,9.622314406000157],[98.54654321200013,9.62226945600014],[98.54658513700014,9.622234879000018],[98.54661659400017,9.62219682500006],[98.54663414000004,9.622124120000024],[98.5466447140002,9.622047943000041],[98.54663435700013,9.621961347000138],[98.54663444900012,9.62189208500007],[98.54663455100018,9.621815894000122],[98.54663115600016,9.62174316300002],[98.54663821200018,9.621687756000142],[98.54664178900003,9.621621962000063],[98.54667324700017,9.621583907000172],[98.54671169000005,9.62154240000001],[98.54675362400013,9.621500895000054],[98.54678509500019,9.621452453000131],[98.54679913000018,9.621397060000106],[98.54681316700004,9.621338203999983],[98.5468446280002,9.621296686000107],[98.5468795480001,9.621282878000045],[98.54695289700004,9.621234488000141],[98.54701230500012,9.621172226000112],[98.54709271900003,9.621058046000087],[98.54720801899998,9.620957766000174],[98.54733026500014,9.620878271000038],[98.54742102400013,9.62086107500005],[98.5474978040001,9.620857711000156],[98.54783979600012,9.62086162300011],[98.54800378900012,9.620879153000146],[98.5481014790002,9.62089659600008],[98.54816075000002,9.620938234000107],[98.54822005000017,9.620959090999975],[98.54828285100012,9.620969561000152],[98.5483666360002,9.620948891000012],[98.54845044200005,9.620907440000053],[98.54863560000007,9.620758766000051],[98.54885222900015,9.620561642000041],[98.54898147800009,9.620464840000068],[98.54908972700008,9.620413034000023],[98.54925383100016,9.620350910000013],[98.54943535800015,9.620302663000018],[98.54968320900014,9.620247575000121],[98.54982980900002,9.620223522000174],[98.54991706000004,9.6202167080001],[98.55003219800017,9.620237638000049],[98.55011242300014,9.620265450999966],[98.55016825900015,9.620265524000047],[98.55021713500008,9.620251735000068],[98.55027999900017,9.620217181000044],[98.55034286100005,9.62017916800005],[98.55047202700007,9.62014816900006],[98.55080106400004,9.620119536000061],[98.55106881200015,9.620121236000045],[98.55123981000008,9.620121458000028],[98.55137940000009,9.62012163900016],[98.55149109100017,9.6201079330001],[98.5514996820001,9.620105349000028],[98.55157138900006,9.620083794000152],[98.55163270100019,9.62004616400003],[98.55168163900015,9.619987354000159],[98.55171313000017,9.619921592000026],[98.55174814700013,9.61983159600004],[98.55178663300012,9.619755454000142],[98.55184255600005,9.619689724000011],[98.55192289900003,9.619630952000136],[98.5520486050001,9.619575703000123],[98.55210795500005,9.619558467000104],[98.55217431000011,9.619516992000115],[98.55227574100007,9.619343962000016],[98.55278720100011,9.617858900000101],[98.55287341000007,9.617644872000142],[98.55294475300019,9.617467757000156],[98.5530287270002,9.617298167000115],[98.55306719700019,9.61723587800003],[98.5531091250001,9.617197837],[98.55316846800014,9.617184062000035],[98.55323825800008,9.61718415200005],[98.55351742300013,9.617198365000036],[98.55359769600011,9.6171915380001],[98.553691969,9.61715356500008],[98.55374788000012,9.617094763000182],[98.55378285600017,9.617035934],[98.55381785500015,9.616959786000109],[98.5538284050001,9.616897465000022],[98.55382850500013,9.616821274000188],[98.55382860500015,9.616745083000012],[98.55382170500008,9.61668273700019],[98.55382530800011,9.616596156000071],[98.55383590200012,9.616502664000109],[98.55386044,9.616416115000163],[98.553902445,9.616319201000124],[98.55404918900007,9.616187788],[98.55429022700014,9.615997618999984],[98.55438452000004,9.615942332000145],[98.55445784900013,9.615907790000108],[98.55454860200012,9.615894054000023],[98.55467772600014,9.615890758000148],[98.55476143900006,9.615922036000029],[98.55484860600006,9.615977561000136],[98.55494972000008,9.616046955000172],[98.55500901800019,9.616067809000128],[98.55506484,9.61607826900007],[98.55512417800014,9.61606795800003],[98.55519399900015,9.616047270000081],[98.55523595400012,9.61598844700012],[98.55528839600004,9.615915787000176],[98.55533032300002,9.615874283000096],[98.55540712900017,9.61585013600012],[98.55643328300016,9.61571638900017],[98.55687996699999,9.615709069000104],[98.55682061900006,9.61602521300017],[98.5568275810001,9.61624088900004],[98.55685624000012,9.616485349000016],[98.55698634800018,9.616701183000146],[98.55721789200015,9.616902775000085],[98.55751469900014,9.617054122000127],[98.55804330500018,9.617212954000081],[98.55824754200012,9.617262668000137],[98.55863711799998,9.617357490000131],[98.55924532000006,9.617581123000093],[98.56007800900011,9.61786974600011],[98.5606862300001,9.618078997000055],[98.56103162900013,9.618200474000105],[98.56105550400008,9.618208870000103],[98.56131614200018,9.618324220000034],[98.56149368300004,9.618422401000089],[98.56165933800014,9.61857196000011],[98.5616946510001,9.618616263000149],[98.56177265200012,9.618765436000103],[98.56181524400006,9.618892781000113],[98.56182305300007,9.618979275000129],[98.56182236500001,9.61898624700018],[98.5617858060001,9.619252192999966],[98.56174931800012,9.619460626000091],[98.56172736400009,9.61963313200016],[98.5617344010002,9.61979129800011],[98.56177038300018,9.619978257000184],[98.56185709800013,9.620143711000026],[98.56193112900013,9.620263444000102],[98.56197276200015,9.620330771000056],[98.56210295900013,9.620481903000098],[98.56228389400013,9.620611538000105],[98.56244316000016,9.620690814000113],[98.56263144299999,9.620741376000183],[98.5629356230001,9.620792086000108],[98.56303754400011,9.62080725100003],[98.56347158000017,9.62087184000012],[98.56368799000012,9.620912756000166],[98.56370605400019,9.620916169000168],[98.56396401200004,9.621001862000071],[98.56418845700006,9.621095602000025],[98.56451419700016,9.621282926000049],[98.56478198600001,9.621470179000028],[98.56506118700014,9.621726216000127],[98.56581473200004,9.622417260000134],[98.56608254100007,9.622662853000122],[98.56644617700016,9.62299632900016],[98.56680792500009,9.623356232],[98.56714796700015,9.623694538000109],[98.56753864200005,9.62409041799998],[98.56800172000015,9.624522337000144],[98.56829224900014,9.624805924000043],[98.56874927700011,9.625208157000031],[98.56940191900009,9.625706001000026],[98.56984784200017,9.62608472700009],[98.57027208400007,9.626387791000127],[98.57067463600015,9.62662600100009],[98.5713601110001,9.626994218000107],[98.57219783700015,9.627503089000186],[98.57270917100004,9.62781706100003],[98.57315596700005,9.628110087000152],[98.57323030900017,9.62816950700011],[98.57355761800017,9.628466405000154],[98.57376416400018,9.628725980000013],[98.57390545200013,9.62893144700007],[98.5740683780001,9.629244992000167],[98.574129406,9.629462331000127],[98.57414134900006,9.629590467000071],[98.57413299900003,9.629806924000093],[98.57405637700009,9.630130975000043],[98.57402516200011,9.630254245000117],[98.57403295800003,9.630356500000119],[98.57406438000015,9.630434737000087],[98.57413465700017,9.630524324000135],[98.57415081700009,9.630538448999971],[98.57419844600003,9.63056861299998],[98.57452464000005,9.630766306999988],[98.57483765199999,9.630899425],[98.57527227600008,9.631076217000043],[98.57578639000019,9.631350347000023],[98.57618423500014,9.631551403000117],[98.57652698800018,9.631728080000073],[98.57682684800011,9.631922936000024],[98.57708378800004,9.632154201999981],[98.57712616800018,9.632201984000062],[98.57733743600005,9.632440186000053],[98.57735901100017,9.63246450500003],[98.5773761160001,9.632488820000162],[98.57754245900009,9.632695688000013],[98.57776608500012,9.633032466000031],[98.57776864200002,9.633036319000041],[98.57785483900017,9.633186442000124],[98.57793110000017,9.633291497000016],[98.57810495000018,9.633474327000044],[98.57831294500005,9.633669071000043],[98.57856989600009,9.633894258999987],[98.57883301400017,9.63408906900014],[98.57914505800005,9.634338640000067],[98.57950599200007,9.634673354000086],[98.5798057230001,9.634977612],[98.5800320300001,9.635220994000065],[98.58019369800013,9.635448871],[98.58035551,9.635717233000037],[98.58045770900003,9.635868311000081],[98.58056550200018,9.636027652000053],[98.58064080399998,9.636138968000182],[98.58080441100014,9.636359497000058],[98.58097263400009,9.636554738000143],[98.58097586500008,9.636558490000084],[98.5809863070001,9.636567726000123],[98.58114104999999,9.63670455900018],[98.58123521000016,9.636781835000022],[98.5813151970001,9.636840329000051],[98.58149208100019,9.636941883000077],[98.58155413300017,9.636973999000077],[98.58169092600019,9.637055094000118],[98.58176986500007,9.63710189200009],[98.58189143800013,9.637171027000022],[98.58212006700012,9.637347685000123],[98.58216455200017,9.637389548000101],[98.582204913,9.637428182000122],[98.58225689000017,9.637477936000153],[98.58229817400019,9.637517456000012],[98.5826801520002,9.637924253],[98.58296736300002,9.63815422700003],[98.58309760200007,9.638236247000066],[98.58336555300014,9.638378886000055],[98.58356959900016,9.638468276000026],[98.58373152000013,9.638498232000188],[98.58394396200009,9.638509247000115],[98.58401052300019,9.638509328],[98.58439435700018,9.63849358300007],[98.58479453300004,9.638469753000038],[98.58528453500008,9.638446031],[98.58574184200017,9.638446581000096],[98.58597333600017,9.638458065000123],[98.58621120500004,9.638500847000103],[98.58654195200012,9.638593407000144],[98.5866320950002,9.638624280000101],[98.58683275300012,9.63872164999998],[98.58690175000004,9.638765653000178],[98.5869612350001,9.638803593000148],[98.58699304800012,9.638828911000076],[98.58717539200012,9.638974027000188],[98.58746295500003,9.639217480000184],[98.58758144000018,9.639342075000116],[98.58767704700017,9.639442615000064],[98.58778562900011,9.63960230900011],[98.58783677800017,9.639760884],[98.58785415500006,9.639862191000134],[98.58785392900006,9.640048161000095],[98.5878371780002,9.640166790000023],[98.58778620600003,9.640336175000073],[98.5876879380001,9.640560937000032],[98.58757743900009,9.640767445000051],[98.58739945400004,9.641071123000131],[98.58721542800009,9.64130793400011],[98.58713112200019,9.641419198000108],[98.58697482700018,9.641599278000058],[98.58677843300006,9.641772561000096],[98.58674322700017,9.641799667000043],[98.58645508000006,9.64203027800005],[98.58633173200013,9.642114991000028],[98.58629502700006,9.64214594100008],[98.58616536100016,9.642239285000187],[98.58600208800004,9.642445793000036],[98.58589086700016,9.642637376000152],[98.58574358500005,9.64287422800004],[98.58565147500008,9.643068608000135],[98.58558394099998,9.64320223599998],[98.58552246800014,9.64338449600018],[98.58544873800008,9.6435788980001],[98.58538731700008,9.643718610000121],[98.58531979499998,9.6438400830001],[98.58521553500009,9.64395543900008],[98.58511739900013,9.644070798000087],[98.5850621560001,9.644167972000162],[98.58502528600008,9.6442651750001],[98.58493925300013,9.64450210299998],[98.58489007500015,9.644647908000081],[98.58483479400007,9.644775474000141],[98.58473663500007,9.644909069000107],[98.58458534100015,9.64507131400012],[98.5845559340001,9.645115438],[98.5845526330001,9.645121567000103],[98.58442979600017,9.645400998000014],[98.58431754200012,9.645646432000092],[98.58431311300018,9.645656122],[98.58425307100003,9.645808776000024],[98.58422709500019,9.645874818000152],[98.58420027600016,9.645952307000073],[98.58414719200005,9.646105675000172],[98.5840857340001,9.646275778000131],[98.58406105600005,9.646421614000076],[98.5840608540002,9.646585714000025],[98.58407904300003,9.646737680000115],[98.58411250800003,9.646822843000166],[98.58415635500018,9.646899778000034],[98.58423332500018,9.646976342000187],[98.58425402500012,9.646989848000032],[98.58426214400015,9.646994336000034],[98.5845012210001,9.647090700000035],[98.5846848770002,9.647163856000077],[98.58491135500014,9.647279605000108],[98.5850459670001,9.647389165000106],[98.58511937300011,9.647462184000062],[98.58517189200012,9.647529357],[98.58522936100013,9.647675040000081],[98.58526588900014,9.647857417000125],[98.58527487499998,9.647962973000176],[98.58527012900015,9.64817229],[98.58533772400017,9.648708021000175],[98.58535778000004,9.648889098000154],[98.58541145900011,9.649024523000094],[98.58550932100002,9.649134039000103],[98.5855156720001,9.649142462000157],[98.58561060200014,9.649220229000093],[98.58583472000004,9.649371534000124],[98.58584589000009,9.649377556000047],[98.58590503800019,9.649405444000081],[98.58619480800019,9.649542075000113],[98.58668104499998,9.64979772300012],[98.58683729200004,9.649907946000098],[98.58692925700012,9.649980554000024],[98.58702547700005,9.650083356000039],[98.58706851400018,9.650129336000077],[98.5870944130001,9.650157008000065],[98.5872168030001,9.65024831900007],[98.587357569,9.650333577000026],[98.58757182700015,9.650424999000165],[98.58793300300005,9.650583454000184],[98.58802478400008,9.65066257500007],[98.5880507280001,9.650688389000095],[98.58812445500007,9.650802492000025],[98.58814487100017,9.650871169000084],[98.588171273,9.651065030000098],[98.5881711460001,9.651169502000187],[98.58818873700005,9.651222805999964],[98.5882196770001,9.651267274000134],[98.58829278600007,9.651345588000027],[98.58839970100007,9.651407177000067],[98.58854522000013,9.651467552000156],[98.58948611,9.651710209999976],[98.590206593,9.651945745000035],[98.59069626600012,9.65213072400013],[98.59093265800016,9.652220406000083],[98.59109069800007,9.652315584000178],[98.59118796300004,9.65239601400009],[98.59119003900003,9.652398355000173],[98.59135454500017,9.652584103000095],[98.59150631400018,9.652807788000018],[98.59163005800013,9.652919688000054],[98.59178763500012,9.65299810200014],[98.59196879400008,9.653024004000144],[98.59198468500006,9.653026275000059],[98.59223807200016,9.653032160000123],[98.59241263700011,9.653032367000037],[98.59247611100005,9.653040079000164],[98.59252423900011,9.653045924000025],[98.59259843300003,9.653054939000128],[98.59263374600005,9.653070759],[98.59267802400012,9.653090592000183],[98.59271098800019,9.653105360000154],[98.59278407800002,9.653200437000123],[98.59281770000018,9.653340170000035],[98.59281733700004,9.653641900000139],[98.59280564200003,9.653999493000128],[98.5927850990002,9.654319546000067],[98.59278456500016,9.65435151400004],[98.59280722300008,9.65489910500014],[98.59284551800016,9.655369599000153],[98.59288725300013,9.65568002100008],[98.59294866000016,9.655933498000024],[98.59314196200017,9.656400320999978],[98.5931473760001,9.656411101000174],[98.59330243200014,9.65673519500018],[98.5934174190001,9.656922404000113],[98.59352515600006,9.657048697],[98.59375900700013,9.657268615000078],[98.59405547900019,9.657445604999964],[98.59417235600017,9.657503770000062],[98.59454492100014,9.657615849000024],[98.59485572300014,9.657685628000024],[98.59523650400007,9.657732347999968],[98.59554736200005,9.657755849000068],[98.596021388,9.657818101999965],[98.59643324800015,9.657872574000066],[98.59657934300009,9.657889802000057],[98.59673607399998,9.657931165000036],[98.5968476500002,9.658010445000173],[98.59686450800012,9.658029202000023],[98.59691479200006,9.658150773000045],[98.59695327600019,9.658467019000113],[98.59692176500016,9.658821747000161],[98.5968822600002,9.659361551000075],[98.59691284700017,9.65978575700018],[98.5969207240002,9.659825970000043],[98.59695554500013,9.659959360000073],[98.597039957,9.66014032600009],[98.59708962200011,9.660207518000163],[98.59715816700003,9.660284214000114],[98.59727003800015,9.660361630000125],[98.59740882900013,9.660404753000023],[98.59766111200014,9.660446781000132],[98.59785340600007,9.660447006000084],[98.59800922599999,9.660427240000047],[98.59821042400011,9.660379299000056],[98.59837997900001,9.660333629000036],[98.5985223740002,9.66027852700006],[98.59873902599998,9.660179476000167],[98.59879915600015,9.660146420000046],[98.59889248600007,9.660105693000162],[98.59909494600015,9.659995160000165],[98.59927896800008,9.659885889000122],[98.59949237900008,9.659805850000112],[98.59959266300018,9.659770156000036],[98.59978240300006,9.6597250210001],[98.59992648400004,9.659704170000055],[98.60012509000012,9.65970440100017],[98.60031258400016,9.659734796000123],[98.60044566800013,9.659775836000165],[98.60057423600011,9.659848328000123],[98.60066240800018,9.659910454000112],[98.60080878500008,9.660033647000091],[98.6009776840001,9.660274708000031],[98.60113176300018,9.660603340000023],[98.60123382500007,9.660857379],[98.60128861600009,9.661092823000104],[98.60141183700006,9.661891088000175],[98.6014936250001,9.662387892000083],[98.60156177100004,9.662816170000156],[98.60159312300016,9.66302392700004],[98.60164785400013,9.6637839280001],[98.60164883800007,9.663838124000165],[98.60166243800012,9.66463117900014],[98.60165757800007,9.664700257],[98.60157752000003,9.665462519000187],[98.60152069900005,9.665770569000074],[98.601509841,9.66581438600008],[98.60139688700008,9.666456929000049],[98.60121947800008,9.667193912000187],[98.60109375600013,9.667763084],[98.60104546800005,9.66797277000012],[98.60101116900012,9.66823135200002],[98.60100480600005,9.668339594000145],[98.60099436100018,9.668625420000126],[98.60104090600004,9.668916252000031],[98.60112885000018,9.669193715000176],[98.60123894900016,9.669398211000043],[98.6013638120001,9.669558934000122],[98.60150336800012,9.669734266000034],[98.60154663500003,9.669779448000043],[98.60182376500006,9.670018600000105],[98.60183780800008,9.67002919700002],[98.60194610300005,9.67008542200017],[98.602076647,9.670143671000062],[98.6023193170002,9.670209642000145],[98.60266496100019,9.670283031000054],[98.60317242500008,9.670363904999988],[98.60353277200016,9.670444611000107],[98.60387839400016,9.670539896000093],[98.60415046100019,9.670627796000076],[98.60440044100011,9.670730270000035],[98.60472388200009,9.670920415000069],[98.60493704400017,9.67105933900018],[98.60507663600015,9.67120547400009],[98.60511317300006,9.67125834],[98.605192041,9.671372451000138],[98.60522558300016,9.671448997000084],[98.60526154900009,9.671553906000156],[98.60526371200018,9.671561814000086],[98.60533332200009,9.671869973000128],[98.60539169300006,9.672278780999989],[98.60547962600009,9.672570834999988],[98.60553092200007,9.67273877100007],[98.60559687000006,9.672957814000142],[98.60564803,9.673242532000074],[98.6056771490002,9.673505327000044],[98.6057146300002,9.673687025000163],[98.60573530700003,9.673770164000018],[98.60580170700001,9.673928806],[98.60583766900015,9.674006349000138],[98.60596523100008,9.674210806000076],[98.60605136000015,9.674315935000152],[98.6062129710001,9.67450589300006],[98.60656446700006,9.674823326000137],[98.60663181700016,9.674893216000044],[98.60698453600008,9.675214773999983],[98.60733733500007,9.675463337000053],[98.60760196700011,9.675624217000063],[98.60770551400009,9.675683450000065],[98.60803450800012,9.675837528000045],[98.60827838800003,9.67591694600003],[98.60838624600007,9.675956003000124],[98.60878289600004,9.676080029000104],[98.60897389000002,9.67613974600016],[98.60919898800017,9.67621726599998],[98.60937401300004,9.676290441000106],[98.60953005900012,9.676362409000035],[98.60987565800002,9.676560479000045],[98.60995477400019,9.67661225400019],[98.6100703190001,9.676688875000025],[98.61010514700013,9.676715519000084],[98.61024847700008,9.676814217000071],[98.61038078600012,9.676901955000062],[98.61052414200003,9.676978758000132],[98.61067856400007,9.677028201000041],[98.61084402700016,9.67707218300012],[98.61100397600012,9.677110682000034],[98.61120254100013,9.67715470000013],[98.6113790120001,9.677220589000171],[98.61154571100013,9.677320089000034],[98.61161643700012,9.677379980000126],[98.61177036600014,9.677533061000076],[98.61202931500014,9.677839909000056],[98.61217805400014,9.678037150000137],[98.61230470600015,9.678245312000115],[98.61236905500004,9.67841286700002],[98.61238010400012,9.678504441000143],[98.61238399000013,9.678577309000161],[98.6123890450001,9.678672087000166],[98.61238896200018,9.67874516500018],[98.61238892300008,9.678778455999975],[98.61238874500003,9.678934470000115],[98.61238857500007,9.67908227099997],[98.61240128800011,9.679144807],[98.61249769700004,9.679324369000142],[98.61253306300011,9.67937393700015],[98.61266113300002,9.679550625000047],[98.61270344300016,9.679619018999972],[98.61278444000004,9.679772134000132],[98.61285102600004,9.67994087700015],[98.61292435600006,9.680226839],[98.61307468000007,9.680660985000031],[98.61325057700014,9.68123049500008],[98.61345899500014,9.681709725000132],[98.61360290700014,9.681904220000149],[98.61368549300005,9.682052118000115],[98.61372394000011,9.682205439000143],[98.61372379000011,9.682336820000046],[98.61374405900011,9.682552899000086],[98.61381529600004,9.682676152000056],[98.61386485600008,9.682762425000021],[98.61389272200006,9.682817882999984],[98.61392056300014,9.682894897000153],[98.6139341540001,9.68296661100004],[98.61393897500005,9.683151370000132],[98.61395914100012,9.683353751000084],[98.6139673730001,9.68344474900016],[98.61399372300014,9.683591875000104],[98.61400351400016,9.683630927000138],[98.61405685700004,9.683758848000139],[98.6141037320001,9.68383325600007],[98.61415528200013,9.683895911000036],[98.6142916840002,9.684022312000081],[98.61435884100018,9.684108583000011],[98.61437624300004,9.684136424000087],[98.61438774000015,9.684154823000142],[98.61442797300003,9.684253405000106],[98.61444151100011,9.684295793000047],[98.6144505380002,9.684350428000073],[98.61445261300014,9.684416632000023],[98.61444012300012,9.684484363000024],[98.61441619800001,9.684529340000097],[98.61439614600016,9.684556376000046],[98.6143593060001,9.684595126000033],[98.61430960700017,9.684635102000186],[98.61427852800017,9.684675092000077],[98.61426916300002,9.684721273000093],[98.61427609700007,9.684747936000065],[98.61429833600005,9.684787267000047],[98.61436236200018,9.68486174800006],[98.6144791390002,9.684975010000016],[98.61485708200007,9.685280655000042],[98.61553274100015,9.685909418000108],[98.61604712300004,9.686482581000178],[98.61660475900004,9.687228190000155],[98.61723641200012,9.688361762000113],[98.61749658100007,9.688762246000067],[98.61781879300008,9.689175117],[98.61830223400005,9.689686677000054],[98.61895931600003,9.690290783000137],[98.61897548200017,9.690308642000105],[98.61920027100018,9.69049199799997],[98.61940913400014,9.690659178000146],[98.61964860600006,9.69081627300011],[98.61979639900011,9.690882203000058],[98.61999007000009,9.690958306000027],[98.62026533900018,9.691019318000087],[98.62050492600002,9.691075230000138],[98.62069859000007,9.691156392000096],[98.62083615400007,9.691252666000025],[98.62089849500018,9.691311393000035],[98.62094264000018,9.691382556000121],[98.62095830900017,9.691445042000169],[98.62095820400009,9.691538654000112],[98.62095142300012,9.691619134000177],[98.62090184300013,9.691783933000067],[98.62079449700013,9.692021591000184],[98.62077117200005,9.692088461000026],[98.62074031200018,9.692252789000122],[98.62073808300005,9.69231495400004],[98.62076151100007,9.692412276000084],[98.62078762300007,9.692464238000127],[98.62086966700014,9.692562145000124],[98.62089583400007,9.692593373000022],[98.62104863100018,9.692745315000025],[98.62116572399998,9.692907333000107],[98.62128277300019,9.693109819000142],[98.62132560700019,9.693196528000101],[98.62140205100013,9.693369165000092],[98.62160694400012,9.693946228000186],[98.6218002660001,9.6943717850001],[98.62195849000005,9.694669118000093],[98.62200294500008,9.694749522],[98.62207343500006,9.694817670000134],[98.62215206700017,9.694867438000188],[98.62231537000008,9.694916243000023],[98.62234250600005,9.69492150800005],[98.62250434000009,9.694937746000107],[98.62275097100019,9.694955501000095],[98.62309745600015,9.694955882000045],[98.62323456700005,9.694970199000068],[98.62337930800004,9.694985323000083],[98.62357890400017,9.695049632000178],[98.6237138890001,9.695125528000062],[98.62398970600009,9.695300631000066],[98.6242830720002,9.695539846000031],[98.62468201900009,9.695889881000141],[98.62494717800007,9.696164891000137],[98.62548640200009,9.696750388],[98.62593883800002,9.69726190300014],[98.62630445100018,9.697724068000127],[98.62649090800005,9.697968482000078],[98.62661619300007,9.698149270000101],[98.62668200500019,9.698270508],[98.6267028370001,9.698350096000013],[98.62670533300013,9.698368413000026],[98.62672034000008,9.698462109000161],[98.62675052500015,9.6985380160001],[98.62678731800008,9.698578259000158],[98.62689880200008,9.698665781000102],[98.62715120600018,9.698776761999966],[98.62736834700013,9.698911012000053],[98.62773218600012,9.699150300000156],[98.62779420300018,9.699205796000115],[98.62788216899997,9.699284522000085],[98.62807390400013,9.699484242999972],[98.62830848400017,9.699781658000177],[98.62856651600003,9.700114057000064],[98.62881277800017,9.700469748000103],[98.62890961000016,9.70062625100013],[98.628992311,9.70073705100009],[98.62910525900014,9.700853102],[98.62915692200005,9.700893818000168],[98.62931139500012,9.700983032000124],[98.6294581590002,9.701029801000175],[98.6296753970002,9.70107665200004],[98.6297986730001,9.701123396000185],[98.62989072500011,9.701162659000147],[98.62996978100006,9.701215877000095],[98.62999235500013,9.701234316000125],[98.6300862110001,9.701327639999988],[98.63016114000015,9.70143283100009],[98.63021026000013,9.701521670999966],[98.63026205500006,9.701636641000107],[98.63035578900019,9.701846504000116],[98.63035873200016,9.701852358999986],[98.630476079,9.702117893000093],[98.63050247300009,9.702194543000076],[98.63060648900017,9.70241745900006],[98.63067187000013,9.702530243000126],[98.63078797700007,9.70268487200002],[98.63083167600007,9.702733948],[98.6309951340001,9.70287801100011],[98.63106479600015,9.702927297000144],[98.63119482000008,9.703005813000061],[98.63147391400008,9.703153879000013],[98.63162273900002,9.703252552000095],[98.63168851800009,9.703305696000086],[98.63172193700007,9.703335990000085],[98.63183680100019,9.7034401250001],[98.63199951200005,9.703646861000152],[98.63201381600015,9.703667343000063],[98.63206855500016,9.703765346000068],[98.63219159500005,9.704010165],[98.63229698800012,9.70430160900014],[98.63240235400013,9.704616361999967],[98.63248426900009,9.704896126000051],[98.63252510600017,9.70514671799998],[98.63257751700019,9.705554637999967],[98.63263505700013,9.705911056000161],[98.6326358500001,9.705915954000034],[98.6326825760001,9.706149068000173],[98.632752826,9.706358900000112],[98.632881618,9.706731946000048],[98.63300461700015,9.70703506100017],[98.63306330700004,9.70719571900014],[98.63314514500007,9.70741977400013],[98.6332387860001,9.707717032],[98.63330309100019,9.707990953000035],[98.63335559900008,9.708311475000073],[98.6334140030001,9.70860869500018],[98.63344313100004,9.708824313000093],[98.63347212100012,9.709173943000053],[98.63351889799998,9.709360443000037],[98.63356569900003,9.709529468000085],[98.63362430600017,9.709640235000109],[98.63372399100018,9.709780185000113],[98.6338237080002,9.709890996000127],[98.63382833500009,9.70989511700003],[98.63395373900016,9.709984186000042],[98.63403667300014,9.710018794000064],[98.63421334600008,9.710052374000156],[98.63442911800018,9.710105044999978],[98.63460963300008,9.710175157000094],[98.63475490700006,9.710249600000168],[98.63489133200005,9.710358993000057],[98.63502332300004,9.710498977999976],[98.63514650600018,9.710634578],[98.6352740260001,9.710831360000157],[98.63529079800003,9.710871698000119],[98.6353267450001,9.710958150000124],[98.6353882910002,9.711067463000063],[98.63546745200011,9.711181165000028],[98.6355686440001,9.711290522000127],[98.63567423400013,9.711399884000116],[98.63573420000017,9.711485436999965],[98.63577538800018,9.711544203000074],[98.6358413170002,9.711675374000151],[98.63589839400004,9.71184586000004],[98.6359334670002,9.7119988500001],[98.63598177400019,9.712129998000137],[98.63604332900007,9.712234944000102],[98.63614890999997,9.71235304600009],[98.6363337480002,9.712501824000128],[98.63660220400004,9.712716237000052],[98.63680908300017,9.712847554000177],[98.63691035100004,9.712882623000155],[98.63699844100006,9.712887085000148],[98.63709536800013,9.71286534],[98.63723196100017,9.71282178100006],[98.63734212900005,9.712773832000096],[98.63744345400016,9.712756457000182],[98.63745474600006,9.712759394000159],[98.63747817200004,9.712765483000055],[98.63754473600005,9.712782783000023],[98.63761956100007,9.71283093400001],[98.63764355300015,9.712863736000088],[98.63771246900012,9.712919204000059],[98.63779305000014,9.713005483000188],[98.63789658100012,9.713056514000016],[98.63799329300008,9.713090337999972],[98.63809001900012,9.713106007000135],[98.6381867680002,9.713106109000137],[98.63828352500013,9.713095838000072],[98.6384352070001,9.713075245000084],[98.6385342280002,9.713067982000098],[98.63853981100004,9.713067574000092],[98.63861302600014,9.71306505500013],[98.63870454100015,9.713070337000033],[98.63879341900002,9.7130937820001],[98.63889012600015,9.71313020000008],[98.63897635600017,9.713184770000169],[98.63907134200002,9.713253603999988],[98.63918334700014,9.713366953000047],[98.63937656800005,9.713562482000157],[98.63955120200012,9.713313995000135],[98.63964601800018,9.713179073000163]]],[[[98.51544416100012,9.577498861000151],[98.51570938200013,9.577487265000059],[98.51603482200005,9.57748771900009],[98.51745752600004,9.57721452100003],[98.51764994700005,9.577164948000132],[98.52045993000013,9.576441000999978],[98.52158135100007,9.57613150800006],[98.52241347000012,9.57585748300005],[98.52446350800005,9.575154410000039],[98.52494597100014,9.574939683000139],[98.525814389,9.57453410200003],[98.52644150900005,9.57429567600002],[98.5264778310002,9.574164148000023],[98.52642982500015,9.57402047200003],[98.52642178200011,9.574013470000125],[98.52633350300016,9.573936624000169],[98.5262492400002,9.573876689000087],[98.52609273300016,9.573744840000131],[98.52547831600003,9.57350472000013],[98.52483978900005,9.5732765300001],[98.52292395800004,9.572807305000083],[98.52047778500008,9.572313403000067],[98.52020058200014,9.572301054000036],[98.5198993520001,9.572240808],[98.51961009800016,9.572204556000031],[98.51924840400005,9.572263839000072],[98.51900728000015,9.57228743800016],[98.51882649800012,9.572287187000029],[98.51874218600011,9.572251171000062],[98.518645849,9.572179290000065],[98.51793359700008,9.572119363000184],[98.51777810500016,9.572106280000071],[98.51740445800004,9.572105761000103],[98.51707906400014,9.572069401000135],[98.51674161700004,9.572033043000147],[98.51641610799999,9.572092419000114],[98.51603035400007,9.572127788000103],[98.51551202900009,9.57215099800004],[98.51370415000014,9.572052742000096],[98.51281210200005,9.572123286000078],[98.51247443000017,9.572230460000071],[98.51220908900018,9.572361721000163],[98.51205223500017,9.572469138000088],[98.51189550400005,9.572504826],[98.51176280499999,9.572564468000166],[98.51158175500012,9.572731700000134],[98.51141255800007,9.573054504000027],[98.51132744200015,9.573580822000054],[98.51129094200013,9.573820051000041],[98.51137504700006,9.573987655000053],[98.51156746200013,9.574299003000078],[98.51173141800018,9.574508835000188],[98.511735908,9.574514580000027],[98.51196462600012,9.574730254000144],[98.51215731300016,9.574850193000032],[98.51241031400019,9.574946229000147],[98.51260828100015,9.575154903000168],[98.51261492200007,9.575161903000037],[98.51298790900012,9.57562902400008],[98.51346510899998,9.576258484000107],[98.51346913300017,9.576263791000088],[98.5139265360001,9.57669512200016],[98.51464910300007,9.577150765000113],[98.51485384100016,9.577282685],[98.51510684400006,9.577378758000066],[98.51544416100012,9.577498861000151]]],[[[98.47793536600005,9.5819540600001],[98.47802075200019,9.581921599000168],[98.47823056400011,9.58206523500013],[98.47825009400015,9.582156426000097],[98.47828930399999,9.582267253000168],[98.47844019000007,9.5823000420001],[98.47866991700016,9.582313401000079],[98.47918830900005,9.582353265000165],[98.47958867500012,9.582347382000137],[98.47993003900012,9.582302280000135],[98.47995617700019,9.582296096000107],[98.48025216900015,9.582226063000121],[98.48042243800012,9.582185778000053],[98.48088204000015,9.582049654000173],[98.48092875200007,9.582034278000151],[98.48159121700007,9.581816213000138],[98.48186218200004,9.581689455000117],[98.482122,9.581567911000036],[98.48286888000001,9.581265693000034],[98.4839882760001,9.580816647],[98.48427716300012,9.580725880000045],[98.48474349600008,9.580492070000105],[98.48547242600017,9.580213046000097],[98.48626051100007,9.579868973000146],[98.48682538399999,9.579576700000189],[98.48753485600008,9.57914131800004],[98.48788313100005,9.578842204000182],[98.48815907900013,9.578640663000101],[98.48842182200013,9.57848472700016],[98.4886517160001,9.57836129400016],[98.48886187100004,9.57827690900001],[98.48899983000018,9.578172900000027],[98.48908891700017,9.578038630000094],[98.48913574000005,9.57796806000016],[98.48913798500013,9.57796465500013],[98.489269665,9.577704303000075],[98.4892718160001,9.577676522],[98.48927463900009,9.57764079500015],[98.4892963920002,9.57736558300013],[98.48927717200019,9.577039892000073],[98.4892291060001,9.576770270000168],[98.48922764600019,9.576762076000023],[98.48921208900003,9.57667499500019],[98.48906808600015,9.576433760000043],[98.48897622100009,9.576314643000046],[98.48878641800007,9.576068599999985],[98.48875592800005,9.576040288000172],[98.48829484900017,9.575611865000155],[98.48789522200008,9.575155321000011],[98.48754806800014,9.574685795000107],[98.48743935400017,9.574536314000056],[98.48727299000012,9.57430756600013],[98.48726681000011,9.574073056000088],[98.48730642200019,9.573923299000057],[98.4873064630001,9.573896082000033],[98.48730683300016,9.57364971600009],[98.48728687300007,9.57358207600015],[98.48724149100008,9.573428157000137],[98.48708675800015,9.573250023000128],[98.48703187300015,9.573186836000161],[98.48686793200017,9.573095366000018],[98.48671706200008,9.573043055000028],[98.48651366300004,9.573010200999988],[98.48627084900005,9.572990282000035],[98.48604108500007,9.573035536000077],[98.48594149400009,9.573071315999982],[98.48582438200015,9.573113391],[98.4855026570001,9.573204113000031],[98.48510877400008,9.573275185000057],[98.48472159700009,9.573255050000114],[98.48430823300004,9.573202340000023],[98.48421793699998,9.573172887000112],[98.48396709400015,9.573091066000018],[98.4836262070001,9.572849584000096],[98.48338371900007,9.572621193000145],[98.48312158900006,9.572373298000173],[98.48300177800019,9.572221897000134],[98.48295126700003,9.572158068000078],[98.48290557700011,9.571995145000017],[98.4828796430001,9.571786694000082],[98.4828668290001,9.571571688000063],[98.48286060400005,9.571369749000155],[98.48280830400017,9.57122637800012],[98.48267722200018,9.571095891000084],[98.4825742650001,9.57105640800006],[98.48250671100016,9.571030500000063],[98.48238192200006,9.571088959],[98.48234477200003,9.571153252000101],[98.4823135260001,9.571207350000122],[98.48230297000009,9.571225625000125],[98.48225006000018,9.57147959800011],[98.48212499500005,9.571720396000103],[98.48194760799998,9.57186346300017],[98.48169789200011,9.57206503700013],[98.48168618900013,9.572072754000146],[98.48138256600015,9.572272978],[98.48125100800013,9.572461689000079],[98.48113264000006,9.57261783600012],[98.48088918200017,9.573047392000149],[98.48071790100016,9.573470573000066],[98.48039513400016,9.574245241000028],[98.48013850600006,9.574700828000175],[98.47992787400005,9.575097879000054],[98.47987917600011,9.575168798000163],[98.47969107199998,9.575442738000106],[98.479388674,9.575787507000086],[98.47933196300005,9.575840195000012],[98.47908400300014,9.576070561999984],[98.47906662600019,9.576086707000172],[98.47868565100003,9.576288064000039],[98.47833761300018,9.57641128400013],[98.47797007200006,9.576436811000178],[98.47766821900007,9.576403784000036],[98.47761690700008,9.576400382000088],[98.477366356,9.576383769000074],[98.47722553200009,9.576333628999976],[98.47716650600017,9.57631259800013],[98.47709086200013,9.576285664000011],[98.47705230000014,9.576257821000127],[98.47702879400015,9.576240842000061],[98.47675650000019,9.576044148000108],[98.47636445800009,9.575782595000078],[98.47613194800005,9.575626178000164],[98.47583345100014,9.575432162000084],[98.47562605500019,9.575322590000098],[98.4755035180001,9.575231865000148],[98.47539672600016,9.57513183600014],[98.47530570300017,9.575025552000056],[98.47514551200015,9.574875460000044],[98.4749789810001,9.57477534100002],[98.47484695300005,9.574728306000111],[98.47469598900017,9.574718714000028],[98.47455762100009,9.574721608000118],[98.47450076100017,9.574737395000113],[98.47445692200017,9.574749536000127],[98.47436248500009,9.574802497000121],[98.47428999200002,9.574899152000057],[98.47428356400002,9.574983414000087],[98.4742769200002,9.575032539000176],[98.47427589900019,9.575040081999987],[98.47427084100013,9.575077036000039],[98.47427378800012,9.575223789000177],[98.47432323900006,9.575614626000117],[98.47445163100019,9.575856258000044],[98.47449452700016,9.575884692000045],[98.47465171100004,9.57601272900007],[98.47488035100014,9.576197722000018],[98.4750517400002,9.57639680799997],[98.47506587500004,9.576524628000072],[98.47492250100004,9.576694831000054],[98.47463601300018,9.576907413000072],[98.47423520800015,9.577034605999984],[98.47387714900009,9.577247115000091],[98.471867982,9.5772411210001],[98.47208383000009,9.577681241000107],[98.47213104300005,9.57784376800015],[98.47227245400006,9.579172963000076],[98.47237294500013,9.579929859],[98.47237224400016,9.580383902],[98.47245597500006,9.58102305500006],[98.47284421800015,9.581965369000045],[98.47341964300006,9.582386656000153],[98.47382602700009,9.582555437],[98.47416050600015,9.58266485500019],[98.4742982320002,9.582717198000182],[98.47452798100011,9.582717546000026],[98.47477079400005,9.582711393000125],[98.47509897100008,9.582698850000043],[98.47535497900014,9.5826797040001],[98.47596555700005,9.582537334],[98.4763463500002,9.582459751999977],[98.47689124800013,9.582356326000138],[98.47727202400006,9.582259201],[98.47756103100005,9.582129345000112],[98.47778429400017,9.582038484000122],[98.47793536600005,9.5819540600001]]],[[[98.52006541900005,9.582388751000053],[98.520391185,9.582185816000049],[98.52062044700017,9.581994715000178],[98.52107903000018,9.581624489000092],[98.521091221,9.581528778000063],[98.52104115800006,9.581394666000165],[98.52096165300014,9.581288233000123],[98.52095769700014,9.581285024000124],[98.52088758000014,9.581228152000051],[98.52075303100008,9.581195254000022],[98.52061294700007,9.581214140000156],[98.52034375500017,9.58122195500016],[98.52023582100014,9.581204541000147],[98.52009119400014,9.581204341000102],[98.51991033900003,9.581239990000142],[98.51978974700017,9.5812876870001],[98.51965703100018,9.581383240000093],[98.51953641000006,9.581418924000047],[98.51940378700004,9.581454638000139],[98.51921081500006,9.581526176000011],[98.51892138300008,9.581645396000113],[98.51864402600012,9.58171679700007],[98.51839090300007,9.581728413000121],[98.51833061300005,9.581728329000157],[98.51821001100018,9.581776025000181],[98.51813760800013,9.581835765000164],[98.51811344600009,9.581871609000075],[98.51800489300012,9.581931278000127],[98.51788429500004,9.581955023999967],[98.51764317900017,9.582002553999985],[98.51751049400013,9.582050242000037],[98.51737422200006,9.582069373000138],[98.51734170000003,9.58207393900011],[98.51712474600004,9.582085603000053],[98.51701623200012,9.582097417000114],[98.51687153400019,9.582133066000154],[98.51671466500011,9.58226447400017],[98.51655790500013,9.582312128000012],[98.51625658600011,9.582275802000026],[98.51599142400005,9.582275432000188],[98.51543688900006,9.582310564000068],[98.51512337400015,9.582393840000066],[98.51487008000015,9.582513146000167],[98.51478561900018,9.582560901000079],[98.51461681800015,9.582596562000106],[98.51350736400019,9.582941936000111],[98.51296463000006,9.58316849],[98.51275956100005,9.583299835000162],[98.5126268570001,9.583359433000112],[98.51240974500007,9.583454864000089],[98.51203564900004,9.58376541500013],[98.51151667400018,9.58421930600008],[98.51117859800007,9.584613631000138],[98.51108185100014,9.584852775],[98.5111297590002,9.58506823000016],[98.51126202500012,9.585295731000087],[98.51147036700013,9.585537676000115],[98.51147864200004,9.585547285000132],[98.511803831,9.585727205000069],[98.51218937200002,9.585859325000172],[98.5127317090001,9.58591992700002],[98.51355127700003,9.585968942000079],[98.51403357600003,9.585885847000043],[98.51478111400007,9.585731385000088],[98.51579415200007,9.585385817000088],[98.51651773700013,9.585135578000063],[98.51706042300009,9.58494491700003],[98.51721680400016,9.584869341000172],[98.51812188899999,9.584431932000086],[98.51866261800006,9.584098693000158],[98.51886875100018,9.583899875000043],[98.51905905000018,9.583706312000118],[98.51914373099999,9.583549244000096],[98.51924430600008,9.583350306000114],[98.51929204600009,9.58318272800011],[98.51935044600015,9.58296275400005],[98.51948795900006,9.582774342000107],[98.51959062200012,9.58263579200019],[98.5196043090001,9.582617315000164],[98.51987325500016,9.582461677000083],[98.51988428500016,9.58245529400017],[98.51988803200004,9.582454978000158],[98.51992640200018,9.582451758000047],[98.52006541900005,9.582388751000053]]],[[[98.46788753100009,9.573941668000089],[98.46779816800006,9.57387247400004],[98.46767571800007,9.573828499],[98.46740626800016,9.573818379000102],[98.46737553200012,9.573821598000052],[98.46736583000018,9.573822614000164],[98.46727322100008,9.573832326000058],[98.4672690590001,9.57383276500019],[98.46708274500014,9.573885974000063],[98.4669504900001,9.573846844000059],[98.46684763200011,9.573817521000024],[98.46671059500005,9.57371033100003],[98.46655411100011,9.573500920000185],[98.46644169400008,9.573335421000081],[98.46627042000017,9.573174627000128],[98.46602559400014,9.573077007],[98.46574633900002,9.57304738400012],[98.4656803530001,9.573047282000118],[98.46551600200007,9.573047029],[98.46531006700019,9.573134251000113],[98.46502551800017,9.573357535000127],[98.46486360000011,9.573498317000087],[98.46473104300003,9.573663477000025],[98.46461297600013,9.573955116000093],[98.46460893400018,9.573962540000025],[98.46447537500006,9.574207817000172],[98.46444745700006,9.574247899000113],[98.46432311300003,9.574426421000112],[98.46417101100008,9.574576954000065],[98.46396739,9.574661459000026],[98.46392584300003,9.574678702000142],[98.46361693300008,9.574804718000053],[98.4633521560001,9.574896692000038],[98.46315599700011,9.575003378000133],[98.463008791,9.575149074000137],[98.4628124260002,9.575362757000164],[98.46256292200019,9.575632924000047],[98.4625522770001,9.575644450000084],[98.46243388600016,9.57576938000011],[98.46233138600019,9.575877543000104],[98.46212016900006,9.576212806000058],[98.46208547499998,9.57645592100016],[98.46209772700013,9.576575844000047],[98.46211926600006,9.57678668200009],[98.46213357400018,9.577034765000121],[98.46212349900014,9.577229277000015],[98.46204482500019,9.577389647000132],[98.46188286400019,9.577554761000158],[98.46172581100006,9.577719899000101],[98.46162258200019,9.577919109999982],[98.46144570299998,9.578200941000148],[98.46132786200013,9.578375838000113],[98.461165634,9.578691697000068],[98.46115646200013,9.578711229000078],[98.46103781500017,9.57896387000011],[98.46090025500018,9.579187368000134],[98.46090493000014,9.57932355600002],[98.46101257000015,9.579445307000071],[98.46111005300014,9.579682229000127],[98.46111047200009,9.579682479000155],[98.461156157,9.579771625999967],[98.46123918600006,9.579933638000057],[98.46131413600006,9.580163375000154],[98.46139966200019,9.580515907000176],[98.46145854000008,9.580718909000097],[98.46155510900019,9.580879246000165],[98.46170550099998,9.581034331000069],[98.46197415900019,9.581253680000032],[98.46222130000012,9.581467633000045],[98.46241453500005,9.581750926000154],[98.46269355000015,9.58222125900005],[98.46289216100013,9.582499217000134],[98.46306915400015,9.582841239],[98.46312265800009,9.583044222000012],[98.46310631000017,9.583156335000183],[98.46298229300015,9.583343049000177],[98.46293189300007,9.583446855000034],[98.46285276300006,9.583609838000143],[98.46279837800012,9.583967497000117],[98.46278716300014,9.58425580800008],[98.46282412100004,9.584709725000096],[98.46288293400016,9.584955467000157],[98.46302428100006,9.585147800000186],[98.46304398600017,9.585174612000117],[98.46328788800008,9.585387739000055],[98.4633072200001,9.585404630000141],[98.46333839500011,9.58541706200009],[98.46352229700005,9.585490391],[98.46382355300011,9.585496202000058],[98.46413545300015,9.585582122000062],[98.4643718390002,9.58579608399998],[98.46464047800009,9.586031444000128],[98.46474789000013,9.586159750999968],[98.46506502200009,9.586341803000096],[98.46555988000017,9.586395950000053],[98.46588795200012,9.586465880000162],[98.46607615300013,9.586535594000054],[98.4663555750002,9.586744259],[98.46656448000016,9.586870195000131],[98.46665809900014,9.58702171800013],[98.46671656600012,9.58714988500003],[98.46677930700008,9.587799315000098],[98.46696796300006,9.589752064000095],[98.46689845000009,9.589807091000125],[98.4668057510001,9.589889626000115],[98.46675474300014,9.589944671000126],[98.4666713040001,9.590031822000185],[98.4665438200002,9.59023131300006],[98.46651128200017,9.590386105999983],[98.46651103200014,9.590546301000188],[98.46655921900015,9.590690549000044],[98.46662896100008,9.59082946899997],[98.46680627900014,9.590979277000145],[98.46693520000008,9.591102273],[98.46694274200019,9.591111662000174],[98.46699962100018,9.591182465999964],[98.46701183900012,9.59124969000004],[98.46702097500014,9.591299962000107],[98.46703679000012,9.591492226000014],[98.46708491800001,9.59175722000009],[98.46709014800012,9.591786009000089],[98.46709514999998,9.592036957000062],[98.46709672000014,9.592117858000108],[98.46710012500012,9.592293248000033],[98.46713036500017,9.59235352900015],[98.46713766100004,9.592368075000138],[98.46718596600005,9.59244290800018],[98.46727190800004,9.592523133000157],[98.46739018600005,9.592582060000154],[98.46749775000006,9.592614270000126],[98.46765915100019,9.592614518000175],[98.46775602500003,9.59258262200018],[98.46789071600011,9.592476025000167],[98.46800387300016,9.59236940600016],[98.46810627100007,9.592241411000089],[98.46827868200006,9.592092158000128],[98.4685640960002,9.59192175000004],[98.4686336640001,9.591855132000035],[98.46873111000019,9.591761819000055],[98.46881125400006,9.591698954000094],[98.4688473110001,9.591670671000145],[98.46888732500003,9.591639262000115],[98.46893043400013,9.591551779999975],[98.46896917700008,9.591473130000054],[98.46898985100017,9.591431164000142],[98.46906470400006,9.591235778000112],[98.46906549100004,9.591233723000073],[98.46908895500019,9.591165399999966],[98.46920420600009,9.590549734000035],[98.46920102700005,9.590530457000114],[98.46920232100018,9.590500701000167],[98.46921779700006,9.590144879000036],[98.4693805180001,9.589630958000043],[98.46959161400014,9.58921351500004],[98.47002964000012,9.588635759000056],[98.47022726500006,9.588440199],[98.4705506840001,9.588120162999985],[98.47058089000012,9.58809027400008],[98.47150462000013,9.587481130000128],[98.472914587,9.58650315900013],[98.47393539500013,9.585942345000092],[98.47415698900016,9.58580458199998],[98.47429202,9.585637599000108],[98.474421833,9.585428893000085],[98.4744869650001,9.585188007000056],[98.47443891600011,9.584850473000188],[98.47436521500015,9.584570775000145],[98.47435843400018,9.584545092000042],[98.47413224600012,9.584255541000175],[98.47377657000004,9.583933617000184],[98.4734738570001,9.583602100000178],[98.47345334400012,9.583579633],[98.47280851500011,9.583142468000176],[98.47243622600013,9.582839204000152],[98.47187852399998,9.581913453000027],[98.47147759800004,9.581059302000142],[98.471394707,9.58064836900013],[98.47142474700019,9.579524819000085],[98.47132373900018,9.57910425199998],[98.47101944000013,9.578666563000127],[98.47074980500014,9.577724428000067],[98.47068893200014,9.577237597000021],[98.47063043300005,9.577028355000095],[98.47056204700004,9.576887208000073],[98.47053787400012,9.576697495000076],[98.47050391600015,9.57646402500012],[98.4704306930002,9.576288789000046],[98.47033291400004,9.576142761000028],[98.47017130500006,9.576084111000114],[98.46995577200005,9.576030297000102],[98.46985791200012,9.57594749000009],[98.46982865300015,9.575855024000077],[98.46981412100018,9.575743160000059],[98.46978001600007,9.575616642000114],[98.4697116230002,9.575480357000117],[98.46955022000009,9.575295315000062],[98.46937897600014,9.575124836999976],[98.46914891000011,9.574978552000061],[98.46895309900015,9.574837218000084],[98.46890429400014,9.574700961000076],[98.46886039700013,9.574589051999965],[98.46877227300013,9.574535387000083],[98.46866453200016,9.574501176000183],[98.46850298700002,9.574389087000043],[98.46824356300004,9.574208721000048],[98.46806248200011,9.574077152000086],[98.46793032500011,9.573974824000118],[98.46790224300008,9.573953061000054],[98.46788753100009,9.573941668000089]]],[[[98.46951523000001,9.593274866000115],[98.46936451000016,9.593253844000117],[98.46920109500007,9.593270237000127],[98.46907534600007,9.593344829000102],[98.46896205200011,9.59346938900012],[98.46885903600008,9.593590074000076],[98.46880260000006,9.593656191000093],[98.46849338700014,9.594037631000049],[98.4684499650001,9.59415866],[98.46835321700007,9.594449507000036],[98.468316119,9.594679302000145],[98.46830681500018,9.594737010000074],[98.46829822700016,9.594790281000144],[98.46829799900013,9.594793108000147],[98.46829373600002,9.594846038000071],[98.46828112700018,9.59500227],[98.46826014200013,9.595437832000187],[98.46825986800008,9.59544341100019],[98.46825948700013,9.595451197000102],[98.46827116200012,9.595665870000062],[98.46827400199999,9.595718108000085],[98.46827578000017,9.595750525000028],[98.46826825800008,9.595954961000075],[98.46827543000012,9.5959750130001],[98.468277339,9.596001355000169],[98.46827800300008,9.59601043300006],[98.46829185100017,9.596199510000133],[98.46832924300003,9.596378312000184],[98.46852555600003,9.596719501999985],[98.46867604200008,9.596927569000059],[98.46886434900011,9.59705258400004],[98.46907368500018,9.597086136000144],[98.46930214100007,9.597001120000016],[98.46936288700016,9.596978514000114],[98.46957250100007,9.596849962000135],[98.46977381500005,9.596700633000125],[98.46992475100006,9.596584474],[98.47010090900011,9.596439229000168],[98.4702687090001,9.596285661000081],[98.4703175630001,9.596217977000151],[98.47033167500018,9.59618599099997],[98.47037748500009,9.596011687000157],[98.47036145000004,9.595886743000108],[98.4703532870002,9.595753708000188],[98.4703996070001,9.595587507000062],[98.4704077450001,9.595497719999969],[98.47039990400003,9.595396276000088],[98.47039828499999,9.59538124300019],[98.47037386500011,9.595153571000026],[98.47037229400007,9.595138925000072],[98.47037084600015,9.59512542699997],[98.47036745100013,9.595094015000086],[98.47035038700011,9.594934802000125],[98.47032276900018,9.594764414000053],[98.47032034200004,9.594749456000045],[98.47029644400004,9.594602160000136],[98.4702951540001,9.59457952200006],[98.47029502600009,9.59457726200003],[98.47028420100014,9.59438594],[98.47022171200007,9.594165532999966],[98.47019096500009,9.594085837000137],[98.470184792,9.594069828000158],[98.47011744100001,9.59389515900017],[98.47006730500016,9.593795318000161],[98.46997961200009,9.593641405000142],[98.4698499590001,9.593508176000057],[98.46968264100013,9.59337073],[98.46951523000001,9.593274866000115]]],[[[98.49762625900007,9.620952933000183],[98.49756980000012,9.620942798000158],[98.49752703200011,9.6209656260001],[98.49748806900004,9.621054063000031],[98.49746136300013,9.621278471000153],[98.49742444500009,9.621558935000053],[98.49742421200017,9.621914836000087],[98.49742738800006,9.622364455000081],[98.49747418800018,9.622730386000114],[98.49760574700014,9.623106848000134],[98.49768227800018,9.623370168000065],[98.4977501690002,9.623840172000087],[98.49789822000014,9.624092911000105],[98.49789813300004,9.624152425999966],[98.49794206700011,9.624249716],[98.49804168499998,9.624413374000085],[98.49819620200009,9.624591965000036],[98.4984056520002,9.624750827000184],[98.49859027399998,9.624830337000049],[98.49877000600014,9.624840535000146],[98.49892482000013,9.624811039],[98.4990647410001,9.62473690100012],[98.49923469300012,9.624593473000118],[98.49932976000008,9.62444494600004],[98.49937988900007,9.624321172000066],[98.49946497600007,9.624167666000176],[98.49953031500007,9.623875441000052],[98.499383777,9.62331270600015],[98.49931509400011,9.62294552100002],[98.49924510500011,9.622672502000114],[98.49912547900016,9.62217907000013],[98.49903340400004,9.621979004000082],[98.49880594300015,9.62166198500006],[98.49872079600016,9.621568487000161],[98.49872081100006,9.621567472000152],[98.49858651300013,9.621434329000067],[98.49837617900016,9.621295653000118],[98.49804789000007,9.621160049000082],[98.49775739300009,9.621020283000064],[98.49762625900007,9.620952933000183]]]]}},{"type":"Feature","properties":{"districtCode":"TH8504","provinceCode":"TH-85","nameTh":"อำเภอกระบุรี","shapeName":"Kra Buri","shapeISO":"TH8504","shapeID":"TH8504","shapeGroup":"THA","shapeType":"ADM2","labelPoint":[98.86334176,10.49430756]},"geometry":{"type":"Polygon","coordinates":[[[98.88020162600009,10.78833873299999],[98.88071985000016,10.786894104000112],[98.8805441670001,10.786444498000037],[98.88056541400016,10.786402529000043],[98.88056552400019,10.786121859000104],[98.88043387600015,10.785740896999982],[98.88037311000005,10.785580490000143],[98.88033414800003,10.785549646999982],[98.8803854250001,10.785448038000027],[98.88059866700019,10.785418747000165],[98.88096425700007,10.785448261000113],[98.88120777200004,10.78550940600013],[98.88190842400007,10.785479149000025],[98.88203376200016,10.785440511000047],[98.88205607900017,10.785551063000128],[98.88215741500017,10.785671389000129],[98.88242099200005,10.785721610999985],[98.88265065000007,10.785721698000089],[98.88266949500007,10.785870595000063],[98.88279121100004,10.78602100900008],[98.88312621900008,10.786082186999977],[98.88343096000011,10.786051776000079],[98.88382691900011,10.785930967000127],[98.88413142800016,10.78572077800004],[98.88425331000013,10.785420134000049],[98.88434485700014,10.785179377000077],[98.88458861100008,10.784727220999969],[98.88498461100016,10.784396152000056],[98.88538062100008,10.784155464000037],[98.88544166300017,10.783733846000132],[98.88541150400005,10.783433101000185],[98.88541161800003,10.783131260000175],[98.88574687100015,10.782439497000041],[98.885777415,10.781836938000026],[98.88559494300006,10.781355243000064],[98.88552502600004,10.78119016400018],[98.88552511200004,10.780961387000161],[98.88550852900016,10.780890996000096],[98.88545425900014,10.780660641000111],[98.88539351800017,10.780430068000157],[98.88526184699998,10.78009922700005],[98.88521324200013,10.779934228000172],[98.88535198900018,10.779729474000078],[98.885687115,10.779458281000132],[98.88605256600016,10.779157689000101],[98.88629621400008,10.778855936000127],[98.88626601600004,10.77855519100018],[98.88617367100011,10.778335734000052],[98.88617277700007,10.778323636000096],[98.88615581200014,10.778163705000111],[98.88612349100009,10.77811718400011],[98.8861444740001,10.77795261200015],[98.88638801700012,10.77792217700005],[98.88675327300012,10.77804326],[98.88699912200013,10.77814316600012],[98.88733050600018,10.778382978000081],[98.88788376600013,10.778593606000072],[98.8879002290002,10.778595713000186],[98.88814765300003,10.778627371000141],[98.88847965800005,10.77861907300013],[98.88848834900017,10.778615793000029],[98.88882406200014,10.77849621900009],[98.88906773900015,10.778224989000023],[98.88915932300006,10.777863245000106],[98.88903821800011,10.776056630000141],[98.88911735200008,10.774701840000148],[98.88881860500015,10.774394172000086],[98.88861483200003,10.773985676],[98.88868671700004,10.773974660000022],[98.88874264900005,10.773974475000045],[98.88883692600012,10.773981253000102],[98.88897868400016,10.774008496000135],[98.88908936600006,10.774028876000045],[98.88911066100013,10.774030130000142],[98.88912685500003,10.77403107200007],[98.8891511180002,10.77402889800004],[98.88918420400012,10.774024552000014],[98.8892194930001,10.77401366100014],[98.88926360800008,10.773989690000178],[98.88929008800017,10.77396352600016],[98.88932317900014,10.773923197000101],[98.88935297200004,10.773869786000034],[98.8893761550001,10.77381200800005],[98.88937947200009,10.77377820700002],[98.88936846000007,10.77374658600013],[98.88935413400014,10.77371714000003],[98.88933650100017,10.773696416000064],[98.88924389100015,10.773639688000173],[98.8891501820001,10.773562241000093],[98.88910974200013,10.773516796000138],[98.88907302700005,10.77347498000006],[98.88903665600014,10.773419367000145],[98.88901216200009,10.773373917000129],[98.88900139700013,10.77335393400017],[98.88896393100009,10.773276507000048],[98.88894961600005,10.773229614000172],[98.88892868800008,10.773153286000081],[98.88891548100014,10.773092225000084],[98.88890667500016,10.773039884000127],[98.8888868950001,10.772854517000155],[98.8888747800001,10.772813080000162],[98.88884394100012,10.772720393000043],[98.88878113600015,10.77257427000012],[98.88876572700019,10.77250665400004],[98.88875692099998,10.772457588000066],[98.88875473300016,10.77240743599998],[98.88875695700017,10.77235837],[98.88876799900004,10.772310404000166],[98.88878014200003,10.772273332000111],[98.88880773000005,10.772226459000024],[98.88885516700014,10.772170870000139],[98.88888164100018,10.77214471100001],[98.88892025100017,10.772117466000168],[98.88896988100004,10.772094584000058],[98.88903494300007,10.77207498200005],[98.88908457500008,10.772065186000077],[98.88933820400007,10.772044565000101],[98.88950744400017,10.77202468300004],[98.8895265330001,10.772020318000102],[98.88957576400014,10.772009074999971],[98.8895994830001,10.772000456000058],[98.88962383000006,10.771984697000107],[98.8896503040001,10.771961814000065],[98.88966133500003,10.771945460000154],[98.8896800980001,10.771905122000021],[98.88970659100005,10.771832082000174],[98.88971653400006,10.7717797520001],[98.8897297960001,10.771687075000159],[98.88973359000005,10.771604442000182],[98.88973424400012,10.771590037000124],[98.88973095400002,10.771533341000065],[98.88971885500018,10.771463554000036],[98.88970342700014,10.77141993600003],[98.8896799260001,10.771377559000143],[98.8896395070002,10.771322874000134],[98.88960975100002,10.771280337000064],[98.88959983500013,10.771255259000156],[98.88958772100017,10.771212726999977],[98.88957450800007,10.771162566000044],[98.88956791000004,10.771108051000056],[98.88957013300012,10.7710677070001],[98.88957234400004,10.771050266000145],[98.88958116700019,10.771033916000022],[98.88959992600019,10.771006661000172],[98.88968376100013,10.770926007000071],[98.88984489800004,10.770758618000173],[98.889877909,10.770720005999976],[98.88989225600005,10.770696022000152],[98.88990329700016,10.77066877100009],[98.88990881900008,10.77063497000006],[98.88990883100007,10.770603351000034],[98.88990773600011,10.770576089000087],[98.88990234800019,10.770543070000087],[98.88988681500007,10.770499761000167],[98.8898598130001,10.770455458000129],[98.88982096000018,10.77040882800003],[98.88975482500013,10.770344206000175],[98.88971180100015,10.770310401000131],[98.88968103400015,10.770291693],[98.88961921900011,10.770262383000045],[98.88947617800011,10.770194969000158],[98.8894538580002,10.770181023000077],[98.88942821200004,10.770159277000062],[98.88940258100013,10.770132283000123],[98.8893852240002,10.770107746000122],[98.889374486,10.770079937000048],[98.88936621800008,10.770052131000057],[98.88936375700013,10.770016149000128],[98.88936790100013,10.76998998199997],[98.88938363100016,10.769938465999985],[98.88939935500002,10.769911488000048],[98.88943100900019,10.769866422000064],[98.88946574800013,10.769842515000164],[98.88950979400005,10.769819836000124],[98.88955198300005,10.76980820100016],[98.88957741700005,10.769804526000087],[98.88961215100005,10.769808222000052],[98.88964626100005,10.769815592000157],[98.88972750400012,10.76984076499997],[98.88975293500016,10.769843229],[98.88977837100015,10.769842012000026],[98.889811249,10.76983282600014],[98.88983854000003,10.769818730000054],[98.89003811700013,10.769673065000177],[98.89010347500005,10.769620755000062],[98.89015422800009,10.769598040000062],[98.89018701500004,10.769591349000166],[98.89020658500004,10.769587484999988],[98.89023115900011,10.769584819000158],[98.8902523490001,10.769584826000028],[98.89034498,10.769584039000051],[98.89036896100015,10.769584867000162],[98.89040121600004,10.769587335000153],[98.89046324100013,10.769593892999978],[98.89062450800009,10.769607038000117],[98.89065676500019,10.769607870000186],[98.89074470100013,10.76959813600007],[98.89090791200005,10.769569116000184],[98.89106147800015,10.769538955000087],[98.89111937600018,10.769523439000011],[98.89116983500014,10.769506286000137],[98.89120291700004,10.769490761000156],[98.89123269500004,10.769470327000079],[98.89126993000019,10.769433538000158],[98.89129722700005,10.76940738400009],[98.89133805200015,10.769346750000068],[98.8913568170002,10.769305315999986],[98.89140206100018,10.769203938000146],[98.89142964300015,10.769157059000065],[98.89145391400012,10.769126543000027],[98.8914825940002,10.76910583300014],[98.89152009000009,10.76908731300017],[98.8917061250001,10.769029688000103],[98.89175823800008,10.769010699000034],[98.89178118800004,10.768996596000022],[98.89183082400007,10.768952453000054],[98.89186247400016,10.768919349000157],[98.89189164600009,10.768875815000115],[98.89190405400007,10.768849447000036],[98.8919077880002,10.768819395000037],[98.89190904100002,10.768789957000081],[98.89190346700013,10.768764194000028],[98.8918805300001,10.768714506000151],[98.89185140500007,10.768652555000074],[98.89183094000003,10.768627401000117],[98.89171871700012,10.768514516000153],[98.89168461100013,10.768474634000029],[98.89168027700009,10.768454399000063],[98.89167656100017,10.76843231700019],[98.89167843700017,10.76840655400008],[98.89169022700003,10.768380187000105],[98.891711327,10.768350145000113],[98.891758493,10.768296188000022],[98.8918453610001,10.76821219600015],[98.89196137600004,10.768135573000109],[98.89198433000013,10.768118404000063],[98.89199674600007,10.768092036000155],[98.89199985599998,10.768065664000119],[98.89199676300018,10.768043585000157],[98.89198994600008,10.768025802000182],[98.8919744430001,10.76801475000019],[98.8919558400001,10.768007384999976],[98.89189319600007,10.767987127000083],[98.89185784700004,10.767969328000163],[98.89182064300019,10.767944167999985],[98.89178716000015,10.767911141000013],[98.89176649600006,10.767871066000168],[98.89174997800012,10.767817907000108],[98.89174833900006,10.767781103000118],[98.89175584500015,10.767602016000126],[98.89175337800003,10.767557863000093],[98.89174759899998,10.767528422000055],[98.89172364300015,10.767449091000174],[98.89170134600016,10.767359131000035],[98.89169474600016,10.767305154000098],[98.891694,10.767074555000079],[98.89169899200016,10.766994415000056],[98.89170728700003,10.766933087000098],[98.89176775400017,10.766671429000155],[98.89179591599998,10.766553681000175],[98.89185469100016,10.766377065000086],[98.89187538900012,10.766316562000156],[98.8918869960001,10.766253601000187],[98.89193796100011,10.765954626000052],[98.89196841100016,10.76579149700018],[98.89201688800017,10.765533314000038],[98.89203864600017,10.765387345000136],[98.89207778400004,10.765218084000026],[98.89209208400018,10.765123643000152],[98.89209830300007,10.765070290999972],[98.89209956300016,10.765014473000178],[98.8920977140001,10.764988106000033],[98.89209184100008,10.76492884400011],[98.89208302300005,10.764874098000178],[98.89207465700008,10.764848339000082],[98.89205467500017,10.764793591],[98.89205095800014,10.764777954000067],[98.89204422900019,10.764733845000023],[98.89203414800016,10.764626551000049],[98.8920321720002,10.76458015300011],[98.8920329720001,10.764559673],[98.89204822400012,10.764521233000039],[98.89206116000008,10.764507600000059],[98.89207238700004,10.764501678000101],[98.89211949900005,10.76447961200006],[98.89216904700004,10.764458768000111],[98.89218928200006,10.764451893000171],[98.8922382520002,10.764444323000077],[98.89226471800009,10.764442699000085],[98.8922862180001,10.764445155000146],[98.89230994600007,10.764452750000146],[98.89252767100004,10.764548280000042],[98.89260126300013,10.76458346100003],[98.89261222200003,10.76459269500009],[98.89262028100006,10.764603097000077],[98.89265212300006,10.764661069000056],[98.8926604950002,10.764674531000082],[98.89266598700016,10.764682295000057],[98.89267854000019,10.764693685999987],[98.89268208800013,10.764696886000081],[98.89269822200004,10.764708089000067],[98.89271700300009,10.764716802000123],[98.8927350560001,10.764720865000015],[98.89274263000016,10.764721715000121],[98.89275834800003,10.764721720000182],[98.89278233500016,10.76472091300002],[98.89280300500013,10.764717647000111],[98.8928418820002,10.764704577000089],[98.89285511400004,10.764696405000166],[98.89286670200016,10.764688230000104],[98.89287662800007,10.764680055000042],[98.8928832430002,10.764670246000037],[98.89289235100006,10.7646489870001],[98.8928929400002,10.76464627100006],[98.89290010800005,10.764565043000118],[98.89291058700013,10.764505596000049],[98.89291860200018,10.764477673000158],[98.89293404600005,10.764451516000065],[98.89295500800017,10.764427537000074],[98.89302825200019,10.764379003000158],[98.89306529800007,10.764359974000115],[98.89310119700008,10.76434497800011],[98.89312374600007,10.764337099000102],[98.89314827400017,10.764334185],[98.89321748300011,10.764328405000072],[98.89324504700011,10.76432950300017],[98.89326612200017,10.764332563000039],[98.89331671300016,10.764350248000028],[98.89335758800007,10.764366193000171],[98.89341019900007,10.76439890100005],[98.89358461600006,10.764507346000016],[98.89361107700017,10.764520438000034],[98.89364305300018,10.764526992000071],[98.89367944100013,10.764528091000045],[98.89371399400005,10.764525014000071],[98.89375380800016,10.764512231000026],[98.89377411500016,10.764502830000026],[98.89382133400005,10.76447562500016],[98.89383898900019,10.764453825000146],[98.89384634300012,10.764439289],[98.89385531300013,10.764413652000087],[98.89390090000006,10.764148113999966],[98.89390179400016,10.764117058000068],[98.89389932600011,10.764096204000111],[98.89389560600017,10.764083325000058],[98.89389126999998,10.764069217000099],[98.89387701500016,10.764039774000082],[98.89386523300004,10.764018918000147],[98.89383697400012,10.763980349000065],[98.89378795200014,10.763913702000139],[98.89362160500013,10.76368756800008],[98.89360561200016,10.76367014900012],[98.89359813800007,10.763664048000066],[98.89359034400013,10.76365950700017],[98.89358313600007,10.763656793999985],[98.89357313400012,10.763654439000106],[98.89356615800011,10.76365351100003],[98.89356196800009,10.763653510000097],[98.89355499300018,10.76365488600004],[98.89354196500017,10.763661786000057],[98.89350596100019,10.763683846000106],[98.89348963200018,10.763690710000162],[98.89347935900014,10.763692967000054],[98.89346736200008,10.763693266000189],[98.893448159,10.763691616000074],[98.89343745600013,10.763688591000061],[98.8934269020001,10.763684525000087],[98.89341400700005,10.763677712000117],[98.89340548700005,10.763670044000037],[98.89339556800019,10.7636558640001],[98.89338565000008,10.763637322000022],[98.89338014400016,10.763618789000134],[98.89337794700009,10.763599162000048],[98.89337602500007,10.7635739480001],[98.89338017500006,10.763532648000023],[98.89340668300014,10.763397458000043],[98.89340669000006,10.763377831000128],[98.89340339200015,10.763354936000098],[98.89340144600015,10.763347226000178],[98.89338907700011,10.763298237000072],[98.89338467900012,10.76327315300017],[98.89338358800012,10.763233904],[98.89338550900015,10.763208332000033],[98.89338802000009,10.763175028000092],[98.89340237900012,10.763115064000147],[98.89341010000015,10.763096528],[98.89342204000008,10.763084732000095],[98.89342268800016,10.763084092000042],[98.89343987900003,10.76307691400018],[98.8934553150001,10.763074743000061],[98.8934652390002,10.763078016000065],[98.89348728800013,10.76308674300003],[98.89351913600012,10.76309934700015],[98.89352588100007,10.763102026000126],[98.89362352600006,10.76312595000013],[98.89367346600011,10.763128096000116],[98.89394047800016,10.763127243000156],[98.8939915430002,10.763125455000022],[98.89403887600014,10.763115675999984],[98.89406784000005,10.763105169000085],[98.89406892500006,10.763104775000102],[98.89407286900018,10.763102281000045],[98.89411555700019,10.763070989000141],[98.894136344,10.763048489000028],[98.89413856800002,10.763044898000032],[98.89415045900006,10.76301896200016],[98.89415084700005,10.763018117],[98.89415210300018,10.763013600000079],[98.8941529710001,10.763009946000125],[98.89415809400003,10.76296701900003],[98.89415729700005,10.76294980900002],[98.89417304400007,10.762801565000018],[98.89418676200012,10.762724154000125],[98.89428470500013,10.762440659],[98.89432047600019,10.762343201000135],[98.89432835700018,10.762319797000146],[98.89433436200005,10.762301907000108],[98.89433621800003,10.76228719200003],[98.89433622300015,10.762270633000185],[98.89433622900015,10.76225529800007],[98.89433251700018,10.762241802000176],[98.8943275630001,10.762232605],[98.89431887600006,10.76221971700005],[98.89430895700019,10.762209291000033],[98.89429634700019,10.76219856400013],[98.89406232200014,10.762047206000034],[98.89404336700005,10.762030039000138],[98.89402783800011,10.762010769000142],[98.89401958400015,10.761994942000172],[98.89399331200008,10.761896713000112],[98.89398117300004,10.761873478000098],[98.89397691400018,10.761869245000184],[98.89396628700007,10.761861222000107],[98.89395201700012,10.761853861000134],[98.89391223600012,10.761840150000182],[98.89359256600017,10.761755366000045],[98.89358393500004,10.76175179300003],[98.89356905000017,10.761746268000024],[98.89355757600009,10.761740020000047],[98.89354214500014,10.761726935000127],[98.89353443000016,10.761717118000092],[98.89352998600015,10.761708072999966],[98.89352720000005,10.761701175000098],[98.89352487400004,10.761689676000117],[98.89352441400018,10.761679553000079],[98.89352488100013,10.761670358000117],[98.89352893900013,10.76166084100015],[98.89353984400003,10.761640371000055],[98.89362811700016,10.761473701000114],[98.89363205600006,10.761442686000123],[98.89362396000007,10.761405739],[98.89344582000007,10.76096827300006],[98.89327957500012,10.760479945000156],[98.89326855100006,10.760462498000038],[98.89325024500016,10.760445517000164],[98.89313874500016,10.760369665000098],[98.8931172240001,10.76035493400019],[98.89310732900009,10.760344721000138],[98.89310236699998,10.760338586000103],[98.89309617200013,10.76032876700009],[98.89309369100016,10.760320797000134],[98.8930909460002,10.760306426000113],[98.8930726800001,10.759952682000119],[98.89307288900005,10.759892114000081],[98.89307712800013,10.759828506000133],[98.89313108400017,10.759626841000056],[98.89313694900005,10.759607563000088],[98.89314688000007,10.759590123000066],[98.89316011500017,10.759577046000118],[98.89318711300007,10.759561096000084],[98.89332028100011,10.75948066300009],[98.8934868570002,10.759404315000154],[98.89373863100008,10.759288903000026],[98.89376669400019,10.759268853000151],[98.89378158200014,10.759252501],[98.89380061400016,10.759232068000188],[98.89381921800009,10.75920397300007],[98.89381962300018,10.759202860000073],[98.8938262650002,10.759184641000104],[98.89383068500007,10.759159427000156],[98.89382958100015,10.759148528000026],[98.89382959000005,10.759125632000064],[98.89382739600006,10.759098370000117],[98.89382079300015,10.759066749000112],[98.8938097260002,10.75903587700003],[98.89380867699998,10.759032943000136],[98.89379655400018,10.759017676000042],[98.89374473000015,10.758987126000022],[98.89371166000006,10.758970766000061],[98.89364805400015,10.75894665200019],[98.8934706930001,10.758910423000145],[98.8933285230001,10.75888138700003],[98.89331445900012,10.758873725000115],[98.89330407900019,10.75886359000009],[98.89328975200016,10.758848322000063],[98.89326881,10.758814513],[98.89325083800014,10.758760430000052],[98.89324239100006,10.758694566000145],[98.89324240200011,10.758662946000186],[98.89325088700002,10.758619149000026],[98.89326779200013,10.75858009400008],[98.89329513100017,10.758533642000145],[98.89333456600014,10.758488224000132],[98.89355909000005,10.75825682900006],[98.89365879000013,10.758154081999976],[98.89366718300005,10.758139469000128],[98.89367416700009,10.75812481100013],[98.89367959300017,10.75810635400012],[98.8936830040002,10.758085564],[98.89368270800014,10.758068948000073],[98.89368250400014,10.75806464700014],[98.89368154600004,10.758044855000094],[98.89367714500014,10.758030915],[98.89366979400017,10.758012870000016],[98.89365510700009,10.75799250700004],[98.89359375600009,10.757933355000091],[98.89350449700004,10.757847288],[98.89350023200018,10.757838586],[98.89349527400009,10.757817325000133],[98.8934952780001,10.75780587200012],[98.89349859000004,10.7577911570001],[98.89350506700009,10.757782256000155],[98.89361935700015,10.757689868000114],[98.89365896400017,10.757657857000083],[98.8937635490002,10.757540726000059],[98.89454256300013,10.756902241000091],[98.89491436500003,10.756681824000054],[98.89616126100015,10.756024012000125],[98.89648029400018,10.755869601000086],[98.89663452600013,10.75575587700007],[98.8967170030001,10.755677436000042],[98.89697029700011,10.755436553000095],[98.89742755000003,10.755001704000108],[98.89753268900012,10.754886865000117],[98.89754276800016,10.754875857000116],[98.89755750600011,10.754857869000034],[98.89758494000006,10.754817666000179],[98.89761608400016,10.754772032000119],[98.89763147400004,10.754716783000049],[98.89764990100002,10.754650615000116],[98.89765819500019,10.754596305000064],[98.89772055800012,10.754187978000118],[98.89773173200012,10.754114824000112],[98.8977447050001,10.754027372000166],[98.89775566700007,10.753953475000174],[98.89775354199998,10.753935929000136],[98.8977453650001,10.753868329000056],[98.89772379100009,10.753768265000133],[98.89765894400017,10.753644975000043],[98.89762549100016,10.753563372000144],[98.89756688900007,10.75324920100013],[98.89755076600011,10.753115273999981],[98.8975475630001,10.753006440000036],[98.89754028500005,10.75289426400019],[98.89758455600003,10.75237107300012],[98.89763345200004,10.752155932],[98.89774918300009,10.751941532000046],[98.89789608900014,10.751801735000129],[98.89801033700019,10.751747985000122],[98.8981229790001,10.751716835000025],[98.89817371200013,10.751710880000132],[98.89854341900008,10.751667483],[98.89897313400019,10.751656867],[98.89924192800004,10.75166465600006],[98.8993919610001,10.751680417000046],[98.89952793499998,10.751694693000161],[98.89969000100007,10.751760613999977],[98.89975885000018,10.75178037400002],[98.89992097200007,10.75184542300019],[98.90022406900005,10.752023020000024],[98.90101264800018,10.752426665000144],[98.90158369500011,10.752695776999985],[98.90217110100019,10.752841190000026],[98.90250090900014,10.752879343000075],[98.90276294000006,10.752865418000113],[98.90335705799998,10.75280874900011],[98.90402596300004,10.752744951000182],[98.90508669400015,10.752583919000188],[98.90575160600008,10.752578948],[98.90577750100016,10.752578752000034],[98.9066749800001,10.752632806000065],[98.90716920000011,10.752721340999983],[98.907788268,10.753002654999989],[98.9078905410002,10.75304913500014],[98.90800075200019,10.753099211000176],[98.90814803800009,10.7531370210001],[98.90849417100009,10.753225859000167],[98.90882833100017,10.753284707999967],[98.90890536600006,10.753298272000052],[98.90899197200014,10.753287593000152],[98.90918380400018,10.753263936000053],[98.9091977980001,10.753262215000177],[98.90953594500013,10.753171953000162],[98.90971795400014,10.75300590900008],[98.9097471950002,10.752979243000027],[98.909757168,10.752970141000162],[98.90977359900006,10.752955149000172],[98.90982952400014,10.752849893000132],[98.90996560800005,10.752593765000086],[98.91013942,10.751961282000082],[98.91025878300007,10.75137204900011],[98.91033305500014,10.750841569000045],[98.91036419700009,10.750619145000144],[98.91044144700004,10.75038005000016],[98.91056944300016,10.750154185000042],[98.91076140200016,10.749955446],[98.91166626100016,10.74931414200006],[98.91247968600004,10.748792490000085],[98.91342102500005,10.748429088000023],[98.914005932,10.748176244000092],[98.91408165900015,10.74813394400013],[98.91414606700016,10.748097970000174],[98.91418094200014,10.748075696000114],[98.91429842200006,10.747923311000022],[98.9143446490001,10.747740672000077],[98.9143117160001,10.747532210000088],[98.9141798390001,10.747173283000109],[98.9139606490001,10.746748520000097],[98.91382368900014,10.746350896000024],[98.91371524500005,10.7460117010001],[98.91368681400007,10.74567314400008],[98.91368689600012,10.745383990000164],[98.91366868300008,10.745140013000139],[98.91365048400013,10.744877958000188],[98.91357743800012,10.744688178000104],[98.9135514370002,10.744632042000092],[98.91341301600016,10.744471268000098],[98.91307498200007,10.744236229000137],[98.91306482900006,10.744226192000099],[98.9129014080001,10.744064500000036],[98.91276438900007,10.74388373700009],[98.91267309000006,10.743621661000077],[98.91265488300007,10.743359612000177],[98.91265036500005,10.743196960000034],[98.91259903400015,10.742925850000177],[98.91255589900004,10.742812000000129],[98.91252713700015,10.742736080999975],[98.91241713700009,10.742566780000118],[98.91226221400018,10.742455883000105],[98.91107443100003,10.741985666000176],[98.91105223500017,10.741975854999964],[98.910645009,10.741795791000186],[98.91033439500006,10.741542687],[98.91012944300019,10.741267930000106],[98.90982177400002,10.740468574000033],[98.90982178800004,10.740420029],[98.90983575100006,10.740326987000174],[98.90986017300008,10.740227060000166],[98.90988149200018,10.740159109000103],[98.90994348200019,10.740030471000125],[98.90994531500007,10.740028432000031],[98.91004263600018,10.73992022800013],[98.91053357700002,10.739422448000028],[98.91073189100013,10.73917201200004],[98.91086412200013,10.738943336000148],[98.91097043200006,10.738628252000183],[98.91099640000004,10.73855129500015],[98.91108461400006,10.738181029000032],[98.91115092100017,10.73741866600011],[98.91109595200015,10.737070141000174],[98.91101895300005,10.73674338900014],[98.91061177400002,10.735663247000105],[98.9100834640002,10.73454010100005],[98.90971166800017,10.733823608000023],[98.90969366700017,10.733797097000036],[98.90952340900014,10.733462865000092],[98.90945960800008,10.733337623000068],[98.90890763500016,10.732639031000133],[98.90877879600009,10.732475968000074],[98.90867407300004,10.732343421000053],[98.90741345600009,10.731132208000076],[98.90732485800004,10.73106505800007],[98.90712756400006,10.730874534000066],[98.90680925300012,10.730642239000133],[98.9067374440001,10.73058983400017],[98.90593122700011,10.730060262000052],[98.90577576600009,10.729958141000054],[98.90565911400006,10.729872496000155],[98.9056084340001,10.729835287000185],[98.9055772270001,10.729812378000133],[98.90555583700012,10.729778515000078],[98.9055016430001,10.729692704000172],[98.905426692,10.729574046000153],[98.90538776800014,10.729434328000139],[98.90537488700005,10.729388106000044],[98.90536609700007,10.729335808000144],[98.90538440700016,10.729155301000048],[98.9054952570001,10.728802446000088],[98.90550444700011,10.72877319500003],[98.90554646100009,10.728709032000154],[98.90568445700012,10.728498269000056],[98.90580612300005,10.728312451000136],[98.90604342100016,10.72800895100005],[98.90640034400008,10.727381902000104],[98.90648265000016,10.727156026999978],[98.90654735200019,10.726764886000069],[98.906547456,10.726427162000164],[98.90651034100006,10.726243388000057],[98.90649079200011,10.726127142000053],[98.90643182700012,10.725956113],[98.90640993000017,10.725919446000091],[98.90633693300009,10.725813871000128],[98.90614880700014,10.725671148000174],[98.90608107800017,10.725619761000075],[98.90593560500008,10.725547036000023],[98.905520265,10.725339388000066],[98.90486596100004,10.725121711999975],[98.90434257200019,10.724947588000134],[98.90393421700009,10.72480207500007],[98.90368212300018,10.724618252000084],[98.90361373500019,10.724484934000031],[98.90359133800001,10.72428501100012],[98.9036074220001,10.72403171000002],[98.903772571,10.723620076000088],[98.90397113000017,10.723125145999973],[98.9041814570001,10.722583038999971],[98.90421625700014,10.722426515],[98.90425256100013,10.722263212000087],[98.90423645300001,10.722049927000114],[98.90414516700014,10.72179688400007],[98.90387515600008,10.72137250100019],[98.903860683,10.721360379999965],[98.90379811100019,10.721281717000124],[98.90234213100013,10.719955624000136],[98.90215390000009,10.719745059],[98.90213164400006,10.719717027000172],[98.90197089300017,10.719451871000103],[98.90189969900013,10.719184019000124],[98.90191369900003,10.718759012000021],[98.90199971400017,10.718451033000065],[98.90228502600013,10.717732209000076],[98.90238497000007,10.717210681000097],[98.90239931800016,10.716914657000132],[98.90239942600016,10.71657634200011],[98.9023995300002,10.716252129],[98.9023996160002,10.715984293000076],[98.90236977,10.715814265],[98.90227353600005,10.715461690999973],[98.9022430300002,10.715349908000064],[98.9022291670002,10.715327805000072],[98.90204327800018,10.71503141900007],[98.9018252840001,10.71484650900004],[98.90115820600016,10.714455607000048],[98.90012823900008,10.71376435500008],[98.90012439300017,10.71376177400009],[98.89893961300015,10.71320766800011],[98.89871666900018,10.713044226000079],[98.89869398200017,10.713021775000072],[98.89862584300016,10.712954348000096],[98.89845247400012,10.712709241000141],[98.89834516600013,10.712529506000124],[98.89822963600011,10.712219079000079],[98.89818013000013,10.712063863000026],[98.89813891000011,10.711843301000101],[98.89812248900006,10.711541075000127],[98.89813083600012,10.711287859000151],[98.89820525900018,10.711001986000042],[98.8982787990002,10.710856668000076],[98.89831270400009,10.710789652000017],[98.89842012900016,10.710634486000174],[98.89870217800018,10.710336746000053],[98.89942994300009,10.709568488000059],[98.89963932800009,10.709279530000174],[98.89968325400014,10.709209266000187],[98.8998459890002,10.708823369000129],[98.8998964650001,10.708637193000015],[98.89989983900006,10.708557837000058],[98.89986671000003,10.708330953000086],[98.89986078499999,10.708290350000027],[98.89953744000019,10.707342305000168],[98.8995175500001,10.70727292100014],[98.89920999600008,10.706200390000106],[98.89891086200004,10.705622342000083],[98.89846458400001,10.705067103000033],[98.89822392600018,10.704870517000131],[98.89777810400005,10.70455934500012],[98.89753624800016,10.704390534000083],[98.89705845500015,10.704057032000037],[98.89654548500016,10.70361987400014],[98.89641459300015,10.70343481499998],[98.89637540500013,10.703379406000124],[98.8962463150001,10.703196889000026],[98.89603270900017,10.702618865000147],[98.89587999500014,10.701629052000044],[98.89584783000004,10.701420603000145],[98.89584466200017,10.701409641000112],[98.89573394100012,10.70102587000008],[98.89554908700012,10.700671365000119],[98.8955060350001,10.70058880400012],[98.89530787700005,10.700327313000116],[98.8952522670001,10.700253933000056],[98.89487001400016,10.699904723000145],[98.894695581,10.69974536799998],[98.89449042600017,10.69960612900013],[98.89411060100014,10.699328280000145],[98.89387629300012,10.699176832000035],[98.89386385400002,10.699171663000016],[98.8936228140002,10.699071486000037],[98.89304850900015,10.698931027000015],[98.89294134400012,10.698904818000074],[98.892435746,10.698776967000072],[98.89223207700013,10.698683913000025],[98.89216621700018,10.69863429600008],[98.8920667980002,10.698521553999967],[98.8919625170002,10.69837247400011],[98.89147864900013,10.697638137000183],[98.89112376300005,10.69727624800015],[98.890177376,10.696307661000048],[98.89000772200018,10.696148152999967],[98.88993566400012,10.696021951000034],[98.8898977990001,10.695903233000138],[98.88991273300007,10.695748754000078],[98.88998480300017,10.695567508000181],[98.89006501400013,10.695365791000086],[98.89037651700005,10.694825733000187],[98.89054377400015,10.69457344500006],[98.89092054100013,10.693935169000042],[98.89115740400013,10.693413879000047],[98.89135124300009,10.692881939000074],[98.89135366300007,10.692865087000143],[98.89152380100012,10.691679663000116],[98.89157340000008,10.691171441000165],[98.89168235600005,10.690418948000172],[98.89168559600012,10.690317519000189],[98.89171152100005,10.689506160000121],[98.89169760900012,10.688807077000092],[98.8917710880001,10.688618323000128],[98.89203550100018,10.688255384],[98.89241737900016,10.6878634360001],[98.89274048900006,10.68757311100012],[98.89275740800014,10.68755653800008],[98.89408698300014,10.686254197000096],[98.8941895210001,10.686092018000068],[98.8942556500001,10.685904173000097],[98.89426441700004,10.685698553000123],[98.89425353100006,10.68533914000011],[98.89420248700009,10.684618733000093],[98.8941987390001,10.684565855000187],[98.89418586100015,10.684147204000112],[98.89417801200011,10.683892232000119],[98.89417696100008,10.683857927000076],[98.894133081,10.683367813000189],[98.89406716700006,10.682932152000092],[98.89394850900004,10.68251552400011],[98.89391244200016,10.682175480000012],[98.8939449360002,10.681951065000021],[98.89396119500003,10.68180679500017],[98.89413954000014,10.681630521000159],[98.89433404200003,10.68159852499997],[98.89449127900019,10.681618016000073],[98.89450254100007,10.681619408000188],[98.89462556000018,10.681640700000173],[98.89515406200002,10.681771567000112],[98.8956275000001,10.681945986000017],[98.89593575200007,10.682142129],[98.89675185900018,10.682621316000166],[98.89751558900014,10.683069751],[98.89785412500004,10.683290409000165],[98.89810181500013,10.683478361000084],[98.89821073800016,10.68359360300002],[98.89834123800011,10.68373165800017],[98.89845561599998,10.68387721400012],[98.89851459200008,10.683952254000133],[98.898739304,10.684384037000086],[98.89897071700005,10.684776694000107],[98.89926108100013,10.68505342900005],[98.89951923700016,10.685159914000053],[98.899745155,10.685159987000134],[98.90024005200002,10.685053743000026],[98.90055203700018,10.685053843000048],[98.90058471900005,10.685059736000085],[98.9006703600001,10.685075167000036],[98.90091970400016,10.685121907],[98.90116224700006,10.685219447000065],[98.90141254700012,10.685405248999984],[98.90202555000013,10.686022567000123],[98.90215001300004,10.686221569000054],[98.9024448990001,10.686693035000133],[98.90255800800014,10.686914344000058],[98.90268138100015,10.687288955999975],[98.90276831800014,10.687619740000173],[98.90287817600017,10.688037731],[98.90288554100016,10.688065751000067],[98.90295281000016,10.688243352000086],[98.90339090300006,10.688906478000035],[98.90347634700004,10.689072814000156],[98.90367182200009,10.68945333],[98.90404661400004,10.690566550000085],[98.90440136500018,10.691417862000037],[98.90479959400017,10.691910494000126],[98.90528328500011,10.692226790000177],[98.9058521390001,10.692446310000037],[98.90591794400018,10.69247170500006],[98.90594736000008,10.692474707000144],[98.90664947200008,10.692546407000066],[98.90764999600009,10.6924934970001],[98.90822011800003,10.692362923000132],[98.9083923660001,10.692323478000162],[98.90850968800004,10.692264087000126],[98.90883351000014,10.692100167000092],[98.90909701600009,10.691906493000033],[98.90925316700014,10.69179171900015],[98.90944170600005,10.69152791900018],[98.90951481200005,10.691425629000037],[98.90982606600005,10.690564492000135],[98.91003712200012,10.689378282],[98.9100642250001,10.6890453150001],[98.91003705000008,10.688773054000023],[98.91011504200014,10.687663586999975],[98.9103089580002,10.686716668000088],[98.91035335200013,10.686612152000123],[98.9106749820001,10.685854919000064],[98.91072887500002,10.685512926000115],[98.91072906700003,10.684854757000096],[98.91072907000017,10.684844124000051],[98.91070380600019,10.684663851000096],[98.91069665200013,10.684609760000171],[98.91067230100015,10.68442568200004],[98.91067096300003,10.684415612000123],[98.91061737200016,10.684209223000153],[98.91061092300004,10.684184393000066],[98.9103636100001,10.683790636000083],[98.91010135200008,10.683590414000037],[98.91009416500009,10.683585827000115],[98.90981507100008,10.683407435000106],[98.90916971200011,10.683024194000097],[98.90914536800005,10.683003759000087],[98.9089183480001,10.682813120000048],[98.90876316000003,10.682642789000056],[98.90840619300008,10.682066357000167],[98.90822911200007,10.68154040900015],[98.90818984300012,10.681137826000167],[98.90821935200017,10.680673145000128],[98.90829164000007,10.67882421400003],[98.9081597550001,10.677963786000078],[98.90818186700017,10.67769151200008],[98.90824796800001,10.677560832000097],[98.90832610000012,10.677475023000056],[98.90840820800014,10.677449099],[98.9085783490001,10.67744113100008],[98.90903024099998,10.67757537100016],[98.90929362500015,10.677719870000146],[98.90939873200006,10.677793373999975],[98.91143528900005,10.679217517000154],[98.91184448900015,10.679425491000131],[98.91189247900002,10.67944988100004],[98.91224743999999,10.679567018],[98.91258562500019,10.679650745000117],[98.91286594900009,10.679673653000066],[98.91338772300014,10.67971629800013],[98.91365881899998,10.679692914000157],[98.91424835800018,10.67964206300013],[98.91443661600016,10.67961256100017],[98.91460517500013,10.679575557000135],[98.91499069500009,10.679440096000178],[98.91505796900015,10.679414774000065],[98.91564037500018,10.679195513000082],[98.91574626800013,10.679187877000174],[98.91578682800014,10.67918495400005],[98.91599123700007,10.67918500900015],[98.91606902900008,10.679201060000139],[98.9162330010002,10.679253613000128],[98.9171635890001,10.680047169000034],[98.91751854700016,10.68021750400004],[98.91768863200008,10.680284850000078],[98.91795472100017,10.680334055000174],[98.91814246500007,10.680345355000043],[98.91876640200007,10.680366795000054],[98.91921360300006,10.68034848800005],[98.91954097300015,10.680335077000052],[98.92069207900016,10.680228967000176],[98.9218647400001,10.679941977000055],[98.92220443200017,10.679825371000163],[98.92288681700006,10.679591109000171],[98.92295150100006,10.679563586000086],[98.92328995000008,10.679419544999973],[98.923593944,10.679290182000045],[98.9237079290001,10.679225080000151],[98.92381865700003,10.67916183400007],[98.9239299300001,10.679057624000166],[98.92398852000014,10.678941812000176],[98.92400670000006,10.678874446000123],[98.92404190600013,10.678743993000069],[98.92404192500004,10.678664405000063],[98.924049062,10.67829483200012],[98.92405051100008,10.678219740000088],[98.92407603500004,10.67809995500005],[98.92412666600006,10.67802488700005],[98.92418031400007,10.678005],[98.92419954100012,10.67799787700011],[98.92425512200003,10.677986893000138],[98.92426849000003,10.67798883900008],[98.9243561770001,10.678001624],[98.92484809900014,10.678139719000171],[98.9248775850001,10.678140238000083],[98.92494120500004,10.678119269000035],[98.92501115600004,10.67806395100007],[98.92502766700005,10.678032990000133],[98.92503455400004,10.677951496000105],[98.92501791700016,10.677585424000029],[98.92500847600019,10.67737770499997],[98.92497395200019,10.676618277000046],[98.92499313300004,10.67636709300001],[98.92500213599999,10.676249089],[98.92507558700015,10.676052828000024],[98.92510284000019,10.675979987000176],[98.9251603310002,10.675826364000159],[98.92533607300004,10.67550788200009],[98.92551177900015,10.675299439000128],[98.9255224960001,10.675292286000172],[98.92562715100013,10.675222518999988],[98.92562741000006,10.675222346000055],[98.92562766800006,10.675222174000055],[98.92576359200012,10.675131553000142],[98.92641946300012,10.674772642000164],[98.92672476500019,10.674584411000126],[98.92687491300018,10.674491842],[98.92703080600018,10.674384718000056],[98.92767647900001,10.67394102100019],[98.9279941640001,10.673765518000152],[98.92817571800003,10.6736652190001],[98.92883644600016,10.673389469000028],[98.92912986500005,10.673275980000142],[98.92917415900013,10.673258847000056],[98.92937388300015,10.673165940000104],[98.92948785100015,10.67308425200008],[98.92949421100013,10.673079696000059],[98.92960648000013,10.672977690000153],[98.92960827500019,10.672974361000172],[98.92962008500007,10.672952461000136],[98.92968125099998,10.672839093000164],[98.92970019300014,10.672714934000112],[98.92970294700018,10.672696902000041],[98.92971778100019,10.67148735800015],[98.92970556100005,10.671347947000072],[98.92973069300018,10.670744526000135],[98.92970337700007,10.670544198000073],[98.9296972030001,10.670492235000154],[98.92967268299998,10.670414780000044],[98.92967018500013,10.67040691200009],[98.92960807200006,10.670320852999964],[98.92959275000004,10.670308061000185],[98.9294637280002,10.670200330000057],[98.92920221300017,10.67003287600005],[98.9289124180001,10.669903814],[98.92863676500008,10.669749620000061],[98.92846300500008,10.669565820000116],[98.92834918000017,10.669370167000181],[98.92831326100014,10.6691982480001],[98.9282893580002,10.668925565000166],[98.9282945770002,10.668881733000092],[98.92831337200005,10.668724020000127],[98.92836264200008,10.66862505600011],[98.9283673450002,10.668599542000095],[98.92852324100011,10.668261693000147],[98.9285964460002,10.668155484000124],[98.92883861200016,10.66780414100009],[98.92908605300016,10.66751120500004],[98.92908740100006,10.667508327000178],[98.9291842610001,10.667338920000077],[98.92925466800017,10.667153336000183],[98.929263972,10.666961043000185],[98.92926671000009,10.666904367000086],[98.92918287300017,10.666631661999986],[98.92908157500011,10.666414092000139],[98.92905464700004,10.66635625300006],[98.92895795400011,10.666148567000107],[98.92867611500014,10.66554321500007],[98.92863270200019,10.665380134000031],[98.9283876830001,10.664671665000128],[98.92820176900017,10.664134101000059],[98.92798132500002,10.663739727000063],[98.9278757460001,10.66361580500012],[98.92778169900004,10.663558186999978],[98.92747344500009,10.663354815000048],[98.92719454100012,10.663195023000128],[98.92705511200006,10.662989869000057],[98.92696709700016,10.662728468000182],[98.92696715700015,10.662477969000122],[98.92694517100011,10.662292815000114],[98.92685712400004,10.66212942400017],[98.92676906700012,10.662009601000136],[98.92658194700005,10.661769958000093],[98.92635079300015,10.661454062000075],[98.92615442000016,10.661151750000101],[98.92615267200017,10.66114905700016],[98.92541266100011,10.659097971000051],[98.925059165,10.657482276000053],[98.92500600900007,10.65700803500016],[98.92500607800014,10.656723496000154],[98.92500613800019,10.656481112],[98.92503944800006,10.656242652000174],[98.92515249100012,10.655954499000018],[98.92524831500003,10.655784264999966],[98.92579638600017,10.655194877000099],[98.92580551000003,10.655185059000132],[98.92662606500016,10.654394866000075],[98.92692449500015,10.653889086000106],[98.92697802600009,10.653696396000157],[98.92707378300008,10.653351654000062],[98.92708178500004,10.653233304000025],[98.92709836300014,10.652988222000033],[98.92710593400017,10.652876249000087],[98.92716194500008,10.650999925000065],[98.92724608700013,10.650035060000107],[98.9272626130001,10.649930278000113],[98.92736773600018,10.649611891000177],[98.92750124500009,10.649301486000127],[98.92763475700013,10.649039959000106],[98.92771738500005,10.648933127000134],[98.92780002300015,10.648807437000016],[98.9279271320001,10.648706893000053],[98.92803517500005,10.648618921999969],[98.92816863600018,10.648574950000068],[98.92824489100019,10.648562400000117],[98.92835927000016,10.648556136000138],[98.9284157900002,10.648561474000019],[98.92849271000017,10.648568736000072],[98.92939942100014,10.649381922000032],[98.92976579000015,10.649617285999966],[98.93018182200012,10.649744589000136],[98.9306508190001,10.649804551000102],[98.93112538400004,10.64978536600006],[98.93120304100017,10.649782222000113],[98.93185362900016,10.649690437000118],[98.93199736200006,10.64967016200012],[98.93258740600004,10.649692732],[98.93289690900014,10.649764985000047],[98.9335178120001,10.649909931000138],[98.93362042500013,10.649913397000091],[98.93396413200009,10.649924996000038],[98.9342781580001,10.649898431000054],[98.93431909200012,10.649885925000092],[98.93448107000006,10.649836438000023],[98.93455794800019,10.649805569000023],[98.935227936,10.649428244000148],[98.93522824900015,10.649428120000152],[98.93584612000018,10.64921432900013],[98.93603828300019,10.64914784500013],[98.93636690000011,10.648991253000133],[98.93700999900011,10.648569194000117],[98.9372352060002,10.64847023800013],[98.93734540400004,10.648434587999986],[98.93743180600012,10.648406633000093],[98.93756763600015,10.648388986000157],[98.93758314600018,10.648389517999988],[98.9376712900002,10.648392540000089],[98.9377677940002,10.648392560000104],[98.93784642700007,10.648413792000042],[98.93785873700017,10.64842074500001],[98.9378619060002,10.64842253800009],[98.93792148100005,10.64845622700011],[98.93796078800017,10.648498664000158],[98.93800009100016,10.648555243000146],[98.938022225,10.648985289],[98.9380250210001,10.649039643000094],[98.93803559900005,10.649750304000179],[98.93804273400019,10.64983516600006],[98.93805343500014,10.64990587900013],[98.93807129900017,10.64995892100012],[98.93810345900016,10.65000842100011],[98.93811144500012,10.65001406700003],[98.93815349200014,10.65004379600009],[98.93821782700002,10.650075621000155],[98.93829646100016,10.650086245000182],[98.93831197100019,10.650085658000023],[98.938389395,10.650082730000122],[98.93850377700005,10.650072146000127],[98.938746842,10.650012090000132],[98.93923299700003,10.649821257000099],[98.94005604300008,10.649424268000189],[98.94006709800004,10.649418943],[98.94007164200002,10.649416472000098],[98.94045442300018,10.649208933000068],[98.940677849,10.649020497000095],[98.94075795900005,10.648911154000189],[98.94075823700007,10.648910729000079],[98.94173286400019,10.64745263600014],[98.94197497000016,10.647130949000086],[98.94200404800006,10.647092313000087],[98.94203655400008,10.647059120000051],[98.94221702400012,10.64687487000009],[98.94243082300011,10.646693432000177],[98.94252035400012,10.646638548000112],[98.94279837500017,10.646482781000088],[98.94303585600017,10.646370070999978],[98.94414120500005,10.645845485000109],[98.94513123500008,10.645512435000057],[98.94566826300007,10.64533177700008],[98.94568810300012,10.64532510500004],[98.94679398100016,10.6449015500001],[98.94698173100005,10.644806283000094],[98.94709073500019,10.644750975000136],[98.94729312300007,10.644644739000057],[98.94761965400016,10.644402577999983],[98.94775069200017,10.644305394000128],[98.9478496370001,10.644224329999986],[98.94797608300007,10.644120732000147],[98.94820212800005,10.64389290500003],[98.9483093460002,10.643784833000154],[98.94839865900008,10.643620824000152],[98.94845976900012,10.643508596000117],[98.94851994600003,10.643270684000129],[98.94852328300004,10.643257506000111],[98.94854020200012,10.643057025000132],[98.94853968100017,10.643038584000124],[98.94847863000018,10.64089220600016],[98.94847709200008,10.640838092000138],[98.94845254900008,10.640730290000079],[98.9483592970002,10.64047018500014],[98.94833717800003,10.640437359000089],[98.94826678300018,10.640332870000066],[98.94820558600014,10.640282685000102],[98.94790497300005,10.640085544000044],[98.94784858600013,10.640041505000056],[98.94782890500016,10.6400177000001],[98.94782188000005,10.640009202000101],[98.94780408200018,10.639965159000099],[98.94779639700016,10.639909332],[98.94780968800006,10.639812117000076],[98.94781004700019,10.639809555],[98.94781430100005,10.639797686],[98.94782092600013,10.639779218000115],[98.94790803100017,10.639536530999976],[98.94808712000014,10.639065574000028],[98.94812181700007,10.638961127000186],[98.94820842500013,10.638747987000102],[98.94826136700004,10.638617657000168],[98.94854638200013,10.638100983000072],[98.94855543800014,10.63809003200015],[98.94859981100018,10.638036403000058],[98.94867105100002,10.638004114000125],[98.94872744100007,10.63800999600005],[98.9487927300001,10.638042306000102],[98.94882345100001,10.638057502000095],[98.94894729400005,10.638101711000104],[98.94901594800007,10.638092175000054],[98.94904796500015,10.638083445],[98.94911919700019,10.638042359000167],[98.94925574799998,10.637886775000084],[98.94925750800013,10.637884154000119],[98.94937680500016,10.63770608600015],[98.94947183900001,10.63761485000009],[98.94955259800008,10.6375638720001],[98.94958311400012,10.637549790000037],[98.94964344300018,10.63752195100011],[98.94981011700014,10.637492],[98.95014089600005,10.637466889000166],[98.95050884900002,10.637473944000135],[98.95067702900008,10.637460927],[98.95075166100008,10.637434883000026],[98.95082883600014,10.637376178000011],[98.95087571400012,10.637311798000042],[98.95088226900003,10.637302789999978],[98.95090602500005,10.637205905000087],[98.9509057680001,10.63720167300005],[98.9509001040002,10.637109022000118],[98.95086171200018,10.636995018000107],[98.95085295600018,10.636977],[98.95084313700016,10.63696563000019],[98.95073991700013,10.63677269100009],[98.9505728200001,10.636435838000011],[98.95046142700005,10.636160238000173],[98.9503376580002,10.635896885000136],[98.95021389800007,10.635517177000168],[98.95012727300008,10.635210959],[98.95013351600016,10.634910874000184],[98.95013354600019,10.634722686000032],[98.95013359100005,10.634445442000185],[98.95011506700013,10.63415760600003],[98.95008413900007,10.633998381000083],[98.94994179700018,10.633704395000052],[98.94974374900016,10.633361417000117],[98.94964223900013,10.633213124],[98.94961554200012,10.633159145999969],[98.9494157360001,10.63275508400011],[98.94935685000019,10.632623191000164],[98.94912128200008,10.631966466000051],[98.949019706,10.631683305000024],[98.94890403800002,10.63120965800016],[98.94888360500005,10.631125987000075],[98.94885269100013,10.63088714000014],[98.94885269700012,10.630853276000153],[98.94885274400008,10.63056869400009],[98.948896129,10.630280865000145],[98.94902609400003,10.629879331000154],[98.94917904800008,10.62955606700001],[98.94922713700004,10.629476320000094],[98.94925138200017,10.629404368],[98.94926105200011,10.629342242],[98.94926107800012,10.629184216000112],[98.94926107800012,10.62918361200002],[98.94924416000009,10.62902376000011],[98.94919609000004,10.62891501700011],[98.94916858100015,10.628862770000126],[98.94897689800001,10.628498772000057],[98.94891503100013,10.628290541000126],[98.94889697200017,10.628063788000134],[98.94889698000014,10.628018],[98.94889703600018,10.627682773000117],[98.9488631750001,10.627491399000064],[98.94884692100004,10.627419486000065],[98.94867541800011,10.627094173000103],[98.94855631100012,10.626894784],[98.94836293300011,10.62664729100004],[98.94770002900015,10.625704278000114],[98.94753500200011,10.62536674200004],[98.94741401100015,10.624974783000027],[98.94735905300018,10.624593723000146],[98.94728095100015,10.623548237000136],[98.94727147400016,10.623421485000165],[98.94724114000013,10.623292058000175],[98.94721782100004,10.623224658000083],[98.94714697500007,10.62308216200006],[98.94706122700006,10.622950151000055],[98.94695640100008,10.622841709000113],[98.94656568,10.622577645000149],[98.94651327600013,10.622502201000088],[98.94643543400008,10.622389850000161],[98.94637512500015,10.622275896000133],[98.94632252300005,10.622121648000132],[98.94627739500004,10.621786402000112],[98.94626619500019,10.621250029000066],[98.94625496700013,10.620870091000086],[98.94619896300014,10.619694923000168],[98.94626683600018,10.619116659000099],[98.94633343100008,10.618736708000029],[98.94636544500003,10.618297610000127],[98.946310444,10.618016939000086],[98.94625011400018,10.617834383000059],[98.94615696200015,10.617608084000096],[98.94610978500003,10.617525440000179],[98.94604554000011,10.61741730700004],[98.9455159850001,10.616762894000146],[98.94531993500004,10.616271294000171],[98.94526950600005,10.616144842000153],[98.94507156100013,10.615317375000188],[98.94497267399998,10.6144246020001],[98.945016893,10.613281444000052],[98.94505129800012,10.612904710000123],[98.94508305300019,10.612556963000031],[98.94512581200007,10.612088754000126],[98.94512982600003,10.612048277000042],[98.94514007300012,10.612004153000157],[98.94518223700004,10.611822579000034],[98.94533635400006,10.611550422000164],[98.94555649900008,10.61127828500014],[98.94602821500001,10.611030162000077],[98.94640395200014,10.610908252000115],[98.9464281650001,10.610903866000115],[98.94706428000006,10.610788607000075],[98.9477353910001,10.610846228000185],[98.94782453300019,10.610853880000093],[98.94845088300013,10.610941265000122],[98.94874849700005,10.61100265500005],[98.94943756500004,10.611144787000057],[98.949514583,10.611170573000095],[98.94976059700014,10.611275963000082],[98.95012356600006,10.611431461000166],[98.9502402350002,10.611497130000032],[98.95078735200008,10.611805117000188],[98.9513230170001,10.612106654000172],[98.95199427900019,10.612400722000189],[98.95257756600006,10.612558190000072],[98.952599535,10.612564121000105],[98.9530837430001,10.61262951800012],[98.95322172500016,10.612629538000078],[98.95345382500017,10.612661244000037],[98.95368791900017,10.612748127000032],[98.95404051300005,10.613051541000118],[98.95419938200013,10.613188242000149],[98.95500923400016,10.613818493000167],[98.95504324500007,10.613844953000012],[98.95533001000007,10.614074483000024],[98.95544082700007,10.614163181000094],[98.95560035700015,10.61429086600009],[98.95578743100015,10.6144848080001],[98.95628853700003,10.615004301000056],[98.95668827300011,10.615324517000033],[98.95711593400006,10.615667108000082],[98.95725102500012,10.615775330000133],[98.95732085300006,10.615831256000149],[98.95789437200017,10.61617179100017],[98.95792725100011,10.616185962000031],[98.95815660600016,10.616284807000113],[98.95858698000006,10.616400329999976],[98.95891736600004,10.616475799000114],[98.95899538600014,10.616483812000126],[98.95903827500018,10.616481167000188],[98.9590918790002,10.61647586600003],[98.95917229500009,10.616457313000183],[98.95922590999999,10.616433462999964],[98.95928488600009,10.616396338000186],[98.95933314600018,10.61635657300019],[98.95936263300001,10.616319446000034],[98.95938658200015,10.61627009600005],[98.95948838400005,10.615830801000016],[98.95951416200006,10.615737738000064],[98.95955035500009,10.615670529000113],[98.95961215600016,10.615587524000034],[98.95971660000009,10.615417393000087],[98.95973735600006,10.615357900000049],[98.95974540700007,10.615310172000022],[98.9597500980002,10.615205327000126],[98.95974244300004,10.614948326000103],[98.95972239700012,10.614774592000117],[98.95970394400013,10.614636294000036],[98.95969055100016,10.61457795500013],[98.95967715400002,10.61453552200004],[98.95964231900007,10.614455968000073],[98.95959676400014,10.614376408000055],[98.95952760900019,10.61429685600001],[98.95937515500003,10.614104072999965],[98.95931357200016,10.61402530700002],[98.95929451799998,10.613968734000082],[98.9592849890002,10.613921594999965],[98.95928499700017,10.613860299000066],[98.959298946,10.61377721700012],[98.95953712600016,10.613155031000133],[98.95980268100004,10.612764820000109],[98.9600804050001,10.612384496000061],[98.96020088300014,10.6121829760001],[98.96025996200012,10.612018659000114],[98.96027449300016,10.61197823700013],[98.96042373500006,10.611535475999972],[98.96047352500011,10.611111146000042],[98.96047795400005,10.610759995000024],[98.96048582900005,10.610134988000084],[98.96057564500006,10.609760045000087],[98.96060978100019,10.609653725000157],[98.96071524900003,10.60932518800007],[98.96079327300009,10.60916245300001],[98.96109051000008,10.608542457000055],[98.96126957600018,10.608247288000086],[98.9614209560001,10.608092725000176],[98.9614782330001,10.608034253000085],[98.96161704700006,10.607975253],[98.96162938800012,10.607971439000039],[98.96188993700008,10.607948047000093],[98.96209015900013,10.607930063000026],[98.96219246500004,10.607911996000041],[98.96231676100001,10.60787237000011],[98.9624015300002,10.607797200000107],[98.96241550400015,10.607784811000101],[98.96249299500005,10.607716097000093],[98.96270870400002,10.607507822000173],[98.96280633100002,10.607413566],[98.96283466200015,10.607378118999975],[98.96299990300008,10.60717142700014],[98.96305180500008,10.60712539900004],[98.96314385500006,10.607016659000124],[98.96318683300007,10.606852745000026],[98.96317014400006,10.606588173000034],[98.96316449400013,10.606498515000055],[98.96316667000008,10.60644480700006],[98.96317368000012,10.606272094000076],[98.96318761200007,10.606234195000013],[98.96321128400007,10.606195177000188],[98.96327336100012,10.606111907000013],[98.96333125400002,10.606055130000072],[98.96339861900003,10.606008097000142],[98.96345286600018,10.605980500999976],[98.96445672099998,10.605556492000176],[98.96459133100012,10.60547983400005],[98.96470928400004,10.605402954000112],[98.96480846400004,10.605302197000185],[98.96487011500011,10.60523060300011],[98.9649076570002,10.605145746000119],[98.96491838600008,10.605090068000152],[98.96492644700015,10.604933613000071],[98.96492645800004,10.604840804000105],[98.96490502800003,10.604710864000026],[98.96488538600005,10.604575180000154],[98.96484299800005,10.604329869000026],[98.964827522,10.604294616000061],[98.96475364100007,10.604026486000066],[98.96445536600015,10.603133502000048],[98.96417197400012,10.60256522900005],[98.96379909200004,10.601834590000067],[98.96373166300003,10.601702691000071],[98.96359594100016,10.60143717700015],[98.96316629100016,10.600812713000153],[98.96299800800017,10.600560222000126],[98.96289074300012,10.600292998000043],[98.96281452900018,10.600072996000165],[98.96278278100004,10.599940995000168],[98.96271080900016,10.59963403800009],[98.962651569,10.599173085000018],[98.96249915800013,10.598603165000156],[98.96227052100011,10.597924288000172],[98.96188767200016,10.596887979000144],[98.96183679300009,10.59668130800003],[98.96182965700007,10.596568165000178],[98.96182609300013,10.596497453000154],[98.96182967600015,10.59641259500006],[98.96184755800004,10.596320670000182],[98.96187225100005,10.596254737000152],[98.96205131300007,10.59591763300017],[98.9620656150002,10.595839848000026],[98.96205250200012,10.59561271800004],[98.96178167000011,10.59361616800004],[98.9617453370002,10.593467438],[98.96168694100015,10.593351843000107],[98.96128482900008,10.592647649000128],[98.96124896900017,10.592563748000032],[98.9612453960001,10.592514241000117],[98.96125970000008,10.592415252000023],[98.96128486999999,10.592319874000111],[98.96154096700013,10.591589831000022],[98.96161633900016,10.59102366500008],[98.96162747200009,10.590957788000026],[98.96162445900012,10.590911549],[98.96161994600004,10.590877244000126],[98.96160939800006,10.590845915000102],[98.96121644900012,10.59000219100011],[98.96117358200001,10.589906726000095],[98.96114142900012,10.589818330000071],[98.96112714700018,10.589744075000056],[98.961116441,10.589630932000034],[98.96110078600003,10.589174222000054],[98.9611379230002,10.588669860000095],[98.96113792800008,10.588636528000166],[98.96113817900005,10.588632825000104],[98.96112984300004,10.58852548700014],[98.96107483500015,10.588384570000073],[98.96106838400004,10.588368027000058],[98.96105005800013,10.588351303000081],[98.96097793500013,10.588285406000068],[98.96069615100004,10.588068522000071],[98.96053961200016,10.587948030000064],[98.96035871800012,10.587837859000047],[98.96021957400018,10.587672619000102],[98.96014305300014,10.587521154000058],[98.96008045500008,10.587307739000096],[98.96002698300009,10.586766243000056],[98.9601558490001,10.58514180200001],[98.96015575100012,10.585137148000172],[98.96012947900005,10.584863839000036],[98.96010166200017,10.584733038000138],[98.95997484700007,10.584563608000167],[98.95986511800015,10.584478285000102],[98.95973042399999,10.584358149000082],[98.95970089300016,10.584324317000153],[98.95940728200009,10.58404491400006],[98.9590571920001,10.583709634000172],[98.95848127900013,10.583027918000084],[98.95817637600004,10.582703810999988],[98.95793924000014,10.582368551000172],[98.95770211200005,10.581999753],[98.9575666200002,10.581731553000054],[98.95691180300014,10.57986532100017],[98.9566633980001,10.579395958000134],[98.95662645600004,10.579337994000127],[98.95661106200004,10.579313852000098],[98.95654548500016,10.579258217000188],[98.95644883500017,10.579194789000098],[98.95634537900014,10.579137982000134],[98.9561980740001,10.579093662000162],[98.95601928000008,10.579082736000146],[98.95544767700011,10.579132762000029],[98.95525165900006,10.579149922000056],[98.95506962000019,10.579166084000121],[98.95490315100017,10.57916192700003],[98.95468213600009,10.579128536000042],[98.95428787100008,10.579009755000072],[98.95420205300007,10.578983901000072],[98.95416977600019,10.57896923400017],[98.9538683180001,10.578832274000035],[98.95373255300012,10.578752639000129],[98.95364546100006,10.578701568000042],[98.95359504700014,10.57865775199997],[98.95335407300007,10.578448346000073],[98.95330917900009,10.578400946000045],[98.95293652300018,10.57802096200004],[98.95247004700013,10.577528906],[98.95215934800007,10.577295069000115],[98.95169974200007,10.576845357000025],[98.95133900700017,10.576419430000044],[98.9510225790001,10.576031092999983],[98.95099624700003,10.576016331],[98.95047385600009,10.575598306000131],[98.95021622100018,10.57520422400006],[98.9500628130001,10.574886068000012],[98.9496936270001,10.574348706000137],[98.94962898100005,10.574291252000023],[98.9493414750001,10.574035723000122],[98.94904204900018,10.573854284999982],[98.94898397800006,10.573820671000078],[98.94894431199998,10.573800534999975],[98.9478409670001,10.573183702000051],[98.94777144400013,10.57314484],[98.94720224899999,10.572939173000123],[98.94661821400007,10.572728142000187],[98.94630432500014,10.572578762000092],[98.94583955300004,10.572299238000028],[98.94418107000007,10.571046019000164],[98.94402585800003,10.570933250000166],[98.94367014500017,10.570706902000097],[98.943337881,10.570549220000032],[98.94306880000005,10.570430228000134],[98.94283164100005,10.570371522000073],[98.9424745730002,10.570290810000131],[98.94144692700007,10.570181118000107],[98.94135107600005,10.57016765600008],[98.94128926300016,10.570152727000163],[98.94123679400019,10.570138223000015],[98.9411867660001,10.570112435],[98.94115963100006,10.570091539999964],[98.94113881200008,10.570067203000178],[98.94111737800006,10.570028303000186],[98.94109951900009,10.569964662000132],[98.9410923800001,10.569911624000042],[98.94109953800017,10.569862127000079],[98.94159700200015,10.568950236000035],[98.94186441900013,10.56831168400015],[98.94199966800005,10.568012489000182],[98.942375094,10.566506637000089],[98.94253571400014,10.566052828000124],[98.94262068500018,10.565812764000157],[98.94297149200014,10.564957007000146],[98.94304893200018,10.56479577100015],[98.94341401200018,10.564035659000126],[98.94341583600016,10.564031860000057],[98.94341817300011,10.56402894700011],[98.94373149900008,10.563638703000152],[98.94379905300013,10.563550118000023],[98.94417478200006,10.563057502999982],[98.9442977450002,10.562840322000056],[98.94459609000012,10.562313406000158],[98.94473856800016,10.561900777000062],[98.94477933200017,10.56150825900005],[98.94482010900009,10.560994970000138],[98.94477453100006,10.560352951000027],[98.94472300800015,10.560150296000074],[98.94467045900012,10.56000289400015],[98.94459723300014,10.559877136000011],[98.94380009300005,10.558907290000093],[98.94375737500008,10.558790059000046],[98.94373810200017,10.558737185000098],[98.94372858899999,10.558680613000035],[98.943719074,10.558572185000173],[98.94372862800009,10.558468471000083],[98.94378583000002,10.558312907000186],[98.94390231800008,10.558113329000037],[98.944441589,10.557404076000068],[98.94478449100018,10.556904573],[98.94491791600012,10.55674430800019],[98.9450894680001,10.556588767000164],[98.94524671200014,10.556480369999974],[98.94629179900016,10.555888908999975],[98.94639228400007,10.55580932900017],[98.94671356900005,10.555531263999967],[98.9469545460002,10.555233313000087],[98.94704557900019,10.555065947000116],[98.9470796600001,10.555003285999987],[98.94715538300005,10.554816171000084],[98.94736173300004,10.554018577000136],[98.94737637300005,10.553961975000107],[98.94746948300008,10.553788125999972],[98.94757720100012,10.553644151000071],[98.94774904800005,10.553478080000104],[98.9480301910001,10.553282659],[98.94818012000019,10.553209738000078],[98.94829488099998,10.55316048100019],[98.94843305300009,10.553118073000064],[98.95048850400002,10.552691059999972],[98.95063931099997,10.552632817000074],[98.95078177000016,10.55257779700014],[98.95115108400017,10.552373315000068],[98.95173338800004,10.551916486000039],[98.95237593900015,10.551280879000103],[98.95400239400016,10.549652126000069],[98.95406162699999,10.549578536000013],[98.9541349070002,10.549487493000072],[98.95418150600005,10.549393569000074],[98.95424293700012,10.5491920770001],[98.95426060000005,10.549069515000099],[98.95422842900012,10.548788264],[98.95413513100004,10.547972642000047],[98.95414784900004,10.547916071999964],[98.9541669150002,10.547859512000116],[98.95419382500012,10.547815135000064],[98.95420502900015,10.547796660000017],[98.95426856600017,10.547733809000079],[98.95438874200016,10.547632537000027],[98.95660071000003,10.546789541000123],[98.95726704200013,10.546454395000069],[98.95760586600005,10.546219775000054],[98.95811651500014,10.545766684000114],[98.95821447200018,10.545679769000117],[98.95850348800008,10.545438243000035],[98.95902805100008,10.544999860000075],[98.96120488000014,10.5431806470001],[98.96187410099998,10.542621359],[98.96199376400006,10.542521357000112],[98.96221387000014,10.542331621000017],[98.96241716700018,10.542108155],[98.96269953500007,10.541717085000187],[98.96280121300015,10.541393030000108],[98.96282381900005,10.541191897000033],[98.96284340000017,10.541052330000127],[98.96282386200016,10.54083431100014],[98.96277548000006,10.54056396700014],[98.96260108900009,10.539589496000076],[98.95947996000007,10.538103334000027],[98.95464895000003,10.536476353000182],[98.95357119700009,10.535999412000024],[98.9531232990002,10.535721226000135],[98.95256250500012,10.53528409400019],[98.95228023800013,10.534966194000162],[98.95223129200019,10.534892136999986],[98.95212594100008,10.534732749000113],[98.95163891300012,10.533555394000132],[98.9514787510002,10.533168213000181],[98.95107231800006,10.532542383000077],[98.95061442700006,10.532005927000114],[98.94830617100007,10.529462728999988],[98.94732271700019,10.528071965000038],[98.9470630630002,10.527637354000035],[98.946740719,10.526979242000152],[98.94569734200013,10.523939594000183],[98.94495485100003,10.52237006300004],[98.94485203100004,10.52201556200015],[98.94479436199998,10.521734323000032],[98.94473425600017,10.521098608000102],[98.94472869300017,10.520820920000062],[98.94480178300017,10.519702794000068],[98.94503689599998,10.518152254000029],[98.94505248500013,10.517919076000112],[98.94504476000009,10.51769104200008],[98.94500173900019,10.517554496000173],[98.94499879400001,10.517549886000097],[98.9449318840002,10.5174451850001],[98.94486838800009,10.517359624],[98.94477383100019,10.51727754500007],[98.9446270480002,10.517188119000139],[98.94426297600006,10.517088038999987],[98.94336994000008,10.516866939000181],[98.94334458300006,10.516861743000106],[98.94310845600012,10.516792977000136],[98.94273485800011,10.516628584000102],[98.941936123,10.516164823],[98.94173299400018,10.516094587000055],[98.94156362700011,10.51606941800003],[98.94141964900012,10.516069391000087],[98.94112322600017,10.516136383000116],[98.94061912000006,10.516287780000141],[98.94019994900009,10.516413668000098],[98.94005773500004,10.516429283000036],[98.93982954100017,10.516417944000068],[98.93961611000003,10.51634973400013],[98.93946752100004,10.516285876000154],[98.9392897030001,10.516166419000115],[98.93917538300002,10.516084682000042],[98.93904426100005,10.51595594400004],[98.93893407500013,10.515814349000152],[98.938873484,10.515674150000166],[98.93869291300007,10.515177466000125],[98.93865575100006,10.515038122000135],[98.93859290900019,10.514802487999987],[98.93849869400009,10.514592588000028],[98.9382077090001,10.51416047300006],[98.93769104300014,10.51370456400008],[98.93753837200006,10.513569849000078],[98.93727911700017,10.513503439999965],[98.93669432800004,10.513353652000035],[98.9358796620001,10.513283987000023],[98.93511180900009,10.513355064000166],[98.93414302600013,10.513444742000104],[98.93331208800015,10.51352165600008],[98.9320104900001,10.513551339000117],[98.9302245560001,10.513640820000148],[98.92889273300011,10.513460788000032],[98.92745130100008,10.51352711900006],[98.92664754200007,10.5135641010001],[98.92660876300016,10.513569577000055],[98.92652151900006,10.513581894000083],[98.92610765100011,10.513610238000126],[98.92604282000013,10.51361467400011],[98.92541044500013,10.513628429000107],[98.92482033200008,10.513543127000162],[98.92481537900011,10.513542412],[98.92480617600012,10.513538700000083],[98.92438317400013,10.513368031000084],[98.92406304600013,10.513114476000112],[98.92403190000005,10.51306248100019],[98.92387230400016,10.512796088000073],[98.92350296600011,10.512179609000157],[98.92315715300003,10.511526871000115],[98.92273629300018,10.511008657000048],[98.92257014500012,10.510875267000017],[98.92239869700018,10.510737634000122],[98.92107289400013,10.509846835000019],[98.92105416800018,10.509834254000168],[98.91914947400016,10.508439603000113],[98.91792938000009,10.507425922000039],[98.91786785600016,10.50734609799997],[98.91778227400005,10.507175198000027],[98.91771739800015,10.50698847600006],[98.91768922100005,10.506764506000025],[98.91771387800003,10.506267034000075],[98.91794381600005,10.504736391000165],[98.91791378900018,10.504440730000113],[98.91787619000013,10.504275425],[98.91780003100018,10.504057502000023],[98.91767306900016,10.503814423000051],[98.91741102700013,10.503460507000113],[98.91698250900004,10.502990327000077],[98.91690549500004,10.50290582800011],[98.91586695600017,10.501922192000109],[98.91485447600007,10.500975777],[98.91440021900007,10.500595762000103],[98.91434675500005,10.500551039000072],[98.91408806900017,10.500311187000136],[98.9139864870001,10.50016029600016],[98.91389528400009,10.49991024600007],[98.91355786000008,10.49889799000016],[98.91332883900003,10.49796967800006],[98.91331809800016,10.497926139000128],[98.91327581900009,10.497708220000106],[98.9131707320002,10.49729874999997],[98.91311841700002,10.49717345900001],[98.91299076300015,10.496970145999967],[98.91284845600018,10.49679872600018],[98.91202962000011,10.495812398000112],[98.91201948500009,10.495798528000023],[98.91188093900013,10.495558411000161],[98.91181320900006,10.495378752000136],[98.91178307700005,10.49525464900006],[98.91174925799999,10.495053492000011],[98.91173490500017,10.494811934000097],[98.91174855600013,10.494632050000178],[98.9119782680001,10.492403226000135],[98.911973939,10.492021105000049],[98.91194226100009,10.491757097000061],[98.91191689700008,10.49160623299997],[98.911847089,10.49139878800014],[98.91177093700009,10.491203916000188],[98.91125590000001,10.490319933000137],[98.91117391900008,10.490226391000022],[98.91115952200005,10.490212141000086],[98.9111010920002,10.49015427400002],[98.91089182200011,10.489982065000106],[98.91081608100018,10.489919740000175],[98.91036316300017,10.48968365800016],[98.91029304500006,10.489647108000156],[98.90979066300002,10.489333603999967],[98.9095262560001,10.489172127000018],[98.90948236700012,10.489145326000028],[98.90937775700019,10.489081438000085],[98.9093565730002,10.489076185000101],[98.90934852300006,10.489071319000061],[98.90924780500006,10.489038556000082],[98.9091448050001,10.489023722000127],[98.90888219300018,10.488985925000065],[98.9088243290002,10.488984521000134],[98.90839197900016,10.48897404700017],[98.90802869400017,10.488965242000063],[98.9072440130002,10.489005890000044],[98.90708021000006,10.48903638500019],[98.90675985600018,10.48912422400008],[98.90644940700014,10.489240727000038],[98.90640310000015,10.489276706000055],[98.90426445700001,10.488086436000174],[98.90336662500016,10.487749540000038],[98.90029204600006,10.486845317000075],[98.90010012500011,10.486778204000132],[98.89981800400011,10.486583425000049],[98.89951404800019,10.48624819500003],[98.89847488100008,10.48482773400002],[98.8982830220001,10.484576243999982],[98.89804599600006,10.484330328000055],[98.89785409900009,10.484196167000107],[98.89768476000017,10.484129067000026],[98.89569486,10.483835090000127],[98.89555174300017,10.483787823000057],[98.8953264320001,10.483744477000187],[98.89527257100013,10.483734113000025],[98.89504622800018,10.48362526],[98.89483292900019,10.483484427000178],[98.89454546200011,10.483122068000114],[98.89442790700008,10.482850336000183],[98.8943626530002,10.482539815000166],[98.8943497140001,10.482138733],[98.89435549500013,10.482044833000089],[98.89440229100012,10.481284852000158],[98.89440258500014,10.48041802300014],[98.89434964499998,10.479575136999983],[98.89432457200013,10.479175959000031],[98.8943189310001,10.479049956000154],[98.89425970400009,10.477726900000107],[98.8942662120001,10.477621224000075],[98.89428599700005,10.477299962000131],[98.8942929850001,10.477239588000145],[98.89430542700006,10.47713218400014],[98.89432159000006,10.476992574000121],[98.89449547400005,10.476329687000089],[98.89474407500012,10.475644073000183],[98.89483464200009,10.475438080000117],[98.8948542820001,10.47539341200013],[98.894874904,10.475309343],[98.89487492800004,10.475237883000148],[98.89487494200006,10.475198473000091],[98.8948157420001,10.475015986000187],[98.89475738700014,10.474932492],[98.8944699610002,10.4744536930001],[98.89445337500007,10.474418997000043],[98.89399971500018,10.47347026500006],[98.89374147200004,10.472992313000134],[98.89350329500013,10.472551509000084],[98.89330798000003,10.471891140000082],[98.89322906300004,10.47174927300017],[98.89308047700013,10.471611926000094],[98.89307283000016,10.471606969000106],[98.89299071900018,10.471565472000123],[98.89195963300011,10.471277146999967],[98.89178138700015,10.471186511000155],[98.8916498440002,10.471048798000027],[98.89150607400018,10.470870811000111],[98.89104129600008,10.470236122000074],[98.89094461000008,10.47010409100011],[98.89080071500018,10.469953184000133],[98.89059753500004,10.469810640000048],[98.89040218000014,10.469704515000103],[98.890378011,10.468858733000104],[98.89037593800009,10.46878616600003],[98.89035151900015,10.467931621000105],[98.89041145600004,10.467208053000093],[98.89039662300013,10.466957007000133],[98.89039665200005,10.466874010000083],[98.89022843600014,10.466607419000127],[98.88989436800006,10.466264724000155],[98.888724981,10.465520088000176],[98.888510237,10.46528374800016],[98.88836707900009,10.465082878000032],[98.88824784700017,10.464740256000141],[98.88802047100017,10.46353498000002],[98.88790638300014,10.463160988000027],[98.88782653600003,10.462985833000175],[98.88773228100013,10.462725104000185],[98.88761800999998,10.462543365000158],[98.88724336700017,10.462048587000083],[98.88712002200003,10.461885685000084],[98.88670613100015,10.46132784700012],[98.88670610800006,10.46132781800003],[98.88651737900017,10.4610734580001],[98.88648762100019,10.461033353000118],[98.88615201600004,10.46033988500011],[98.88612486099998,10.46028377500005],[98.88606475000012,10.460164668000061],[98.88560489600007,10.4592535270001],[98.88502606600014,10.458466226000041],[98.88483207400009,10.458293951000087],[98.88467872200016,10.458157763000031],[98.88454429000006,10.458038381999984],[98.8844246770002,10.45793216300018],[98.88430602000005,10.457814626000129],[98.88410325700005,10.457613784000046],[98.8839996010002,10.457428955000125],[98.88397890800019,10.45730574700002],[98.88397894700006,10.457203090000178],[98.88398844800008,10.45701643000018],[98.88409897800017,10.456834233000109],[98.8841490120002,10.456780251000112],[98.88443254000003,10.456617918000063],[98.88547699200012,10.456322949000082],[98.88692422500009,10.456161023],[98.88831171700014,10.456146752000166],[98.88873712400004,10.456078989000162],[98.88877423700018,10.456073075],[98.88896821700007,10.455984536000074],[98.88911746900015,10.455836921000184],[98.8891921300002,10.455659743000126],[98.88919223500011,10.455364400000065],[98.88913263400008,10.45514287300017],[98.88887913900015,10.454773602000046],[98.88796385800003,10.45365978100017],[98.88739095200003,10.452962586000126],[98.8870793970001,10.45246734300008],[98.88696179300013,10.452234331],[98.88693953000018,10.452159797000036],[98.88693301000018,10.452128809000158],[98.88692500500014,10.451936854000166],[98.886917,10.451785367000184],[98.88694076400009,10.451658226000063],[98.88701794400009,10.451406452000185],[98.88725771600019,10.451117411000155],[98.88734787000004,10.451008733000037],[98.88748564200006,10.450939438999967],[98.88854354900013,10.450407309000184],[98.88866638900015,10.450319321],[98.88878523900001,10.45023420200016],[98.88884232500016,10.450149510000074],[98.88909013700004,10.449295616000143],[98.8891030580001,10.449196168000071],[98.88929649000016,10.448622444000023],[98.88933709000014,10.448548813000059],[98.88948210300015,10.448285880000071],[98.889698592,10.448092140000028],[98.89000782700009,10.447898429000077],[98.89019329000007,10.44775305900015],[98.89050419000006,10.447418200000072],[98.89050844100012,10.447412550000138],[98.89069024700007,10.447170991000121],[98.8907333790001,10.447113687000183],[98.89127800500006,10.446581052000056],[98.8917069490002,10.446204445999967],[98.89201641400012,10.445932752999965],[98.89233458700005,10.445581421000043],[98.89239867400016,10.44544992200008],[98.89242778100015,10.44536747300009],[98.89246562500006,10.445260297000118],[98.89250349800011,10.445042010000066],[98.89248644500003,10.444809679000116],[98.89244339700019,10.444223135000072],[98.89228363200004,10.443415911000102],[98.89223532700004,10.443171813000163],[98.89217531400016,10.442259032000038],[98.89216620700017,10.442120529000022],[98.8922139440001,10.44183759300006],[98.89226566800016,10.441531075000114],[98.89227437800014,10.441505234000033],[98.89233166700018,10.441335301000095],[98.89242372700016,10.44119632100012],[98.89258536800014,10.441086050000138],[98.892690361,10.441064386000107],[98.89272353000018,10.441057533],[98.89282355100005,10.44105128700005],[98.89313079300007,10.441099411000096],[98.89314202600019,10.44110117100007],[98.89334221900015,10.441132523000022],[98.8935732710001,10.441201228000068],[98.894185484,10.441346881000129],[98.89420259600018,10.441350950000015],[98.89435072800018,10.441372569000123],[98.89448789200014,10.441392575],[98.89481518000008,10.441376069000057],[98.89492496200006,10.441368863000037],[98.8950669370002,10.441359538000029],[98.89509722600013,10.441344561000108],[98.89517922300007,10.441304010000067],[98.89523479500008,10.44127653400011],[98.89537749500016,10.44116028600007],[98.89552020000013,10.441019122000114],[98.89560417500007,10.440853021000123],[98.89568815000018,10.44068691200016],[98.89568821600017,10.440487557000097],[98.895679884,10.440296502000024],[98.89567963500008,10.44029355300006],[98.89565480300018,10.439997467000069],[98.89545424300007,10.439255060000164],[98.89526228200009,10.438544461999982],[98.89523068000017,10.43842751200009],[98.89507723100019,10.438123461000089],[98.89465838900014,10.437293585000134],[98.89463933300016,10.437199117000148],[98.89463934700018,10.437156996000112],[98.89463937200009,10.437081214000102],[98.89464934500012,10.436963322999986],[98.89467915500006,10.436855261000119],[98.8946824360001,10.436839020000093],[98.89479182900016,10.43660253500019],[98.89503599700015,10.43629198900004],[98.89542823800014,10.43589967100013],[98.89578983600006,10.435538006000115],[98.89609546200012,10.435067495000169],[98.89609850400018,10.435061322000081],[98.89618914300013,10.434877389000064],[98.89623680200009,10.434780268000111],[98.89630934600007,10.43454267400017],[98.89631585800004,10.434487606000062],[98.89633416400017,10.434332694000034],[98.89634873700004,10.433837229000176],[98.89640285600018,10.431996533000074],[98.89635768000016,10.43167904],[98.89629649800008,10.431249054000148],[98.89624326000012,10.431073169000058],[98.8960478940001,10.43087964700004],[98.89547699300005,10.430578007000122],[98.8945621420001,10.430094637000138],[98.89440703600002,10.429980896000018],[98.89420708900013,10.429848382000102],[98.89399735500018,10.42969048599997],[98.89388646900005,10.429575461000127],[98.89375409800004,10.429407982000043],[98.89367023900007,10.429241828000158],[98.89360484900004,10.429047406000052],[98.89358407400016,10.428946013000143],[98.89357807500011,10.42882647099998],[98.89357994400018,10.428734317000021],[98.89361101300017,10.4285461610001],[98.89372143500009,10.428134770000042],[98.89422172400015,10.426886265000064],[98.89423444900007,10.426853410999968],[98.89433510200013,10.426593500000081],[98.89435490900007,10.426440459000105],[98.89435345400005,10.426415755],[98.89433364100012,10.426239586000122],[98.89406519599999,10.424487708000072],[98.89405070900011,10.424237617000074],[98.89404642500011,10.42416374100003],[98.89405276600002,10.424014226000168],[98.8940779990001,10.423852260000103],[98.89412209099999,10.423727676999988],[98.89421527000019,10.423557111000093],[98.89451373300005,10.42321757000019],[98.89485697200013,10.422833732000015],[98.89497205000009,10.422681333000128],[98.89504375400014,10.422565979000183],[98.89507911600003,10.422450861000073],[98.89511074100011,10.422331732000032],[98.89513586300006,10.422151843],[98.89512333900007,10.421958710000126],[98.8950810930001,10.421770575999972],[98.89506358500012,10.421724881000046],[98.89502904000017,10.421634726000093],[98.89499493,10.42158373500007],[98.89496183400013,10.42153426300007],[98.8944091350001,10.420814050000047],[98.89428224,10.420575058],[98.8942040020001,10.420331373000181],[98.89396058900013,10.419391867000058],[98.89380178000005,10.41847296700007],[98.89372243500014,10.417842876000066],[98.89365085600019,10.416861321000113],[98.89366579900008,10.416809632000025],[98.89379250000019,10.416371184000184],[98.894061088,10.415996089000146],[98.8942980280001,10.415824203000113],[98.89531018200017,10.41540658800011],[98.89573237700017,10.415249288000098],[98.89687241000013,10.414824548000126],[98.89717249500018,10.414699579000171],[98.89740942100002,10.414543323000032],[98.89759900700011,10.414293267000119],[98.898262654,10.413058479000085],[98.89857861800004,10.412652131000016],[98.89889451500017,10.412449007000077],[98.90090215200013,10.411686448000182],[98.90098435700008,10.411667696000052],[98.90139835100001,10.411573255000121],[98.90235109000008,10.41135590800019],[98.90274455100007,10.411266150000188],[98.9043202430002,10.41102112100009],[98.90446570800009,10.410954709000123],[98.90460000000019,10.410821850000048],[98.90466717300012,10.410677885000098],[98.904711958,10.41056714900003],[98.9047536920001,10.410262587000034],[98.90481371900017,10.409081231000187],[98.9047942750002,10.40762419500004],[98.90478015400015,10.406755546],[98.90477474900018,10.406423123000138],[98.90467549700014,10.405773339],[98.90457620900008,10.405261378000034],[98.9045680970001,10.405234957000062],[98.9044176110001,10.404744937000032],[98.90409728400016,10.404086274000122],[98.90340274600004,10.40315457000014],[98.90264906600004,10.402178249000087],[98.90214211400018,10.401484032000155],[98.90175992100012,10.400838960000044],[98.90173957300004,10.40080462000003],[98.90150107900018,10.400258160000135],[98.90139688500011,10.399564071000157],[98.90137364100013,10.39880618400008],[98.90137150400005,10.39873663700007],[98.90139679900011,10.39835454900009],[98.90147195300011,10.397998771000175],[98.90160673600013,10.397789763999981],[98.90172424600007,10.397665205000067],[98.90194943100016,10.397511599000154],[98.90220258100015,10.397407844000043],[98.9024715600001,10.39734932000016],[98.90296383700007,10.397260865000021],[98.90350083200019,10.397231492000174],[98.9037982010002,10.397248900000022],[98.90415120000017,10.397299528000133],[98.90416425900008,10.397303163000174],[98.90428814100005,10.397353712000154],[98.9054688540001,10.397835436000037],[98.90600673300014,10.397981007999988],[98.90674430800016,10.398180616],[98.90716997200019,10.398295816000143],[98.90776520200006,10.398406276],[98.90792969400019,10.398405891000095],[98.90817398200011,10.398385028000064],[98.90829381700019,10.39835659500011],[98.90857213200019,10.39825191400007],[98.9088704990001,10.398133866000023],[98.9091390440002,10.397971505000044],[98.9093554440002,10.397825013000158],[98.90942251300015,10.397779607000132],[98.91086972400007,10.396672477000038],[98.91096092700008,10.39661937600016],[98.91108680100018,10.39656333400012],[98.91121033399997,10.396516997000106],[98.9113469850002,10.396486407000054],[98.91152159000018,10.396459869000182],[98.9118569540002,10.396426335000058],[98.91207586800004,10.396445588000176],[98.91232751900014,10.396515823000186],[98.91275855200018,10.396636129],[98.91289968000018,10.396675518000166],[98.91321375000001,10.396725902000071],[98.91325658500011,10.396725913000182],[98.91335219000013,10.39672593900002],[98.91342770600016,10.39671349800011],[98.91351581000015,10.396694834000186],[98.91371091500002,10.396607665000147],[98.91546189300016,10.395214224000085],[98.91558344300006,10.395134095000117],[98.91567862700015,10.395106351000095],[98.91581838600007,10.395100931],[98.91600297200006,10.395100979],[98.91619595200007,10.395109338000111],[98.91633018800013,10.39513429100009],[98.91654833100017,10.395167574000084],[98.91676646500008,10.395225782000125],[98.9169137240001,10.395332746000122],[98.91692940000013,10.395358983000051],[98.91749023500012,10.396297682000181],[98.9176051880001,10.396471974],[98.91773940900009,10.39658830400009],[98.91784453600019,10.396648816000095],[98.91798153100007,10.396708237000155],[98.91864362000007,10.396888667000155],[98.91889720600005,10.396937476000176],[98.91910103600009,10.396947854000132],[98.91929156200018,10.396929267000132],[98.91949883600012,10.396869195000136],[98.91979505700004,10.396680195000101],[98.92081893800008,10.395792097000026],[98.92145623200008,10.395239312000172],[98.9217604440002,10.395041597000102],[98.9217924040002,10.39502768400007],[98.9219266560001,10.39499449100009],[98.92208607500004,10.39499840500008],[98.922287445,10.39500288700009],[98.92256432099998,10.395044484000039],[98.92272373200012,10.395086054000103],[98.92287474,10.395160853000164],[98.92349039900006,10.395607427000186],[98.92389785600011,10.395902974000023],[98.92418363500008,10.396076360000166],[98.92423330800017,10.39609803000019],[98.92433444599999,10.396124760000077],[98.9243432510001,10.39612613300011],[98.9245705990001,10.396161596000127],[98.92485464400005,10.396174725000037],[98.924988257,10.396161694000114],[98.92562472500009,10.396004326000082],[98.92616529500003,10.395856833000039],[98.92620153700005,10.395846942],[98.92835700600011,10.395221099000025],[98.92875643900004,10.39497142800002],[98.92892265,10.394768118000115],[98.92902238100004,10.394579691000047],[98.92913446400013,10.394341446000169],[98.92927380700002,10.393790169000113],[98.9292860440001,10.393576108000047],[98.9288965680002,10.392376259000173],[98.92896219400012,10.392102727000122],[98.92919060500009,10.391817740000079],[98.9293343330001,10.391638412000134],[98.92961367300012,10.391280691000134],[98.92967629400005,10.39120049800016],[98.9297165820002,10.390881966000052],[98.92953568300004,10.390483755000105],[98.92927722100012,10.390238043000181],[98.9290933800001,10.390025753000032],[98.92903440800006,10.389873638000154],[98.92901327400006,10.389708247000044],[98.92901526600008,10.389697647000048],[98.9292196620001,10.388832895000064],[98.92934195700019,10.38831546199998],[98.92936262400019,10.388132690000134],[98.92936183400013,10.388116800000091],[98.92935372700009,10.387953972000105],[98.92935135500005,10.387906207000128],[98.92924104100018,10.387476248000041],[98.92920067000011,10.387241123000024],[98.92919205800013,10.386787930000082],[98.92922584700017,10.386448580999968],[98.92929287500004,10.386091714000031],[98.92932059600008,10.386022581000077],[98.9293637180001,10.385930372000189],[98.9293890140001,10.385876271000086],[98.92939553800005,10.385862315000168],[98.92967656000008,10.385541629999977],[98.93002624600001,10.385315899000034],[98.93006554800007,10.385302172000081],[98.9310406850002,10.384961675000056],[98.93327833400019,10.384592936],[98.93368703000004,10.384530584000174],[98.93540774200017,10.384268048000138],[98.93569498900018,10.384224219000146],[98.93712688900018,10.383918848],[98.93731988000008,10.383802591000062],[98.93746253600017,10.383686331000035],[98.93752418300005,10.383596455999964],[98.93755000500005,10.383532655000124],[98.93759407600004,10.383389377000185],[98.93760669200003,10.383252318000132],[98.93760963100016,10.383188761000099],[98.93760531400005,10.383089599000073],[98.93757905000001,10.383001985000078],[98.93700818600007,10.381590539],[98.93696522100015,10.381408133000036],[98.93696523600005,10.381333383000083],[98.93699042999998,10.381202555000073],[98.93703786900011,10.380999597000141],[98.93708514700012,10.380875581],[98.93714515600004,10.380718147000152],[98.93770320700008,10.379483806000053],[98.93775733200005,10.37894905100012],[98.93772139700019,10.378592543000138],[98.93762122900006,10.378232780000133],[98.93757745800008,10.378075572000057],[98.93741549900011,10.377647737000132],[98.93704175200014,10.376921016000097],[98.93644364300013,10.375758052000151],[98.93616672800005,10.375379543],[98.9357646090001,10.374829907],[98.93533243600012,10.374378725000156],[98.93476961100004,10.37397517300019],[98.93384913100004,10.373235936000015],[98.93353411900011,10.372866544000033],[98.93287161300003,10.371779060999984],[98.93242435800005,10.370967942000107],[98.93192968500006,10.36960269400015],[98.93139978400018,10.367677367999988],[98.93111727200005,10.36620715600003],[98.93086791800005,10.365151449000166],[98.93083886300002,10.365075182000169],[98.93078910100019,10.364945776000127],[98.93072305900006,10.364847645000111],[98.93311988700015,10.363180808000095],[98.93390512000019,10.362501937000161],[98.93397267600005,10.362462204000167],[98.9345847850002,10.361946384000134],[98.93527092700009,10.36150291700011],[98.9353580410002,10.361446619000048],[98.93541789500017,10.361422925000056],[98.93571966000019,10.36130348200004],[98.93684835600016,10.360966937000171],[98.93987935400014,10.360108116000049],[98.94067284800002,10.359883276000119],[98.94111204800015,10.359685715000012],[98.94146290400005,10.359527891000084],[98.94174018400008,10.359330299000078],[98.94179531100008,10.359291013000075],[98.9418519140001,10.359238011000116],[98.94201001400018,10.359028632000104],[98.94254844500006,10.357356025000172],[98.94319552600007,10.353957088000072],[98.94323543800016,10.353747431000045],[98.94334732599998,10.353159707999964],[98.94342287300015,10.352262896000013],[98.94342294200004,10.351878396000188],[98.943357209,10.351469479],[98.94320882100016,10.351109340000164],[98.94287163700017,10.350739627000053],[98.94147334000019,10.349433435000151],[98.94132272200017,10.349234519],[98.94107454500016,10.348735602000033],[98.94100147100016,10.348548315000073],[98.94091159100014,10.348251018000099],[98.94089917800011,10.348039400000175],[98.94096775900005,10.347502147000057],[98.94115842300016,10.346339325000088],[98.9412220750001,10.345396478000168],[98.94119041900012,10.344956479000075],[98.9410662200001,10.343969010000023],[98.94097237700004,10.343508382999971],[98.94091506600017,10.343227078000098],[98.94090434000003,10.343195200000082],[98.9408473800001,10.34302590800013],[98.94075315700019,10.342745842000056],[98.9404854780002,10.342056326000034],[98.94024457400013,10.341393339000149],[98.94011070900018,10.34116791200006],[98.93992419699998,10.340983853000182],[98.93906886700012,10.340361042999973],[98.9383830610002,10.339757191000103],[98.93810636300003,10.339513559000011],[98.93738630200005,10.338573952],[98.93542363900013,10.336168015000169],[98.93523220500009,10.335920033999969],[98.93509968800004,10.335715828000161],[98.93505554400014,10.335497040000178],[98.93500282200006,10.335221132000072],[98.93498591600007,10.33384286800009],[98.93483133400008,10.33350252300005],[98.93477836800014,10.333417253000107],[98.93469390700017,10.333281296000166],[98.93451869500007,10.333189942000047],[98.93436744100012,10.333111073000168],[98.93330210800019,10.332770533000087],[98.93227114100006,10.332378963000167],[98.93201343700008,10.332140691000177],[98.93187602300003,10.331868411000016],[98.93177300300005,10.331477034000045],[98.93153270700009,10.330183795000096],[98.93131276800005,10.328440778000015],[98.93101216200006,10.32718456900011],[98.93072167700012,10.32644102100005],[98.93023740100017,10.325841327000148],[98.9294624870002,10.32521758300004],[98.9288086250001,10.324833706],[98.9280820690002,10.324593710000045],[98.92763694700017,10.324505456],[98.92683074300004,10.324345601],[98.92662105500011,10.324260789000107],[98.92612037300006,10.323993679000068],[98.92578136500009,10.323657829000126],[98.92569480300006,10.323522045000118],[98.92552967500006,10.32326301500018],[98.92549082700003,10.323202071000082],[98.92538999600015,10.32299402800004],[98.92490844200006,10.322000392000064],[98.9242324610002,10.320605561000036],[98.92361376700018,10.319328929000108],[98.92332050600015,10.318948995000085],[98.92293669600019,10.318680575000087],[98.92261381800012,10.318488631000037],[98.92200029700007,10.31829661],[98.92109612200011,10.318136504999984],[98.92020461100014,10.317850644000089],[98.9197552560002,10.317579830000057],[98.91935253300016,10.31724068900013],[98.91884085900011,10.31673375600002],[98.91840464500007,10.31615997200015],[98.91812578300011,10.315737404],[98.91701546400014,10.313268796000045],[98.9166563060001,10.312470272000041],[98.91628716800011,10.311825365000061],[98.91529935000011,10.310099570000034],[98.91527644900009,10.310059563000152],[98.91496786500011,10.30928601],[98.91482272200011,10.308656406000125],[98.91475619400012,10.307896404000132],[98.91475028900004,10.30782895699997],[98.91449653600012,10.305796276000137],[98.91435150900008,10.304716978000158],[98.91419880799998,10.304249145000085],[98.91415187100012,10.304105342000184],[98.91387953000003,10.303673569000068],[98.91357085300018,10.30327775000012],[98.91278336700003,10.302629732000128],[98.91249941700016,10.302396073000068],[98.91177309900013,10.301532464000104],[98.91078632400007,10.300554725000097],[98.91077435800014,10.300542871],[98.91075384900017,10.30052991600013],[98.91055639200005,10.300405263000187],[98.90924831300009,10.299579455000071],[98.90852245700012,10.29912121100017],[98.90820542100016,10.298990967000066],[98.90559902000007,10.297920186],[98.90544139100007,10.29785542500008],[98.9052461710001,10.297775222000098],[98.90489377800014,10.29757680500012],[98.90459245800008,10.29732213200009],[98.90430644800006,10.29700552800017],[98.90408779600006,10.296645506000061],[98.90334541800013,10.295423126000173],[98.90324844900016,10.295263458000079],[98.90320842100004,10.295180167000069],[98.90314587900019,10.294981754000048],[98.90313861000004,10.294867407000083],[98.90315668900001,10.294751257000087],[98.90319993100007,10.294649829000036],[98.90401270400008,10.293591409000044],[98.90420122200004,10.293345913000167],[98.904272817,10.293153637000046],[98.90431090500016,10.292987279000158],[98.90430855600005,10.292912],[98.90428121300016,10.292785458000083],[98.90423826200009,10.292691073000185],[98.90412533000017,10.29249776800009],[98.90402541100013,10.292365039000174],[98.90378383500007,10.292140615999983],[98.90374652000008,10.292110849000096],[98.903039316,10.29154679300018],[98.90160494500009,10.28996856200007],[98.90156290900018,10.289943228000084],[98.90089248900011,10.289539143000127],[98.90085545400012,10.28952689700003],[98.90082175400005,10.289515767000182],[98.90081785000007,10.289510927000094],[98.90078022800014,10.289464314999975],[98.90071281900015,10.289380818000097],[98.9006583790001,10.289218922000032],[98.90064715700004,10.289107436000052],[98.90074664700012,10.288783740000099],[98.90142954600003,10.286561913000185],[98.90150155800012,10.285886422000146],[98.90148373200009,10.28547754699997],[98.90141828999998,10.285128592000149],[98.90134037400014,10.284713100999966],[98.90103555600012,10.283628615000111],[98.90090181400006,10.28314787800008],[98.9007884630002,10.282596700000113],[98.8998373660001,10.279626406000034],[98.89980884200008,10.27958786],[98.89975546000011,10.279181536000124],[98.89973500500008,10.279025822000051],[98.89973379500015,10.279016619000117],[98.89973379600008,10.279014419000077],[98.89973390100016,10.278680845],[98.8997339890002,10.278399417000173],[98.89973402900017,10.278273122000144],[98.8997705290002,10.27805662500009],[98.89978244800017,10.277985969000099],[98.8998310730002,10.277697551000188],[98.90026724900008,10.27681029200005],[98.90097004200004,10.275179625000078],[98.901043921,10.275033392000125],[98.90121235700008,10.27470001800009],[98.90145466000018,10.274244409000119],[98.90179384200019,10.273764841000059],[98.9025205320001,10.273117502000048],[98.90334666600006,10.272553188000074],[98.90605667200009,10.271247817000187],[98.90821227499998,10.270001285000035],[98.90822185700011,10.269990981000092],[98.9086244080001,10.26955786300016],[98.90889518400013,10.26906998200019],[98.90891482900003,10.269018160000144],[98.90906022899998,10.26863445600003],[98.90918340400015,10.268234029000041],[98.90922996500018,10.267860889000076],[98.90923007200013,10.267483293000055],[98.90920600900017,10.266931665000072],[98.90898826000017,10.266236077000087],[98.90864940400019,10.26568436100007],[98.90833473800012,10.265204601],[98.90814251300009,10.264897671000028],[98.907985914,10.264647642],[98.90789905800011,10.264508947000024],[98.9076830570001,10.264080787000125],[98.90756023000017,10.263837312000135],[98.90734257200006,10.262853916000097],[98.90721011600016,10.262448249000045],[98.90598773000005,10.258704356000123],[98.90572030700008,10.257820549000144],[98.90529924900005,10.25679315100001],[98.904317999,10.25496242800017],[98.90395908100015,10.254344564],[98.90369733200009,10.254043317000026],[98.90337396900009,10.253786948000084],[98.90276869900009,10.253450993000058],[98.90194548700003,10.253138961],[98.90162141500019,10.25301847600008],[98.89884636000016,10.25198679000016],[98.89736372800007,10.251679706000175],[98.8965244040001,10.25150585700004],[98.89529923500004,10.251172702000133],[98.89482883700003,10.250869650000084],[98.89454666600005,10.250496750000138],[98.89440571900019,10.249867597000048],[98.89454719000008,10.248912333000078],[98.89501805300006,10.247770768],[98.895441672,10.247234997000021],[98.89638275400011,10.246932398000126],[98.89791201900005,10.246373673000164],[98.89948839300013,10.245605255000157],[98.89991190000006,10.245395677000033],[98.90017076700008,10.245092857000031],[98.90024144800014,10.24474336999998],[98.90045370900003,10.242995915999984],[98.90035986100008,10.242203679000113],[98.89996025600016,10.241224938000016],[98.89949001500008,10.240455877000102],[98.89899615100006,10.240036323000027],[98.89800830400014,10.239523407000036],[98.89624411600016,10.239196648000075],[98.89464460500005,10.238869926000064],[98.89351567500012,10.238217148000047],[98.89262204000016,10.237424646000022],[98.89191652700015,10.23684190400013],[98.89092869300009,10.236352274000069],[98.8904818760002,10.23595601400018],[98.89010589900005,10.235119217000147],[98.89005599300003,10.234980337000025],[98.88989951600013,10.2345448800001],[98.88978390400013,10.234344326000041],[98.88972465400002,10.234173406000139],[98.88959139700012,10.233893947000183],[98.88939991799998,10.233492376000072],[98.8893001140001,10.232935227000098],[98.88928049300017,10.232844969000041],[98.88924307600018,10.232618722000097],[98.8892694180002,10.232049013000108],[98.89021110500005,10.230625018000126],[98.89048531100019,10.230072217000156],[98.89078663700008,10.229589352000062],[98.89120530200017,10.228527733000078],[98.89146714800017,10.22733657700013],[98.8915199290002,10.225886386000127],[98.89165135300004,10.223814706000098],[98.89162490100017,10.223670322000089],[98.89158402900017,10.223447228000111],[98.89154696800017,10.223244943000168],[98.89112892200006,10.222519702000113],[98.88995172900007,10.221323674000075],[98.88942635200004,10.220874384000012],[98.88926866700007,10.22078378100008],[98.8883908700002,10.220279466000022],[98.88801146100013,10.219988844000113],[98.88800348300003,10.21998273800017],[98.88782420600018,10.219825221000178],[98.88754840900003,10.219203727000092],[98.88715655700008,10.218349007000086],[98.88618977400012,10.216898461000142],[98.88530129800017,10.215784598000084],[98.88490212600016,10.215324489000125],[98.88456323500009,10.214933859000098],[98.88444732600004,10.214844495000023],[98.883943971,10.214478574],[98.88351001100017,10.214285676000031],[98.88307066900006,10.214212263000093],[98.88273957600012,10.214156941000113],[98.8826771370002,10.214146505000144],[98.88200379000017,10.214104573000043],[98.88166384400012,10.214020259],[98.8813792250001,10.213862884000037],[98.8812791580001,10.213784354000097],[98.88120937100007,10.213729595000132],[98.88095339900002,10.213482520000184],[98.88066241500013,10.213091489000078],[98.87997386500018,10.212238268000078],[98.87956575700014,10.211844348],[98.87941208500007,10.211696012000175],[98.87916279100006,10.21138565300015],[98.87907086600018,10.211261983000043],[98.87892720600018,10.211068701000045],[98.87883048800018,10.210952421],[98.87813878500003,10.210120807000123],[98.87758528700004,10.209272738000038],[98.87751180900005,10.209129941000015],[98.87750142400017,10.209123084000112],[98.8774387140001,10.208987907],[98.87723864500015,10.208556622000117],[98.87711575500015,10.208291715000144],[98.87676362500014,10.20749359600012],[98.87674586800017,10.207460019000052],[98.87604250400005,10.206130102999964],[98.87583704800011,10.205689330000041],[98.87545661400009,10.204873188000022],[98.87544774200006,10.204854160000025],[98.87517524400005,10.204372397000043],[98.87501737300005,10.20426338599998],[98.87464785100019,10.204008244000022],[98.87447214800017,10.203733125000099],[98.87424131700016,10.203298823000011],[98.87402992400013,10.20291187099997],[98.87385103300016,10.20265389300016],[98.87350941800008,10.202411964000078],[98.87315150700005,10.202202275000047],[98.87267966200017,10.202073128000109],[98.87225664000016,10.201927890000036],[98.87173601200004,10.201718136000068],[98.87128050500013,10.201427801000136],[98.87092263699998,10.201121386000068],[98.87049967400009,10.200831071000152],[98.87004409900015,10.200718056000085],[98.86953968700016,10.200653378000084],[98.86893761800019,10.200653137000131],[98.8682541600001,10.200701211000023],[98.86765207700012,10.200733206000109],[98.86691986599999,10.200652321000064],[98.86597616699999,10.200442375000137],[98.8653870230001,10.20023624800001],[98.86445662300002,10.199875147000057],[98.8635666900002,10.199494026000082],[98.86304081000003,10.199313447000122],[98.862575543,10.199293211000054],[98.86184720700015,10.19947326200014],[98.8612604880002,10.199633333000122],[98.86059281000018,10.199893562000113],[98.85952048400009,10.200293891000115],[98.85875157100014,10.200734432000047],[98.85800293900002,10.20105474400009],[98.85737569100019,10.201355058000047],[98.85678893800002,10.201575241000057],[98.85591592100019,10.201856841999984],[98.85536431200012,10.201988131000121],[98.85476166900008,10.202028333000044],[98.8541283990001,10.20202805100007],[98.85235128400006,10.201784421000127],[98.85212656200008,10.201804556000127],[98.85186093700008,10.201946081000187],[98.85165657100004,10.20213823500012],[98.85104221400007,10.20300197299997],[98.85051249500003,10.203746713000157],[98.8502075090002,10.203954437000107],[98.84998326400006,10.204056128000047],[98.84983555100018,10.204085914000075],[98.84947936700019,10.204144546000123],[98.84933859799997,10.204144481000185],[98.84919444100007,10.20414441500003],[98.8488998050002,10.20406988500008],[98.84858903300005,10.203991256000052],[98.84838109900011,10.203970261000165],[98.8480335970001,10.203935175000083],[98.84788239900001,10.203948714999967],[98.84767489400019,10.20396730900012],[98.84626196000016,10.20430770300004],[98.84610073300007,10.204351984000027],[98.84540706000013,10.204542507999975],[98.844938909,10.20473454000006],[98.8448370660002,10.204812730000128],[98.84480052900011,10.204842320000125],[98.8444462180002,10.205228933000058],[98.84334116000008,10.206775514000185],[98.84308992500019,10.207177102],[98.84292988900006,10.207316932000026],[98.84255973700016,10.2074847720001],[98.842364803,10.207498474000147],[98.84218658200012,10.207484592000071],[98.84181054400011,10.207380100000137],[98.84161987800013,10.20727301900007],[98.84124417900006,10.20690049600006],[98.84007833400011,10.205608452999968],[98.83990277500004,10.205374079000137],[98.83979186700014,10.205228165000165],[98.83967065400014,10.205095813000014],[98.83953655100015,10.20498154500018],[98.83938376400005,10.204888782000069],[98.83921651600002,10.204811839000172],[98.83813007900011,10.20443322],[98.83679604200012,10.203968322000094],[98.83662690900007,10.203900413000042],[98.83645913400017,10.203830341000128],[98.83579940600009,10.203520213000047],[98.83563646100004,10.203437564000069],[98.83547418500012,10.203353838000055],[98.83531183600007,10.203271200000131],[98.83164507800012,10.200899629000105],[98.83092038000018,10.200523699000087],[98.83069633900004,10.200466668000104],[98.83053834900011,10.200461843000141],[98.83024215900008,10.200441462000128],[98.8297825090001,10.200471570000161],[98.82711551700004,10.200907402000155],[98.8270604880002,10.200922636000143],[98.82698343600003,10.200950946000034],[98.82685574500005,10.201007565000168],[98.82684692700019,10.201008595000076],[98.82665140400007,10.201096779000068],[98.82630594200009,10.201522531000137],[98.82611574000003,10.201789664000103],[98.82525638800013,10.203647677000106],[98.82516426500007,10.203927007000118],[98.82512122300005,10.204163844000107],[98.82510885300007,10.20436426100008],[98.82553543200015,10.205999260999988],[98.82558869299999,10.206404521000138],[98.82561305500008,10.206689982000057],[98.82559455000006,10.206896466000046],[98.82550846700013,10.20734585800011],[98.8254837950002,10.207625216000167],[98.82547750600014,10.207910668000125],[98.82558757800018,10.208925812000132],[98.82559341600012,10.208979649000014],[98.82558088700006,10.20947159200017],[98.82555532800018,10.209593643000062],[98.82551782900003,10.209720024000092],[98.82525917999999,10.21059172800011],[98.82495174200017,10.211343883000097],[98.82407858700014,10.212383857000134],[98.82357737300003,10.212911820000045],[98.82343629800016,10.212986243999978],[98.82301424100018,10.213208930000121],[98.82291708100013,10.213252543000067],[98.82236515700009,10.21340737600002],[98.82167099700007,10.213484830000027],[98.82150867000018,10.213502945000187],[98.82127288300012,10.21353618400019],[98.82095508000003,10.213618672999985],[98.82040018900005,10.213877422],[98.82003789100008,10.21404637300003],[98.8192287390001,10.214570545000072],[98.81846998700007,10.214861851000023],[98.8178235200001,10.215037566000092],[98.81696707300006,10.215053099000045],[98.81525438400018,10.214731992],[98.8138298790002,10.214318435000166],[98.81303389400011,10.213939731000096],[98.81241105200013,10.213577879000184],[98.81139283700014,10.212761723000142],[98.81118357800017,10.212520714],[98.81073132300014,10.212184308000076],[98.81033558800016,10.211954204000051],[98.81008962100015,10.211878016000128],[98.80919649800006,10.211703212000032],[98.80870005100007,10.211492107000083],[98.80837709900004,10.211271277000094],[98.80778027100018,10.210663792000048],[98.8074974810001,10.21024757400005],[98.8074482510001,10.210176559000104],[98.80713769700014,10.20972851700003],[98.80671259200005,10.208949979000067],[98.80635289900005,10.208268768000096],[98.80602571500015,10.207976723],[98.80537122800007,10.207587194000041],[98.80488029100007,10.207408539000085],[98.80425837900015,10.207294671000056],[98.80373461500011,10.207261932000108],[98.80317810700006,10.207245380000188],[98.80267063900004,10.207342354],[98.80201581900019,10.20750410300019],[98.80161601300017,10.207734281],[98.80117260900005,10.207943329999978],[98.8008196470002,10.208122150000065],[98.8006513250001,10.208207419000075],[98.80026339600005,10.208418465000136],[98.79964683700013,10.208798579000131],[98.79901105900012,10.20921368300003],[98.79812091200006,10.209867854000095],[98.79681120300017,10.210723214000154],[98.79664885900007,10.21082645100006],[98.79628786500018,10.211132570000075],[98.79585134400003,10.211764512000173],[98.79583294000014,10.211791157000164],[98.79581408600018,10.21192592],[98.795768,10.21225531400006],[98.79579365400008,10.212575470000104],[98.79580006800006,10.212655513000072],[98.795821919,10.212715941999988],[98.7959735070001,10.213135055000123],[98.79614863100005,10.213422369000114],[98.7962426750002,10.213627657000018],[98.79628405900007,10.213888338],[98.79625161600012,10.214080403000025],[98.79617444600012,10.214245760000097],[98.79615452500019,10.214288426999985],[98.7961224350002,10.214301496000076],[98.795947518,10.214488970000161],[98.79585024600016,10.214561468000113],[98.79577502600011,10.214617532000148],[98.79548520500003,10.214759032000131],[98.79513613800003,10.214848029000109],[98.7950191220001,10.214873155000078],[98.79478695800009,10.214922992000027],[98.79364930000008,10.215167233000045],[98.79121738000015,10.215607518000184],[98.79036846700018,10.215949476000048],[98.78947940000006,10.216429105000032],[98.78884884300004,10.216940915000066],[98.7877655750001,10.217852601],[98.78705580200005,10.218344793000085],[98.78631060200007,10.21879605800018],[98.78567412700005,10.219169497999985],[98.78475878800009,10.21956337000006],[98.78354510100013,10.219886697000106],[98.78321117400014,10.219954316000099],[98.78298540300017,10.219929850000028],[98.7829554160001,10.21992893200013],[98.78258995900012,10.219761038000115],[98.78240126000009,10.21963930700008],[98.7820195060001,10.219247592000045],[98.78162473100002,10.218670836000115],[98.78154319200013,10.218551718000072],[98.78150612500019,10.218436856000153],[98.78127591200007,10.217723422000063],[98.78124777700009,10.217599760000155],[98.78120423200016,10.21742339900004],[98.78115722800015,10.217248123000104],[98.78111314900019,10.217072848999976],[98.78106930200016,10.216896490000067],[98.7810234960001,10.216720039000108],[98.78097339500016,10.216547025000182],[98.78091584000009,10.216375088000063],[98.7808494750002,10.216207839],[98.7807760340001,10.216041590000032],[98.78069656600007,10.215878683000142],[98.78061220400019,10.21571694100004],[98.7805240730001,10.215558550000026],[98.78043345700007,10.215401414000155],[98.78034051100019,10.215245371000151],[98.78024281400019,10.215091488000098],[98.78013766700008,10.214941046999968],[98.78002497900019,10.2147985470001],[98.77990325500008,10.214667347000102],[98.77975101800018,10.21456777600008],[98.77958415700016,10.21448854200014],[98.77941895300012,10.21441148100007],[98.77925156100014,10.214339022],[98.77908349100011,10.21426765700005],[98.77819664100008,10.213895715000035],[98.77768466200007,10.213763048000146],[98.77717266800016,10.213652426000067],[98.7770013110001,10.21361629800009],[98.77676256900008,10.2135242600001],[98.7758685500001,10.213184942000112],[98.7752987840002,10.213028226000063],[98.77486922100013,10.212975819000121],[98.77454483800017,10.21296691100008],[98.77425550100014,10.21299276700006],[98.77397492400007,10.213027311000076],[98.77388252800012,10.213054698000121],[98.77371185200019,10.213105294000059],[98.77332600500011,10.213226606000148],[98.77300156700011,10.213295863000099],[98.77275603800013,10.21335647899997],[98.77247544600004,10.213408394000112],[98.77219489200007,10.213416880000068],[98.77192312200015,10.213390642000036],[98.77169523500004,10.213303635000045],[98.77151996800018,10.21319929900011],[98.77137977300004,10.21307760600007],[98.77128343400017,10.21293858600012],[98.771143359,10.212660576000019],[98.77100335300014,10.212287041000138],[98.77088976200008,10.211748505000173],[98.77082501800004,10.211426676000087],[98.77079366300006,10.211270781000053],[98.77073250900014,10.210966776000078],[98.77065375000012,10.210758286000043],[98.77055752300004,10.210462944000085],[98.77046127600016,10.21019364600005],[98.77028609800004,10.209967730000187],[98.77006203600018,10.20982632300013],[98.76991725800008,10.209719970000094],[98.76600184000011,10.207004654000116],[98.76570546400012,10.206823483000164],[98.76549380200004,10.206724629000178],[98.76527119400009,10.20663397200019],[98.76504323500012,10.20658121800011],[98.76474501900015,10.206549931000097],[98.76460837400015,10.206567878000044],[98.76442159000015,10.206639930000165],[98.76403886600008,10.206860720000122],[98.76351942700018,10.207185173000084],[98.76317768100017,10.207419523000112],[98.76290879200019,10.207662952000078],[98.76255328100018,10.208028126999977],[98.76226159200013,10.208316653000054],[98.76155075000008,10.208798864000073],[98.76128192800007,10.20894755300003],[98.7610723680001,10.209033118000093],[98.76101931700009,10.209042416000159],[98.76089411700019,10.209064369000146],[98.76086739100015,10.209069058000068],[98.76084676700003,10.209068469000101],[98.76054403800009,10.20905979600019],[98.76053385600017,10.209061829000063],[98.76042872500005,10.209058552000101],[98.76024503600007,10.209040330000164],[98.76006239800006,10.20902772200003],[98.75988230200005,10.209042325000098],[98.75969714800004,10.209073843],[98.75951537200007,10.209121175],[98.75935096600017,10.20919457400015],[98.75920995300015,10.209300715000154],[98.75907945600005,10.2094283080001],[98.75895948800007,10.20957072300007],[98.75885179100015,10.209722108000108],[98.75875726600009,10.209878109000101],[98.75867756700012,10.210038559000054],[98.7586115580001,10.210209144000089],[98.75855857600015,10.210385523000184],[98.7585193700001,10.210564173000023],[98.75849355899999,10.210741662000089],[98.75849312800005,10.210920161],[98.75851383999998,10.211101118000158],[98.7585427680001,10.211282079000114],[98.75856635000008,10.211461865000047],[98.75858676700005,10.21164282],[98.75860943900017,10.211822514000175],[98.75863814100006,10.212000040000078],[98.75867821300017,10.212176399000043],[98.75873176500016,10.212349511000127],[98.75878350300019,10.212523530000055],[98.75882470500005,10.212699978000103],[98.75886424200002,10.212878597000042],[98.75889520500004,10.213057301000106],[98.75890854400012,10.213236987000016],[98.75891036600012,10.213421278000112],[98.75890051500011,10.213606733000063],[98.75886499400008,10.21378538800002],[98.75879357500014,10.213945836000164],[98.75870507100012,10.214100576000021],[98.75860821100008,10.214253147000079],[98.75850359900011,10.214403449000088],[98.75839281600008,10.214550395000174],[98.75827683800009,10.21469390500016],[98.75815695100005,10.214832801000114],[98.75803412300019,10.214967264000109],[98.75790822200014,10.21509720000006],[98.7577756930001,10.215221437000082],[98.75763782400014,10.215341234000164],[98.75749476300012,10.215455339000073],[98.75734832200004,10.215565910000066],[98.75719879400009,10.215670965000186],[98.7570476890001,10.215772583000046],[98.75689440300005,10.215870853000183],[98.75673540100018,10.215960074],[98.75657158500013,10.21604251000008],[98.75640371200018,10.216116982000017],[98.75623335700004,10.21618358400002],[98.7560612800001,10.216241060000186],[98.7558851440001,10.216286237000077],[98.75570510200015,10.216321091000111],[98.75552333700011,10.216347995000035],[98.75534127300011,10.21636937600016],[98.75515973800015,10.216386242000112],[98.75497746000013,10.21639397500013],[98.75479458000012,10.216397273000041],[98.75461170100016,10.216399396000156],[98.75442874900011,10.216403781000054],[98.7542466920001,10.21641602699998],[98.75406523700008,10.216432892000057],[98.7538834680002,10.216454184000042],[98.75370222900006,10.216477831000134],[98.75352166800013,10.216504821000058],[98.75334155700006,10.216535252000028],[98.75315888100005,10.216564499000015],[98.75296748000011,10.216588043],[98.75280114100008,10.216613672999983],[98.75260967300005,10.216685981000126],[98.75252565300002,10.21673293900011],[98.7524641650001,10.21678920800008],[98.7524168590001,10.216851590999966],[98.75234576999998,10.216977107000048],[98.75228477200011,10.217172946000176],[98.7522085010001,10.217449146000149],[98.75209130000007,10.21818741300018],[98.75205046600007,10.21852893700003],[98.75190309900006,10.218945715000075],[98.75154259200013,10.219568274000153],[98.75106040900016,10.220165622000025],[98.75065958100004,10.220476729000097],[98.75045666200003,10.220592102000126],[98.75028004500007,10.220635050000112],[98.75013524800005,10.220670261000123],[98.74999798200008,10.220685213000081],[98.74981366500003,10.220699813000067],[98.74963019200004,10.220692800000108],[98.7494495570001,10.220709664000083],[98.74927400800004,10.220763780000084],[98.74910643200019,10.220840607000184],[98.74895547200015,10.22094448100006],[98.74885175800011,10.221086727000113],[98.74876919600018,10.22124951600017],[98.74868887800011,10.221415661000151],[98.74859938300006,10.22157393100008],[98.74850996600003,10.221732096000096],[98.74841603400012,10.221886836000124],[98.7483129200001,10.222036050000042],[98.74819520800014,10.222175033999974],[98.7480658340001,10.222303790000183],[98.74793141600014,10.222425846000135],[98.74641980100006,10.22332829000004],[98.74627192200018,10.223413338000114],[98.74590169300018,10.223612474000106],[98.74560294100013,10.223758268000097],[98.74524373500009,10.223866581000038],[98.74470304,10.224027165000052],[98.74369917600006,10.224357749000035],[98.74329929800007,10.224509935000185],[98.74315758500012,10.22459983200008],[98.74312671300004,10.224633629000095],[98.74302774000012,10.224742002000085],[98.74277262300006,10.22510894800007],[98.74237612500013,10.225482827],[98.7422533420002,10.225558298000124],[98.7420679600001,10.225626992000173],[98.74177995700018,10.225675552999974],[98.74174977299998,10.225677218000044],[98.74134048400015,10.225699840000118],[98.74121366900005,10.225702531000081],[98.74092348700003,10.225708686000132],[98.74062234100018,10.225699269000188],[98.74049953800005,10.225677883000174],[98.74040756600004,10.225650201],[98.74021937700019,10.22554291400013],[98.73968411600003,10.22510146000019],[98.73952665500008,10.224971597000035],[98.73937295600007,10.224874704000058],[98.73923775800006,10.224789470000132],[98.73912985800001,10.224756986000102],[98.73908490100013,10.224743455000123],[98.73906700400016,10.22474448200012],[98.73880056200016,10.224759795000068],[98.73876949700013,10.22476728900017],[98.73868329400005,10.22478488300004],[98.73860006300015,10.224799539000173],[98.73853468000016,10.224805371000116],[98.73844255199998,10.22479647199998],[98.73838313800007,10.22477581000004],[98.73833560700012,10.224746333000041],[98.73829699700013,10.224716865000062],[98.73827027900006,10.224678579999988],[98.73824357700016,10.22461967400011],[98.73822418300017,10.224578216000054],[98.73817828300008,10.224516590000121],[98.73812780900016,10.224448842000186],[98.73806840300006,10.224407575000043],[98.7380119720001,10.224369258000024],[98.73795551200004,10.224360381000054],[98.73788418800018,10.22434854800008],[98.73778015699997,10.224369072000172],[98.73766421099998,10.224416081000072],[98.73758095900001,10.22445723400017],[98.73751991300014,10.224490157000162],[98.73751555100012,10.224492502999965],[98.73742930399999,10.224563083000135],[98.73731628300015,10.224663089000046],[98.73716758100011,10.224792495000088],[98.7371051140002,10.224863104000178],[98.73702182000005,10.2249542940001],[98.73695041700012,10.225048443000162],[98.73690279900006,10.225127886000053],[98.73687600300013,10.225192633000177],[98.73684920700009,10.225248537000027],[98.73681942700011,10.225322113000061],[98.73680449500011,10.225404534000063],[98.7367925640001,10.225460453000153],[98.7367917150001,10.225472135000018],[98.73678654800011,10.225542879000045],[98.73678351500013,10.225622358000123],[98.73678345900015,10.225690069000109],[98.73678340300012,10.22575777700007],[98.73677867800018,10.225787276000062],[98.73677164500003,10.22581815500007],[98.73673575300012,10.225875493],[98.73666140900013,10.225934307999978],[98.73658112599998,10.225975457000118],[98.73649195300015,10.225993050000056],[98.73639337700018,10.226004256000124],[98.73629826200005,10.226012032000028],[98.73620712000013,10.226019809000036],[98.73608428099999,10.226011859000096],[98.73598522900016,10.225996075000069],[98.73587032900008,10.225972434000141],[98.73577524000012,10.225952723000034],[98.73567620200009,10.225929095000026],[98.73558507500007,10.225905467000189],[98.73546622900005,10.225866126000028],[98.73537114900017,10.225834650000081],[98.735212703,10.225763862000122],[98.73507010100013,10.225697019000165],[98.73491347500016,10.225601466000171],[98.73435596600012,10.225272235000034],[98.73407899000011,10.225049873999978],[98.73404960700009,10.225011324000036],[98.73403660100007,10.224983350000173],[98.73403703800017,10.224458459000175],[98.7340305670001,10.224404674000084],[98.73401973900008,10.224363788000062],[98.73401409100012,10.22434570400003],[98.73399053100013,10.224283469000113],[98.73397066900009,10.224246870000172],[98.73389402600009,10.224154942000041],[98.73351660500003,10.22379813100008],[98.73350085700014,10.223777089000123],[98.73344154700004,10.223720566000168],[98.7333836840001,10.223623848000159],[98.73326603600015,10.223190629999976],[98.73325499600014,10.223169987000176],[98.73324523500014,10.223154242000021],[98.73322693100005,10.223132444000157],[98.73320431600018,10.223112194000066],[98.73318420100003,10.223100949000127],[98.73315672600017,10.223085353999977],[98.732881249,10.22300300500001],[98.73281729900009,10.222992063],[98.73264987200014,10.222991926000077],[98.73255993700008,10.223003730000187],[98.73245498500012,10.223039276000065],[98.73239500500011,10.22306892000006],[98.73234702100007,10.223092632999965],[98.73229902499997,10.223134167000012],[98.73220301200013,10.223229108000169],[98.73188198200006,10.22356141600011],[98.73156391700007,10.223920448000172],[98.73150991000017,10.223982760000183],[98.73141993100006,10.224036138000145],[98.73132524200014,10.224082271000157],[98.7310000760001,10.224240678],[98.73094262300003,10.224266685000146],[98.73059684500004,10.22439107700012],[98.73045983200012,10.224430967000046],[98.73028233600019,10.224473772000124],[98.73010281100017,10.224510973000065],[98.72992216700015,10.224542471],[98.72974099700008,10.224566011000036],[98.72955915300014,10.22458286200009],[98.72937717100018,10.22459401600014],[98.7291948080001,10.224601823000171],[98.72901214600006,10.224606190999964],[98.72882927000006,10.224609380000174],[98.72864638600004,10.224613750000174],[98.72846372300012,10.224619301000189],[98.72828113500009,10.224628186000132],[98.72809877800017,10.224641600000155],[98.7279144540002,10.224651569000173],[98.7277287030002,10.224660459],[98.72754265400016,10.224670522000054],[98.72735772900006,10.224682759000075],[98.72717453100017,10.224699605000069],[98.72699419700018,10.224723145000041],[98.72681783300015,10.224754738000115],[98.72667922000016,10.224789387000044],[98.72659431100016,10.224827807],[98.72652902100009,10.224869459000104],[98.72647215700016,10.224902772000064],[98.72636856400004,10.225005212000042],[98.72634960600004,10.225027665000027],[98.72627823700009,10.22510183300011],[98.72595103800012,10.225611590000142],[98.72588720700008,10.225677400000052],[98.72585261700004,10.225713054000153],[98.72554051900016,10.225934307999978],[98.72517537400006,10.226248795000174],[98.72507016500015,10.226300790000096],[98.72493721100017,10.226328175000162],[98.72479866300006,10.226318430000163],[98.72475042200006,10.226299734],[98.72468688700008,10.22627170000004],[98.72451047200013,10.226114158000144],[98.72413979599997,10.225873823000029],[98.72409898900008,10.225847363000184],[98.72378106300005,10.225711304000185],[98.72357512100007,10.225664494000057],[98.72340073700002,10.225651055000071],[98.72328970300009,10.225686999000061],[98.72324748700015,10.225723175000041],[98.72312945400006,10.225797859000181],[98.72310149700013,10.225811037000028],[98.72308628600007,10.225818198000184],[98.72301775300014,10.22583862900018],[98.72297249500014,10.225847556000076],[98.72293500200016,10.225852647000067],[98.72287036600011,10.225851311000156],[98.72285581600016,10.225849620000076],[98.72284742599999,10.22584961299998],[98.72273544000018,10.225849516999972],[98.72268162200015,10.225847308000084],[98.72263945000003,10.22584943600009],[98.72257818500003,10.225861308000162],[98.7225264600001,10.225880475000054],[98.72243463100006,10.225926494000078],[98.72237772000005,10.225961024000071],[98.72227682200003,10.226028805999988],[98.722118739,10.22616873200002],[98.72202566700014,10.22626075900007],[98.7219145750002,10.226382487000024],[98.72190523100011,10.226392753000027],[98.72183350700004,10.226471555000103],[98.72177934500019,10.226525114000026],[98.72176093700006,10.226539785000114],[98.72165041500017,10.226608079000073],[98.72153809100013,10.226662046000172],[98.72145235400006,10.226702989000103],[98.72139833900007,10.226720770000043],[98.72136234400006,10.226726682],[98.72132934500007,10.226726654000174],[98.72129036600012,10.226711763000083],[98.72122740500015,10.226670111000033],[98.72113148800014,10.226595749000126],[98.72088273000014,10.22634891700011],[98.72077593600005,10.226225474000103],[98.72059205500017,10.226012921],[98.72056276800015,10.225985572000127],[98.72046270800007,10.22594065200019],[98.7204181520001,10.225929574000133],[98.72028619500009,10.225896778999982],[98.72014824100006,10.225861003000034],[98.71979440000018,10.225735909000036],[98.71959648500007,10.225664426000037],[98.71932961099998,10.225548316000015],[98.71911973500005,10.225441167000156],[98.71904476700007,10.225414365000063],[98.71899377900007,10.225408377000065],[98.71895778200007,10.225408346000165],[98.71891877900009,10.22542020100019],[98.71881073300005,10.225482500999988],[98.71826756400014,10.225752417000137],[98.7180245180001,10.225838374000034],[98.71791759600012,10.225879458000065],[98.71777909300016,10.225908732],[98.71760333500015,10.225917738000021],[98.71701917000007,10.2259538510001],[98.71663715900013,10.22597239400011],[98.71625797500002,10.225992210000186],[98.71598047300017,10.226020752000068],[98.71574655600011,10.226053644000103],[98.71540690500012,10.226108303999979],[98.7137284260001,10.226270168000099],[98.71108762800009,10.226936845000068],[98.7089685840001,10.227756014000079],[98.70668748800017,10.228830054000127],[98.70670672800014,10.22887102600015],[98.70614203700006,10.229022998000119],[98.70762918000008,10.232820718000085],[98.70869849500019,10.23520939700012],[98.7096782430001,10.238129371000127],[98.71012344900015,10.23967746700015],[98.71119212000019,10.242775007000091],[98.71217188800011,10.245429282000089],[98.71279527100006,10.247463686],[98.71327765600012,10.248821351000174],[98.71392565800005,10.251048843000092],[98.71474483800017,10.253586127000062],[98.71619095400007,10.257535814999983],[98.71737223800011,10.260465258000181],[98.71849320400014,10.263319865000028],[98.71985083700014,10.267065746000071],[98.72129237200011,10.270804733000091],[98.72273324200017,10.275345538000181],[98.72334249300019,10.277554564000184],[98.72338192900008,10.277803235000079],[98.72343528500005,10.278773285000057],[98.72365224900005,10.280014797999968],[98.72414086000009,10.281633044000102],[98.72473898100009,10.282982271000094],[98.72517371000009,10.283899526000084],[98.72582674900002,10.284816964000129],[98.72633362100004,10.285521184000118],[98.72760335500016,10.289905896],[98.72844794800011,10.29274383600017],[98.72909365300018,10.295112847000155],[98.72944087600001,10.296938831999967],[98.73020962900011,10.301108969000154],[98.73046528600008,10.302171655000166],[98.73065782900011,10.303996196000014],[98.7309284370001,10.305992962000062],[98.73147107800014,10.308259024000108],[98.7323409010001,10.31041684000013],[98.73348313500009,10.312413217000028],[98.73484327900019,10.314302331000022],[98.7358771970001,10.315490233000105],[98.73804796000002,10.31807872200011],[98.73810155800004,10.318142077000118],[98.73897894700008,10.319187403000115],[98.74039471800006,10.320872271000042],[98.7414277580001,10.322101644999975],[98.74251592500013,10.323721450000164],[98.74314680500015,10.325182585],[98.74324273300005,10.326285233000135],[98.74336717300008,10.327715614000056],[98.74373524800006,10.334697950000134],[98.74403026200014,10.339607818000104],[98.74454937500019,10.344715235000024],[98.74567650400007,10.353524399000037],[98.74794863500006,10.362654097000132],[98.74859473400016,10.364875036000115],[98.74926497600018,10.368082853999965],[98.75020967000017,10.370871466000153],[98.75065666400002,10.37282086200014],[98.75105363200004,10.375016932000108],[98.75172345000004,10.378816858000107],[98.75231864100016,10.382468694000124],[98.75293913400009,10.385651793000136],[98.7536113000001,10.388407237000024],[98.75387926000002,10.389365138000187],[98.7541204420001,10.390059702000087],[98.75524717300016,10.392585100000133],[98.75605202600008,10.394235085000162],[98.75683024200015,10.395592406000105],[98.75836637600003,10.397429980000084],[98.75952386500018,10.398365910000052],[98.76107733200018,10.399622006000072],[98.7626712730002,10.400955448000104],[98.7640907380001,10.402338098000087],[98.7653607090001,10.403695961000096],[98.76610770600018,10.404560006999986],[98.76717826600014,10.405991731000142],[98.76777541600018,10.407299753000189],[98.76834770400006,10.408533740000053],[98.7702060090001,10.417649766000068],[98.77001494300009,10.417661071000055],[98.77019852300003,10.41880535600012],[98.77066472300004,10.42045967000007],[98.77132900100008,10.422170650000055],[98.7722239850001,10.423499668000034],[98.77314157100017,10.424782353000069],[98.77397883100014,10.42620402000017],[98.77459685500014,10.427948890000152],[98.77516809900015,10.429660905000105],[98.77573729700015,10.431049627999982],[98.7759349230002,10.431488662999982],[98.77603750600002,10.431784596000057],[98.77632793600009,10.432449319000057],[98.77662252800013,10.43291097399998],[98.77739102500004,10.434272822000082],[98.77862434800005,10.43570271200008],[98.77899592800003,10.43715119300009],[98.7796967220001,10.439045293000163],[98.78062868800015,10.440696537000179],[98.78166289000006,10.441944240000112],[98.78303404200005,10.443132261000073],[98.78353409400017,10.443332867000152],[98.78355378700013,10.443346857000051],[98.78425464500003,10.443805111000131],[98.78508981400012,10.444204382000066],[98.78564166700005,10.44439672600015],[98.78599964699998,10.444500338000012],[98.78767035200013,10.444767260999981],[98.78872955600019,10.444797497000025],[98.78904338600006,10.44479251000007],[98.79024460400012,10.444873588000178],[98.79207907000006,10.445034152000119],[98.79354140100014,10.444887],[98.79505692800006,10.445048530000065],[98.79682933700008,10.44533568900016],[98.79880496700008,10.446288859000106],[98.79930843500017,10.446797994000065],[98.79999857000018,10.447495892000063],[98.80003709000016,10.44753436800005],[98.80027938600017,10.44819133500016],[98.80027920200013,10.448478880000039],[98.80026650900004,10.448511943000028],[98.8001628500001,10.448692745000074],[98.79941798400012,10.449578016000032],[98.79848604500017,10.45025855800003],[98.79720148000001,10.45119638],[98.7968403910001,10.451561629000139],[98.7965800020001,10.45193525600007],[98.79635311900012,10.452391971000111],[98.79619339500005,10.45281549900011],[98.79610922300014,10.453197541000122],[98.79605142000008,10.453904943000055],[98.79611819000013,10.454469822000135],[98.7964197620002,10.45530066300006],[98.79667681600012,10.455765988999985],[98.79686458500015,10.456033314000024],[98.79687460300005,10.45614820600008],[98.79784493000017,10.457376590000138],[98.79921116500014,10.458914994000054],[98.80044360900013,10.460206840000183],[98.801805355,10.46165931500019],[98.802980896,10.463135387000136],[98.80428490300017,10.464669204000074],[98.8056097450002,10.46581072400005],[98.80675979300014,10.466988324000113],[98.80807372200007,10.46825644500018],[98.80914292000006,10.470016235000116],[98.80925273300016,10.470465720999982],[98.80941455400017,10.471194485000069],[98.8094395190002,10.471537140000123],[98.80945192300015,10.471842409000033],[98.80941239700007,10.472081141000103],[98.80934948499998,10.472239969999976],[98.80918084000018,10.472539999000048],[98.80868308900011,10.473343350000164],[98.80841429200018,10.473654985999985],[98.80749272500003,10.474520074000168],[98.8060317930001,10.475534652000078],[98.80434436900015,10.476355959000102],[98.80368319900015,10.476766722000093],[98.803217146,10.477183830000115],[98.802562142,10.477775266000037],[98.80204564500019,10.478335629000128],[98.80081192500006,10.479966737000098],[98.8001734880001,10.480896658],[98.79976872500009,10.481700751],[98.79962576900016,10.482132596000156],[98.79962550200003,10.482547916000044],[98.79979292500013,10.48322914900018],[98.80004441800008,10.483669551000048],[98.80014868800015,10.483750542000053],[98.80014857600014,10.48392427400006],[98.80052595600012,10.484619776000045],[98.80101159000014,10.484833760000186],[98.80155110700014,10.484726705000128],[98.80214503700006,10.484352840000156],[98.80295509000018,10.48360606],[98.80376514900018,10.482912404],[98.80430502500008,10.482645934000175],[98.80484453800005,10.482538868000177],[98.80565405700014,10.482699881000087],[98.80619333400006,10.483394367000187],[98.80640717900008,10.48403059400016],[98.80634712400018,10.484130309000136],[98.80586841500013,10.484636707000107],[98.80428159000019,10.48556605900012],[98.8039036830001,10.485931313000094],[98.80364331500004,10.486221876000116],[98.80351724399998,10.486504219000096],[98.80350027800017,10.486803242000065],[98.8035336710002,10.48707737500007],[98.8036342040001,10.487368168000103],[98.8038437990001,10.487733777000017],[98.804019902,10.487958163000144],[98.80430514199998,10.488149381000142],[98.80471182300016,10.488344005000101],[98.80516445000006,10.488841839000088],[98.80575804600011,10.489055840000105],[98.80732326500004,10.489056791999985],[98.80830574900017,10.488896866000061],[98.80982069200019,10.488966724000022],[98.81121244100012,10.489727282000047],[98.81244921700016,10.490769249000039],[98.8132581500002,10.491891200000055],[98.81429407200011,10.493143319000183],[98.81492395300012,10.493983069000024],[98.81485940400017,10.494917166000107],[98.81485923600019,10.495199587000116],[98.81490097100016,10.495598327999971],[98.81497631900015,10.495914009999979],[98.81508525000004,10.496213109000166],[98.81512087000016,10.496268476000182],[98.8150902480001,10.496539933000179],[98.8151867430002,10.497039690000065],[98.81541634200005,10.497571172000164],[98.81585069100004,10.498102802000062],[98.81644380199998,10.498674054000105],[98.8169195170002,10.499270090000039],[98.81729128700005,10.499898745999985],[98.8173072410001,10.4999523030001],[98.8173812190002,10.500252871999976],[98.81740471800009,10.500416760000064],[98.81743359400019,10.500714981000101],[98.81743619000002,10.501244680000184],[98.81763818300016,10.503039337000075],[98.81804701600015,10.505052179000188],[98.81832477300009,10.506853944000113],[98.81845519000018,10.508201167000095],[98.8185036640001,10.509450958000059],[98.8182558850001,10.510416199000076],[98.81820924300013,10.510489171000074],[98.81803367200007,10.511124417000076],[98.81788840600018,10.51129312800009],[98.81735807700005,10.511861039000053],[98.8170536130001,10.51219596900006],[98.81690136100013,10.512409560000094],[98.8167883770002,10.512598902000093],[98.81668514900014,10.512875665000024],[98.81663592500018,10.513137893000021],[98.81658666200008,10.51344868100017],[98.816601843,10.514060409000137],[98.81662561400015,10.51501829900019],[98.81692073300013,10.515827218000027],[98.81765011100009,10.517393510000147],[98.81799740000014,10.51820245700003],[98.81825787200017,10.518804866000039],[98.81841393300004,10.519544873000086],[98.81848285100006,10.520628979000094],[98.81848214700017,10.52183349600017],[98.8179761090002,10.524861706000081],[98.81785369200014,10.526048947000163],[98.81797500900012,10.526737313000126],[98.81827039400014,10.527116042999978],[98.81850426000011,10.527151786000047],[98.81851087900003,10.527156666000053],[98.81877846800006,10.52719369200014],[98.81974035300016,10.527326789000028],[98.81977752300003,10.527331931999981],[98.82085172500013,10.527554686000144],[98.82130050300015,10.527896093000038],[98.82155685400011,10.528253258],[98.82164480900019,10.528665864000061],[98.82162046500014,10.529173614000172],[98.82145182500005,10.52964954700019],[98.82105071800015,10.530053943999974],[98.82058555900011,10.530307561000086],[98.819952006,10.530608685000118],[98.81971144400018,10.530672018000132],[98.81931859200017,10.530663861999983],[98.81870513300015,10.530625805000113],[98.81852001300012,10.530588461000093],[98.81683199300005,10.530164973000012],[98.81531628400012,10.529874306000067],[98.81429986700016,10.529711845000179],[98.81403978400004,10.529677695000032],[98.8136324080001,10.529726025000116],[98.81335590200013,10.529786635000164],[98.81310364200004,10.529945279000117],[98.81293543800012,10.530103974000042],[98.8128359870002,10.530292955000107],[98.81275931700003,10.530716358000063],[98.81274368900017,10.531291029000101],[98.81287329000014,10.531790171000011],[98.81316329300006,10.532402830000024],[98.81365945700009,10.533280266000133],[98.81398897000008,10.533916283000053],[98.81422747200014,10.53440379000017],[98.81458522300017,10.535142436],[98.81476390500018,10.53583667099997],[98.81498715000009,10.536885381000047],[98.81518048600009,10.538037453000186],[98.81523621899998,10.538624166000147],[98.81522713100014,10.538728366000043],[98.81509503500007,10.539017351000098],[98.81492526700004,10.539269016000048],[98.81452938200005,10.539455273999977],[98.81404879900015,10.539454992000117],[98.81333276600014,10.539240106000136],[98.81191957800013,10.538763717000052],[98.8116541170001,10.53872450900019],[98.81145245600004,10.538694723000049],[98.81122232500007,10.538660732000153],[98.81065689000008,10.538734991000183],[98.81011967900014,10.538883863000024],[98.80969549800011,10.53910739800017],[98.80938440200015,10.53932167400012],[98.80929000900005,10.539582705000157],[98.8092710090001,10.539834456000108],[98.80933674200008,10.54020747800007],[98.80981708500013,10.540599398000154],[98.81137138200006,10.541476838000108],[98.81297965700014,10.5423850520001],[98.8147144400001,10.543508906],[98.81638235900016,10.544847368000092],[98.8168993110001,10.545442109000021],[98.81731615000007,10.546020278000128],[98.81751603800006,10.546631347000186],[98.81751577500012,10.54707717700012],[98.8174154840001,10.547357828000145],[98.81708157300011,10.547638342000084],[98.81669765700013,10.547819755000091],[98.81621366500008,10.547918547000108],[98.81556275000008,10.548099802000081],[98.81441102500014,10.548594497000067],[98.81402706600005,10.548841954000011],[98.81379330400006,10.549072987000045],[98.81354272500005,10.549518670000054],[98.81324191300018,10.550245031000031],[98.81297458300008,10.550789777000148],[98.81269051700002,10.551417074000085],[98.8126067190002,10.552011464000088],[98.81255641600006,10.552407727000116],[98.81255617600004,10.552804022000089],[98.81257263400016,10.553183812999976],[98.81267222000002,10.55407553100008],[98.8126053700002,10.554240615000026],[98.81248843600014,10.554438691000087],[98.8122758880001,10.554534932000138],[98.8119454400001,10.554561245000116],[98.81186899300013,10.554553321000185],[98.81152058900005,10.554372067000088],[98.81083660500013,10.554024902000037],[98.81020267600019,10.553694277000147],[98.80968541900012,10.553594893000081],[98.80910136300008,10.553578029000107],[98.80831690900004,10.553792213000065],[98.80741549900006,10.554237495000166],[98.80663084700012,10.554765408000037],[98.80571240000006,10.55575557800006],[98.80541174200005,10.556201223000073],[98.80506077800015,10.557026616000087],[98.80474315700008,10.557901567999977],[98.8044257950001,10.558363714000052],[98.80407497200014,10.558957937000116],[98.80375774400017,10.55920542300015],[98.80350733100016,10.559353876999978],[98.80311270600009,10.559451234000164],[98.8027156670002,10.559450986000115],[98.80255606400004,10.559435845],[98.8019887590001,10.55930339300005],[98.80130406800004,10.55880294900004],[98.80105667000015,10.558527207000168],[98.80070841200012,10.558182176000116],[98.80050726600018,10.558036353000034],[98.80036989600018,10.557958560000088],[98.80024230400011,10.55791962700016],[98.80009017600014,10.557875829000068],[98.79992821600007,10.557866010000055],[98.79976623100004,10.557880479000119],[98.79951587900013,10.557948303000046],[98.7992213240002,10.558045253000046],[98.79897582700005,10.558181078000018],[98.79884323300007,10.558297543000151],[98.79874989500019,10.558414043000028],[98.79867127100005,10.558569405000071],[98.79857785300015,10.558812171000113],[98.7985335460001,10.559011256000133],[98.7985088910001,10.559190933000025],[98.7984891590001,10.559346332000189],[98.79848904500005,10.559521158000052],[98.79850363200012,10.559725148000041],[98.79851683900006,10.559831889000122],[98.79853112000006,10.560254377000092],[98.79861773700009,10.56055507200017],[98.79861590000019,10.560596247000092],[98.79879384000014,10.561480448000168],[98.79932946900016,10.562258592999967],[98.79997255800015,10.562576668000077],[98.8006871120001,10.562789649000024],[98.80243764900013,10.563038358000085],[98.80329537000011,10.563145139000142],[98.80393816399999,10.563463235000029],[98.80436677000012,10.564135024000052],[98.80468492600016,10.565152706000106],[98.80499518000005,10.566905216000123],[98.80558416300005,10.568741578000186],[98.80630024100014,10.570124826000097],[98.8065978790001,10.571228810000093],[98.80695999800008,10.572281928000052],[98.80710439200016,10.573430635000136],[98.80712805500008,10.574268182000083],[98.80717572300011,10.575392897000143],[98.80717680300017,10.57543786500014],[98.80717673900017,10.575468093000154],[98.80703098600009,10.577435110000067],[98.8070556030001,10.578721712000117],[98.80709088100019,10.579429411000149],[98.80730483600001,10.57988852900013],[98.80776221700012,10.580274343000099],[98.80918035000013,10.581039447000137],[98.80950180300016,10.581392346000143],[98.80982323400002,10.581711351000138],[98.80983522400015,10.58175893400005],[98.80970210400017,10.58210952200011],[98.80907322300004,10.583058854000171],[98.80874133500015,10.583507614000155],[98.80841816600014,10.583990911000114],[98.80827837800013,10.584249840000098],[98.80821827100004,10.584385812000164],[98.8077985720002,10.58498900799998],[98.8075076950002,10.586017799000103],[98.8073862710001,10.58680739800019],[98.8074582480001,10.587740693],[98.80765108200006,10.588793707000093],[98.80825532800014,10.589464102000079],[98.80883554100012,10.589895185000103],[98.81047956900005,10.590973005000137],[98.81079381900014,10.591260348],[98.81089022800006,10.591810782999971],[98.81069647000015,10.59224139800017],[98.81018817900014,10.592839329000185],[98.80980098400016,10.593174109000188],[98.80936551700012,10.593341351000163],[98.80854473200014,10.593155217],[98.80851909300003,10.593149402000165],[98.80848256600012,10.593117175000089],[98.80657576400012,10.591434909000156],[98.80641935300002,10.591251509000074],[98.80591408500015,10.590726689000178],[98.80575711500012,10.59056147299998],[98.80564434800016,10.5903477170001],[98.80544834800008,10.589789098000153],[98.80517899400019,10.588807920000136],[98.80506136400004,10.588535885000113],[98.80489468000007,10.588190964000091],[98.80465441000013,10.58779258700008],[98.80428168500009,10.587262998000028],[98.80402663400002,10.586947165000083],[98.80375681200007,10.58671388900018],[98.80349677800007,10.586529178000035],[98.80324652000013,10.586397899000133],[98.80293245000013,10.586256863000187],[98.80267724300006,10.586203278000085],[98.80238274300018,10.586173957000085],[98.80219184000009,10.586189914000045],[98.802138243,10.586158050999984],[98.80160602100005,10.586349152000082],[98.8014606110001,10.586803722000013],[98.80162871500016,10.588670327000045],[98.80189376800013,10.590225910000015],[98.80203827300011,10.591183179000097],[98.80203798100007,10.591637839000043],[98.80172292300011,10.592618751000032],[98.80119038100014,10.593288439000048],[98.8006338670001,10.593623101],[98.79995643100017,10.593933754000034],[98.79898878400013,10.594196362000105],[98.79809709900013,10.594378864000134],[98.7978368700002,10.59440283300006],[98.79766012500005,10.594446431000108],[98.79752755300012,10.594504619000134],[98.79745748300019,10.594554071000118],[98.79731863600011,10.594683190000069],[98.79717435300017,10.59481736500004],[98.79690782500018,10.595535078000012],[98.796907352,10.596252961000175],[98.79707626700008,10.59685130600002],[98.79743863400012,10.59752156400009],[98.79772861300006,10.597928553000088],[98.79809109299998,10.598431303000098],[98.79852626000002,10.598742665000145],[98.79963858000008,10.599198035000143],[98.80043646800016,10.599653201000137],[98.80104079600011,10.600203961999966],[98.80118525700004,10.60123301900012],[98.80120878100001,10.602262000999986],[98.80101472400008,10.603123339000035],[98.80057894300018,10.60374522900014],[98.80014316100016,10.604367118000027],[98.79970754800007,10.604725783000106],[98.79919949600014,10.604892965999966],[98.79873992800015,10.604892672000119],[98.79803859200018,10.604724716000078],[98.7970714290002,10.604197645999989],[98.79593484500015,10.603837971000189],[98.7948115920002,10.603731956000047],[98.79465634300004,10.603706360000047],[98.7940133250001,10.603633092],[98.79364026300016,10.603618274000041],[98.79318372600011,10.603632548000178],[98.79286795600012,10.603685074000055],[98.7924761180002,10.603668202000108],[98.79194398900012,10.603667850000079],[98.79126673400015,10.603667402000042],[98.79056516200018,10.603858371000115],[98.78993600500007,10.604264754000042],[98.78952445400006,10.604790924999975],[98.7890161680001,10.605293103000122],[98.78867735700004,10.605556099000069],[98.78819342000008,10.605818998000075],[98.78775790700018,10.60601014000008],[98.78715314400011,10.606105450000143],[98.78654841400004,10.606152898000119],[98.78584693300013,10.606200282000145],[98.78541160200012,10.606128197000146],[98.7850488680001,10.606008300999974],[98.78446872800009,10.605481456000177],[98.7838163630002,10.604475974000138],[98.78323718700005,10.602585149999982],[98.78301465900012,10.602331617000061],[98.78288951400015,10.602189036000084],[98.78285153000019,10.602158930000087],[98.78249830300018,10.601857587000097],[98.78207150900005,10.601463914000135],[98.78194395700018,10.601356984000176],[98.78182127800005,10.601293766000083],[98.7816789540002,10.601245099000039],[98.78159552,10.601230467000107],[98.78151697600009,10.60123041300011],[98.78117821200016,10.601298177],[98.7810309090001,10.601361207000082],[98.78082464300007,10.601482471000168],[98.7807067550001,10.60158437400014],[98.78046115900003,10.601812464000034],[98.7803628920002,10.601928944000065],[98.78029410600016,10.602016317999983],[98.78008763600013,10.602433830000109],[98.78001383300017,10.602671744000077],[98.77993494900005,10.603147632000173],[98.77993468200009,10.603521577000095],[98.77992662000014,10.603767487000027],[98.77989655100004,10.603930561000027],[98.7799829020002,10.604161921000184],[98.78001264700004,10.604332666000175],[98.78048786300013,10.605668533000141],[98.7805318890002,10.605789603],[98.78069475000012,10.606436026000097],[98.78079111000005,10.606986471000084],[98.78095977900011,10.607895906000124],[98.78112849900003,10.608733553000036],[98.78117859600019,10.609040550000145],[98.78109982800004,10.610376517000134],[98.7809332380001,10.612056360999986],[98.78062814200007,10.613608376000059],[98.78056700200017,10.615230653000083],[98.78058484400009,10.615828726000132],[98.78058148500003,10.615868376000037],[98.78046881500012,10.616079205000176],[98.78013265600015,10.616275960000166],[98.77948546400006,10.616337064000106],[98.77844023100016,10.616114717000073],[98.77755669800018,10.61601560000014],[98.77593880400008,10.616051385000162],[98.774569767,10.616148901000031],[98.773984708,10.616333158000089],[98.77359873600005,10.616566803000183],[98.77357194800015,10.616613366000024],[98.77354591500006,10.616619609999987],[98.77311460500005,10.616920033999975],[98.7728997260001,10.617343819000155],[98.77278716600006,10.61809779500004],[98.77247956000019,10.619143718000146],[98.77246471900008,10.61915837700019],[98.7719227980001,10.619580983000162],[98.77135234800016,10.620031766000068],[98.77096710000012,10.620595483999978],[98.77090977300008,10.621018441000103],[98.77088072100014,10.621751618000076],[98.77095161800008,10.62224516700013],[98.7710280070001,10.622334012000124],[98.77122585300009,10.622493919000135],[98.77128750000014,10.622787246000144],[98.77168033100003,10.623176467000121],[98.77233124300005,10.623424514000135],[98.77373351400018,10.624162608000063],[98.77455612500012,10.624823456000058],[98.77499193100016,10.62556333599997],[98.77508213700014,10.626139739000166],[98.77508175500009,10.626661437000166],[98.7750813830001,10.627169035000065],[98.77495256800017,10.627902141000163],[98.77473823200017,10.628635183000029],[98.77463785900017,10.629452909],[98.77453736100017,10.630439833000139],[98.7746081520001,10.631088481000177],[98.77464384200005,10.631167268000013],[98.7746107230002,10.631400896000173],[98.77487250000013,10.632106532000137],[98.77534373300011,10.632743337000136],[98.77680059500005,10.633872663000147],[98.77696146400012,10.634325949000186],[98.77695935300005,10.63435283399997],[98.77695757700008,10.634375448000071],[98.77687156400015,10.63505218400013],[98.77665737100011,10.63558783000002],[98.77638614200009,10.636151635000033],[98.77621475900008,10.63661681100018],[98.77601490900003,10.637025566000148],[98.77597757600006,10.637566327000059],[98.77594287900013,10.638068910000129],[98.77595162000006,10.638687161000064],[98.77595643400008,10.639027715000168],[98.77620271400002,10.639869124000086],[98.77627810100017,10.640470015000119],[98.77664036600004,10.641262778999987],[98.77768832700013,10.64253876500004],[98.777958684,10.642800529000056],[98.77807740000009,10.642963107000185],[98.77815357200018,10.643008124000062],[98.77820368600004,10.643037742000047],[98.77890007000013,10.643711988000064],[98.78077799400006,10.644649362000166],[98.78192187400003,10.6456359660001],[98.78291095900005,10.64697183100003],[98.78347965100005,10.64844980100014],[98.78379510400009,10.650074595999968],[98.78411582799998,10.651472155000079],[98.78427554900014,10.653131885999983],[98.78418886600019,10.65362873700019],[98.7840898450001,10.653782418],[98.78386398700002,10.654104959000108],[98.78329339700008,10.65487332400005],[98.78268601000019,10.656364076999978],[98.7826248500001,10.657998759000066],[98.78271364200015,10.659750012000131],[98.78260711800004,10.661245638000025],[98.78216935600005,10.663279143000182],[98.78174699200014,10.664933942000062],[98.78196378700005,10.666685253000082],[98.78192572600017,10.668331279000029],[98.78160670600005,10.67011388700007],[98.7814965300002,10.670473079000146],[98.781321645,10.670869150000158],[98.78112166900019,10.67143300700019],[98.78099285700017,10.67215201100015],[98.78096373000017,10.673012085999972],[98.78100606300018,10.673618412000053],[98.7810199340002,10.674154218000183],[98.78100512400005,10.674929703000089],[98.78080507400017,10.675592259000041],[98.78057651100016,10.67625479600008],[98.78030536200004,10.67666350200011],[98.78003421400018,10.67707220900013],[98.77976305400011,10.67749501500009],[98.77966295000016,10.677932043],[98.77966268600017,10.678298639000161],[98.779861837,10.678890976000048],[98.78014663700014,10.679328273000067],[98.78054545999998,10.67979385200016],[98.78080165800009,10.680358027000182],[98.78129960800004,10.681754266000155],[98.78178359900005,10.682741599000053],[98.78258101200004,10.684025246000147],[98.78293716900009,10.684363890999975],[98.7833077620001,10.684448748000023],[98.78353122700003,10.684362001000181],[98.78374315600007,10.684107186000176],[98.7838474670001,10.683974730000045],[98.78385417000004,10.683966218000023],[98.783936665,10.683861466000053],[98.78411173500012,10.683652154000185],[98.78431439299999,10.683488391000026],[98.78436981200008,10.683233467999969],[98.78422266400014,10.683014829000115],[98.78402029000011,10.682777940000108],[98.78384553500013,10.68254107000007],[98.78367999200003,10.682295100000147],[98.78365249600006,10.682122071000151],[98.78368949600008,10.681876242000158],[98.78379089500004,10.681694198000173],[98.78386466800004,10.681521240000052],[98.7839477060001,10.681266336000135],[98.7840859750001,10.68102057700014],[98.78432548300003,10.680820416000188],[98.78458336400013,10.680674902000021],[98.78480435400013,10.680620419000036],[98.78509895100007,10.68062972700011],[98.78536586500013,10.680730074000166],[98.7855223410001,10.680775711000138],[98.7857893330002,10.680766787999971],[98.78606556200003,10.680712342000106],[98.7862220520002,10.680739766000045],[98.78650736500009,10.680858335000039],[98.78687535400007,10.681241029000091],[98.78723419900018,10.681532657000048],[98.7872888240002,10.681563037000046],[98.78734758500013,10.681650328000103],[98.7876691570001,10.681933165000146],[98.78827677200019,10.682216224],[98.78892008500003,10.682499275000055],[98.78945590500018,10.682888536000064],[98.78981300800012,10.683419004000086],[98.79070642000016,10.683632131000024],[98.79109959900006,10.684092529000111],[98.79120637800014,10.684657873000162],[98.79115219200008,10.685347427000181],[98.79093378800013,10.68599380300003],[98.79083831600008,10.686028474000125],[98.79076022000015,10.68606069600014],[98.79071709300007,10.686091780000027],[98.79053170600008,10.686251846000175],[98.79029208100008,10.68651195199999],[98.79021950900011,10.686614347000045],[98.790155202,10.686745425000026],[98.79012612000008,10.686862194000014],[98.7901156480001,10.687024036000082],[98.7901217860001,10.687134681000089],[98.79013622300016,10.687233037000055],[98.79017964700017,10.68733960100019],[98.79018983400005,10.687354279000147],[98.79026814700006,10.687599134000095],[98.79043363300008,10.68793615800007],[98.79060844600002,10.68810017900006],[98.79088456900007,10.68820963200011],[98.79127123400019,10.688228103000142],[98.79187885000016,10.688255826000045],[98.79224698300015,10.688447292000092],[98.79263334000007,10.688921047000122],[98.7930105210001,10.689349267000182],[98.79325867400013,10.68997772800003],[98.79345171800009,10.690414931000078],[98.79351590099998,10.69080652000008],[98.79349719200013,10.691243584000176],[98.79345088100013,10.691653311000039],[98.79347810100006,10.692245204000073],[98.7934870250001,10.692664073],[98.79355129300006,10.692928182000117],[98.79379972700019,10.693146883000168],[98.79420466400006,10.693383901000061],[98.79444394200016,10.693529750000152],[98.79464630100011,10.693812162000086],[98.79492225299998,10.694185679000157],[98.79502336300004,10.694431600000144],[98.79514289100013,10.694668427000124],[98.7952163440001,10.694968964000054],[98.7952344950001,10.695360525000183],[98.79525272000006,10.69564281300012],[98.79540909000008,10.695861455000056],[98.7955747330002,10.695979938],[98.79574960200017,10.696071109000172],[98.79586913800011,10.696298831000036],[98.79593333800011,10.696672208000109],[98.796034497,10.69684528300013],[98.79615403400004,10.697073005000107],[98.7962644010002,10.697246087000053],[98.79632875100003,10.69739182000012],[98.79643880800018,10.69748037900007],[98.79652622200013,10.69751156600006],[98.7965732560001,10.697528347000116],[98.79680860500014,10.69759012500009],[98.79707852700005,10.697713550000117],[98.79720298700005,10.697953281000139],[98.79730670300012,10.698151916000143],[98.79765263800005,10.69849449800006],[98.79790866000008,10.698700079000105],[98.79811624900015,10.698864546000095],[98.79828930200017,10.698905740000157],[98.79855930900004,10.698905915000068],[98.79888478200002,10.69878287600011],[98.79918266200019,10.698509181000134],[98.79951511100006,10.698303979],[98.79968131500016,10.698235616000147],[98.79986824100013,10.698235736000129],[98.800124369,10.698283830000037],[98.8003251130001,10.698331888000098],[98.80052581000012,10.698448418000169],[98.80083720800013,10.698674573000119],[98.80123852800011,10.69902403400016],[98.80147379900012,10.699209057000132],[98.80166067300013,10.699291342000095],[98.80186141500002,10.699339399000053],[98.80190213100019,10.69935231400018],[98.8021381870002,10.69958607500007],[98.80236651100006,10.699805327999968],[98.80248205900006,10.699920791000011],[98.80269148000008,10.700462860000016],[98.80279509000013,10.700832672000047],[98.80296788800018,10.701271],[98.80319854400011,10.701732689000039],[98.80325528500009,10.70209901200002],[98.80322657800008,10.702437105000058],[98.80326440100015,10.702690714000141],[98.80332122800013,10.70292554700012],[98.80339699300009,10.70324492200018],[98.80340633900016,10.703479728000048],[98.80340621800002,10.703667568000128],[98.80333007000013,10.703939887000047],[98.80316714000014,10.704066329],[98.80313052800017,10.704118209000058],[98.80287402700014,10.70426831900005],[98.8024901980001,10.704492303000109],[98.80245602100001,10.70451224500016],[98.80224703800008,10.704606032000186],[98.80198096400005,10.704868838999971],[98.80177193100008,10.70503776300012],[98.80161038600016,10.70519732200006],[98.80139187400016,10.70533806400016],[98.80134882100009,10.70538058800014],[98.8012493350002,10.705478852999988],[98.80109357900011,10.705601923000074],[98.80105930500008,10.705629003000183],[98.80094524300006,10.705788594000126],[98.80094507100006,10.706051569000124],[98.80094488700007,10.706333328000085],[98.80094474600014,10.706549344000052],[98.80107758200012,10.706727876000059],[98.80112502300005,10.706793649000076],[98.80127689400007,10.70690645100018],[98.801685217,10.706953668999972],[98.80193212800009,10.706953826000074],[98.80219804600011,10.706935211000086],[98.80250200900008,10.706822701000021],[98.80278697900008,10.706710177000105],[98.80310038500005,10.706682199999989],[98.80356568700017,10.706729453000094],[98.8039739240001,10.706908158000033],[98.8044107140002,10.70699296000015],[98.80463857800004,10.707077630000015],[98.80495190500011,10.707171745000096],[98.80537921600006,10.707228365000162],[98.80582552600004,10.707275602000095],[98.80627181199998,10.70736040800017],[98.80647119400015,10.707435668000187],[98.80689852300009,10.707464110000046],[98.80722140800003,10.707464310000034],[98.80745878200014,10.707530200000178],[98.80763918800017,10.707577270000172],[98.80781954000014,10.707708869000157],[98.80819902700006,10.708310189000144],[98.80847427100008,10.708563942000069],[98.80879694900011,10.708892860000105],[98.80941389700018,10.709428580000065],[98.81007817900007,10.710208519],[98.8108848440001,10.711101248999967],[98.81152074800013,10.711712111000054],[98.811843382,10.712125553000021],[98.81205213100014,10.712416830000052],[98.81231783100014,10.712755103000063],[98.81253362400014,10.712998247000087],[98.81254813400005,10.71318661200013],[98.81236906200019,10.713469122000049],[98.81190428899998,10.713575123000055],[98.81175090500011,10.713537187999975],[98.81154816200012,10.71344964500014],[98.81131077300012,10.713402540000061],[98.8112355990001,10.713409747000014],[98.81118938800012,10.713398318000031],[98.81043858600015,10.71343290699997],[98.80993798100019,10.71375030200005],[98.8095803020002,10.71403381100015],[98.80947291500007,10.714192745000162],[98.80942039400009,10.714227883000035],[98.80929677600017,10.714481392000152],[98.809268115,10.714753741000038],[98.80927738300011,10.715120033000119],[98.80939103500009,10.715617878000046],[98.8094763110002,10.715927866000072],[98.80966611399998,10.716143997000131],[98.8100743400002,10.716369653000129],[98.81080540700003,10.716680034000149],[98.81231506600017,10.717244464000146],[98.81296061500018,10.717639315000042],[98.81344475700013,10.717968325000072],[98.8141378850001,10.718212931999972],[98.8147551300001,10.71830721800012],[98.81538187600006,10.718392118000054],[98.8159136820002,10.718430002],[98.81660698200017,10.718392841000025],[98.81722428500018,10.718393204000165],[98.81758511300018,10.718487336000123],[98.8181357000002,10.718882122000082],[98.81842043100005,10.719182830000136],[98.81857225400006,10.719398934000083],[98.81882848700002,10.71970901900005],[98.81882834200013,10.719953211000188],[98.81883771100007,10.720169232000046],[98.81868554000005,10.720535429000051],[98.8185427050002,10.721174002],[98.81836189100017,10.72179376500003],[98.81842792400005,10.72254516200013],[98.81859840600009,10.723324795000053],[98.81898728500005,10.724170299000036],[98.8192529550002,10.724593092000134],[98.81967064500009,10.724903269000094],[98.82033528100004,10.725185414000123],[98.82142727200005,10.72549597700015],[98.82207301400018,10.725609050000173],[98.8225668230001,10.725684468],[98.82308912600007,10.725759901000117],[98.82344997500013,10.725835242000073],[98.82368727500005,10.72606078300015],[98.82375265900015,10.72624216000014],[98.82378207900013,10.72689071700006],[98.82374357200018,10.727244204000101],[98.82363878600006,10.727788879000116],[98.8236224900001,10.728326353],[98.8234608300001,10.728944552000087],[98.82313849300016,10.729898532000163],[98.82299517000007,10.730606158000114],[98.82300317800002,10.730715027000144],[98.82291519300014,10.730887819000031],[98.82283905500003,10.731160144000114],[98.82282937200006,10.73147946500012],[98.8228577390002,10.73169549700009],[98.82313301500005,10.731949236],[98.82340832900007,10.732137232000127],[98.82405408600016,10.732250301000136],[98.82471886000008,10.732325812000113],[98.82527915200006,10.732420048000051],[98.82576344500006,10.732551806000117],[98.82657060500009,10.732758881000109],[98.82735879000018,10.732937766000077],[98.82790955900003,10.733078951000152],[98.8283938260002,10.7332576660001],[98.82892545000016,10.7336712070001],[98.82912469100017,10.734037602000171],[98.82956136700011,10.734404128999984],[98.8299599880001,10.734892729000137],[98.83054855400013,10.735390825000138],[98.83076683300015,10.735682095000072],[98.83108954600016,10.736048558000107],[98.831355363,10.736255326000162],[98.83149766400015,10.736546554000086],[98.83151262500007,10.736571555000125],[98.83150700900012,10.736604907000014],[98.83132799800018,10.737312516000031],[98.83099708800012,10.738219008999977],[98.83098754300016,10.73826376500017],[98.8309743440002,10.738265001000059],[98.83090783900013,10.738302531000159],[98.83083180200015,10.738405802999978],[98.83085044600006,10.739035075],[98.83088830200018,10.739279287000159],[98.83097361300003,10.739579877000153],[98.83129628200004,10.740030866000097],[98.8317803130002,10.74066039000013],[98.83204606600003,10.740989253000066],[98.83252078800007,10.741280660000086],[98.83302404700004,10.74149694600004],[98.83388830500019,10.741553762000137],[98.83417322600019,10.741572697000038],[98.83459116900008,10.741488391000132],[98.8350566420001,10.741328976000034],[98.83529410000006,10.741300926000179],[98.83552206400009,10.741263478000121],[98.83575947100007,10.741329348000022],[98.8357879130001,10.741423281999971],[98.835730839,10.741582915000151],[98.83561672100018,10.74185522300013],[98.83559886100011,10.74187957900017],[98.83523605800019,10.742205248000062],[98.83514683400011,10.7423743330001],[98.8349419720002,10.74261561600008],[98.83465691700019,10.742840872000045],[98.83455232600011,10.743056830000171],[98.83466610300002,10.743413785000087],[98.83482739200014,10.743733197999973],[98.83523562300007,10.744052742000122],[98.83578626400009,10.744475672000135],[98.83599512300003,10.744644838000113],[98.83633681100008,10.745077048000155],[98.83646954300002,10.745518541000024],[98.83662130100015,10.74590369100008],[98.8368300360001,10.746307656],[98.83702931800008,10.746627088000139],[98.83733305800018,10.746984141000098],[98.83757039900019,10.747181496],[98.83779829300005,10.747284928000056],[98.83806827300015,10.747328923000055],[98.83827408300016,10.747321203000126],[98.83851951100019,10.74723523],[98.83869367500006,10.747196183000085],[98.83887893399998,10.747137212999974],[98.8390628520001,10.747127735999982],[98.8391499330001,10.747194783000111],[98.83918859100015,10.747309664000113],[98.839159435,10.747529798000073],[98.83898484600007,10.748199728000088],[98.83874250900016,10.748850478000065],[98.8385292820002,10.749367240000026],[98.83837394300002,10.75023818600016],[98.83829602000009,10.75114626100003],[98.83833195700015,10.751828263000164],[98.83834387300004,10.752175244],[98.83848892300017,10.752450507000162],[98.83867032400013,10.752630071000056],[98.83914205000008,10.752941395000107],[98.83918788400018,10.752986768000028],[98.83942533300018,10.75331595900019],[98.839654306,10.753592956999967],[98.83977079500016,10.753779246000022],[98.83985543700004,10.753886971000156],[98.8399642980001,10.753958814000157],[98.84007000800011,10.753935644000023],[98.8401255060001,10.753978798000048],[98.84033874800019,10.753978908000022],[98.84058229100015,10.753919125000152],[98.84079567500004,10.753647924000177],[98.84091759400008,10.753347253000072],[98.84107002700017,10.753135914000097],[98.84140509100018,10.753016250000144],[98.8416788450001,10.753136225000048],[98.84201378500012,10.753257353000095],[98.84399288200018,10.753649547000066],[98.84438865200008,10.753860012000132],[98.84459809400016,10.754029818000163],[98.84459849100011,10.754032957000163],[98.84462251100013,10.754379944],[98.8447433880001,10.7546192960001],[98.8448883600002,10.755062061000046],[98.84499708200013,10.755409090000057],[98.84511016000005,10.755514797000046],[98.84530145899998,10.755757464000112],[98.84560571800006,10.756088868000177],[98.84580739,10.756363496000176],[98.84577095700013,10.756426470000065],[98.84560147900015,10.756581925000035],[98.84535939500017,10.756749310000089],[98.84505680500018,10.756928629000129],[98.8447904840001,10.757167788000118],[98.8446693510001,10.757430950000014],[98.84459663500013,10.757658241000115],[98.84460863600015,10.757849681000096],[98.84469327400006,10.757969371000058],[98.84483843800012,10.758041231000163],[98.845044131,10.758053298],[98.84517856000002,10.757996408999986],[98.84517851800007,10.758076120000112],[98.84533049300012,10.75825708200017],[98.84560453900019,10.758407549000083],[98.84603091700012,10.758558128],[98.84626085400009,10.758672339000157],[98.84627791700012,10.758867506000058],[98.84627779600004,10.759106799000051],[98.84632601500005,10.759465762000161],[98.84638637500007,10.759740979000128],[98.84643175200017,10.759905828000171],[98.846452291,10.759940511000082],[98.84650400800012,10.76006569500015],[98.84656150300015,10.760145370000089],[98.84667963600009,10.760215536000032],[98.84670529700014,10.76023077800005],[98.84691815200011,10.760276396000108],[98.8471770660002,10.760259456000085],[98.84723016800018,10.760258118000024],[98.8474002270001,10.760426418000065],[98.84782655500004,10.760667463],[98.84922683800016,10.761240156000099],[98.84958868900014,10.761411462000012],[98.84954688300007,10.761489452000092],[98.84943750800016,10.7616088690001],[98.84934536400004,10.761785186000054],[98.84925894300005,10.76202408600011],[98.8492865660001,10.762249371000166],[98.84929413800006,10.762311122000028],[98.8494341980001,10.762542197000073],[98.84965190600013,10.762733737000133],[98.85000684800002,10.762973538000153],[98.85004824600009,10.763137585000152],[98.85023076900018,10.763378465000187],[98.8505656260001,10.763679359000037],[98.85111363800013,10.764101308000022],[98.8523680610001,10.765054267000096],[98.85250594700011,10.765201238999964],[98.85340435200015,10.766338573000098],[98.85431931700009,10.767516999000122],[98.85489435300002,10.768152762000057],[98.85491647900011,10.768299072000048],[98.85491640100008,10.768462226000054],[98.85489425900005,10.768755891000126],[98.854894113,10.769060445000093],[98.85504793600006,10.769441210000082],[98.85530061400016,10.77013745100004],[98.85543244700017,10.770496452000145],[98.85552041500017,10.77057263200004],[98.85565236800016,10.770681463000074],[98.855762342,10.770746775000191],[98.85596034900016,10.770746867000184],[98.85629036600017,10.770736144000068],[98.85662038200013,10.770736297000042],[98.85690636000015,10.770801689999985],[98.85715924900006,10.771062852000114],[98.85744513700007,10.771324031000177],[98.8575440800002,10.77145460100013],[98.8576539620002,10.771715697000047],[98.85781885200015,10.771965942000065],[98.85802778000004,10.772140068000056],[98.85817066000016,10.77241205700011],[98.85822553400004,10.772684006000134],[98.85825836900005,10.773042959000065],[98.85832417800003,10.7734563140001],[98.85855502200013,10.773815357000046],[98.85880788800011,10.77413090300007],[98.85899484600014,10.774239758000078],[98.85907473100008,10.77427549600003],[98.85912808100005,10.774262863000104],[98.85923969700002,10.77437361300008],[98.85954440600011,10.774373751000041],[98.85978797700011,10.774283437000065],[98.86012300800002,10.774193129000025],[98.86048836000009,10.774133387000063],[98.86073212000014,10.774283862000175],[98.8607624330001,10.774384019000024],[98.8607450770001,10.774481004000165],[98.860606927,10.774692519000155],[98.8603859540001,10.774883521000163],[98.86008907100017,10.77503353800006],[98.85964720499999,10.775238091000176],[98.85935033000004,10.775367632000155],[98.85930386000013,10.775384840000129],[98.85918463800004,10.775428983000154],[98.8589292440002,10.77541521600017],[98.8587636540002,10.775258166000128],[98.85847376300006,10.775210258000072],[98.85825469700006,10.775210158000107],[98.85821836500008,10.775210141000173],[98.85808030300007,10.775230551999982],[98.85799742800003,10.775319242000023],[98.85795591300007,10.775530800000126],[98.85801103500017,10.775742402000049],[98.8581766010002,10.77595405400018],[98.85834906200017,10.776179360000185],[98.85856300699999,10.776261358],[98.85877698700011,10.77626828100017],[98.85908064700004,10.776398095000047],[98.859625785,10.776773722000144],[98.85984144399998,10.776977693000049],[98.86043170500011,10.777533118000065],[98.86075104300005,10.777801270000055],[98.86106061600015,10.778251280000177],[98.86121539700008,10.77849064100019],[98.86133152000019,10.77858641],[98.86147668600012,10.778682193],[98.86177673000009,10.778806758000144],[98.86196064400019,10.778845128000114],[98.86215422300012,10.778921787000115],[98.8622800710001,10.778921843000148],[98.86248336900019,10.778912361000096],[98.86261890800012,10.778893278000169],[98.86278351300018,10.778816778000078],[98.86278452000016,10.778802931000087],[98.86279071800016,10.778717672000028],[98.86283134900003,10.778650841000115],[98.86302940000019,10.778154633999975],[98.86322781900014,10.777416496],[98.86392858700003,10.776423068999975],[98.86426366100005,10.77630226700012],[98.86458568600017,10.776356186000044],[98.86460789600005,10.776380609],[98.86474653600015,10.776552116000119],[98.8648505340002,10.776643599000124],[98.86504124600003,10.776695117000088],[98.86518573900014,10.776706608999973],[98.86526680500009,10.776693990000126],[98.86545112600015,10.776785519000157],[98.86593846200014,10.776845666000042],[98.86651707400006,10.776724929000068],[98.86707364400013,10.776614403],[98.86746039000013,10.776725096],[98.86756427600005,10.777181542000108],[98.86770249400013,10.777634951000095],[98.86778883800014,10.778019909000136],[98.86780599400015,10.778353513000184],[98.86781457500007,10.778516040000056],[98.86782315400012,10.778678565000064],[98.86782306500004,10.778883855],[98.86783161200015,10.779123366000022],[98.86788345300005,10.77927735500009],[98.86809099400011,10.779474181000182],[98.8682726190001,10.779585457000167],[98.86860127200003,10.779799442000183],[98.8688347050001,10.780141692000086],[98.86906819200016,10.78036419],[98.8691978490001,10.780620858000134],[98.86923235100011,10.780860378000057],[98.86926680700014,10.78120254400011],[98.86930389700018,10.781396022000138],[98.8694052310002,10.781506329000138],[98.86950657000017,10.781606611000086],[98.86963830000008,10.781757025000047],[98.86972947000015,10.781927472000064],[98.86973951900018,10.78213797900014],[98.869749566,10.78234848700015],[98.86976976500017,10.782528926000055],[98.86985077200006,10.782759513000087],[98.87000277900012,10.782909935000077],[98.87004533800018,10.782916966000016],[98.87018401600011,10.78309584200008],[98.87042785200003,10.783095944000081],[98.87067142600011,10.78300561499998],[98.87088480400018,10.78273435],[98.87103727800019,10.782433722],[98.87128091600005,10.78219303200018],[98.87154353200015,10.782193141000107],[98.87158456900005,10.782369300000028],[98.8715946010002,10.782619905000047],[98.871807311,10.783071071000109],[98.87198969400009,10.783321746000126],[98.87225319500016,10.783542382000064],[98.8724964700001,10.783642721000149],[98.87255719300009,10.783665264000149],[98.87255949000019,10.783668870999975],[98.87283325500016,10.78387929500019],[98.87319885600016,10.783879445000025],[98.87338158600016,10.783698625000113],[98.87344254300012,10.783518874000094],[98.8737167020002,10.783488461000161],[98.87389934300012,10.783519060000117],[98.87402130200013,10.783789311000021],[98.87438655300008,10.783910411000079],[98.87469098000014,10.783910533999972],[98.87502696100012,10.784053201000177],[98.87504097900006,10.784094837000055],[98.87515236700006,10.784415650000028],[98.87523332100017,10.784786569000119],[98.87535478100006,10.785267767000107],[98.87535470300008,10.785458223000091],[98.87535466200018,10.78555846300003],[98.8752228240001,10.78565864900014],[98.87505043900012,10.785738771000183],[98.87490844799999,10.785869026000057],[98.87479679000018,10.786199770000053],[98.87484737900019,10.786450391000074],[98.87489801600003,10.78658072200011],[98.87492839000004,10.786680974999967],[98.87495875899998,10.786791251000068],[98.87503983700014,10.786861452000096],[98.87513105300002,10.786931655000103],[98.87527294800014,10.787031953000053],[98.8753742290001,10.78728259200011],[98.87542485500018,10.787442996000038],[98.87549573600012,10.787653528000078],[98.87564774600008,10.78781397300014],[98.87565527300006,10.787818587000118],[98.87566410700009,10.787855319000187],[98.87599898000019,10.788246612000137],[98.87624244400007,10.78842760100008],[98.87654690600004,10.788427722],[98.87688193400004,10.788367956000059],[98.87733887600018,10.788036878000185],[98.87764372100008,10.787736273000064],[98.8778003650001,10.78773633500009],[98.87777679200019,10.787844892000123],[98.87779698800011,10.788045379000096],[98.87782733000012,10.788225822000186],[98.87783740400005,10.788386210000112],[98.87797928900017,10.788516578000099],[98.87812118099998,10.788626898000132],[98.87826022000007,10.788653139000075],[98.87837419200008,10.788850129000025],[98.87858738700004,10.78903109800018],[98.87904418500017,10.789060659000086],[98.87953128900017,10.789000941000097],[98.87989700000014,10.788760292000177],[98.88020162600009,10.78833873299999]]]}},{"type":"Feature","properties":{"districtCode":"TH8505","provinceCode":"TH-85","nameTh":"อำเภอสุขสำราญ","shapeName":"Suk Samran","shapeISO":"TH8505","shapeID":"TH8505","shapeGroup":"THA","shapeType":"ADM2","labelPoint":[98.55403331,9.43561467]},"geometry":{"type":"MultiPolygon","coordinates":[[[[98.468229028,9.562182010000129],[98.46813496600004,9.56199460900018],[98.46809138999998,9.561719873000186],[98.46804161900008,9.561376492000136],[98.46797937200017,9.56095815600014],[98.46795459400005,9.56071467900017],[98.4679554670002,9.56015287800011],[98.46793118400007,9.55978853],[98.46788792200005,9.559473685000171],[98.46778976899998,9.559299872000054],[98.46753867400008,9.559028152000167],[98.4672110570001,9.558767144000058],[98.4670580240001,9.55872349100008],[98.46688294500012,9.558788358000015],[98.46666402200003,9.558929130000138],[98.46641223400013,9.559124115000031],[98.46640601600018,9.559126949000074],[98.4663838780001,9.559137038000074],[98.46612769800004,9.559253895000097],[98.46578866100015,9.559296803000109],[98.46546061400011,9.559296298000106],[98.46526379500006,9.559274278000089],[98.46515463300011,9.559143892000122],[98.465153537,9.559141150000073],[98.46514996400015,9.559132444000056],[98.46505657700015,9.558904944000062],[98.46494775100007,9.558600850000118],[98.46489363300003,9.558242607000068],[98.46489407400014,9.557960390000062],[98.46480706300014,9.557656340000165],[98.46476360999998,9.55747177600017],[98.46463277200019,9.557221921000178],[98.46444713000011,9.557047972000078],[98.46428327800004,9.556939167000053],[98.46423398300016,9.556926855000086],[98.46422395600013,9.55691291800008],[98.46416117600006,9.55690866800012],[98.46397232900017,9.556895880000127],[98.4638515050001,9.55688769600016],[98.46362791900009,9.556948973000146],[98.46355474300009,9.556987281000147],[98.46352229500008,9.557004269000117],[98.46342286700019,9.557065735000037],[98.46337853700004,9.557113988000026],[98.46336067900017,9.557133423000153],[98.46326747300009,9.557188737000104],[98.46311215400016,9.55726244200008],[98.4630483570001,9.557262343000161],[98.46295074400012,9.557262193000156],[98.46246025600004,9.557292249000113],[98.46188695300009,9.557337082],[98.46176486000002,9.55734663100003],[98.46130541100013,9.557376728000122],[98.46088314200011,9.557450015000029],[98.46076993100007,9.557480907000127],[98.46070779500008,9.557475599000043],[98.46057570100015,9.55737329100009],[98.46055521800014,9.557317107000074],[98.46051322500011,9.55720192300015],[98.46048219600016,9.556983892000119],[98.46048222700006,9.556963802000041],[98.46048271100011,9.556656918000044],[98.46049966800018,9.55654038],[98.46049990600017,9.556389546000162],[98.46050062500012,9.556381179000084],[98.46051255900005,9.55624167700006],[98.46060588200004,9.55611241500003],[98.46082980100005,9.555841631000021],[98.4611344830002,9.555534003000162],[98.4615757860002,9.555195771000058],[98.46212419700004,9.554809059000036],[98.46219412800019,9.554732175000083],[98.46222032800006,9.554699001000131],[98.46236295100005,9.554518419000146],[98.46236488800014,9.554470223000067],[98.46236731800013,9.554409760000112],[98.46236868000005,9.554375879000077],[98.46237114300004,9.554314589000171],[98.4623690430002,9.554140658000051],[98.4623691220001,9.554090755000118],[98.46233344300009,9.553888230000155],[98.46232247600017,9.553825987000039],[98.46225046900014,9.55358156799997],[98.46224379000006,9.553527861000077],[98.46235357100016,9.5532567140001],[98.46245238800009,9.552996360000066],[98.46257315100002,9.552670940000155],[98.46274408400006,9.552394284000172],[98.46278831200016,9.552322690000096],[98.46281434500008,9.552280550000148],[98.4629677960001,9.552052844000173],[98.46318682800012,9.55184699199998],[98.4634562490001,9.551698939000062],[98.46348230000001,9.551684622000039],[98.46352282700008,9.551670209],[98.46402938500006,9.55149009500002],[98.46433580100006,9.551316884000187],[98.46462037300012,9.551154506000046],[98.46478468400016,9.55098113300005],[98.46486156000009,9.550764152999989],[98.46512508300015,9.55005905400003],[98.46542208700004,9.548930681],[98.46572953000015,9.548138813000037],[98.46601470500002,9.547553154000184],[98.46609986700014,9.547370743999977],[98.46621220800012,9.54713012500008],[98.46644242100007,9.546761462],[98.46674908500006,9.546425451],[98.46718705900003,9.546067960000016],[98.46771243299997,9.545732267000062],[98.46808471900005,9.545418064000103],[98.46830391500009,9.545071093000047],[98.46842472300011,9.544734779000123],[98.46858944900009,9.544290043000103],[98.46859018900017,9.543812445000185],[98.46851441700011,9.543313040000157],[98.47904853100005,9.546830688000057],[98.47920842200006,9.547023564000028],[98.47925787100013,9.547083212000189],[98.47931833500013,9.54718397500011],[98.4794863080001,9.54746391000009],[98.47957762700014,9.547641125000098],[98.47967375200017,9.547842237],[98.47977470200016,9.548024244999965],[98.47983228200013,9.548201421000044],[98.47987051400008,9.548431156000163],[98.47987448000009,9.548845911000114],[98.4799524030002,9.549194016000058],[98.4800283410001,9.549650513000074],[98.48012470100008,9.549911688000066],[98.48013753300006,9.550097670000014],[98.4801840250002,9.550771485999974],[98.48012277900011,9.55202030200013],[98.480145429,9.552739048000092],[98.48019273100005,9.552856940000083],[98.4803351010001,9.552904282999975],[98.4804300420002,9.552916207000067],[98.48050133400005,9.552869183000098],[98.48054901000012,9.552739651000024],[98.48061723200004,9.552582300999973],[98.48072000100012,9.552221692000103],[98.4807639030002,9.551927003000117],[98.48142831900014,9.552128293000067],[98.48122617100012,9.552363632000095],[98.48116172000016,9.552494958000125],[98.48113374100006,9.552838338000129],[98.48113706800007,9.553013066],[98.48124786,9.553718614000104],[98.48135335400002,9.554602432000081],[98.4814118480001,9.555168062000178],[98.48139958600012,9.555427251000026],[98.48133989600018,9.555651023000053],[98.48114657500008,9.555927307],[98.48112885800015,9.556062857000029],[98.48109914900004,9.556249742000148],[98.48109892800011,9.556395781000049],[98.48109875100005,9.556512610000027],[98.48110439500016,9.556670340000096],[98.4811749120002,9.556740546000071],[98.48125136600015,9.556775707000043],[98.48135729800003,9.55677586500002],[98.48149274500014,9.556717653000021],[98.48155754500016,9.556676858000117],[98.48164595500003,9.556589368000175],[98.48170358200008,9.556503845000123],[98.48179015800014,9.55618189200004],[98.48214717000019,9.55558153300018],[98.48288430900016,9.554793226000072],[98.48362196000016,9.553663235000101],[98.48418148299999,9.552580107000153],[98.48463417300019,9.551496820000125],[98.48508760400011,9.549918680000133],[98.48533874700018,9.548670142000049],[98.48542309200013,9.547833734000108],[98.48542629200006,9.547743029000173],[98.49144292100004,9.548105288000045],[98.49146748600003,9.546088266000083],[98.49266278800019,9.5331694730001],[98.49308453700019,9.530757215],[98.49345274600017,9.529201057000023],[98.49400482000004,9.527022489000103],[98.4946090110002,9.524947778000126],[98.49542216200007,9.522951192000107],[98.4978860400002,9.518103054000107],[98.49945934700003,9.514550861000089],[98.49966960600011,9.51374687200007],[98.49974887400009,9.513150251000184],[98.49972349700005,9.512631312000167],[98.49969921600007,9.512386697000068],[98.49955305800006,9.511899120000123],[98.49941130800005,9.511644961000172],[98.49875966500008,9.510450559000105],[98.49612628900013,9.506165858000031],[98.49453632700005,9.503257733000055],[98.49391150100001,9.501622300000179],[98.49328812300013,9.499000958000181],[98.49305532400018,9.497366091000174],[98.49300431500012,9.496509836000087],[98.49324843800014,9.495547709000164],[98.49344817800016,9.49517468200014],[98.49354138000007,9.495054756000172],[98.49371835500006,9.494898007000074],[98.49383441300006,9.494820140000115],[98.49399305000014,9.494713699999977],[98.49447708700012,9.494506605000026],[98.49490526400012,9.494331757000111],[98.49579408500017,9.49404212900015],[98.49605170300003,9.493974792000131],[98.49681309900012,9.493775767000102],[98.49753417400018,9.493684450000103],[98.49973456800018,9.493452110000078],[98.50092084800008,9.493310655000187],[98.50116277600006,9.49326482400005],[98.50131451500005,9.493188172000089],[98.50138154800004,9.493154314000094],[98.50150724900004,9.49307137],[98.50179596200019,9.492840900000147],[98.50209874,9.49253195200015],[98.5023456740002,9.492241388000082],[98.50236618500003,9.492214839000098],[98.50240625100014,9.492162979000057],[98.50244363800016,9.492042971000103],[98.50245313000005,9.491909075000024],[98.50244877600005,9.491705892000027],[98.50242441700004,9.491521411000122],[98.502398163,9.4913225520001],[98.50218569800012,9.490287898000076],[98.50218136700005,9.49006624700013],[98.50219085800018,9.489936963000105],[98.5022423150001,9.489733860000058],[98.50230763700017,9.489590804000159],[98.50239073400002,9.489435530000094],[98.50243356200019,9.489355482000065],[98.50267125600016,9.489023354000096],[98.50272260000014,9.488894135000123],[98.5027413360001,9.48880180700013],[98.50274148900019,9.48869559700006],[98.50273699700017,9.48858938899997],[98.50272788600006,9.488455464000026],[98.50271410500005,9.488330765000057],[98.50268165800014,9.488256836000062],[98.50264752100003,9.488188811000043],[98.50263064100005,9.488155179000103],[98.50262683900013,9.488150854000025],[98.50253312400008,9.488044218000084],[98.50217552600014,9.487669680000181],[98.5020855320002,9.487530261000074],[98.502050221,9.487475558000085],[98.50202600800003,9.487434556000096],[98.50200382200018,9.487396995000097],[98.50199896300006,9.48737391800006],[98.50198534600008,9.487309228000186],[98.50198546600006,9.487226113000133],[98.50198561899998,9.487119911000093],[98.50201374100004,9.486972183000091],[98.50210793200006,9.486675332000175],[98.50211185700016,9.486662936000187],[98.50212593300006,9.48657984300013],[98.50212600600014,9.486529053000027],[98.50211678200009,9.486473625000087],[98.50209363300007,9.486399709000182],[98.5020876660002,9.486389411],[98.50183381900007,9.48595142400012],[98.50175497900011,9.485789702000034],[98.50173181700012,9.4857250230001],[98.50165341200011,9.485263138],[98.50165823700007,9.485143094000023],[98.50167234899999,9.485036903000037],[98.50170503600015,9.484944595000059],[98.50174700800005,9.48486615400003],[98.50180758400012,9.484792362000121],[98.50188212200004,9.484709348000024],[98.50197060699998,9.484630976000119],[98.50203580100009,9.484575663000044],[98.50209174400015,9.48448800000017],[98.50215240000006,9.484354175000021],[98.50225974500012,9.484095739000168],[98.50232503500018,9.483980390999989],[98.50242290200003,9.483841999000106],[98.50255336400016,9.483685186],[98.50266514200018,9.48357914200011],[98.50275824400006,9.483523858000183],[98.50284202300014,9.483482422000122],[98.50293044000011,9.483454839000046],[98.5032655190002,9.483388523000087],[98.50353997400009,9.483361203000129],[98.50369811800005,9.483356815000093],[98.50379576700004,9.483375425000077],[98.50387010600002,9.483430945],[98.50391186000013,9.48350488],[98.50393964800014,9.483588042000122],[98.50393481600008,9.483712706000176],[98.50392997,9.48384661100016],[98.50399480100015,9.484045265000077],[98.50408288400007,9.484243947000152],[98.50427787000001,9.484498194000139],[98.50451016300013,9.484683228000165],[98.50470534200008,9.484803564000174],[98.50486801400018,9.484886911000046],[98.5049517180002,9.484896266000021],[98.50504011600003,9.484877923],[98.50515646700018,9.484827291000101],[98.50541712300009,9.484693748000154],[98.50557067500017,9.484647789000178],[98.50565907200007,9.484634057000108],[98.5057753390002,9.48463884000006],[98.50595208700008,9.484639089000154],[98.5062590610001,9.484639522000123],[98.50660391100018,9.484580263999987],[98.50755288700003,9.484481174000166],[98.50792260600014,9.484516320000012],[98.50807949900008,9.48457195200001],[98.5081387400001,9.484618356000112],[98.50823017000005,9.484717187000058],[98.50831365400018,9.4848809450001],[98.5084074020001,9.485184971000024],[98.50855069400006,9.485608557999967],[98.50866549400018,9.48583469100015],[98.50872454000006,9.485903976000088],[98.50878342000016,9.485927890000141],[98.508860341,9.48593463900005],[98.50892057100003,9.485914798000124],[98.5090176870001,9.485835237000174],[98.50912820200006,9.485739091000028],[98.50922201400004,9.485629637000045],[98.50930242499999,9.485533448000183],[98.50939616500011,9.48547381000003],[98.50949653900011,9.485454023999978],[98.50959353000019,9.485460803000137],[98.50964029400018,9.485507355000038],[98.50967699300008,9.485570504000066],[98.50974363800003,9.485746595000137],[98.50979704100007,9.485829687000091],[98.50983376400018,9.485876225000027],[98.50988056100005,9.485899537000023],[98.50992069400007,9.485899594000102],[98.51011814100019,9.485830137000107],[98.5101583330001,9.485793662000049],[98.51018515600015,9.485743894000166],[98.51021868700013,9.485687482000117],[98.51025889100009,9.485644372000138],[98.510322475,9.485617895000132],[98.51040611900004,9.485601406000114],[98.5106268790002,9.485598393000146],[98.51080752900003,9.485582047000037],[98.51106848,9.485542562000035],[98.51136623000014,9.485499804000028],[98.51163388200007,9.485453692000135],[98.51174094400005,9.485433914000112],[98.51182457800007,9.485424067999986],[98.51192491100011,9.485427530000095],[98.51201189000011,9.485417686000176],[98.51207882700004,9.485391219000064],[98.51219932200019,9.485331617999975],[98.51234385100014,9.485273207000034],[98.51255797100009,9.485238085000162],[98.51285532100019,9.485214883000026],[98.5130217950001,9.48523282399998],[98.51327144100014,9.485304016000043],[98.513443785,9.485375100000056],[98.51371125300011,9.485458120000146],[98.51393711900016,9.485523369000134],[98.514085707,9.485576704000039],[98.51415901000013,9.485593612000173],[98.5143175410002,9.485630161000074],[98.51459698800011,9.48565416700012],[98.51495371300007,9.485691061000182],[98.51533423800004,9.485723075000124],[98.51568311800008,9.485699948000104],[98.51594485900017,9.485629464000112],[98.5161670330001,9.485503828000049],[98.51643692200014,9.485275931999979],[98.51669089300009,9.485087373000113],[98.51689711300008,9.485032559000047],[98.51719051800012,9.48499360500017],[98.51781681000006,9.485033826000063],[98.51816564500007,9.485050047000072],[98.5183559850002,9.485003080000183],[98.5184829580001,9.484924540000065],[98.51860210100011,9.484767280000028],[98.51878503600005,9.484350351000046],[98.51903945200019,9.483846936000077],[98.51927782900009,9.483469434000085],[98.51949218600015,9.483257208000111],[98.51975404500007,9.48310013500003],[98.52007924000003,9.483006124000156],[98.52044401300014,9.482959397000116],[98.5208562250001,9.483007187000112],[98.52144276400008,9.483126065000022],[98.5219500500001,9.48322121200016],[98.52237813500011,9.483261155000037],[98.52296479800003,9.483285562000162],[98.52327398500017,9.483301723000181],[98.52348007700016,9.483333492000042],[98.52366234300013,9.483396709000033],[98.52376725600004,9.483471926000107],[98.52386036500019,9.483538668000165],[98.52397913500005,9.483649025000148],[98.52405730000004,9.483740389000047],[98.5242330590001,9.483947496000042],[98.52432799700011,9.484089309000126],[98.52439122300007,9.48423895500008],[98.52443054100007,9.484475147000069],[98.52453328400014,9.484711426],[98.52465199500011,9.484869020000076],[98.52480246000005,9.48499515800006],[98.52522236400017,9.485216128000047],[98.52553932000006,9.485350370000106],[98.52592761200009,9.485500457],[98.52635556400014,9.485634841000149],[98.52685493800004,9.485722103000057],[98.52730682000015,9.485754200000144],[98.52783013900017,9.485723420000056],[98.52847244200012,9.485653438000156],[98.52912279000009,9.485496889000103],[98.5299556290002,9.485246129000132],[98.53087573900012,9.484940379000022],[98.53144680500009,9.484783714000116],[98.53207342200017,9.484587768999972],[98.53294589500018,9.484337046000121],[98.53361209200011,9.484180510000158],[98.53425449800017,9.484031811000023],[98.53468276500018,9.483937925000077],[98.53493219800009,9.48389304300008],[98.53516191000011,9.483867037000039],[98.53666273500005,9.483832087000167],[98.5374688710001,9.483882411000081],[98.53877702700015,9.484161197000049],[98.53967583700012,9.484470221000038],[98.54092165600008,9.48499519700016],[98.54182036500009,9.485384256000088],[98.54191434500007,9.48543499900012],[98.54233473200009,9.485661988000174],[98.54262597000002,9.485834765000163],[98.54265272900005,9.485855247000075],[98.54285428800011,9.485987364000096],[98.54295719700019,9.486113449000129],[98.54300454200012,9.486278805000097],[98.54302781100017,9.486672401000021],[98.5430829840002,9.48691648800002],[98.54323322600004,9.48722366800007],[98.54339943899998,9.487436416000037],[98.54361329300013,9.487601987000176],[98.54393022600016,9.487759827000104],[98.54432650500013,9.487870544000089],[98.54475452300005,9.487965558000155],[98.54545993400006,9.488139645000047],[98.5459434980001,9.488195371000074],[98.54630025400013,9.488219444000038],[98.54647489200016,9.488197067000044],[98.546665029,9.488172688000077],[98.54697439000012,9.48806289300012],[98.54730774800015,9.487787825999987],[98.54762526300004,9.48750486800003],[98.54795867700011,9.487190443000031],[98.54807956700017,9.487082321000173],[98.54820474900004,9.486970361000147],[98.54837944500014,9.486765928000182],[98.54849457900002,9.48662294400009],[98.54849856500005,9.48661652800007],[98.54886392400016,9.48612110900001],[98.54923703700018,9.48575949800005],[98.549562412,9.485523776999969],[98.54992734500013,9.48535894500003],[98.55033179600008,9.485280756000066],[98.55076786400014,9.485281316000112],[98.55116420300016,9.485344792000035],[98.55167150000011,9.485447768000029],[98.5522738800002,9.485590231000174],[98.55286032700013,9.485795633000123],[98.55333571800014,9.486040248],[98.5538269130002,9.48632424900012],[98.55415963100018,9.486545074000048],[98.5544367820001,9.486813047000112],[98.55461880600006,9.487073036000027],[98.55479298000006,9.487270047000038],[98.55495140500011,9.487380446000031],[98.55503135600009,9.487418791000096],[98.55516534700007,9.487483043000111],[98.55539518200015,9.487554180000018],[98.55569639100014,9.487609660000032],[98.5560610940002,9.487625863],[98.5565923330002,9.48760292500009],[98.55707604600013,9.487548441000172],[98.55786905100013,9.487431369000092],[98.55877228100007,9.487233102000118],[98.55907379300015,9.487052432999974],[98.55927228700006,9.48683228300007],[98.55946305000015,9.486462569000025],[98.55956649800015,9.486163590999979],[98.5596539340001,9.485990528000173],[98.55976506200005,9.485888344000045],[98.55987612500013,9.485841255000139],[98.56012498799998,9.485790108000117],[98.56022617800005,9.48578342400009],[98.56068512800016,9.48575936800006],[98.56158651700008,9.485689697000055],[98.56181343800012,9.485663164000073],[98.56212807100007,9.485647297000071],[98.56267517800018,9.485616492000133],[98.56324605800012,9.485593587999972],[98.56374554500019,9.48560207800017],[98.56415778700017,9.485634080000125],[98.56467301000009,9.485737047000043],[98.56548945900005,9.485887624000156],[98.56628221000017,9.485967322000022],[98.5665755890002,9.485951936000163],[98.56689284900017,9.4858578730001],[98.56718632000019,9.485763781000117],[98.56757497000001,9.48564618600011],[98.56799531800016,9.485536508000052],[98.56851876400015,9.485403339000129],[98.56905017300016,9.485246562000043],[98.56922700300004,9.485189005],[98.56970057300015,9.485034841000015],[98.57037487100013,9.484736551000026],[98.57108885300005,9.484398961000181],[98.57167584600006,9.484171409],[98.57201692000001,9.484053752000136],[98.57235009000004,9.483912473999965],[98.57254844500005,9.48379464200002],[98.57268341700018,9.483645252000088],[98.57277877900009,9.483464325000114],[98.5730014410002,9.482929341000101],[98.57320806100006,9.482543896999971],[98.57343824800006,9.482331648000127],[98.5737238760002,9.48216670100004],[98.57404115800017,9.482049013000108],[98.57431820700009,9.481981109000174],[98.575127678,9.481782705000057],[98.57684069700008,9.48139908100012],[98.5780937150002,9.48113296400004],[98.57979077800019,9.480820147000031],[98.58091686600011,9.480616834000159],[98.58149580900016,9.480475843000136],[98.58210648100004,9.480327017999969],[98.58282820000016,9.480131094000114],[98.58370860800017,9.479840895000166],[98.58443038800004,9.479597741000134],[98.58522346000012,9.479401899000095],[98.5861275270002,9.47920617800014],[98.58709503200004,9.479010535000043],[98.5887306670001,9.478706852000016],[98.58938684100008,9.47858817399998],[98.59034641700003,9.47838463700009],[98.5907516490002,9.478294285000118],[98.59132979200012,9.478165384000022],[98.59185314400008,9.478103027000088],[98.59238440600018,9.478048546000082],[98.5933834440001,9.477994608000074],[98.59391472200014,9.477932248000059],[98.59439053200009,9.477838341000052],[98.59492191200019,9.477681532000133],[98.59540579500015,9.477469561000078],[98.59579452000008,9.47726534700007],[98.59610397500018,9.477061051000021],[98.59637160800003,9.476826094000046],[98.59653039400001,9.476637356000026],[98.59663367900015,9.476448560000051],[98.59666566100015,9.476220327000078],[98.59668188300003,9.475905495000177],[98.5967060210001,9.475606405000121],[98.59676177500006,9.47538607000007],[98.59686508000004,9.475181526000028],[98.59714310300018,9.474725304000117],[98.59746874700016,9.474221908000061],[98.5977466130002,9.473907368000141],[98.597984677,9.473718731000076],[98.59824643200011,9.473616703000118],[98.59857153500008,9.473577716000023],[98.59876983200007,9.47349923500019],[98.59892854000003,9.473373465000066],[98.59903176000006,9.473239775000025],[98.59912725300006,9.472940768000058],[98.59922321300019,9.472232446000078],[98.59930272700018,9.472035753000057],[98.59946144200006,9.471902120000095],[98.59966765700017,9.471831516000123],[98.59992928900016,9.471831814000154],[98.60053168700006,9.471958439000048],[98.60076939600015,9.472084661000054],[98.60096743500009,9.472226565000028],[98.60113381600007,9.472321217000058],[98.60133199800015,9.472345053000083],[98.60157773400005,9.472376821000069],[98.6017758480001,9.47245575300019],[98.60189465700006,9.472558223000135],[98.60206096200005,9.47272370900015],[98.60226692100014,9.472873504],[98.60247296000006,9.472960318000105],[98.60268699200014,9.472984177000058],[98.60284563200014,9.472921388000088],[98.60295675200007,9.472811310000054],[98.60302835300007,9.472598867000102],[98.60307621100014,9.472347031000083],[98.6031637110001,9.472095243000012],[98.6032272160001,9.472024475000012],[98.60340169400013,9.47197744500005],[98.60370294300009,9.471993526000063],[98.60396457800016,9.471993821000183],[98.60417873200015,9.471915346000173],[98.60435332700007,9.471765988000072],[98.6044963670002,9.471474909000051],[98.60466325900018,9.471128753000187],[98.6048141190002,9.47093213700009],[98.60500456300014,9.470782798000073],[98.60529796700007,9.470728030000146],[98.60560716200018,9.470736240000122],[98.60581320000017,9.470823056000029],[98.6059795450002,9.47094919000017],[98.6063201130001,9.471248689000163],[98.60658156800014,9.471406410000156],[98.60685898400004,9.47146968800007],[98.6071206540002,9.471438502000126],[98.6074062030001,9.471320746000174],[98.60781886200004,9.470982740000068],[98.6082475990001,9.470432219000088],[98.60860493200005,9.469936716000063],[98.60882735700011,9.469551268000146],[98.60907386600013,9.468906079000135],[98.60942372500006,9.468001253000011],[98.60963821300004,9.467623665000076],[98.60988427600006,9.467364179000072],[98.61015401000014,9.467207052000163],[98.61055842700011,9.46713665599998],[98.61108963400011,9.467113635000146],[98.61158115400013,9.467137789],[98.61329357300013,9.46719478],[98.6140380550001,9.467176775000041],[98.6145383240002,9.467164669000113],[98.61532332400014,9.467063197000073],[98.6157833380002,9.466898404000176],[98.61617991300005,9.466749274999984],[98.61664002400016,9.466497896000078],[98.61730639200005,9.466128666000088],[98.61750011200013,9.46599642200016],[98.61789351700008,9.465727862000165],[98.6186076050002,9.465224864999982],[98.61921067600008,9.464737490000061],[98.61971070000004,9.464234260000183],[98.62055191900009,9.463463767000121],[98.62161565600013,9.462205481000126],[98.62336965100019,9.460459909000122],[98.62396487400014,9.459885934000113],[98.62429019300015,9.459642263000148],[98.6246233190002,9.459500935000165],[98.62495636100005,9.459438321000107],[98.62532103100017,9.459454451000056],[98.62574902900008,9.45955723600008],[98.62613743400016,9.459620623000092],[98.62636736200017,9.45960512199997],[98.62654976500005,9.459550217000128],[98.62663898100016,9.459477610000079],[98.62677194600008,9.459369410000022],[98.62696481300014,9.459219547000146],[98.6273133910002,9.45902932600012],[98.6273937310001,9.458998468000061],[98.62768522500005,9.45886890300011],[98.62809573100009,9.45865090400008],[98.62843480100008,9.458515480000074],[98.62870838600003,9.458444929000166],[98.62897004100012,9.45841568700007],[98.6293862620002,9.458416126000031],[98.62970735300019,9.45840465800012],[98.63002251300014,9.458381371000087],[98.63042493600017,9.458307999000056],[98.63069461900017,9.458190214000126],[98.630964372,9.457993706000082],[98.63127389900012,9.45767918100006],[98.63148018300018,9.457529842000042],[98.631733973,9.457443512],[98.6319956540001,9.457388687],[98.63269339400006,9.457310709000126],[98.63316910000003,9.457279719000041],[98.63342283100013,9.457248495000101],[98.63354975300012,9.457177788000024],[98.63365293200007,9.45706769200018],[98.63370856700016,9.456933935000052],[98.63371671100009,9.45672928900018],[98.63367748600012,9.456343542000127],[98.63363825300019,9.45595780200017],[98.63367027600009,9.455658717000063],[98.63377368400012,9.455336095000177],[98.63393253200013,9.45506076100014],[98.63413889300006,9.45483270300008],[98.63447213400019,9.454581166000139],[98.63487665800005,9.45438479700016],[98.63526520200008,9.454314361000172],[98.63559816900016,9.454314707000037],[98.6360579430002,9.454362410000158],[98.63648601199998,9.454394334000142],[98.63683486600007,9.454371087000084],[98.63722341900018,9.454284900000118],[98.63808783700011,9.45401816000009],[98.63883328200006,9.453798525000138],[98.63953111200004,9.453626069000052],[98.64033996100011,9.453430113000024],[98.64129943199998,9.453234310000084],[98.64205266500005,9.453148490000103],[98.64279788800019,9.453141380000034],[98.64354303700009,9.453212976000088],[98.64447838400014,9.453347740000027],[98.6452155990001,9.453419332000124],[98.64599246500006,9.453483083000151],[98.64635713700005,9.453491321000115],[98.64668219400005,9.45348377700003],[98.64697553700006,9.453468331000181],[98.64718961700004,9.453437058000134],[98.6475232730001,9.453363791000072],[98.64798149600006,9.453207035000048],[98.64823869300011,9.453113261000112],[98.64847916800005,9.453035673999977],[98.64880848700005,9.452947793000078],[98.649090742,9.452890997],[98.6493102880001,9.452828954000097],[98.64944101600003,9.452746066000032],[98.64952996000011,9.452647573000093],[98.64964518200009,9.452393430000143],[98.64972894900018,9.452248235000127],[98.64982310200003,9.452160123000112],[98.64994857200014,9.4521083570001],[98.6501158480001,9.45206701800015],[98.65048971200014,9.452028640000151],[98.65114186800008,9.451947720000021],[98.65142283500018,9.45187017100011],[98.65161262200013,9.451781723000067],[98.65169912700009,9.451708736000171],[98.65180852200018,9.451591661000123],[98.65233180900003,9.45089170100016],[98.65260645300003,9.450606586999982],[98.65291368400017,9.45039285900009],[98.65327967900015,9.450205133000168],[98.65373710000006,9.450043434],[98.65429900700008,9.449920762000033],[98.65516793900008,9.449778915000081],[98.6558278240002,9.449656334000167],[98.65705618100014,9.449365667000166],[98.65774227000014,9.449165277000134],[98.65851332900007,9.448913073000028],[98.65976794300019,9.448486222000156],[98.66056513300003,9.448227548999967],[98.6611989180002,9.448072503000105],[98.66187184000006,9.447969382],[98.66254470500007,9.447924628000067],[98.66335466800018,9.447964313000057],[98.663753159,9.447945237000056],[98.66430188900011,9.447919819000106],[98.66484405300008,9.447933311000156],[98.66524900400009,9.447985581000012],[98.66558857600012,9.448096171000145],[98.66598689,9.44825869300007],[98.66624480000007,9.448371628000075],[98.66636233999998,9.448416132000034],[98.66645417900003,9.448438106000083],[98.66653133800014,9.448441828000057],[98.6666232120001,9.448427322999976],[98.66691525400012,9.448373410000045],[98.66692971000003,9.448372135000056],[98.66717498200012,9.448366891000148],[98.66742022700004,9.448389019],[98.6675993290001,9.448416552000083],[98.66773422000017,9.448460075000014],[98.66786394000007,9.448523855000133],[98.66812620900004,9.448691782000083],[98.66836449400012,9.448448738000081],[98.66859985600001,9.44824101100005],[98.66897856800011,9.447975034000137],[98.66921018400006,9.44784026000002],[98.6694013180001,9.447778426000013],[98.66955933700012,9.44775667800019],[98.66975039900012,9.447760505000076],[98.6701324930001,9.447808297000108],[98.670367629,9.44783406],[98.67054765900019,9.447848821999969],[98.67070567100012,9.447834377000106],[98.67085635500013,9.447801680000168],[98.67095323900014,9.447762376000128],[98.67098425800015,9.447745170000132],[98.67128351000002,9.447611795],[98.67192222800014,9.44742747700002],[98.67200160900006,9.447404561000099],[98.67294399200011,9.447271791000105],[98.67318338800004,9.447168059000091],[98.67342291700004,9.446930682000072],[98.67372244500012,9.44650030300005],[98.67398981900004,9.44597058700009],[98.67400714600018,9.445936252000024],[98.6741420210002,9.44565422300002],[98.67417219600014,9.445372098000064],[98.67414257900009,9.445060215000126],[98.67403837300014,9.444540362000168],[98.67399395000012,9.44406511000011],[98.67405403900005,9.443783014000019],[98.67418883800008,9.44357523300016],[98.67453317000013,9.443219151],[98.67490753400006,9.4427294300001],[98.67529197200008,9.442123399000138],[98.6753870190002,9.441944996000188],[98.67546110200004,9.441805932000022],[98.6756715250001,9.441410940000026],[98.6759310590001,9.441094375000034],[98.67635029400003,9.440599755000164],[98.6774675710002,9.44000676900015],[98.67831373700005,9.439576295000052],[98.67892338300004,9.439266152000073],[98.67894392600004,9.439255703000185],[98.68052010899999,9.438366124000027],[98.68108315900002,9.43796031],[98.68121677400018,9.437830425000186],[98.68141770800008,9.43750879200013],[98.68143822800005,9.437475937000158],[98.6814452540001,9.437436055000035],[98.68151841300016,9.43702060000004],[98.68153884500009,9.436486010000067],[98.68149946700004,9.435931566000022],[98.68130063800004,9.435297777000073],[98.68080298700016,9.434346905000098],[98.68011123700012,9.43331251],[98.6795629080001,9.432701217000158],[98.6792415110001,9.432315656000128],[98.67886326200016,9.431995816000153],[98.67842826700013,9.431638345000124],[98.67794593200011,9.43131840600006],[98.67753918500011,9.431120701000111],[98.67683921600019,9.430762987000037],[98.67621485100011,9.430527495999968],[98.67534462600014,9.43007564300018],[98.67507032500009,9.429934437000043],[98.67482441300018,9.429783867000026],[98.67465420400003,9.429642755000032],[98.67394380500014,9.429128253000101],[98.67372908700014,9.42883592200019],[98.67343054900016,9.42822183200019],[98.67315248500006,9.42705335300002],[98.67277458500007,9.4260233870001],[98.67219707000015,9.425211032000107],[98.672098043,9.42513116200007],[98.67186944700012,9.424946752999972],[98.67145983000006,9.42461633400012],[98.66990537900017,9.423664468000027],[98.66835087900012,9.422771989000182],[98.66673752200012,9.421693710000056],[98.666609494,9.421656183000039],[98.66639859100007,9.421626067000034],[98.66620275900004,9.421603438000034],[98.66605963300009,9.421595820000107],[98.66550215600006,9.421632699000043],[98.66528992000008,9.421628982000186],[98.66492220000003,9.421659926000075],[98.66434397200015,9.421619779000082],[98.66382567800008,9.421460878000119],[98.66322777500011,9.42114350300011],[98.66209177600012,9.420528604000083],[98.66167315300004,9.420409409000115],[98.66123447100017,9.420408987000087],[98.6607558250002,9.420487724000111],[98.66019728300017,9.420704990000104],[98.65668581400013,9.422721219000039],[98.65570806300013,9.423393480000186],[98.65475024000006,9.424085551000132],[98.654581527,9.424227018000067],[98.6541669020001,9.424611409000136],[98.65385195200014,9.425054893000038],[98.65341253300011,9.425787067000044],[98.65303347100019,9.42668464500008],[98.65287473300003,9.427016873000014],[98.65286279600019,9.427041859000155],[98.6528252990002,9.427106300000048],[98.65244949500004,9.427752133000126],[98.65223201800006,9.42797702100006],[98.65209137300008,9.428083599],[98.65194106600012,9.428176221000058],[98.65178428200011,9.428250489000163],[98.65141160400003,9.4284000830001],[98.6511481660001,9.428473584000017],[98.65087157700003,9.428514090000021],[98.6506966290001,9.428519340000094],[98.6504743230002,9.428529862000062],[98.6502293100001,9.428513243000054],[98.6498323940001,9.428429863000076],[98.64940643200003,9.428297020000173],[98.64873767100005,9.427990741000144],[98.64843636900014,9.427822265000088],[98.64826350400017,9.427707586000054],[98.64800677600005,9.427465595000058],[98.64785331300004,9.427253501000052],[98.64770116300008,9.426908103000073],[98.64755177300015,9.426271386999986],[98.64748957200004,9.425774873000137],[98.64741123900006,9.424989100000062],[98.6475149220002,9.421068741000113],[98.64751877700007,9.42060809100019],[98.64753761300005,9.418356125],[98.64751984000009,9.416217669],[98.6476007230001,9.41510893200001],[98.64772112500015,9.41435664300002],[98.64792122500018,9.413663827999983],[98.64834080300005,9.412832636000132],[98.64899997400016,9.411684868000066],[98.64969887700016,9.410675750000053],[98.65048149400019,9.409452944000122],[98.65073737200004,9.40905314700018],[98.65145614700009,9.408103445000108],[98.65201527900012,9.40727238400018],[98.65255528100005,9.406560566000053],[98.65289745600006,9.406133555],[98.65330308900013,9.405530633000012],[98.65363278500007,9.404927636000139],[98.65392473400016,9.404098361000024],[98.65413970800017,9.402974773000153],[98.65427321800018,9.402463117000082],[98.65439345900012,9.401849422],[98.65435450700005,9.400918765000029],[98.65431533900005,9.400205922999987],[98.65395792900011,9.398700746000088],[98.6535605860002,9.397254922000172],[98.65324288500011,9.395927986000174],[98.65292476500008,9.395016865000173],[98.65252684600011,9.394165052000119],[98.65214873800011,9.393432073000156],[98.65165096500004,9.392738566000048],[98.65073460500008,9.391925844000127],[98.6506612980001,9.391871140000035],[98.64993800700006,9.391160766999974],[98.64950806100018,9.390770702000111],[98.64930580600003,9.390519112999982],[98.64856939000003,9.389036130000136],[98.64834131999999,9.388398676000179],[98.64830821200013,9.388245121000125],[98.64830835600014,9.388101597000173],[98.6483210950002,9.38803066700018],[98.64842109700015,9.387842441000032],[98.6484659790001,9.387795097000037],[98.64871384600008,9.387627620000103],[98.6488784330001,9.387577507000174],[98.64985315800004,9.387427644000127],[98.65023291300014,9.387377745000151],[98.65044381800004,9.387356197000145],[98.6512075780002,9.387278155000104],[98.65189106900016,9.387253691000183],[98.65269756700013,9.387288931000057],[98.65326530900018,9.387376561000053],[98.65334644100017,9.387405948000094],[98.65389053700005,9.387544741000113],[98.65429540600007,9.387695965000034],[98.65442827000004,9.387732503],[98.65489649800008,9.387797111000054],[98.65514330700017,9.38779735200012],[98.65553576800005,9.387697175000085],[98.65591763800018,9.387489357000163],[98.65608691100005,9.387304369000105],[98.65611380000007,9.387274992000073],[98.65682077100001,9.38628119000009],[98.65696846200007,9.386153107999974],[98.6571284380002,9.386031142000036],[98.65731912600012,9.385945852000077],[98.65750745300016,9.385874125999976],[98.65761745100002,9.38585288400003],[98.65777420800015,9.385848593000105],[98.65796483000008,9.3858304580001],[98.65827795200005,9.385830760000147],[98.65847396300006,9.385859047000054],[98.65858606600017,9.385895854000182],[98.65863616800004,9.385914250000098],[98.65922487800009,9.38616926300017],[98.65981191200018,9.386548999000127],[98.66074849300014,9.387084511000069],[98.66118463600003,9.387254473000098],[98.66126555000017,9.387263207999979],[98.66133862600003,9.387271095000017],[98.66141636100014,9.387263353000094],[98.66155739300007,9.387249302999976],[98.66178853900004,9.387185775999967],[98.66192100600006,9.387133302999985],[98.66246343000017,9.386828747000038],[98.66308186100008,9.386472926000181],[98.66345100000018,9.386281359],[98.66357456900016,9.38624402500011],[98.66387966200011,9.386196480000024],[98.66433825900015,9.386177111000109],[98.6646384330001,9.386177395000118],[98.66473781800005,9.38619412800017],[98.66503597000002,9.386316384000168],[98.665414549,9.386574145999987],[98.66619138200008,9.387366888000031],[98.66734000500014,9.38828755000003],[98.66754076600017,9.388448468000036],[98.66773010500009,9.388564848000044],[98.66865125800001,9.38899062300004],[98.66889834300014,9.389068529000042],[98.6693892030001,9.389181502000099],[98.66940970100018,9.38918621900001],[98.66969725400008,9.389205529000037],[98.66971692100003,9.389204870000071],[98.67061392800008,9.38917499500019],[98.67067580600019,9.389172932000065],[98.67207163000006,9.38903562500019],[98.67312855400013,9.388838599000053],[98.67350745600004,9.388759746000176],[98.67381534600008,9.388652155999978],[98.67390243200003,9.388601677000167],[98.67404948000012,9.388516444000118],[98.67411763300015,9.388466264000044],[98.67416448900013,9.388416154000026],[98.67430952500001,9.388261035000028],[98.67449585200006,9.38790719200017],[98.67451431500012,9.387862356000028],[98.67458468500007,9.387653339000053],[98.67459110100009,9.387622774000079],[98.67460522300019,9.38752180299997],[98.67460542000009,9.387310441000068],[98.67459288700002,9.387186084000177],[98.6745301970002,9.386894227000084],[98.67449136100015,9.386706611000022],[98.6744724850002,9.386642925000103],[98.67417352800004,9.385950373000185],[98.67384968500016,9.385200147000091],[98.67381705500014,9.385024262],[98.67381061400005,9.384893991000183],[98.67381731000006,9.384750704000112],[98.67385021500007,9.384633497000095],[98.67390286900013,9.384431637000091],[98.67398836200005,9.384184204000121],[98.67418248100017,9.383858417000113],[98.67477418600004,9.38297225000008],[98.67488236600008,9.382760850000125],[98.67502734300012,9.382330251000155],[98.67504276400007,9.382284458000186],[98.67507726700012,9.382147927000176],[98.67509383400017,9.382043856000166],[98.67510907600018,9.381732075],[98.67510955600005,9.381217265999965],[98.6750691800001,9.38088054200017],[98.67501066900013,9.380636339000148],[98.67483132500007,9.380246791000047],[98.67479601400004,9.380194080000024],[98.67439330200011,9.37959297500015],[98.67399301200004,9.379137806000074],[98.67369621300008,9.378800315000092],[98.67337765300005,9.37832481700002],[98.67305926000006,9.37767110100009],[98.67283252000016,9.377086675000044],[98.67272113300004,9.376799571000106],[98.67246262900017,9.376066722000132],[98.67206463700012,9.375254535000181],[98.67165066700011,9.374345399000106],[98.67138815100009,9.373768879000181],[98.67093080100005,9.37248142900006],[98.6707526350001,9.371134831],[98.67075326900016,9.370461617000103],[98.67083329899998,9.370164688000102],[98.67107286000004,9.369828303000077],[98.67155243700017,9.369448010000156],[98.671589133,9.369410355000127],[98.67187422100017,9.369044657000074],[98.6719509900002,9.368878707000022],[98.67202756600017,9.368651275000047],[98.67206027399999,9.368467520000024],[98.67209130300017,9.368086805000075],[98.67203219800018,9.367334338000092],[98.67193299300004,9.366819436000071],[98.67175010700004,9.36639453500004],[98.67156834300005,9.366101904000061],[98.67129601,9.365749620000031],[98.67055926900008,9.364758916000142],[98.67011888800016,9.363985081000124],[98.6700671700001,9.363871312000072],[98.66971374500008,9.362815014000034],[98.66932584700015,9.361046851000026],[98.66931931900012,9.360981393000145],[98.66932503599998,9.360916795000094],[98.6693480400001,9.360834284000134],[98.66938392600008,9.360769830000152],[98.6694466300001,9.360698794000086],[98.66919057000007,9.360156106000147],[98.66892345700006,9.359059879000142],[98.66883708700004,9.358801729999982],[98.66878854700013,9.358686938000119],[98.66822680899998,9.35769460500012],[98.66787308800014,9.35723302700012],[98.6673144340001,9.356622336000157],[98.6671921840001,9.356510054000125],[98.66706049700014,9.356425797000156],[98.66687236400008,9.356322799000168],[98.66644136700006,9.35604983100012],[98.66568888600005,9.355671292000181],[98.66341316100016,9.354526454000109],[98.6632556900002,9.354417617000081],[98.66315840400011,9.354345008],[98.66305543300001,9.35423614300015],[98.66288524600009,9.354042596000056],[98.66284615900014,9.353998139],[98.66274090000002,9.353836249000096],[98.66264228100016,9.353633479000052],[98.66252495000009,9.353301263999981],[98.66241730600007,9.35299647700009],[98.66239371800009,9.352914193],[98.66223460700013,9.351916797000115],[98.6620138340001,9.350750005],[98.66198707100011,9.350670005000154],[98.66191116300001,9.350443108000093],[98.66159300200007,9.349873030000026],[98.6607266310001,9.348669717],[98.66051265500016,9.348471994000079],[98.65986159500011,9.348048811000183],[98.65948999600016,9.347930317000134],[98.65913323000012,9.347841373000051],[98.65840475099998,9.347752071000116],[98.65609745700004,9.34767315900018],[98.65399053900018,9.348876333000078],[98.65206258200004,9.349547950000101],[98.6487427580002,9.350147289000063],[98.64699306200004,9.350996297000165],[98.64518324400018,9.351858247000052],[98.64490089200012,9.352039305000119],[98.6444971910002,9.352244687000052],[98.64413714300008,9.35241761500015],[98.6437661810001,9.352601371999981],[98.64350429600017,9.352752740000085],[98.64326426700012,9.352860816000145],[98.64290434000009,9.352914597000051],[98.64253354600015,9.352925054000139],[98.6425199910002,9.352925886000037],[98.64235905500004,9.352935715000058],[98.64211919500008,9.352881320000051],[98.64183577200015,9.352772727000058],[98.64159597700012,9.35265334100012],[98.64136705499999,9.352566468000134],[98.64113804700008,9.35256623700019],[98.64088716999998,9.352620136000098],[98.64069070300019,9.352782398000045],[98.64054876300014,9.3529555450001],[98.64039594500014,9.353096194000102],[98.64026495700011,9.35321519900009],[98.64006856200012,9.353312485000117],[98.63987212900014,9.353453080000122],[98.63971929200017,9.353604565000126],[98.63956640800012,9.353810195000108],[98.63938774300004,9.354108025000016],[98.63899397300014,9.35524194400017],[98.6387255190001,9.355879995000123],[98.63854984900013,9.356105308],[98.63830969300017,9.356332507000047],[98.63797148200018,9.356472973000166],[98.63757877300009,9.356580872999984],[98.63712068400014,9.356645395000044],[98.63668445000008,9.356666607000022],[98.63620455800014,9.35672027600009],[98.63579011400014,9.356752338999968],[98.63528853600002,9.35668684000018],[98.63495054100008,9.356621504000088],[98.63450353500019,9.35651273500008],[98.63413291500007,9.356360721000101],[98.63364244500019,9.356100275000017],[98.63319561300017,9.355818208000073],[98.63301449400018,9.355728032000059],[98.63271603400017,9.355579432000184],[98.63234549500015,9.355351603000088],[98.6320076230001,9.355167126000026],[98.6317886240002,9.355046829000116],[98.63169154600013,9.354993502000013],[98.63135365800008,9.354830690000085],[98.63096121300003,9.354689477000022],[98.6305251500001,9.354548229000045],[98.63031801200003,9.354489215000115],[98.63006726500015,9.354417779000073],[98.62967965500002,9.354239820000032],[98.62682634900005,9.352393568000025],[98.62219766800013,9.348573739000074],[98.62148780900009,9.348070940000127],[98.62088713800006,9.347663243000056],[98.62004046400017,9.347350259000109],[98.61943960399998,9.347118950000038],[98.61916651600012,9.34698296800019],[98.61898488600002,9.346855343000186],[98.61889683700014,9.346729331000063],[98.61889016000003,9.346719784000072],[98.618770945,9.346426232000113],[98.61849855200012,9.345652528000073],[98.61807577400015,9.34498721400007],[98.61622523700004,9.343483708000178],[98.61619288500003,9.343457430000171],[98.6160623290001,9.343414051000025],[98.61598069800016,9.343413962999989],[98.6159099410001,9.343424691],[98.61570301699999,9.34353797600005],[98.61568457700008,9.343549067000026],[98.61555054100018,9.343629697000097],[98.61552481100017,9.343647909000026],[98.61551147500018,9.343661436000161],[98.61547264800004,9.343700806000015],[98.61542877900007,9.343772657000045],[98.61542348300014,9.343784885000161],[98.61537610500017,9.34389435900016],[98.61531060700003,9.34407265699997],[98.61529957500005,9.34410918500015],[98.61526903200007,9.344176935000064],[98.61523900100019,9.344216298000049],[98.61523102600012,9.344223231000171],[98.61516584800006,9.344262439000033],[98.61508627300014,9.344286962000012],[98.61500323400008,9.344290378000153],[98.61491529400013,9.344286644000022],[98.61485629900011,9.344284142000163],[98.61481633800008,9.344271882000044],[98.614777801,9.34424260600008],[98.61475615800009,9.344205908000106],[98.61468190200014,9.344034111000155],[98.61467616300013,9.34401281700002],[98.61465811300008,9.343970956000021],[98.61455048400012,9.343721427000048],[98.6145202720001,9.34365138000004],[98.61446223600012,9.343554219000055],[98.61438798300009,9.34348452800009],[98.61430519600009,9.343446473000029],[98.61411839900018,9.343361893000122],[98.61396979900013,9.343306888000143],[98.61367604600008,9.343239607000157],[98.61324404400006,9.343159379000099],[98.6128592230001,9.343057867000027],[98.61231841000017,9.342821055000172],[98.61185437300009,9.34250344600008],[98.6117137280001,9.342431791000081],[98.61160706800013,9.342395195000108],[98.61146057300016,9.34235496000008],[98.6113575830002,9.342328834],[98.61102740400014,9.342300757000089],[98.6106500480002,9.342343579999977],[98.6103016630002,9.34242968],[98.60998225700007,9.342551848000028],[98.60937238000014,9.34288989700002],[98.60854464900012,9.343371836000188],[98.60746972400011,9.343994708000025],[98.60695346400018,9.344195122000087],[98.60673336000013,9.344280570000024],[98.60571541700017,9.34449983400009],[98.60523331200017,9.344537308000156],[98.60493485000018,9.344574966000039],[98.60472766400005,9.344639697],[98.60464397600009,9.344665841000051],[98.60442996000012,9.344762593000041],[98.60431273800003,9.344873473000177],[98.60373571900016,9.345624944000065],[98.60312590100017,9.346261915000127],[98.60264802400013,9.346686484000145],[98.6022827610002,9.347158227000023],[98.60205852700011,9.347332106000124],[98.60179013000004,9.34746206900013],[98.60132495300019,9.347633246000157],[98.60105268600012,9.3476956290001],[98.60105256800011,9.347695655000052],[98.60091351700004,9.347727517000067],[98.60017414300017,9.347874703000173],[98.59963486400005,9.348047314000155],[98.59792081700004,9.348959061000187],[98.59716174200003,9.349421818000167],[98.59711845300012,9.349451749000082],[98.59691856400019,9.349617347999981],[98.59631312000016,9.350375132000181],[98.59559800200014,9.351508632000161],[98.59477605500012,9.352429321000045],[98.59356154900013,9.353314115999979],[98.59234702800012,9.354198903999986],[98.59077481200006,9.355756779000046],[98.58998853300011,9.356677498000124],[98.58984139800009,9.357056125999975],[98.58980939700001,9.357259373000034],[98.5898085010001,9.358024286000159],[98.59005679800015,9.359336125000084],[98.59030485400007,9.360860641000102],[98.59051726200005,9.36234967300004],[98.59051597500007,9.3634485340001],[98.59033664300011,9.364192718000027],[98.5902076590001,9.364550082999983],[98.5900807660002,9.36477386100006],[98.58955005200016,9.36536156699998],[98.58859176400011,9.366402940000114],[98.58841520700014,9.366617437000173],[98.58790128200013,9.367607038000074],[98.58784249899998,9.367681263000065],[98.58767353200017,9.367821674000083],[98.58760207699999,9.36786081800011],[98.5873843550001,9.36792232300013],[98.58730616300005,9.367922232000012],[98.58722213200008,9.36791737100009],[98.58683461900011,9.367768831000035],[98.58619250000015,9.36748449900017],[98.58554592600012,9.367010181000182],[98.58542491000009,9.36687673800003],[98.58500732000016,9.366363190000186],[98.58487448200003,9.366156209],[98.58455318700015,9.365355747000024],[98.58409368800005,9.364440345000162],[98.58384242200003,9.364190210000174],[98.58331325000017,9.363886185000126],[98.582990795,9.363757653000164],[98.58296065100018,9.363752555000076],[98.5823422420001,9.36372257500011],[98.58173770399998,9.363776441000141],[98.58143811800005,9.363860682000052],[98.58091330200017,9.364161609000178],[98.58082401200005,9.364239967000117],[98.5800206200002,9.365102278000109],[98.57951425100015,9.365478515000063],[98.57935553300018,9.365555175000054],[98.57913331100008,9.365581391000092],[98.57891477300012,9.365591466000126],[98.57828000500018,9.365590712000028],[98.57761411800004,9.36551757300009],[98.57676082600017,9.365516555000056],[98.57553291200014,9.36552542700008],[98.57514785100017,9.365555970000173],[98.57508111600009,9.365551747000097],[98.57494974900015,9.365521928000021],[98.5748364390002,9.365453623000178],[98.57468231600012,9.365302354000164],[98.57460691800009,9.365206817000171],[98.57459172800009,9.36517362300009],[98.57450900100008,9.364992852000114],[98.57445516800016,9.364875251000058],[98.57432907900011,9.364716403000102],[98.57380761500013,9.364361135000024],[98.5737005960001,9.36425459200018],[98.57346201000007,9.363887421000072],[98.57328240200013,9.363535983000133],[98.57324806900004,9.363468795000074],[98.57318404000011,9.363271996000037],[98.57277321600009,9.362009214000182],[98.57268256100014,9.361886364000156],[98.5725598030001,9.36177824400005],[98.57251624200012,9.36175010500017],[98.57229439700018,9.361666227000114],[98.5721273490002,9.361607942000035],[98.57196028200013,9.361574547000032],[98.57179317100008,9.361574345000179],[98.57161765900014,9.36161561900002],[98.5705254630002,9.361876055999971],[98.57052538700015,9.361876070000164],[98.57045551700008,9.361885896000103],[98.57020521200008,9.361904349000099],[98.56987930300016,9.36193714899997],[98.56986592000004,9.361935656000128],[98.56970977300017,9.361906830000066],[98.5695038950002,9.361814523000135],[98.56921675300009,9.361685773000147],[98.56906259100009,9.361553214000082],[98.56862975400009,9.360999118999985],[98.56814107200017,9.360373533000086],[98.566578736,9.359090692000109],[98.56626868500001,9.358973617000117],[98.56605723500013,9.358936013000175],[98.56573296000005,9.358921615000042],[98.56551204600004,9.358930682],[98.56537101300017,9.358958517000076],[98.56511713800006,9.359023550000074],[98.56471269100007,9.359223777000182],[98.56449166100009,9.359330866999983],[98.56432235200003,9.359419341000034],[98.56402124100009,9.359671035000076],[98.56372949100006,9.359955416000048],[98.56357893400013,9.360076591000052],[98.56346133599999,9.36016046400016],[98.56331082200018,9.360253633000127],[98.56308508200016,9.360365386000069],[98.56292520600005,9.360425871000189],[98.56277477300011,9.360453693000181],[98.56242938100019,9.360514237000018],[98.55903958099998,9.360539568000092],[98.55691587500013,9.360594524000021],[98.55365019700014,9.360537261000161],[98.55159541000017,9.360609329000056],[98.5514550810002,9.360614248000047],[98.55065203200013,9.360613232000162],[98.54792901200005,9.36117028800004],[98.54772502900016,9.361170028],[98.54764857800012,9.361144605000163],[98.54752756500017,9.361068491000083],[98.5475065280001,9.361049444000173],[98.54738749500012,9.360941696000111],[98.54729845600014,9.360783318000188],[98.54724763100006,9.360656638000023],[98.54717765400005,9.360548930000164],[98.5470566420002,9.360472806000075],[98.5469419800001,9.360415681000063],[98.54678908500017,9.360345849000112],[98.54662340400006,9.360307658000067],[98.54643871700011,9.360180806000074],[98.54591018000019,9.359774975000164],[98.54511135100006,9.358815510000056],[98.54497025800003,9.358182584000133],[98.5447347380001,9.357627714000046],[98.54442139300016,9.357076872000107],[98.54427297700016,9.356929088000129],[98.54351209400016,9.35647434599997],[98.54228892300011,9.355726230000073],[98.5416628230002,9.355318500000124],[98.54117310900017,9.354999585000087],[98.54066602100016,9.354575418000081],[98.5406120680002,9.354499636000014],[98.54039675000018,9.354052622000154],[98.54037397700012,9.353984479000133],[98.54018792100004,9.352929339000013],[98.53984587800005,9.35173444000003],[98.53959907400008,9.350792193000132],[98.53938628500015,9.350253639000186],[98.53917923700004,9.349938249],[98.53887450000013,9.349683339000023],[98.53797639600009,9.349086985000099],[98.53781376500007,9.34897899800012],[98.53773379600011,9.348947559000123],[98.53574869500005,9.348167064000108],[98.53388178300014,9.347055484000123],[98.53225106100007,9.345986859000107],[98.5316634360002,9.345719119000137],[98.53155777600017,9.345670976000179],[98.53074868700008,9.345302328],[98.53038411500012,9.344917918000021],[98.53014857200009,9.344405699],[98.52999913100007,9.343744280000067],[98.52978586100016,9.34263485800011],[98.52937874800017,9.341951774999984],[98.52856409100013,9.340905548000023],[98.52732749400008,9.339590074000057],[98.52667698000005,9.338898057000108],[98.52620527300002,9.338342864000083],[98.52538979500008,9.33791518300012],[98.52459591500008,9.337402216000044],[98.522836649,9.336162742],[98.52259760500016,9.3359586790001],[98.52193574300009,9.33539366600013],[98.52097106600013,9.334155255000098],[98.5200917090001,9.333343549000062],[98.51919067300014,9.332681110000067],[98.51864441300006,9.332493192000129],[98.51794572600011,9.33225283600018],[98.51708747100002,9.331718433000106],[98.51601447500008,9.331183736000185],[98.51556395,9.33086317800013],[98.51526392300013,9.33041485200016],[98.51513587400012,9.329838780000102],[98.51483670500016,9.328771894999988],[98.51480456500013,9.328601432000028],[98.51462351999999,9.327641137000057],[98.51456916200016,9.327504258000033],[98.5145250340002,9.327403072000152],[98.51446318500018,9.327315057000078],[98.5143615200002,9.327209390000121],[98.51428197600018,9.32711255400011],[98.5141802600001,9.32704207100005],[98.51404316000014,9.32695394700005],[98.51390155900003,9.32691858000004],[98.51373779800008,9.326900772000158],[98.5134412760001,9.326860797000165],[98.51343442000001,9.32686022900009],[98.51311374700003,9.326833967000084],[98.51283050100005,9.326794009000139],[98.51259595500005,9.3267453200001],[98.51239239000017,9.32670986900007],[98.51223309400012,9.326661291000164],[98.51213577700014,9.326612793000038],[98.5120518010001,9.326520341000048],[98.51199878900019,9.326445525000054],[98.51195904800016,9.326375128],[98.51192377400008,9.32626955600017],[98.5119150920001,9.326150833000042],[98.51192860100008,9.325983774000122],[98.51194657500014,9.325790346000133],[98.51199126300008,9.325487033000172],[98.51207141700013,9.325144199000022],[98.51221842900003,9.32437087300002],[98.51233156500018,9.323457414000188],[98.51240702400014,9.322809530000029],[98.51241850100007,9.32271099900015],[98.51231199000006,9.32209229600005],[98.51169039900009,9.32125959300015],[98.51132593200003,9.320832499000176],[98.51062598800019,9.320296173000031],[98.51048934000005,9.320191467000086],[98.50941624000012,9.31976340100016],[98.50866527900007,9.319314446000078],[98.5074432470002,9.317905003000078],[98.5070629760001,9.317315651000172],[98.50667186400005,9.316709483000068],[98.50624386200019,9.315663744000176],[98.50618036600008,9.315002443000083],[98.50624545000011,9.314533283000173],[98.50622468900008,9.314021343000093],[98.50613757300016,9.313721723000128],[98.50603235800008,9.313359859000059],[98.50596865700004,9.312847865000151],[98.50615587000016,9.312366382],[98.50617672300001,9.312312749000114],[98.50618492299998,9.312197014000049],[98.50622712500012,9.311983032000057],[98.50628721100009,9.311816637999982],[98.50637718700011,9.31168001500015],[98.50644315100004,9.311596868000095],[98.50655104800018,9.311484049000114],[98.50668889100012,9.311365335000062],[98.5068387290001,9.311222840000084],[98.50693464800014,9.311115949],[98.50699151100014,9.310998270000141],[98.50700246800005,9.310946509000019],[98.50700683000008,9.310866340000075],[98.50700785400016,9.310846451000089],[98.50699697800013,9.310713135000071],[98.50693611600008,9.310582689000114],[98.50665957400008,9.31016130100005],[98.50627429400004,9.309533093000141],[98.50612905000008,9.309166108000056],[98.50606009400008,9.308902024000076],[98.50596072500008,9.30892210200011],[98.50589715000007,9.30892552000006],[98.50579826200004,9.308918363000089],[98.50571278600012,9.30890881099998],[98.505671124,9.308904160000054],[98.50552284100013,9.30885834300011],[98.50534636200018,9.308773896000105],[98.50520165800009,9.308700022000039],[98.50515457400007,9.308693518000041],[98.50505566400011,9.308702734000121],[98.50496617000016,9.308716646],[98.50485313700011,9.308721170000013],[98.50472127500007,9.308720987000072],[98.5045941460001,9.308706776000065],[98.50445290400012,9.308673837000129],[98.50415637100019,9.308565835000024],[98.50385041800018,9.308453136000026],[98.50356646400013,9.308360016000165],[98.50347467500012,9.308312185000034],[98.50342212300018,9.308274783000115],[98.50335628000016,9.308209207],[98.50331074200011,9.30817209100013],[98.50328605700014,9.308160238000141],[98.503215108,9.308134162000101],[98.50311154600018,9.308105948000104],[98.50292791200008,9.308082304000095],[98.50264073100004,9.308021091000114],[98.50248537600004,9.307983450000108],[98.50232534700007,9.307917741999972],[98.50219829700018,9.307842717000085],[98.5019630660002,9.307678667000175],[98.5016196730001,9.307406865000075],[98.50145099700018,9.307294837000029],[98.50133937900017,9.307249033000176],[98.50114433800013,9.30718634900012],[98.50086193700008,9.307078363000073],[98.50055592000012,9.307012441000154],[98.50046696200019,9.306999696000048],[98.50025387000017,9.306984274],[98.49973236700009,9.306976725000027],[98.4993053870001,9.306976126000052],[98.49897051900012,9.306959022000058],[98.49877566100014,9.306943857000135],[98.49853521900013,9.306925149],[98.49810827200008,9.306907915000181],[98.49771480700014,9.306882409000025],[98.49707858300008,9.30684824900004],[98.49632507500007,9.306855505000101],[98.49573063399998,9.30687129800009],[98.49338381000018,9.306927355000028],[98.49327506600002,9.306929946000139],[98.49274636500007,9.30698212100009],[98.49262585400015,9.306998386000146],[98.49009927700007,9.307384539],[98.4897955470002,9.307423454000116],[98.48603455100005,9.307667090000052],[98.48589398800004,9.30766528100014],[98.48573310800003,9.307655755000042],[98.4855992570001,9.307630229999972],[98.48548211200006,9.30758847800007],[98.48537831700008,9.307514611000101],[98.48497752900016,9.307018196000172],[98.484548749,9.306420944000138],[98.48430066399999,9.306120161000024],[98.48369939800017,9.305493510000133],[98.48344886000007,9.305279186000178],[98.48290770100016,9.304871626000022],[98.48209493900004,9.304386720000025],[98.48143846000016,9.304012033000049],[98.48108493300015,9.303866831999983],[98.48079451800015,9.30379034400005],[98.48066947300003,9.303771048000101],[98.48051838900017,9.30377082800004],[98.4803279200001,9.303796465000119],[98.48019428700013,9.303841070000033],[98.48011333400012,9.303890395999986],[98.48008828700011,9.303919340000107],[98.48007387100012,9.304004464],[98.48022861200008,9.304762209000103],[98.4802299810001,9.304768897000145],[98.4804310940001,9.305477610000082],[98.48066566300008,9.306353722000097],[98.48085547100015,9.307112630000177],[98.48099510000009,9.307634388000167],[98.48153153600003,9.309442478],[98.48165810200004,9.30993354400016],[98.481807065,9.310476699000048],[98.48191866100018,9.31096029600019],[98.48191843100017,9.311116483000035],[98.48186585500008,9.31122797100005],[98.481760872,9.311331946000053],[98.48155857700004,9.311420904000101],[98.48128497000005,9.311477698000033],[98.48113164900008,9.31150952900009],[98.48100592200007,9.311546061000058],[98.48084586800013,9.311608453000076],[98.48076220900009,9.311675520000051],[98.48068980900013,9.311766567],[98.48057546000018,9.31198522699998],[98.48047473200018,9.312224375000085],[98.48036722900008,9.312516691000098],[98.48027330500014,9.312676080000074],[98.48013932200013,9.31277559700004],[98.47990497400014,9.312868314000127],[98.47979237700014,9.312917622000157],[98.47949650100014,9.313047179000137],[98.47928885100004,9.313179825000077],[98.47914137600014,9.31335242800003],[98.47900048900016,9.313591522000138],[98.47884601200008,9.31397017900008],[98.47871834000017,9.314328933000127],[98.47858397900012,9.314674381000088],[98.47843247300005,9.3149570060001],[98.47824464100012,9.315256659000113],[98.47807299200008,9.31547928100008],[98.47792830400016,9.315617794000104],[98.47776342100013,9.315721678000159],[98.47759863700014,9.315758622000033],[98.4774189110002,9.31577324300008],[98.47729914000013,9.315750755000181],[98.47716475200002,9.315683768000042],[98.47702952000003,9.315580977000138],[98.47697747900008,9.31553459200012],[98.47696146200008,9.315518626000028],[98.47666346100004,9.315221758000177],[98.47640169900006,9.315013118000138],[98.47632191000014,9.314958450000063],[98.47631695100017,9.314955979000104],[98.47625225500013,9.31492960800017],[98.47613227300013,9.31492346900012],[98.47596750100018,9.314952983000069],[98.47581765700005,9.315012259000184],[98.4756078060002,9.315145826000105],[98.47503812600013,9.315554050000117],[98.4745957410002,9.315955025],[98.47394339900006,9.316563936000023],[98.4735908790002,9.316957604000095],[98.47329077900008,9.317351349000091],[98.47311812600009,9.317641157000082],[98.47302793300014,9.317871581000134],[98.47296149700014,9.318133881000165],[98.47289453200005,9.318398255000034],[98.4727914550001,9.319006924],[98.47271266600012,9.319411745000025],[98.47261903900005,9.319748544999982],[98.47252303800002,9.320049399000027],[98.47238660400012,9.320379570000057],[98.47236525500006,9.320426846000089],[98.47216820400018,9.320779407000032],[98.47198552600014,9.32105161300018],[98.47185442500006,9.321206845000063],[98.47166171400016,9.321415027000057],[98.47132019500009,9.321685582000157],[98.47110736000013,9.321800814000085],[98.47096006700014,9.321840475000101],[98.47081954100003,9.32183361500006],[98.47065900600018,9.321786847000055],[98.47049857900015,9.321666963000098],[98.47041571100004,9.321555494000052],[98.47027032000017,9.32117127400005],[98.47013795000004,9.320774847],[98.47010022600011,9.320670213000085],[98.46997958499998,9.320375272999968],[98.46984500900004,9.320091282000021],[98.46976102100001,9.319943608000074],[98.46970451700014,9.319849749000014],[98.46945393800013,9.319509701000129],[98.4693474870001,9.31938043700012],[98.46898349200012,9.31899968700003],[98.4687423000002,9.318786083000134],[98.46823894600016,9.31843498800015],[98.46809657300014,9.31832205400002],[98.46794408400007,9.318183534000127],[98.46776350800008,9.31797697900015],[98.46762450400007,9.31777738500017],[98.46750557900009,9.317571002000022],[98.46740524500018,9.317343988000118],[98.4673324100001,9.317125819000069],[98.46725025500012,9.316807407],[98.46719725800011,9.31650200200005],[98.46715240600014,9.316049592000127],[98.46702926200004,9.31547140400005],[98.4669312650002,9.315011221000077],[98.4668657540002,9.31483691800014],[98.46674912700007,9.314640757000177],[98.46659594100015,9.314459055000043],[98.46644717800001,9.314332800000159],[98.46627993800007,9.314240964000021],[98.4661432740001,9.314182545000108],[98.46580723400018,9.3141021940001],[98.465463828,9.314065386999971],[98.46518613600011,9.314057709000053],[98.46487187100018,9.314079011000047],[98.46449176200008,9.314143773000069],[98.46407503700016,9.314266547000102],[98.46370210600008,9.314418419000049],[98.46334675300011,9.314594606000185],[98.4626448250001,9.314961505000042],[98.46263190200017,9.314968896000039],[98.46251014100017,9.315044460000081],[98.46236512300004,9.315134448000038],[98.46104350800005,9.315908375000049],[98.46018950500019,9.316313344999969],[98.46004923900011,9.316348357000038],[98.45984268300009,9.316357523000079],[98.45970254900004,9.316340633000095],[98.459674635,9.316335556000126],[98.45907069200007,9.316218491000143],[98.45857388600018,9.316140311000083],[98.45799921100013,9.316003937000175],[98.45734407000003,9.315874267000083],[98.45690757700004,9.315815290000103],[98.45669425000006,9.315833661999989],[98.45644322800007,9.315883131000078],[98.45615451200018,9.315963703000023],[98.45586571300015,9.316094125000177],[98.45560196700018,9.316255738000109],[98.45526904200011,9.316529419000119],[98.45477263300012,9.31703342200018],[98.45433899500017,9.317518822000181],[98.45385496200015,9.31813500900006],[98.453132014,9.31907486700004],[98.45275481800007,9.319572816000118],[98.45248442200011,9.319971224000028],[98.45214466900012,9.320593856000073],[98.45181753300005,9.32117288400002],[98.4514591470001,9.321670858000175],[98.45112603100006,9.322056708000105],[98.45078051400014,9.322349063000047],[98.45046021500019,9.32256667200005],[98.44987617400011,9.322933433000117],[98.44926709600014,9.323262758000055],[98.44887161100002,9.323411707000048],[98.44857030300017,9.323517179000078],[98.44832556000006,9.323560424],[98.44813104600013,9.323572586000125],[98.4479303110001,9.32355357400013],[98.44767939700017,9.323528261000092],[98.44752253300015,9.323540481000066],[98.44740954900004,9.323577692000185],[98.44732002400019,9.323654670000167],[98.44726811400017,9.323748065000188],[98.44722250500018,9.323895102000165],[98.44720018000004,9.324044635],[98.4472001600002,9.324057399000026],[98.44722055100004,9.324192789],[98.44723924400006,9.324270721000062],[98.447304197,9.324434278000183],[98.44776339900017,9.325279461000036],[98.44800926800019,9.325837645000036],[98.44810430000007,9.326100533000101],[98.44816988600013,9.326357626000174],[98.44820476800004,9.326541052999971],[98.44826449300007,9.326900454000167],[98.44829477800016,9.32727748300016],[98.44828664400006,9.327693518000046],[98.44823369000011,9.328072336000105],[98.44815091400017,9.328391663000161],[98.4479780260001,9.328933739000092],[98.44788776300015,9.329253062000134],[98.44784848300009,9.329495941000062],[98.44781223000007,9.329721741000071],[98.44779940200004,9.329871804000163],[98.44774024700001,9.330150053000182],[98.44769220900014,9.330256958000064],[98.44761427700007,9.330345993000037],[98.44748852200007,9.330405232000032],[98.4473329010001,9.330427777000068],[98.4468622220001,9.33039533800013],[98.44588096300004,9.330330419000177],[98.44502728999998,9.330313242999978],[98.44458838100019,9.33036802800018],[98.44430100900007,9.330462678000174],[98.44406940900006,9.330597029000046],[98.44385367400008,9.330794807000018],[98.44360586700009,9.331095555000047],[98.44327809000004,9.33150712500003],[98.44299939100017,9.331788756000151],[98.44266992100012,9.332011120000061],[98.44222069300002,9.332285302000173],[98.44187633700017,9.332463074000145],[98.44156190500007,9.332633454000018],[98.44111112200017,9.332870624000122],[98.44086387000016,9.333004606000031],[98.44067551800003,9.333091935000027],[98.44046958900009,9.333132507000187],[98.44022845600017,9.333114603000126],[98.43995802900008,9.333026541000152],[98.43979348800002,9.332932816000095],[98.43969957200011,9.332809985000154],[98.43964095100011,9.3326872],[98.43962948700005,9.332500242000037],[98.4396710220002,9.332272463000095],[98.43980696699998,9.331857892000187],[98.43994473400011,9.331533867000076],[98.44001563600011,9.331331457000033],[98.44005518,9.331121199000052],[98.44006338400015,9.330895319000035],[98.44002462900005,9.330607053000165],[98.43993877100007,9.330349856999987],[98.43967873500003,9.329897124000126],[98.43935001800014,9.329481822000048],[98.43907703800011,9.329156417000036],[98.43890085700019,9.328985264000153],[98.43873353800006,9.32878783200016],[98.4386014590001,9.32862550200008],[98.4384342190001,9.328379870000163],[98.43828390400017,9.328137277000053],[98.4377436740001,9.327415080000094],[98.43737384400004,9.326964646000135],[98.4372740180001,9.326865174999966],[98.43719176600007,9.32680662700011],[98.4370976940001,9.326783107000097],[98.43699135200018,9.326771016000066],[98.4367529910001,9.326862647000098],[98.43661610900011,9.326945686000158],[98.43648355300019,9.327081303000114],[98.43639956400006,9.327190711000071],[98.4363420200001,9.32730892300009],[98.43629772200018,9.327427155000123],[98.43626160500008,9.327574204000086],[98.43624827700006,9.32763333400004],[98.43624480600005,9.327735194000127],[98.43622464800018,9.327929043999973],[98.43621126200014,9.328017756000065],[98.43619128800009,9.328096589000097],[98.43615141400016,9.32820168600017],[98.43611820400008,9.328283784],[98.43609157200018,9.328382332],[98.43607820100004,9.32846774800015],[98.43607145400011,9.328549888],[98.43608123000018,9.328641921999974],[98.43606788100004,9.328714195000032],[98.43602145100016,9.328783129000044],[98.43594193300015,9.328855297000132],[98.43578960300016,9.328943787000185],[98.43562074100004,9.329022385000144],[98.43545191000015,9.329081268000095],[98.43529304300006,9.329120454000133],[98.43517061900008,9.329126831000053],[98.4350681000002,9.329097096000169],[98.43499538300017,9.329054259000088],[98.43493591800012,9.328998298000158],[98.43487978500019,9.328929199000072],[98.4348401690001,9.328873272000124],[98.43479389900017,9.328846904000102],[98.4347145000001,9.328840206000052],[98.43456556300009,9.328876122],[98.4344066660002,9.328928448000056],[98.43435367000006,9.328964508000013],[98.43432051200017,9.329013749000126],[98.43429725900012,9.329072865000057],[98.43427399400008,9.329135264000115],[98.43425068200008,9.329226686000084],[98.43421080100006,9.329340546000083],[98.4341444910001,9.329428076],[98.43407820900012,9.32949807500006],[98.43402305600006,9.329526375000057],[98.4339759080001,9.329526300000168],[98.4339213350001,9.329513883000118],[98.43385438300004,9.329486670000051],[98.43379653000017,9.329458234000015],[98.43369070400013,9.329428493000137],[98.43356829700019,9.329428298000039],[98.433449134,9.329457681000065],[98.43334648600006,9.329513383000062],[98.43325702200013,9.329598678000082],[98.43315430100006,9.329693817000077],[98.43309797100017,9.329746307000164],[98.43304171000005,9.329756074000159],[98.43296895700018,9.329736243000013],[98.43288300500018,9.32969010000005],[98.43277718100012,9.32966364500004],[98.43255885900015,9.329637002000084],[98.432409974,9.32964004900009],[98.43228420800011,9.329666135000082],[98.43217824800018,9.329718546000095],[98.43206893900015,9.329797247000101],[98.43198284600004,9.329843117000166],[98.43187363200002,9.329862658000081],[98.43172804800008,9.329865711000082],[98.43163536400004,9.329895133000036],[98.43155587800004,9.329947587000106],[98.43149621900017,9.330013215],[98.43140339500013,9.330124797000053],[98.43129400300012,9.330259353000145],[98.43115151200016,9.330393865000076],[98.43094284000011,9.33054140500002],[98.43077725600011,9.33063644300006],[98.43068789300008,9.330659301000026],[98.43060186200017,9.330662450000034],[98.43038685600015,9.330635818000133],[98.43021812800004,9.330628978000107],[98.43014530500011,9.330651861000092],[98.43009229400008,9.330697784000108],[98.43006905200014,9.330750318000185],[98.43004902300015,9.330855445999987],[98.4300158530001,9.330911260000164],[98.4299595600001,9.33094074000013],[98.42986360200018,9.330950451000149],[98.42971805900015,9.330927212000063],[98.42963533800014,9.330933659000152],[98.42954926300018,9.330963091000115],[98.42948962500003,9.331015576000084],[98.42940677000001,9.331104165000056],[98.42933392000003,9.331143485000098],[98.42923462300007,9.33116632600013],[98.42911217700009,9.331185843000071],[98.42899631300008,9.331225095000093],[98.42885392700003,9.331300455000132],[98.42869160800018,9.331421773000045],[98.42857230300018,9.331543172000067],[98.4284198270002,9.331720381000082],[98.4282641440002,9.331828577000124],[98.42813831500018,9.331894097000031],[98.42798936500009,9.331936580000104],[98.42766833400009,9.332001785999978],[98.4274730460001,9.33205405300015],[98.42719494800019,9.332162050000079],[98.4269995800002,9.332263600000147],[98.4268902840002,9.33233243300009],[98.42679418200004,9.332430866000152],[98.42668149700006,9.332548988000156],[98.4265953200001,9.332640867],[98.42654563899998,9.332676928000069],[98.42646950300008,9.33269652000007],[98.42630071200006,9.332729113000028],[98.42615839000001,9.332765034999966],[98.42606902500017,9.332787892],[98.4259631660002,9.332777862000057],[98.42582426299998,9.332744772000183],[98.42574158000019,9.332728210000028],[98.42565883900016,9.33274122000006],[98.42548340000013,9.332793516000152],[98.42532778500015,9.33286555900014],[98.42527145399998,9.332918048000124],[98.42522501800005,9.332986981000033],[98.42515545999998,9.333036165000067],[98.42506605900013,9.333075447999988],[98.4250064200001,9.333127930000103],[98.42496989700004,9.333210032000125],[98.42495321100006,9.333298727999988],[98.42493313100016,9.333439997000085],[98.42491310100013,9.333545124000125],[98.42488322200006,9.333610799000155],[98.42482029500007,9.333650134000152],[98.42473755300017,9.333663144000127],[98.42462175900016,9.33365967200001],[98.42448945200016,9.333639742000173],[98.42441334700015,9.333646189999968],[98.42433720800017,9.333672353000111],[98.42425438700013,9.33373466400019],[98.42410857800007,9.333879017000129],[98.42396609200017,9.334013518000177],[98.42380373900016,9.334154557000033],[98.42372426500015,9.33419715000008],[98.42363157400001,9.334226580000063],[98.42352567900008,9.334242837000033],[98.42335362800014,9.334245845000112],[98.42324775800006,9.334242387000188],[98.4231120550001,9.334275024000135],[98.42297961700018,9.33433396100014],[98.42285707200006,9.33441263700007],[98.42277423200017,9.33448479499998],[98.42270128900009,9.33457997100004],[98.4226315680001,9.334727740000119],[98.42257851200014,9.334799948000068],[98.42250235200004,9.334839253000041],[98.4224162910001,9.334858835000034],[98.42232367300011,9.334848819000115],[98.42224101699998,9.334815828000103],[98.42215509200008,9.334753251],[98.42207241300008,9.334733403000143],[98.42196984000003,9.33473652300006],[98.42190029700004,9.334775845000081],[98.42184724100008,9.334848045000058],[98.42176428100015,9.334999079000113],[98.42172782000006,9.335041742000158],[98.42165496100017,9.335081062000029],[98.42155901100006,9.335084191000021],[98.42145647500013,9.335064301000159],[98.42133085500018,9.335001659000113],[98.42122840500008,9.334929198000111],[98.42114912300008,9.334856774000116],[98.42107316099998,9.334771207000074],[98.42099058600019,9.334688921000179],[98.42089391500008,9.334623730000033],[98.420800639,9.334548361000088],[98.42068967600017,9.33447797000008],[98.42062826600005,9.334455673000093],[98.42060641900014,9.334447750000038],[98.4205559400001,9.334440143000052],[98.42048777300005,9.334442541000044],[98.42042210800003,9.33445998500008],[98.42034883800005,9.334499983],[98.42025951099998,9.33457546800014],[98.42017185800012,9.334658907],[98.42011459100007,9.3346855690001],[98.42005399400017,9.334692147999988],[98.41999344200013,9.334671998000147],[98.41993964700004,9.334635132000074],[98.41988253000017,9.33457151500005],[98.41984557300003,9.334527998000112],[98.41978840100012,9.33450115200003],[98.41971774100011,9.334484327000155],[98.41963356200017,9.33450089900009],[98.41953925700011,9.334537523999984],[98.41936408500015,9.334620821000044],[98.41920912700016,9.334697462000122],[98.4190036660001,9.33478070800004],[98.4189093130002,9.334840731000156],[98.41884188600005,9.334907483000165],[98.4187845150002,9.33500099600019],[98.41872713000015,9.335097856000175],[98.41868327600008,9.335154622000061],[98.41859231000018,9.335204615000066],[98.41849130600019,9.335221170000068],[98.4183196580002,9.335210856000117],[98.41822204200008,9.335217381000064],[98.4181311270001,9.335230606000152],[98.4180199920001,9.335270550000075],[98.41788187700013,9.335330499000179],[98.41777410800017,9.335367093000173],[98.41764955500008,9.335373575000176],[98.4175284160001,9.335353319000092],[98.41742411300004,9.335333088000084],[98.417336584,9.335336293000125],[98.41723893200009,9.335359530000176],[98.41714122100012,9.335416206000048],[98.41693788800006,9.335573561000047],[98.41674012100015,9.335751537000021],[98.41666365100019,9.33585394000005],[98.41647927300005,9.336076517000095],[98.41625001300008,9.33629901800009],[98.416038819,9.336454689999982],[98.41580071800013,9.336596933000123],[98.41562036200014,9.336694828000134],[98.41549568200008,9.33677820500003],[98.41545518500004,9.336841653000135],[98.41544159900019,9.336915179000187],[98.41543802300004,9.337038873000097],[98.41541091700009,9.337145815000099],[98.41535352900019,9.337242667000112],[98.41521870000008,9.33735945899997],[98.41503000400013,9.33748284600017],[98.41485143500017,9.33757950900008],[98.41466955500005,9.337652765000087],[98.41449779600015,9.337709312000072],[98.41436977600006,9.337772623000092],[98.41427207500004,9.337829291000162],[98.4141709220001,9.337929426000187],[98.41402592700007,9.338082968000094],[98.41394504900018,9.33813967400016],[98.41387095500005,9.338166294000075],[98.41379353000013,9.338169515000061],[98.41370606200019,9.338142626000035],[98.41363542900012,9.338109070000087],[98.41357146100017,9.33811565100001],[98.41351082400018,9.338145642000143],[98.4134804570001,9.338192396000068],[98.413466879,9.338255897000067],[98.41347683000004,9.338346181000077],[98.41353037600004,9.33853014500005],[98.41356384800014,9.338647212000069],[98.41357720100007,9.338714096000103],[98.41358379500008,9.338791003000154],[98.41358703200012,9.338871244000131],[98.41357347400003,9.338928049000117],[98.41353632600016,9.338998197000024],[98.41348237600016,9.3390549450001],[98.4134250950001,9.339088281000045],[98.41335775500005,9.33910154200015],[98.41328034000014,9.339098068000055],[98.41321977100017,9.339087942000106],[98.41315243600019,9.339097857000127],[98.4131018980001,9.33912451800012],[98.41305469100018,9.33917458999997],[98.41299397600005,9.339251386000115],[98.412936623,9.339328179000177],[98.41287256000015,9.339391605000117],[98.4127950080001,9.339475049000043],[98.41276460600011,9.339541860000168],[98.41274762800009,9.339628754000103],[98.41274745400011,9.339732394000123],[98.41275736400019,9.339842735000104],[98.41280407800014,9.340086873000075],[98.4128375430002,9.340207279000083],[98.41286560800012,9.340287048],[98.41288108800012,9.340331052000124],[98.41290792100011,9.340387932],[98.41296163500016,9.340471594000178],[98.41301873800018,9.34054524600009],[98.41305567200004,9.340602134000164],[98.41307239000014,9.3406656840001],[98.41307563800007,9.340739239000015],[98.4130687940002,9.340806089000068],[98.41307541400005,9.340872971000067],[98.41309888200004,9.34092649900009],[98.41320309500003,9.341006904999972],[98.41333422500009,9.34109404200018],[98.413371182,9.341137567000146],[98.41338455100015,9.34119442900004],[98.41338781200017,9.341254610000135],[98.413381001,9.34130140100018],[98.4133607330001,9.341344822000167],[98.41332028200009,9.341381535000096],[98.41317540800014,9.341461531000107],[98.41310799899998,9.34151491800003],[98.41305404900015,9.341571656000099],[98.41301353100016,9.341641798000012],[98.41298648600014,9.34171196300008],[98.41295941900012,9.341795500000103],[98.41292899600018,9.341875685000105],[98.41289527000009,9.34191574700003],[98.41284810600007,9.34193906500019],[98.41277403300006,9.341952316000118],[98.41269659800014,9.341955535000125],[98.4126359830002,9.341972154000189],[98.41257534600004,9.342002138000169],[98.41251131400008,9.342052182000032],[98.41245063500014,9.342102234000095],[98.41236639400017,9.34215892200018],[98.41218450200006,9.342232170000045],[98.41206998000018,9.342273775000024],[98.41164786700017,9.342420172000118],[98.41113592700009,9.342597635000175],[98.41060153500007,9.342783962],[98.41014342700004,9.342974876000028],[98.40993678400008,9.343090433000043],[98.40977054000018,9.343201596000142],[98.40961480600009,9.343334945000038],[98.40956534400004,9.343408369000088],[98.40946754900006,9.343577692000167],[98.40944197500005,9.343639079000184],[98.40941716000003,9.34372133100004],[98.40939866900004,9.343806674000064],[98.40938918500012,9.343862647000037],[98.409361897,9.34410811000015],[98.40936135500016,9.344113030000017],[98.4093572220001,9.344305808000172],[98.40932606200016,9.344522629999972],[98.40930125000006,9.344612415000029],[98.40926002100014,9.344681760000185],[98.40919411100015,9.344759226],[98.40915854500008,9.344792237000036],[98.4091150930002,9.344850679000047],[98.40909109500018,9.344906044000084],[98.4090827190002,9.344995857000185],[98.40909894100008,9.34512654200006],[98.40910679200016,9.345342951000077],[98.40911061500003,9.345450265000125],[98.40907932900006,9.345582445000048],[98.40899675499998,9.34579463100016],[98.40893920700006,9.345922658],[98.40889749900015,9.346064439000088],[98.40886991700017,9.346246272000144],[98.40884293900007,9.346409167000047],[98.40883102700013,9.346558284000025],[98.40883090700015,9.34662991700003],[98.40882416600004,9.346666586000083],[98.40876999400018,9.346833041000139],[98.40872385700015,9.346917809000047],[98.40872236700005,9.346920757000078],[98.40870370100009,9.34694672900008],[98.40865582000015,9.34697350700003],[98.40862876,9.346983797000178],[98.40857883800015,9.346987839000121],[98.40849771900008,9.346985638000035],[98.40845198400012,9.34697316800009],[98.40839792700018,9.346960686000102],[98.40832470800007,9.346926506000102],[98.40824568800014,9.346882734000076],[98.40821046400004,9.34686055700007],[98.40810529500015,9.346818570999972],[98.40807788000006,9.346807625000167],[98.40795586300004,9.346804665999969],[98.40787542200002,9.34681279900002],[98.40786120900003,9.346820071000081],[98.40781187100004,9.346845312000141],[98.40779492400014,9.346853984000177],[98.40777333900019,9.346871075000081],[98.40776604300015,9.346878948000096],[98.4077515530002,9.34691781500004],[98.40774616100009,9.34696111900007],[98.40773426900017,9.347056667000118],[98.407741037,9.347104330000093],[98.40775303200002,9.347188734000156],[98.40776015699998,9.347214617000077],[98.40776119300011,9.347249286000022],[98.40777293200006,9.347386007000011],[98.40776672499999,9.347516753000036],[98.40774249300011,9.347689069000069],[98.4077122270001,9.347897040000134],[98.40767597400003,9.348099058000173],[98.40763386800012,9.348229745000026],[98.40758582700016,9.348330698000154],[98.40747195700015,9.348431551000033],[98.40734021700007,9.348484822000103],[98.40706492200013,9.348496250000153],[98.40686147100007,9.348489967000091],[98.4066640920002,9.348430202000031],[98.40652661800016,9.348334875000035],[98.40640116300017,9.348209853000185],[98.40625184800018,9.348037245000114],[98.40612646500017,9.347870614999977],[98.40599496300013,9.34778124800016],[98.405833476,9.34773343300003],[98.40550440900006,9.347697217000018],[98.40518726300013,9.347684799000092],[98.4048102220001,9.347707942000113],[98.40435535400013,9.347754727000165],[98.40382263200007,9.347831099000075],[98.4034514990002,9.347895854000058],[98.40324203000017,9.347913327000128],[98.4030027280001,9.347871322000117],[98.40276951200019,9.347775839000121],[98.40250650400009,9.347603033000041],[98.4023631660001,9.3474363790001],[98.40224979400017,9.347245998000062],[98.40215446000008,9.347002159000056],[98.40210709600007,9.346704902000056],[98.40209569500013,9.346372057000167],[98.40212017099998,9.346057089000055],[98.40219250900014,9.345748153000045],[98.40231288000007,9.34534419900001],[98.40240916600004,9.345029360000183],[98.40242735600009,9.344886745],[98.40242161400016,9.34474410200005],[98.40237395600013,9.344619207999983],[98.40227243300018,9.344500172000096],[98.40211370900016,9.344388633],[98.40184867000016,9.344238608000126],[98.40163353600013,9.344065882000052],[98.40147824000007,9.343899207],[98.40138280399998,9.343714802000136],[98.40132928400004,9.343518577000168],[98.40132365500017,9.343310546000055],[98.40135394600009,9.343090685999982],[98.4013950010002,9.342998994000027],[98.40151613800003,9.342728412000042],[98.40174442900019,9.342205773000046],[98.40195458400007,9.341790081000113],[98.40206271100004,9.341540640000176],[98.40213486300013,9.341344628000115],[98.40218909200013,9.34112481700015],[98.40221931100001,9.340952512],[98.40223161600005,9.340750446000186],[98.4022020760001,9.340530492000084],[98.40210679400002,9.340256933000092],[98.40195784900004,9.33987630300004],[98.40177903000011,9.339459957999964],[98.40160626500011,9.339009952000026],[98.40123705700012,9.337957337999967],[98.40110617000005,9.337511362000043],[98.40104080300006,9.337243804000082],[98.40102322400008,9.337023864],[98.40107754600012,9.336750555000037],[98.40113780000019,9.33650697700017],[98.40128794900005,9.33618628500011],[98.40138404300018,9.335978424000018],[98.40150417500018,9.335717115000023],[98.40152601200015,9.335630974000082],[98.40155236900011,9.335527007000053],[98.40157659300013,9.335354689000042],[98.40156494600018,9.33516448],[98.40149947000009,9.33496229200017],[98.4012998880001,9.334641011000144],[98.40124621700016,9.334539876],[98.40121651499999,9.334409071000152],[98.40121674800014,9.334272371],[98.4012528500001,9.334153573000151],[98.40130554500007,9.334077084000114],[98.40134283700019,9.334022968000056],[98.40184016600017,9.333631537000088],[98.40201996200017,9.333471362000068],[98.40211592300017,9.333340768000085],[98.40218796400018,9.333204188000025],[98.40224205200002,9.33306758000009],[98.40227819000017,9.332930940000153],[98.40228440000016,9.33279425100011],[98.40226672800014,9.332633753000152],[98.40221118500006,9.332450404000156],[98.40208004200014,9.332160935000104],[98.40192095100019,9.33187537900011],[98.40176176200009,9.331653222000114],[98.40162657000008,9.331391483],[98.40157111700006,9.331161579000025],[98.40157978200011,9.330757446000064],[98.4016283260001,9.330361293000067],[98.40163669400005,9.330131494000113],[98.40158917600019,9.329925370000126],[98.4014857790001,9.32973501600003],[98.40135833100004,9.329615926000088],[98.40111922300014,9.329472887000065],[98.40080028400013,9.32935347299997],[98.40062461000014,9.329312699000184],[98.40024999300016,9.329225758000177],[98.3999229280002,9.329193505000092],[98.39952401100015,9.329192832000103],[98.39902926700006,9.329239542000039],[98.39768055700017,9.32944330600003],[98.39675481800009,9.329584383000054],[98.3962032120001,9.329663884000183],[98.3959318220002,9.329704256000127],[98.39565629800012,9.329765033000115],[98.39548144300011,9.329811600000141],[98.3952450340002,9.329874570000186],[98.39509677600017,9.329922571000168],[98.39494899800002,9.329980994000096],[98.39483365700016,9.33004536300001],[98.39472784300011,9.330114430000151],[98.39468238100011,9.330146044000116],[98.39459903900013,9.330224618000045],[98.39452900600008,9.330310243000099],[98.39444064200006,9.330454237000083],[98.39426704300018,9.33083957600013],[98.39418618200017,9.331045748000122],[98.39405426400009,9.331379125000069],[98.39401471600019,9.331458603000101],[98.3939705910002,9.331566479000116],[98.39392643500008,9.33169731800001],[98.3939201770001,9.331747352999969],[98.39393125400005,9.331940061000125],[98.3939276930002,9.331977768000115],[98.39391818700011,9.331998437000152],[98.39389921600002,9.332020974000159],[98.39387078100009,9.33203972900003],[98.39383289300014,9.33205282400013],[98.39377608700005,9.332058372000063],[98.39373062700002,9.332069582000088],[98.39369650300006,9.332092090000174],[98.39366615600011,9.332125884000106],[98.39359015100013,9.332279960999983],[98.39353316300003,9.332391127000164],[98.39349010000012,9.332476305000057],[98.39343689200018,9.332586541000126],[98.3934039780001,9.332644150000021],[98.39336472100013,9.332720255000027],[98.39331914400003,9.332799158000057],[98.39328499700014,9.332838589000062],[98.39323759000018,9.332876117000126],[98.39320347600005,9.332896744000152],[98.39315989400018,9.332917354000074],[98.3931182250002,9.332926682000107],[98.39307711300017,9.332932688000085],[98.39306952600015,9.332929380000166],[98.39306300400011,9.332926349],[98.39304275600006,9.33291549500018],[98.39299800600008,9.332885750000116],[98.39299635500004,9.332884351000075],[98.39299433000014,9.332882459000132],[98.39298914000005,9.332875472000183],[98.39298607400019,9.332869346],[98.39298009900011,9.332853075000173],[98.392976761,9.33284057100019],[98.3929727360001,9.33282211400018],[98.3929724360001,9.332820894000065],[98.39296898800018,9.33280922199998],[98.39296440500004,9.332795497],[98.39296162400012,9.332789238000146],[98.39295374800014,9.332777248000014],[98.39295258700014,9.332776001000184],[98.39294527800018,9.332769680000126],[98.39293592300004,9.33276419900011],[98.39292057000006,9.332756823000011],[98.392914395,9.33275419000006],[98.39289351600013,9.332748138999989],[98.39287450100011,9.332744467000055],[98.39284889400017,9.332742242000165],[98.39283060200012,9.332742211000038],[98.39280500400008,9.33273998600015],[98.39279393700019,9.33273761700002],[98.39278987400007,9.332736745000147],[98.39278151100001,9.332733930000188],[98.3927713650001,9.33272830500016],[98.39276040500005,9.332721017999972],[98.39275018000018,9.332710099000053],[98.392742881,9.332697739000082],[98.39273209500004,9.33266682600015],[98.39272247400004,9.332630817000052],[98.39272236900013,9.332630092000102],[98.39271888000007,9.332606168000098],[98.3927181860002,9.332596681000098],[98.39271718900005,9.332581955000137],[98.39271551500008,9.332572847000051],[98.39271291000011,9.332567075000156],[98.39270694000015,9.332558223000092],[98.39269851400019,9.332550868000112],[98.39268506400015,9.332543136000027],[98.3926622580002,9.33253610000014],[98.39265975900008,9.332535540000094],[98.39263415300007,9.332533316000081],[98.39261366800008,9.332536195000046],[98.39260048600005,9.332542708000176],[98.39259022800007,9.332551407999972],[98.3925793040001,9.332564321000064],[98.39256452400008,9.332574947000069],[98.3925492080001,9.33258113900007],[98.39252944100014,9.332586192],[98.39250748799998,9.332589061000022],[98.39248334500007,9.332589020000057],[98.39245554600012,9.332584608000047],[98.39243141700018,9.332575851000172],[98.39241095500012,9.332566364000172],[98.39239268000011,9.332555435000074],[98.39237953200006,9.332543787000134],[98.39236857500015,9.33252850700012],[98.39235910100007,9.332510322000132],[98.39234452900013,9.332472511000105],[98.39234211000019,9.332467395000037],[98.39233214300015,9.332446329999982],[98.39231973300019,9.332428139000172],[98.39230220500014,9.33240849200007],[98.39228175700009,9.332390282000176],[98.39225764300005,9.332372804000158],[98.3922276780001,9.332355309000036],[98.39218746300008,9.332337081000105],[98.39217624800011,9.332332433999966],[98.39217119200009,9.33233034000017],[98.39216435800006,9.332327758000133],[98.39213611200017,9.332319637000069],[98.39211523800003,9.332315892000054],[98.39210858000001,9.332315226000162],[98.39210491600011,9.332315036000125],[98.39206060700008,9.332312761000026],[98.39198582199998,9.332317578000186],[98.39198255700018,9.332317794],[98.39190841100009,9.332324123000092],[98.3918602760001,9.332327918000146],[98.39183296700008,9.332327872000121],[98.39180435600008,9.332325234000109],[98.39178398000018,9.3323218970001],[98.39174064100007,9.332314792000147],[98.39170422000018,9.3323121520001],[98.39168007600011,9.332313028000158],[98.39165492800015,9.332317666],[98.39046793199998,9.332189766000113],[98.39107801900013,9.333405561000063],[98.39104266900006,9.333609703000093],[98.39127735200003,9.33503816300015],[98.39154873000007,9.336672802000123],[98.39211374900003,9.339934747000086],[98.39232658700007,9.341142334999972],[98.39270687700008,9.344087438000031],[98.39283783500008,9.345500998000148],[98.3930418650001,9.347518299000171],[98.39313974900017,9.348667979000084],[98.39316534700015,9.348968648000152],[98.39347427500013,9.350330986000074],[98.39382568800016,9.352841729999966],[98.39395019199998,9.353703192000012],[98.39427266900015,9.35625994500009],[98.39453168300008,9.36070705300017],[98.39466212900004,9.361591985000018],[98.39456283800007,9.361780176000082],[98.39444290100016,9.361960199000123],[98.39436426900005,9.362136181000096],[98.39435152800019,9.362345058000074],[98.3943676940001,9.362525277000145],[98.39441278400011,9.362685087000045],[98.39446627200005,9.362767099999985],[98.3945815890001,9.36284921600003],[98.39467227500018,9.362882157],[98.39479595600017,9.362894653000183],[98.39488254500014,9.362902992000045],[98.3949283820001,9.362934481000082],[98.3952031980001,9.36438548500007],[98.39520753900001,9.364427091000152],[98.39520944600008,9.36444536200014],[98.39542142000005,9.366479079999976],[98.39551383100013,9.367885192000188],[98.39552016400006,9.367981560000146],[98.39560511000013,9.369266751000168],[98.39567412200017,9.370317027000056],[98.39591644300009,9.377162573000135],[98.39595484700004,9.380974258000094],[98.39595885400013,9.380974405000018],[98.39596145000013,9.381237980000094],[98.39596970600013,9.382076096000162],[98.39593650800003,9.38282948800014],[98.39594868400013,9.38316509900011],[98.39597365499998,9.383475374000113],[98.3960114190001,9.383747680000113],[98.39612562200006,9.384083445000044],[98.39615092400004,9.38414235600004],[98.39658335500019,9.385769393000146],[98.39619797600017,9.389782744000115],[98.39613907800009,9.390107129],[98.39619665100014,9.390547592000132],[98.3963590100002,9.391150459000187],[98.39662513200017,9.392448779000176],[98.39677547500008,9.393237040000088],[98.39701621800003,9.395740533000037],[98.39703682700002,9.397293433000073],[98.39696095000005,9.397944857000141],[98.39676411700003,9.399007266000012],[98.39659831100016,9.399686766000116],[98.39650646000013,9.400185739000108],[98.3965448460001,9.400529989000177],[98.39671749100006,9.400926129000084],[98.39732565200006,9.401745379000033],[98.39733485800008,9.401757780000082],[98.39778088000003,9.402347802],[98.39773746300011,9.402386450000051],[98.39765491700018,9.402536891000125],[98.3976025390001,9.402747631000182],[98.39759357700012,9.402919712000084],[98.3976322790001,9.403083307000031],[98.39773161100015,9.40326848500007],[98.39786141300004,9.403389178000054],[98.39803443600005,9.40353573200008],[98.39826398900016,9.403600703000052],[98.39845459500009,9.403609632000155],[98.39854562300019,9.403592542000183],[98.39880570300005,9.403537046],[98.39898324700016,9.403571810000074],[98.39925172400007,9.403671207],[98.39945969700011,9.403675858000156],[98.39968937100014,9.403663357000084],[98.39990600700014,9.403663725000115],[98.4001095910001,9.40368126800007],[98.40032610400016,9.403746162000118],[98.40051233800011,9.403815355000063],[98.40081780200018,9.40385692000001],[98.40103677400015,9.403834386000085],[98.40115972300009,9.40382173300003],[98.40117558100019,9.403820102000168],[98.4015333750001,9.403764621000107],[98.40190073100013,9.403653077000115],[98.40222109700017,9.403466687000162],[98.4025981600002,9.403149461],[98.40301283900016,9.402879098000142],[98.40353147500008,9.40236582099999],[98.4040030920001,9.401805743000011],[98.40449379200004,9.40112414600003],[98.40482427100011,9.400535773000115],[98.40517418900009,9.399573547000102],[98.4056519560001,9.398265380000112],[98.40587473900013,9.398096259000056],[98.40661544500017,9.39809070800004],[98.4073510230001,9.398221732000081],[98.40757647599997,9.398502540000038],[98.40920268400009,9.399870073000102],[98.41089420800006,9.401574245000063],[98.41213566900018,9.40293325500005],[98.41214503100008,9.402943503000017],[98.41218487200007,9.402993840000022],[98.41272380200007,9.403712735000056],[98.41366614100019,9.404803972000025],[98.41471431000014,9.406212118000042],[98.41499026700012,9.406520907000072],[98.41501568799998,9.406584300000077],[98.41500280700012,9.406651860000181],[98.41498571700009,9.406698278000079],[98.41491760400004,9.406715057000156],[98.41482395200012,9.406774037000048],[98.41480679800014,9.406858474000046],[98.4148321780001,9.406934543000034],[98.41497202200014,9.407255760000055],[98.41508663000019,9.407386870000039],[98.41518440400012,9.40741237200001],[98.41533744500009,9.407450643000118],[98.41555013100009,9.407455212],[98.41579256000017,9.407447166000054],[98.41600100000016,9.40741372400015],[98.41620529700009,9.407342267],[98.41639681600009,9.407266575000165],[98.41662660500015,9.407182490000025],[98.41669521700015,9.407321049000018],[98.41686497800009,9.407663881000133],[98.41704201500005,9.408121153000138],[98.41714594100011,9.408505594000076],[98.41782315700004,9.410043753000082],[98.41884381,9.412600239000028],[98.41989524500008,9.415551428000072],[98.42090535300014,9.418180605000089],[98.42137374800012,9.41953147800001],[98.42297721700015,9.423854452000114],[98.42396605900007,9.426712060000114],[98.42419524500002,9.427252501000169],[98.42444533800006,9.427834495000184],[98.42469350300007,9.428225588000146],[98.42480583800005,9.428402653000148],[98.42492696300019,9.42861053900009],[98.425112754,9.428998720000152],[98.42522924000008,9.42933302900019],[98.42545565600017,9.430359786000167],[98.42601657400019,9.432718199000135],[98.42679526900008,9.43618820800009],[98.42704505900014,9.436925988000041],[98.42733735500013,9.437279532000161],[98.42779715700016,9.437529543000153],[98.42816293800013,9.437696308],[98.42855972000012,9.438101977000088],[98.42889350100012,9.438663320999979],[98.4292552820001,9.439900098000123],[98.43027224300016,9.444547772000078],[98.43037496900013,9.44513140600003],[98.43134431300001,9.449423878000118],[98.4317283270002,9.451670155000045],[98.4321972960002,9.454665183999964],[98.43287938300006,9.459093471000187],[98.43297972300019,9.460364683000023],[98.43321526000005,9.461915625000131],[98.43345000900018,9.464578129000131],[98.4336840430002,9.467664551000041],[98.433717612,9.47029235400015],[98.4337398560001,9.471571513000015],[98.43368774600003,9.473695248000183],[98.43364351900004,9.474359045000085],[98.43325448900015,9.477533975000085],[98.43313812600002,9.478308258000084],[98.43308727400012,9.478646628000035],[98.43266548300011,9.481453214000055],[98.43254840500003,9.482634214000086],[98.4324021920001,9.484109089000185],[98.43233686200017,9.484473155000103],[98.4320986670001,9.484986893000155],[98.43194685100013,9.485457926000151],[98.4319462160002,9.485843380000063],[98.43199579500009,9.48599030000014],[98.43211366100007,9.486186047999979],[98.43211647900017,9.48618637200019],[98.43215061300015,9.48618642700012],[98.43220527700004,9.486159408000105],[98.43222587000008,9.48609166000017],[98.43222597000005,9.486030655000036],[98.43222610400005,9.485949321000021],[98.43213116800001,9.485556044000077],[98.43211778300008,9.485393350000152],[98.43213149200005,9.48535948500006],[98.43215891200003,9.485291748000066],[98.43218628000017,9.485257901000011],[98.43226147400014,9.485197021000147],[98.43234350400019,9.485136155000077],[98.4323624590001,9.48512245000012],[98.4325212230001,9.485007661000111],[98.43252416800004,9.48500632200006],[98.43295113600004,9.48481287800007],[98.43301314600018,9.484784784000055],[98.43310878900019,9.484744271000181],[98.43318386800007,9.484757947000048],[98.43326597700008,9.484779011],[98.43367468400004,9.484796232000122],[98.43421351,9.484818941000128],[98.43526029800012,9.485086735999971],[98.43533605700009,9.485272399000166],[98.43429822200011,9.485389257000065],[98.43408821800011,9.485429584000087],[98.43382717300011,9.485373242000037],[98.4337037200001,9.485353889000123],[98.43366336000014,9.48534755900016],[98.4335200660002,9.485301575999983],[98.43342283700008,9.48526583500012],[98.433320406,9.485280918000058],[98.43325885500019,9.485346905000085],[98.43324848600014,9.485423142000116],[98.43327392200007,9.48552485000016],[98.43339148400003,9.485652133000144],[98.4336522550002,9.485876229000041],[98.43373295900017,9.485915425000087],[98.43385179100005,9.485973134000119],[98.43392848500014,9.486039344000119],[98.43390264500016,9.48618672200007],[98.43383075100007,9.486313697000185],[98.4337841570001,9.486439661000077],[98.43373302800006,9.486577880000084],[98.43369910900003,9.486689469000169],[98.43368669500006,9.486730310000098],[98.4337729900002,9.487187963],[98.43377260600016,9.487421805],[98.43377212200011,9.487716645000091],[98.43392498400016,9.48817440800019],[98.4341425140002,9.488788431000103],[98.43428176300006,9.489181515000098],[98.43437681900014,9.49054404400016],[98.434391806,9.49142036100011],[98.43440027100013,9.49151513300012],[98.43439959900007,9.491924756000174],[98.43442557500009,9.49273815500004],[98.43438776100015,9.492913724000118],[98.43432508000018,9.493204754000033],[98.43403462400016,9.493986180000036],[98.43370942600006,9.494917498000177],[98.43370264900011,9.495170193000035],[98.43372928800011,9.49544822200005],[98.43377452300001,9.495620004000045],[98.43381066500018,9.495782735000091],[98.43388328400005,9.495909374000178],[98.43395603700014,9.495954679000079],[98.43406523100009,9.495981968000137],[98.4341835730001,9.495982160000153],[98.4343292210001,9.495982395000055],[98.43433715600014,9.495982108000135],[98.4347779690001,9.495643637000114],[98.43508409800012,9.49599519700007],[98.43472953900016,9.496118603000184],[98.43460191800017,9.49622684500008],[98.4345106780001,9.496353220000117],[98.43453764700013,9.496561122000116],[98.4347009400002,9.496904802000131],[98.43478199700007,9.497438135000095],[98.43489044900019,9.497917290000032],[98.43509940600012,9.498170672000015],[98.43528110100016,9.498396899],[98.43545243900013,9.498584619000098],[98.4355924520001,9.498834605000184],[98.4361206160001,9.501614462000077],[98.43692377700017,9.505173975000162],[98.4379960390001,9.509090901000036],[98.43876661600018,9.51196998100005],[98.43940390100005,9.513934181000025],[98.4403880120002,9.51680242000009],[98.44132733600014,9.519592512000031],[98.44141537300004,9.51985301100018],[98.44142531000006,9.519882415000154],[98.44165163400015,9.520552336000037],[98.44202096500004,9.52145641300018],[98.44242427000012,9.522215564000021],[98.44301833100013,9.523131176999982],[98.4430233060001,9.523139812000068],[98.4433376300002,9.52368541300001],[98.44346958699998,9.524029664000182],[98.44351392800019,9.524147990000188],[98.44371804900015,9.5246835640001],[98.44510781800011,9.528859070000067],[98.44640978600017,9.533381004000148],[98.44701710000015,9.535649115000126],[98.44757362800004,9.537686747000123],[98.44757722500003,9.537793955000154],[98.44756958900012,9.5378196530001],[98.44754245300004,9.537926645000084],[98.44753681300006,9.537952159999975],[98.44748206200006,9.538039872000127],[98.44746513300004,9.53810663000013],[98.4474566090002,9.538178966000089],[98.44745644800008,9.538279186000068],[98.4474513030001,9.538369151000097],[98.44746616000003,9.53841364100009],[98.44751448099998,9.53854751800003],[98.44756291100009,9.538611842000023],[98.44764909300011,9.538676216000056],[98.44776722600005,9.538719896000089],[98.44779458400018,9.538729967000108],[98.44802639900007,9.538778533000084],[98.44822586400016,9.538805596000088],[98.44842542500004,9.5388059120001],[98.44848061400012,9.538805999000033],[98.44860873700014,9.538806202000103],[98.44871655000009,9.538838492000139],[98.44886742900002,9.538913684000136],[98.44917447500006,9.539117580000152],[98.44924985500006,9.539187261000109],[98.44927242700015,9.539214239000046],[98.44928079700014,9.539219531000128],[98.4494259870001,9.53939301600019],[98.44954174800017,9.539768658000185],[98.44977613800017,9.540506459000028],[98.4497849,9.540534033000029],[98.4499180890001,9.540953346000151],[98.44997271700004,9.54115385300014],[98.44998928700016,9.541214670000102],[98.45062676400005,9.543553757000097],[98.45146586800018,9.546457610000118],[98.45166047000015,9.547112001000187],[98.45166859200009,9.54713930600002],[98.45174084100012,9.547382248000076],[98.45204523600017,9.548577943000112],[98.45216009500018,9.549029119000181],[98.45216190100012,9.549035976000084],[98.45239144900012,9.549895875000118],[98.45295073500006,9.551802400000042],[98.45353271200014,9.553607350000163],[98.45368303600014,9.554000829000131],[98.45391485800013,9.55453179400007],[98.45417178500014,9.555112726],[98.4545477810002,9.555949756000189],[98.45494267900017,9.556761877000156],[98.4550240160001,9.557036663000133],[98.45508643900018,9.55732390500009],[98.45508565400019,9.557817048000118],[98.45508482000014,9.55834139500007],[98.45508428300019,9.558678485000087],[98.4550964230001,9.558953153000061],[98.45517136300009,9.559290353999984],[98.45534692800015,9.559615233000159],[98.45564740700007,9.560489609],[98.45574119300016,9.560851806000073],[98.45577827000011,9.561270122],[98.4558025840002,9.561788238000076],[98.45577663300008,9.562300107000056],[98.45572579600002,9.562624614000185],[98.45573149200015,9.56298042100002],[98.4557812270001,9.563342540000065],[98.45600091500017,9.563630028000034],[98.4563964780001,9.564017665000051],[98.45653512400003,9.564124571000036],[98.45657169200007,9.564152768000156],[98.45659122500018,9.564167793000081],[98.45677975900014,9.564249257000029],[98.4569746800002,9.564262046000124],[98.45733337900009,9.564137741000081],[98.45757251900017,9.564031999000179],[98.4577424810002,9.56391990300017],[98.45792508900001,9.563782859000185],[98.45810757800012,9.563714496000102],[98.45826482200016,9.56371474100007],[98.45852258399998,9.563752598000065],[98.45885596800002,9.563728148],[98.45910760500016,9.563678591999974],[98.45948515200007,9.563548083000114],[98.45969281900011,9.563454791000026],[98.45986290600007,9.56328649700015],[98.46002680500004,9.563043314000026],[98.46005231499998,9.562818642000082],[98.46009049000003,9.562531558000103],[98.46020410600005,9.562269560000118],[98.46038029300013,9.56214423800003],[98.46040558900012,9.562126273000047],[98.4604412280001,9.562105952000081],[98.46056924900012,9.562032884000075],[98.46064157000018,9.562034663000134],[98.4607307060001,9.562036800000044],[98.46084595400004,9.562039566000067],[98.4609079810001,9.562048455000024],[98.46115406400014,9.562083721000079],[98.4614745070001,9.562259046000122],[98.46188277000005,9.56260923400015],[98.46237258400004,9.56306564900018],[98.46282450000012,9.563628161000167],[98.46301906800005,9.563865665000094],[98.46324503200009,9.564153159000114],[98.4637033250001,9.564678216000118],[98.46419309800007,9.565172137000047],[98.46484637499998,9.565672514000141],[98.4652608560001,9.566053919000126],[98.46568804500004,9.566354198000056],[98.46607135400018,9.566567031000147],[98.46617186200018,9.566648363000127],[98.4661906030002,9.566717067000127],[98.46618415600011,9.566829417000179],[98.46619113700007,9.56684595400003],[98.46620318800007,9.566874495000036],[98.46623427400016,9.566948068000158],[98.4664038860002,9.56706070000007],[98.46655481400006,9.567067182000073],[98.46674355300013,9.567030018000025],[98.46705192100006,9.566911861999984],[98.46732885400013,9.566774976000033],[98.46768754400017,9.566625703000057],[98.46806511100004,9.566482689000111],[98.46853080200015,9.566283651000163],[98.4689902410002,9.566078378000157],[98.46921072500015,9.565854004000016],[98.46945020100009,9.565542246000177],[98.46995424300002,9.564949993000141],[98.4701117100002,9.564781703000051],[98.47018128600007,9.564538342000048],[98.47011913000011,9.56406385200006],[98.47007542600005,9.563839057000052],[98.4699313500002,9.56348926100003],[98.46979337800013,9.563239361000171],[98.46963022300002,9.563001914000154],[98.46947325800011,9.562826883000128],[98.46919052400017,9.562664152000082],[98.4689202350001,9.562563863000037],[98.4685807950001,9.56245724400003],[98.46835459400012,9.562319579000075],[98.468229028,9.562182010000129]]],[[[98.35293620100015,9.440757652000173],[98.35316462900005,9.44055777799997],[98.35330263800017,9.440395975000172],[98.3533740220002,9.440153269000177],[98.35337878000007,9.439943877000076],[98.35343588799998,9.43973924300019],[98.35353582500017,9.439539368999988],[98.3537452180002,9.439463225999987],[98.353997441,9.439477502000102],[98.35414496700014,9.439444190000017],[98.35438767200003,9.439353771000128],[98.35453044000013,9.439287145000094],[98.35463513700017,9.439206244000047],[98.35467796699999,9.439139619000173],[98.35461610100003,9.439049200000056],[98.35462085900008,9.438892155000076],[98.35467320800007,9.438554271000044],[98.35469700200008,9.438416262999965],[98.35472555600012,9.43820211100001],[98.35474459200009,9.43802603100005],[98.35468272500003,9.437769050000156],[98.35462085900008,9.437535862000061],[98.35455423500008,9.437269363000098],[98.35451616300014,9.437002863000089],[98.35452568100004,9.436874372000034],[98.35453044000013,9.436769676000097],[98.35453044000013,9.436655462000033],[98.35446857400018,9.436546006000071],[98.35436387800002,9.436422274000108],[98.35424014600011,9.43625095300007],[98.35407358400016,9.436155774999975],[98.353878468,9.436051079000038],[98.3536785930001,9.435951141000146],[98.3535263080002,9.43587499900002],[98.35345492300007,9.435784579000028],[98.35334546900009,9.435756026000035],[98.35325980800019,9.435694160000082],[98.35315987100017,9.435694160000082],[98.35307420900017,9.435727472000167],[98.35295047800014,9.435727472000167],[98.35287433500014,9.435665606000043],[98.35260783500013,9.435665606000043],[98.3524841040001,9.435722713000075],[98.35244127300001,9.43568464100008],[98.35239844300003,9.435598981000112],[98.35230326400006,9.435632293000026],[98.35226043400007,9.435698918000128],[98.35220332700004,9.43575602500016],[98.35208435400006,9.43578933800012],[98.35193206899999,9.435813131999964],[98.35181785400005,9.435808373000043],[98.3517655070001,9.435722713000075],[98.35168460500012,9.435489525000094],[98.35148473000004,9.435246821000135],[98.351275337,9.435023152000156],[98.35109925800009,9.434809],[98.35094697100004,9.434637679000161],[98.35086131100007,9.434485394000092],[98.35077565000017,9.434295036000151],[98.35069474900013,9.434157027000026],[98.3506233650001,9.434042813000133],[98.35048535600009,9.433942876000117],[98.35035210600012,9.433904805000111],[98.3501665080002,9.433890528000063],[98.34998091000011,9.433914322000078],[98.34981910700014,9.434004742000127],[98.34978103600008,9.434052331000032],[98.34969061700019,9.43408564400005],[98.34965254500003,9.434176064000042],[98.34960971400017,9.434228412000152],[98.34956212600014,9.43431407200012],[98.3496620630001,9.434418768000057],[98.34968585800004,9.434494911000058],[98.34962875000014,9.434518706000176],[98.34949074100018,9.434352143000183],[98.34933369700013,9.434185581000065],[98.34921948300007,9.434185581000065],[98.34902436700014,9.434152269000151],[98.34881021600006,9.434137992000103],[98.34861985800012,9.434166545000096],[98.34839143100015,9.43432359000019],[98.34828673499999,9.434414010000012],[98.34820107400014,9.434490153000013],[98.34811541300007,9.43456153600016],[98.34809637700005,9.43464719700006],[98.34810113700013,9.434809],[98.3480345110001,9.434923214000094],[98.3479583690002,9.435008875000165],[98.34786319000006,9.435156401000086],[98.3478060830002,9.43527061500015],[98.34785367300009,9.43539910700008],[98.34792029700009,9.435537115000159],[98.34798692200019,9.43562277600006],[98.3480440300001,9.435746507999966],[98.34810589600005,9.435884516000044],[98.34812017200016,9.436008248000121],[98.34808210000006,9.436217640000052],[98.34805354700006,9.436379445000057],[98.34802975200017,9.436560283000063],[98.34799168200004,9.436688774000118],[98.34800119900018,9.436798230000136],[98.34801071700008,9.43685057800019],[98.34804402900016,9.436869613000113],[98.34810589500017,9.436841059000017],[98.34816300300008,9.43682202400015],[98.34821535100014,9.436893408],[98.34821535100014,9.437012380999988],[98.34829149300003,9.437188461000176],[98.34827245800017,9.437331229000108],[98.34819631500017,9.437483514000178],[98.34821535000003,9.43764531800008],[98.34822010900018,9.437826157000188],[98.34818203800012,9.437902299000086],[98.34818203800012,9.43804030800004],[98.34819155500014,9.438211630000183],[98.34824390400013,9.438373432999981],[98.34820583200013,9.438444817000061],[98.34819631500017,9.438601861000052],[98.34821059200004,9.438711316000138],[98.34827245700006,9.438735111000085],[98.34829625200018,9.438787459000139],[98.34827721700009,9.438915950000023],[98.34822486800016,9.439058717000023],[98.34823438600006,9.439206244000047],[98.34823914500015,9.439239556000132],[98.34829625200018,9.439277628000127],[98.3483010110001,9.439329976000181],[98.3483010110001,9.439410878000103],[98.34828197500013,9.439539368000112],[98.3483295640001,9.439582198999972],[98.34839143100015,9.439558404000081],[98.34844853800018,9.439663100000018],[98.34847709100012,9.439767797000059],[98.34849612700009,9.439872493000053],[98.34846757300005,9.439910564000058],[98.3484818500001,9.439991466000038],[98.3485484750002,9.44007236800013],[98.34866268900004,9.440177064000125],[98.34870076100015,9.440177064000125],[98.34884352800015,9.440272242000162],[98.3489339480002,9.440367421000133],[98.3490100910002,9.440415010000095],[98.34920044800003,9.440453082000033],[98.34929562600007,9.44044356300003],[98.3493717680002,9.440395975000172],[98.34944791100014,9.440357903000063],[98.34963350900006,9.4403769380001],[98.34983338400019,9.4404530810001],[98.34991428600011,9.44054350100015],[98.34998567000014,9.44057681400011],[98.35009512400018,9.440562537000119],[98.3501760260001,9.440548260000071],[98.35033783000017,9.44054350100015],[98.35042349000014,9.440529224000102],[98.35053770400003,9.4404530810001],[98.35067095400018,9.44044832200018],[98.35083751600013,9.440495911000085],[98.35097552500008,9.440576813000064],[98.3510849810001,9.440662474000135],[98.35114208800007,9.440714822000189],[98.35126106100006,9.440752894000127],[98.35145141800012,9.440743376000057],[98.35155135500014,9.44077192900005],[98.35158942600015,9.440852831000143],[98.35184164900016,9.44092421400012],[98.35204628300005,9.440914697000096],[98.35231278200013,9.440909938000175],[98.35262211300005,9.440824277000104],[98.35293620100015,9.440757652000173]]],[[[98.32845878600017,9.457540514000016],[98.32855796800004,9.457502364999982],[98.32866096300012,9.457406996000032],[98.32872200100019,9.45734977700016],[98.32878303500007,9.457296369000176],[98.32886314300015,9.457201006],[98.32890510600015,9.457124711000176],[98.32894706900015,9.457044600000017],[98.32892799400008,9.45698356500003],[98.32889366100017,9.456880571000056],[98.32884025400011,9.45675849800017],[98.32882118400016,9.456678393],[98.32878685100007,9.456575395000016],[98.32874870100011,9.456491472000096],[98.32873344400014,9.456411361000164],[98.32871818400014,9.4562931050001],[98.32871818500007,9.456216812000093],[98.328722,9.456121447000157],[98.32872581700013,9.456041336000169],[98.32871055800007,9.455945970000073],[98.32871055700014,9.455884936000189],[98.3287143710001,9.45578956700001],[98.32871818700005,9.455713273000129],[98.32872200100019,9.455617907000033],[98.32874488900012,9.455507277000095],[98.32874870199998,9.45540809500011],[98.32874870500007,9.455331802000103],[98.32875251900003,9.455217363000088],[98.3287563340001,9.455121994000137],[98.32876014900017,9.45502662500013],[98.32874488600004,9.454935072000126],[98.32871055800007,9.454801558999975],[98.32869148400005,9.454740523000112],[98.32865333500018,9.45468330400007],[98.32858085500004,9.454622270000186],[98.32842445400019,9.454614640000045],[98.32831001300019,9.454607010000132],[98.32819557300013,9.454603197000097],[98.32804298400004,9.454595564999977],[98.327943802,9.454591752000113],[98.32785224800006,9.454584121000096],[98.32775688200019,9.454580308000061],[98.32766151600009,9.454519271000095],[98.32762336800016,9.45450020000004],[98.32752800100019,9.45443916400012],[98.32747459500018,9.454381942000168],[98.32737922500013,9.454286577],[98.32732200500016,9.454229357000088],[98.32723045200015,9.454092026000183],[98.32717323300011,9.453996657000175],[98.32710075400007,9.453920365000101],[98.32706260600014,9.453840257000024],[98.32700920300005,9.453744890000053],[98.32699012600017,9.4536876680001],[98.32697487100006,9.453592302000061],[98.32695579400018,9.453535078000073],[98.32692146400018,9.453477861000067],[98.326883318,9.453382494000095],[98.32686805700007,9.453344343000026],[98.32675361800011,9.453264236000052],[98.32669639700009,9.453260423000188],[98.32659721300007,9.453279496000107],[98.32652092000006,9.453332902000056],[98.32645988600018,9.453405382000028],[98.32639884700018,9.453481676000138],[98.32633781400017,9.453535079000176],[98.32629585299998,9.45363044700008],[98.32623481799999,9.453722003],[98.32619285499999,9.453779222000037],[98.32612800700014,9.453870775000098],[98.32608604600011,9.453966143000173],[98.32600212000011,9.454099655],[98.32597923399999,9.4541912090001],[98.32595634400008,9.454248428000142],[98.32595253100004,9.454347610000184],[98.32594871600014,9.45442390300019],[98.32594108400002,9.454538344000127],[98.32593727100016,9.454633713000135],[98.32595252900018,9.454713820000109],[98.32602500900015,9.454793929000061],[98.32608222900006,9.454851149000035],[98.32615470900004,9.454931257000055],[98.32623100300015,9.454992294000078],[98.32630729900006,9.455030441000076],[98.32640648000017,9.455053328000133],[98.3265247330001,9.455091475000188],[98.32660102900019,9.455148696000037],[98.32666206100009,9.45524406300018],[98.32668113600016,9.455297470000062],[98.32667732300013,9.455408097000088],[98.32667732000004,9.45550346400006],[98.32665443299999,9.45555686800003],[98.326593398,9.45569038300016],[98.32653236500005,9.455747607000092],[98.32646751300018,9.455842972000085],[98.32640648199998,9.455919266000024],[98.32631874000003,9.456018449000112],[98.32629966800005,9.45603752400001],[98.3262348200002,9.456155778000038],[98.32616997000014,9.456254961000184],[98.32612419000009,9.456331251000108],[98.32607841700013,9.456449508],[98.32605552600012,9.45652961900015],[98.32600975100013,9.45662880000009],[98.32596015900009,9.45676994400003],[98.32595253000011,9.456872941000142],[98.32594871500004,9.456968309000047],[98.32597923200018,9.45710945400009],[98.32597923500009,9.457166673000131],[98.32601356300012,9.457269670000187],[98.32602500700017,9.457368850000023],[98.3260822310001,9.457429887000046],[98.32616233700014,9.457452776000082],[98.32628059600006,9.457471848000068],[98.32637596100005,9.45749855300005],[98.3264751430001,9.457498549000036],[98.32665062000012,9.45750617900012],[98.32671165500011,9.45750617900012],[98.32687187300007,9.457506178000017],[98.32694816500015,9.457506180000053],[98.32710838500009,9.457509997000102],[98.32722282500015,9.45751381100007],[98.32732200600009,9.457517622000125],[98.32740211300006,9.457517623],[98.32749748300012,9.457521441000154],[98.32753944500007,9.457521441000154],[98.32777595400017,9.45750999400019],[98.32793236000015,9.457513808000158],[98.32800865000007,9.45753669600009],[98.3281078340001,9.457544325000072],[98.32814598300013,9.457544325000072],[98.32824134600014,9.457551956000088],[98.32834052800018,9.457555771000159],[98.32845878600017,9.457540514000016]]],[[[98.38183665100001,9.478361154000027],[98.38144386600015,9.478035009000166],[98.38095245200014,9.477871415000095],[98.38029689500019,9.477837711000177],[98.37993630800008,9.477837074000035],[98.37944460100016,9.477836203000038],[98.37911691200014,9.477770530000043],[98.37872406900004,9.477476929000147],[98.3782985650002,9.477118175000157],[98.37784040100013,9.476694273000078],[98.37708662600005,9.476595300000099],[98.375938841,9.476853623000068],[98.37502004400011,9.477372710000168],[98.37502601600005,9.477420256000187],[98.37429804600004,9.477827052000066],[98.37360918300016,9.478086180000048],[98.373084694,9.478085242000134],[98.37249464200005,9.478084186000046],[98.37216689500019,9.478051057000073],[98.37193760700006,9.477953009000089],[98.37157719800018,9.477854729000171],[98.37118383400013,9.47785402400018],[98.37092117400005,9.478081365000094],[98.37092016600019,9.478634633000183],[98.37101749800007,9.479188074999968],[98.37131164000004,9.479676784],[98.37137607200003,9.48029525700008],[98.37123593900009,9.482088672999964],[98.37107571200005,9.483223783000142],[98.37061238300004,9.485631296000122],[98.3701178140002,9.487192575000051],[98.36929399600007,9.489534341000024],[98.36856874700004,9.49174610700004],[98.36836734700006,9.494316808],[98.36833367100013,9.494804923000174],[98.36849687000006,9.495195760000115],[98.36882415000014,9.495489256000042],[98.36957814300007,9.495490615000051],[98.37059510400007,9.495101907000048],[98.37223593400012,9.494161044000123],[98.37351650700015,9.493024262],[98.37548749400008,9.490782168000123],[98.37611140900009,9.490197464000062],[98.37689858200008,9.489971049000076],[98.37843996700019,9.489615792000109],[98.38004715000005,9.489130466000063],[98.38083484800018,9.48861113700002],[98.38205009800004,9.48731147300009],[98.38346307600006,9.485426339000128],[98.38471132000012,9.483996544000036],[98.38500791600012,9.483118343000115],[98.38491073400007,9.482467268000164],[98.38471520600007,9.481816016999971],[98.38422447900007,9.481261888000063],[98.38301402600018,9.479892859000017],[98.38228927800009,9.479170761000148],[98.38183665100001,9.478361154000027]]],[[[98.367525103,9.49923133700014],[98.36741829000016,9.499116898000182],[98.36730766400007,9.499086380000108],[98.3671665190002,9.499082567000073],[98.36705207700015,9.499082567000073],[98.36693382300012,9.499132155000098],[98.36690711700004,9.499132155000098],[98.3667545310002,9.49926948500007],[98.3666934950001,9.49937629600015],[98.36668968100014,9.499486924000053],[98.36668205300009,9.499654772000099],[98.36672782600004,9.49990272399998],[98.36675071600013,9.499959943000022],[98.36676979100002,9.500211718000173],[98.36678886300018,9.50037574900017],[98.36684608300015,9.500432971000066],[98.36689185800009,9.500654219000069],[98.3669185650001,9.500711441000021],[98.36705589200017,9.50087929000017],[98.36715889000016,9.501024248000078],[98.36729622000018,9.501111984000033],[98.36732292100015,9.501169205000053],[98.36745262100004,9.501367568000035],[98.36755943200012,9.501482009000028],[98.36767006100013,9.501543047000098],[98.36783409100019,9.501710893000109],[98.36786079200016,9.501768111000047],[98.36799430600018,9.501939774000164],[98.36807441900015,9.502080919000036],[98.36810112200016,9.502107621000107],[98.36823463400003,9.502252580000118],[98.36834144700003,9.502367022000158],[98.3683681490001,9.50239753599999],[98.36847496200016,9.5025157930001],[98.36863898900015,9.502687456],[98.36865806400004,9.502859116000025],[98.36870765700013,9.503000260000135],[98.36873054500012,9.503171923000025],[98.36875343600013,9.503316880000057],[98.36874962000019,9.503347399000177],[98.36877250500004,9.503461836000156],[98.36876487600017,9.503660204000028],[98.36881065400007,9.503892898000117],[98.36889076100005,9.504037856000025],[98.36905860900004,9.504072189000112],[98.36922645599998,9.504083634000096],[98.36934089400006,9.504060746000107],[98.36942863500013,9.504007339000054],[98.36957359300004,9.503927233000184],[98.36968803399998,9.503873825000028],[98.36972618200014,9.503591538000023],[98.36972999700004,9.503503799000157],[98.36973762500008,9.503297804000056],[98.36974525400012,9.503183367000076],[98.36977958800014,9.503015516000175],[98.36978340100018,9.502874373000111],[98.36967659200013,9.502756121000118],[98.36962318500008,9.502695083000049],[98.36951637200019,9.502576826999984],[98.36949348500013,9.50243568500008],[98.36944008000012,9.502321246000065],[98.36939430300015,9.502035141000135],[98.36937141600009,9.501924515000042],[98.36937904500013,9.501783370000169],[98.36940956100017,9.501672745000178],[98.36949729800006,9.501512530000127],[98.36955833400009,9.501401901000122],[98.36956215000009,9.501348496000048],[98.36948204100008,9.50117683600007],[98.36940193400011,9.5010890960001],[98.36929512000017,9.501001361000021],[98.3692150120001,9.500940325000158],[98.36905097900012,9.500905990000035],[98.36885643100004,9.50084114100008],[98.36874580400018,9.500810623000064],[98.3686962110001,9.500726702000122],[98.36861610200015,9.500616077000132],[98.3685092930001,9.500444413000139],[98.36848259100003,9.500364304000186],[98.36840629600016,9.500249864000125],[98.36832618500006,9.500055311000096],[98.36822319000015,9.499887467000065],[98.36816978400014,9.499776840000038],[98.36808967400009,9.499689102000104],[98.36798286600015,9.49957847800016],[98.36784935100019,9.499490741000102],[98.36773872200018,9.499429704000136],[98.36760521200017,9.49931526000006],[98.367525103,9.49923133700014]]],[[[98.33113565000014,9.4675920090001],[98.33083263100019,9.467591431000073],[98.33063053300003,9.46763402400012],[98.33037040800008,9.467834097000036],[98.33021118100015,9.468091674000163],[98.33000833400013,9.468521077000048],[98.32996454600004,9.46877887400018],[98.3299639080002,9.469108383000162],[98.32996354700009,9.469294625000089],[98.32996274200008,9.469710090000092],[98.3298469400001,9.469896117000133],[98.32961551100004,9.470182203000036],[98.32948500200018,9.470511463000093],[98.32948453000012,9.470755014000076],[98.32946957200016,9.471027191000132],[98.32955542700006,9.471399843000029],[98.32977134700013,9.471672456000135],[98.33001607200003,9.471973781000088],[98.33021750600005,9.472275025000158],[98.33036133400003,9.47251884700006],[98.33037554100002,9.472633489000145],[98.33040373400019,9.47297737800011],[98.33046098000011,9.473221040000169],[98.33072638000004,9.47372642900018],[98.33107949900005,9.47423940200008],[98.33116457500012,9.474448902000177],[98.33129492600017,9.474769892000097],[98.33130869000007,9.475113756000098],[98.33130802500011,9.475457590000133],[98.33129293000019,9.475801397000055],[98.33126376500019,9.475958933000129],[98.3312487250002,9.476274087000093],[98.33126273900007,9.476489011000126],[98.3313346380001,9.476618087000134],[98.33146420500009,9.47677592600013],[98.3314926490001,9.476990881000063],[98.33149217800013,9.477234428000088],[98.33143401500007,9.47746354000003],[98.331274673,9.477778420000163],[98.33115837200006,9.478222322000079],[98.33117144200008,9.47892434400012],[98.33142996600014,9.479555204000064],[98.33157354700006,9.479927966],[98.33187563700017,9.480415642000025],[98.33236504500019,9.481046944000013],[98.33269630300003,9.481377085000076],[98.3329554410002,9.481692762000023],[98.33312810700005,9.481950965000124],[98.33328449600015,9.482117961000085],[98.33400683400004,9.48274059500011],[98.33407176500015,9.482812702000103],[98.33451081700008,9.483300290000159],[98.33485628900007,9.483745065000107],[98.3350435530001,9.483917338000026],[98.33518711200014,9.484304430000066],[98.33533072700004,9.484662865000189],[98.33544586699998,9.484820675000094],[98.33561859200017,9.485050225000066],[98.3358058550001,9.485222499000088],[98.33606516000015,9.485452212000041],[98.33632477200013,9.485524340000154],[98.33680064800006,9.48569715800005],[98.33692835900007,9.485721182000077],[98.33703144999998,9.485740574999966],[98.33720442700019,9.48584119000003],[98.33739168800014,9.486013461000027],[98.33740624000012,9.486026843000047],[98.33757895800017,9.486185734000117],[98.33765080600011,9.48634346100016],[98.3376791440001,9.48661571700012],[98.33767859400007,9.486902246999989],[98.3376778240002,9.487303392000058],[98.3376630640002,9.487475281000172],[98.33763376400009,9.487704449000148],[98.33753239500015,9.487890500000162],[98.3374019970002,9.488162459000023],[98.3371558230001,9.488606116000028],[98.33695274900015,9.489150137000024],[98.33680728600012,9.489751573000035],[98.33680648800004,9.490167043000156],[98.33680582600016,9.490510878000066],[98.33681995400008,9.49066849500008],[98.33689177800017,9.490840549999973],[98.33699251500008,9.490984006000133],[98.33709642300016,9.491122096000026],[98.33723085400015,9.491265870000177],[98.33741009900018,9.491457572000058],[98.33769793900018,9.49185925800009],[98.33788488099998,9.492203447000065],[98.33817247700017,9.492734075999977],[98.33844589300008,9.493135733000088],[98.33873365800014,9.493580401000088],[98.33905025200005,9.494039447999967],[98.33949656600004,9.494584698000153],[98.3402743810002,9.495345468000039],[98.34152759200003,9.49653693300013],[98.34173095400018,9.496721168000022],[98.3417292690001,9.49672355700011],[98.34240629200008,9.497369520000177],[98.34266550500013,9.497656539000047],[98.34298238600013,9.497972318000166],[98.343140555,9.498273473000097],[98.34348558800002,9.498961793000035],[98.3437159410002,9.499248759000182],[98.34396085800012,9.499464114000148],[98.34419137200018,9.499665120000031],[98.3444364830001,9.499780189999967],[98.34473929100011,9.499909697000135],[98.34507079800011,9.500125215000025],[98.34538784700015,9.500355035000041],[98.34567589300019,9.500656429000117],[98.34589187000017,9.500914712000053],[98.34612214500015,9.501244653000072],[98.34649678300008,9.501546211000175],[98.3469579570002,9.501876583000183],[98.34713075000019,9.502077477000057],[98.34724548899999,9.50225067600013],[98.34742515800002,9.50252187500007],[98.34790846100015,9.502909866000095],[98.34842755200003,9.503140058000156],[98.34907644300017,9.503413472000034],[98.34949470500015,9.503543189000027],[98.34988391500019,9.503773137000053],[98.35025847800017,9.504117670000028],[98.35044559800019,9.504375898000092],[98.35061815100016,9.504705729000136],[98.35073292900006,9.505064104000041],[98.35078995000009,9.505436699000029],[98.3509190490002,9.505852411000149],[98.35101909500014,9.506368351],[98.3510474750002,9.506626280000148],[98.35107601300007,9.506798255000035],[98.35129207700015,9.507013552000046],[98.3514362840001,9.507071124000163],[98.35166691400019,9.507214819000069],[98.35186846800013,9.507473073000142],[98.35199794700014,9.50768821100013],[98.35202632900018,9.507946136999976],[98.35202581700014,9.508218342000077],[98.35203981600012,9.50844759500012],[98.35221266600001,9.508619830000043],[98.35242906000019,9.50866321400008],[98.35264553100006,9.508663615000046],[98.35291973000011,9.508664123000074],[98.3531217960001,9.50865017100017],[98.35326621900009,9.508593130000179],[98.3536273540002,9.508407554000087],[98.35393049600009,9.508365137000055],[98.35417609800015,9.50822232400003],[98.35446515700016,9.507993636000094],[98.3546820840001,9.50775048100013],[98.35484152700002,9.507378287000108],[98.35490027700013,9.506833988999972],[98.35485805700017,9.506260847000021],[98.3546145470001,9.505286190000106],[98.35393912400008,9.503766330000133],[98.3534350990002,9.502503674000081],[98.35316993200018,9.501938382000048],[98.35268896200017,9.5009130360001],[98.35220080900001,9.499579764000089],[98.35200052000005,9.498648164000087],[98.3520310780001,9.497745651000116],[98.3522210820002,9.496470940000108],[98.35235354400015,9.49509583600019],[98.35257390700019,9.493018892000123],[98.35256844100007,9.493018816000074],[98.3526033870001,9.492689436000035],[98.35247590200015,9.491414137000106],[98.35207440000016,9.49005237200015],[98.3516002070001,9.488977005000095],[98.35106770200014,9.488216709000028],[98.35040583400013,9.487599254000031],[98.34807259700005,9.486154102],[98.3473205140001,9.485688272],[98.3466863590001,9.485271619000116],[98.3460379080002,9.484783305000178],[98.34573547100013,9.484467556000084],[98.34539030400009,9.48385087400004],[98.34516039900018,9.483334688000127],[98.34503161000009,9.482761384000128],[98.34491739100014,9.482116476000044],[98.344759613,9.481614752000098],[98.34470660400018,9.481342709000103],[98.34458981700004,9.479837942000188],[98.34437586600018,9.478519500000175],[98.34414710700014,9.477401605000125],[98.34355814100007,9.475996499000075],[98.34299719100005,9.475035569000113],[98.34236387800013,9.474189116000161],[98.34194601100012,9.473873152000124],[98.34162893300015,9.473671981999985],[98.34139821500008,9.47358559200012],[98.34109521500005,9.473570695999967],[98.34077778300008,9.473555769000086],[98.34048951200015,9.473383309000042],[98.34027330999999,9.473253966000073],[98.34002838300006,9.473052934000123],[98.33978302800011,9.472874214000058],[98.33958026000005,9.472711117000188],[98.33918191900005,9.47239071000007],[98.33900539000007,9.472248722000188],[98.3385731790001,9.471889739000062],[98.33816971900012,9.471588126000086],[98.33786729600007,9.471272369000133],[98.33739187800018,9.470870327000114],[98.337161525,9.470597689000101],[98.33691673600009,9.470325022],[98.33661442900006,9.469951961000163],[98.33628312200005,9.469650477000073],[98.33576425200016,9.469334311000011],[98.33528726000009,9.469199304000142],[98.33484436800006,9.469117672000152],[98.33445169700013,9.4690452910001],[98.33381189800008,9.46890593],[98.33378820500013,9.468900770000118],[98.33376871400003,9.468894149],[98.33306718400007,9.468655847000036],[98.33290171800007,9.468569882999986],[98.33267070400012,9.468441394000138],[98.33262036000008,9.468397118000041],[98.33241873100019,9.468196163000187],[98.33223145100015,9.468038215000092],[98.3320586260001,9.467865968000126],[98.33185688800012,9.467722319000075],[98.33162618000006,9.467635922000113],[98.33136652800005,9.467592449000165],[98.33113565000014,9.4675920090001]]],[[[98.35453439200012,9.510389716000134],[98.35414795900004,9.510389002000068],[98.35380135400004,9.51046773400003],[98.35348105200018,9.510731704000023],[98.35337395300013,9.510996071000136],[98.35334670700018,9.511313501000075],[98.35335931000003,9.511697142000116],[98.3533717160002,9.512186611],[98.35347744900014,9.512649797000165],[98.35356988300015,9.513099730000022],[98.35384876800003,9.513602919000164],[98.35407502700019,9.513748852000049],[98.35423475400017,9.513841742000125],[98.35435446400015,9.5139610170001],[98.3544074630002,9.514119856000036],[98.35440714100014,9.514291824000054],[98.35435342100016,9.514516602000185],[98.35429979600008,9.514688471000113],[98.35425944600013,9.514886823000154],[98.35424572500011,9.515098448000174],[98.35424540200017,9.515270415000089],[98.35424503000013,9.515468842000075],[98.35425788200013,9.515720202000125],[98.35436413900015,9.51590559300007],[98.35452315200007,9.516382105000048],[98.35490847300008,9.516978090000066],[98.35516081300017,9.517428314000028],[98.35542650200006,9.51786534100006],[98.35567912100004,9.518170058000123],[98.35590533300012,9.518342443000108],[98.35613164100005,9.518461914000113],[98.35642468300011,9.518528597000056],[98.35670451800007,9.518529113000056],[98.35693105200016,9.518529530000023],[98.35719766200003,9.518477108000127],[98.35742444300007,9.518345243000113],[98.3575711700002,9.51826614099997],[98.35787768500006,9.518253478000076],[98.35829097100014,9.518148410000094],[98.35853112700016,9.517990115999964],[98.35871808300016,9.517778804000102],[98.35882500800005,9.517607032000058],[98.358865574,9.51728963100004],[98.35887951500018,9.516958947000035],[98.35888030400014,9.516535644000044],[98.35888094500012,9.516191709000111],[98.35889493400015,9.515834574000166],[98.35890239300011,9.515685005000137],[98.359060043,9.51533893900006],[98.35906912600018,9.51531899000014],[98.35909084200017,9.515292360000046],[98.35940302800009,9.5149095270001],[98.36007067600008,9.514169964000075],[98.36057809600015,9.513602080000169],[98.3607386160001,9.513271669000119],[98.36077891300016,9.513099774000182],[98.36076610500015,9.512821955],[98.36067319400019,9.512623359000088],[98.36052706000015,9.512384981000082],[98.36018109200012,9.512119784999982],[98.35954211600006,9.511774677000062],[98.35829335500017,9.511301578000086],[98.35782441200018,9.511096882],[98.35681246200011,9.510684942000012],[98.3560266410002,9.510485068000037],[98.35557368300005,9.510431321999988],[98.35510737499999,9.51039077400003],[98.35453439200012,9.510389716000134]]],[[[98.38537265900004,9.572096210000154],[98.38560379700016,9.571932994000122],[98.38606546600005,9.571933811000122],[98.38646117100006,9.571934511000165],[98.38689007900018,9.571804347000068],[98.38685760700014,9.57150973400013],[98.38682617600011,9.5706587090001],[98.38620164900004,9.569544785000176],[98.38554372800007,9.568659930000024],[98.38498489500012,9.567677050000043],[98.38478833300019,9.56695664200015],[98.38465782100002,9.566203640000026],[98.38429678000011,9.565253849000044],[98.38403422100015,9.56456603900017],[98.38340877399997,9.563975829000185],[98.38265054200014,9.56387626999998],[98.38162783000007,9.564136293000104],[98.3807030800001,9.564952871000173],[98.38063571000004,9.565738275000172],[98.38073182900013,9.567276733000085],[98.38105974900003,9.568291922000128],[98.38161901700016,9.569012975000021],[98.38227716600016,9.569766954000158],[98.38277016299998,9.570684227000129],[98.38290096600008,9.571273600000097],[98.38303186700017,9.571830224000166],[98.38326212600009,9.572157934000074],[98.38365783600017,9.572158637000086],[98.3839545960002,9.572159164000027],[98.38451521000007,9.572160158000088],[98.38497671800008,9.572226430000057],[98.38537265900004,9.572096210000154]]]]}}]}