{"type":"FeatureCollection","features":[{"type":"Feature","properties":{"districtCode":"TH9501","provinceCode":"TH-95","nameTh":"อำเภอเมืองยะลา","shapeName":"Mueang Yala","shapeISO":"TH9501","shapeID":"TH9501","shapeGroup":"THA","shapeType":"ADM2","labelPoint":[101.23149886,6.56400841]},"geometry":{"type":"Polygon","coordinates":[[[101.29272424000015,6.681117986000174],[101.29368586900006,6.67952884500005],[101.29390104900011,6.679265717000135],[101.29421917200006,6.679025280000076],[101.29469613300017,6.678669404000118],[101.29499214800006,6.678531296000017],[101.29537910200008,6.678392764000137],[101.29586810200004,6.678196739000157],[101.29639106800016,6.677898252000034],[101.29672037100016,6.677634592000118],[101.29703806300012,6.677302640000164],[101.29735564900011,6.676947471000176],[101.29762707700019,6.676501623000036],[101.29771648800005,6.676045293000129],[101.29774845700013,6.675634993000131],[101.29773450300019,6.675065034000113],[101.29763037000004,6.674666661000117],[101.29743491,6.674314474000028],[101.29715966700007,6.674053632000096],[101.29682814600011,6.673850134000133],[101.2964174010001,6.673737903000188],[101.29575603500012,6.673672636],[101.29372897600018,6.67337418],[101.29306259499998,6.673211194000032],[101.29187510900016,6.672655170000041],[101.29137418400018,6.672221356000023],[101.29106045200018,6.671827915000051],[101.29045245600014,6.670729083000083],[101.29007252800017,6.669462549000116],[101.28950086700019,6.667303183000115],[101.28926547400016,6.665890769000157],[101.28924224700012,6.665267197000105],[101.28921911100014,6.664789366999969],[101.28929946200014,6.664207084000054],[101.28942105000004,6.663499770000101],[101.28975541900013,6.662619192000079],[101.29035694300012,6.661353172000133],[101.29200917000014,6.658817952000163],[101.29269300600009,6.657999588000166],[101.29422166400008,6.656472799000028],[101.29490623500016,6.655813702000103],[101.29571798800009,6.654930321000109],[101.29644864800014,6.65372757199998],[101.2967963640001,6.652926015],[101.29742862500012,6.651227683000172],[101.29774559200013,6.650375396000072],[101.29794873100019,6.649594289000049],[101.29858295400015,6.647945662000154],[101.2989417230001,6.647220296000171],[101.29915497100012,6.646296218000089],[101.29929598200016,6.645517064000103],[101.29932795700006,6.64461186300008],[101.29912933200006,6.640775151000071],[101.29901331200006,6.63927351600006],[101.2989193200001,6.638495485000078],[101.29869898400017,6.637772248000033],[101.29818742200013,6.636743021000029],[101.29787555400009,6.635893691000092],[101.29774615100013,6.635279067000056],[101.29768689700018,6.634319494000181],[101.29777418200018,6.633523111000102],[101.29793352400009,6.632798112000046],[101.29848867700008,6.631528357000036],[101.29963553700009,6.628952585000093],[101.3007810490002,6.626087550000079],[101.30133828400005,6.625270325999963],[101.30304521200003,6.622493071000122],[101.30322345100012,6.621948769000028],[101.30340160900016,6.621260409000115],[101.30340570800001,6.621162092000077],[101.30343451400012,6.620554107000146],[101.30330413000019,6.619849074000115],[101.302829137,6.618909534000011],[101.30250162600004,6.618458544000021],[101.30219221700008,6.618134575000113],[101.30179301800018,6.617936977000113],[101.30128562600015,6.617812781000168],[101.30059734400004,6.617779826000174],[101.29855344000003,6.618060449000041],[101.29777502600007,6.618082118000132],[101.29667002600013,6.617978781000033],[101.29572838800004,6.617892721000032],[101.29496666500017,6.617624514000113],[101.29420512300004,6.617266450000159],[101.29364130300013,6.616779818000055],[101.29345611200017,6.616558087000044],[101.29320442400012,6.616257019000045],[101.29287658600015,6.61573367799997],[101.29263832900006,6.615155719000029],[101.29258233600012,6.614775774000123],[101.2925613430001,6.614141979000181],[101.29321544600015,6.610682098000154],[101.29335690100004,6.609993313000132],[101.29349709700006,6.609033417000092],[101.29363688100011,6.607855998000105],[101.29371967700018,6.606208262],[101.29352998900015,6.604399029000149],[101.29343436800013,6.6032594240001],[101.29341179700015,6.602282198000069],[101.29349917200017,6.601629843000183],[101.29366036500011,6.60117655300013],[101.29418068300015,6.600196835000077],[101.29570810900003,6.597818155000084],[101.29597841300006,6.597509610999964],[101.2964470230001,6.597072974000184],[101.29686155400003,6.596672793000039],[101.29716735699998,6.596218880000038],[101.29740001700009,6.595711064000113],[101.2975786040002,6.595112523000068],[101.29764816400007,6.594515038000111],[101.29764624500018,6.594098712000118],[101.29775305700014,6.593736090000107],[101.29809161600019,6.592539656999975],[101.29839165500005,6.590963788000067],[101.2985348580001,6.590528697000025],[101.29882220700011,6.590111001000139],[101.29929081800009,6.589565956000058],[101.29954219700005,6.589184596000109],[101.29988271300016,6.588422600000115],[101.30009654900005,6.587752180000109],[101.30020282800007,6.587153978000174],[101.30021851500004,6.586629049000123],[101.30010648400008,6.585978208000029],[101.29990547100005,6.585508523000158],[101.29944943300018,6.584750221000149],[101.29903116100019,6.584335775000113],[101.29834125800005,6.583940684000027],[101.29801486600002,6.583724671000027],[101.29794214800006,6.583634625],[101.2978651840001,6.583483585000124],[101.2978495050001,6.583452567000052],[101.2978321170001,6.583418168000151],[101.29783198900009,6.583417544999975],[101.29781134700016,6.58331637200007],[101.29779515000018,6.583236999000178],[101.2977957020002,6.583219307000093],[101.2978064420002,6.582875960000024],[101.29780685900016,6.582874367000159],[101.2978708780002,6.582629903],[101.29790285799999,6.582458039000187],[101.2979107320001,6.582335410000098],[101.29787736400004,6.582204503000185],[101.29786029000002,6.582049188000042],[101.29789815200013,6.581434931000103],[101.2979245730001,6.581286797000075],[101.29793009100007,6.581255148000025],[101.29797865400008,6.581131746000153],[101.29807642500009,6.581017194000083],[101.29820703700005,6.580918289000124],[101.29841105000014,6.580810573000122],[101.29861526800016,6.580752579000091],[101.29868849100006,6.580703111000105],[101.2987131860001,6.580662313000119],[101.2987207330001,6.580588268000099],[101.29871254400001,6.580522768000037],[101.29867940500003,6.580449469000087],[101.29820041200014,6.579477718000078],[101.29817527500006,6.579413999000053],[101.2981666290001,6.579377314000112],[101.29817094000015,6.579333237000071],[101.29818658500011,6.57929643000017],[101.29831500900008,6.579094172000111],[101.29833065200006,6.579049452000163],[101.29839070500014,6.578839589000097],[101.29849872400013,6.57862101700016],[101.29851035600018,6.578572385000029],[101.29851788299999,6.578487600000017],[101.29850557400016,6.578394432000152],[101.29845242500011,6.578261392000115],[101.2983709200002,6.57810470700008],[101.29835883300018,6.578052231000129],[101.29835857300014,6.577995735000115],[101.29836619700006,6.577938605000156],[101.2983824640001,6.577910283000108],[101.29841451500016,6.577874002000044],[101.29845054900011,6.577853508000146],[101.2985069950002,6.577841362000015],[101.29854316200004,6.577841196000179],[101.29860420900002,6.577856724000071],[101.29921484500011,6.578084432000082],[101.29926745700004,6.578100583999969],[101.29932404300007,6.578120096000021],[101.299392958,6.578123743000049],[101.29945738000004,6.578123447],[101.29964310200012,6.578094340000177],[101.30026020300011,6.577893765],[101.30031655100015,6.577861290000101],[101.30039700300006,6.577788057000134],[101.30043679800008,6.577723457000104],[101.30048485100002,6.577601798000103],[101.30049240100016,6.577529451999965],[101.30049199000018,6.57744018700015],[101.30045104800018,6.577255074],[101.30044227000013,6.577190132000169],[101.30042616500015,6.577125822000141],[101.3004179780001,6.577069360999985],[101.30041764300017,6.576996469],[101.30042523400016,6.576923565000016],[101.30044071000003,6.576851192000163],[101.30046462100012,6.576770292000049],[101.30049705100015,6.576697239000111],[101.30054480700005,6.576640565000048],[101.30060952100007,6.57658376500018],[101.30078644500014,6.576485758000103],[101.30085912400017,6.576437406000025],[101.30093172600016,6.576380582000127],[101.3009794420002,6.576315378000061],[101.30103568000004,6.576258661000054],[101.30107603300013,6.576194051000073],[101.30114841300008,6.57608072],[101.30138214500005,6.575559348000013],[101.30139764000018,6.57549093300014],[101.30132698900007,6.57517485],[101.30128003000004,6.57496476100016],[101.30090426900011,6.57441937700014],[101.3008461450001,6.574010589000068],[101.30051506200016,6.57317354800017],[101.3005273440001,6.572508776000063],[101.30052766100005,6.571465682000053],[101.30045264900002,6.570719499000063],[101.30048201000005,6.570433026000103],[101.30056502200017,6.570195160000139],[101.30057106600015,6.57018395900019],[101.30083413000006,6.569854292000173],[101.30123379200012,6.569469254000069],[101.30212695600011,6.568668549],[101.30343645800008,6.566942409000035],[101.30381370600003,6.566445129000101],[101.3040151730001,6.5662916120001],[101.30529196800012,6.565318690000026],[101.30663259900012,6.564696718999983],[101.30794820200003,6.564718649000042],[101.30898494900009,6.564965788000166],[101.30980466800014,6.565218939000033],[101.31150050100001,6.565742652000154],[101.31282496800009,6.566151672000046],[101.31470435500006,6.567038691000164],[101.31613527899998,6.567787822000071],[101.3176253580001,6.568572445000029],[101.31829573100003,6.568925438000065],[101.32267120400013,6.570892481000158],[101.32542035400007,6.572223257000132],[101.32679115800016,6.57207693100014],[101.32765750900018,6.571792997000045],[101.32852034300015,6.570753337000042],[101.32943823900007,6.569517486000166],[101.33038320700007,6.56808557700009],[101.3313881000002,6.566277769000067],[101.33316940900005,6.565357536000079],[101.33791801400008,6.563320092000083],[101.33978851200015,6.562303711000084],[101.34238093200008,6.56005238500012],[101.34553255700013,6.557686477000118],[101.34782308800004,6.556724094000174],[101.34899751700016,6.556494673000088],[101.35020098000012,6.556489034000094],[101.35121036599998,6.556876163000084],[101.35191031700009,6.556928861000131],[101.3526094790002,6.55681362100006],[101.35319695300012,6.556754884000043],[101.35406469499998,6.556778801000178],[101.35487452600012,6.557195063000165],[101.35413192800013,6.554675056000121],[101.35293835200014,6.552956146000156],[101.35138588500007,6.551310768000121],[101.34980002800017,6.550204447000112],[101.34868185500011,6.549239641000042],[101.34687895600007,6.547810975000175],[101.34504383300003,6.547172854000053],[101.34342592900009,6.546892987000035],[101.3406198670001,6.546043810000072],[101.33932310300008,6.545295372000112],[101.33849117500017,6.544077705000177],[101.33744404500004,6.542932893000113],[101.33571270500016,6.541431979000095],[101.33441050800013,6.540338436000127],[101.33297605600012,6.539382744000136],[101.33220161600019,6.538699615000155],[101.33186129300014,6.53826028400016],[101.33185247600005,6.538232021],[101.33129591900013,6.536448052000139],[101.33067948100006,6.535246996000069],[101.3299205630002,6.534316130000093],[101.32892716900005,6.533188690000088],[101.32789280999998,6.532058660000018],[101.32751864200014,6.531649882000124],[101.32701201300006,6.530879561000063],[101.32695119100015,6.530632569999966],[101.32675566800003,6.529838550000022],[101.32669562600006,6.528509127000063],[101.32674529200011,6.527592483999967],[101.3269922560001,6.526603051999984],[101.32725693500004,6.525559634],[101.32746788200018,6.524552401000051],[101.32762700600006,6.523994629000072],[101.32794740800006,6.523346269000115],[101.32866414200004,6.522929673000078],[101.32925586000016,6.522675375000176],[101.32986371700008,6.522025686000177],[101.33036502099998,6.52164602300013],[101.33106444800006,6.521373256000174],[101.33170989400014,6.521082770000135],[101.3321568830001,6.520613512000011],[101.33233346800006,6.519947848000186],[101.33216878300004,6.519301731000098],[101.33151619800014,6.518046929000036],[101.33059313400014,6.516577748000088],[101.32959680300002,6.514803429999972],[101.32910584200016,6.513529906000144],[101.32895797100014,6.512632143000189],[101.32872276000012,6.512273851000032],[101.3281462020002,6.511917132000065],[101.32760300799998,6.511003223000046],[101.32704698900011,6.507304188000148],[101.32658445300018,6.504395353000064],[101.32623360400004,6.502330541000106],[101.32560101500019,6.501506880000079],[101.32460088200014,6.500512714000081],[101.32379277800004,6.499546926000107],[101.3232768760002,6.498484469000061],[101.32276390900012,6.498060892000069],[101.32208158300011,6.497851059000027],[101.32135257100003,6.496746982000104],[101.32087945700016,6.495726916000081],[101.32066263200005,6.494876046000172],[101.32082906400012,6.494023419000087],[101.3208181350002,6.491638250000165],[101.32076033600015,6.488316246000068],[101.32121646900015,6.485630785000012],[101.32248772600008,6.484261980000042],[101.32516031000006,6.482034890000136],[101.3277471190001,6.479680407000103],[101.32948127700007,6.477116869999975],[101.33032471500002,6.475324095000076],[101.33035830800009,6.473364665000133],[101.3313218670001,6.469910216000017],[101.3322051410002,6.467520961000162],[101.33196484000013,6.466664988000105],[101.33185882600003,6.466287356000123],[101.33193637400007,6.464625876000127],[101.33225107300007,6.462046878000081],[101.33208518500004,6.46060313800001],[101.33083529300018,6.459483504000104],[101.32925022500012,6.459296979000044],[101.32755083600011,6.458937551000133],[101.32610625400014,6.457725602000153],[101.32583343000016,6.456112847000043],[101.32591656400007,6.454523307000102],[101.32612657000004,6.452899833000117],[101.32590023200015,6.45119479300007],[101.32545889000005,6.45088721400009],[101.32447754900011,6.450201903000163],[101.3226287780002,6.450014848000023],[101.32096323400003,6.450138840000022],[101.31944885700005,6.449100034000026],[101.31810611100019,6.44841861600014],[101.31676438000011,6.447333801000184],[101.3153303420001,6.44644434300011],[101.31317141500006,6.446118557000148],[101.31065646899998,6.446114698000088],[101.30904811400006,6.446273372000064],[101.30708347800004,6.446442725000168],[101.30552092400006,6.446613064000132],[101.30385230400003,6.446496532000083],[101.30248260200005,6.447188838000159],[101.30219291800006,6.447341689000098],[101.30097793800007,6.447982768000145],[101.29927654400018,6.44877758399997],[101.29829661600007,6.44960194000015],[101.29774322000014,6.450489966000077],[101.29702662200015,6.451542716000176],[101.29608050700011,6.452596501000016],[101.29516924400014,6.454109294000091],[101.29422459800014,6.45549104600002],[101.29239673500018,6.457335943000146],[101.29066324200016,6.458294878000174],[101.28971813500004,6.45957823800012],[101.28831383700003,6.460830866000038],[101.28586486500006,6.46310491700018],[101.28518691000005,6.465469401000064],[101.28421399800015,6.467868007999982],[101.28339869100012,6.468855605000101],[101.28146766700007,6.469651426000098],[101.27912178100013,6.470072979000122],[101.27752989500004,6.469325992],[101.27629871800019,6.468016758000033],[101.2744876230002,6.466554127000109],[101.27276823900002,6.465670458999966],[101.27024655500009,6.46472351400007],[101.26966173800014,6.464558111000144],[101.26683366100019,6.463758242000154],[101.26241687800001,6.462485431000061],[101.26060870200018,6.461668956000096],[101.25819536700004,6.460030645000188],[101.25435103600006,6.457217592],[101.25065164200004,6.454976019000128],[101.24980663300016,6.454463996000129],[101.24891967300016,6.454050236000171],[101.24881612000019,6.455603880000069],[101.24889783400005,6.456317913000134],[101.24901862300015,6.457373384000107],[101.24953845900018,6.458858220000081],[101.24963211600004,6.460026268000092],[101.24926661800015,6.461426498000094],[101.24840319700007,6.462297810000109],[101.24809893800017,6.462775854000029],[101.24775231000012,6.463172317000044],[101.2474668540001,6.463800326000069],[101.2474567590001,6.464351908000026],[101.24745655200013,6.464369997],[101.24744771600012,6.465141649000088],[101.24743967100011,6.466157015000078],[101.24767264600007,6.466885399000148],[101.24773194,6.467070774000092],[101.2482364170001,6.467795569000145],[101.24884309700019,6.468302634000054],[101.24887791300006,6.46833173300007],[101.24887705300017,6.468398860000036],[101.24887116500003,6.468858371000124],[101.24886859700018,6.469058800000141],[101.24817081700019,6.469964403000176],[101.24738276400006,6.470293798000171],[101.24726009800008,6.47028514100009],[101.24714732900003,6.470277183000121],[101.24688133100005,6.470258410999975],[101.24675937300009,6.470165978000068],[101.24666757200004,6.470096401999967],[101.24633892400004,6.469458573000054],[101.24580312700004,6.467317463000029],[101.24536996900008,6.465714902],[101.2449035910002,6.465102748000163],[101.24435145600012,6.464834243999974],[101.2436332850001,6.464645878000056],[101.2431073410001,6.464624497000102],[101.24267738000015,6.464721849],[101.24227132500005,6.464867149000156],[101.24212915600009,6.465154762000054],[101.24206121600014,6.46601608800006],[101.2416162720001,6.468098812999983],[101.24049111500017,6.473221783000042],[101.24006663500006,6.474563210000099],[101.23940118100006,6.47557064700004],[101.2384252080002,6.476484007000124],[101.23752021300004,6.47734899],[101.23692609900007,6.478140842000187],[101.23628448900007,6.47905217400006],[101.23592938600012,6.479867267000088],[101.2353610190001,6.48111327700019],[101.23514897000018,6.481831696000029],[101.23441280500015,6.48307845100004],[101.23384304200016,6.484013711000159],[101.2331778410001,6.48494942800005],[101.23253601,6.485813250000092],[101.23217952100009,6.486317082000085],[101.23206223400007,6.486867868000161],[101.23206413000003,6.48729836300015],[101.23206670400009,6.487883097000065],[101.231222408,6.48779418100014],[101.22812683900014,6.487365412000088],[101.22546714000009,6.485608737000177],[101.22499471900016,6.484790462000035],[101.22158243799998,6.483626881000134],[101.21969034000011,6.485083218000113],[101.21821026700013,6.485564257000021],[101.21553750000004,6.486503632000051],[101.21403534700005,6.486973471999988],[101.21215399600004,6.487408260000109],[101.21044471000005,6.488302167000086],[101.20902210200012,6.48940271500004],[101.20608470200006,6.491455073],[101.20427157500006,6.49277314699998],[101.20275702700013,6.493782012000054],[101.2008303830001,6.494205636000117],[101.19902814900018,6.496476233000124],[101.19833861700016,6.498472488],[101.19807366700007,6.500158975000033],[101.19799187900009,6.501742400000069],[101.19588812000018,6.503536894000035],[101.19391695400014,6.50489573599998],[101.1934142560001,6.505169695],[101.19212037199998,6.506009777999964],[101.19013715300014,6.507472637000149],[101.18815381900015,6.508911764000118],[101.18658741500008,6.509308954000119],[101.18404379300011,6.509070248000057],[101.18245817900015,6.509077097000045],[101.18084994500015,6.509084598000015],[101.17910175100008,6.508991016000095],[101.17483163700012,6.508845574000134],[101.1742335240001,6.508604618000106],[101.1734992710002,6.50863718100004],[101.17219844900018,6.509719079000035],[101.17204276900009,6.511215829000037],[101.17250081900016,6.513563085000101],[101.17204697200003,6.515076977000149],[101.17097188100013,6.517165823000141],[101.17084025700007,6.519926364000185],[101.17095397700007,6.523509633000117],[101.17153975000014,6.526520757000014],[101.17229113400015,6.529804642000045],[101.1723132260002,6.532171288000086],[101.17168541700005,6.534228854],[101.1708727960002,6.535611513000106],[101.16948433300018,6.538131726000188],[101.16865751600005,6.539365262999979],[101.16695537600009,6.539891838000131],[101.16691930300004,6.539907797000126],[101.16526885200017,6.540635832000078],[101.16372316600018,6.541549875000101],[101.1610953870001,6.542932413000074],[101.1594618630001,6.544055300000025],[101.15782762300006,6.545143151000048],[101.15549084100019,6.547336317000145],[101.15451483700008,6.548309481],[101.15435166500004,6.548472326000081],[101.15328294300008,6.549687712000093],[101.15217501600017,6.551259769000069],[101.15122739200012,6.552794959000039],[101.15036892800015,6.554178362000016],[101.14894379300006,6.555289604000166],[101.1481359030002,6.555817962000162],[101.1463205070001,6.556438179000054],[101.14442052400017,6.556830502000082],[101.14291485500001,6.556812644000047],[101.14115921500007,6.556351735000021],[101.13965305100015,6.555690328000082],[101.13745432500014,6.554261236000173],[101.13592023100006,6.552750133000075],[101.13428674100004,6.552033885000128],[101.13115965800006,6.552563602000021],[101.12833046600008,6.553662678000023],[101.12685787499998,6.554793841000048],[101.1257124080002,6.556194259000108],[101.12518048800007,6.557859331000031],[101.12565551500018,6.56050495],[101.12656649000013,6.563084854000124],[101.12684937000012,6.565309192000143],[101.12577589000011,6.568098677000137],[101.12421947600012,6.570253993000108],[101.1227831610002,6.57209691900016],[101.12154098399998,6.573878575000151],[101.11995225900012,6.576149305000115],[101.1187415460002,6.577769244000081],[101.11733340900014,6.579864569],[101.11601106400002,6.581670865000092],[101.11451077900017,6.583755887999985],[101.11312841900019,6.585413832000029],[101.1125715550001,6.587472826000067],[101.11187657900018,6.589207519000126],[101.11125792400003,6.590943593000077],[101.11030335400011,6.593018415000188],[101.10925025600005,6.594515600000136],[101.10728630600005,6.596931982000058],[101.10502773000007,6.599462203000087],[101.1046977580001,6.599831858000186],[101.10321026900004,6.601090181000131],[101.10196064100006,6.601673477000077],[101.10075839900003,6.602111893000085],[101.09941189900019,6.60250293200005],[101.097873714,6.603135418000136],[101.09696021300005,6.603572646999964],[101.09551909300018,6.604445449000082],[101.09451150900009,6.60522037200019],[101.09230260800001,6.606794763000153],[101.09100654600007,6.607763],[101.0902856940001,6.608199968000122],[101.09021512400017,6.608214353000164],[101.09011021900011,6.60849514500012],[101.08948753200019,6.609130030000188],[101.09001511800011,6.610036434000051],[101.09069811600017,6.611527955000099],[101.09070048600017,6.612091870000086],[101.09064693700009,6.612768805000087],[101.09066790100002,6.613786465999965],[101.09082406200008,6.614657196999985],[101.09116539100017,6.615360662],[101.09127138100007,6.615509475000181],[101.09150577399998,6.615838562000135],[101.09159978300005,6.615907584000183],[101.09226947700006,6.616399275000049],[101.093529525,6.617034948000025],[101.09385951100018,6.617248714000084],[101.09487073500014,6.618080078000162],[101.09662455000006,6.619397897],[101.09727546700014,6.619959065999979],[101.09792686200018,6.62063302100006],[101.0985499410001,6.621278898000128],[101.09917361800012,6.622065747000136],[101.09991116400005,6.62310588500003],[101.1004221680002,6.623921406000136],[101.10098934300015,6.624680295000132],[101.10099278400014,6.624684165000076],[101.10109707499998,6.624801669000021],[101.10223600000018,6.626084811000169],[101.10317177300004,6.627321473000165],[101.10361983100017,6.627967249000108],[101.1047222470001,6.628316298000129],[101.10515023200008,6.628395938000153],[101.10573449000009,6.628504660999965],[101.10645765300018,6.628742309000131],[101.10727762500017,6.629027545999975],[101.10781342800016,6.629462021000165],[101.1080736130001,6.629251298000042],[101.1083979460002,6.628983793000032],[101.10884069500014,6.628922593000084],[101.10972666999999,6.628652700999965],[101.11055357500015,6.628442384999971],[101.11090844500018,6.628440875000024],[101.11138102300004,6.628350147000162],[101.11229579100007,6.627814037000064],[101.1130030430001,6.627367508000134],[101.11345888300019,6.626929371000017],[101.11396732100013,6.626243549000151],[101.11494825200003,6.625046056000087],[101.11618672800017,6.623432223000066],[101.11778809700007,6.621712835000096],[101.12001033799999,6.619576122000126],[101.12171528600004,6.617908276000151],[101.12347299800018,6.616292785000155],[101.1247658600002,6.615249320000032],[101.12709057300009,6.612904238000169],[101.12827988000015,6.611965191000024],[101.12983207300005,6.610921209000139],[101.13213586100011,6.609640065000178],[101.13374176600018,6.609010555000168],[101.13524509300015,6.608692810000036],[101.13700895300008,6.608529281000131],[101.13835765100009,6.608523489000163],[101.14001908300008,6.608723702000134],[101.14240792200007,6.609232670000154],[101.145005835,6.609999465000101],[101.14744710600013,6.610611602],[101.14848502300015,6.610607127000094],[101.14947071700016,6.610550880000119],[101.15035202400014,6.610391664000133],[101.15128464500015,6.610076347000074],[101.15247559600016,6.609396588000038],[101.15340642500018,6.608665967000036],[101.15449396200017,6.608246555000164],[101.15521944900007,6.607984112000054],[101.15630652600004,6.607460168000046],[101.15682483900002,6.607250572000112],[101.15723756600016,6.606781534],[101.1577540720001,6.606156643000077],[101.15832092400012,6.605272229000093],[101.1587846600001,6.604595615000051],[101.15945702400012,6.604074057000105],[101.16002657000018,6.6038122490001],[101.16116685300011,6.603444023000179],[101.16261878000012,6.603281767000055],[101.16453907400017,6.603377399000181],[101.16573326400004,6.603579566000121],[101.167395833,6.604039576000162],[101.16817505800009,6.604191555000057],[101.16900502200019,6.604187940000031],[101.16985997400008,6.603950868000084],[101.17042929299998,6.603637105000189],[101.17110185900003,6.603167488000111],[101.17182569800019,6.602541720000033],[101.17265321000008,6.6019668940001],[101.173171083,6.601653355000167],[101.1737399000001,6.601236167000138],[101.17451539600012,6.600662125000042],[101.17513664900014,6.600348124000107],[101.17622404600013,6.599772159000111],[101.17720901700017,6.59956051100005],[101.17850486300011,6.599243522000165],[101.18000831800003,6.598977650000052],[101.18094220600005,6.598973564000062],[101.18213547900012,6.598968346000163],[101.18343380900006,6.599221959999966],[101.18462843600008,6.599528046999978],[101.18561521800018,6.599731066],[101.18623782500009,6.599728334000133],[101.18680779900018,6.599570475000121],[101.187378062,6.599360033000153],[101.18836137,6.598889067000073],[101.18917957800005,6.598654388999989],[101.18961316100012,6.59845247100003],[101.19015949600009,6.598450070000069],[101.19103793200014,6.598543963000111],[101.19205308400012,6.598773946000051],[101.19263840000002,6.598771371000112],[101.19365259200009,6.598649430000023],[101.19525056400016,6.598174561000121],[101.19649762000017,6.597817649000035],[101.19797929700007,6.597498690000066],[101.19903230500017,6.597338132000061],[101.20004697100012,6.59733365500017],[101.20086604700003,6.597291050000081],[101.20215432500004,6.597441278000076],[101.20316916000007,6.597475787],[101.20480730300017,6.597273638000104],[101.20613287400016,6.596916360000023],[101.20743799600012,6.596539952000114],[101.20934821100019,6.59602416000007],[101.21043998700009,6.595824420000099],[101.2117272100001,6.595740726000088],[101.21274173800003,6.595697242000028],[101.21383505800009,6.595848306999983],[101.21500722600007,6.59619451400016],[101.21649324600008,6.59685120100005],[101.21821468300016,6.597858243000019],[101.2189195590002,6.59844041100007],[101.21958648400005,6.599256647000118],[101.2202147820002,6.600151610000182],[101.22068677300007,6.600968711000178],[101.22135388300018,6.601824479000129],[101.2223349840001,6.603029699],[101.22308092200018,6.604080058000136],[101.22370957300006,6.605052953999973],[101.22390786000005,6.605676357000164],[101.22402740100006,6.606261136000114],[101.22414558700007,6.606533485],[101.22434457600008,6.607313396000166],[101.22465902700009,6.607897293000065],[101.22501236200009,6.608324518000131],[101.22560029800007,6.608907189000149],[101.22661850000014,6.609683433000043],[101.22724489700016,6.610148970000125],[101.22802725400015,6.610613839000109],[101.22855219300016,6.611135221999973],[101.22969326300006,6.612225590000151],[101.23189171100006,6.615259197000057],[101.23252218400012,6.616505504999964],[101.23267989400017,6.616894638000133],[101.23287849000008,6.617713489000096],[101.23331122100012,6.618452761000185],[101.2335872610002,6.619153789000052],[101.23374637200016,6.619738373000132],[101.233904961,6.620322959000021],[101.23410197800007,6.620790443000146],[101.23445550500008,6.621257196000101],[101.23477092799999,6.621919053000056],[101.2352038210002,6.622814823000112],[101.23559982100011,6.624061619000088],[101.23623292500008,6.62601015600012],[101.23665062600008,6.627421278000156],[101.23688836000008,6.62852412400008],[101.23712666100016,6.629498191000152],[101.23760298000019,6.631251945000088],[101.23803750200011,6.632381587000111],[101.23847058000007,6.633199414000046],[101.23894176800013,6.633938502999968],[101.23956874300006,6.634521003000032],[101.24223489400009,6.637240537000025],[101.24325354700011,6.638094656000078],[101.24399855900009,6.638910510000073],[101.24627256300016,6.641241383000079],[101.24754189400011,6.642671166000184],[101.2482053220001,6.64344046500014],[101.24864003300013,6.643983690000084],[101.2488696600002,6.644157774000064],[101.24908246800004,6.644239299000162],[101.24937750600009,6.644261691000054],[101.24970786700015,6.644224611000027],[101.25004967700005,6.644093652000095],[101.25039106000014,6.643867798999963],[101.25086168000018,6.643487715000163],[101.25179522100007,6.642517969000039],[101.25231808900014,6.642065878000039],[101.25315097400005,6.641462100000126],[101.25352531800013,6.64127794000018],[101.25382501200005,6.641201971000044],[101.25438187100019,6.641156526000088],[101.254821058,6.641186702000084],[101.2554862200002,6.64134413700009],[101.25885524800003,6.642421427000045],[101.26020670100002,6.642779657000176],[101.26055033900002,6.642927782000072],[101.26220348700002,6.643649038000092],[101.26282605000011,6.643881781000061],[101.26344815800007,6.644007746000113],[101.26387727100018,6.64406961300017],[101.2648194190001,6.644001477000018],[101.26548378500001,6.643976956000017],[101.26604097600006,6.643995889999985],[101.26653383300004,6.644036545000063],[101.26702756600014,6.644141062000131],[101.26758557800014,6.644331185000112],[101.27012422000018,6.64557201700012],[101.27145101800005,6.646220717000176],[101.27175229800008,6.646383294000032],[101.27178594700013,6.646404155000027],[101.27181999599998,6.646438267],[101.27183070900008,6.646452255000099],[101.2718458940002,6.646496313000057],[101.27194175700004,6.646774435000111],[101.27197392700003,6.646849503000112],[101.2720441300001,6.646993880000082],[101.27213510100006,6.647142737000081],[101.27217452000019,6.647196155000017],[101.27225749400014,6.647295920000033],[101.27230016100003,6.647340390000181],[101.2724204540001,6.647453037000162],[101.27260818400003,6.647609189000093],[101.27261750000008,6.647616311000149],[101.27276215700005,6.647734349000132],[101.2730171120001,6.647930917000053],[101.27310501099998,6.647998688000087],[101.27312721800018,6.648022019000166],[101.27314333700014,6.648043301000143],[101.27321982300009,6.648181281000177],[101.27333190000002,6.648383473000024],[101.27338473600014,6.648471521000033],[101.27342006500015,6.648524139000131],[101.273434796,6.64854269500006],[101.27344185400005,6.648551580000174],[101.27350068600015,6.6486181410001],[101.27354380500009,6.648659114],[101.27363632800018,6.648738122000168],[101.27367173400012,6.648763861000077],[101.27379836600011,6.648848856000086],[101.27390703200018,6.648915250000073],[101.27395288300016,6.64893945700004],[101.27401788300006,6.648970053000085],[101.27406396000003,6.648989324000183],[101.27416646300009,6.649023359000068],[101.27418392700008,6.649028973000156],[101.274411654,6.64908718900017],[101.27443068100007,6.649093053000115],[101.2744439010001,6.649097282000014],[101.27450586000003,6.649120936000031],[101.27457218000018,6.64915435100005],[101.2745841810002,6.649162172000104],[101.27464795300011,6.649209907000056],[101.27467174000003,6.649229903999981],[101.27471508600007,6.649271299000134],[101.27478368600009,6.649352742000019],[101.27496482500004,6.649575722000179],[101.27509353200014,6.649750161000156],[101.27531788100015,6.650097451000079],[101.2753423260001,6.650138289000097],[101.27539965000005,6.650238321000018],[101.2754117840002,6.650261596000121],[101.27550355100004,6.650455017000013],[101.27556940000005,6.650606137000068],[101.27567742100007,6.650907893000181],[101.27583683199998,6.651318423000077],[101.27588038900012,6.651440736000154],[101.27594217400019,6.651621418000161],[101.2761002520001,6.652177109000036],[101.27615248300009,6.652388481000116],[101.27617710800007,6.652475275000029],[101.2761868230001,6.6525086850001],[101.27619804500011,6.652541744000132],[101.27624151499998,6.65266006000013],[101.27625219900017,6.652684983000142],[101.2762931040001,6.652770532000034],[101.27633309200019,6.652840594000168],[101.27636471500006,6.652891718000092],[101.27649954300006,6.653100807000101],[101.27658706200009,6.653227914000013],[101.27677795500017,6.653505736000113],[101.27684076800011,6.65358948100004],[101.27692005500018,6.653684414000168],[101.27716637100013,6.653965282000115],[101.27728145300006,6.654083427000046],[101.27730594900015,6.654109154000139],[101.27733719100007,6.654143665000049],[101.27736310400019,6.654176663000101],[101.27737645500014,6.654196348000028],[101.27748908000012,6.654419998000094],[101.2776028950002,6.654684787000065],[101.27763781400017,6.654778732000125],[101.27772533700005,6.655014165000125],[101.27781674300013,6.655245008000122],[101.27787327800007,6.655374491000089],[101.27791279100006,6.655462343000067],[101.27797398400008,6.655598423000129],[101.27799608400011,6.655664657000102],[101.27800464900002,6.655723726000133],[101.27800840800006,6.655807905000074],[101.2779977880001,6.655895898000153],[101.27798647600002,6.655945341000063],[101.27798537200016,6.655949272000157],[101.27788367600004,6.656272087000104],[101.27786388400006,6.656341382000051],[101.27783375500013,6.656471705000115],[101.27782387000008,6.65653200600002],[101.27780891600008,6.656664891000105],[101.2778022660001,6.656765136000161],[101.277799458,6.657165585000143],[101.27780010500015,6.65730597400011],[101.27780015700017,6.657317262000163],[101.27780070000011,6.657350610000094],[101.27780143300009,6.657365600999981],[101.27781001599999,6.657439464000163],[101.277815513,6.657466971000019],[101.27782505600004,6.657499087000019],[101.27783297000013,6.657519052000168],[101.27785120800007,6.657557447000045],[101.277864803,6.657583547000115],[101.27790286500016,6.657646186000022],[101.27791290500011,6.657661734999976],[101.2780170330002,6.657822973000179],[101.27803508700009,6.657855664000124],[101.27806979400003,6.657931163000057],[101.27807957800013,6.657954173],[101.27816771300002,6.658164666000118],[101.27827082200014,6.658438840999963],[101.27829065500009,6.658514716000127],[101.27830495500018,6.658579109000016],[101.27832148200008,6.65868621300001],[101.27834692300013,6.658909943000083],[101.27835205899999,6.658945320000043],[101.2783594710001,6.658986921],[101.27838043000014,6.659086123000066],[101.27839417800004,6.659144035000054],[101.27840030300007,6.659164769000029],[101.27840599500001,6.65918133700012],[101.27841739900009,6.659209516000089],[101.27849588400011,6.659360559000049],[101.2785311840002,6.65944037800017],[101.27855115900013,6.659511656],[101.27855616700003,6.659542466000062],[101.2785590090001,6.65957101000015],[101.27855962800004,6.659705126000063],[101.2785506420002,6.659928004],[101.27854760000014,6.66007417000003],[101.27854646500009,6.66012873699998],[101.27855726500013,6.660362465000162],[101.2785625620001,6.660408408000137],[101.27857402900008,6.660477142000161],[101.27866923900012,6.660901866000131],[101.27869797900001,6.66105586700013],[101.27870215900003,6.661089267000079],[101.27871001500012,6.661278381999978],[101.2787083560001,6.661385101000064],[101.2787042670002,6.661452279000116],[101.27861397400011,6.662233245000039],[101.27859526100008,6.662374140000054],[101.2785913740002,6.662390764],[101.27856930000013,6.662458386000139],[101.27844989500011,6.662758700000097],[101.27838749500012,6.662941128999989],[101.27838183100016,6.662960318000103],[101.27835369700017,6.663062404000186],[101.27834285600005,6.663116537000121],[101.27832982900014,6.663238032000152],[101.27832204800012,6.663338248000059],[101.27832197499998,6.663339848000021],[101.27830859800008,6.66362577100017],[101.27830648800006,6.663651033000122],[101.27828964700018,6.663779928000054],[101.2782875420001,6.663790796000058],[101.27826293700008,6.66389395900012],[101.27822606100005,6.664006524000115],[101.27817927100011,6.664132945],[101.27815271700001,6.66420044500012],[101.27812735700007,6.664264914],[101.27807841800018,6.664417169999979],[101.278075103,6.664429764000147],[101.27806554500012,6.66447662000013],[101.27806013700018,6.664537145000054],[101.278060315,6.664575660000139],[101.27806049900005,6.664615532000084],[101.27806578200006,6.664654099000131],[101.27807846800005,6.66470726],[101.2780953570001,6.664754868000045],[101.27811212600017,6.664798395],[101.27814522700015,6.664868898000066],[101.2782026910001,6.664980011000125],[101.27826284999998,6.665081257000168],[101.2783158580001,6.665181341999983],[101.27838132900013,6.66531246],[101.2783952490002,6.665358423000157],[101.27840741200004,6.665415981000137],[101.27841625200006,6.665470172000084],[101.2784381470002,6.665724904],[101.27846354400009,6.666234774000088],[101.27846835400015,6.666279593000183],[101.27849304200004,6.666416354000035],[101.27850505800012,6.666464282999982],[101.27852546300016,6.666525823000143],[101.2785648050002,6.666619686000161],[101.27858561100015,6.666656919000161],[101.27865223400005,6.666754919000084],[101.27867862000011,6.666790847000016],[101.27872424900005,6.666847131000054],[101.27885350400004,6.666987179000103],[101.27896162000008,6.667104318000099],[101.27918868800003,6.667370136999978],[101.27957858100007,6.667802835000089],[101.27974368300005,6.667951511000126],[101.27984553800002,6.66803653900007],[101.2800470000002,6.668199044000119],[101.2804316120002,6.668495292000102],[101.28047911400006,6.668530422000174],[101.2805741750002,6.668590178000159],[101.28062036300008,6.66861618300004],[101.28070437100013,6.668659460000185],[101.2808834130002,6.668737064000027],[101.28100460600018,6.668782702000101],[101.28104816100017,6.668797518000076],[101.28119315400016,6.668838908000112],[101.28125224100017,6.668852059000017],[101.28141772400011,6.668878233999976],[101.28154068700007,6.668891087000077],[101.28168405700018,6.668899550000162],[101.28182533500018,6.668890202000114],[101.28197723700009,6.668873704000134],[101.28221940000014,6.668841576000148],[101.28234869900012,6.668819951000046],[101.28249661100011,6.668789061000155],[101.28276780300013,6.668717168000171],[101.28320517800017,6.668586435000066],[101.28324790000016,6.668572969000024],[101.2833382140002,6.66854756000015],[101.28349296500011,6.66850811300003],[101.28350205000004,6.668506267000055],[101.28356329200017,6.668496488000187],[101.28370863800012,6.668483482],[101.28374918499998,6.668484370999977],[101.28380633500012,6.668490516000077],[101.28383480600007,6.668496499000128],[101.28394115700007,6.668525242000101],[101.28395005400017,6.668528177000042],[101.28402675700005,6.668556449999983],[101.28410741000005,6.668590000000108],[101.2842261950002,6.668650667000065],[101.28425098500014,6.668665495000084],[101.28433740500014,6.668723249000038],[101.28442892600003,6.668794890000186],[101.2844463740002,6.668814017000102],[101.28445123700016,6.668819653000014],[101.28447937100003,6.668862967000052],[101.28450782100003,6.668921201999979],[101.28451180900004,6.668931488000112],[101.2845170650001,6.668947606000017],[101.28452974700008,6.668997926000145],[101.28454525600006,6.66911171400011],[101.28454774400006,6.66915388100017],[101.28455243000013,6.66928591900006],[101.28455062300003,6.669331079000074],[101.28454994300017,6.669340642000066],[101.28454007400018,6.669411032000028],[101.284528809,6.669454867000184],[101.2845243060001,6.669467936000103],[101.28449832700016,6.669536095000126],[101.28443511799998,6.669650561000026],[101.2843849080001,6.669732267000029],[101.2842777080001,6.669886357000166],[101.28426092700005,6.669907356000067],[101.28416866300006,6.670017070000085],[101.2841528620001,6.670032768000112],[101.28412372800017,6.67005785200007],[101.28408870600009,6.670082588000184],[101.28404790000013,6.670103625000024],[101.28403128200017,6.6701107290001],[101.28395831500006,6.670132376000026],[101.2838827770002,6.670139999000014],[101.28358153900018,6.67012720300005],[101.28323220300001,6.670098391000124],[101.282864985,6.67007784600014],[101.2827510780001,6.670080969000139],[101.28261569200009,6.670095507000099],[101.28260998700006,6.670096628000067],[101.28249669100012,6.670129453000015],[101.28238129200008,6.670167704999983],[101.2820799050001,6.670275845000049],[101.28175431500011,6.670402567000053],[101.28161425600018,6.670467021000093],[101.28151201800006,6.670518258000129],[101.28146389400018,6.670548503000077],[101.28144425500005,6.67056336800016],[101.28142664800009,6.670577626000068],[101.28141460100011,6.67059359700005],[101.28140293600012,6.670612737000056],[101.28139068700006,6.670644282000069],[101.28138066000002,6.670684594000079],[101.28137678100018,6.670701590000021],[101.28137344500004,6.670733647000134],[101.28137362600017,6.670772697000132],[101.28137953300006,6.670817231000115],[101.28138908000005,6.670852097000136],[101.2814115920001,6.670905370000014],[101.28163815600004,6.671441504000143],[101.2818858980001,6.672015333000104],[101.28222095500018,6.67277060300006],[101.28231648100012,6.673008448000132],[101.28237895500013,6.673172365000084],[101.28248270800009,6.673471354000071],[101.28254108100003,6.673612291999973],[101.28263934400007,6.673832571],[101.28268622500013,6.673931916000129],[101.2827047190001,6.673966037000071],[101.28284972400007,6.67419828900006],[101.28292489000012,6.674314359999983],[101.28293177500007,6.674325831000147],[101.28299637100008,6.674424098000031],[101.28316584600014,6.674679105000052],[101.28321443800007,6.674744997],[101.2832555760001,6.674797373000104],[101.28335630500015,6.6749079760001],[101.283365253,6.674928211000065],[101.2833684790001,6.674942364000117],[101.28337103400008,6.674977195000054],[101.28336367300005,6.675018097000077],[101.28334680000017,6.675057810000055],[101.28332699100008,6.675092451000182],[101.28323955600018,6.675201884000046],[101.28168418000013,6.677070595000032],[101.27989522200005,6.679222037000102],[101.279790575,6.679354073000184],[101.27970007800008,6.679479233000052],[101.279614579,6.679608945000098],[101.27957425000017,6.679679475000114],[101.27947151000018,6.679881697000098],[101.27945008400019,6.679935001000104],[101.27943304000019,6.679987981000011],[101.2794232660001,6.680029867000144],[101.27939897400006,6.680167790000098],[101.27939720500018,6.680188638],[101.2793965480002,6.680199430000016],[101.27939413100006,6.680268035000097],[101.27939974600008,6.680352361000189],[101.2794082490002,6.680441557999984],[101.27942152500003,6.680513730000087],[101.27943261800016,6.680574040000124],[101.27945539400008,6.680666759000076],[101.27948984099999,6.68077839700004],[101.27958530500007,6.681040900000028],[101.27960697500009,6.681097120000061],[101.27971934600009,6.68137083400012],[101.27971972900019,6.6813716690001],[101.27990709100004,6.681722927000067],[101.27996728600016,6.681825344000117],[101.27997279900018,6.681832665000059],[101.27999224000007,6.681854844000043],[101.28002075500007,6.681873886],[101.2800417840001,6.681881531000045],[101.28013419000013,6.681898931000035],[101.28018190600017,6.681905456000152],[101.28025266900005,6.681901403000097],[101.28028097400016,6.681896091000169],[101.28036161800009,6.681875376000164],[101.28040451900017,6.681864435000023],[101.2805469810001,6.681761517000041],[101.28075083200014,6.681487146000165],[101.28120906900017,6.68075508700008],[101.2815830560001,6.680246605000093],[101.28179835800012,6.680006096],[101.28205995200011,6.679879448],[101.28242419000003,6.679831993999983],[101.28284636900008,6.679853213000058],[101.28353069300005,6.679986738000025],[101.28464847700013,6.680129576000127],[101.28496818600007,6.680230913000059],[101.28527681500009,6.680377503000102],[101.28557484500004,6.680672129000129],[101.28685795500019,6.682102265000026],[101.28729322700013,6.682510989000093],[101.28764754600007,6.682759593000014],[101.2882302380001,6.683030896],[101.28891521000014,6.68317573500002],[101.28958745000017,6.683138142000189],[101.29015689300013,6.682998764],[101.29080508800018,6.682768087],[101.29154452900019,6.682354490000023],[101.29212360700012,6.681850121000082],[101.29272424000015,6.681117986000174]]]}},{"type":"Feature","properties":{"districtCode":"TH9502","provinceCode":"TH-95","nameTh":"อำเภอเบตง","shapeName":"Betong","shapeISO":"TH9502","shapeID":"TH9502","shapeGroup":"THA","shapeType":"ADM2","labelPoint":[101.19131272,5.83573124]},"geometry":{"type":"Polygon","coordinates":[[[101.40973425300001,6.054355340000029],[101.41019053700012,6.054274223000164],[101.41094087100004,6.054365480000172],[101.4118939980001,6.05466966900002],[101.41226916500017,6.054913021000061],[101.41259363400007,6.055278048],[101.41274572800006,6.055663354999979],[101.41289055700008,6.055837150000059],[101.41304991800018,6.056028382000079],[101.41334396800016,6.056089221000036],[101.41373941300014,6.055815449000136],[101.41384045800004,6.055723269000168],[101.41431737400006,6.055288188000134],[101.41474323900007,6.054781206000087],[101.41519265700009,6.054595991000156],[101.41633715900014,6.054438903000118],[101.41635732100019,6.05443613500006],[101.41733790500012,6.054357688000039],[101.41807006300013,6.054299115999981],[101.41909770900008,6.054321953000056],[101.42060492100012,6.054710174000093],[101.42158689300015,6.05521257900017],[101.42254603000003,6.05532676100006],[101.42309410700017,6.055258252000158],[101.4240304060001,6.054618828000173],[101.42585733100003,6.053134452000108],[101.4272731980002,6.052312335000011],[101.42859771800016,6.051604401000077],[101.42969387300019,6.050942141000178],[101.430858538,6.050028679000093],[101.4326854630001,6.048909687000048],[101.43371310800012,6.048544303000028],[101.43499195600009,6.048544302000096],[101.43608811100006,6.049069543000144],[101.43704724600013,6.049457764000181],[101.43848200000019,6.049641707000035],[101.43971912400002,6.049800313],[101.44102080800008,6.04993733200007],[101.44273355000007,6.049891659000082],[101.44289621900009,6.049858523000012],[101.44396672500005,6.049640457000123],[101.44499437000007,6.049480601000027],[101.4457936500001,6.049480601000027],[101.44672994900003,6.049549111000033],[101.44732369900015,6.049366418000091],[101.4482143250001,6.049023870000156],[101.4491049510001,6.04886401400006],[101.45020110600012,6.04886401400006],[101.45175399300007,6.049023870000156],[101.45499678400006,6.048612812000101],[101.45584173700007,6.048270263000063],[101.4559654840001,6.048259657000074],[101.45664101700015,6.048201754000161],[101.45762298900019,6.048156080000126],[101.4586049610001,6.048384447000103],[101.45915303800007,6.048795504000111],[101.46020352100004,6.049092380000161],[101.46193909900006,6.048978196000121],[101.46506770900015,6.047745023000118],[101.46837421100014,6.046647485999983],[101.47050281000014,6.04594093500009],[101.47500161300013,6.044319538000138],[101.47602925799998,6.043976990000033],[101.47710257600016,6.043428913000071],[101.47793917500019,6.043515905000163],[101.47797188600015,6.043246084000145],[101.47800729500017,6.042713799000069],[101.47781562900008,6.04225936500012],[101.47754830200012,6.041918262000024],[101.47709190300009,6.041692707000095],[101.47545666000008,6.040826849000041],[101.47454351100009,6.040298881000069],[101.47412497400018,6.039959055],[101.47404673700004,6.039503546000105],[101.47412049400015,6.038971641000046],[101.47438416000011,6.038628713000094],[101.47506625800008,6.038359544000116],[101.47571017600006,6.038128978000032],[101.4760123600002,6.037823667000112],[101.47616260900008,6.037481256000092],[101.47650102900002,6.036834046000024],[101.4768772810001,6.036186668000084],[101.47729312300004,6.0358046180001],[101.47774650900004,6.035498656000186],[101.47801090000019,6.035194114000035],[101.4781226290001,6.03469931800015],[101.47808190000018,6.034053875000097],[101.47803989200008,6.033256432000087],[101.47811417300011,6.032838663000121],[101.47830151700015,6.032344109],[101.47867811000015,6.031772438000075],[101.47886480700004,6.031012383000132],[101.47897666900008,6.030669556000134],[101.47927750100007,6.030060948000028],[101.47935122900014,6.029528487000107],[101.47931046800005,6.028997141000048],[101.47915659800015,6.028541978000135],[101.47816410500013,6.027179456],[101.47759171700005,6.026384466000138],[101.47732371600017,6.025891984000054],[101.47724640800016,6.025512184999968],[101.47731992800004,6.025055984000176],[101.47767051000011,6.02397603999998],[101.47791260800005,6.021862834000103],[101.47779619000016,6.021331841000119],[101.4776031990001,6.020572953000055],[101.47771527300017,6.020154969000089],[101.47794144500006,6.019887918000109],[101.4784713430002,6.019657843],[101.47926583300017,6.019160529000089],[101.47960552700005,6.018665292000037],[101.47975466400004,6.01820874800012],[101.48005408100005,6.017295664000073],[101.48061997800005,6.01653333400003],[101.48114694400016,6.015657639000153],[101.4812581600001,6.015049343999976],[101.48140668000013,6.014327305000052],[101.48163215700004,6.013908282000102],[101.48193363900015,6.013451050000072],[101.48223567800017,6.013107916000138],[101.48238518500017,6.012613541000178],[101.48230770800006,6.012195862000169],[101.48211529900004,6.011703042000079],[101.48165762600013,6.011059491000026],[101.4810850610001,6.010340726000152],[101.48028576400009,6.009774399000094],[101.4797157750001,6.009625054000082],[101.47907017200009,6.00947601900009],[101.47861370700008,6.009098486000028],[101.47819357700013,6.008530434000079],[101.47765716400005,6.007317795000063],[101.47753959800008,6.006520730000091],[101.4775737760001,6.005722945000059],[101.4778755210001,6.00295029900019],[101.477946702,6.001468849000162],[101.4780799190001,6.000359383000045],[101.47817795400016,5.999076683000112],[101.47801775000005,5.99808942500016],[101.47756188200015,5.996843653000099],[101.47693351000004,5.995633128],[101.47679279100004,5.995079649000161],[101.47665022800004,5.994248192000043],[101.47616276600002,5.993626800000129],[101.47557210700012,5.993144206000181],[101.47494670000015,5.992592324000157],[101.47463251300019,5.992108523000184],[101.47435142700016,5.991208798000059],[101.47403560600009,5.990239180000117],[101.47375624300014,5.989720754000075],[101.4731310030001,5.98920389400007],[101.47288700100017,5.98889316900005],[101.47281721600018,5.988685057000055],[101.47292057599998,5.988580642000045],[101.47298926700012,5.988545865000106],[101.4731624640001,5.988545088000137],[101.473821279,5.988750018000189],[101.47437673000007,5.9890593],[101.4748616870001,5.989126598000098],[101.47506903600015,5.989056174000154],[101.47541433300017,5.988812315000132],[101.47565403200002,5.988290954000036],[101.47585622600008,5.987077267000075],[101.47605541800004,5.985204898000177],[101.47611826600007,5.98374835300018],[101.4763010710002,5.981997520000164],[101.47660566000008,5.980470996000179],[101.47684473400017,5.979811255000186],[101.47736060400018,5.978977427000132],[101.47808185600019,5.977760806999981],[101.47856227300008,5.976822624000079],[101.47890713600009,5.976474822000114],[101.47928750900019,5.976369155000157],[101.47963333800016,5.976367594000124],[101.48001418000018,5.976365874000123],[101.48049974400004,5.976571551000177],[101.48091665600009,5.976811999000176],[101.4821317430002,5.977638571],[101.48293110000014,5.97836310100007],[101.48331315500002,5.978638175000128],[101.4836251820002,5.9786367640001],[101.48390114400013,5.978531565000026],[101.484108258,5.978288294000038],[101.48420985600006,5.977802619000101],[101.48416878200004,5.976451060000102],[101.48405905000004,5.975134241000092],[101.48384800100007,5.97437262700015],[101.48356813400011,5.973750256000073],[101.48339229200013,5.973161879000145],[101.4833891680002,5.972468808000087],[101.48359377900016,5.971670255],[101.48424635700019,5.970627938],[101.48502118500016,5.969670923000137],[101.48553648700016,5.96883709399998],[101.48567263100006,5.968247305000148],[101.48570424200011,5.967622974000051],[101.48556119300008,5.966549230000055],[101.48558870900001,5.965023930000143],[101.48527134300008,5.96370864000005],[101.48474737900005,5.962740575000112],[101.4846062060002,5.962082547000023],[101.48463794200012,5.961493239000163],[101.48492724800008,5.960330546000137],[101.4856778030001,5.957866573000103],[101.48618997300002,5.956339086000071],[101.48656877800005,5.955886581000073],[101.4870175600002,5.955572744000108],[101.48784660900014,5.955257226000128],[101.4889538490001,5.955078789000027],[101.49044135200018,5.954898674000106],[101.49095999800011,5.954688426000132],[101.49123532700003,5.954305918000102],[101.49137134600005,5.953820089000146],[101.49136869000017,5.953230937000058],[101.49119000700006,5.952018387000066],[101.49118610600016,5.951152441000033],[101.49132318500006,5.950770522000141],[101.49173311600009,5.949589777000028],[101.49207826900016,5.94931142400003],[101.4924929980001,5.949205081],[101.49308189700008,5.94930689500012],[101.4940870850001,5.949648630000013],[101.49471219900016,5.950027103000025],[101.49519871200016,5.950440636],[101.4956165800001,5.951027912000143],[101.49585994000017,5.951200244000177],[101.49613638400012,5.951198993000162],[101.4964818420001,5.950989534000144],[101.49668693800004,5.950433907000104],[101.49692404500018,5.94922007800011],[101.49716388100012,5.948733735000076],[101.49715997400006,5.947867240999983],[101.4969145070001,5.947105785000076],[101.49584459900007,5.944043370000088],[101.4946921990001,5.941830331000176],[101.49417021700003,5.941174029000081],[101.49382335400003,5.941071645000136],[101.49330402800007,5.941004500000133],[101.49281881200005,5.940868315000159],[101.49254056700005,5.940592220000156],[101.49246945800013,5.940211240000053],[101.4923631370001,5.939657009000143],[101.49190916200013,5.93868859600002],[101.49152632300013,5.938239569000075],[101.49090059500008,5.937722700000052],[101.49041507400011,5.937517024999977],[101.49006736800015,5.937102824000078],[101.49003052600011,5.936686662000113],[101.49016636200014,5.936027990000184],[101.4904372850001,5.934674999000038],[101.49064021400011,5.933634163000079],[101.49070603400003,5.932836836000092],[101.49094540000016,5.93224603900012],[101.49128946200017,5.931724804000112],[101.491253084,5.931413152000061],[101.49118268400002,5.93106663400016],[101.49100826199998,5.930790067000089],[101.49069405600011,5.930167845000142],[101.49062030700014,5.929197740000063],[101.49061517400014,5.928053895],[101.49092114500019,5.926839721000135],[101.49177938200006,5.925241201000176],[101.49214238500014,5.92466735000005],[101.49226065600004,5.924122304999969],[101.49243767200016,5.923214306999967],[101.49231262400008,5.922246688000143],[101.49188545600009,5.921341403000099],[101.49157901300009,5.920314153],[101.49072469600014,5.918503033000093],[101.49047700900019,5.917112316000043],[101.49004147100004,5.914331677000121],[101.49025203800016,5.913353493000159],[101.49113078300013,5.911049962999982],[101.49193668800007,5.908969284000079],[101.49222555199998,5.907335500000045],[101.49214601300008,5.906075040000019],[101.49147258900013,5.904594121000173],[101.49050101700004,5.902669451000065],[101.48990151400011,5.901188758000046],[101.48989787000016,5.900372523000101],[101.49041232400009,5.899479970000073],[101.49107642300004,5.898883312000066],[101.4921857700001,5.898433258000125],[101.49351896700017,5.89835328700002],[101.49455702900008,5.898497195000175],[101.495373158,5.898716100000115],[101.49633808900018,5.899156860000119],[101.49745437100017,5.900264659000072],[101.49782664600019,5.900633548000087],[101.49834503500017,5.900631224999984],[101.49871536000018,5.900555559000168],[101.49886179000003,5.900258338000128],[101.49871170400002,5.899739339000121],[101.49885581400008,5.898923039000067],[101.4992308960002,5.896888357000137],[101.4997451390002,5.894698861000165],[101.50052117000018,5.892508755000108],[101.50138748100017,5.890842468000187],[101.50222226700015,5.889682420000156],[101.50219150100008,5.889612516000057],[101.50208085800011,5.889350918000048],[101.50181843500013,5.889199023],[101.50098969000004,5.889181268000073],[101.50029229400008,5.889271393000115],[101.50007445900007,5.889250899000047],[101.49989965600008,5.889142105000076],[101.49983315200012,5.888902334000079],[101.49980998500007,5.888640339000176],[101.49961289600014,5.888466675000188],[101.4993941100002,5.888358628000049],[101.499022916,5.88822924800013],[101.4987601050002,5.887990351000042],[101.49860633200018,5.887663418000045],[101.49856068600013,5.887292464000097],[101.49840720200007,5.887031054000147],[101.49772686400007,5.886138785000128],[101.49683679400016,5.884897803000115],[101.49657408100018,5.883925145000092],[101.49584058600016,5.883761208000124],[101.49529456099998,5.883515693000163],[101.49449613400009,5.882327931000134],[101.49404852900011,5.881883698000024],[101.49350284100007,5.88183638300012],[101.49300868300003,5.882086588000107],[101.49246553500006,5.882486122000159],[101.49113015600017,5.883087469000088],[101.48898635800003,5.883555711000099],[101.48806038600014,5.88374623600015],[101.48746516200015,5.883599768000067],[101.48711648300014,5.883204769000031],[101.48721795400007,5.881155533000083],[101.48734649100015,5.879233810000187],[101.48687679400012,5.877633319000154],[101.48664286900004,5.876904545000059],[101.48688762400013,5.876258392000182],[101.48732952699999,5.875413034000019],[101.48738688500015,5.874359305000155],[101.48698689600019,5.87257039800005],[101.4864516180001,5.871184869000047],[101.48587097500013,5.870506766000176],[101.48486317900006,5.87029886300013],[101.48324548600004,5.87071730100007],[101.481961324,5.871665753000059],[101.47988456700006,5.872617758000047],[101.47889520900009,5.873018703000071],[101.47803760200009,5.872851920000073],[101.47696334500012,5.871526953000114],[101.47563871400018,5.870604724000088],[101.47467089800006,5.870258756000055],[101.47349219700016,5.870571283000118],[101.47222335300012,5.871427610000183],[101.47159019100013,5.873164591999966],[101.47011599400014,5.874275460999968],[101.46909150900018,5.874898524000116],[101.4676042420001,5.874706257000071],[101.46681242900007,5.875007465000124],[101.46602335600005,5.87580518600015],[101.46528293500018,5.876503254],[101.46478897500015,5.876803118000112],[101.46424327400007,5.876755839000054],[101.46369705000012,5.876460529000099],[101.46298536500012,5.875613533000035],[101.46210648000016,5.874332827000103],[101.46049807600014,5.874043344000029],[101.45906096400006,5.873581388],[101.45797381600016,5.872014646000082],[101.45706977900005,5.870390044000089],[101.4564079060001,5.868936076000068],[101.4558310330001,5.868208231000153],[101.45509371800011,5.867818303000035],[101.45350917500019,5.867689681000058],[101.45144526500013,5.867988492000165],[101.44968300900013,5.868893816000138],[101.44816200100007,5.869890196000142],[101.4476153390001,5.870526981000182],[101.44689345300009,5.870827269000131],[101.44618009500005,5.8708806570001],[101.44518313600003,5.870710467000038],[101.44365809800018,5.870914270000128],[101.44236524000013,5.871195017],[101.44201983300007,5.871543933999988],[101.44152498600005,5.871644938000031],[101.44102863300014,5.871399142000087],[101.44043336700008,5.870978627000056],[101.43909276200009,5.870663059000037],[101.43835078300009,5.871013699000116],[101.43790780600011,5.871760166000115],[101.43756390500016,5.872456476000025],[101.43726750500014,5.872656056000039],[101.43647491600018,5.872659507000037],[101.4357297030001,5.872265627000104],[101.43523140600018,5.871573541000089],[101.43461489000015,5.870942976000038],[101.43330040299998,5.871271733000128],[101.43304951200008,5.871334480000087],[101.43121677700009,5.871491574000117],[101.43037737400016,5.87214034800013],[101.42929298100006,5.87353473700017],[101.42885312000016,5.874876015000098],[101.42756662700003,5.875328455000044],[101.42622836100014,5.875284540000052],[101.42513532400005,5.874693869000112],[101.4246879750001,5.874298718000034],[101.42379509600016,5.874203709000085],[101.42285552000004,5.874654073000045],[101.42236409499998,5.875549311000043],[101.42072894700004,5.875606118],[101.41894784600004,5.876358373000187],[101.41726448500009,5.876613636000059],[101.41612119400008,5.875874033000059],[101.41527573000013,5.875133700000049],[101.41452666700008,5.873846689],[101.41364982300018,5.873277675],[101.41239259600013,5.873061640000174],[101.41075933000019,5.873565258000099],[101.40936841300015,5.872826707],[101.4069881740001,5.872390100000018],[101.4062440290001,5.872244731000023],[101.40560085800007,5.872495515000139],[101.40521439900016,5.873141727000132],[101.40342650100018,5.873894529000097],[101.40273391500011,5.874195231999977],[101.40182239600006,5.874090675000161],[101.40044186400007,5.873409665000111],[101.399460138,5.873514431000046],[101.39846789800015,5.873270714000057],[101.39737720500005,5.87307654500006],[101.39554313300005,5.873724450000111],[101.39386283600015,5.874183575000188],[101.39272816200008,5.87532957600007],[101.39203556700005,5.875630241000181],[101.39154133300019,5.875880929000118],[101.39109424800006,5.875683988000105],[101.3907939980001,5.87499044000009],[101.39078934600008,5.873899040000026],[101.3909668460002,5.872131754000179],[101.39068277000013,5.870468737000124],[101.39058202800015,5.868804338000189],[101.39036674200008,5.867796875000067],[101.389976203,5.867097488000184],[101.38916490700007,5.865620867000132],[101.38931045499999,5.864030014000036],[101.38891644600017,5.861983279000071],[101.3894135860001,5.860557014999983],[101.38973751300017,5.859660798],[101.38948479500004,5.85847104700008],[101.38893947200012,5.857712971000069],[101.38802310000017,5.855800663000082],[101.387166832,5.854485231000126],[101.38599087500012,5.85347056300003],[101.38432384500004,5.85292852900011],[101.38257719800004,5.852502121000043],[101.38102599100006,5.852131892000045],[101.37994145300019,5.850990267000157],[101.3796216410002,5.849132451000116],[101.37924760600009,5.845655820000104],[101.37747651900014,5.844908013000179],[101.37658637700008,5.843439572000079],[101.37599921500015,5.841185214000063],[101.37499377199998,5.839801987000101],[101.37458435200006,5.838357531000156],[101.37360087900015,5.836825083000178],[101.37414401800004,5.835329688000172],[101.37461738500019,5.834813044000043],[101.37466494300008,5.834316248000164],[101.374342511,5.833836310000038],[101.3735202680001,5.832417284000087],[101.37184206900008,5.831875271000058],[101.37113605400003,5.83180027700007],[101.37049350900008,5.83220013100015],[101.36990082500006,5.832648932000041],[101.36930491300012,5.832453115000078],[101.36845882500012,5.832204177000108],[101.36696634900005,5.832109347000085],[101.36526448900014,5.831441379000069],[101.36376306500006,5.831770827000128],[101.36206577700017,5.831391535000023],[101.36132209000016,5.831345526],[101.36062971600006,5.831695852000053],[101.36012792800011,5.832296221000092],[101.3595461000001,5.833188993000078],[101.35892935600009,5.833554258000163],[101.35825728900016,5.833094988000028],[101.35766086300004,5.832378862000098],[101.3563159690001,5.831019073000107],[101.35545555300013,5.829762286000118],[101.3541413440002,5.828587066000068],[101.35269047100019,5.827642364000042],[101.35091013100009,5.827365044000032],[101.3492299780001,5.826490231000037],[101.34747666600015,5.824708919999978],[101.34701008700017,5.823196265000149],[101.34728814600004,5.82155285000016],[101.34761260300013,5.819944267000039],[101.34789146200018,5.818358451000108],[101.3479719190002,5.816268438000066],[101.34735576000008,5.81473321500016],[101.34651054100004,5.813188253000021],[101.34587903900007,5.811757618000058],[101.34617074900018,5.810416406000115],[101.34616828300017,5.809820969000157],[101.34581932400016,5.809325813000044],[101.34552103900006,5.809079069000063],[101.34487663600015,5.809032021000064],[101.34448110900018,5.809281677000115],[101.34279843100006,5.809685774000059],[101.34210499600016,5.8097881],[101.34116251600017,5.809543984000072],[101.33948373000015,5.808026182000049],[101.33795250100019,5.807139348000021],[101.33588841600005,5.807391910000149],[101.33439466900018,5.809168046000025],[101.33315123700015,5.81063244700016],[101.33157228700009,5.811582416000135],[101.32946216800019,5.81176624200009],[101.32828963400016,5.812226993000081],[101.32764869100015,5.813023952000037],[101.32700696500018,5.813622053000074],[101.32616556300019,5.813824380000028],[101.32438095300012,5.81373227500012],[101.32304250400011,5.813087528000153],[101.32090742800006,5.812555675000112],[101.32026744,5.811242538000101],[101.3192172160002,5.810031639000158],[101.31810884400011,5.808809117000067],[101.31776881800005,5.807329795999976],[101.316934215,5.805738948000169],[101.31571229600007,5.804608965],[101.31457748100007,5.802709137000022],[101.31279761100006,5.802397238000083],[101.31058325600009,5.802466743000082],[101.30916234500017,5.802899622000098],[101.30777817400013,5.803756648000103],[101.30653409800004,5.805095021999989],[101.30592470300019,5.807130203000099],[101.30568030700005,5.8086238140001],[101.30554029299998,5.810392690000128],[101.30504306500006,5.812002592000113],[101.30495359800005,5.813166760000115],[101.30480791800005,5.813961092000113],[101.30456107000009,5.814160952000123],[101.30411388100009,5.813914793000095],[101.30356771600015,5.81361870700016],[101.30287266300007,5.813323824000179],[101.30202967100013,5.813128961000132],[101.29969946800014,5.81289042200018],[101.29816223000017,5.812598962000038],[101.29602942900016,5.812210465000135],[101.2948046250001,5.812322226000049],[101.2940000910001,5.81271474100015],[101.2931637710002,5.814306252999984],[101.29212835100014,5.815501962000099],[101.29114085600008,5.816399127000125],[101.29054652200011,5.81659984200013],[101.2898025840002,5.816354869000065],[101.289042832,5.815831967000122],[101.28748882700017,5.814887424000062],[101.28591380900002,5.814333392000037],[101.28376540700009,5.813851127000021],[101.28196053900012,5.813229625000076],[101.28020247100017,5.812745769],[101.27863596400016,5.812330625000129],[101.27744719900011,5.812434285],[101.27680336700013,5.812536327000089],[101.2765055000001,5.812388944000077],[101.27620583300006,5.811794116000044],[101.27605484000009,5.811149515000125],[101.27600263900013,5.810504524000123],[101.27570338000015,5.810009696000066],[101.27533236400018,5.809637200000111],[101.27374553900006,5.809083688000158],[101.27250217000011,5.80822880300002],[101.27125549100009,5.806823691000147],[101.27043109700008,5.805216832000156],[101.26958330500014,5.803830441000116],[101.26883783000017,5.803337358000078],[101.26735041400019,5.803095328000097],[101.26601239000018,5.803100691000111],[101.26496960400004,5.802608239000051],[101.26359431800012,5.800917696000056],[101.26314988500019,5.799243800000113],[101.26317656200018,5.797728445000075],[101.26266324700009,5.796031603000188],[101.26238006300008,5.794471721000036],[101.26127245700013,5.793272213000137],[101.260020908,5.791908282000122],[101.25961882100006,5.790520048000019],[101.25892139100011,5.789048262000108],[101.25800717000004,5.787537767000117],[101.25801863700019,5.785161465000158],[101.25820375100005,5.783478236000064],[101.2588515860001,5.781976806000159],[101.25945095700001,5.780205474000127],[101.2596041590001,5.778723525000032],[101.25860907499998,5.777155734000075],[101.25752416800003,5.775830107000047],[101.25648244700011,5.77402178400007],[101.25488217100019,5.773030985000105],[101.25430027900018,5.771381295000026],[101.2541757360001,5.769407225000123],[101.2533545620002,5.768160177000141],[101.25264650300011,5.766556201000128],[101.2515619510001,5.765310746000182],[101.25083253700012,5.764005712000028],[101.25019161500006,5.762115022999978],[101.24993467100012,5.760035795000078],[101.25058730200004,5.758599343000071],[101.25136074900013,5.757194554000137],[101.25248926400019,5.75570760700009],[101.25375840400005,5.754839879999963],[101.25493557300018,5.753823382000064],[101.25537698599999,5.75305267400006],[101.25547532600018,5.752238193000096],[101.255320219,5.751526354000077],[101.25501246000005,5.750865988000157],[101.25435769900014,5.749316590000035],[101.2538185960002,5.747780281000189],[101.2539565840001,5.745718157999988],[101.25427359300011,5.744285850000153],[101.25458950800004,5.742576108000094],[101.2556475830001,5.741971371000091],[101.25633582700004,5.741137568000113],[101.2567939110001,5.740443109000068],[101.25697601000013,5.739842389000103],[101.25697328400008,5.739149750000081],[101.25683162400009,5.73827290100013],[101.25682926100018,5.737672348999979],[101.25714993100007,5.737163160000023],[101.2575173580002,5.736792224999988],[101.25816007600008,5.736143362000064],[101.25898431100012,5.734754823000173],[101.25934741200007,5.733275977],[101.25980567000016,5.732627838000155],[101.2593421480002,5.731936990000179],[101.25913437400004,5.73116944800006],[101.25914644500006,5.729369410000174],[101.2591886840001,5.72805852900018],[101.25918668700018,5.727550613000062],[101.25904670000006,5.727089557000113],[101.25858422100009,5.726814578000187],[101.25816839700013,5.726492459000099],[101.25802801000015,5.725939357000129],[101.25807170000002,5.72543126100004],[101.2583474130002,5.725106462000099],[101.25880621400006,5.724596736000024],[101.25880367500014,5.723950408000178],[101.25847815300017,5.723213290000103],[101.25806082700012,5.722660685000108],[101.25787352200018,5.721922423000137],[101.25805485200004,5.721136974000103],[101.25805158800017,5.720305350000046],[101.25791178800011,5.719890649999968],[101.25786428200013,5.719567674000075],[101.2582786640001,5.719381282000143],[101.25979694800014,5.718636344000117],[101.2603954130002,5.718357140000137],[101.26076281600012,5.718124616000068],[101.26085370700008,5.717709012000114],[101.2605281860001,5.716971331000138],[101.26029405500014,5.71609480800015],[101.26021758500002,5.713996809000037],[101.25979354600003,5.712162912999986],[101.25930935200012,5.711804328000085],[101.25926166699998,5.711435040000083],[101.25898438400009,5.711205602000121],[101.25861553300018,5.711207053000123],[101.25769314400014,5.711164355000165],[101.2570009480001,5.71098234800013],[101.25586017300009,5.71003089300018],[101.2544151100002,5.709884010000167],[101.25349097600008,5.709241309000049],[101.2525571230002,5.708999185000039],[101.25187571000004,5.708832392000033],[101.25145968200007,5.708464496000147],[101.25126143200004,5.707807091],[101.25103809500013,5.706803443000126],[101.25075973500014,5.70629660700007],[101.25029637900019,5.705790494000041],[101.24978267900013,5.705387993000045],[101.24923281100013,5.704963595000095],[101.24886289000017,5.70454979699997],[101.24886126900009,5.704133958000114],[101.24890516300019,5.703672218000122],[101.24963423800006,5.701452977999963],[101.25036731400013,5.700249534000079],[101.25068776400013,5.699694031000035],[101.2506857890001,5.699186112000177],[101.25026903200018,5.698771942],[101.24972775200013,5.698670644000174],[101.24929940100014,5.698314123000046],[101.24911283200004,5.697760599000105],[101.2491110360001,5.697299044000033],[101.24883251200015,5.69674587600008],[101.24836988700014,5.696424518000129],[101.24763291400018,5.696473715000025],[101.24708069500002,5.696752714000127],[101.24666685300008,5.697077493000052],[101.24608089100008,5.697100108000086],[101.24486576100009,5.696161337000092],[101.244218569,5.695655966000118],[101.2436163430001,5.69496561700015],[101.24319726800019,5.693951428000162],[101.24301037000015,5.693166828000074],[101.2427768230001,5.692428764000113],[101.24189822900007,5.691739525000173],[101.24097430000006,5.691281506000053],[101.2394972680001,5.690732992000108],[101.23792972200005,5.690693312000064],[101.2364539410001,5.690467953000109],[101.2350231320001,5.6900576970001],[101.23446827300012,5.689644586000156],[101.23400567400012,5.689184769000178],[101.23363468700006,5.688631985000086],[101.2333102950002,5.688171077000163],[101.23289504300016,5.687988474000065],[101.23229530000015,5.68794447200014],[101.23197378900011,5.688222568000072],[101.23156008400008,5.688593656000023],[101.23119141400014,5.688641442000062],[101.23063814000017,5.688505141000064],[101.22971438300004,5.688092855000093],[101.22814772800018,5.688283672000125],[101.22630326700005,5.688106029000096],[101.22395352700016,5.688391942000067],[101.22259488000009,5.687962703000153],[101.22178431000003,5.687800320000122],[101.22089696200015,5.687905410000099],[101.21980327700015,5.688038989000063],[101.21855812000007,5.687951135000105],[101.21814358000006,5.687952729000017],[101.21800414400008,5.687768497000093],[101.2181873180001,5.68744462300009],[101.2183707060002,5.687167099000021],[101.21823200400007,5.687028632000022],[101.21795421500008,5.686660763000077],[101.21795279900016,5.686291278000169],[101.21821436100015,5.68552073800015],[101.218674,5.68374377900011],[101.21876616600002,5.682040002000122],[101.21935843400018,5.680282862000013],[101.22032168000015,5.678940115000046],[101.22133242600012,5.67805884400002],[101.22171635100017,5.675364058000184],[101.22067395500005,5.674597974000051],[101.21924124499998,5.673679723000021],[101.21882400900012,5.673127062],[101.21859074200012,5.672296849000134],[101.21825465400019,5.670984560000022],[101.21807435000017,5.669851894000089],[101.21779478700006,5.669160260000069],[101.21760787800014,5.668514074000086],[101.21771655100014,5.667430576000129],[101.21797041600013,5.666850500000123],[101.21783013600003,5.666296783],[101.21746531400004,5.665733775000149],[101.215928771,5.664943017000098],[101.21458700300019,5.664048642000068],[101.2141780300002,5.663586366],[101.21417609600002,5.663078471],[101.21431253500003,5.662616334000063],[101.2145409220002,5.662014877000104],[101.21449307200015,5.661599801000079],[101.21421603900006,5.661416092000024],[101.21357115400008,5.661510644000032],[101.21306380100009,5.661420489000136],[101.21232490000017,5.661100138],[101.21103186500005,5.660412408000127],[101.2100615450002,5.659908163000068],[101.20936887900012,5.659587628000111],[101.20821664100015,5.659592018000126],[101.20724918900004,5.659687786000063],[101.2061452640001,5.660384695000062],[101.20536224500006,5.660480316000076],[101.20462382900007,5.660298391000026],[101.20430035500016,5.660068501000183],[101.2041607910001,5.659699533000037],[101.20425131300016,5.659329690999982],[101.2042096900002,5.658762591000141],[101.20392486500015,5.658315087000062],[101.20369314300018,5.658039109000129],[101.20359946800016,5.657577290000063],[101.20368790200018,5.656653748],[101.2030807270001,5.654485913000144],[101.20123531100018,5.654030773000159],[101.20058903500018,5.653894769999965],[101.200219887,5.653665119999971],[101.19994139500005,5.653250873000104],[101.19998064700013,5.652445598000156],[101.19965963800013,5.651820235],[101.19905908300007,5.651545694000163],[101.19803160200007,5.651276097000107],[101.19725922200013,5.650906154000154],[101.19661123600014,5.650169565000056],[101.19610267500008,5.649755669000115],[101.1954105100001,5.649573519000114],[101.19476493500002,5.649622279000084],[101.1942591130001,5.649947372000042],[101.19375194200018,5.649902963000045],[101.1928300460001,5.649814356000036],[101.19186096200019,5.649633245000075],[101.19093926800014,5.649590397999987],[101.19024848800018,5.649777770000071],[101.18941866699998,5.650174135999976],[101.1886855190001,5.650938527000108],[101.1879944220002,5.651033212000186],[101.18734835500015,5.650804564000111],[101.18681504100005,5.65026584900005],[101.18637684700002,5.649977093000132],[101.1856852360001,5.649933367000074],[101.18508679900003,5.650074625],[101.18388831800013,5.650079130000108],[101.18282665999999,5.649713618000078],[101.18181192500015,5.649532660000034],[101.180105545,5.649307974000067],[101.17885841200012,5.64866629300019],[101.17719727399998,5.648164566000162],[101.1752590120002,5.647617549000131],[101.17429052300008,5.647436447000018],[101.17336874500006,5.647532539000167],[101.17272423200006,5.647719718000133],[101.17203348300006,5.647907031000102],[101.1713865540001,5.647447305000071],[101.17096851600013,5.646664048000162],[101.17017948400002,5.645143167000185],[101.16962328700009,5.644359907000023],[101.16865308300015,5.643717164000066],[101.16745032000017,5.642567323000037],[101.16712669100013,5.642291116000024],[101.16684737600019,5.641645788000119],[101.16693676800014,5.640814320000061],[101.16665574400014,5.639707403000045],[101.16656108500007,5.638968701000181],[101.16683452900014,5.638182315000165],[101.16753063800007,5.63715932600013],[101.16816532900009,5.636607797000067],[101.16839462900003,5.636237404000042],[101.1683459480002,5.635737550000101],[101.16751294300013,5.634670530999983],[101.16590446300006,5.633146461000024],[101.16441245900006,5.631403302000138],[101.16344160300002,5.630575801000134],[101.16214926500004,5.630211057000167],[101.16053356900011,5.629478032000179],[101.15706789200016,5.627182239000035],[101.1563284880001,5.62672278000008],[101.155727367,5.626124956000012],[101.15503166400009,5.62497319900001],[101.15410548500012,5.623868043000073],[101.15295144600009,5.623364387000152],[101.15138040300008,5.622354261000055],[101.15004701400011,5.623236642000165],[101.14917335800016,5.623839910000129],[101.14857543200003,5.624119569000072],[101.14774508300019,5.624076265000042],[101.14663795900009,5.623757149000141],[101.145346997,5.623761898000055],[101.14465494200005,5.623441256000035],[101.14414617500012,5.623119934000101],[101.14400632400003,5.622658256000079],[101.14423445500017,5.621964713000125],[101.14432401599998,5.621318005000091],[101.14435108800012,5.618696777000139],[101.14426532200014,5.617762594],[101.1441243750001,5.617162468000117],[101.14412218600017,5.616562451999982],[101.14425721900005,5.615546032000111],[101.14370126400019,5.614809050000076],[101.14199263500012,5.613937836000105],[101.1414388680002,5.61380141300009],[101.14074796200009,5.613942392000126],[101.13977707100014,5.614488351000091],[101.13895259700013,5.614503258000184],[101.1383985010001,5.614274183000134],[101.13793640800014,5.613906915000086],[101.13655151400013,5.613357692000079],[101.1356282550002,5.613037873000167],[101.13452190000004,5.613087686000085],[101.13350957300008,5.613553578000108],[101.13283851700015,5.614348745000086],[101.13254834700012,5.615357780000181],[101.13266562100006,5.616435419000084],[101.13306659100016,5.61844993700015],[101.13118594200012,5.620996603000151],[101.13105349500006,5.622567273000072],[101.13013827700019,5.624463994999985],[101.12936831800016,5.625835300000062],[101.12959698100013,5.62730293400017],[101.12858999800005,5.629549773000178],[101.12822800700002,5.631444481000074],[101.127954951,5.632507182000154],[101.12786992200017,5.634400875000097],[101.12810155800014,5.634815865000121],[101.1284712440002,5.635045618000049],[101.12893293600018,5.635136019000129],[101.12921048100014,5.635458192999977],[101.12902704900006,5.635735735000026],[101.12865904600011,5.635968177999985],[101.1286603920002,5.63633769],[101.1289391630001,5.636844639000117],[101.12930913100013,5.637304891000042],[101.12940362900014,5.637858840000092],[101.12914228800008,5.639810836000152],[101.12859124000016,5.641197709000039],[101.1273025160001,5.643223516000091],[101.12592613200007,5.645029250000107],[101.12500978900005,5.646464375000107],[101.12478045400019,5.64683473499997],[101.12482803500012,5.647204116000069],[101.12538402600018,5.647940560000109],[101.12580243800016,5.649001250000083],[101.12571673800016,5.650710212000092],[101.12526328300004,5.652882678000083],[101.12425543000006,5.654595019000112],[101.12347758800018,5.656121736000046],[101.12288204900005,5.657231908000085],[101.12260721700005,5.657648785],[101.1226089000001,5.658110396000097],[101.12307323400012,5.659078272000045],[101.12338428200013,5.660548461000133],[101.12326542500011,5.661202057000025],[101.12312924200012,5.66175684500007],[101.12248501200014,5.662036077000096],[101.12151782900014,5.662224394000134],[101.11940198400015,5.66357123500012],[101.11931518700015,5.665141747],[101.11881286500017,5.66643691600018],[101.11900287100008,5.667960093000147],[101.11874490100018,5.670383876000074],[101.11795653400009,5.671658058000162],[101.11648620300019,5.673095221000153],[101.11588874500012,5.673512697000035],[101.11520950800013,5.674567821000096],[101.1143737610002,5.675227443000153],[101.11382245000016,5.675783203000151],[101.1137341390002,5.676938443000154],[101.11350722100008,5.677816174000043],[101.11300215500006,5.678372308000064],[101.11203589700006,5.678976468000144],[101.1116695130001,5.679670553000108],[101.11153486000006,5.680640633000053],[101.11112265400004,5.681288529000028],[101.11038637300015,5.681707059000189],[101.10665776300004,5.683198231000119],[101.10458637400012,5.684083279000163],[101.10394261300007,5.684501470000043],[101.10348308600015,5.68501112000007],[101.10316442900017,5.686120287000108],[101.10307820400004,5.687690853000049],[101.102896295,5.688384236000104],[101.10257499500005,5.688754921000168],[101.10220678200005,5.688941045000092],[101.10142306700016,5.68903599600003],[101.09985746000018,5.689411211999982],[101.0991209930001,5.689783417000172],[101.098615601,5.690246906000027],[101.09829513600005,5.690848705],[101.09801969300008,5.691264993000175],[101.09737588000002,5.691683187000137],[101.09686965100019,5.691916161000051],[101.09665444300015,5.692143497000018],[101.09668736200007,5.692516861],[101.09701514300014,5.692842272],[101.09699533600019,5.692975135000097],[101.09687919400017,5.694548035000025],[101.09683462200019,5.695010402000037],[101.09651314700017,5.695334769000112],[101.09582309000018,5.69575257300005],[101.09504129000015,5.696217625000145],[101.09449011200019,5.696819662000166],[101.09430865900003,5.697651497000152],[101.09440403000019,5.698436566000169],[101.09477454400007,5.699035283000057],[101.09519051400008,5.699264835000065],[101.09565172000003,5.699355292000178],[101.09634341900016,5.699399102000029],[101.0965293910001,5.699814271000037],[101.09657832100004,5.700552619000177],[101.09621462500013,5.701985707000119],[101.09617164900015,5.702069497000082],[101.0957588230001,5.702678237000043],[101.095515267,5.702997384000071],[101.09528010600019,5.703182150000089],[101.09496095800006,5.703266137000185],[101.09430587100013,5.703249342000106],[101.09389434400009,5.703282934000072],[101.09371865900005,5.703375778000122],[101.09355685200006,5.703489992000129],[101.09344263700012,5.703608964000011],[101.09328083800017,5.703723178000075],[101.09315710200019,5.703770768000084],[101.0929667480001,5.703766010000038],[101.0927954280001,5.703704142000106],[101.09261458600008,5.703732697000078],[101.0921244180002,5.703880222000066],[101.09175798000007,5.703932570000177],[101.09135347300008,5.703946846000122],[101.0910013130001,5.703880222000066],[101.09051114300001,5.703680347000159],[101.09008760100016,5.703456679000112],[101.08983537799998,5.703399574000116],[101.08963550100009,5.703423366000152],[101.08948321600019,5.70346143800009],[101.089411831,5.70351854400019],[101.08942610900016,5.703623239000081],[101.08943086900018,5.703780287000086],[101.08938803600012,5.704056304000119],[101.08928269400008,5.704251029000147],[101.08923099200007,5.704346599000019],[101.08906443200016,5.704627373],[101.08862661200016,5.705122302000177],[101.08843863200008,5.705348351000168],[101.08814357800014,5.705624366000166],[101.08793824500015,5.705730835000168],[101.08788659600003,5.705757615999971],[101.08756299300018,5.705871832000014],[101.08737263400013,5.706014600000117],[101.08713468600018,5.706243026000038],[101.08700143900006,5.70641434800018],[101.08689674100015,5.706547599999965],[101.08683011600004,5.706699885000091],[101.08664927800015,5.70684265400007],[101.08643037000019,5.706918795000036],[101.08624000900016,5.707042528000102],[101.08603062000014,5.707613599000183],[101.08586881500014,5.707813470000076],[101.08566893900013,5.708022864000043],[101.08555472400019,5.708146595000017],[101.08533581800003,5.70827984500005],[101.085193049,5.708365507000053],[101.08516449300015,5.708460685000091],[101.08522241700013,5.70858479900005],[101.08529774400006,5.708746221000069],[101.08542147800017,5.709069830000146],[101.08562135200003,5.709374397000033],[101.0857093890001,5.709481472999983],[101.08581408800018,5.709690865000084],[101.08580457100015,5.709895500000073],[101.08608058800019,5.71062837300002],[101.08623763300011,5.710966257000109],[101.08630901300018,5.711228001000109],[101.08620908000017,5.711565882000059],[101.08614245500007,5.711703892000116],[101.08611865600011,5.711813346000099],[101.08605203200011,5.711865692000174],[101.08588071400015,5.711879970000098],[101.08582656600015,5.711879972000133],[101.08564276900012,5.71187997100003],[101.08540957800011,5.711913281000136],[101.08521922200015,5.711975151000104],[101.08497175800011,5.712003703000164],[101.08474333200019,5.711994185000094],[101.08443400300013,5.711932318000038],[101.08425792100007,5.711860935000061],[101.08397714500012,5.71181334400012],[101.08385817100009,5.711765756000091],[101.0837534760002,5.71167057700012],[101.08372491800014,5.711499255000149],[101.08367257200007,5.711266069000033],[101.08356311700015,5.711142340000038],[101.08336799900019,5.711094748000164],[101.08330613800013,5.711056677000101],[101.08330137899998,5.710766385000113],[101.083182406,5.71052367599998],[101.08266368000011,5.709605205000116],[101.08256850100014,5.709462437000013],[101.08248284100011,5.709410088000027],[101.08233055700015,5.709410092000041],[101.08219730600007,5.709391053000161],[101.08209261000007,5.709429126000032],[101.08197363800019,5.709471958],[101.08185942300008,5.709467200000176],[101.08177376400016,5.709533821999969],[101.08168810500013,5.709609964000038],[101.08154057500013,5.709633759000155],[101.08123124600007,5.709695627000144],[101.0809409530001,5.709776525000052],[101.08069348600014,5.710123927000041],[101.08051265000012,5.710338078000063],[101.08017000800015,5.710833008000179],[101.08015097000003,5.710966258000042],[101.08015572700015,5.711189926000031],[101.08021759700011,5.711304140999971],[101.08035203700007,5.711415975000023],[101.08055625200018,5.711542218000091],[101.08061377600012,5.711577779999971],[101.0807898540001,5.711691993000102],[101.08088979200005,5.711772895000081],[101.08098497000009,5.711844278],[101.08092310500007,5.71203463300003],[101.08087551800008,5.712291616000073],[101.08083744400017,5.712458181000102],[101.08068040100005,5.712643778000086],[101.08045197200005,5.712886482999977],[101.08019023200006,5.713348097],[101.08020450999999,5.713567007000165],[101.0802473390001,5.713724052000089],[101.08044245500008,5.7140048280001],[101.08073750900013,5.714323676000163],[101.08086124000016,5.714471203000016],[101.08103256200013,5.714618729000165],[101.08117532900013,5.714780534000113],[101.08115629300016,5.714989927000147],[101.08118484800013,5.7151945600001],[101.08124671300016,5.715394434000132],[101.08132761600001,5.715532443000086],[101.08134189200013,5.71564189999998],[101.08131333900019,5.715722801000027],[101.08122767700019,5.715832255],[101.08114677400016,5.715922674000126],[101.08108015200014,5.715955985000107],[101.08107255200008,5.715954674000102],[101.08083268500019,5.715913157000159],[101.08055666700011,5.715841775000115],[101.08038534900015,5.715794183000071],[101.08026637500006,5.71579418500005],[101.08009981100014,5.715846531000125],[101.08008553600013,5.715994060000185],[101.08009981200007,5.716184417000022],[101.08019974900003,5.716322423000065],[101.08035203300005,5.716560369000035],[101.08040591400015,5.716652488000136],[101.08049956300016,5.716812595000135],[101.08060901800008,5.716903015000128],[101.0808184080002,5.717050539000127],[101.08104683700014,5.717293244000189],[101.08139899700018,5.717750099000057],[101.08161314900013,5.717983288000084],[101.08197482800011,5.718216477000112],[101.08232222700019,5.718430626000156],[101.082555416,5.718701884000041],[101.08254685300011,5.71870229600006],[101.08257444900005,5.718735198000161],[101.08273625500016,5.719120672000031],[101.08299799400004,5.719667948000051],[101.08309317200008,5.719958240000096],[101.0831455230001,5.720143838000183],[101.08314552100006,5.720239017000154],[101.08308365700009,5.720357988000103],[101.08292185500005,5.72052455000005],[101.08265535300018,5.720705393000173],[101.0825554180002,5.720867196000142],[101.08249830700015,5.721000443999969],[101.08244596200018,5.721081344000083],[101.08240312800018,5.72112417500017],[101.08221753200013,5.721124176000103],[101.08205657400015,5.721107411000048],[101.08176067700009,5.721076586000038],[101.0813942380002,5.72113845500013],[101.08062329200004,5.721190799],[101.07987138400017,5.721447781000109],[101.07925748100007,5.721738077000168],[101.07909092100016,5.721847532000083],[101.07901953600003,5.721909398000037],[101.07888153000016,5.72196174600009],[101.07876731300018,5.721999819000132],[101.07867506000014,5.722171818999982],[101.07848653600013,5.722523297000123],[101.07821528000011,5.722951604000116],[101.07799636800007,5.723256173000038],[101.07778697700007,5.723470325000164],[101.07761565400006,5.723608335],[101.07758702900009,5.723621246000107],[101.077372948,5.723717788000101],[101.0770969300001,5.723817727000096],[101.07689705600006,5.723931942000036],[101.07673525600018,5.724065188000054],[101.07655917500011,5.724293616000125],[101.07645447800007,5.724460179000175],[101.07638309200019,5.724664813000061],[101.07629323400005,5.724848814999973],[101.07628315500017,5.724869446000184],[101.07622129200013,5.724959869000088],[101.0761450400002,5.724974167000028],[101.07599286200008,5.725002697000093],[101.07561215000015,5.72510263700002],[101.07544082800001,5.725240642000188],[101.07530281800018,5.725378654000053],[101.075198124,5.725473830999988],[101.07482216500011,5.725545215000068],[101.07465560700018,5.725683226],[101.07452235500017,5.725849788000119],[101.07446525000012,5.725897378000127],[101.07431772000018,5.725864063000131],[101.0738323110001,5.725626117000161],[101.07359436600018,5.725583287000177],[101.0734040100001,5.725578527000152],[101.073232689,5.725616597999988],[101.073013779,5.725806958000135],[101.07288528700008,5.725964000000147],[101.07274252100012,5.726240019000159],[101.07267589300017,5.726316160000181],[101.07255692100006,5.726387545000136],[101.07241891300004,5.72649223999997],[101.07233800800014,5.726549348999981],[101.07205247700006,5.72650175800004],[101.07154326800014,5.726482724000107],[101.07146713000003,5.726539832000185],[101.071233941,5.726758738000171],[101.07112448700019,5.726853920000053],[101.07097219900004,5.726901509000186],[101.07070094000005,5.726934818000188],[101.07059148500014,5.72695385500009],[101.07052486300017,5.727001447000077],[101.07043444300012,5.727120416999981],[101.07030595300017,5.727191804000142],[101.07013463200013,5.727263185000083],[101.06998710400018,5.727296498000101],[101.06983005900003,5.727325051000037],[101.06908290600012,5.727696249000019],[101.0686260490001,5.728100756],[101.06846900600016,5.728262558999972],[101.06838334800017,5.728381533000061],[101.06829768500006,5.728438641000025],[101.06820250600009,5.728433881000115],[101.0678931770002,5.728338701999974],[101.06779324100012,5.728319667000108],[101.06774089400011,5.728291111000033],[101.06739349200012,5.727720040000122],[101.06725072400008,5.727548721000062],[101.06715554400017,5.727367881000021],[101.06700801900013,5.726887231000092],[101.06689380500012,5.726535070000125],[101.0667653120002,5.726363747000107],[101.06654640000005,5.726121041999988],[101.06635604500019,5.725973517000114],[101.06621327700009,5.725878337000097],[101.06609430600014,5.72585454700004],[101.06591822700005,5.7258830990001],[101.06572311000014,5.72598779599997],[101.06546612500011,5.726349475000177],[101.06524246000015,5.726701635000154],[101.06513300100005,5.726834881000173],[101.06497120000012,5.726911025999982],[101.06480463400015,5.726949095],[101.06470469900017,5.72698240700015],[101.06464759300007,5.726977651000084],[101.06459524300016,5.726877714000068],[101.06444771800011,5.726520793000134],[101.0640955560001,5.725944963000074],[101.06395755000005,5.72601634800003],[101.06373864000005,5.726149599000166],[101.06352448600012,5.726268571000048],[101.06318660600004,5.72638278400018],[101.06282492600013,5.726454167000099],[101.06257746000011,5.726549348000106],[101.06239186300013,5.726615972000104],[101.06228240800004,5.726730187000044],[101.06230729600014,5.726974547],[101.06233951500002,5.727177525000116],[101.0624251770002,5.72744878300017],[101.06245848900011,5.72768197],[101.06250131800005,5.72780094400008],[101.06257746099999,5.727910400999974],[101.06265836200004,5.728024613],[101.06267264000019,5.728119791000097],[101.06266312300016,5.72818641900011],[101.06257746000011,5.728262560000076],[101.06249179900004,5.728343461000122],[101.06241089999997,5.728486229000055],[101.06235379100013,5.728719416000047],[101.06232047900005,5.728833632000089],[101.06222530100018,5.72895260100006],[101.06213012100011,5.72905254200009],[101.06201591000018,5.729161994000094],[101.0619540420002,5.729247657000144],[101.06193500900014,5.729347592000181],[101.06191597300017,5.729656923000107],[101.06191121000006,5.729913906000093],[101.06196832100005,5.73004239800008],[101.06245372800015,5.730423110000174],[101.062653604,5.730561118000026],[101.06282016800009,5.730661054000109],[101.0629486590002,5.730737198000043],[101.06310094300017,5.730794305000018],[101.06325798900019,5.730875210000079],[101.0633150970001,5.730965625000181],[101.06337220300003,5.731089359000123],[101.0633817210001,5.731227370000056],[101.06339599400013,5.731298753000033],[101.06332937200017,5.731360618999986],[101.06311997800003,5.731427242999985],[101.06283444500014,5.731560491000039],[101.06277210100012,5.731594943],[101.06265360300011,5.731660430000034],[101.06249655900007,5.731807957000058],[101.06237758800006,5.731903135000152],[101.06222530000008,5.731945967000115],[101.0621063280002,5.731912651000016],[101.06190169500007,5.731822233000173],[101.06171609800009,5.731746091000105],[101.06153049800014,5.731736570000123],[101.06138773300017,5.731779405],[101.06119261800012,5.731865061000178],[101.0610926780002,5.732017350000092],[101.06104984500007,5.732107768999981],[101.06102129200013,5.732193428000073],[101.06098322200017,5.732321920000061],[101.06097877200017,5.732342697000092],[101.06095466900001,5.732455169000161],[101.0609261140001,5.732526552000081],[101.06091184000013,5.732578899000089],[101.06081190200001,5.732612216000064],[101.06074801200009,5.732614670000089],[101.06068817100004,5.732616974000109],[101.06054064400013,5.732678841],[101.0604121510001,5.732769258000133],[101.06037408000003,5.732878714000094],[101.06033125100015,5.732992930000137],[101.06025510700005,5.733045274000062],[101.0601599270002,5.733035757000039],[101.06000288700017,5.733011962000148],[101.0599041860001,5.732983763],[101.05988861300011,5.732981111000129],[101.05983352800007,5.73297450300015],[101.05981888300005,5.732981118000055],[101.059765217,5.733005355000046],[101.05973451100016,5.733062114000177],[101.0596197810001,5.733274186000131],[101.0595061480002,5.733472763000123],[101.05939374400009,5.733801943],[101.05931760000004,5.734044651000033],[101.05927001300012,5.734344460000045],[101.05927000999998,5.734406329000137],[101.05933331400007,5.734498177000091],[101.05950893800008,5.734775775000116],[101.05961363300008,5.734861438000053],[101.05979447400006,5.735004202000141],[101.060113834,5.735220848000097],[101.0602360310001,5.735296212000094],[101.0602752060002,5.735351062000063],[101.06029714500016,5.735398071000134],[101.06030002600016,5.73541224000013],[101.06031525200018,5.735549277000189],[101.0603038320001,5.735903196999971],[101.06031697100019,5.736152851000043],[101.06047401600017,5.736695370000064],[101.06049781100006,5.736790546000123],[101.06062630300005,5.73684289800002],[101.06074527800001,5.736890484000071],[101.06080714300009,5.736971387999972],[101.06085949300018,5.737090359000149],[101.06086900800017,5.737233127000081],[101.06084521600013,5.737342584000146],[101.06064058100014,5.737718535000056],[101.06059775200009,5.737856546000046],[101.06061678700013,5.737970761000156],[101.06075479500004,5.738346716000081],[101.060864251,5.738608454000087],[101.06085948800006,5.738746462000108],[101.06070244400001,5.739046274999964],[101.06051209100019,5.739246150999975],[101.06047402000013,5.739336568000112],[101.06033125100015,5.739812464000067],[101.0603264900002,5.740169380999987],[101.06039311500012,5.740412086000106],[101.06051685000011,5.740749972000174],[101.06070244500012,5.740978397000163],[101.06094515300015,5.741140200000132],[101.06126875900009,5.741359114000147],[101.06163995500009,5.741763620000029],[101.06183982900006,5.742020603000071],[101.06194452600016,5.74215861],[101.061996872,5.742249031000142],[101.06194452500006,5.742429871000184],[101.06177796300011,5.742672574000096],[101.06172561200015,5.742805823000026],[101.06167802400012,5.742981902999986],[101.06167802300018,5.743124672000022],[101.0616637490001,5.743238885000153],[101.06163043800007,5.74328647699997],[101.06148290800013,5.743310270999984],[101.06136393800006,5.743367376000037],[101.06123068500011,5.743376898000122],[101.06104508900006,5.74338641300011],[101.06091184000013,5.743400690000101],[101.06069292800015,5.743557733000046],[101.06040770300007,5.743911966000155],[101.06032173400018,5.744052662000058],[101.06025986399999,5.744143080000072],[101.06012185900005,5.744171636000146],[101.05995529600006,5.744114531000093],[101.05980958900017,5.744038034000084],[101.05957458100005,5.743914653000104],[101.05936519000005,5.743790922000073],[101.0592700090001,5.743767127000126],[101.05917483200011,5.743805198000189],[101.05891309200013,5.743909895000058],[101.05847051300003,5.744024110000169],[101.05829918900008,5.744066937000071],[101.05798034500015,5.744043144000159],[101.05756155900013,5.744019352000123],[101.05743306800008,5.74408597300004],[101.05733313200017,5.744176392000156],[101.05723795000011,5.744252536999966],[101.05714753200004,5.74430964700008],[101.05706663300003,5.744290608000028],[101.0569571740001,5.744219225000052],[101.0568334410001,5.744147841000029],[101.05662880800014,5.744071697000095],[101.05650031900007,5.744005073000096],[101.05635755000009,5.743871821000084],[101.05614340100004,5.743614843000159],[101.05605760800012,5.743522924000104],[101.05584857700018,5.74326461000004],[101.05571954700014,5.742956593000031],[101.05558634900012,5.74278177500014],[101.05536990900015,5.742631932000108],[101.05504524300011,5.742432135000172],[101.054912048,5.742427976000101],[101.05479550200016,5.742444623000154],[101.05469144200009,5.742490408000094],[101.0546040320001,5.742690205000031],[101.05454992000006,5.742960756000116],[101.05455824400008,5.743252118999976],[101.05455374200005,5.743418870000028],[101.05454992000006,5.743560137999964],[101.05444881000005,5.743762361000108],[101.05443475700008,5.743815766000182],[101.05422955900013,5.743903710000154],[101.05412401300009,5.743846138000038],[101.05412207400019,5.743845080000085],[101.05395596100004,5.743659426000022],[101.05372144699999,5.743395598000063],[101.05353578900008,5.743170854000084],[101.05324265000007,5.742916802000025],[101.05298859300012,5.742604118000088],[101.05271499800011,5.74215463400003],[101.05232414000011,5.741695379000134],[101.05164014700011,5.740855041000088],[101.05099523600012,5.740405560000113],[101.05011581100013,5.74011241900007],[101.04986486300015,5.740066324999987],[101.04975762200007,5.740021643000034],[101.0492503980002,5.739971915000183],[101.04895045800004,5.740013370000156],[101.04883829900012,5.740008971000066],[101.04871326400013,5.740008972000169],[101.04837514900015,5.740072008000027],[101.04804337700006,5.740084074000151],[101.04778414800018,5.740063611000153],[101.04746031100012,5.740168224000172],[101.04720462300008,5.740355948000058],[101.04704926100004,5.740436867000085],[101.04689066800017,5.740488652000067],[101.04671589300017,5.740488652000067],[101.0465443540001,5.740478943000028],[101.04628218500017,5.740307402000155],[101.046058238,5.740206865000061],[101.045655753,5.740070432000095],[101.04533513000007,5.740022677000127],[101.04494628800006,5.740070428000081],[101.04463930600002,5.740138651000109],[101.04439372300004,5.74015229500003],[101.04418224700015,5.740152291000186],[101.04390255800018,5.740152291000186],[101.04365697100019,5.74013182900012],[101.04336363700008,5.740111360000071],[101.04309076300007,5.740227333000178],[101.04280425000007,5.740356944000155],[101.04256548800004,5.740452449000145],[101.04223804200012,5.740636640000048],[101.0420402100001,5.740663925999968],[101.04182191100006,5.740582065000069],[101.04161043900018,5.740431984000168],[101.0413512080001,5.740247797000109],[101.04108516000014,5.740084074000151],[101.04089415100003,5.740049967000061],[101.04077197800018,5.74004996400015],[101.0404430330002,5.739982958000098],[101.04025789700017,5.739742967000097],[101.03978750900012,5.739075869000146],[101.03910330800011,5.738323249000189],[101.0390011230001,5.738240394000172],[101.03895666700015,5.738204353000128],[101.03847041700004,5.737810096000089],[101.03812831500017,5.737467998000056],[101.03776056100014,5.737160104000168],[101.03742701300007,5.736963399000103],[101.03727306400003,5.736971948000019],[101.03704214900017,5.73704036800018],[101.03670004600002,5.737125897000055],[101.03634939400018,5.737177209000038],[101.03624829500006,5.737237872000037],[101.03609748000008,5.737328359000117],[101.03598423900007,5.737468039000134],[101.03585110900008,5.737586907000036],[101.03567872300016,5.737669240000173],[101.03553255500015,5.737739049000027],[101.03549505800015,5.737750837000078],[101.03503332400015,5.737895951000041],[101.03486691500018,5.73797202500009],[101.03454360100005,5.73791497100018],[101.03429161200006,5.738000552000074],[101.03413470700013,5.738048100000071],[101.03403010700004,5.738109909000116],[101.03397305100009,5.738228771000024],[101.03392075400012,5.738456993000057],[101.03389797500012,5.738513932000103],[101.03381615400019,5.738718495000057],[101.03362596700015,5.739046560000077],[101.0335071040002,5.739179685000181],[101.03323609500006,5.739422171000172],[101.03317318600006,5.739452610000114],[101.03294721700013,5.739512301000161],[101.03285438000017,5.739558717000079],[101.03278939100005,5.739605137000012],[101.03270119300004,5.739679409000132],[101.03266406000006,5.739730471000087],[101.03265013100008,5.739809384000125],[101.03259442800015,5.739925431000074],[101.03258743700019,5.74005130300003],[101.03258514600009,5.74009254300006],[101.03249694500016,5.740190025000118],[101.03236697000017,5.74031535600011],[101.03230662700008,5.740403555],[101.032288058,5.740501033999976],[101.03231310400014,5.740623132000167],[101.03233272400018,5.740667869000049],[101.0324706070001,5.740900843000134],[101.03248776800001,5.740909424000051],[101.03270833400018,5.741019708000124],[101.03290803100009,5.741376297000045],[101.03292229100003,5.741556973000058],[101.03288203900007,5.741675454000188],[101.0327234520002,5.741784291000045],[101.03240005000004,5.741921112000057],[101.03225749600017,5.74199604000006],[101.03208662000009,5.742085852000059],[101.03173148800016,5.742272499000137],[101.0309012260002,5.742654980000054],[101.03077062000006,5.742723391000141],[101.03064002000008,5.742850885],[101.03051400000015,5.742996932000096],[101.0303642070001,5.743259728000169],[101.0302805840002,5.743468782000036],[101.03019601700004,5.743680198000163],[101.03015134400016,5.743906202],[101.03014082800019,5.744200535000118],[101.03016026500012,5.744417587000157],[101.03017236300002,5.74455268100013],[101.03016710800006,5.744791823000185],[101.03012769200018,5.744844382],[101.03006199200007,5.744860147000168],[101.03003920300006,5.744860148999976],[101.02999366400007,5.744860152000058],[101.02991482700003,5.744841752000127],[101.02979919500007,5.744791821000035],[101.02969145200012,5.744739263000099],[101.02958370400012,5.744665680000139],[101.02958307600005,5.744665646000158],[101.02948910000009,5.744660424000074],[101.0293866090002,5.744684077000159],[101.02929462700007,5.744734006000101],[101.02921316200019,5.74481810400016],[101.02913695100017,5.744925847000104],[101.02907913600006,5.745154478000075],[101.02908196000016,5.74524207900015],[101.0290847390001,5.745328422000114],[101.02916449300011,5.745575399000188],[101.02915677800013,5.74564229300006],[101.02910532200013,5.745716898000069],[101.02905129499999,5.745840390000183],[101.02903586000008,5.745976744000075],[101.02906930200015,5.746105378999971],[101.02917175300018,5.746345205000125],[101.02918250500005,5.74637036900009],[101.02924167800006,5.74657361300018],[101.02925597300009,5.746747350000078],[101.02924719600014,5.747004037000067],[101.02918357100009,5.747155416000112],[101.02907607100008,5.747313379000104],[101.02900586600009,5.747374808000131],[101.02887423200019,5.747462560000088],[101.02861044600002,5.747601661000147],[101.02854678800009,5.747635227999979],[101.02845602700012,5.747683090000066],[101.02807919300005,5.74791108800008],[101.02785911400002,5.74806372300003],[101.02778840300016,5.748121809000054],[101.02756141100019,5.748618665000095],[101.02752293100019,5.748683607000146],[101.02751516600017,5.748696704000054],[101.0274486900002,5.748835441000097],[101.02741978500018,5.748916369000028],[101.0273743460001,5.74900913800019],[101.02735917800004,5.74904011100017],[101.02735041900013,5.749057995000044],[101.02733576800006,5.749118860000181],[101.02731284400016,5.749214073000189],[101.02730457800016,5.749248964000117],[101.0273045830001,5.749580540000011],[101.02734782800019,5.749758934000056],[101.02743431900018,5.750164374000178],[101.02732620400019,5.750250867000148],[101.02702888099998,5.750488726000015],[101.02690344700011,5.750576798000054],[101.0267748070001,5.750667117000148],[101.02669372000008,5.750829290000127],[101.02642342899998,5.751153644000169],[101.02623422300013,5.751445557000068],[101.02618242600005,5.751506897000183],[101.02606580200018,5.75159520699998],[101.02574291200011,5.751590531000147],[101.0254458490001,5.751610010999968],[101.02508547700012,5.751760974000149],[101.02464231600015,5.751994729000046],[101.02435012300003,5.752218744000174],[101.02413011500016,5.752530706000073],[101.02409350700015,5.75255067500018],[101.0239512460002,5.75274534600004],[101.0237634340001,5.752951043999985],[101.02357562300011,5.753192518000105],[101.02323577500005,5.753416102000131],[101.02277966300016,5.753621798999973],[101.02237720900007,5.753747009000051],[101.02192101400004,5.754100558000061],[101.02189960500016,5.754131879000113],[101.02178420500019,5.754219243000023],[101.02160403200014,5.754803577000075],[101.02131591000011,5.755643141000064],[101.02095393000013,5.756337731000031],[101.02022883300009,5.757251758000052],[101.01946991400013,5.75834669700015],[101.01909312200019,5.759802494000041],[101.01898618200005,5.761945593],[101.01918038400015,5.762786820000088],[101.01918254700007,5.763398796999979],[101.01891840400015,5.764318492000143],[101.01880695400013,5.765351815000145],[101.01854133100011,5.765850574000069],[101.01819881800009,5.766157487000157],[101.0178941330002,5.766464855000038],[101.01774283800006,5.766924766000159],[101.01740090100009,5.767384796000044],[101.0167902820001,5.767654816000174],[101.01617957400003,5.767733822000139],[101.01553021300003,5.767736122000144],[101.01484332700005,5.767967965000025],[101.01419490000012,5.768391235000081],[101.01301243700004,5.768892682000057],[101.01121955500003,5.769703093999965],[101.009844112,5.7697079510001],[101.00796365500014,5.769853013000045],[101.00743831100016,5.7699842990001],[101.00694289200015,5.770444869000187],[101.00671572400017,5.770981344000063],[101.0065271690001,5.77159451000017],[101.00649151900018,5.772359760000086],[101.00680011200006,5.773162183000125],[101.00699280400016,5.773735615000135],[101.00707104800006,5.774156319000099],[101.00703428800006,5.774615828000037],[101.00688247300019,5.774922615000094],[101.00611869700003,5.774963199000069],[101.00535440100003,5.775004298000056],[101.0050113370001,5.775158631000124],[101.0047828070002,5.775465729000132],[101.00448000699998,5.776155594000102],[101.00406278500014,5.777036866000174],[101.00335928900017,5.778009549999979],[101.00300210500012,5.779604302000166],[101.00285095900006,5.780102661000058],[101.00243117600002,5.78025726400017],[101.00178180200015,5.780259554000168],[101.00110586400018,5.780247829000189],[101.00009826400009,5.779614532000096],[100.99956235800016,5.77931071900008],[100.9989506330001,5.779274475000136],[100.99845485300011,5.779467744000044],[100.99782532900008,5.779988151],[100.99674366599999,5.781884336000132],[100.99623599800009,5.783043969000062],[100.99545225700018,5.784790499000167],[100.99375310800019,5.78532821500005],[100.99288505600015,5.783474424000076],[100.99111815200013,5.783195296000088],[100.98963766800006,5.783502776000091],[100.98853377500006,5.784869032000188],[100.98851946000008,5.786421880000034],[100.98894024400005,5.788159151000173],[100.98914400100011,5.789803896000137],[100.98851022200017,5.791194495000127],[100.98811642300018,5.793137444000081],[100.98815812800018,5.795219002000181],[100.98830451500015,5.796909752999966],[100.98738349800004,5.798299664000126],[100.98688698900008,5.799908457000129],[100.98647086200003,5.801759389000154],[100.98511550700005,5.802366514000028],[100.98437864100003,5.803825286000119],[100.98470834400001,5.805332870000143],[100.98387947700013,5.806780075000063],[100.98333705500016,5.808331423000027],[100.9845404420002,5.809265187000165],[100.98599636200004,5.809981134000168],[100.98713,5.810984095000094],[100.98881693900006,5.811113774000091],[100.99092650000011,5.811899684000082],[100.9925543290002,5.812708214000054],[100.99363116800004,5.813756572999978],[100.99471863000014,5.815093069000113],[100.99677287200012,5.817309923000039],[100.99787655500006,5.817967710000175],[100.9989004460001,5.818551188000129],[100.99934994400019,5.819139519000032],[100.99953592000014,5.819874575000142],[100.99954254700003,5.821750561999977],[100.99961893300014,5.822448714000018],[101.00002515500017,5.823072784000146],[101.00068816000004,5.823732120000159],[101.00142503500018,5.82435504],[101.00175812600014,5.825052839000136],[101.00187038200016,5.82567739000018],[101.0017996250001,5.826413362000153],[101.00139812300011,5.827113765000092],[101.00125338800012,5.827665800000034],[101.00129198400009,5.828217141000096],[101.001661147,5.828731166000068],[101.00206577000017,5.828913373000148],[101.00280023500011,5.829020970000101],[101.0034636540002,5.829146295000044],[101.00385775000012,5.829381081000122],[101.0040681010002,5.829669108000076],[101.0046786920002,5.830485712000097],[101.0052680030002,5.831035096000107],[101.00593087400006,5.831474047000086],[101.00637270700014,5.831803611],[101.00688812900012,5.832206349000103],[101.0071841950001,5.832794095000054],[101.00730301099998,5.833355889000188],[101.007567515,5.834116099000028],[101.0079357480002,5.83453406100017],[101.00829375200016,5.834923247],[101.00858968300003,5.835473706000187],[101.00866484400012,5.835988778000171],[101.00881363400003,5.836576460000117],[101.00903492900011,5.836759309000058],[101.00932817500006,5.836721523000108],[101.00981366300005,5.836627690000114],[101.01038638000011,5.836626198000147],[101.01095643000019,5.836833805000026],[101.01138663800009,5.837229499000046],[101.01164549900011,5.837502095000048],[101.01183906400007,5.837828542000182],[101.01183631700007,5.838002604000167],[101.01183445700013,5.838124111000184],[101.01172395100019,5.838461266000081],[101.0114625490001,5.83857462800006],[101.01094056600016,5.838876015000039],[101.01030764799998,5.839551807000021],[101.00975056099998,5.840451673000018],[101.00919413700012,5.841538582000169],[101.00882485500017,5.842737290000059],[101.00871805100019,5.84427179],[101.00883485800017,5.845543344000077],[101.00835307900019,5.846667828000022],[101.0077217160001,5.84779230200013],[101.00671713899999,5.848993244000042],[101.0063095390002,5.849892617000137],[101.00605215500008,5.850979016000053],[101.00609178800005,5.851652406000142],[101.00631820700005,5.852324580000186],[101.00770836800007,5.854490009000187],[101.00864690900016,5.855796459000089],[101.00909720200019,5.856280810000101],[101.00939855900003,5.856915977000028],[101.00954993599998,5.857439249000151],[101.00955207800018,5.858038197000155],[101.00936824000007,5.858861593000029],[101.00915092700012,5.860883002000037],[101.0097171110001,5.862377843000047],[101.00998242700018,5.863665225000148],[101.00969256899998,5.865285736000033],[101.00931823800005,5.865858925000111],[101.00935762100016,5.866457185000058],[101.00958527400007,5.86731694700012],[101.00974001500003,5.868775919000029],[101.00937382199999,5.870196115000113],[101.00923262200007,5.87188615499997],[101.00904584700015,5.873305698000138],[101.008935974,5.873829908000175],[101.0090869980001,5.874240716000031],[101.00946043200008,5.874202089000107],[101.010020354,5.874087603000078],[101.01065220300018,5.873901695000143],[101.01136447100015,5.873783852000088],[101.01188782300011,5.873856587000148],[101.01252455100018,5.87422835100017],[101.01305005600005,5.874899993000156],[101.0136517840001,5.876057911000032],[101.01414122400013,5.877066488000082],[101.01421276000019,5.878439288000152],[101.01407182900016,5.880198283000141],[101.0139310880001,5.880920946000117],[101.01389731000017,5.881727947],[101.01401108900006,5.882454769000105],[101.0143496820001,5.883089823000091],[101.01498666100014,5.883536161000052],[101.01614752500012,5.884355259000188],[101.01731099000017,5.885103721000121],[101.01847081900013,5.886105345000033],[101.01873411400015,5.886665455000184],[101.01873668000019,5.887376299000039],[101.01855137800015,5.887788870000122],[101.0184787840002,5.888312985000084],[101.01870619400017,5.889247319000106],[101.019344268,5.889993713000024],[101.02005563600011,5.89040248900011],[101.02110358400012,5.890885200000184],[101.02207797000005,5.891629784000145],[101.02271535800008,5.892338322000171],[101.02320541800009,5.893496594000055],[101.02347280100014,5.89502976100016],[101.023813023,5.896263153000064],[101.02419069600012,5.897234813000182],[101.02494122000019,5.898167241000067],[101.02580306800007,5.898837674000049],[101.02688797000013,5.899245065000059],[101.02789870900006,5.899727902000166],[101.02876137800007,5.900622623000174],[101.0291761580001,5.901706568000066],[101.02925704200004,5.903314991],[101.02896368600011,5.904887486000177],[101.02851779399998,5.905487499000174],[101.02739871800014,5.906090523000159],[101.02687655800008,5.906354059000137],[101.02654133900018,5.906654751000133],[101.02654297300012,5.907103972000073],[101.0268440860001,5.907663973000126],[101.02707043200013,5.908299382000052],[101.02692251100007,5.908748592999984],[101.02688744400012,5.909347668000123],[101.02688866900013,5.909684427000172],[101.026740378,5.910021769000025],[101.02647978400012,5.910209719000079],[101.02607937700014,5.910282399000096],[101.02558391900016,5.910587081000074],[101.02536164400016,5.911074371000041],[101.02540065500011,5.911560193000128],[101.02555235200015,5.912158587000079],[101.02735486900013,5.914509426000166],[101.0278794850002,5.914918850999982],[101.02862718300008,5.915065875000096],[101.02929954900014,5.914988281999968],[101.03071839000017,5.914721469000028],[101.03150347700006,5.914755888000116],[101.03217668800005,5.914903139000103],[101.03360085200012,5.916095290999976],[101.03498695800005,5.917063208000059],[101.03637183300015,5.91769380400018],[101.03782941800006,5.917838206000056],[101.03950885000012,5.917233657000054],[101.04102165900014,5.916737653000041],[101.04264424100006,5.916323713000054],[101.04361594400012,5.916320141000142],[101.04443716300011,5.916205206000143],[101.04488524200013,5.91605383600006],[101.04522059599998,5.915790426000115],[101.04551774900017,5.915265533000081],[101.04596265800012,5.914403292999964],[101.04637070600012,5.913503938000076],[101.04681699700018,5.913015778000045],[101.04737666100016,5.912676959000123],[101.04886843100013,5.911998493000112],[101.05006117400012,5.911170827000035],[101.05073158400018,5.910569418000136],[101.05132880000019,5.910305586000106],[101.05207618500015,5.910377410000024],[101.05271228499998,5.910562106000043],[101.05383431500013,5.910932000000116],[101.05465842500007,5.91145275700012],[101.05510883600016,5.91208731800009],[101.05541232700011,5.913283539000076],[101.0559027540001,5.914516332000176],[101.05612886100005,5.915076585000065],[101.05605669300013,5.915713104000076],[101.05616997200019,5.916124585000091],[101.0564330520001,5.916459811000152],[101.05676963400009,5.916533736000133],[101.05729219500006,5.916382045000091],[101.05785198400008,5.916230216999963],[101.05867347500009,5.91604016600013],[101.05938379800017,5.916149954000161],[101.05975873000011,5.916522648000125],[101.05998498700012,5.916970995000156],[101.06073698000006,5.918277419000049],[101.06160041600009,5.91935909200015],[101.0623861910002,5.919730773000083],[101.06328396500004,5.919876629000044],[101.06410462000014,5.919611959000179],[101.06496210300014,5.919084970000029],[101.06548340100011,5.918596526000101],[101.06596871300013,5.918445007000059],[101.06652948300018,5.918555342000047],[101.06686620300013,5.918665956000154],[101.06768838500011,5.9186628920001],[101.06839773200011,5.918511091000028],[101.06908942800015,5.918028783000125],[101.07033653000013,5.917418425000051],[101.07220588800004,5.91767362000013],[101.07351517800004,5.918005488000063],[101.07433833200014,5.918264033000014],[101.07504836500016,5.918299218000186],[101.07575711800007,5.917997103000175],[101.07650215500018,5.91743324000015],[101.07758280800016,5.916680519000124],[101.07892541900014,5.915964696000117],[101.07967157100006,5.915550535000023],[101.08004414300012,5.915286965000064],[101.08045311000012,5.91479896900006],[101.08063766900005,5.914199910000093],[101.08097173700014,5.913599697000109],[101.08138143500014,5.913149537000152],[101.08178858000014,5.912175010000112],[101.08216400300006,5.911616479000145],[101.08272344300013,5.911068563000129],[101.08302631400005,5.910730084000079],[101.08312698700013,5.910337003000166],[101.08329658300016,5.910119408000185],[101.08349930600014,5.909998853000047],[101.08403304800004,5.909827921000158],[101.08443149900006,5.909546190000185],[101.0847300050001,5.909395320000158],[101.08489656600011,5.909423497999967],[101.0849918350001,5.909544087000086],[101.08506812600007,5.909880543000043],[101.0852519550001,5.910144287000037],[101.0854806320001,5.910328174000028],[101.08585473200014,5.910476520000088],[101.08626709300006,5.910736588000077],[101.08644083900003,5.910877757000151],[101.08652206300019,5.911166733000073],[101.0864893800001,5.911635281000088],[101.08648511400008,5.911699141000042],[101.08651776400012,5.912429061000068],[101.0868300510001,5.913252809000028],[101.08698740100016,5.914129158000151],[101.08706801199997,5.915005209000071],[101.0869933960002,5.915727616000027],[101.08699609899998,5.916449725],[101.08712744000013,5.917016522000097],[101.0873343930001,5.917273406000049],[101.08790269000013,5.917735699],[101.08855098200013,5.918919288000154],[101.08889236800013,5.920723248],[101.08897114900014,5.921109465000086],[101.0888953720002,5.921522790000097],[101.08863885100004,5.921884243000079],[101.08814401,5.922339787000112],[101.0877928920001,5.922919151000087],[101.08753842100009,5.923667671000032],[101.08769930500011,5.925343482000017],[101.08775212000012,5.925729802000035],[101.08785605700007,5.925910196000018],[101.08813972100012,5.926011954000103],[101.0888609980002,5.926035230000082],[101.08942726900005,5.92595570300017],[101.09030189800006,5.925797583000019],[101.09094584700011,5.925821147000022],[101.09141058100005,5.926051609000069],[101.09184928399998,5.926411032999965],[101.09198073100015,5.927003239000157],[101.09198296100016,5.927596515],[101.0916258530001,5.928526210000143],[101.09157610300002,5.929093689000069],[101.0917595960002,5.929866513999968],[101.09201906200019,5.930432828000107],[101.09218008900012,5.932134076000011],[101.09233710800004,5.932778207000126],[101.09264926900005,5.933550541000102],[101.09306286400005,5.933987450000075],[101.09355378900005,5.934424024000123],[101.09389045300003,5.934964057000172],[101.09404683100018,5.935427368000035],[101.09425463600007,5.935917046000043],[101.09474527100008,5.936275636000062],[101.0956226080001,5.936685381000132],[101.096138914,5.936967070000037],[101.09655402700014,5.937510166000038],[101.09734391700016,5.938960438000151],[101.09821338400008,5.940560672],[101.09908304300018,5.941919106000171],[101.09936238900019,5.942362175000142],[101.09952048400004,5.942984188000025],[101.09936711100005,5.943608022000092],[101.09890215700011,5.94407706700008],[101.098359991,5.944702330000041],[101.09743399000007,5.946652943000061],[101.09608241600012,5.949188835000086],[101.0955418600002,5.950242414000115],[101.09499816500005,5.950478395000061],[101.09519372800014,5.950711020000028],[101.09558331100015,5.95090446],[101.09597226300019,5.950941979000049],[101.09620706000015,5.95125243300015],[101.09651905300012,5.951523597000175],[101.09679102700005,5.951367154000138],[101.09706168000014,5.95101582000018],[101.0975664230001,5.950779987000146],[101.09818903600018,5.950816616000054],[101.09873416700009,5.950970473000098],[101.09908510300016,5.951241493000111],[101.09959191300015,5.95155086900013],[101.10048694300013,5.951703430000066],[101.10126562900007,5.951972787000045],[101.10177273900013,5.952360737000163],[101.10255578600015,5.953642607000177],[101.103452489,5.954223442],[101.10404420300011,5.954450027],[101.10524329500004,5.95472287400014],[101.10653351400015,5.956548059000056],[101.10751103700011,5.957907153000065],[101.10862758500014,5.959022762000075],[101.10898746400011,5.959269997000035],[101.10937751600005,5.959294499000123],[101.10989670900011,5.959006056000135],[101.11036310800012,5.958483305000129],[101.11056927300018,5.957935596000027],[101.11085368500011,5.957491524000034],[101.11108671900018,5.957334659000139],[101.111399376,5.957489434000081],[101.11153122900004,5.957879925000157],[101.11174124000007,5.958348088000037],[101.11202887400009,5.958737431000031],[101.1123416370001,5.95891870600019],[101.11288937600006,5.959307043000081],[101.1132027330001,5.959644290000028],[101.11338627000009,5.960112564000042],[101.11346639900006,5.960554647000095],[101.11367964700014,5.962012151000067],[101.11376137300016,5.962871250000035],[101.11407603700007,5.963547493000135],[101.11426072799998,5.964328216000126],[101.11442104900004,5.965368934000082],[101.11450222900015,5.966228035000029],[101.1145307480001,5.966905380000014],[101.1147410010002,5.967424939000125],[101.11518463800007,5.967736285000115],[101.11656652700009,5.96872031700002],[101.11818456000009,5.970068434000098],[101.11873355200004,5.970769207000046],[101.11910015200004,5.971445243000062],[101.11918029500015,5.97188735900005],[101.11908019600014,5.973007617000178],[101.11923983500014,5.973866376999979],[101.11963156300004,5.974333836000028],[101.1204132430002,5.974643315000151],[101.12101246200012,5.974901465000016],[101.12158679000004,5.975446158000068],[101.12190097100006,5.975991905],[101.12205790500008,5.976147233000063],[101.12229183300002,5.976224316000128],[101.12276013800016,5.976196512000172],[101.12335912700007,5.976402664000148],[101.12369847000019,5.976739809000094],[101.12388227100018,5.977130114000147],[101.12385791300011,5.977546601000029],[101.12372970700017,5.977964079000117],[101.12347086300008,5.978303529000129],[101.123212625,5.978799492000064],[101.12298040600007,5.979320758000028],[101.12290426100009,5.979764032000105],[101.12290637000018,5.980310979000137],[101.12296047200005,5.980883684],[101.12296217500011,5.981326101000093],[101.1228593130001,5.981717488000072],[101.1226528150001,5.982030739000152],[101.12228935900004,5.982318598000063],[101.12177041800015,5.98252911600008],[101.12031599800008,5.983237620000068],[101.11932853899998,5.983423916000049],[101.11860023600002,5.983504709000101],[101.11802810500006,5.983532908000029],[101.11758681700013,5.983691138000154],[101.11717162800016,5.984031185000106],[101.11618596800014,5.984685886000022],[101.11574522300015,5.985130567000112],[101.11551328800005,5.985573846000136],[101.1151242630001,5.985966338000082],[101.11473509100006,5.986175759000105],[101.11434516800006,5.986333781000042],[101.11392967000012,5.986439359000087],[101.11372171000016,5.986518702000126],[101.11380080500004,5.986830852000026],[101.11416716200006,5.987297861000059],[101.11437653700006,5.987739995000027],[101.11435207500017,5.988130524000098],[101.11414550500012,5.988417784000092],[101.11380831500014,5.98878352000014],[101.11347106700009,5.988993333000167],[101.1128318160001,5.989189611000086],[101.11202791600016,5.989272910000125],[101.11130413300003,5.989195492000135],[101.11060980300016,5.989004351],[101.11011531600019,5.988980261000165],[101.10941365800005,5.989086900000189],[101.10884221800018,5.989297609000118],[101.10790762900007,5.989744186000053],[101.10720731200013,5.990345794000064],[101.10687095700007,5.990789510000184],[101.10684649100017,5.991180598000028],[101.10689981900015,5.991544839000085],[101.10708368200017,5.991961120000155],[101.1072149000002,5.99232505700013],[101.10734697500004,5.992766941000127],[101.10734867200006,5.993209918000105],[101.10721949600003,5.993522871000152],[101.1068830420001,5.993941144000189],[101.10644317700019,5.994619733000093],[101.1062371000001,5.995036966999976],[101.10626546200018,5.995662315000061],[101.10644927200008,5.996208018000175],[101.106868169,5.996831869000175],[101.10702600700012,5.997221698000033],[101.10700088700014,5.997586237000064],[101.10684680300005,5.998029813000187],[101.10656227600003,5.998447341000087],[101.10634695500005,5.998807508000141],[101.10892735400012,5.998246687000176],[101.1104606770001,5.997640717000138],[101.11217964900004,5.997319934000132],[101.1137542130001,5.997756843000161],[101.11528278500009,5.998262275000059],[101.1165753470001,5.999469250000175],[101.11759424900004,6.000849607000077],[101.11902243500009,6.001803504000065],[101.12068333400009,6.001356900000019],[101.1221120580002,6.000556392000078],[101.12363465200002,6.000099026000044],[101.12526268200008,5.999916449000125],[101.12683066800014,5.999379220000037],[101.12843059700009,6.000239735000093],[101.1301097340002,6.000859253000158],[101.133032501,6.00214287600005],[101.13655340900004,6.003111148000073],[101.1386251560001,6.003536994000115],[101.1405054120001,6.004204260999984],[101.1432658810001,6.005681113000151],[101.14443641200006,6.006849479000039],[101.14606498000018,6.007952199000158],[101.14745315400012,6.009064339000133],[101.1491635210001,6.010007399000187],[101.15073539600007,6.011040827000045],[101.15213921900016,6.011671512000134],[101.1532528830001,6.012724245000072],[101.15540554400013,6.012763784000072],[101.15667004400012,6.013553757000182],[101.15830214000016,6.014255243000093],[101.15998738600013,6.013981356000102],[101.16150693600014,6.012902974000042],[101.16302378600005,6.013717920000147],[101.16462998400004,6.013294025000164],[101.16540858500008,6.011808337000161],[101.16677848100011,6.01085484400005],[101.16828375900013,6.010178225000118],[101.16972147400014,6.01082003],[101.17132992000018,6.010109623000119],[101.17218713000005,6.008819722000055],[101.17342101300011,6.007727758000101],[101.17480247499998,6.006705259000171],[101.17488668000016,6.004743826000151],[101.17609920000007,6.003109561000031],[101.17781480000014,6.000118970000131],[101.17941706700009,5.999569620000159],[101.18118278800006,5.999397625000029],[101.18282925700015,5.998618709000084],[101.18432693300008,5.997886143000187],[101.18650300600007,5.997310197000161],[101.1885875480001,5.996849321000013],[101.19030702500015,5.996688777000088],[101.19239808300017,5.997156141],[101.19382366100012,5.997593394000035],[101.19569604900016,5.997993781000048],[101.19738408000012,5.99830340799997],[101.19887650700008,5.998522839000145],[101.20038043500017,5.998650168999973],[101.2024211820002,5.998533479000116],[101.203931781,5.997938667000085],[101.20533555100019,5.996886116000155],[101.20695772900007,5.995832084000142],[101.20870903300005,5.995315979000168],[101.21055627100014,5.995360477000133],[101.21202625700005,5.995614472999989],[101.21369148200012,5.995867088000011],[101.21521846200011,5.996120210000186],[101.21674905000015,5.996855296999968],[101.21827857300013,5.997452493000026],[101.22000619500005,5.998483936000184],[101.22142119300008,5.999093468000183],[101.22417081600014,6.002071054000169],[101.22419149600006,6.003696403999982],[101.22397179800015,6.005461726000021],[101.22484383600005,6.006742367000015],[101.22642162200003,6.006995280000069],[101.22816199400012,6.006985382000153],[101.22968533900013,6.006893859000115],[101.2314367640002,6.006964691000121],[101.23293787200004,6.006826899000089],[101.2344414740001,6.006321901999968],[101.23593554100017,6.005564381999989],[101.23704656000018,6.004000483000027],[101.2376650720002,6.002620567000065],[101.23748340900016,5.999592454000094],[101.2385401750002,5.998014667000177],[101.24000481200017,5.997512086000086],[101.241748498,5.997499846000096],[101.24659293000008,5.995780014000104],[101.24766145800004,5.996812917000057],[101.24856969200005,5.998247610000021],[101.25026940999999,5.998934973000132],[101.25177361500005,5.999002806000135],[101.25231400800004,5.998094720000154],[101.2528713750001,5.997430166000015],[101.25302143700009,5.997001422000096],[101.25299999900005,5.995993873000145],[101.25304287400013,5.995093510000174],[101.2528713750001,5.994128835000026],[101.25267844100011,5.993592903999968],[101.25212107300018,5.993142722000016],[101.25201972400004,5.992978030000074],[101.25177807800014,5.992585355000188],[101.25164945400013,5.991856489000099],[101.25182663600009,5.991324943000166],[101.25188526300019,5.991149060999987],[101.25231400800004,5.989927140000077],[101.25252838000006,5.989326898000172],[101.25218538400009,5.987997790000122],[101.25186382600015,5.986647245000029],[101.25188526300019,5.985896943000114],[101.25216394700016,5.984224839000149],[101.25242119400008,5.983174416],[101.25212107300018,5.981373689000122],[101.25160657900005,5.980258954000021],[101.2513707710001,5.979765898000096],[101.25098490100015,5.97925140500007],[101.25079196500019,5.97882266],[101.25087771400007,5.978436790000046],[101.25104921200005,5.978050920000101],[101.2514565190001,5.977793673000065],[101.25209963499998,5.977557864000175],[101.25231400800004,5.977214869000136],[101.25222825900016,5.976593189000027],[101.25231400800004,5.976014384],[101.2525712540002,5.975564202000044],[101.2528713750001,5.975156895],[101.25306431100006,5.974599528000169],[101.25284993800017,5.973870662000081],[101.2528070640002,5.973270420000176],[101.25355736699998,5.971362508000027],[101.25379317600004,5.970354957999973],[101.25441485500005,5.969068725000056],[101.25484360000013,5.96778249200014],[101.25490791100003,5.966903566000042],[101.2548864740001,5.965831705000085],[101.25493212200013,5.965352401000075],[101.25497222299998,5.964931342000114],[101.25518659500017,5.964459723000118],[101.25525803500005,5.964382329999978],[101.2557010880002,5.963902355000187],[101.25608695800014,5.962487498000087],[101.25647282800008,5.961201266000046],[101.25718025700007,5.958650237000086],[101.25760900100005,5.956163519000029],[101.25778620800003,5.955336552000119],[101.25793055900016,5.954662914000153],[101.25808539400009,5.954254713000012],[101.25840217800004,5.953419555000039],[101.2587022990001,5.952690690000054],[101.25874517300008,5.951897513000063],[101.25853080100012,5.951361582],[101.25850936400019,5.951104335000139],[101.25850936400019,5.950589842000113],[101.2591096070002,5.948553307000111],[101.25938829100016,5.947824441000023],[101.25966697400003,5.946966952000025],[101.25983847200001,5.946173775000034],[101.2600957190001,5.945680719000109],[101.26046015100002,5.945316286000036],[101.26095320700017,5.945187663000127],[101.261253328,5.944994728000097],[101.261424826,5.944651733000057],[101.261424826,5.944158676000029],[101.261424826,5.943129689000045],[101.26140338900012,5.94250801000004],[101.26140338800019,5.942186452000101],[101.26082458300016,5.941414711999983],[101.26033152800017,5.94019279000014],[101.26018146700005,5.939292427000169],[101.2601631660001,5.938432289000048],[101.26016003000018,5.938284878000047],[101.26024577900006,5.937491701000056],[101.26046015100002,5.937084394000181],[101.2611890170001,5.936569901000155],[101.26168207300009,5.936033970000096],[101.26236806300017,5.935026421000146],[101.26266818500011,5.933461504000093],[101.26282682600004,5.93307623200019],[101.26296830500007,5.932732638000175],[101.26337561300005,5.932046647000163],[101.26339705000015,5.931189159000098],[101.26345584000018,5.930307306000032],[101.2634613620001,5.930224484000121],[101.26371860800009,5.929409869000153],[101.26397585500013,5.928616692000162],[101.26423310100012,5.927844952000044],[101.26457609700009,5.927137524000159],[101.26477424300015,5.926991069],[101.26506915300018,5.92677309200019],[101.26545502300013,5.926408659000174],[101.26631251200013,5.924929490000068],[101.26650544699999,5.924264937000032],[101.26680556800005,5.923386011000161],[101.26749155900006,5.922228401000154],[101.26764161900007,5.921671034000099],[101.26770593100002,5.921177978000173],[101.26766305700005,5.920684921000145],[101.26725575000017,5.919913181000084],[101.26684844300013,5.919377251000128],[101.26648401000011,5.918691260000116],[101.26620532600015,5.918176767000091],[101.26620532600015,5.917769460000045],[101.2663553860001,5.917212092000113],[101.26682700500015,5.916547538000032],[101.26732006100008,5.915925858000094],[101.26794174100019,5.915454239000098],[101.26849910800001,5.915025495000123],[101.27014977400017,5.913482015000113],[101.27259361700015,5.911102483999969],[101.27415853500014,5.910052060000112],[101.27649519100004,5.908701515000189],[101.27921771800015,5.906557794000037],[101.28039676500009,5.904992876000051],[101.28084694600011,5.904328323000186],[101.28123281600006,5.903170713000179],[101.2815543750001,5.902098852000051],[101.28194024500004,5.901455736000116],[101.28271198500016,5.900491061000139],[101.2830335430001,5.900083753],[101.28348372500005,5.898904706000053],[101.28378384600012,5.897854283000129],[101.2839124690002,5.897211167000023],[101.28404109200005,5.896525175000079],[101.28428670900007,5.895701634999966],[101.28449127300013,5.895217505000062],[101.28476995800014,5.89478876000004],[101.28526301400012,5.894467202000101],[101.28577750700015,5.894338579000021],[101.28637774900005,5.89440289099997],[101.28699942900016,5.89476732300011],[101.28768542000017,5.895367565000072],[101.28841428500016,5.896225054000013],[101.28899309000019,5.896739547000038],[101.28963620700017,5.89723260300002],[101.29038650900009,5.897940032000179],[101.29068663000015,5.898411650000128],[101.29109393800007,5.899076204000039],[101.29137262200004,5.899890819],[101.29165130500013,5.900362437000126],[101.29270172900016,5.900962679999964],[101.2938807760001,5.901798731000156],[101.29435239500015,5.902206039000077],[101.29483110600006,5.902535818000104],[101.29531707000012,5.902870592000113],[101.29581012600005,5.903213587000153],[101.29647468000013,5.903299337000135],[101.29705348500016,5.903192150000052],[101.29757282900016,5.902970948000075],[101.298211095,5.902699094000127],[101.29924008000017,5.902184601000101],[101.29994750900016,5.902013104000048],[101.3005691890001,5.901863043000162],[101.3010622450002,5.902013103000115],[101.30166248600005,5.902270349999981],[101.30221985400016,5.902699094000127],[101.30284153300016,5.903599457000098],[101.30342033900007,5.90407107600015],[101.30464226000004,5.904885691000118],[101.30579987000004,5.906043300000078],[101.30710754100016,5.907586780000088],[101.3082437130002,5.908894450000105],[101.30886539200003,5.910073498000088],[101.30925126199998,5.911552666000091],[101.30974431800013,5.914060821000078],[101.31025881200003,5.915582863000054],[101.31111630000015,5.917962394000028],[101.31178085400006,5.919698809000067],[101.3129170270002,5.921735345],[101.31371020400019,5.92274289400018],[101.31518937200013,5.924179188000153],[101.31623979500012,5.925572608000152],[101.31705441000008,5.926087100000075],[101.31748315400006,5.926322910000067],[101.31784758700007,5.926623031000133],[101.31823345700008,5.926794529000119],[101.31885513700013,5.926987463999978],[101.31975549900005,5.927094649000082],[101.32033430500013,5.927373333000048],[101.32132041700004,5.928338009000072],[101.32219934200003,5.929431307000129],[101.32279958500004,5.930760414000076],[101.32320689100015,5.931853712000077],[101.32363563600018,5.932539704000021],[101.32472893500017,5.933825937000108],[101.32532917700007,5.934790612000086],[101.32571504700019,5.935476603000097],[101.32588654400007,5.936141156000133],[101.32588654500017,5.936762836000014],[101.32556498600013,5.937448827000026],[101.32532917600014,5.938177692000011],[101.32515767900009,5.939035181],[101.32490043200005,5.940235665000046],[101.32487899500012,5.941629085000045],[101.32490043200005,5.943558434000067],[101.32507193000004,5.94503760200007],[101.32524342700009,5.94632383600009],[101.32567217200011,5.947352822000141],[101.32674403300007,5.94926073400012],[101.3279445170001,5.950932838000085],[101.32878056900017,5.951575953999964],[101.32957374600016,5.952197633000026],[101.33023830000008,5.952669252000021],[101.33066704400005,5.95305512300007],[101.33096716500006,5.953483867000045],[101.33118153700008,5.953719676000105],[101.33120297500005,5.95429848100008],[101.33111722600017,5.954898723000042],[101.33070991900013,5.955327467000131],[101.33050448000006,5.955404507000139],[101.33002392800012,5.955584714000054],[101.32938081100008,5.955906273000096],[101.32897350400009,5.956313580000142],[101.3287376950002,5.956720886000085],[101.3287056480001,5.956784981000112],[101.32850188500004,5.95719250500008],[101.32813745300007,5.957771310000112],[101.32804894100002,5.957846709000023],[101.32755864800004,5.958264366000037],[101.32717277700004,5.958650235999983],[101.32694043100014,5.95897386300004],[101.32657253500008,5.959486288000107],[101.32597229300018,5.960858270000074],[101.32556498600013,5.961672884000166],[101.32556498600013,5.96244462500016],[101.32573648300018,5.963173489999974],[101.32625097700014,5.963752294000074],[101.32682978200017,5.964566909000098],[101.3273228380001,5.965167152000106],[101.3277944570001,5.966560570000127],[101.32777301900012,5.967375185000094],[101.32766583300014,5.968918665000103],[101.32770870800005,5.969240223000043],[101.32788020600003,5.97046214400018],[101.32805170400019,5.971191009000165],[101.32824463900005,5.971877001000053],[101.32828751200014,5.972541554000088],[101.32805170300009,5.973056047000114],[101.32783733100013,5.973420481000062],[101.32719421500019,5.974020722000091],[101.3267011590001,5.974449467000113],[101.32616522800004,5.974835337000059],[101.32580079600012,5.975178332000098],[101.32517911600019,5.976014384],[101.32464318600006,5.976893310000094],[101.32453152600004,5.977116630000069],[101.32415012900003,5.977879422000115],[101.32400006900008,5.978672599000106],[101.324171567,5.979615836999983],[101.32451882700019,5.980898771000113],[101.32494330700013,5.98246698700018],[101.32526486500007,5.983324476000178],[101.32535061400017,5.984096216000069],[101.32539348800015,5.98493226700009],[101.32535061400017,5.985768319000158],[101.32547923700002,5.986904492000065],[101.32535061400017,5.98767623100008],[101.32511480400018,5.988469408000071],[101.32522199000016,5.98887671600005],[101.32595085600008,5.989369772000146],[101.32635816300012,5.989927138999974],[101.32672259500009,5.990784628000142],[101.32693696800015,5.991706428000043],[101.32689409400012,5.993507155000088],[101.32702271700003,5.994621891000122],[101.32693696800015,5.995329319],[101.32700127900006,5.996465491000095],[101.327237089,5.998008971000047],[101.32697984300006,5.998909334000018],[101.32680156800012,5.999310452000032],[101.3264653490001,6.000066944000082],[101.32592941899998,6.000902995000047],[101.32552211200016,6.001331740000069],[101.32520055300006,6.001760485000148],[101.32522199000016,6.002617973000042],[101.32545780000015,6.00345402500011],[101.32595085600008,6.004375825000182],[101.32647506400014,6.005090655000174],[101.32665828400019,6.005340500000159],[101.32706559200011,6.005919304999964],[101.3273228380001,6.007205538000107],[101.327837332,6.009820879000017],[101.32807314100006,6.01164304200006],[101.32833652800014,6.012001250000026],[101.32860907100019,6.012371908000148],[101.32914500100014,6.012886402000106],[101.32987386700006,6.013851076000151],[101.33070991900013,6.014129760000117],[101.33148165800009,6.014387006999982],[101.33203902600002,6.014494193000189],[101.33255351900004,6.014279821],[101.33285941200006,6.014182491000156],[101.3330251380001,6.014129759000014],[101.33375400400018,6.014129760000117],[101.33411843700003,6.014708565000149],[101.33411843700003,6.015780425000173],[101.33431895800004,6.016702825000095],[101.33433280900005,6.016766538000127],[101.33434304600007,6.016775547000123],[101.33486873900011,6.017238157000179],[101.33551185500005,6.017988459000094],[101.33626215900017,6.018374330000142],[101.33741976800007,6.018567264000126],[101.33874887600012,6.018567264000126],[101.34012085800009,6.018588702000102],[101.34153571500019,6.019060320000051],[101.34181323900009,6.019545987000186],[101.34196445800006,6.019810623000069],[101.34250038900007,6.020260804999964],[101.3434007520001,6.020732424000187],[101.34410818100008,6.020925359000103],[101.34492849100008,6.020986882000102],[101.34496567000008,6.020989670000176],[101.34560878600013,6.020925359000103],[101.34644483700015,6.020882484000026],[101.34845993700009,6.021697098000061],[101.35004629100007,6.022383090000176],[101.35062509600004,6.022790396000119],[101.350925216,6.02332632700012],[101.35107527700012,6.024055193000038],[101.35103240200004,6.02476262100015],[101.35062509500017,6.025384300000155],[101.35043216000008,6.026327538000032],[101.3503249740001,6.027185026000097],[101.35056078300016,6.028214013000081],[101.35098952800018,6.029328749000115],[101.3511395880002,6.030486358000076],[101.35112230900006,6.031246663],[101.3511181510001,6.031429596000123],[101.35124677400017,6.032351397000127],[101.35163264500005,6.033166010000116],[101.3525973200002,6.033466131000125],[101.35369061800003,6.033509006000031],[101.35477530700018,6.03357944000004],[101.35534128300009,6.033616192000011],[101.35589865100002,6.033766253000124],[101.35652033000008,6.03417356000017],[101.35714201000013,6.035031049000111],[101.35859974100009,6.036853211999983],[101.35973591300012,6.037496329000021],[101.36044334200011,6.037753576000057],[101.3611722080002,6.038203757000076],[101.36142945400019,6.038503878000142],[101.36243700300014,6.038932623],[101.36290862200013,6.038889748000088],[101.36342311499999,6.038889748000088],[101.36400192000019,6.038932622000118],[101.36402335700012,6.039511427000093],[101.36383042200004,6.040068795000025],[101.36393760800001,6.040690475000133],[101.36458072500005,6.041162093000082],[101.36494515800007,6.041569400000128],[101.36548108900013,6.04180521000012],[101.36623139100004,6.042062457000156],[101.36685307000005,6.042319704000022],[101.36734612700008,6.042555511999979],[101.3677963080001,6.042855633000045],[101.36798924300018,6.043541625000159],[101.36822505200001,6.044141867000064],[101.36886816900005,6.04454917400011],[101.36929691400007,6.045192290000045],[101.36914685300019,6.045771095000077],[101.36884673200012,6.046285588999979],[101.3684179870001,6.047014453999964],[101.36828936400019,6.048043441000118],[101.36837511300013,6.048772306000103],[101.36856804800016,6.049522609000121],[101.36889535300014,6.05012812300015],[101.36899679200013,6.050315786000112],[101.36946841100013,6.050765967000132],[101.36960810700015,6.050806712000053],[101.36998290399998,6.050916028000017],[101.37041950800005,6.051003349000098],[101.37073320700017,6.05106608900013],[101.37120482500012,6.051023214000054],[101.37184454900012,6.05030094500006],[101.37186937900003,6.050272912000139],[101.37259824500012,6.049544046000051],[101.37280438600004,6.049413490000063],[101.37324136100005,6.049136739000176],[101.37334069700012,6.04908905800005],[101.37377729200006,6.04887949200014],[101.374163162,6.04875086900006],[101.37484915300018,6.048836618000109],[101.37581382800016,6.049050990000069],[101.37712149800018,6.049801293000087],[101.37755024300003,6.050294349000012],[101.37768545100005,6.050489649000042],[101.37774317800012,6.050573032999978],[101.37797898700018,6.051344772000164],[101.37819335900014,6.052009327000178],[101.37849348000003,6.052330884000071],[101.37881503900007,6.052502383000103],[101.37913659700001,6.052588131000107],[101.37952246700019,6.052459508000027],[101.3798225880002,6.051987888999975],[101.38001552300011,6.051194711999983],[101.38008814400018,6.050970797000048],[101.38027276900004,6.050401535],[101.38061576500019,6.049694106],[101.38091588600008,6.049329674000035],[101.3813446310001,6.048943804000089],[101.38168762600014,6.048900930000116],[101.38228786899998,6.049093864999975],[101.38317447499998,6.049238946],[101.38346691500004,6.049286800000061],[101.38419578100013,6.049222488000055],[101.38520333000008,6.04860080900005],[101.38588932100009,6.048086315000148],[101.38644799900015,6.047587495000073],[101.386489563,6.04755038400009],[101.38717555400018,6.04710020300007],[101.38786154500019,6.046950143000061],[101.3885260990001,6.047143078000147],[101.38895484300008,6.048386435999987],[101.38891196800017,6.049436860000071],[101.38863328500008,6.050294349000012],[101.38835460100012,6.051087526],[101.38824741500014,6.051644894000106],[101.38825831100019,6.051960875000077],[101.38826885200007,6.052266573000168],[101.38841891300012,6.052781065999966],[101.38886909400014,6.053081187000032],[101.3893407130002,6.053016876000129],[101.38977901900006,6.052654797000116],[101.38983376900012,6.052609569000083],[101.3902410770001,6.052330884000071],[101.3908198810002,6.052416633000121],[101.39101281700016,6.053016876000129],[101.39116685800002,6.053684390000114],[101.39120575100014,6.05385292700015],[101.3915307420001,6.054086920000032],[101.39159278900019,6.054131595000115],[101.39174168200014,6.054238797000096],[101.39232048700018,6.05430310800017],[101.39285641700013,6.053874365000127],[101.39332803600013,6.053231248000088],[101.39375678100004,6.052480945000127],[101.3938631210001,6.052285986000072],[101.39401402700014,6.052009326000075],[101.39427127300013,6.051666331000035],[101.3946142690001,6.051602019000029],[101.3951073250002,6.051580582000156],[101.39530026000011,6.052030764000108],[101.39551463300018,6.052738192000163],[101.3960291260002,6.053209811000045],[101.39629539200018,6.053302693999967],[101.39695092600005,6.053531369000154],[101.39782985200014,6.053531369000154],[101.39855871700013,6.053209810000112],[101.39893749600014,6.052902053000139],[101.39924470900007,6.052652443000113],[101.39984495100015,6.052137950000088],[101.4002522580002,6.052137950000088],[101.40061669100004,6.052352322000047],[101.40093824900003,6.052781065999966],[101.4007881890002,6.053574243000185],[101.40077737400014,6.053613897000048],[101.40053094200016,6.054517481000062],[101.40046663000015,6.055182035000144],[101.40068100200011,6.055632216000163],[101.40113118400006,6.055868026000155],[101.4018155490001,6.055973313000038],[101.40261035200007,6.056189584000094],[101.40323203100007,6.056918449000079],[101.4040466460001,6.057668752000097],[101.40453970200019,6.057968873000164],[101.40507563200015,6.058118934000049],[101.40576162300016,6.058097496000073],[101.40602679200015,6.057916700000021],[101.40623324200016,6.057775938000077],[101.40683348400012,6.056918449000079],[101.4075623490001,6.055868026000155],[101.40784108000014,6.055547433000186],[101.40789897700006,6.05548084100019],[101.40815246800014,6.055318607000061],[101.40856819400011,6.055136093000044],[101.40895350000017,6.05485218400014],[101.40928810800017,6.054588553000087],[101.40973425300001,6.054355340000029]]]}},{"type":"Feature","properties":{"districtCode":"TH9503","provinceCode":"TH-95","nameTh":"อำเภอบันนังสตา","shapeName":"Bannang Sata","shapeISO":"TH9503","shapeID":"TH9503","shapeGroup":"THA","shapeType":"ADM2","labelPoint":[101.25300457,6.26086622]},"geometry":{"type":"Polygon","coordinates":[[[101.31664207500017,6.391034947000094],[101.3182740430002,6.39053047900012],[101.3202255600001,6.390752711000061],[101.32178777500013,6.390801046000036],[101.32367054700012,6.391184630000168],[101.3256128750001,6.391734686],[101.32634749800002,6.39048611100003],[101.32745308000005,6.389082915000074],[101.32835112600009,6.387748412000064],[101.32926159200008,6.386033667000049],[101.33035492700003,6.38492938100012],[101.33199878300019,6.38392989700003],[101.3332752230001,6.383102709000184],[101.33514947300011,6.381988665],[101.3366898070002,6.381081164000136],[101.33813854000005,6.380277475000184],[101.33964456100006,6.379404598000178],[101.34120783400016,6.378704349000031],[101.34261052400007,6.377831381000135],[101.34458739700011,6.376947311000151],[101.34613754400004,6.376961733000087],[101.34780340700013,6.376973919000022],[101.34783731700009,6.376975466999966],[101.34943387200008,6.377024094000035],[101.35099672000007,6.376358854000046],[101.35342113700005,6.375671564000186],[101.35521302200004,6.375455503000182],[101.35655921800009,6.374213871000109],[101.35606935000004,6.372047345000112],[101.35616392900016,6.3705041],[101.35630492600018,6.368857872999968],[101.35615861700006,6.367106690000128],[101.35544943800011,6.36563153600008],[101.355016067,6.363960785000131],[101.35480208000018,6.361737653000091],[101.35475962600003,6.360101807000092],[101.3551535260001,6.358064014000149],[101.35632779200012,6.356649205000053],[101.35783294800012,6.355983639000044],[101.35933791900004,6.355893735000052],[101.3609457890002,6.355827084000168],[101.36300147300011,6.355657835000102],[101.3645180260001,6.355383676000031],[101.36629892400003,6.354764292000141],[101.3680453400001,6.354133765000086],[101.3695055570002,6.353398878000121],[101.37066745900006,6.352133794999986],[101.37242592600018,6.351180636000095],[101.37402470600011,6.350008468999988],[101.37452127800015,6.34833911200019],[101.37547702000018,6.346820182999977],[101.37595107200013,6.345162255000162],[101.37589692800015,6.344433202000118],[101.37558685900012,6.343307638000056],[101.37721885600007,6.34260753600006],[101.37945987700016,6.341620532000093],[101.38102397400013,6.340528711000104],[101.3826101840001,6.339459959000123],[101.38432241100014,6.338783218000174],[101.3854622670001,6.337276434000046],[101.38779984700005,6.33556473800013],[101.38807349700016,6.334786722000104],[101.3881793290002,6.333732694999981],[101.38811967800018,6.332789541000125],[101.38805794500013,6.331402984000079],[101.3881630090001,6.330182293000064],[101.38876409900007,6.328293289999976],[101.38964269600007,6.32645895700017],[101.3911341330001,6.325175952000166],[101.39240464800014,6.324227271000098],[101.39351150500016,6.323778167000057],[101.39483816900014,6.322884574000113],[101.39555552800005,6.322215801000084],[101.39738648800005,6.320608130000039],[101.39869762200016,6.319534375000103],[101.39936967500006,6.318712766999965],[101.39975665700013,6.317785662000119],[101.39999661600018,6.315827148000039],[101.39998579600018,6.313478874000111],[101.39979797600006,6.311308790000112],[101.39939720500007,6.309246481000116],[101.39878469100017,6.307541011000069],[101.3976371650001,6.305517721000172],[101.3964932930001,6.304277348000085],[101.39488570100013,6.302754438000022],[101.39388422700006,6.301548979000074],[101.3936311810001,6.300660427000082],[101.39362791700017,6.299948625000127],[101.39399286600008,6.298644294000155],[101.39458844600017,6.296906163000131],[101.3953304900001,6.295099571000037],[101.39547516600015,6.293897330000107],[101.3953938640002,6.292545333000078],[101.39530950400012,6.290517656000077],[101.39499470700014,6.287364103000016],[101.39498886100017,6.286086872000112],[101.39543527000006,6.285183240000151],[101.39625809100005,6.284503264000023],[101.3973816190001,6.283897619000072],[101.3987298610001,6.283290388000012],[101.39917794600012,6.282762409000156],[101.39962468300007,6.281933882000033],[101.39976866600017,6.280580853000117],[101.39968323900007,6.278327845000035],[101.3997528450002,6.277125393],[101.40012379400002,6.276147543000093],[101.40064628800013,6.275468950000175],[101.40154454400016,6.274863778000054],[101.40229068800011,6.273958727000036],[101.40266162100016,6.272980878],[101.40273119400013,6.271778429999983],[101.40265336800007,6.271177736000027],[101.40219907000017,6.270353349000118],[101.40114162300017,6.26885615599997],[101.40046174100019,6.267957637000166],[101.40015556200018,6.266681788000028],[101.40007432000004,6.265330347000031],[101.4004401110002,6.263224954000179],[101.40065882800008,6.261797018000152],[101.40102462800013,6.25969162500013],[101.40079184500019,6.25804033999998],[101.40003315799999,6.256315740000105],[101.39897755900017,6.255344410000077],[101.39789462100009,6.254810423000038],[101.39733213700009,6.254392126000141],[101.39699344100012,6.254028754000103],[101.39679575100013,6.253637039000068],[101.39673686600014,6.253104037000071],[101.39676228200011,6.252486475000126],[101.39690027100005,6.2520367300001],[101.39712239100015,6.251474758000143],[101.39720380200004,6.250885191000123],[101.39715981100005,6.250275306000049],[101.39692801400014,6.249703560000171],[101.39650543000016,6.249132647000067],[101.39604569000011,6.248714471000142],[101.39558577900016,6.248258420000127],[101.3953925240001,6.247724894000044],[101.39535173100018,6.247190107000108],[101.39534999400013,6.246808237000153],[101.39511805300003,6.246083966000185],[101.39503990700013,6.245778699000027],[101.39515291900005,6.245434141000146],[101.39655891200016,6.244014906000018],[101.39709016900014,6.243401259000166],[101.39739365600008,6.242980154],[101.39777435600018,6.242787470000053],[101.39819401700015,6.24270929700009],[101.39953032800014,6.242855729000155],[101.40006435800012,6.242853294000042],[101.40044544400018,6.24273686500004],[101.40189131300019,6.241775590000032],[101.40295487800017,6.240662974000145],[101.40325818200006,6.240203446000123],[101.4033706680001,6.239744789000099],[101.4033298700001,6.239210014000037],[101.40317501300018,6.238676312999985],[101.40267531700005,6.237914831000069],[101.40194578300009,6.237001320000047],[101.40140898000016,6.236393092000185],[101.40090950500013,6.235669480000183],[101.40048657500012,6.234907651000128],[101.39979332800004,6.233535815000096],[101.3992547680001,6.23265981000003],[101.39844426200017,6.23142746000002],[101.39760529600005,6.230796346000034],[101.39722039900005,6.230072204000123],[101.39706468400004,6.229347583000163],[101.39706035800003,6.228392880000115],[101.39705619800009,6.227476051],[101.39686074200006,6.226445996000166],[101.39662792600018,6.225644892000105],[101.39612791399998,6.224807148000082],[101.39451649700015,6.222866611000029],[101.39386566600007,6.222373027],[101.39310036700005,6.222033051000153],[101.39191656200006,6.221771183000158],[101.39084677700009,6.221508279999966],[101.39008168800012,6.221091982000189],[101.38828345200005,6.22014543500012],[101.38732616700014,6.219423829000107],[101.38667466500004,6.218777693999982],[101.38613785600012,6.218283580000161],[101.3850285540002,6.217639475000055],[101.38380459200016,6.217110030000015],[101.38242964500017,6.216772774000049],[101.38074719800017,6.216092851000155],[101.37859050200007,6.214366741000163],[101.37795511300016,6.214691979000065],[101.37722668900011,6.214008336000063],[101.37588578300017,6.212830274000112],[101.37508255800009,6.212337340000033],[101.3746610620002,6.211995733000094],[101.37412389500008,6.211424782],[101.37358817700016,6.211045299000148],[101.37309064900018,6.210742460000063],[101.37228739200009,6.210364177000088],[101.37186641300013,6.210022050000134],[101.37136802900011,6.209527701000184],[101.37117498900011,6.209031976000119],[101.37113406800006,6.208459349000066],[101.371246761,6.208039123000106],[101.37151224200005,6.207693884000037],[101.37231156500019,6.207193747000133],[101.37310989300016,6.206464796000148],[101.37477991100013,6.20450947900008],[101.37595486000009,6.202671079000027],[101.376712559,6.201445756000169],[101.37693796700017,6.200604144000181],[101.37701109100004,6.199916313000188],[101.37712292300006,6.199305127000059],[101.3773493180002,6.198807527000099],[101.3779952180002,6.198078735000024],[101.37860298800018,6.197541586000114],[101.37909643900008,6.196928133000029],[101.37977825700017,6.195779419000019],[101.38019340700009,6.194708164000133],[101.38022834400005,6.194058928000061],[101.38045374900014,6.193217880000077],[101.38083241600009,6.192566554000052],[101.38125030300012,6.192106525999975],[101.38227550400012,6.190994658000022],[101.38330014900009,6.189767587000176],[101.38371632000013,6.188925719000167],[101.38375249400013,6.188428977000058],[101.38375009800012,6.187894570000026],[101.38344113000011,6.187093799000081],[101.38343907600012,6.18663565200012],[101.38351339800005,6.186215007000044],[101.38374120000009,6.185908367000081],[101.38484272000011,6.184834040000112],[101.38548681000009,6.183838054000091],[101.38586418000006,6.182766976000096],[101.38608761500018,6.181620320000093],[101.38608620900004,6.177905447000114],[101.38589096100003,6.171730118000141],[101.38600193200006,6.170927427000095],[101.3860752290002,6.170278025000187],[101.38645285700017,6.169397872000104],[101.38671810900007,6.169014831000084],[101.38675531200005,6.168747441],[101.38663883900011,6.168327688000034],[101.38659824900014,6.167831293000063],[101.38674915899998,6.167372461000127],[101.3875847160001,6.166528136000125],[101.38891638100006,6.165682133000075],[101.38956250600017,6.165144854000118],[101.390435765,6.164147783000089],[101.39089082800012,6.163419845000078],[101.39153591700011,6.162653185000067],[101.39206747300005,6.162116394000179],[101.39259958899999,6.161579035000045],[101.39309231200019,6.16081305400013],[101.39350962000009,6.160353079],[101.39390588999998,6.159855831000073],[101.39137146899998,6.159829957000056],[101.38964239900014,6.159032100000047],[101.38791016700014,6.157890280000061],[101.38655860300003,6.156939339000189],[101.3847010880001,6.155936454000084],[101.38293180800008,6.155724635000013],[101.38100268700009,6.155628729000114],[101.37943812700013,6.155254375000027],[101.37768555400015,6.154365092000091],[101.37665201000004,6.153078272000187],[101.37594952600006,6.151604720000137],[101.37486016400015,6.150455984000132],[101.3731280360002,6.149336670000025],[101.37281603100018,6.149112663999972],[101.36840053500009,6.151029818000154],[101.36355228800011,6.153261298000075],[101.35913623900007,6.153280827000174],[101.35516151300016,6.15329837500019],[101.35163456500004,6.154640342000107],[101.34723202000015,6.157753278000087],[101.34459559300007,6.160859026000026],[101.34150411600018,6.16087260300003],[101.33487401400015,6.159575750000101],[101.32824390600007,6.15827882800005],[101.3220494250001,6.155653428999983],[101.31838736800006,6.152424305000181],[101.31804780200008,6.149483032999967],[101.31758916300004,6.145506683000121],[101.31581865200019,6.144630217000099],[101.31138917900006,6.141555193000045],[101.30518733600019,6.137161805000176],[101.30341256500014,6.136023143999978],[101.29838005900012,6.133504253000069],[101.29626991500015,6.131389292000108],[101.2952403810001,6.130674520000127],[101.29377656200018,6.130565913000112],[101.29070766400014,6.130866235999974],[101.28632311200005,6.131864543000063],[101.27867157000009,6.132855087000166],[101.27249060300016,6.133323158000053],[101.26806879100002,6.132015906999982],[101.2624136720001,6.130413227000076],[101.2631306780001,6.134623767000107],[101.2649993490001,6.139700289000075],[101.26621745100016,6.141213935000053],[101.26644885000002,6.141501473000062],[101.26864051100011,6.144224846000043],[101.27060440000014,6.147662470000057],[101.27124518000005,6.149429947000044],[101.2716203720002,6.150811507000128],[101.272240974,6.153096707000032],[101.27229980600009,6.15331333600011],[101.27339851100015,6.154233459000125],[101.27341698000015,6.154248926000037],[101.27377894400007,6.155897607000156],[101.27375396300005,6.155973693000021],[101.27365460400011,6.156276313000035],[101.27364442200013,6.156574313000021],[101.27396265700008,6.156995412000128],[101.27523010100015,6.158326701000021],[101.27591200400019,6.159977939000044],[101.27609692300013,6.161355604999983],[101.27590739500005,6.16212834900017],[101.27555059900004,6.162433132999979],[101.27482053000011,6.16240868],[101.27386915900018,6.162164617000144],[101.2726705230001,6.162073237000072],[101.27162397500001,6.162119051000104],[101.27052391700016,6.162537277000069],[101.26946541000007,6.163010462000045],[101.26913779400013,6.163701087999982],[101.2692855430002,6.166057628000146],[101.26933231400005,6.167339398000138],[101.2690517040001,6.169366932],[101.26822692200005,6.172982017000095],[101.2680503950001,6.173575508000056],[101.26752819300009,6.173853426000164],[101.26677202400015,6.174173696000025],[101.2663618810002,6.174892244000148],[101.2661318420001,6.175858149000021],[101.26604528300015,6.178174336999973],[101.26585047700019,6.180945881000184],[101.26567512100007,6.181815061000123],[101.26504875500012,6.183235194000133],[101.26403965399999,6.184875052000109],[101.26334325800013,6.186153808000029],[101.26305075700014,6.187392951000163],[101.26266380600003,6.1879677],[101.26154436900003,6.188660190000121],[101.26081441800011,6.189373943000135],[101.26054316100016,6.190223289000016],[101.26039013500014,6.19194324200015],[101.26050973500008,6.193134781000083],[101.26041089800015,6.194165551000083],[101.2599165100001,6.195165727000074],[101.25977233600008,6.19643888000013],[101.25987896700008,6.198060289000125],[101.26010856000016,6.199281944],[101.26063755300015,6.200552225000081],[101.2613904050001,6.201696789999971],[101.2619409310002,6.202168522000136],[101.26339029200011,6.202935832000037],[101.26406612000005,6.203556734000074],[101.2645680650001,6.204328090000104],[101.26519669900006,6.205572982999968],[101.26542428600015,6.206320558000129],[101.26507918100015,6.207245245000138],[101.26505143500015,6.208796774000177],[101.26534123600004,6.209731599000179],[101.26555687300004,6.211550804000126],[101.26540654400014,6.212851539000042],[101.26538901700019,6.214827752000019],[101.26567031299999,6.215558603000034],[101.26046960000019,6.214709010000149],[101.25560370700003,6.212961446000179],[101.25030891800009,6.214309965000098],[101.24854004800011,6.213875700000131],[101.24588392700014,6.212560427000085],[101.24587269,6.209908535000068],[101.24585583300012,6.20593007400015],[101.2436398970001,6.204171676000101],[101.24010840300014,6.204628450000087],[101.23702577100016,6.206851637999989],[101.2321692590001,6.207313964000036],[101.2264249540001,6.206896320000169],[101.22421460300012,6.206463812000038],[101.22023173500008,6.204712143000165],[101.21536778700016,6.203406484000027],[101.20564850900013,6.203004678000013],[101.19858836600014,6.204802433000168],[101.19677616100017,6.204809953999984],[101.19372984000012,6.204822579000052],[101.18886349100006,6.203074291000178],[101.18355384000012,6.200885972000037],[101.17930515400013,6.199417517000143],[101.17824639800011,6.199219581000079],[101.17646522900009,6.19895571100011],[101.1742709610001,6.198582777000183],[101.17299109300006,6.19843661699997],[101.17237599700013,6.198366227],[101.17039105600014,6.198242723000078],[101.16848386700013,6.197934677000035],[101.16658404200007,6.197362782000027],[101.16468727300008,6.196985769000037],[101.16153622500013,6.196234144000073],[101.16008361000013,6.195679606000056],[101.15908891400005,6.194165475999966],[101.157964499,6.192401039000117],[101.1550413010001,6.190751251000052],[101.15172864700008,6.189956179000148],[101.15026626600013,6.190331055000058],[101.14869796200009,6.190477518000023],[101.14717081700007,6.190336806000118],[101.14534846200002,6.189499485],[101.14330820100008,6.188676587000145],[101.14163116300006,6.188457332000041],[101.13979617500007,6.188423479000164],[101.13643448300013,6.188203111000064],[101.13460427100006,6.187664112000107],[101.13129564200011,6.184630317000028],[101.12940117300013,6.182703317000119],[101.12720967200005,6.181744746999982],[101.12414624000007,6.181566041000167],[101.1220178750001,6.182706852000138],[101.12005723500005,6.184419890000129],[101.11845888700014,6.186393645000066],[101.11847416500018,6.186402619000091],[101.12063887200014,6.187717246999966],[101.12175765400019,6.188941691000025],[101.12253269900009,6.189910414000167],[101.12276273700013,6.190395384000169],[101.12305057900011,6.190937224000038],[101.12348111700004,6.191449681999984],[101.12396813700019,6.191819505000126],[101.12459694400007,6.191931110000041],[101.12519663400013,6.191957556000091],[101.12576806000015,6.192126450000046],[101.12619807100015,6.192496494000125],[101.12642797800004,6.192809730000079],[101.12654430300017,6.193381056000078],[101.12643335300004,6.194152738000184],[101.12612160500004,6.19483990700013],[101.12552596200004,6.195814110000128],[101.12453179400018,6.197104099000057],[101.12382025700003,6.197764025000083],[101.123365025,6.198137656000029],[101.12313796700005,6.198538592000148],[101.12305489500011,6.199081907999982],[101.12305752600008,6.199739564000026],[101.12306015000013,6.200396673000171],[101.12283343600018,6.200883507000128],[101.1224353240001,6.201285119000147],[101.12186512300008,6.201573308999969],[101.12123764700004,6.201661128000069],[101.12066652900006,6.201721036000038],[101.11983992400013,6.202124364000042],[101.11858727900011,6.203015331000131],[101.11793145300004,6.203360911000118],[101.11730369500015,6.203506351000044],[101.11656102900014,6.20345170700017],[101.11604694100009,6.203368444000091],[101.11539020300012,6.203485223000087],[101.11504879600017,6.203800706000152],[101.11487919199999,6.204173190000063],[101.11485268300004,6.204745064000122],[101.11499743900009,6.205229858000109],[101.11528539700015,6.205800514000089],[101.11543053400015,6.206371694000097],[101.11548937500015,6.206828577000124],[101.11571986500019,6.207284745000038],[101.11690163100008,6.208582408000041],[101.11732548600008,6.208964923000167],[101.11761287700017,6.209392042000047],[101.11786103800017,6.210038580000059],[101.11862494100006,6.212588807000145],[101.11723459800004,6.214766301],[101.11680814200008,6.215282712000032],[101.11629598600018,6.215684827000132],[101.11589783300019,6.216086436000069],[101.11552873900018,6.216687974000138],[101.11530313900016,6.217317735000108],[101.11519140300015,6.21803292200002],[101.11539421900005,6.218775091000055],[101.11556883700013,6.219517414000109],[101.11577134700019,6.220173716000033],[101.11577420600014,6.220888434000017],[101.11557683900008,6.221518092000053],[101.11532164700009,6.22194738900015],[101.11503676000007,6.222148558000185],[101.11478024600018,6.222235462000128],[101.1142942150002,6.222123278000083],[101.11366582200014,6.222125794000078],[101.113181054,6.222327766000092],[101.11286804900016,6.222557264000102],[101.11272636400003,6.222843733000047],[101.11278543500003,6.223358237000184],[101.11293070300019,6.223957706000135],[101.113136134,6.22535699000008],[101.11313910700017,6.226100553000094],[101.1131120390001,6.226528940000094],[101.11282794400012,6.226930107000157],[101.11231542800016,6.227246867000076],[101.1114885180001,6.22759314000001],[101.11091906500019,6.227938382000161],[101.11054939100012,6.228396978000092],[101.11035179000004,6.228969567000149],[101.11026952200018,6.229855819000079],[101.11024505699999,6.230798938000078],[101.11013411500005,6.231713587000172],[101.10976636499998,6.232515702000171],[101.1091974840001,6.233146254000133],[101.108409677,6.234096383000121],[101.10740844700013,6.235754216000089],[101.10564407900017,6.237333155000044],[101.10518970800013,6.237934991000145],[101.10490686300011,6.238650897000014],[101.10485189300016,6.239165266000043],[101.10493991100014,6.239707913000075],[101.10522739500016,6.240164442000093],[101.10646183900013,6.241759604000094],[101.1069508550001,6.242615356000044],[101.10718099300016,6.243128621000153],[101.10729791500006,6.243699961000175],[101.10744179300008,6.244099404999986],[101.10861888900013,6.245609513999966],[101.10925062400008,6.246435289000033],[101.1097674130001,6.247033827000166],[101.11013947800006,6.247317675000033],[101.11065489200007,6.247573262000117],[101.11108423900015,6.247914493],[101.11137223500003,6.248484586000188],[101.11145991700016,6.248941876],[101.11166194700019,6.2494840600001],[101.11203001200016,6.250025015],[101.11209464500007,6.250511209000081],[101.11206723900011,6.250854282000148],[101.11195486700007,6.251283004000072],[101.11158461300016,6.251599247000058],[101.11121422800016,6.251743666000039],[101.1107859220001,6.251802444000077],[101.11026504500006,6.251735623000172],[101.1069323260001,6.252389150000113],[101.10655646100014,6.252569765999965],[101.10614719600017,6.252885003000017],[101.10572740400005,6.253232465],[101.10538269000011,6.253449686000124],[101.10505950800001,6.25353740700001],[101.10447652400012,6.253615463000074],[101.10374065200017,6.253715616000136],[101.10325709700004,6.253803976000142],[101.10268568500015,6.253946975000133],[101.10228679500005,6.254164371],[101.102001185,6.254476860000011],[101.10152680100003,6.255443259000174],[101.10311864000005,6.256457299000033],[101.10387350400015,6.258132959000136],[101.10470848200009,6.259935414000154],[101.1061283190001,6.262688126000171],[101.10727310200002,6.263306766000028],[101.10882317900013,6.264184796],[101.11037362400009,6.265283726000177],[101.11126529100005,6.267269561999967],[101.11149495000012,6.269479008000189],[101.111943307,6.271024754000166],[101.11327297300005,6.272124587000121],[101.11570445100017,6.272556612000074],[101.11813199700009,6.271884026000066],[101.12055989900011,6.271431825000036],[101.12232187600011,6.270098580000081],[101.12342005600004,6.268546593000053],[101.12429512200015,6.266554203000055],[101.12650005500007,6.265440075000015],[101.12914957599997,6.265207860000089],[101.13047748800011,6.265865803000111],[101.13158818400018,6.267408304000071],[101.13181882400005,6.269839138000123],[101.13116636400008,6.272273048000102],[101.13136229100019,6.273792115000106],[101.13149693400004,6.274141861000089],[101.13241216000011,6.275920761000179],[101.13408481300007,6.277069933000064],[101.13641121800009,6.278184815000088],[101.13892070400004,6.279047515000059],[101.14131570600017,6.280093726000018],[101.14348064200004,6.28189684],[101.14515274799999,6.283860740000137],[101.1462178430001,6.285134954000057],[101.14811855300019,6.287351017],[101.14918334600009,6.288556862000064],[101.15107433300011,6.289499410000019],[101.15351557300016,6.289960014000144],[101.15514304200008,6.290397386000109],[101.1574354620002,6.291328652000061],[101.1597166300001,6.29130738200007],[101.16203265100017,6.291114182000058],[101.163833066,6.290232094000089],[101.16642510600008,6.289201541000182],[101.16894798800013,6.288515366000183],[101.17044971799999,6.288045802000056],[101.17272155800003,6.286062839000181],[101.1748660130001,6.285628516000031],[101.1764021210002,6.285147510000058],[101.17806523100012,6.284116261000065],[101.17877161400003,6.283848348],[101.17992190500013,6.284007956000096],[101.1816910610001,6.284442979000119],[101.18204165700018,6.28470252600016],[101.1828000930002,6.285543436000125],[101.18280746700009,6.287311306],[101.18392203500014,6.28973833800012],[101.18725570100008,6.294586692000166],[101.18991634400004,6.297006697000086],[101.19102820800003,6.298770443000024],[101.191477759,6.300536963000184],[101.1934825940001,6.304506606000075],[101.19548654400018,6.308255885000051],[101.19659752500013,6.309798145000116],[101.20058727500003,6.313096615000177],[101.20435871700016,6.31683838400005],[101.20902837100016,6.324112485],[101.2130282980001,6.329620965000174],[101.21413656300007,6.330500401000108],[101.21590681900017,6.331155579000097],[101.2172396410001,6.332918267000139],[101.21857250900007,6.334680946000049],[101.22056451200018,6.33555661600019],[101.2225602970002,6.337315886000113],[101.22449579700009,6.339235836000171],[101.22444639399998,6.339297069000168],[101.22617905300012,6.340926934000095],[101.22714425600009,6.339901902000179],[101.2286683480001,6.338853509000046],[101.23024106100013,6.337941691000083],[101.2320420440002,6.336542954000095],[101.23336165700005,6.334696604000101],[101.23493358300004,6.332953685],[101.23695314200006,6.330912791000117],[101.23845560600006,6.329571307000151],[101.24014209600017,6.327954414000033],[101.24187444500006,6.326624936000144],[101.24351476900006,6.32518000500005],[101.24451309300008,6.323998863000043],[101.24540805400011,6.322680330000082],[101.2468078820001,6.321637011000178],[101.25314081200008,6.325089220999985],[101.25463316900004,6.325334157000043],[101.2562639160002,6.32533666300003],[101.25776842700009,6.325132415000041],[101.25937694900011,6.324824296000031],[101.26099695800013,6.324435338000171],[101.26149363100012,6.322950127000126],[101.26181814400007,6.321488332000058],[101.26300335900015,6.320315398000162],[101.26288044900008,6.318667936000111],[101.26265494500012,6.316675149000162],[101.2632575500001,6.314234158999966],[101.26403046200011,6.312392419],[101.26522829800012,6.310747738000089],[101.26632338000013,6.308722661000104],[101.26744022200018,6.307296367000049],[101.269106556,6.306792500000029],[101.270829499,6.306461285000069],[101.27224386800009,6.305669261999981],[101.27368039300018,6.304911618000176],[101.27566832100018,6.304362267000101],[101.27746084900019,6.303927919000046],[101.27925218000013,6.303873174000046],[101.2806054190001,6.304739563000055],[101.28221339000004,6.304454579000094],[101.2838473110001,6.30287909700013],[101.28542330900012,6.301615164000111],[101.28668811500017,6.300592182],[101.2881312250002,6.29970021000014],[101.28911059800015,6.299148889000037],[101.29068434600015,6.298654897000063],[101.291594277,6.298534955999969],[101.29344194700013,6.298480777],[101.29433496000001,6.298174171000085],[101.29476127900006,6.297915677000162],[101.29526529200007,6.297380476],[101.29612368500017,6.296679220999977],[101.29731171700001,6.296167329000127],[101.29867220900019,6.296143188000144],[101.29879123300009,6.29614107600014],[101.29945569700016,6.296203947000095],[101.29992383900014,6.296484823000071],[101.30025391400005,6.29677289],[101.30053844900004,6.297173016000102],[101.3006981850001,6.297606587000189],[101.30062327200005,6.298514958999988],[101.30025351100011,6.299668083000029],[101.29904592900016,6.301713207000148],[101.29799537800005,6.303579974000115],[101.29708601900018,6.304656519000105],[101.29587737700018,6.305354650000083],[101.2956432430002,6.305520981000086],[101.29521479900006,6.305929653000135],[101.29475802100012,6.306621502999974],[101.29469481700005,6.306692930000111],[101.2941973230001,6.307255190000092],[101.29216486700017,6.308665677000022],[101.29027007200017,6.309976856000048],[101.289832896,6.310464011000136],[101.28983545900013,6.311047448000181],[101.28983828800011,6.311693185000081],[101.28981510100004,6.311815922000164],[101.28978133200019,6.312426069000139],[101.28938353000018,6.313300167000136],[101.28901709900015,6.313564777000181],[101.28849932700007,6.313838246000159],[101.28681141700008,6.314281841000025],[101.28618021200015,6.314431640000066],[101.28547577000012,6.314367047000133],[101.28494849100008,6.314129812000147],[101.28454189500002,6.313988096000116],[101.28415920500015,6.31401409200015],[101.28351486800005,6.314255878999973],[101.28294309000017,6.314688877000094],[101.28239722200016,6.315623995000067],[101.28225663200004,6.316270356000132],[101.28212147800008,6.318160179000074],[101.28210289800012,6.319332534000011],[101.28249052500013,6.320550540000056],[101.28307050000006,6.321983000000102],[101.28367187000009,6.322769577000088],[101.28420053000013,6.323436738000169],[101.28495468900007,6.326351412000065],[101.28517319700006,6.327115935],[101.28503197700007,6.327618789000041],[101.28486563100017,6.327930238000135],[101.28486752400005,6.328360750000058],[101.28510978500015,6.329005431000041],[101.28568767000007,6.329959345000077],[101.28640793500006,6.330673643000011],[101.28698232300019,6.330838905],[101.2876997520001,6.330907496000123],[101.28851367500005,6.331214624000097],[101.2893766050002,6.331761074000042],[101.29047976800007,6.332617217000063],[101.29132172300001,6.333785216000024],[101.29209401200006,6.335408292000182],[101.29228931500018,6.336411898999984],[101.2922447270002,6.337057800000082],[101.2919611320001,6.337800291000121],[101.29155723900016,6.338399794000054],[101.2914656010002,6.339261166000085],[101.29173283900013,6.340312479000147],[101.29238591800004,6.342055298],[101.29270435000012,6.343704106000189],[101.29263707500013,6.344708873000116],[101.29242573500005,6.345570814000098],[101.29235771800006,6.346408347000022],[101.29209745700007,6.347055248000174],[101.29174123900009,6.347582787000022],[101.29136051500006,6.347943204000103],[101.29066767000018,6.348066046000156],[101.28973537900004,6.348070171000018],[101.28884975300014,6.347763372000145],[101.28822552300016,6.347192143000029],[101.28786443600006,6.34661974200003],[101.28764738200005,6.346190221000086],[101.28764548700013,6.345759706000081],[101.28771498600014,6.345257156000059],[101.28799869300008,6.344538442000101],[101.2878995580001,6.343701608000174],[101.28768019000006,6.342746120000129],[101.28755794400007,6.342172667000057],[101.28710217300011,6.341767926000045],[101.2867428890001,6.341602274000024],[101.28645584300011,6.341555517000131],[101.2861690900001,6.341580515000089],[101.28612351400005,6.342130977000124],[101.28583984700015,6.342849728000033],[101.28536787200005,6.344286769000178],[101.28551678100007,6.345529586000055],[101.28592811200008,6.346604000000127],[101.2862181100001,6.347320192000097],[101.28615145500015,6.348468470000057],[101.28646538800012,6.349232603000132],[101.28713740800009,6.349755603000062],[101.28778525100017,6.350303005000058],[101.28826402200008,6.350539846],[101.28855311600017,6.35104080300016],[101.28877065700016,6.351590097000155],[101.2891555290002,6.35204260900008],[101.29023344900003,6.352540119000025],[101.2915988360001,6.353179779000016],[101.29255756800006,6.353797540000073],[101.29294332799998,6.354585085000167],[101.29292219000018,6.355159166000135],[101.29265999600017,6.355375555000023],[101.29213438700015,6.355401616000108],[101.29172667300014,6.355140729000084],[101.29115402100018,6.355382225000028],[101.29043983700006,6.35605486500009],[101.28991697600009,6.356702925000036],[101.28958553200016,6.357469874000174],[101.28942122900014,6.35811634300012],[101.28892156000012,6.358644528000013],[101.28813480800005,6.35912651700005],[101.28756203900019,6.359344309000107],[101.28672520800012,6.359348012000169],[101.28622650900013,6.359199384000078],[101.28561960400015,6.358978328000092],[101.28507007100006,6.358699401000024],[101.28444029700017,6.358283587000074],[101.2842518920001,6.358074825000074],[101.28406972900007,6.357743405000178],[101.28393665500005,6.357015240000067],[101.28365409700012,6.356713106000086],[101.28309777400017,6.356564172000049],[101.28270887400015,6.356598656000017],[101.2821221170002,6.356715352000094],[101.28173129200007,6.356961695000166],[101.28090221300016,6.357700365000142],[101.27904856300006,6.359292100000118],[101.2781212020002,6.359900684000024],[101.27761610000016,6.360098365000169],[101.27680085100008,6.360265238000181],[101.27595434400013,6.360644654000112],[101.27507502200001,6.361138369000059],[101.27404226000004,6.361024245000181],[101.27376500300011,6.361025465000125],[101.273229695,6.361027816000046],[101.27236929600014,6.361079622000091],[101.27158181700008,6.361393841000051],[101.27055545399998,6.361709614000119],[101.26957621400015,6.361952914000028],[101.26869105000009,6.361765275000039],[101.26814072900015,6.361695936999979],[101.26768871900003,6.362152694000031],[101.26740502100017,6.362871450000171],[101.26740742600015,6.363421150000022],[101.26772240200006,6.36442425700011],[101.26861429100006,6.366142336000109],[101.26928797100004,6.367048374000092],[101.26972029500007,6.367500699000118],[101.27015269200007,6.367977316000065],[101.27058528700007,6.368501388000084],[101.27094606400016,6.369002046000105],[101.27142716300011,6.369765455000106],[101.27167165100008,6.370912376000035],[101.2722258460002,6.371986176000064],[101.27265834400009,6.37248651200008],[101.27318622100017,6.372842924000111],[101.27390402900005,6.372983265000073],[101.2741428810001,6.372982216000082],[101.27481437200015,6.373505223999985],[101.27551268600018,6.374602672000037],[101.27578044700005,6.375653439000018],[101.27585524099999,6.375963822000017],[101.27780634300018,6.376480627000092],[101.27945897400019,6.377059168000073],[101.2809969990002,6.377764202000151],[101.2823730570002,6.378757516000064],[101.2839555600001,6.37994651200006],[101.2857000320002,6.380341015999988],[101.28719300800009,6.380573934000097],[101.2894772300001,6.381072804000155],[101.29185268700007,6.382021549000058],[101.29392990800011,6.38295801300012],[101.29591482300009,6.383710129000178],[101.29761416100018,6.384116110000093],[101.29922101300008,6.384556376000091],[101.30076968100013,6.385365213000114],[101.30219216200015,6.386369576],[101.30337312199998,6.387281164000115],[101.30483063600019,6.387790458000154],[101.3065979810001,6.388496067],[101.30774408399998,6.389695950000089],[101.30929208900011,6.390988359000175],[101.31155285900007,6.391786619000129],[101.3132638740002,6.391904917000147],[101.31502176000015,6.391630921000058],[101.31664207500017,6.391034947000094]]]}},{"type":"Feature","properties":{"districtCode":"TH9504","provinceCode":"TH-95","nameTh":"อำเภอธารโต","shapeName":"Than To","shapeISO":"TH9504","shapeID":"TH9504","shapeGroup":"THA","shapeType":"ADM2","labelPoint":[101.25137105,6.05502456]},"geometry":{"type":"Polygon","coordinates":[[[101.26538901700019,6.214827752000019],[101.26540654400014,6.212851539000042],[101.26555687300004,6.211550804000126],[101.26534123600004,6.209731599000179],[101.26505143500015,6.208796774000177],[101.26507918100015,6.207245245000138],[101.26542428600015,6.206320558000129],[101.26519669900006,6.205572982999968],[101.2645680650001,6.204328090000104],[101.26406612000005,6.203556734000074],[101.26339029200011,6.202935832000037],[101.2619409310002,6.202168522000136],[101.2613904050001,6.201696789999971],[101.26063755300015,6.200552225000081],[101.26010856000016,6.199281944],[101.25987896700008,6.198060289000125],[101.25977233600008,6.19643888000013],[101.2599165100001,6.195165727000074],[101.26041089800015,6.194165551000083],[101.26050973500008,6.193134781000083],[101.26039013500014,6.19194324200015],[101.26054316100016,6.190223289000016],[101.26081441800011,6.189373943000135],[101.26154436900003,6.188660190000121],[101.26266380600003,6.1879677],[101.26305075700014,6.187392951000163],[101.26334325800013,6.186153808000029],[101.26403965399999,6.184875052000109],[101.26504875500012,6.183235194000133],[101.26567512100007,6.181815061000123],[101.26585047700019,6.180945881000184],[101.26604528300015,6.178174336999973],[101.2661318420001,6.175858149000021],[101.2663618810002,6.174892244000148],[101.26677202400015,6.174173696000025],[101.26752819300009,6.173853426000164],[101.2680503950001,6.173575508000056],[101.26822692200005,6.172982017000095],[101.2690517040001,6.169366932],[101.26933231400005,6.167339398000138],[101.2692855430002,6.166057628000146],[101.26913779400013,6.163701087999982],[101.26946541000007,6.163010462000045],[101.27052391700016,6.162537277000069],[101.27162397500001,6.162119051000104],[101.2726705230001,6.162073237000072],[101.27386915900018,6.162164617000144],[101.27482053000011,6.16240868],[101.27555059900004,6.162433132999979],[101.27590739500005,6.16212834900017],[101.27609692300013,6.161355604999983],[101.27591200400019,6.159977939000044],[101.27523010100015,6.158326701000021],[101.27396265700008,6.156995412000128],[101.27364442200013,6.156574313000021],[101.27365460400011,6.156276313000035],[101.27375396300005,6.155973693000021],[101.27377894400007,6.155897607000156],[101.27341698000015,6.154248926000037],[101.27339851100015,6.154233459000125],[101.27229980600009,6.15331333600011],[101.272240974,6.153096707000032],[101.2716203720002,6.150811507000128],[101.27124518000005,6.149429947000044],[101.27060440000014,6.147662470000057],[101.26864051100011,6.144224846000043],[101.26644885000002,6.141501473000062],[101.26621745100016,6.141213935000053],[101.2649993490001,6.139700289000075],[101.2631306780001,6.134623767000107],[101.2624136720001,6.130413227000076],[101.26806879100002,6.132015906999982],[101.27249060300016,6.133323158000053],[101.27867157000009,6.132855087000166],[101.28632311200005,6.131864543000063],[101.29070766400014,6.130866235999974],[101.29377656200018,6.130565913000112],[101.2952403810001,6.130674520000127],[101.29626991500015,6.131389292000108],[101.29838005900012,6.133504253000069],[101.30341256500014,6.136023143999978],[101.30518733600019,6.137161805000176],[101.31138917900006,6.141555193000045],[101.31581865200019,6.144630217000099],[101.31758916300004,6.145506683000121],[101.31804780200008,6.149483032999967],[101.31838736800006,6.152424305000181],[101.3220494250001,6.155653428999983],[101.32824390600007,6.15827882800005],[101.33487401400015,6.159575750000101],[101.34150411600018,6.16087260300003],[101.34459559300007,6.160859026000026],[101.34723202000015,6.157753278000087],[101.35163456500004,6.154640342000107],[101.35516151300016,6.15329837500019],[101.35913623900007,6.153280827000174],[101.36355228800011,6.153261298000075],[101.36840053500009,6.151029818000154],[101.37281603100018,6.149112663999972],[101.3731280360002,6.149336670000025],[101.37486016400015,6.150455984000132],[101.37594952600006,6.151604720000137],[101.37665201000004,6.153078272000187],[101.37768555400015,6.154365092000091],[101.37943812700013,6.155254375000027],[101.38100268700009,6.155628729000114],[101.38293180800008,6.155724635000013],[101.3847010880001,6.155936454000084],[101.38655860300003,6.156939339000189],[101.38791016700014,6.157890280000061],[101.38964239900014,6.159032100000047],[101.39137146899998,6.159829957000056],[101.39390588999998,6.159855831000073],[101.39709508400011,6.158507794],[101.39753174900005,6.158341412000084],[101.39799516400012,6.158093061000045],[101.39864979500004,6.157816677000142],[101.39933292500007,6.157731716000114],[101.39987954300017,6.157784048000167],[101.40031780400011,6.157973550000065],[101.40070147500012,6.158190482000066],[101.4012483030001,6.158297602],[101.4026149570002,6.158208962000174],[101.40348825200005,6.15798641900011],[101.40441623400011,6.157626350000101],[101.40518047400008,6.157377154000073],[101.40572586300004,6.157155526000054],[101.40654583200012,6.157124729000088],[101.40736617200014,6.157175778000124],[101.40791299600005,6.157282345000112],[101.40881506500017,6.157305961000134],[101.40971726600014,6.157244844000161],[101.4097928590001,6.157233210000072],[101.41031783699998,6.157244392000109],[101.4109747380001,6.157351003000144],[101.41130289500012,6.157403755000075],[101.41146669200009,6.157430708000049],[101.41160304800019,6.157375304000084],[101.4116843500002,6.157128628000123],[101.4117555630001,6.154776025000047],[101.41175210800009,6.154010028000187],[101.41150059100016,6.152807373000087],[101.41119618400012,6.152015603000109],[101.4111133830001,6.151797365000164],[101.41111202600007,6.151496266000038],[101.41119261300008,6.151222499000028],[101.41151685600016,6.15040023600011],[101.41175960800018,6.149660256000175],[101.4118668820002,6.149167721000026],[101.41194762700019,6.148921057000052],[101.41213782400001,6.148673924000093],[101.412464893,6.148480934000133],[101.4129832820002,6.148287086000096],[101.41331044900016,6.148121788000083],[101.41360979600017,6.147792242000151],[101.4139347310001,6.147133784000061],[101.41504144700019,6.14398340300005],[101.4152571480002,6.143380243000081],[101.41555624500018,6.14299590000013],[101.415910763,6.142885276000072],[101.41653973100017,6.142936628000029],[101.41708670900016,6.143073135000066],[101.4178280220001,6.143257893000055],[101.41820832600013,6.143484413000181],[101.41855065900012,6.143672671000104],[101.41931028300007,6.143782781000141],[101.42284095700018,6.144109131000164],[101.42352335400005,6.143991897000035],[101.42424328300007,6.143684733000043],[101.4260217760002,6.142575098000123],[101.42658810500006,6.142003144000057],[101.4271539570002,6.141202916000111],[101.42745466000008,6.14055586700016],[101.42756436000013,6.139605780000124],[101.42763758400014,6.139073301000053],[101.42774934400018,6.138579086999982],[101.4277842640002,6.137933274000147],[101.42778237300013,6.137515799000141],[101.4276260640001,6.136528518999967],[101.4277734280002,6.135540387000106],[101.42844686900003,6.13344833900004],[101.4290270250001,6.131822183000111],[101.42965812900007,6.129726409000114],[101.43005819000007,6.128959148000149],[101.43062557299999,6.128501289000155],[101.4312317890001,6.128270305000058],[101.43191402400015,6.128115241000046],[101.43252161400011,6.128188747000081],[101.43343262000019,6.128336585000056],[101.43411782000004,6.128713089000087],[101.43444339600018,6.128914749000103],[101.43472622900003,6.129089935000025],[101.43510638500004,6.129164440000068],[101.43529549900006,6.129049474000112],[101.43540828500016,6.128782934000128],[101.43540708100005,6.128517423000062],[101.43536670000015,6.12794763300019],[101.4353250740001,6.127226435000011],[101.43539864300004,6.126656123000089],[101.43562301600008,6.125971581000101],[101.43596219300014,6.125476334999973],[101.43652822800016,6.124713983000163],[101.43705600200013,6.123990197000126],[101.43747068600015,6.123342662000084],[101.43762010100016,6.122809852999978],[101.43757847500012,6.122088647000169],[101.43753496000016,6.120835355000054],[101.43737865800017,6.119848643000125],[101.43611327200011,6.116967754000029],[101.43603475200018,6.116322425000021],[101.43614616600019,6.115751947000092],[101.43640781300007,6.114953143000093],[101.43667135800013,6.114458236000075],[101.43701177600019,6.114229049000187],[101.43742903200007,6.114150891000122],[101.43883367000012,6.114258621000147],[101.43921206100009,6.114067093000131],[101.43940082200015,6.113876433000144],[101.43970271400008,6.113494895000031],[101.44064312500018,6.111667681000029],[101.44098216700019,6.111134594000021],[101.44113020200007,6.110297888000105],[101.44097459199998,6.109463106000135],[101.43822349499999,6.105259795000052],[101.43791628600007,6.10446357100011],[101.43783669700014,6.10359060400009],[101.43775450800018,6.102261186000021],[101.43759328100009,6.100172936999968],[101.43743562600008,6.098882322000065],[101.43735466900006,6.097705427000108],[101.43727505800013,6.096946002000095],[101.43742413600006,6.096337519000087],[101.438103201,6.095498957000132],[101.43904652900005,6.094317462],[101.43938560400017,6.093670249000184],[101.439459006,6.093176200000073],[101.43956990400011,6.092491590000122],[101.43979474600008,6.091921161000073],[101.44228637999998,6.089061124000125],[101.44312825500009,6.088283435000164],[101.44462751300017,6.086619817000042],[101.44534199300011,6.085135411000124],[101.4459426950001,6.083689400000139],[101.44628082200012,6.082965962000117],[101.44654267200008,6.082091424000055],[101.44680705300004,6.081900420000068],[101.44718649000009,6.081822439000121],[101.44790658900007,6.08170507900013],[101.44892877100006,6.081245132000049],[101.4500264450001,6.080632346000129],[101.45078269600009,6.080021075000104],[101.45180242200007,6.079029033999973],[101.45255939100008,6.078569769000069],[101.45343939300005,6.078369157],[101.4550989970001,6.077988822000066],[101.45703316500004,6.077789640000105],[101.45858860000004,6.077706897000098],[101.45976360700001,6.077473318000045],[101.46082584200008,6.077392815000053],[101.46188855100019,6.077539905000151],[101.4630279650001,6.077800778000153],[101.4638653840002,6.078290660000164],[101.46458874800004,6.078894609000145],[101.46516093600013,6.079499825000141],[101.46584720200008,6.080256463000012],[101.466189101,6.080369003000101],[101.4664926920002,6.080367617000149],[101.46675796300019,6.080252304000112],[101.46795640900007,6.078135746000157],[101.47058598000012,6.073894192000012],[101.47154537900019,6.071635484000183],[101.47229816100008,6.070074469000076],[101.47384535400016,6.06814759800011],[101.4748505930001,6.066404318000082],[101.47564693100009,6.065347087000077],[101.47579228500018,6.064601126000127],[101.47604888100011,6.062586700000054],[101.4761947990001,6.061294698999973],[101.4762354450001,6.059446815000058],[101.47640626600008,6.057799426000088],[101.476892582,6.056164103000015],[101.47689585700004,6.05615786400017],[101.47709374000016,6.054745671000092],[101.4780302530001,6.051432306000152],[101.47844434700005,6.048873179000054],[101.47847777200008,6.047442882000098],[101.47827172600012,6.046082976000037],[101.47820991200012,6.044558231000053],[101.47793917500019,6.043515905000163],[101.47710257600016,6.043428913000071],[101.47602925799998,6.043976990000033],[101.47500161300013,6.044319538000138],[101.47050281000014,6.04594093500009],[101.46837421100014,6.046647485999983],[101.46506770900015,6.047745023000118],[101.46193909900006,6.048978196000121],[101.46020352100004,6.049092380000161],[101.45915303800007,6.048795504000111],[101.4586049610001,6.048384447000103],[101.45762298900019,6.048156080000126],[101.45664101700015,6.048201754000161],[101.4559654840001,6.048259657000074],[101.45584173700007,6.048270263000063],[101.45499678400006,6.048612812000101],[101.45175399300007,6.049023870000156],[101.45020110600012,6.04886401400006],[101.4491049510001,6.04886401400006],[101.4482143250001,6.049023870000156],[101.44732369900015,6.049366418000091],[101.44672994900003,6.049549111000033],[101.4457936500001,6.049480601000027],[101.44499437000007,6.049480601000027],[101.44396672500005,6.049640457000123],[101.44289621900009,6.049858523000012],[101.44273355000007,6.049891659000082],[101.44102080800008,6.04993733200007],[101.43971912400002,6.049800313],[101.43848200000019,6.049641707000035],[101.43704724600013,6.049457764000181],[101.43608811100006,6.049069543000144],[101.43499195600009,6.048544302000096],[101.43371310800012,6.048544303000028],[101.4326854630001,6.048909687000048],[101.430858538,6.050028679000093],[101.42969387300019,6.050942141000178],[101.42859771800016,6.051604401000077],[101.4272731980002,6.052312335000011],[101.42585733100003,6.053134452000108],[101.4240304060001,6.054618828000173],[101.42309410700017,6.055258252000158],[101.42254603000003,6.05532676100006],[101.42158689300015,6.05521257900017],[101.42060492100012,6.054710174000093],[101.41909770900008,6.054321953000056],[101.41807006300013,6.054299115999981],[101.41733790500012,6.054357688000039],[101.41635732100019,6.05443613500006],[101.41633715900014,6.054438903000118],[101.41519265700009,6.054595991000156],[101.41474323900007,6.054781206000087],[101.41431737400006,6.055288188000134],[101.41384045800004,6.055723269000168],[101.41373941300014,6.055815449000136],[101.41334396800016,6.056089221000036],[101.41304991800018,6.056028382000079],[101.41289055700008,6.055837150000059],[101.41274572800006,6.055663354999979],[101.41259363400007,6.055278048],[101.41226916500017,6.054913021000061],[101.4118939980001,6.05466966900002],[101.41094087100004,6.054365480000172],[101.41019053700012,6.054274223000164],[101.40973425300001,6.054355340000029],[101.40928810800017,6.054588553000087],[101.40895350000017,6.05485218400014],[101.40856819400011,6.055136093000044],[101.40815246800014,6.055318607000061],[101.40789897700006,6.05548084100019],[101.40784108000014,6.055547433000186],[101.4075623490001,6.055868026000155],[101.40683348400012,6.056918449000079],[101.40623324200016,6.057775938000077],[101.40602679200015,6.057916700000021],[101.40576162300016,6.058097496000073],[101.40507563200015,6.058118934000049],[101.40453970200019,6.057968873000164],[101.4040466460001,6.057668752000097],[101.40323203100007,6.056918449000079],[101.40261035200007,6.056189584000094],[101.4018155490001,6.055973313000038],[101.40113118400006,6.055868026000155],[101.40068100200011,6.055632216000163],[101.40046663000015,6.055182035000144],[101.40053094200016,6.054517481000062],[101.40077737400014,6.053613897000048],[101.4007881890002,6.053574243000185],[101.40093824900003,6.052781065999966],[101.40061669100004,6.052352322000047],[101.4002522580002,6.052137950000088],[101.39984495100015,6.052137950000088],[101.39924470900007,6.052652443000113],[101.39893749600014,6.052902053000139],[101.39855871700013,6.053209810000112],[101.39782985200014,6.053531369000154],[101.39695092600005,6.053531369000154],[101.39629539200018,6.053302693999967],[101.3960291260002,6.053209811000045],[101.39551463300018,6.052738192000163],[101.39530026000011,6.052030764000108],[101.3951073250002,6.051580582000156],[101.3946142690001,6.051602019000029],[101.39427127300013,6.051666331000035],[101.39401402700014,6.052009326000075],[101.3938631210001,6.052285986000072],[101.39375678100004,6.052480945000127],[101.39332803600013,6.053231248000088],[101.39285641700013,6.053874365000127],[101.39232048700018,6.05430310800017],[101.39174168200014,6.054238797000096],[101.39159278900019,6.054131595000115],[101.3915307420001,6.054086920000032],[101.39120575100014,6.05385292700015],[101.39116685800002,6.053684390000114],[101.39101281700016,6.053016876000129],[101.3908198810002,6.052416633000121],[101.3902410770001,6.052330884000071],[101.38983376900012,6.052609569000083],[101.38977901900006,6.052654797000116],[101.3893407130002,6.053016876000129],[101.38886909400014,6.053081187000032],[101.38841891300012,6.052781065999966],[101.38826885200007,6.052266573000168],[101.38825831100019,6.051960875000077],[101.38824741500014,6.051644894000106],[101.38835460100012,6.051087526],[101.38863328500008,6.050294349000012],[101.38891196800017,6.049436860000071],[101.38895484300008,6.048386435999987],[101.3885260990001,6.047143078000147],[101.38786154500019,6.046950143000061],[101.38717555400018,6.04710020300007],[101.386489563,6.04755038400009],[101.38644799900015,6.047587495000073],[101.38588932100009,6.048086315000148],[101.38520333000008,6.04860080900005],[101.38419578100013,6.049222488000055],[101.38346691500004,6.049286800000061],[101.38317447499998,6.049238946],[101.38228786899998,6.049093864999975],[101.38168762600014,6.048900930000116],[101.3813446310001,6.048943804000089],[101.38091588600008,6.049329674000035],[101.38061576500019,6.049694106],[101.38027276900004,6.050401535],[101.38008814400018,6.050970797000048],[101.38001552300011,6.051194711999983],[101.3798225880002,6.051987888999975],[101.37952246700019,6.052459508000027],[101.37913659700001,6.052588131000107],[101.37881503900007,6.052502383000103],[101.37849348000003,6.052330884000071],[101.37819335900014,6.052009327000178],[101.37797898700018,6.051344772000164],[101.37774317800012,6.050573032999978],[101.37768545100005,6.050489649000042],[101.37755024300003,6.050294349000012],[101.37712149800018,6.049801293000087],[101.37581382800016,6.049050990000069],[101.37484915300018,6.048836618000109],[101.374163162,6.04875086900006],[101.37377729200006,6.04887949200014],[101.37334069700012,6.04908905800005],[101.37324136100005,6.049136739000176],[101.37280438600004,6.049413490000063],[101.37259824500012,6.049544046000051],[101.37186937900003,6.050272912000139],[101.37184454900012,6.05030094500006],[101.37120482500012,6.051023214000054],[101.37073320700017,6.05106608900013],[101.37041950800005,6.051003349000098],[101.36998290399998,6.050916028000017],[101.36960810700015,6.050806712000053],[101.36946841100013,6.050765967000132],[101.36899679200013,6.050315786000112],[101.36889535300014,6.05012812300015],[101.36856804800016,6.049522609000121],[101.36837511300013,6.048772306000103],[101.36828936400019,6.048043441000118],[101.3684179870001,6.047014453999964],[101.36884673200012,6.046285588999979],[101.36914685300019,6.045771095000077],[101.36929691400007,6.045192290000045],[101.36886816900005,6.04454917400011],[101.36822505200001,6.044141867000064],[101.36798924300018,6.043541625000159],[101.3677963080001,6.042855633000045],[101.36734612700008,6.042555511999979],[101.36685307000005,6.042319704000022],[101.36623139100004,6.042062457000156],[101.36548108900013,6.04180521000012],[101.36494515800007,6.041569400000128],[101.36458072500005,6.041162093000082],[101.36393760800001,6.040690475000133],[101.36383042200004,6.040068795000025],[101.36402335700012,6.039511427000093],[101.36400192000019,6.038932622000118],[101.36342311499999,6.038889748000088],[101.36290862200013,6.038889748000088],[101.36243700300014,6.038932623],[101.36142945400019,6.038503878000142],[101.3611722080002,6.038203757000076],[101.36044334200011,6.037753576000057],[101.35973591300012,6.037496329000021],[101.35859974100009,6.036853211999983],[101.35714201000013,6.035031049000111],[101.35652033000008,6.03417356000017],[101.35589865100002,6.033766253000124],[101.35534128300009,6.033616192000011],[101.35477530700018,6.03357944000004],[101.35369061800003,6.033509006000031],[101.3525973200002,6.033466131000125],[101.35163264500005,6.033166010000116],[101.35124677400017,6.032351397000127],[101.3511181510001,6.031429596000123],[101.35112230900006,6.031246663],[101.3511395880002,6.030486358000076],[101.35098952800018,6.029328749000115],[101.35056078300016,6.028214013000081],[101.3503249740001,6.027185026000097],[101.35043216000008,6.026327538000032],[101.35062509500017,6.025384300000155],[101.35103240200004,6.02476262100015],[101.35107527700012,6.024055193000038],[101.350925216,6.02332632700012],[101.35062509600004,6.022790396000119],[101.35004629100007,6.022383090000176],[101.34845993700009,6.021697098000061],[101.34644483700015,6.020882484000026],[101.34560878600013,6.020925359000103],[101.34496567000008,6.020989670000176],[101.34492849100008,6.020986882000102],[101.34410818100008,6.020925359000103],[101.3434007520001,6.020732424000187],[101.34250038900007,6.020260804999964],[101.34196445800006,6.019810623000069],[101.34181323900009,6.019545987000186],[101.34153571500019,6.019060320000051],[101.34012085800009,6.018588702000102],[101.33874887600012,6.018567264000126],[101.33741976800007,6.018567264000126],[101.33626215900017,6.018374330000142],[101.33551185500005,6.017988459000094],[101.33486873900011,6.017238157000179],[101.33434304600007,6.016775547000123],[101.33433280900005,6.016766538000127],[101.33431895800004,6.016702825000095],[101.33411843700003,6.015780425000173],[101.33411843700003,6.014708565000149],[101.33375400400018,6.014129760000117],[101.3330251380001,6.014129759000014],[101.33285941200006,6.014182491000156],[101.33255351900004,6.014279821],[101.33203902600002,6.014494193000189],[101.33148165800009,6.014387006999982],[101.33070991900013,6.014129760000117],[101.32987386700006,6.013851076000151],[101.32914500100014,6.012886402000106],[101.32860907100019,6.012371908000148],[101.32833652800014,6.012001250000026],[101.32807314100006,6.01164304200006],[101.327837332,6.009820879000017],[101.3273228380001,6.007205538000107],[101.32706559200011,6.005919304999964],[101.32665828400019,6.005340500000159],[101.32647506400014,6.005090655000174],[101.32595085600008,6.004375825000182],[101.32545780000015,6.00345402500011],[101.32522199000016,6.002617973000042],[101.32520055300006,6.001760485000148],[101.32552211200016,6.001331740000069],[101.32592941899998,6.000902995000047],[101.3264653490001,6.000066944000082],[101.32680156800012,5.999310452000032],[101.32697984300006,5.998909334000018],[101.327237089,5.998008971000047],[101.32700127900006,5.996465491000095],[101.32693696800015,5.995329319],[101.32702271700003,5.994621891000122],[101.32689409400012,5.993507155000088],[101.32693696800015,5.991706428000043],[101.32672259500009,5.990784628000142],[101.32635816300012,5.989927138999974],[101.32595085600008,5.989369772000146],[101.32522199000016,5.98887671600005],[101.32511480400018,5.988469408000071],[101.32535061400017,5.98767623100008],[101.32547923700002,5.986904492000065],[101.32535061400017,5.985768319000158],[101.32539348800015,5.98493226700009],[101.32535061400017,5.984096216000069],[101.32526486500007,5.983324476000178],[101.32494330700013,5.98246698700018],[101.32451882700019,5.980898771000113],[101.324171567,5.979615836999983],[101.32400006900008,5.978672599000106],[101.32415012900003,5.977879422000115],[101.32453152600004,5.977116630000069],[101.32464318600006,5.976893310000094],[101.32517911600019,5.976014384],[101.32580079600012,5.975178332000098],[101.32616522800004,5.974835337000059],[101.3267011590001,5.974449467000113],[101.32719421500019,5.974020722000091],[101.32783733100013,5.973420481000062],[101.32805170300009,5.973056047000114],[101.32828751200014,5.972541554000088],[101.32824463900005,5.971877001000053],[101.32805170400019,5.971191009000165],[101.32788020600003,5.97046214400018],[101.32770870800005,5.969240223000043],[101.32766583300014,5.968918665000103],[101.32777301900012,5.967375185000094],[101.3277944570001,5.966560570000127],[101.3273228380001,5.965167152000106],[101.32682978200017,5.964566909000098],[101.32625097700014,5.963752294000074],[101.32573648300018,5.963173489999974],[101.32556498600013,5.96244462500016],[101.32556498600013,5.961672884000166],[101.32597229300018,5.960858270000074],[101.32657253500008,5.959486288000107],[101.32694043100014,5.95897386300004],[101.32717277700004,5.958650235999983],[101.32755864800004,5.958264366000037],[101.32804894100002,5.957846709000023],[101.32813745300007,5.957771310000112],[101.32850188500004,5.95719250500008],[101.3287056480001,5.956784981000112],[101.3287376950002,5.956720886000085],[101.32897350400009,5.956313580000142],[101.32938081100008,5.955906273000096],[101.33002392800012,5.955584714000054],[101.33050448000006,5.955404507000139],[101.33070991900013,5.955327467000131],[101.33111722600017,5.954898723000042],[101.33120297500005,5.95429848100008],[101.33118153700008,5.953719676000105],[101.33096716500006,5.953483867000045],[101.33066704400005,5.95305512300007],[101.33023830000008,5.952669252000021],[101.32957374600016,5.952197633000026],[101.32878056900017,5.951575953999964],[101.3279445170001,5.950932838000085],[101.32674403300007,5.94926073400012],[101.32567217200011,5.947352822000141],[101.32524342700009,5.94632383600009],[101.32507193000004,5.94503760200007],[101.32490043200005,5.943558434000067],[101.32487899500012,5.941629085000045],[101.32490043200005,5.940235665000046],[101.32515767900009,5.939035181],[101.32532917600014,5.938177692000011],[101.32556498600013,5.937448827000026],[101.32588654500017,5.936762836000014],[101.32588654400007,5.936141156000133],[101.32571504700019,5.935476603000097],[101.32532917700007,5.934790612000086],[101.32472893500017,5.933825937000108],[101.32363563600018,5.932539704000021],[101.32320689100015,5.931853712000077],[101.32279958500004,5.930760414000076],[101.32219934200003,5.929431307000129],[101.32132041700004,5.928338009000072],[101.32033430500013,5.927373333000048],[101.31975549900005,5.927094649000082],[101.31885513700013,5.926987463999978],[101.31823345700008,5.926794529000119],[101.31784758700007,5.926623031000133],[101.31748315400006,5.926322910000067],[101.31705441000008,5.926087100000075],[101.31623979500012,5.925572608000152],[101.31518937200013,5.924179188000153],[101.31371020400019,5.92274289400018],[101.3129170270002,5.921735345],[101.31178085400006,5.919698809000067],[101.31111630000015,5.917962394000028],[101.31025881200003,5.915582863000054],[101.30974431800013,5.914060821000078],[101.30925126199998,5.911552666000091],[101.30886539200003,5.910073498000088],[101.3082437130002,5.908894450000105],[101.30710754100016,5.907586780000088],[101.30579987000004,5.906043300000078],[101.30464226000004,5.904885691000118],[101.30342033900007,5.90407107600015],[101.30284153300016,5.903599457000098],[101.30221985400016,5.902699094000127],[101.30166248600005,5.902270349999981],[101.3010622450002,5.902013103000115],[101.3005691890001,5.901863043000162],[101.29994750900016,5.902013104000048],[101.29924008000017,5.902184601000101],[101.298211095,5.902699094000127],[101.29757282900016,5.902970948000075],[101.29705348500016,5.903192150000052],[101.29647468000013,5.903299337000135],[101.29581012600005,5.903213587000153],[101.29531707000012,5.902870592000113],[101.29483110600006,5.902535818000104],[101.29435239500015,5.902206039000077],[101.2938807760001,5.901798731000156],[101.29270172900016,5.900962679999964],[101.29165130500013,5.900362437000126],[101.29137262200004,5.899890819],[101.29109393800007,5.899076204000039],[101.29068663000015,5.898411650000128],[101.29038650900009,5.897940032000179],[101.28963620700017,5.89723260300002],[101.28899309000019,5.896739547000038],[101.28841428500016,5.896225054000013],[101.28768542000017,5.895367565000072],[101.28699942900016,5.89476732300011],[101.28637774900005,5.89440289099997],[101.28577750700015,5.894338579000021],[101.28526301400012,5.894467202000101],[101.28476995800014,5.89478876000004],[101.28449127300013,5.895217505000062],[101.28428670900007,5.895701634999966],[101.28404109200005,5.896525175000079],[101.2839124690002,5.897211167000023],[101.28378384600012,5.897854283000129],[101.28348372500005,5.898904706000053],[101.2830335430001,5.900083753],[101.28271198500016,5.900491061000139],[101.28194024500004,5.901455736000116],[101.2815543750001,5.902098852000051],[101.28123281600006,5.903170713000179],[101.28084694600011,5.904328323000186],[101.28039676500009,5.904992876000051],[101.27921771800015,5.906557794000037],[101.27649519100004,5.908701515000189],[101.27415853500014,5.910052060000112],[101.27259361700015,5.911102483999969],[101.27014977400017,5.913482015000113],[101.26849910800001,5.915025495000123],[101.26794174100019,5.915454239000098],[101.26732006100008,5.915925858000094],[101.26682700500015,5.916547538000032],[101.2663553860001,5.917212092000113],[101.26620532600015,5.917769460000045],[101.26620532600015,5.918176767000091],[101.26648401000011,5.918691260000116],[101.26684844300013,5.919377251000128],[101.26725575000017,5.919913181000084],[101.26766305700005,5.920684921000145],[101.26770593100002,5.921177978000173],[101.26764161900007,5.921671034000099],[101.26749155900006,5.922228401000154],[101.26680556800005,5.923386011000161],[101.26650544699999,5.924264937000032],[101.26631251200013,5.924929490000068],[101.26545502300013,5.926408659000174],[101.26506915300018,5.92677309200019],[101.26477424300015,5.926991069],[101.26457609700009,5.927137524000159],[101.26423310100012,5.927844952000044],[101.26397585500013,5.928616692000162],[101.26371860800009,5.929409869000153],[101.2634613620001,5.930224484000121],[101.26345584000018,5.930307306000032],[101.26339705000015,5.931189159000098],[101.26337561300005,5.932046647000163],[101.26296830500007,5.932732638000175],[101.26282682600004,5.93307623200019],[101.26266818500011,5.933461504000093],[101.26236806300017,5.935026421000146],[101.26168207300009,5.936033970000096],[101.2611890170001,5.936569901000155],[101.26046015100002,5.937084394000181],[101.26024577900006,5.937491701000056],[101.26016003000018,5.938284878000047],[101.2601631660001,5.938432289000048],[101.26018146700005,5.939292427000169],[101.26033152800017,5.94019279000014],[101.26082458300016,5.941414711999983],[101.26140338800019,5.942186452000101],[101.26140338900012,5.94250801000004],[101.261424826,5.943129689000045],[101.261424826,5.944158676000029],[101.261424826,5.944651733000057],[101.261253328,5.944994728000097],[101.26095320700017,5.945187663000127],[101.26046015100002,5.945316286000036],[101.2600957190001,5.945680719000109],[101.25983847200001,5.946173775000034],[101.25966697400003,5.946966952000025],[101.25938829100016,5.947824441000023],[101.2591096070002,5.948553307000111],[101.25850936400019,5.950589842000113],[101.25850936400019,5.951104335000139],[101.25853080100012,5.951361582],[101.25874517300008,5.951897513000063],[101.2587022990001,5.952690690000054],[101.25840217800004,5.953419555000039],[101.25808539400009,5.954254713000012],[101.25793055900016,5.954662914000153],[101.25778620800003,5.955336552000119],[101.25760900100005,5.956163519000029],[101.25718025700007,5.958650237000086],[101.25647282800008,5.961201266000046],[101.25608695800014,5.962487498000087],[101.2557010880002,5.963902355000187],[101.25525803500005,5.964382329999978],[101.25518659500017,5.964459723000118],[101.25497222299998,5.964931342000114],[101.25493212200013,5.965352401000075],[101.2548864740001,5.965831705000085],[101.25490791100003,5.966903566000042],[101.25484360000013,5.96778249200014],[101.25441485500005,5.969068725000056],[101.25379317600004,5.970354957999973],[101.25355736699998,5.971362508000027],[101.2528070640002,5.973270420000176],[101.25284993800017,5.973870662000081],[101.25306431100006,5.974599528000169],[101.2528713750001,5.975156895],[101.2525712540002,5.975564202000044],[101.25231400800004,5.976014384],[101.25222825900016,5.976593189000027],[101.25231400800004,5.977214869000136],[101.25209963499998,5.977557864000175],[101.2514565190001,5.977793673000065],[101.25104921200005,5.978050920000101],[101.25087771400007,5.978436790000046],[101.25079196500019,5.97882266],[101.25098490100015,5.97925140500007],[101.2513707710001,5.979765898000096],[101.25160657900005,5.980258954000021],[101.25212107300018,5.981373689000122],[101.25242119400008,5.983174416],[101.25216394700016,5.984224839000149],[101.25188526300019,5.985896943000114],[101.25186382600015,5.986647245000029],[101.25218538400009,5.987997790000122],[101.25252838000006,5.989326898000172],[101.25231400800004,5.989927140000077],[101.25188526300019,5.991149060999987],[101.25182663600009,5.991324943000166],[101.25164945400013,5.991856489000099],[101.25177807800014,5.992585355000188],[101.25201972400004,5.992978030000074],[101.25212107300018,5.993142722000016],[101.25267844100011,5.993592903999968],[101.2528713750001,5.994128835000026],[101.25304287400013,5.995093510000174],[101.25299999900005,5.995993873000145],[101.25302143700009,5.997001422000096],[101.2528713750001,5.997430166000015],[101.25231400800004,5.998094720000154],[101.25177361500005,5.999002806000135],[101.25026940999999,5.998934973000132],[101.24856969200005,5.998247610000021],[101.24766145800004,5.996812917000057],[101.24659293000008,5.995780014000104],[101.241748498,5.997499846000096],[101.24000481200017,5.997512086000086],[101.2385401750002,5.998014667000177],[101.23748340900016,5.999592454000094],[101.2376650720002,6.002620567000065],[101.23704656000018,6.004000483000027],[101.23593554100017,6.005564381999989],[101.2344414740001,6.006321901999968],[101.23293787200004,6.006826899000089],[101.2314367640002,6.006964691000121],[101.22968533900013,6.006893859000115],[101.22816199400012,6.006985382000153],[101.22642162200003,6.006995280000069],[101.22484383600005,6.006742367000015],[101.22397179800015,6.005461726000021],[101.22419149600006,6.003696403999982],[101.22417081600014,6.002071054000169],[101.22142119300008,5.999093468000183],[101.22000619500005,5.998483936000184],[101.21827857300013,5.997452493000026],[101.21674905000015,5.996855296999968],[101.21521846200011,5.996120210000186],[101.21369148200012,5.995867088000011],[101.21202625700005,5.995614472999989],[101.21055627100014,5.995360477000133],[101.20870903300005,5.995315979000168],[101.20695772900007,5.995832084000142],[101.20533555100019,5.996886116000155],[101.203931781,5.997938667000085],[101.2024211820002,5.998533479000116],[101.20038043500017,5.998650168999973],[101.19887650700008,5.998522839000145],[101.19738408000012,5.99830340799997],[101.19569604900016,5.997993781000048],[101.19382366100012,5.997593394000035],[101.19239808300017,5.997156141],[101.19030702500015,5.996688777000088],[101.1885875480001,5.996849321000013],[101.18650300600007,5.997310197000161],[101.18432693300008,5.997886143000187],[101.18282925700015,5.998618709000084],[101.18118278800006,5.999397625000029],[101.17941706700009,5.999569620000159],[101.17781480000014,6.000118970000131],[101.17609920000007,6.003109561000031],[101.17488668000016,6.004743826000151],[101.17480247499998,6.006705259000171],[101.17342101300011,6.007727758000101],[101.17218713000005,6.008819722000055],[101.17132992000018,6.010109623000119],[101.16972147400014,6.01082003],[101.16828375900013,6.010178225000118],[101.16677848100011,6.01085484400005],[101.16540858500008,6.011808337000161],[101.16462998400004,6.013294025000164],[101.16302378600005,6.013717920000147],[101.16150693600014,6.012902974000042],[101.15998738600013,6.013981356000102],[101.15830214000016,6.014255243000093],[101.15667004400012,6.013553757000182],[101.15540554400013,6.012763784000072],[101.1532528830001,6.012724245000072],[101.15213921900016,6.011671512000134],[101.15073539600007,6.011040827000045],[101.1491635210001,6.010007399000187],[101.14745315400012,6.009064339000133],[101.14606498000018,6.007952199000158],[101.14443641200006,6.006849479000039],[101.1432658810001,6.005681113000151],[101.1405054120001,6.004204260999984],[101.1386251560001,6.003536994000115],[101.13655340900004,6.003111148000073],[101.133032501,6.00214287600005],[101.1301097340002,6.000859253000158],[101.12843059700009,6.000239735000093],[101.12683066800014,5.999379220000037],[101.12526268200008,5.999916449000125],[101.12363465200002,6.000099026000044],[101.1221120580002,6.000556392000078],[101.12068333400009,6.001356900000019],[101.11902243500009,6.001803504000065],[101.11759424900004,6.000849607000077],[101.1165753470001,5.999469250000175],[101.11528278500009,5.998262275000059],[101.1137542130001,5.997756843000161],[101.11217964900004,5.997319934000132],[101.1104606770001,5.997640717000138],[101.10892735400012,5.998246687000176],[101.10634695500005,5.998807508000141],[101.10604541900017,5.999361253000018],[101.10596925800019,5.999803973000098],[101.10610064400004,6.000220455999965],[101.10623191900015,6.000453865],[101.10649278100004,6.00063537900013],[101.10690943100008,6.0008162580001],[101.10737926400014,6.001178895000123],[101.10753571200007,6.001360806000037],[101.10764122700004,6.001646861000154],[101.10825655900015,6.003009021000025],[101.10854144300009,6.003416992000155],[101.10869371000018,6.003826616000083],[101.10866816200019,6.004234107000173],[101.10842598600004,6.004805704000091],[101.10840058700018,6.005240306000189],[101.10840225900012,6.005674794000072],[101.1084845580001,6.005945726000107],[101.10867526300012,6.006081146000156],[101.10930036400009,6.00645898200014],[101.11003379300013,6.006673109000189],[101.1105497480001,6.006861528000059],[101.1109309630001,6.007213200000024],[101.11117700800008,6.007646754000177],[101.11215662600017,6.008484871000178],[101.11237534800011,6.008864282],[101.11245776300012,6.009162300000185],[101.11235068500014,6.009488719999979],[101.11207983100013,6.009653071000173],[101.11161927800009,6.009790445000021],[101.1110516080002,6.010254244000066],[101.11031805900018,6.011757806000162],[101.10997403900012,6.012268210000116],[101.10986775900005,6.012811621000026],[101.10987027300007,6.01346361800006],[101.10992707900016,6.014142554000102],[101.10984749400006,6.014577366000026],[101.10965855400008,6.014903545000095],[101.10925235700012,6.015095562000113],[101.10863018300017,6.015478213000051],[101.10825192800019,6.015887040000052],[101.10814498700017,6.016403345000015],[101.10814823200013,6.017245195000044],[101.10817733300019,6.017760971000087],[101.10831448700014,6.01805930400019],[101.1086953620001,6.01832962900005],[101.10932078100006,6.018788817000029],[101.10994666099998,6.019220904000179],[101.11038245499998,6.019680860000051],[101.1105465870001,6.02008758900007],[101.1105756500001,6.020603369000071],[101.11041449400005,6.020957101000022],[101.11030737100003,6.021283557000061],[101.11025570200007,6.021935768000105],[101.11031376800008,6.022940189000167],[101.11028858200012,6.023428996],[101.11010049300012,6.023973279000018],[101.10966916100011,6.024680691000128],[101.10883327600015,6.025987985000086],[101.10818488700005,6.026751000000104],[101.10775307300003,6.027322769000079],[101.1075666810001,6.028165398000056],[101.10765119800004,6.029006970000069],[101.10787091100019,6.029631025000072],[101.1082797470001,6.030118187000085],[101.10904010900015,6.030441254000038],[101.11009929000011,6.030681214000026],[101.11086022000018,6.031004303000032],[101.11140408600005,6.03138245100007],[101.11162254200019,6.0316805060001],[101.11175936300009,6.032033124000122],[101.11187064500001,6.032792638000103],[101.111983146,6.03371601300006],[101.11253038000018,6.034963145],[101.11280510300008,6.035803974000032],[101.11286118800018,6.036292509000077],[101.11305430300007,6.037187865000078],[101.11324653000008,6.037702969000065],[101.1136018850001,6.038380740999969],[101.11376592500017,6.03876035900015],[101.11382113000002,6.03903193900004],[101.11363268900016,6.039330976000031],[101.11298324500007,6.039822842000035],[101.11073857800005,6.041569566000135],[101.10895328800012,6.043015598000068],[101.1073584990001,6.044542799000055],[101.10670971300004,6.045061205000138],[101.10633144300004,6.045470030000104],[101.10608821000005,6.045769872000051],[101.10592753000009,6.046259246000034],[101.1058486510002,6.04702010200009],[101.10585075500006,6.047563610000111],[101.10568996700005,6.048025871000107],[101.10539300300019,6.048434391000171],[101.10498667700011,6.048598711000068],[101.10433612500015,6.048655480000036],[101.10297528600006,6.048653381000122],[101.10216587300016,6.048800037000035],[101.10128536900015,6.049089347000177],[101.10078480900012,6.04940263300017],[101.10035223700004,6.049784561000138],[101.10019144900019,6.050246795000021],[101.10019438600017,6.051007328000139],[101.10038605300014,6.051522451000039],[101.10074031000005,6.052057852000189],[101.10167979400018,6.05373232200003],[101.10205224900017,6.054449024000178],[101.10232669700014,6.055208503000188],[101.10241069400007,6.055914448000067],[101.1023582850001,6.056376258000114],[101.10238719100016,6.056837794000103],[101.10260559600005,6.057271445000026],[101.10301579100013,6.057674404000011],[101.10366808900011,6.05835388700001],[101.10424203600007,6.059356814000125],[101.1046547680001,6.060984729000097],[101.10469886800001,6.061587436000138],[101.10455112200009,6.062207289000185],[101.10436272800013,6.062533472000098],[101.10425516600009,6.062887034000028],[101.10424746100006,6.063084252000181],[101.104410029,6.06337970300001],[101.10465279500005,6.063540359000172],[101.10526310600017,6.063861182000153],[101.10580643800017,6.064103163000027],[101.1067556530001,6.064488762000053],[101.10784375700007,6.064747258000125],[101.10841198700001,6.064845610000077],[101.10891033100006,6.064978716999974],[101.1094734990001,6.065229664000071],[101.1103373900001,6.065896415000054],[101.11070959400018,6.06623793000017],[101.11091083000014,6.066608912000163],[101.11082726500001,6.067038118000141],[101.1103977680001,6.068066978000161],[101.11020639000009,6.068926585000156],[101.11020687300004,6.070066781000151],[101.11015454100016,6.072133258000179],[101.11013529200005,6.072699507000038],[101.11005136000006,6.07318517300007],[101.10993880100006,6.073557390000076],[101.10994002500018,6.073871539000038],[101.10999803500016,6.07412896000011],[101.1102557480001,6.074356242000079],[101.11077107699998,6.074640139],[101.11122936800018,6.075067182999987],[101.11166058700007,6.075779683000178],[101.11174915100008,6.076494104],[101.11172237300019,6.077008359000047],[101.11186762000006,6.077636667000149],[101.11209756000005,6.077978733],[101.1127557920002,6.078433244000053],[101.11396211100009,6.079175484000189],[101.11476005800012,6.079854355000123],[101.11527572900002,6.080367082],[101.11547712200007,6.080766323000091],[101.11550769100006,6.081223287000057],[101.11539555000007,6.081852591000086],[101.11545411300006,6.08225242300017],[101.11565639600019,6.082737529000156],[101.11574408700005,6.083366047000084],[101.11574621100004,6.083909034000158],[101.11577680800019,6.084366002000138],[101.11620789600016,6.085050240000101],[101.1164377070001,6.085506466000027],[101.11658176100008,6.085820613000124],[101.11664043700017,6.086248654000144],[101.11644124900005,6.087130880000132],[101.11604635600014,6.087622838000129],[101.11564862900019,6.088110329000074],[101.11550863800005,6.088825620000023],[101.11542617100008,6.089683088000072],[101.11520080100007,6.090369903000123],[101.11471985900005,6.091514799000038],[101.11469320100014,6.092057901000032],[101.11486648900012,6.092486090000023],[101.11529624800005,6.092970298000125],[101.11578311599999,6.093340202000149],[101.11701260500007,6.093792462000067],[101.11789825100016,6.09393191099997],[101.11841244500005,6.093929890000084],[101.11875544100019,6.094013900000107],[101.11898447300013,6.094270645000108],[101.11938577800004,6.094697348000182],[101.11998729000004,6.095066754000186],[101.12070120700008,6.095178068000166],[101.12155769600014,6.095089380000104],[101.12215670300003,6.094972305999988],[101.12409743000012,6.094850545000156],[101.12532569100006,6.094988669000031],[101.12592627500004,6.095272198000146],[101.12627069700011,6.095727924000187],[101.1265583400002,6.096240965000106],[101.12693278300014,6.097011285000065],[101.12716354700007,6.097696296000152],[101.12722391500012,6.09841023000007],[101.12714049900012,6.099011174000054],[101.1268277900001,6.099440713000149],[101.12657274800011,6.099899361000098],[101.12640361100006,6.100385964000111],[101.1264337520002,6.100871175],[101.12663617700014,6.101528048000091],[101.12689605100013,6.102155881000101],[101.12706999800008,6.102898216000142],[101.1271016300002,6.103612259000158],[101.12702271000006,6.104358922000017],[101.12659516800005,6.10558615900004],[101.12611425900013,6.106731658000058],[101.12563149900012,6.107276559000127],[101.12520432300016,6.107592361000172],[101.12440658100007,6.107995567000103],[101.12395051300012,6.108283270000015],[101.123723573,6.10857002900002],[101.12369716400008,6.109170183000117],[101.12363488500017,6.109841134000135],[101.12358761200005,6.110313664000159],[101.12330360400017,6.110714807000022],[101.12276203200014,6.11094578400008],[101.12202100100018,6.111262861000114],[101.12047764400012,6.112832904000072],[101.11864399500018,6.114499037000144],[101.1182089190001,6.114821680000091],[101.11772355700009,6.114852405000079],[101.11746615300007,6.114710490000164],[101.11746525300003,6.11448164900014],[101.11757859400007,6.114309981000133],[101.117577918,6.11413824400006],[101.11734911300016,6.114082083000142],[101.11694957900016,6.114112464000073],[101.11640709900001,6.114114602000029],[101.11563659400014,6.114117637000049],[101.115121892,6.114004948000058],[101.11477869400005,6.113863915000024],[101.11463485300015,6.113606835000041],[101.1145484970001,6.113321834000033],[101.11434768600009,6.113064969000163],[101.11380431600008,6.112981799000011],[101.11323383400014,6.113041097000121],[101.11212103100013,6.113273755000023],[101.11063789000008,6.113651360000119],[101.10915395700016,6.113828405999982],[101.108582362,6.113745295000115],[101.1080680280001,6.11357557700012],[101.10743852900015,6.113263883000116],[101.10666753400005,6.113295163000032],[101.10586902500012,6.113498323000158],[101.10561285500006,6.11367106900002],[101.10549906600016,6.113871549000123],[101.1055291830001,6.114214397000069],[101.10567320700011,6.114527986000155],[101.10641985700005,6.115639827000052],[101.10693624300012,6.116323732000069],[101.10728123500007,6.116922440000053],[101.10739774100011,6.117407918000026],[101.10740009200009,6.118007962000149],[101.10728727500003,6.118465495000066],[101.10694620300006,6.118867457000135],[101.10649100300009,6.119240459000082],[101.10625535100013,6.119611451000026],[101.10546408900018,6.122101219000172],[101.10536266800005,6.122731638000175],[101.10525145200012,6.123446816000012],[101.10496738200004,6.12384794999997],[101.10459707000012,6.124134755],[101.10416926200008,6.124165236000124],[101.10362614299999,6.123996180000177],[101.10293986200014,6.123603914000057],[101.10248102400004,6.123342989000037],[101.10205336200016,6.123401732000048],[101.10154043400019,6.123746708000169],[101.10112556400014,6.124190720000115],[101.09991777000005,6.126422217000083],[101.09969642700008,6.126840665000088],[101.09929811500018,6.127185147000148],[101.0987849600001,6.127330132000168],[101.09807143500012,6.127475893000053],[101.09750059500016,6.127449280000064],[101.09641608900012,6.127568239000084],[101.09564696000018,6.128085396000131],[101.09496367600013,6.128602817000058],[101.09430837700017,6.128919534000033],[101.0938244800002,6.129321454000092],[101.09342705400019,6.129894816000103],[101.09206197399999,6.131329120000089],[101.09049785600007,6.132964193000134],[101.08967352600013,6.133939248000047],[101.08916058700004,6.134284219000108],[101.08864730300019,6.134400352],[101.08713343800008,6.134292119000065],[101.0863337290001,6.134209331000136],[101.08587716100016,6.134239366000031],[101.08542033700019,6.134355858000049],[101.08439347900014,6.13464576299998],[101.08305096900006,6.134479201999966],[101.08173757300011,6.134541373000047],[101.08110981900006,6.134543813000107],[101.0800824060002,6.134690774999967],[101.07948410000006,6.135007263000034],[101.0783433950001,6.13549759600005],[101.07740221200015,6.135758901999964],[101.07660308800007,6.135819101000095],[101.07600345500015,6.135792579],[101.07491864400015,6.13585384300012],[101.07446163100008,6.135912678000125],[101.07411996400015,6.136171656000045],[101.07395033400019,6.136543576000065],[101.07375316200017,6.137230283000122],[101.07324142800013,6.137889955],[101.0725586420001,6.138549732000172],[101.07164843600015,6.139382135],[101.07107889700018,6.13984148100019],[101.0705372650001,6.140072418000045],[101.06955934500019,6.140175630000044],[101.06738187300016,6.140158640000038],[101.0650560410001,6.140321856000071],[101.06457056600016,6.140323730000034],[101.0642566780001,6.140467910000041],[101.06397312400014,6.140869044000056],[101.06363189300004,6.141242145999968],[101.06320404600007,6.141415022000103],[101.06274747100002,6.141445586000145],[101.06231846100007,6.141304271000081],[101.06211761200007,6.141047983000021],[101.06180218800006,6.140792092000083],[101.06145930000014,6.140735797000104],[101.06091732500016,6.140880822000099],[101.06000456300012,6.14105612000003],[101.05883529900018,6.141460656000106],[101.05855106800004,6.141833538000071],[101.0584389870001,6.142348172000027],[101.05844172900015,6.143062924],[101.0587901090002,6.144547647000024],[101.05930978300017,6.146088736000081],[101.05948401500001,6.146774051000023],[101.05988637100012,6.147458453000183],[101.0606042340001,6.148570482000082],[101.0608344200001,6.148969668000063],[101.0608650690001,6.149455461],[101.06066741300009,6.150027488000035],[101.06046868800007,6.150314170000115],[101.06046967800012,6.150571261000152],[101.06081378300013,6.150941724000177],[101.06107130999999,6.151111917000094],[101.06141442800015,6.151225312000179],[101.06212833100017,6.151307876000089],[101.0628136740001,6.151305234000063],[101.06361448000013,6.15167391500006],[101.0645023350001,6.152356436000161],[101.06513330900009,6.153039942000021],[101.06588074900014,6.154351918000032],[101.06651431000006,6.155692551000072],[101.06952208800004,6.158138775000111],[101.07018208400012,6.159022189000041],[101.07078363700009,6.159391083000173],[101.07164084200019,6.159587792000025],[101.07301231100007,6.159782464000159],[101.07415573700018,6.160121028999981],[101.07498490400013,6.160375456000168],[101.07572870600006,6.160743788000104],[101.07548697200014,6.164631575000158],[101.0753513360001,6.166489935000072],[101.07521074700009,6.167062296000097],[101.07478423400005,6.167578118000165],[101.07458551400015,6.167864804000089],[101.0745303490001,6.168350960000168],[101.07467932000009,6.169922298000131],[101.0747666690001,6.170321994000176],[101.07516896400011,6.170977559000164],[101.0756843580001,6.171404392],[101.07619956700017,6.171631233000028],[101.07677056800009,6.171686069000145],[101.07742814500006,6.17179762700016],[101.07797125400015,6.171938478000186],[101.07834302300006,6.172165875000076],[101.0786296890002,6.172421816],[101.07980292600018,6.17301730700018],[101.08054612800004,6.173214439000105],[101.08094693600015,6.173498773],[101.08117677900009,6.173812037],[101.08149223700008,6.174210836000043],[101.08195032400005,6.174409039000011],[101.0825212920002,6.174464460000081],[101.08320635800004,6.174375912000016],[101.0845553900001,6.17459321299998],[101.0847216190001,6.174798818000056],[101.08475376000018,6.17565585400007],[101.0847282160002,6.176484829000174],[101.08484358400017,6.176827347000085],[101.08510202700012,6.17708342800006],[101.08524507200013,6.177282899000147],[101.08530476500005,6.177825633999987],[101.08530666700017,6.178311569000186],[101.08533623800008,6.178654422000022],[101.08565185100014,6.178939090000142],[101.08596609400013,6.179023731000086],[101.08656528700004,6.178935506000187],[101.08723419100016,6.17862098300003],[101.0901844060001,6.176977615999988],[101.09155412700017,6.176715133000073],[101.09220913500019,6.176312530000075],[101.09266562800002,6.176253668000129],[101.09303824900007,6.176538106000066],[101.0942711040002,6.177790408000135],[101.0953894430001,6.178929063999988],[101.09579053100003,6.179270455999983],[101.09630493600008,6.179440206000038],[101.09716216400011,6.179493888000025],[101.09778946700004,6.179377288000126],[101.10015230200008,6.178688772000044],[101.10169824899998,6.178587757000116],[101.10358318200008,6.178553756000042],[101.10574271100018,6.179291607000096],[101.10689957300013,6.179455402000031],[101.10761350500007,6.179538437000076],[101.1083860660001,6.179878341000119],[101.10887284100016,6.180190563],[101.10933113000016,6.180588777000082],[101.11033491700016,6.181727843000033],[101.11070842600009,6.182241100000113],[101.11125279000015,6.182696023],[101.11179624800019,6.182922709000138],[101.112652874,6.182976366000048],[101.11342464400008,6.18311626600007],[101.11439714900018,6.183483580000086],[101.11496940800004,6.183853106000129],[101.11554137899998,6.184022571000185],[101.11602748000018,6.184163053000077],[101.11642820100019,6.184419103000153],[101.11700214500007,6.185073893000151],[101.117431894,6.185529300000042],[101.11794849000012,6.186099046000152],[101.11845888700014,6.186393645000066],[101.12005723500005,6.184419890000129],[101.1220178750001,6.182706852000138],[101.12414624000007,6.181566041000167],[101.12720967200005,6.181744746999982],[101.12940117300013,6.182703317000119],[101.13129564200011,6.184630317000028],[101.13460427100006,6.187664112000107],[101.13643448300013,6.188203111000064],[101.13979617500007,6.188423479000164],[101.14163116300006,6.188457332000041],[101.14330820100008,6.188676587000145],[101.14534846200002,6.189499485],[101.14717081700007,6.190336806000118],[101.14869796200009,6.190477518000023],[101.15026626600013,6.190331055000058],[101.15172864700008,6.189956179000148],[101.1550413010001,6.190751251000052],[101.157964499,6.192401039000117],[101.15908891400005,6.194165475999966],[101.16008361000013,6.195679606000056],[101.16153622500013,6.196234144000073],[101.16468727300008,6.196985769000037],[101.16658404200007,6.197362782000027],[101.16848386700013,6.197934677000035],[101.17039105600014,6.198242723000078],[101.17237599700013,6.198366227],[101.17299109300006,6.19843661699997],[101.1742709610001,6.198582777000183],[101.17646522900009,6.19895571100011],[101.17824639800011,6.199219581000079],[101.17930515400013,6.199417517000143],[101.18355384000012,6.200885972000037],[101.18886349100006,6.203074291000178],[101.19372984000012,6.204822579000052],[101.19677616100017,6.204809953999984],[101.19858836600014,6.204802433000168],[101.20564850900013,6.203004678000013],[101.21536778700016,6.203406484000027],[101.22023173500008,6.204712143000165],[101.22421460300012,6.206463812000038],[101.2264249540001,6.206896320000169],[101.2321692590001,6.207313964000036],[101.23702577100016,6.206851637999989],[101.24010840300014,6.204628450000087],[101.2436398970001,6.204171676000101],[101.24585583300012,6.20593007400015],[101.24587269,6.209908535000068],[101.24588392700014,6.212560427000085],[101.24854004800011,6.213875700000131],[101.25030891800009,6.214309965000098],[101.25560370700003,6.212961446000179],[101.26046960000019,6.214709010000149],[101.26567031299999,6.215558603000034],[101.26538901700019,6.214827752000019]]]}},{"type":"Feature","properties":{"districtCode":"TH9505","provinceCode":"TH-95","nameTh":"อำเภอยะหา","shapeName":"Yaha","shapeISO":"TH9505","shapeID":"TH9505","shapeGroup":"THA","shapeType":"ADM2","labelPoint":[101.13743038,6.42431135]},"geometry":{"type":"Polygon","coordinates":[[[101.12833046600008,6.553662678000023],[101.13115965800006,6.552563602000021],[101.13428674100004,6.552033885000128],[101.13592023100006,6.552750133000075],[101.13745432500014,6.554261236000173],[101.13965305100015,6.555690328000082],[101.14115921500007,6.556351735000021],[101.14291485500001,6.556812644000047],[101.14442052400017,6.556830502000082],[101.1463205070001,6.556438179000054],[101.1481359030002,6.555817962000162],[101.14894379300006,6.555289604000166],[101.15036892800015,6.554178362000016],[101.15122739200012,6.552794959000039],[101.15217501600017,6.551259769000069],[101.15328294300008,6.549687712000093],[101.15435166500004,6.548472326000081],[101.15451483700008,6.548309481],[101.15549084100019,6.547336317000145],[101.15782762300006,6.545143151000048],[101.1594618630001,6.544055300000025],[101.1610953870001,6.542932413000074],[101.16372316600018,6.541549875000101],[101.16526885200017,6.540635832000078],[101.16691930300004,6.539907797000126],[101.16695537600009,6.539891838000131],[101.16865751600005,6.539365262999979],[101.16948433300018,6.538131726000188],[101.1708727960002,6.535611513000106],[101.17168541700005,6.534228854],[101.1723132260002,6.532171288000086],[101.17229113400015,6.529804642000045],[101.17153975000014,6.526520757000014],[101.17095397700007,6.523509633000117],[101.17084025700007,6.519926364000185],[101.17097188100013,6.517165823000141],[101.17204697200003,6.515076977000149],[101.17250081900016,6.513563085000101],[101.17204276900009,6.511215829000037],[101.17219844900018,6.509719079000035],[101.1734992710002,6.50863718100004],[101.1742335240001,6.508604618000106],[101.17483163700012,6.508845574000134],[101.17910175100008,6.508991016000095],[101.18084994500015,6.509084598000015],[101.18245817900015,6.509077097000045],[101.18404379300011,6.509070248000057],[101.18658741500008,6.509308954000119],[101.18815381900015,6.508911764000118],[101.19013715300014,6.507472637000149],[101.19212037199998,6.506009777999964],[101.1934142560001,6.505169695],[101.19391695400014,6.50489573599998],[101.19588812000018,6.503536894000035],[101.19799187900009,6.501742400000069],[101.19807366700007,6.500158975000033],[101.19833861700016,6.498472488],[101.19902814900018,6.496476233000124],[101.2008303830001,6.494205636000117],[101.20275702700013,6.493782012000054],[101.20427157500006,6.49277314699998],[101.20608470200006,6.491455073],[101.20902210200012,6.48940271500004],[101.21044471000005,6.488302167000086],[101.21215399600004,6.487408260000109],[101.21403534700005,6.486973471999988],[101.21553750000004,6.486503632000051],[101.21821026700013,6.485564257000021],[101.21969034000011,6.485083218000113],[101.22158243799998,6.483626881000134],[101.22118352300015,6.48140095499997],[101.21963606100019,6.479908832999968],[101.21818169500011,6.477601653000079],[101.2177247640002,6.475019995000139],[101.2168431180001,6.472839676000149],[101.2163967370002,6.470991909000077],[101.21614566200009,6.469236476000049],[101.21595183900013,6.46766444800005],[101.21543770400018,6.465162679000059],[101.21509603200013,6.46167489000004],[101.21483409800015,6.459368112000163],[101.21461732300003,6.457578648000037],[101.21466428300005,6.4560411490001],[101.21429125100008,6.454810574000021],[101.21392047400019,6.453585024],[101.21181064500018,6.453273878000061],[101.2102858140002,6.453318887000137],[101.20780883700019,6.453386678000129],[101.20750080500011,6.451125850000153],[101.2069633860001,6.448716277000131],[101.20564562700008,6.447269982000137],[101.20451176700004,6.445892388000175],[101.20350312700009,6.444744185000104],[101.20239205400009,6.443550099999982],[101.20120032100016,6.442378941000186],[101.1994123890002,6.440863447000027],[101.19873663500005,6.439497998000093],[101.19810768400015,6.437718726000128],[101.19761557800012,6.435837223000021],[101.19728434700016,6.43433350600003],[101.19718071400018,6.434008525000024],[101.1971712400001,6.431802327000128],[101.20025702100008,6.430020666000019],[101.20201530000014,6.427802871000097],[101.2006568750001,6.420293900000104],[101.20150469900011,6.41189125000011],[101.20012618900006,6.399520108000104],[101.20316823800016,6.387571248000143],[101.20712240800015,6.382249738000041],[101.20841947500008,6.375613552],[101.20895284600005,6.37303892000017],[101.20998365100019,6.368063254000049],[101.21058137400013,6.364553330999968],[101.21054925800019,6.357038646000035],[101.2109757500001,6.353500649000125],[101.21716147800015,6.353474181000081],[101.22068456200014,6.350806506000026],[101.22287277800018,6.34593435700009],[101.22298645900008,6.34583671200005],[101.22272612000012,6.345314649000159],[101.22354103900017,6.343743355000129],[101.22460824700016,6.342676600000061],[101.22583623600008,6.341174738000177],[101.22617905300012,6.340926934000095],[101.22444639399998,6.339297069000168],[101.22449579700009,6.339235836000171],[101.2225602970002,6.337315886000113],[101.22056451200018,6.33555661600019],[101.21857250900007,6.334680946000049],[101.2172396410001,6.332918267000139],[101.21590681900017,6.331155579000097],[101.21413656300007,6.330500401000108],[101.2130282980001,6.329620965000174],[101.20902837100016,6.324112485],[101.20435871700016,6.31683838400005],[101.20058727500003,6.313096615000177],[101.19659752500013,6.309798145000116],[101.19548654400018,6.308255885000051],[101.1934825940001,6.304506606000075],[101.191477759,6.300536963000184],[101.19102820800003,6.298770443000024],[101.18991634400004,6.297006697000086],[101.18725570100008,6.294586692000166],[101.18392203500014,6.28973833800012],[101.18280746700009,6.287311306],[101.1828000930002,6.285543436000125],[101.18204165700018,6.28470252600016],[101.1816910610001,6.284442979000119],[101.17992190500013,6.284007956000096],[101.17877161400003,6.283848348],[101.17806523100012,6.284116261000065],[101.1764021210002,6.285147510000058],[101.1748660130001,6.285628516000031],[101.17272155800003,6.286062839000181],[101.17044971799999,6.288045802000056],[101.16894798800013,6.288515366000183],[101.16642510600008,6.289201541000182],[101.163833066,6.290232094000089],[101.16203265100017,6.291114182000058],[101.1597166300001,6.29130738200007],[101.1574354620002,6.291328652000061],[101.15514304200008,6.290397386000109],[101.15351557300016,6.289960014000144],[101.15107433300011,6.289499410000019],[101.14918334600009,6.288556862000064],[101.14811855300019,6.287351017],[101.1462178430001,6.285134954000057],[101.14515274799999,6.283860740000137],[101.14348064200004,6.28189684],[101.14131570600017,6.280093726000018],[101.13892070400004,6.279047515000059],[101.13641121800009,6.278184815000088],[101.13408481300007,6.277069933000064],[101.13241216000011,6.275920761000179],[101.13149693400004,6.274141861000089],[101.13136229100019,6.273792115000106],[101.13116636400008,6.272273048000102],[101.13181882400005,6.269839138000123],[101.13158818400018,6.267408304000071],[101.13047748800011,6.265865803000111],[101.12914957599997,6.265207860000089],[101.12650005500007,6.265440075000015],[101.12429512200015,6.266554203000055],[101.12342005600004,6.268546593000053],[101.12232187600011,6.270098580000081],[101.12055989900011,6.271431825000036],[101.11813199700009,6.271884026000066],[101.11570445100017,6.272556612000074],[101.11327297300005,6.272124587000121],[101.111943307,6.271024754000166],[101.11149495000012,6.269479008000189],[101.11126529100005,6.267269561999967],[101.11037362400009,6.265283726000177],[101.10882317900013,6.264184796],[101.10727310200002,6.263306766000028],[101.1061283190001,6.262688126000171],[101.10470848200009,6.259935414000154],[101.10387350400015,6.258132959000136],[101.10311864000005,6.256457299000033],[101.10152680100003,6.255443259000174],[101.10110787700017,6.256297535000158],[101.10078557300017,6.256752541000139],[101.1003768490001,6.257056478000152],[101.09962176600004,6.257297338000171],[101.0990394050001,6.257386132000079],[101.09878057499998,6.257473623000124],[101.09852234400006,6.257712531000152],[101.09781320600018,6.258579850000046],[101.09645709500012,6.259752020000064],[101.09583236800006,6.260121777],[101.09529332700015,6.260318292000022],[101.09458120099998,6.260429078000129],[101.09380407800012,6.260389225000097],[101.09283178400011,6.26026312100015],[101.09188082100002,6.260094021000043],[101.09108125600005,6.259946351000053],[101.09045515200012,6.259970324000165],[101.08967804000014,6.260081320000097],[101.08918143700015,6.260148283000092],[101.08894427500007,6.260149222000052],[101.08857666400013,6.259999274000108],[101.08838110100004,6.259805681000159],[101.08803443700009,6.259396294000112],[101.08757943200004,6.259138746000133],[101.08660726300013,6.25903467400002],[101.0856222000001,6.259102464000136],[101.08373749700019,6.259564777000094],[101.08319797100017,6.259631906000038],[101.08263654500007,6.259590621000086],[101.08205293500009,6.25950647000019],[101.08151174500006,6.259162831000083],[101.08048697600009,6.258466813000041],[101.0785739320001,6.25732854000006],[101.07699232400017,6.256466333000049],[101.0760354190001,6.255943481000145],[101.07562462700002,6.25572869500013],[101.07521371100017,6.255622417000041],[101.07484661100017,6.255602392000071],[101.07456648000016,6.255732876000025],[101.07424392500019,6.256123485000103],[101.07372930999998,6.257075885000063],[101.07345028400016,6.257487765],[101.07312722400007,6.257748393000099],[101.0726313400001,6.257858257000123],[101.07207013800019,6.257881951000115],[101.07046968300006,6.257391614000142],[101.0695380530002,6.256833610000172],[101.06926405900009,6.256511530000182],[101.06894039400004,6.256338768000091],[101.06834449900003,6.256291379000174],[101.06774761700007,6.256144575000064],[101.06752400800013,6.255996818000028],[101.06727506200014,6.255873523000048],[101.06702694300009,6.255949079000061],[101.066804955,6.256222866000087],[101.06663239900013,6.256571585000074],[101.06653801700014,6.257838757000115],[101.06621660200011,6.258237794000024],[101.06577151000005,6.258636766000166],[101.06527571700013,6.258912221000116],[101.0647004220001,6.259082270000079],[101.06443253200013,6.259164159000022],[101.06416048500006,6.259339226000179],[101.06391251700018,6.259463956000047],[101.06366406700005,6.259464933],[101.06346508600018,6.259267384999987],[101.0632153680001,6.258945171000164],[101.06284142200008,6.258623438000086],[101.06176650200013,6.258092570000088],[101.06127317700009,6.257561682000187],[101.06084843400004,6.256818079000027],[101.06047258100011,6.255999668000072],[101.06034462700018,6.255056012000182],[101.06034180500012,6.254335600000047],[101.06029087899998,6.254012603999968],[101.06019089500006,6.253863805000037],[101.06006664000017,6.253715134000061],[101.05986740200007,6.253591604000178],[101.05949505600017,6.253667638000024],[101.05892505900016,6.253893642000094],[101.05781004800019,6.254518972000142],[101.05644627000015,6.254922089],[101.05542886500007,6.255100114000072],[101.05433648500008,6.255154119000053],[101.05322936900018,6.255054464000068],[101.05170493800006,6.254811792000055],[101.05018730800009,6.254425046],[101.04926716700004,6.254055704],[101.04849582899999,6.253611753000143],[101.04727090199998,6.252259876000096],[101.04454311100017,6.250974829000086],[101.04392973400013,6.250505414000088],[101.0430116930001,6.24979703200006],[101.0423835740001,6.24959039100014],[101.04170406399999,6.249540482000157],[101.0404511860001,6.249858964000055],[101.04003281100017,6.2498605830001],[101.03951008100012,6.249758074000056],[101.03867221300004,6.249343211000109],[101.03809636900019,6.249083816000052],[101.03767773300018,6.248876370000119],[101.03699484200007,6.248094736999974],[101.03620950200013,6.247679072000153],[101.0358427810001,6.247471413000142],[101.03558072500005,6.247158817000184],[101.03516029200017,6.246637236000083],[101.03468935600011,6.246482528000115],[101.03416703100015,6.246484548000069],[101.03364439000018,6.246538557],[101.03317361700005,6.246435837000035],[101.03280669900005,6.246175637000022],[101.03243917100019,6.245601854000085],[101.03222827100012,6.245236509000108],[101.03207043500004,6.244870953999964],[101.031860554,6.244767269000022],[101.03144232600005,6.244664347000025],[101.03050223400004,6.244825052000067],[101.03013632500006,6.244826464000027],[101.02935220000012,6.24472495599997],[101.02893433399998,6.24472656800009],[101.02815045500006,6.244834120000121],[101.02773340300001,6.245044805000077],[101.02726608799998,6.245830885000089],[101.02679893300018,6.246669509000014],[101.02664356800017,6.247088815000097],[101.02607077600004,6.24761367800005],[101.02508012500004,6.248140737000085],[101.02330694400018,6.249140917000034],[101.02210798900018,6.249825268999984],[101.0215855030001,6.249931820000029],[101.0208532850001,6.249830093000071],[101.0202770750002,6.249466145000156],[101.0194877190001,6.248005147000072],[101.01911880400019,6.247222251000096],[101.01869957800017,6.246857733000127],[101.01796695600012,6.246651464000024],[101.01603618200005,6.247338614000057],[101.01551312500004,6.247288064000145],[101.01509446600011,6.247080629000095],[101.01478070500019,6.247134375000144],[101.01352979300003,6.247975443000087],[101.01264438300018,6.248711121000042],[101.01202065600017,6.249654876000022],[101.0114006460002,6.251435494000077],[101.01098425400005,6.251959746000125],[101.01056902100004,6.252641084],[101.01036348500008,6.253531288000147],[101.01031453200005,6.254472843000144],[101.01050108600003,6.255413498999985],[101.01045036200009,6.255727316000105],[101.01013720100019,6.255937561],[101.00930090500009,6.25594076100009],[101.00841247500011,6.255891604000055],[101.00794252800006,6.255998492000174],[101.00747493699998,6.256732021],[101.00721489000006,6.257099176000111],[101.00653679600009,6.257415393000088],[101.00591061600016,6.257574874000056],[101.00533715300003,6.257943189000059],[101.00429513500018,6.258784037000169],[101.00414034600004,6.259359839000012],[101.00408942600012,6.259778190000077],[101.00393503400011,6.26030199500002],[101.00351759400007,6.260564661000046],[101.00278574900017,6.26041092100013],[101.00189532900004,6.259995604000153],[101.00152884400018,6.259840504000067],[101.0012154370001,6.259841699000106],[101.00090322099999,6.260156509000012],[101.0007472750001,6.260418695000055],[101.0003301860001,6.260629367999968],[100.99986118800001,6.260997318000079],[100.99933851300005,6.26105126200008],[100.99886852100008,6.261158188000024],[100.99772046700008,6.261580680000179],[100.99699016700009,6.261845084000015],[100.99599888500012,6.262371523000184],[100.99542620200009,6.262948953000148],[100.9951144150001,6.263368815999968],[100.99469401000005,6.263446693000105],[100.99446688600011,6.263414783000144],[100.99423939500019,6.263286258999983],[100.99404409200014,6.263157062000062],[100.99391407500008,6.263125338000123],[100.99371983100019,6.263126076000162],[100.99342885900012,6.263386548000028],[100.99323565500009,6.263809372000026],[100.993107953,6.264231391000067],[100.99301124100003,6.264491678000184],[100.99278535200006,6.264784678000069],[100.99255944900011,6.26507712700004],[100.99239875100011,6.265434828000025],[100.99214017100007,6.265597977000141],[100.99171909900019,6.265794547000041],[100.99110324600014,6.265861839000138],[100.99051938000014,6.265864056000055],[100.99019524000016,6.265865286000121],[100.98967656600007,6.265932239999984],[100.98941742700003,6.266095386000188],[100.989224251,6.266388260000042],[100.9891286100002,6.266777978000164],[100.98906501500016,6.267135320000079],[100.9889041880001,6.267460284000151],[100.98854901600004,6.26791593900009],[100.98838830400007,6.268273642000111],[100.98829380100011,6.269117622000124],[100.98816719900015,6.269831785000122],[100.98794290200016,6.270546896000099],[100.98768424800005,6.270839990000184],[100.98742554300003,6.270970951000095],[100.98726385600008,6.27106873200006],[100.9868756680001,6.271459558000117],[100.98636126200017,6.27266226100005],[100.98578297900002,6.273995155000023],[100.98542876900007,6.274710177000031],[100.98504044700007,6.274906589000125],[100.98465260500012,6.275232414000129],[100.98445902399999,6.275557476000074],[100.98433047700013,6.275915093000037],[100.9843325650001,6.276466565000021],[100.98430224800018,6.276953759000037],[100.98420632100016,6.277278487000046],[100.98417442900018,6.277505757000029],[100.98404576100017,6.277831165000123],[100.98381961300015,6.27805917500018],[100.98343140000009,6.278287795000097],[100.9831075310002,6.278353465],[100.9827181780002,6.278290497000114],[100.9824906770001,6.278161377000117],[100.98226330700015,6.278065071000128],[100.98200353700014,6.278066055000068],[100.98177690100005,6.278164080000067],[100.98088975500019,6.279368198000043],[100.9805668670001,6.279693782000152],[100.98008131600017,6.280019979999963],[100.97927087400006,6.280152993000058],[100.97813532900017,6.280027341000164],[100.97738825100004,6.279738572000156],[100.97699820000014,6.27948011899997],[100.97673837700006,6.279318937000141],[100.97644642200015,6.27932004000013],[100.97570129500008,6.279550007000068],[100.97498860900004,6.279844802000071],[100.97460002400015,6.279976259000023],[100.97417961600019,6.280204995000076],[100.97379104700008,6.280498018000117],[100.97343607400012,6.280856488000097],[100.97279016900006,6.281638150000106],[100.97230595500014,6.282321443000058],[100.97195081500007,6.282647149000184],[100.9716592600002,6.282745416000068],[100.9711078410001,6.282682503999979],[100.97045863000017,6.28258777200017],[100.96997218400003,6.282686781999985],[100.96948722000008,6.283013527000151],[100.96929261300005,6.283079251000061],[100.968957541,6.283024561000161],[100.9694251840001,6.283788477000144],[100.96939671800004,6.284180155],[100.96962332800013,6.285726473000068],[100.97142447600015,6.294782734000023],[100.97276381699999,6.298315020000075],[100.97542468300009,6.300957338000046],[100.9798564990001,6.304477825999982],[100.98937411000009,6.309083559000157],[100.99711741700014,6.311927810000043],[101.00132439600014,6.314343102],[101.00310306200004,6.317210123],[101.00399370800017,6.318974758000081],[101.00531998900004,6.319190569000114],[101.00818542500019,6.31741146100012],[101.01128192100003,6.318283814000097],[101.01438436700005,6.320703232000085],[101.01704980800008,6.324450481000099],[101.019716711,6.328419179000036],[101.02435780400009,6.328843556000038],[101.03209627600017,6.330360449000068],[101.03939054000006,6.331216110000071],[101.04447290900004,6.331417081000097],[101.04734780800015,6.332069081000043],[101.05044379800017,6.332941150000124],[101.05797725100007,6.338437377000048],[101.07081852300013,6.345238412000128],[101.0783443270002,6.348744795000073],[101.07837448200013,6.356260099000167],[101.08017592500005,6.364652530000114],[101.08019728400012,6.369957487000022],[101.07801639200017,6.377039813000181],[101.07633154900009,6.38010906400018],[101.07494443200017,6.382357237000122],[101.07496222600003,6.38677795600006],[101.07852400100012,6.393394729000136],[101.07919510800014,6.398591377000059],[101.07943650500016,6.400464616000079],[101.07681569100004,6.407990631000075],[101.07506749000004,6.412860915000181],[101.074658017,6.420819830000084],[101.06941740200011,6.436314362000132],[101.063497402,6.447832144000074],[101.05954998100015,6.455363589],[101.05779860400014,6.459349645000145],[101.05245883900017,6.458119061000104],[101.05204733200014,6.458046735000153],[101.04586023000019,6.458071630000177],[101.04234008800006,6.462064745000077],[101.03971864000005,6.469590826000058],[101.03754070200011,6.477557020000177],[101.0349185660001,6.485083096000096],[101.03467357500017,6.48574466600013],[101.03658541000016,6.485701074000076],[101.03697725000006,6.48573407300006],[101.03766891600009,6.485835003000034],[101.0380493310002,6.485891089000063],[101.03863689100018,6.485888727000031],[101.0417751230001,6.485840218000021],[101.04266897100018,6.485826403000033],[101.04293821100009,6.485865187000059],[101.04302312800007,6.485894623000036],[101.04367298900013,6.486248716000091],[101.04408899600014,6.486558168000101],[101.04437107800004,6.486856708000118],[101.04445612300009,6.486966476000134],[101.04459667600008,6.487254066000162],[101.04461184700017,6.48733043500016],[101.0446121130002,6.487339208000094],[101.04466336400009,6.488998799000171],[101.04490657200012,6.490136928000084],[101.04503881000005,6.490938236000147],[101.04493415100018,6.490973602000054],[101.04448503300017,6.491172867000103],[101.04431218700006,6.491249563000054],[101.04430018600004,6.491254881000145],[101.04408688300009,6.491391856],[101.04393830200013,6.491509132000147],[101.04382865200012,6.491639214000031],[101.04377361600018,6.491702641000074],[101.04369319699998,6.491795321000097],[101.04351223500015,6.491919210000106],[101.04332746000006,6.491988739000135],[101.04237279900019,6.492444332000048],[101.04203651600017,6.492815097000118],[101.04189430200012,6.493145131000063],[101.04176927400005,6.493950256000119],[101.04182923000008,6.494660279000186],[101.04189202000009,6.495519420000107],[101.04197587500005,6.49642548200012],[101.04202565500003,6.497273830000154],[101.04200525200008,6.497962208000104],[101.04185879800019,6.498627869000188],[101.0425298460001,6.500121666000041],[101.04267152000011,6.500968066000098],[101.042690757,6.501451966000161],[101.04268284800014,6.501633488000095],[101.04262310000018,6.501815227000122],[101.04249474100016,6.502126875000158],[101.04234941400011,6.502516372000116],[101.04229834100005,6.50270671300018],[101.04229917200001,6.502912406000064],[101.04235861500007,6.503050573],[101.04236600700017,6.503057898000179],[101.0424393300001,6.503111924000052],[101.04259048500006,6.503157274000046],[101.04269367400019,6.503245267000125],[101.04271536800019,6.503266792000034],[101.04276760200008,6.50336164700019],[101.0427733260002,6.503384199999971],[101.04277823000007,6.503403452000157],[101.04281150000014,6.503534325000089],[101.04280705600013,6.50364703200006],[101.04279582400011,6.503931942],[101.04271091700008,6.50430391000009],[101.04263437400004,6.504606712000054],[101.04252312400007,6.504875076000076],[101.0423426380001,6.505117798000072],[101.04222226400009,6.505265202000032],[101.04204150000004,6.50543878700006],[101.04167134100004,6.505785977000016],[101.0416223310001,6.505846386000144],[101.04158038600008,6.505945375000067],[101.04152611800004,6.506201412000053],[101.0415011250002,6.506428259000074],[101.04144589600014,6.506555603000095],[101.04143454299998,6.506568091000076],[101.04114853700014,6.506851119000032],[101.04106104800007,6.506972477000147],[101.04102143400019,6.507027409999978],[101.0409633330001,6.507143343000052],[101.04093430700016,6.507295637000084],[101.0409347490002,6.507405104000156],[101.04093492400011,6.507448319000105],[101.04101528300015,6.507679095000185],[101.04102123200016,6.507707663000076],[101.04108408400003,6.508009482999967],[101.04108541000016,6.508337892000043],[101.04113015300004,6.508717979000153],[101.04112294300018,6.509072352999965],[101.04110663600011,6.509314412000037],[101.04102977800017,6.509539421000113],[101.04090974700011,6.509773256000187],[101.04078079300007,6.509937988000104],[101.04063602899998,6.510036862000106],[101.04060839500005,6.51004239700012],[101.0401510860001,6.510208447000025],[101.03979729800017,6.510330872000111],[101.03969387800015,6.510400435000122],[101.03955643000012,6.510599760000161],[101.03946228700005,6.510824847000038],[101.03931619100007,6.511024220000081],[101.03901466300016,6.511250144000144],[101.0384808730002,6.511736278000058],[101.03826596300019,6.512013711000179],[101.038180183,6.51216961800003],[101.03814634900004,6.512351245000048],[101.03812178400005,6.512688405000063],[101.03811596800011,6.512815031000059],[101.03806796800006,6.512934587000188],[101.03801081300003,6.513025913000092],[101.03791802100017,6.51316882499998],[101.03784764600016,6.513277207000101],[101.03779428800016,6.513378246],[101.03771043500006,6.513537033000091],[101.03761639400017,6.513788047999981],[101.03757398900012,6.513986996000085],[101.03756639300002,6.514246307000178],[101.03760280800014,6.514704207000023],[101.03756891500007,6.514849187000152],[101.03751501000016,6.514895957000078],[101.03708549500004,6.514991506000115],[101.03682119600012,6.515023684000084],[101.03664500700017,6.515045134000104],[101.03646431900017,6.515030810000155],[101.03642388500003,6.515021465000189],[101.03630765700018,6.514960071000075],[101.03614313000014,6.514874304000159],[101.03598375400009,6.514824004000104],[101.03590830600007,6.51480611400001],[101.03579123000014,6.514806586000077],[101.03568654600019,6.514829715000133],[101.0354693340002,6.51492888000007],[101.03541006800009,6.514973068000188],[101.03527118200014,6.515076606000036],[101.03521097700019,6.515145986000107],[101.03520764600017,6.515151862000039],[101.03518279000008,6.515195770000105],[101.03515928200011,6.515237324000168],[101.03514504600014,6.515310615000089],[101.03514260900005,6.515336405000141],[101.03514344500013,6.51554382300003],[101.0351788480001,6.515751100000045],[101.03525805499999,6.515915036000138],[101.03527470200004,6.515949490000139],[101.03541358900009,6.516104491000078],[101.03561386800004,6.516239239000015],[101.03565619500012,6.516267725999967],[101.03582076600014,6.516362129000072],[101.03603790900007,6.516637811000123],[101.03621712600005,6.517006629000093],[101.03632763600012,6.517234057999985],[101.03644531600008,6.517486375000033],[101.03656999100019,6.517868310000097],[101.03662921000006,6.518088452000029],[101.03666908600013,6.518334601000049],[101.03666229500004,6.51916696700016],[101.03666042100002,6.519397668000124],[101.03671312600005,6.519611362999967],[101.03681117800016,6.519818388000147],[101.036935045,6.519999378000023],[101.03705868000003,6.520122031000142],[101.03722747100005,6.520192658000042],[101.03740876900014,6.520225606999986],[101.037553103,6.520229155000095],[101.0379221250002,6.520308322000176],[101.03812684100006,6.520437451000134],[101.0381875330001,6.520532001000106],[101.03825488000007,6.521037626000123],[101.038280014,6.521107950999976],[101.03829242500007,6.521142677],[101.03829421100005,6.521147658000189],[101.03829927300012,6.521154956999965],[101.03836591800001,6.521251088000042],[101.0385420300002,6.52152909400013],[101.03864016100005,6.521755561000134],[101.03870549400006,6.521884935000173],[101.03871115800018,6.521890553000105],[101.03878357700006,6.52196240700016],[101.03886158199998,6.522020423000185],[101.03898498500018,6.522084744000097],[101.03919914800002,6.522155178000048],[101.03935005000011,6.522158761000071],[101.03943247900008,6.522160714000165],[101.03960751400007,6.522172966000085],[101.0397760960002,6.522191734000046],[101.03995779600012,6.522249337000119],[101.04012013400006,6.522326461000091],[101.04035407700013,6.522481084],[101.04049697100004,6.522558286],[101.04058783800019,6.522590327999978],[101.04078229500004,6.522596021000027],[101.04105733200015,6.522611832000166],[101.04120365300008,6.522620245000041],[101.04128386700012,6.52262437800016],[101.041421,6.522650178000163],[101.04179196200016,6.522793233000186],[101.04231183800005,6.523136830000112],[101.04272190500012,6.523390854000127],[101.04279415900004,6.523447903000147],[101.04297071000019,6.52366423],[101.04315613300014,6.523928513000158],[101.0433528430001,6.524135135000165],[101.04375702400006,6.524363967999989],[101.04408066399998,6.524616169000183],[101.0443005520001,6.524857261000079],[101.04438808300011,6.525004705000185],[101.044424402,6.525098564000018],[101.0444755790001,6.525398149000068],[101.04446666900003,6.526043496000057],[101.04442269400005,6.526562223000099],[101.04435524100006,6.526977333000161],[101.04426503000013,6.527461684000173],[101.04422025200017,6.52767178400012],[101.04421049000007,6.527765478000106],[101.04421878600004,6.527925956000047],[101.04423465200011,6.52802035000002],[101.04429120900011,6.52823364000011],[101.04439668200001,6.528671093000128],[101.04443284000018,6.529062742000121],[101.04438792100012,6.529351011000074],[101.04423963700009,6.52972035],[101.04416128000008,6.529900435000059],[101.04409394700014,6.530099174999975],[101.04405748100015,6.530262688000107],[101.04404694400006,6.530504723000149],[101.04408342700015,6.530676087000131],[101.04414173800006,6.530783763000159],[101.044327818,6.531010917000117],[101.04437764700015,6.531099768000104],[101.044464103,6.531355712000106],[101.04449113400005,6.531525361000035],[101.0445082490001,6.531870920000131],[101.04445269900015,6.533325650000052],[101.04409486800012,6.533820429000059],[101.04373934500012,6.534613481000122],[101.04337258300012,6.535268103000078],[101.04296017800004,6.536245047000136],[101.04296113800012,6.537049126000113],[101.0430897670002,6.537979767000138],[101.04311405000016,6.538967951000188],[101.04303568500012,6.540116995],[101.04302557099999,6.540967390000105],[101.04314188300003,6.541633609000087],[101.04324549900008,6.5416913950001],[101.04415453200005,6.541679842000121],[101.04515576600016,6.541576245000158],[101.04593823900012,6.54156529200003],[101.04623876500011,6.541598842000155],[101.04748025300017,6.541737438999974],[101.04874669200007,6.541979301000083],[101.05293416900008,6.54199484600008],[101.0548704140001,6.542043728000181],[101.05584949400014,6.541970588000027],[101.05671437000012,6.541932443000121],[101.0568279520001,6.541946721000045],[101.05692132600018,6.541979641000125],[101.05708741100017,6.542034262000129],[101.05724177900015,6.542055155000185],[101.05742860300012,6.542054391000079],[101.0579662340001,6.542036826000128],[101.0585959070001,6.541988155000126],[101.05944028400006,6.54184641400002],[101.05957147700019,6.541834939000069],[101.05999313800015,6.541798056000118],[101.060385527,6.541823505000025],[101.06049931400008,6.541872860000069],[101.06070076800006,6.542025622000097],[101.06111680800007,6.542331201000081],[101.06148620800008,6.542498691000105],[101.0618707700001,6.54262002500019],[101.06249282900012,6.542813685000056],[101.06283585900007,6.542940158000135],[101.06298286700019,6.542965484000092],[101.06319015400015,6.542938704000164],[101.06336039300015,6.542869794000126],[101.06341437700019,6.54282543000005],[101.06367276300006,6.542616952],[101.06379754400018,6.542556894000029],[101.0638538770001,6.542529789000184],[101.06400064200011,6.542494613000088],[101.06415483600006,6.542507999000122],[101.06421173100006,6.54252354900018],[101.06427744700017,6.542562620000126],[101.06441613800018,6.542665752000119],[101.0644872950001,6.542736332000118],[101.06470403200018,6.542893146000154],[101.06472822000006,6.542906457000072],[101.06485809400016,6.542966418000162],[101.06498853400012,6.542974040000047],[101.06501044700008,6.542985338000108],[101.06514522200013,6.543089286],[101.06515243000018,6.543094853000014],[101.06516049000015,6.543105192999974],[101.06530011700005,6.543284375999974],[101.06546533200014,6.543534322000085],[101.06562130700013,6.543637391000175],[101.0658202350001,6.543679785000108],[101.06607091000012,6.543696041000032],[101.06885443300013,6.54392657],[101.06908789500011,6.543960180000113],[101.0692492460002,6.544015911000031],[101.0693498650001,6.544106634000173],[101.0694441930001,6.544227204000038],[101.06983821699998,6.544937996000044],[101.07047118100013,6.545688234000124],[101.07136582300012,6.546560302000159],[101.07162831500017,6.546881872000085],[101.07175273400003,6.547250097000131],[101.07186467000008,6.547590473000014],[101.07193943300013,6.547817800000075],[101.07206397900012,6.548216754000066],[101.07223405000008,6.548477242000104],[101.07228127400009,6.548753606999981],[101.07236220800002,6.549751938999975],[101.07240540700013,6.550039357000173],[101.07262542300003,6.550856942000053],[101.07272135300019,6.551213409000127],[101.07282587200001,6.551411752000092],[101.07297355800017,6.551601279000067],[101.07315574100005,6.551773367000067],[101.0734245590001,6.5519969610001],[101.07361906200009,6.552093216000173],[101.07375361500016,6.552159800000027],[101.07414316800015,6.552322399000047],[101.07424835400013,6.552356980000127],[101.07442872700005,6.552416283000184],[101.07447820100003,6.552438301000052],[101.07461574500007,6.552512596000042],[101.074657252,6.552570201000094],[101.07468904000018,6.552673808000065],[101.0746902200001,6.552959354000052],[101.07469029300017,6.552976953000041],[101.0747086610001,6.553038459000163],[101.07473411000018,6.553123687000095],[101.07486423600011,6.553244144000189],[101.0750894430002,6.553372849000084],[101.0751594950001,6.553395195000178],[101.07538365500017,6.553466696000157],[101.0755241810001,6.553491647000158],[101.07561295800008,6.553499349999981],[101.07581906400009,6.553517230000068],[101.075836767,6.553516116000139],[101.07634127500017,6.553484339000079],[101.07700187300014,6.553481605000059],[101.07752452200015,6.553556266000101],[101.07815483400003,6.553661203000161],[101.07871110200006,6.553777447000186],[101.07878522000016,6.553781500000071],[101.07949221500013,6.553855396000131],[101.07977807600008,6.553932087000021],[101.07989763500012,6.553988701000094],[101.0802156630001,6.554190401000085],[101.08053955100013,6.554496346000064],[101.08073753900015,6.55477111600004],[101.08078610100006,6.554879662000133],[101.08089640400004,6.55533988600007],[101.08100371800003,6.555844530000059],[101.0810539270002,6.556280049000122],[101.08106334700011,6.558550284000091],[101.08109866700016,6.559656348000146],[101.0811162600001,6.560194019000107],[101.08121029699998,6.560639190000131],[101.08138247500005,6.561406677000093],[101.0815229690001,6.561943831000121],[101.08161693500006,6.562373640000089],[101.08162019000008,6.563157190000084],[101.08168342800013,6.56358712600013],[101.08183923700017,6.564108854000153],[101.08204073600007,6.564538207000055],[101.0824580260001,6.5651356730001],[101.08268958000008,6.565615080000043],[101.08271401400015,6.565735389000167],[101.08271233300013,6.566793734000044],[101.08278470400018,6.567052696000189],[101.0828568410002,6.567253330000085],[101.08296137800005,6.567453829000044],[101.08309048100011,6.567674750000094],[101.08321818800016,6.567904678000161],[101.08328818200005,6.568111799000121],[101.0833468470002,6.568365062000055],[101.08373231600007,6.569619472999989],[101.08380327000003,6.570057047000148],[101.08392021900005,6.570471394000037],[101.08397774000008,6.570657613000094],[101.08406715300015,6.570840386000043],[101.084152782,6.570977439000103],[101.08419720800015,6.571030933000088],[101.08436140800006,6.571200293000061],[101.08448817400006,6.571275643000092],[101.08476543500018,6.571447331000059],[101.08570047600017,6.571858260000056],[101.08602358100018,6.571972143000153],[101.08624303200014,6.572097983999981],[101.08642127100006,6.572265899000115],[101.0865313020002,6.57241134700007],[101.0866252470002,6.572568832000059],[101.08669713400002,6.572711128000094],[101.08678650300004,6.572866031000046],[101.08687259000016,6.572979821000047],[101.086952494,6.573111303000076],[101.08696871100005,6.573149084000079],[101.08708332800018,6.573416166000186],[101.08709189000018,6.573449810000113],[101.08730498600005,6.575308474000053],[101.08738138000018,6.57704811900004],[101.08736550800012,6.578765114000078],[101.08729950300005,6.579514388000064],[101.0872317190001,6.579837312000166],[101.08702834700017,6.580806095000128],[101.08648393000016,6.58288251100015],[101.08610983700004,6.584359017999986],[101.08596278700014,6.585016438000025],[101.08590125800009,6.585241579000126],[101.08573160800006,6.585677579000105],[101.08561250399998,6.585983670000132],[101.08551728500004,6.586171007000075],[101.08539534600015,6.586410934000128],[101.08534715100018,6.586488763000091],[101.08534585400014,6.586491275000128],[101.08517748100013,6.58686122600011],[101.08507935000011,6.587122390000047],[101.0849408850001,6.587956914000131],[101.0849084800002,6.588475592000066],[101.08487494700017,6.589411248000033],[101.08491321300016,6.590316278000159],[101.0849913780001,6.592165088000172],[101.08507953300006,6.594250058],[101.08526051799998,6.596196689000067],[101.08533265800014,6.596687014000054],[101.08538594400011,6.596842815000059],[101.08557587900009,6.597209394000117],[101.08597152000004,6.598129579000101],[101.08623838099999,6.598566340000104],[101.08636615199998,6.59880779100007],[101.08667821700016,6.599949172000095],[101.08703661000004,6.601146068000048],[101.0872066410002,6.601391170000056],[101.08737667400015,6.601636284000108],[101.08744037600007,6.601700713000184],[101.08814816200004,6.602416619999985],[101.08839501900007,6.602661402000024],[101.08847274100015,6.602712739000083],[101.08862613000014,6.602814072],[101.08987769700019,6.603182534000155],[101.09011831500004,6.603253369000015],[101.09050273700007,6.60332857100002],[101.09073371900018,6.603450519000035],[101.09151941500016,6.603954231000102],[101.0918289670002,6.604114955999989],[101.09165738600012,6.604418162000059],[101.09143410000013,6.604756149000025],[101.09120342500012,6.605109085000095],[101.09116789700005,6.605163448999974],[101.0908412670002,6.60558828700016],[101.09064405500004,6.605960728000127],[101.09055908400018,6.606306775000064],[101.0905170320001,6.60658350000017],[101.09047726500006,6.607404683000141],[101.0904347460002,6.607569060000174],[101.09039218300012,6.607724803000167],[101.09033245400008,6.607906538],[101.09022987000014,6.608174881000082],[101.09021512400017,6.608214353000164],[101.0902856940001,6.608199968000122],[101.09100654600007,6.607763],[101.09230260800001,6.606794763000153],[101.09451150900009,6.60522037200019],[101.09551909300018,6.604445449000082],[101.09696021300005,6.603572646999964],[101.097873714,6.603135418000136],[101.09941189900019,6.60250293200005],[101.10075839900003,6.602111893000085],[101.10196064100006,6.601673477000077],[101.10321026900004,6.601090181000131],[101.1046977580001,6.599831858000186],[101.10502773000007,6.599462203000087],[101.10728630600005,6.596931982000058],[101.10925025600005,6.594515600000136],[101.11030335400011,6.593018415000188],[101.11125792400003,6.590943593000077],[101.11187657900018,6.589207519000126],[101.1125715550001,6.587472826000067],[101.11312841900019,6.585413832000029],[101.11451077900017,6.583755887999985],[101.11601106400002,6.581670865000092],[101.11733340900014,6.579864569],[101.1187415460002,6.577769244000081],[101.11995225900012,6.576149305000115],[101.12154098399998,6.573878575000151],[101.1227831610002,6.57209691900016],[101.12421947600012,6.570253993000108],[101.12577589000011,6.568098677000137],[101.12684937000012,6.565309192000143],[101.12656649000013,6.563084854000124],[101.12565551500018,6.56050495],[101.12518048800007,6.557859331000031],[101.1257124080002,6.556194259000108],[101.12685787499998,6.554793841000048],[101.12833046600008,6.553662678000023]]]}},{"type":"Feature","properties":{"districtCode":"TH9506","provinceCode":"TH-95","nameTh":"อำเภอรามัน","shapeName":"Raman","shapeISO":"TH9506","shapeID":"TH9506","shapeGroup":"THA","shapeType":"ADM2","labelPoint":[101.43403245,6.47048391]},"geometry":{"type":"Polygon","coordinates":[[[101.49366414000019,6.603153144000032],[101.49364024600015,6.602670876000047],[101.49363577000014,6.602560172000153],[101.49364994600006,6.602463519000082],[101.49367441300006,6.602380919000154],[101.49377663500019,6.602155032000042],[101.49387891400005,6.60177288],[101.49389575800018,6.601737046999972],[101.49392848100013,6.601679214000114],[101.49397051900007,6.60162417500004],[101.49398829500012,6.601609064000172],[101.49411702999998,6.601541025000131],[101.4941878250001,6.601521771000137],[101.49483501900016,6.601435202000175],[101.4955360290001,6.601283814000055],[101.4955908600001,6.601268125999979],[101.49576136700006,6.601207348000116],[101.49577601900006,6.601199646],[101.49580710100014,6.601178872000105],[101.49585254300018,6.601132995000114],[101.4958711340002,6.601103995000187],[101.49587602900016,6.601085869000087],[101.49588062200007,6.601068854000061],[101.49587676300001,6.601008040000181],[101.49586933900014,6.600982652000027],[101.49585452400004,6.600942053000097],[101.49581575900015,6.600897625000187],[101.4955008880001,6.600703053000075],[101.49546779700012,6.600673999000151],[101.49511871400011,6.600224971000102],[101.49496591600007,6.599879485000145],[101.49494292700007,6.599797606000038],[101.49492162800016,6.599634298000183],[101.4949316740001,6.599587690000078],[101.49493264000017,6.599584740000182],[101.49495239900011,6.599524461000044],[101.49498220300012,6.599473211000088],[101.49500571000016,6.59944998200001],[101.49503275400008,6.599434116000111],[101.49521776000012,6.599359201000084],[101.49523823800007,6.599356688000114],[101.49542709300016,6.599363214000107],[101.49551149300004,6.599375955000028],[101.4968864080002,6.59975170600012],[101.49778993700005,6.600049954000099],[101.4982573900001,6.600200686000164],[101.49866845600019,6.600392474000046],[101.49909572000018,6.600628137000058],[101.49921316800015,6.60072467599997],[101.49942776800015,6.600937125000087],[101.4997397190001,6.601304413999969],[101.50026730700006,6.601980725999965],[101.50135938700015,6.603139436000106],[101.50163223800007,6.603370768000048],[101.50175493600011,6.603457408000111],[101.50179864199998,6.603481991000137],[101.50196309000012,6.603563416000043],[101.50236486500006,6.603703730000063],[101.50270179800015,6.603869809000059],[101.50322755100018,6.604177866000043],[101.50325362300003,6.604199967],[101.50327350700007,6.604210786000124],[101.50367244900008,6.604517862000137],[101.50386171700006,6.604523217000121],[101.50402530700012,6.604440392000129],[101.50435175600006,6.60412967200017],[101.50475973300013,6.603723921000096],[101.50504846300004,6.603438619000087],[101.5052938610001,6.603317537],[101.50566548200004,6.603208435000056],[101.50601193000011,6.603112076000173],[101.50640874900017,6.60299654],[101.50697336700017,6.602971104000062],[101.50702412200019,6.602955598],[101.50779155000009,6.602888004000079],[101.50816555600011,6.602834851000068],[101.50841321100012,6.602774715000066],[101.50862759900008,6.602702943000168],[101.50911149600006,6.602509926000096],[101.50934895900008,6.602380171999982],[101.50985862500016,6.601984882000181],[101.50991228000004,6.601938443000108],[101.51020871300017,6.601590930000043],[101.51073725200007,6.60086937900013],[101.51111619300008,6.600294875000031],[101.51120071500014,6.60016441800019],[101.51241649700006,6.598378007000065],[101.51255818900006,6.598180085000024],[101.5137848810001,6.596573264000028],[101.51407738100016,6.596243266999977],[101.5147534260002,6.595532884000136],[101.51672309500003,6.593789254000058],[101.51716777400014,6.593437341000026],[101.51775188200014,6.592918397000062],[101.51914155500009,6.591599448000068],[101.51933269400001,6.591402951000077],[101.51944930100018,6.59126472500003],[101.51975912700004,6.590862199000128],[101.51989638800012,6.590646800000115],[101.52040042200008,6.58974884700018],[101.52053876500008,6.589484310000046],[101.52068746000003,6.58916939300002],[101.52108961099998,6.588248775000068],[101.52132282100013,6.587639409000076],[101.52160107100002,6.586757488000046],[101.52175992100007,6.586183493000078],[101.52177365400019,6.586120697000183],[101.52183429100018,6.585767132000171],[101.52197207400008,6.584758111000042],[101.52204573100005,6.58385425400013],[101.52208854100007,6.58361196200002],[101.52152516300015,6.583230707000155],[101.5201973130001,6.582248359000062],[101.51895085500013,6.581380789000036],[101.51783820200018,6.579827418000036],[101.51725699200006,6.578481476000036],[101.51723241400015,6.577746709999985],[101.517568773,6.577022021000175],[101.51807722600006,6.576594121000142],[101.51930767099998,6.576077888000157],[101.52061341300004,6.575373706000107],[101.52221092200017,6.574170451000157],[101.52517829000016,6.572327044000133],[101.52604702000014,6.571663484000112],[101.52689128200018,6.570510893000062],[101.52728935000005,6.569254903000058],[101.52774776900003,6.567423606000148],[101.52803793400017,6.565933765000068],[101.5285821540001,6.564315000000136],[101.52946750200016,6.562694479000072],[101.53069338200015,6.56128524200011],[101.53225540500017,6.559108325000182],[101.53386418600013,6.557697116000043],[101.53526189100006,6.556541729000116],[101.5367791290002,6.556012145000182],[101.53871794200012,6.555872961000034],[101.54044985200005,6.55591334900015],[101.54292149600008,6.555811028000107],[101.54495164500014,6.555643142000065],[101.54633657800002,6.55553724900011],[101.54851098800003,6.555416631000071],[101.55004569900007,6.555221303999986],[101.55197303800009,6.554716728000187],[101.55393545500004,6.554218154000125],[101.5556117320001,6.553440293000165],[101.55779197800018,6.552246412000045],[101.55967349600007,6.55106534600003],[101.56145200700007,6.550511788000051],[101.56337858400019,6.549858604],[101.56490221300004,6.549936700999979],[101.56644623000017,6.550469330000112],[101.56780831900016,6.55142824700016],[101.56908983200009,6.552421986000013],[101.57092235600015,6.553045226000052],[101.57236228100004,6.553429258000051],[101.57322111000013,6.55393997900012],[101.5737189080001,6.554531655000062],[101.57441409700016,6.555072006999978],[101.57515671800007,6.555167582000024],[101.57674138000004,6.555028413000116],[101.57843346400011,6.555134954000152],[101.58064405900012,6.555584473000124],[101.5820900540001,6.556270095000173],[101.58340472000003,6.557880970000156],[101.58466743800005,6.55961016200007],[101.58577825200013,6.561006902000145],[101.58691392100019,6.562621503000059],[101.58835707600014,6.563740899000152],[101.59039892100009,6.564857154000038],[101.59243153100005,6.56560236200005],[101.59408319800019,6.56356781300002],[101.59610233000006,6.562049841000032],[101.59708501500012,6.56105745800005],[101.59749554600006,6.560067448000041],[101.5978000300002,6.558662309000056],[101.59773891100002,6.556895329000042],[101.5975741700002,6.555180794000023],[101.597590465,6.553852278000079],[101.59776934800016,6.552736395000181],[101.59843757400006,6.551225427000077],[101.59973117800013,6.550075531000118],[101.60097589700018,6.5491992850001],[101.60242186500011,6.548468249],[101.60401708500012,6.547656252000081],[101.60556599699999,6.54684450000002],[101.60744713100001,6.545628284000145],[101.60853464100012,6.544611629000144],[101.60887493000013,6.544232014000045],[101.60897615800019,6.543711859000098],[101.60887034000012,6.543348099000013],[101.60860770700015,6.543013955999982],[101.60745275400006,6.542031517000169],[101.6059867370002,6.54107326500008],[101.60495225400012,6.53957397400012],[101.60437346700007,6.538173409000137],[101.6038593880001,6.536509879000164],[101.60325391000009,6.534972750000065],[101.60230085100005,6.533702891000075],[101.600916972,6.532675862000133],[101.59980840500003,6.532134092000035],[101.59847852700011,6.530131421000021],[101.59782097300007,6.52943987000009],[101.59639062900004,6.529488128000139],[101.59508227000003,6.529413115000068],[101.59454755100012,6.528761804000112],[101.59405202100015,6.527783256000134],[101.5938419740001,6.52668060000002],[101.5935126240002,6.525678084000049],[101.59091529400007,6.522884946000033],[101.59061215800006,6.52205869800008],[101.59083663200016,6.520999792],[101.5915682010002,6.520191220000072],[101.5921364510001,6.519221927000103],[101.5921820960001,6.518854378000128],[101.59166815000003,6.517270392000171],[101.5914547390002,6.516006785000172],[101.59128542300004,6.51437503700015],[101.59076258800008,6.512082323000186],[101.58474450200004,6.512373526000033],[101.5827317240001,6.512184569000112],[101.58199477000005,6.511943059000032],[101.58146590900009,6.51092904900014],[101.58059133600011,6.5092521790001],[101.58039710600019,6.508756428000027],[101.57953302400011,6.506550886000184],[101.57876918600016,6.504601204000153],[101.57782164000008,6.503134366000097],[101.5769585450002,6.502198532000136],[101.57572657200012,6.501060176000067],[101.574697921,6.499716378000073],[101.57371160100013,6.498658522000142],[101.57195268200013,6.498381312000106],[101.57118963900018,6.498552910000114],[101.57027882300014,6.49875774200018],[101.56864251400003,6.498479892000091],[101.56823089900013,6.498121295000033],[101.56761616400019,6.497585740000034],[101.56683587900017,6.496853859000112],[101.5659344280001,6.496408750000171],[101.56486916600011,6.495925741000065],[101.56441866600011,6.49572147300006],[101.56343341100006,6.494867979000105],[101.56306176700019,6.493651355],[101.56305935900019,6.49364346800013],[101.56293012700013,6.492335953000065],[101.56243512300006,6.491439097000125],[101.56181792400002,6.490624612000147],[101.56165092300017,6.489930492999974],[101.56209389000014,6.488620082000182],[101.56151694599998,6.487682756000083],[101.56028958400009,6.487443676],[101.55902155500002,6.48724568200015],[101.55762679200018,6.486230714000044],[101.55762349300016,6.485576644999981],[101.55733430300006,6.484964894000086],[101.55684158700012,6.484517699000151],[101.55598165700007,6.484194991000095],[101.55483213000008,6.483178774000123],[101.55319215600008,6.482165022000061],[101.55229094900005,6.481760751000081],[101.55102334100013,6.481644489000075],[101.54971486500006,6.481528429000036],[101.54930724700006,6.481789012000036],[101.54910472800009,6.482523374000039],[101.54887734400012,6.482868273000065],[101.54869118300007,6.482959080000057],[101.5482602290001,6.48316929900011],[101.54759694300014,6.483401800000081],[101.54706974900006,6.483358616000032],[101.54691765500007,6.48312848400019],[101.54667726200017,6.482764745000054],[101.54635316100007,6.482101774000171],[101.54605278500009,6.481599109000058],[101.54588998800006,6.481118668000022],[101.54515544200018,6.480847349000044],[101.54439912900006,6.480805305999979],[101.54373423800018,6.480716977000043],[101.54316473300008,6.480641313000035],[101.5430693460001,6.480628640000134],[101.54270184100011,6.48044714200006],[101.5427153130002,6.480147584000122],[101.54274307000009,6.479530253000121],[101.5427388220001,6.478682338000056],[101.54275909400013,6.478155143000038],[101.54250557800015,6.477858488999971],[101.54196887500007,6.477676959000064],[101.54177114800012,6.477610081000023],[101.54121921000012,6.47720033600018],[101.54091689100005,6.476308079000148],[101.54086602800004,6.47614153000012],[101.5407072500002,6.475621612999987],[101.53964885800019,6.474733139000023],[101.53861452700016,6.474073710000084],[101.53838330000013,6.473937077000073],[101.53756212400003,6.472813118999966],[101.53707003000017,6.471057607000034],[101.53662297400012,6.469521617000112],[101.53578268400008,6.468427079000151],[101.53463943300005,6.468256985000096],[101.53367302800012,6.468305755000074],[101.53300430000002,6.468309089000172],[101.53297002600004,6.468309260000069],[101.53257305800008,6.468003593000105],[101.53199902199998,6.467435108000075],[101.53036809000008,6.466388445000064],[101.5288274340001,6.46582477000004],[101.52742012700014,6.465568069000028],[101.5259697520001,6.465487380000013],[101.52460856300019,6.465669941000101],[101.52351012400015,6.465675395000062],[101.52262788200017,6.464976576000026],[101.5202920050001,6.463537815999985],[101.5181288440001,6.461482887000045],[101.51610228600009,6.460394167000061],[101.51433741300019,6.458908593000046],[101.51164183900005,6.455801442999984],[101.50948660900008,6.45385629000009],[101.50761612900004,6.451294603000122],[101.50704703100001,6.451898240999981],[101.50627785300014,6.452531476000104],[101.50573580700006,6.452820257000099],[101.50473499100002,6.452882402000171],[101.50387901500011,6.453315782000118],[101.50307825100009,6.454083205000131],[101.50276870300007,6.454379863000156],[101.50102546800014,6.454703154000185],[101.49999575900011,6.454708211000138],[101.49890940600005,6.454827990000013],[101.49825448200005,6.455432046000112],[101.4974854250001,6.456093886000133],[101.49651403900003,6.45632754200011],[101.49528494300012,6.456505238000091],[101.49456121500009,6.456493263000027],[101.49391338900011,6.456798075000052],[101.49188941500017,6.458209960999966],[101.4894947030001,6.459852549000175],[101.48818523300008,6.461146484000039],[101.48753322200008,6.462351367000167],[101.48670637100014,6.462899035000021],[101.4853060440002,6.463163386000133],[101.48491283700008,6.463225863000048],[101.48196190600004,6.463694732000022],[101.47715853000017,6.464147334000188],[101.4736139920002,6.464286583000046],[101.46768455300014,6.464519470000027],[101.46697437000006,6.464575450000041],[101.46658001000014,6.46465644],[101.4662128600001,6.464868343000035],[101.46581939100014,6.465133492000064],[101.46524295100005,6.465636764000124],[101.46466552400017,6.465928791000067],[101.46406134900019,6.466063330000054],[101.46371886200018,6.466012457000033],[101.46301069000003,6.465804682000169],[101.46425314300006,6.464356985],[101.46467476700013,6.463807222000071],[101.46478348700009,6.463626600000055],[101.46501636300013,6.463180466000097],[101.46514311200008,6.462880635999966],[101.46518108300012,6.462751771000057],[101.46523770900018,6.462559588999966],[101.46529501700013,6.46226009500009],[101.46531034300011,6.462115756000117],[101.46530435500017,6.461982207000176],[101.46529312800004,6.461870055000134],[101.46526032800017,6.461715263000087],[101.4651138010002,6.46124043400016],[101.465034231,6.461039558000095],[101.46496684600004,6.460878295000157],[101.46484929200011,6.46067],[101.46432761099999,6.459940516000074],[101.46340737000014,6.458534382000096],[101.46328892400015,6.458342602000016],[101.46310557800007,6.457985498000141],[101.46293265700007,6.45757491300003],[101.46279824600003,6.457094192000113],[101.4627584960001,6.456907862000151],[101.4626596350002,6.45634730900008],[101.46263101600005,6.455952055000012],[101.46262647900011,6.455013450000081],[101.462631735,6.45467880700005],[101.46266107200006,6.454434455000069],[101.46269753000007,6.454213754000023],[101.4627025900001,6.454183126000146],[101.46275520500012,6.454017234000105],[101.4628397400001,6.453824471000019],[101.46291397800019,6.453711910000038],[101.46296773900013,6.453640615000097],[101.46307866500007,6.453524100000152],[101.46352541800013,6.453121203000137],[101.46467531500019,6.452314169000147],[101.46544997700016,6.451644927000189],[101.46551831000005,6.45157110700012],[101.46557624000019,6.451496192000036],[101.46568524300005,6.451318523000168],[101.46578071900018,6.451144015000125],[101.465886335,6.450892376000184],[101.46594947600016,6.450694374000136],[101.46600157300014,6.450421622000135],[101.46605129600005,6.45012457200005],[101.46605333400004,6.45007941300014],[101.46605245600017,6.449897749000058],[101.46604615799998,6.449700083000039],[101.4660184170001,6.44948649100013],[101.465958392,6.449236735000056],[101.46594436700019,6.449191473000042],[101.46554819900012,6.448143699000013],[101.46539332100008,6.447723992000022],[101.4650371960002,6.44650976500003],[101.46485207500007,6.445783992000088],[101.46459062399998,6.444680417000029],[101.46459034300005,6.444679227000108],[101.46443768600017,6.444038787000011],[101.46439923700007,6.443819905000055],[101.46438254300011,6.443681063000099],[101.4643655120002,6.443472762000169],[101.4643648930001,6.443344530000047],[101.46439041400015,6.44309862200015],[101.46443206200001,6.442874009000093],[101.46449973500006,6.442651191000152],[101.46456109100012,6.442498199999989],[101.46466174400001,6.442291268000133],[101.46479312100013,6.442112946000123],[101.46490850700013,6.44198474500007],[101.46530214700016,6.441646226000046],[101.46581260100015,6.441162876000021],[101.46623225000013,6.440679966],[101.46649756500011,6.440315350000049],[101.46677220300012,6.439952479000169],[101.46677491600008,6.439948472000083],[101.46714454300019,6.439345115000151],[101.46736812300003,6.438919712000029],[101.46742476100013,6.438797181000098],[101.46757252400016,6.438375937999979],[101.46771377200014,6.437760796000077],[101.46776558600016,6.437429271000099],[101.46780622600016,6.436996281000177],[101.46781208300018,6.435997087000089],[101.46777384200016,6.434714919000044],[101.4677390600001,6.434148715000106],[101.46774212100007,6.433972648000179],[101.4677701080002,6.433710427000051],[101.46789282500009,6.432806846000176],[101.46795458300005,6.432498850000115],[101.46807047300007,6.432034048],[101.46821971500015,6.431558245000133],[101.46832581500007,6.431277656000134],[101.46847810300005,6.430914481000173],[101.46862471700013,6.430617968999968],[101.46879953600006,6.430317909000053],[101.46910713800014,6.429862258000071],[101.46945192200008,6.429363681000098],[101.46981464600003,6.428918632000148],[101.46978538600013,6.428361811000173],[101.46965128400007,6.427835963],[101.4693310830001,6.426890213000092],[101.46917008400004,6.426180402000057],[101.4686396250001,6.42531418100009],[101.46784563500012,6.424370714000077],[101.46700056700018,6.423716688000184],[101.46610422000003,6.423326154000165],[101.46552501700012,6.423249862999967],[101.46510436100016,6.423251888999971],[101.46463107900007,6.423359792000099],[101.46386962100013,6.423652688],[101.46326616600004,6.424050450000038],[101.46255835100015,6.424580318000039],[101.46203567300006,6.425214358000062],[101.46130457400005,6.426428425999973],[101.46065306999998,6.427747726000064],[101.45950532000006,6.429806005000103],[101.45898275700006,6.430466620000175],[101.45843272500002,6.431048254000132],[101.45780369100004,6.431524653000054],[101.45735747000015,6.431737522000162],[101.45688392200009,6.431792327000153],[101.45639709800008,6.431781674999968],[101.45560749100008,6.431627283000182],[101.45426377000018,6.43121289100003],[101.453078091,6.430902831000083],[101.45131349400015,6.430568973],[101.44983858600011,6.430233720000103],[101.44857467100007,6.429977115000099],[101.44781104400005,6.429822585000068],[101.44683676800008,6.429669096000055],[101.44609925999998,6.429435915000056],[101.4448854200001,6.428783645000067],[101.44366025000016,6.428355660000136],[101.44281766400007,6.428228078000018],[101.44168634500016,6.428180948000033],[101.44058135700004,6.428212208000161],[101.43926650300017,6.428402620000099],[101.43829385200007,6.428591400000073],[101.43750650300018,6.428910942000073],[101.43666567400015,6.429152214000112],[101.43583894400018,6.429240847000074],[101.43564009900012,6.429262162000157],[101.43492961000004,6.429239558000063],[101.43424393600014,6.428979565000134],[101.43297792500016,6.428274982],[101.43114375300007,6.427086122000048],[101.43000890400003,6.426301783999975],[101.42808101900016,6.424758065000105],[101.42625930200012,6.4234510550001],[101.42488644300016,6.422483691000025],[101.42433169200018,6.421959847000039],[101.42366985700005,6.42112071300005],[101.42319185800017,6.42022817700007],[101.42257983399998,6.41870474100017],[101.4223383330002,6.417784542000163],[101.42233559600004,6.417205513000113],[101.4225443420001,6.416809698000122],[101.42272754500004,6.416624646000116],[101.42325186900007,6.416201354000066],[101.42390821900005,6.415882458000169],[101.42437981300014,6.415537898000082],[101.42487824200009,6.415140671000131],[101.42508633800009,6.414718835000031],[101.42511087900004,6.41429730699997],[101.42495051400005,6.413824681000165],[101.42464636699998,6.413391757000056],[101.4239586110001,6.412684352000042],[101.42290251300011,6.411820539000075],[101.4222678550002,6.411112880000019],[101.42194840700006,6.410430316000031],[101.42186792700016,6.410009839000168],[101.42189278600017,6.409772457999964],[101.42199414200019,6.408877179000058],[101.42206965700012,6.408245280000074],[101.42204069600012,6.407613873000173],[101.42193164300011,6.406877192000024],[101.42161312200011,6.406273698],[101.42116192600008,6.405433563000088],[101.42055133500008,6.404199313999982],[101.41984325000004,6.402888141000119],[101.41930574100007,6.402177799000128],[101.41863410600018,6.401290675000098],[101.41791930500011,6.400714998000183],[101.41693730400016,6.400229868],[101.41600069600008,6.399789130000158],[101.41484181600015,6.399393529000179],[101.41377218900016,6.399131336000039],[101.41341484999998,6.398910447000162],[101.412923374,6.398512219999986],[101.41193842200005,6.397270118000051],[101.41171280100014,6.396602902000097],[101.41175552300012,6.39620220900008],[101.41193173700015,6.395844905],[101.41255287900003,6.395486103000167],[101.41344000700002,6.39476905700019],[101.4152593870001,6.393558397],[101.41734435800004,6.392034699000078],[101.41827718200017,6.391673833000027],[101.41903258100001,6.391403099],[101.41925400500008,6.391179489000024],[101.41940847500007,6.390889514999969],[101.41953894500017,6.390176577000148],[101.41957666500014,6.388706556000102],[101.41957122600013,6.387549112000102],[101.4195666280001,6.386569599000154],[101.41973777900012,6.385143553000091],[101.41977154300008,6.382827874999975],[101.41963291700017,6.381804374000126],[101.41936289500018,6.381182539000122],[101.41886792800017,6.380026843000053],[101.4176081560002,6.377138220000063],[101.41724624400013,6.375937803000113],[101.41701918700005,6.374959330000081],[101.41705651500013,6.37340059700017],[101.41700855500005,6.372688499000049],[101.41669415400008,6.372110962000136],[101.41575531200004,6.371180466000055],[101.41432545400005,6.369940390000124],[101.41320964200008,6.369321988000081],[101.41254078100008,6.369013281000036],[101.41111561400004,6.368886627000052],[101.41035836800006,6.368756261000101],[101.4093767810001,6.368226477000121],[101.40852782500002,6.367562724000038],[101.40752908000007,6.36624719200006],[101.40588830500013,6.364820002000101],[101.40469706900018,6.363639227000021],[101.40414301800007,6.362879203000034],[101.4035899480001,6.362457507000101],[101.40267749800012,6.361974810000049],[101.40174427900007,6.361640216000069],[101.40072422900005,6.360967094000159],[101.39860018600012,6.359535848000064],[101.39766320800004,6.358396259000187],[101.39736013900006,6.356957152],[101.397355033,6.355855039000062],[101.3974367560001,6.355219146000138],[101.39734875300019,6.354499296000085],[101.3973446380001,6.35360960800017],[101.39746558700011,6.352295623999964],[101.39758673800009,6.351023451000174],[101.39736794300018,6.349499239000181],[101.39676884500017,6.348273335000158],[101.39536241200005,6.346330354000088],[101.3943384640001,6.344682725999974],[101.39344369700007,6.343500573000142],[101.39272070800018,6.342952545000117],[101.391744184,6.342406241],[101.39034228700012,6.341438255000014],[101.389073328,6.34041030700007],[101.38868220500007,6.339581700000167],[101.38812469100014,6.338185546000091],[101.38765149900007,6.336577748000138],[101.38779984700005,6.33556473800013],[101.3854622670001,6.337276434000046],[101.38432241100014,6.338783218000174],[101.3826101840001,6.339459959000123],[101.38102397400013,6.340528711000104],[101.37945987700016,6.341620532000093],[101.37721885600007,6.34260753600006],[101.37558685900012,6.343307638000056],[101.37589692800015,6.344433202000118],[101.37595107200013,6.345162255000162],[101.37547702000018,6.346820182999977],[101.37452127800015,6.34833911200019],[101.37402470600011,6.350008468999988],[101.37242592600018,6.351180636000095],[101.37066745900006,6.352133794999986],[101.3695055570002,6.353398878000121],[101.3680453400001,6.354133765000086],[101.36629892400003,6.354764292000141],[101.3645180260001,6.355383676000031],[101.36300147300011,6.355657835000102],[101.3609457890002,6.355827084000168],[101.35933791900004,6.355893735000052],[101.35783294800012,6.355983639000044],[101.35632779200012,6.356649205000053],[101.3551535260001,6.358064014000149],[101.35475962600003,6.360101807000092],[101.35480208000018,6.361737653000091],[101.355016067,6.363960785000131],[101.35544943800011,6.36563153600008],[101.35615861700006,6.367106690000128],[101.35630492600018,6.368857872999968],[101.35616392900016,6.3705041],[101.35606935000004,6.372047345000112],[101.35655921800009,6.374213871000109],[101.35521302200004,6.375455503000182],[101.35342113700005,6.375671564000186],[101.35099672000007,6.376358854000046],[101.34943387200008,6.377024094000035],[101.34783731700009,6.376975466999966],[101.34780340700013,6.376973919000022],[101.34613754400004,6.376961733000087],[101.34458739700011,6.376947311000151],[101.34261052400007,6.377831381000135],[101.34120783400016,6.378704349000031],[101.33964456100006,6.379404598000178],[101.33813854000005,6.380277475000184],[101.3366898070002,6.381081164000136],[101.33514947300011,6.381988665],[101.3332752230001,6.383102709000184],[101.33199878300019,6.38392989700003],[101.33035492700003,6.38492938100012],[101.32926159200008,6.386033667000049],[101.32835112600009,6.387748412000064],[101.32745308000005,6.389082915000074],[101.32634749800002,6.39048611100003],[101.3256128750001,6.391734686],[101.32467251800017,6.395006689000127],[101.32458083900013,6.396482964000143],[101.3248816740001,6.397760683000058],[101.32485423000014,6.398941495999964],[101.32419379900011,6.39971083000006],[101.32414594100004,6.399766579000129],[101.32400630400014,6.399929241000109],[101.32135748800016,6.401417085999981],[101.31929654400017,6.40241031100004],[101.318709689,6.40313449700011],[101.31871487100011,6.404282370000089],[101.3184582250002,6.405529817000058],[101.31784006200007,6.406582116000152],[101.31699285100007,6.407733841000152],[101.31632272200017,6.408869972000105],[101.31609524900006,6.409255627000107],[101.315984232,6.409443845000055],[101.3154332580001,6.410856609000064],[101.31485216300007,6.412859857000058],[101.31375210300018,6.413800868000067],[101.31057375900008,6.416519653000023],[101.31042014200005,6.416707468000027],[101.30739231100011,6.420409324000047],[101.307385706,6.420424693000029],[101.30686109600015,6.421623815000089],[101.30646807800014,6.422146495],[101.30611068600001,6.422869647000141],[101.30640915400005,6.42362264000019],[101.30802481700005,6.425648785000078],[101.30815847399998,6.42620573500011],[101.30806470200008,6.427222873000119],[101.3059126610001,6.429856365000035],[101.30502647300011,6.430616779000047],[101.3039530310001,6.431537866000156],[101.30325022500006,6.431981678000113],[101.30264527500009,6.432363694000117],[101.30242550600013,6.433033249000175],[101.30241887200009,6.433053460000167],[101.30241251400008,6.433071742000038],[101.3025045190002,6.434452771],[101.30258068900008,6.434822311000062],[101.30302676000014,6.436986403000049],[101.30313206800014,6.43852740400007],[101.30363052500007,6.44000103500008],[101.30384708500003,6.441059307000046],[101.30423400799998,6.442950070999984],[101.30440756700006,6.445081113000128],[101.30385230400003,6.446496532000083],[101.30552092400006,6.446613064000132],[101.30708347800004,6.446442725000168],[101.30904811400006,6.446273372000064],[101.31065646899998,6.446114698000088],[101.31317141500006,6.446118557000148],[101.3153303420001,6.44644434300011],[101.31676438000011,6.447333801000184],[101.31810611100019,6.44841861600014],[101.31944885700005,6.449100034000026],[101.32096323400003,6.450138840000022],[101.3226287780002,6.450014848000023],[101.32447754900011,6.450201903000163],[101.32545889000005,6.45088721400009],[101.32590023200015,6.45119479300007],[101.32612657000004,6.452899833000117],[101.32591656400007,6.454523307000102],[101.32583343000016,6.456112847000043],[101.32610625400014,6.457725602000153],[101.32755083600011,6.458937551000133],[101.32925022500012,6.459296979000044],[101.33083529300018,6.459483504000104],[101.33208518500004,6.46060313800001],[101.33225107300007,6.462046878000081],[101.33193637400007,6.464625876000127],[101.33185882600003,6.466287356000123],[101.33196484000013,6.466664988000105],[101.3322051410002,6.467520961000162],[101.3313218670001,6.469910216000017],[101.33035830800009,6.473364665000133],[101.33032471500002,6.475324095000076],[101.32948127700007,6.477116869999975],[101.3277471190001,6.479680407000103],[101.32516031000006,6.482034890000136],[101.32248772600008,6.484261980000042],[101.32121646900015,6.485630785000012],[101.32076033600015,6.488316246000068],[101.3208181350002,6.491638250000165],[101.32082906400012,6.494023419000087],[101.32066263200005,6.494876046000172],[101.32087945700016,6.495726916000081],[101.32135257100003,6.496746982000104],[101.32208158300011,6.497851059000027],[101.32276390900012,6.498060892000069],[101.3232768760002,6.498484469000061],[101.32379277800004,6.499546926000107],[101.32460088200014,6.500512714000081],[101.32560101500019,6.501506880000079],[101.32623360400004,6.502330541000106],[101.32658445300018,6.504395353000064],[101.32704698900011,6.507304188000148],[101.32760300799998,6.511003223000046],[101.3281462020002,6.511917132000065],[101.32872276000012,6.512273851000032],[101.32895797100014,6.512632143000189],[101.32910584200016,6.513529906000144],[101.32959680300002,6.514803429999972],[101.33059313400014,6.516577748000088],[101.33151619800014,6.518046929000036],[101.33216878300004,6.519301731000098],[101.33233346800006,6.519947848000186],[101.3321568830001,6.520613512000011],[101.33170989400014,6.521082770000135],[101.33106444800006,6.521373256000174],[101.33036502099998,6.52164602300013],[101.32986371700008,6.522025686000177],[101.32925586000016,6.522675375000176],[101.32866414200004,6.522929673000078],[101.32794740800006,6.523346269000115],[101.32762700600006,6.523994629000072],[101.32746788200018,6.524552401000051],[101.32725693500004,6.525559634],[101.3269922560001,6.526603051999984],[101.32674529200011,6.527592483999967],[101.32669562600006,6.528509127000063],[101.32675566800003,6.529838550000022],[101.32695119100015,6.530632569999966],[101.32701201300006,6.530879561000063],[101.32751864200014,6.531649882000124],[101.32789280999998,6.532058660000018],[101.32892716900005,6.533188690000088],[101.3299205630002,6.534316130000093],[101.33067948100006,6.535246996000069],[101.33129591900013,6.536448052000139],[101.33185247600005,6.538232021],[101.33186129300014,6.53826028400016],[101.33220161600019,6.538699615000155],[101.33297605600012,6.539382744000136],[101.33441050800013,6.540338436000127],[101.33571270500016,6.541431979000095],[101.33744404500004,6.542932893000113],[101.33849117500017,6.544077705000177],[101.33932310300008,6.545295372000112],[101.3406198670001,6.546043810000072],[101.34342592900009,6.546892987000035],[101.34504383300003,6.547172854000053],[101.34687895600007,6.547810975000175],[101.34868185500011,6.549239641000042],[101.34980002800017,6.550204447000112],[101.35138588500007,6.551310768000121],[101.35293835200014,6.552956146000156],[101.35413192800013,6.554675056000121],[101.35487452600012,6.557195063000165],[101.35560784400008,6.557532931000026],[101.35666664500019,6.557505617000118],[101.35735766500017,6.557181167000067],[101.35831750200009,6.556393725000135],[101.35871585200016,6.555729374000123],[101.35904347400009,6.554964980000136],[101.35935418300016,6.554873181000062],[101.35966498700009,6.554801457000167],[101.36002446300017,6.55440830200007],[101.3602942230001,6.554146056000036],[101.36059517800004,6.554114528000071],[101.36086687400018,6.554263813000091],[101.36118160400008,6.554707425],[101.36111631200004,6.555030692000059],[101.36111702000005,6.555181031000131],[101.36113435099998,6.555314588000101],[101.36118551000004,6.555537078000043],[101.36120877700012,6.555748562000133],[101.36110897600014,6.556309369000076],[101.36106420200014,6.556443414000057],[101.36094079500015,6.556625625000095],[101.36091291800005,6.556795438000051],[101.36091832700004,6.556929246000095],[101.36102456300017,6.557160565000117],[101.36113804800004,6.55740857800015],[101.36117045300011,6.557692821000103],[101.3612336540001,6.557919562000166],[101.36134697000011,6.558131728000092],[101.36153698100009,6.55839133000012],[101.36175996400016,6.558548011000028],[101.36189894800009,6.558628612],[101.36194232200012,6.558704884000122],[101.36197382700016,6.55879794100008],[101.36200392100017,6.559098924000011],[101.3620220570001,6.559397573000126],[101.3619834590001,6.559827933000065],[101.36197276100006,6.560093260000031],[101.36193015100014,6.560179496999979],[101.36175617800018,6.560280692000106],[101.36146310300018,6.560463703000039],[101.3611869130001,6.560680094000134],[101.36094430200018,6.560922615000038],[101.36083738500014,6.561054563000084],[101.36082367700004,6.561188460000096],[101.36082389100005,6.561233867],[101.36088702500012,6.561446268999987],[101.36091931800007,6.561706613000069],[101.3609917300002,6.561859225000092],[101.36102576000013,6.561980949000031],[101.36101705600015,6.562162620000038],[101.36104175300017,6.562332185000116],[101.36106846700005,6.562422875000152],[101.361095024,6.562480107000113],[101.36111299900017,6.562497914000062],[101.3611419770001,6.562508628000046],[101.36127901700007,6.562578033000023],[101.3613611580002,6.562631326000087],[101.36139811100014,6.562672359000032],[101.36148288000015,6.562805313000183],[101.3615090520002,6.562844174000134],[101.36154365000004,6.562871665000159],[101.36158438500013,6.56288899000009],[101.36169472500018,6.56292519200008],[101.36171393900014,6.562933581000152],[101.3617332660001,6.562957221000147],[101.3617401300001,6.562976364000065],[101.36174033200012,6.56301930900014],[101.36173489100014,6.563301813000066],[101.36173754500015,6.563385955000115],[101.36175533700003,6.563446334000048],[101.36178776600013,6.563493047000065],[101.36182467999998,6.563534117000074],[101.36187403600019,6.56357287000003],[101.36193058200007,6.563594076000186],[101.36225560800011,6.563637745000165],[101.36232909600017,6.56364587600018],[101.3623680770001,6.563645692000023],[101.3624154470001,6.563634731999969],[101.3624538000002,6.563619297000059],[101.3624797080002,6.563602224000135],[101.36250106400018,6.563576133000026],[101.36251618300008,6.563547812000081],[101.36253446400013,6.563358467000114],[101.36254338600014,6.563326252000024],[101.36255787300018,6.563289459000089],[101.36257078200009,6.563271885000063],[101.3625944420001,6.563257078000163],[101.36262263500004,6.563246207000077],[101.36265258600014,6.563246066000147],[101.36279497100008,6.563256132000106],[101.36284874600017,6.563275090000047],[101.36288784200002,6.563307115000157],[101.36303506000013,6.563493944000072],[101.3631002350001,6.563545057000113],[101.36315636200004,6.56358377600003],[101.36321857800004,6.563604957999985],[101.363296575,6.563611364000167],[101.36345124200011,6.56358690400009],[101.36351791400011,6.563586589000181],[101.36365636800019,6.563602892000176],[101.36373771600017,6.563604768000175],[101.36380262300014,6.563591464000126],[101.36393559200002,6.563519644000053],[101.36399363100014,6.563487202000033],[101.36404327200006,6.563478454],[101.36408850800007,6.563484493999965],[101.36413152100016,6.563499543999967],[101.36439921300013,6.563608421000026],[101.36446661800011,6.563646495000171],[101.3645918470001,6.563730097000132],[101.36462958800007,6.563755822000076],[101.36472060100004,6.563851864000185],[101.36635886800019,6.564813169000047],[101.36757611000019,6.565558175000035],[101.36856793200019,6.566133875999981],[101.36889613600016,6.566332642000077],[101.3690213650001,6.566409461000148],[101.369069663,6.566469094000183],[101.36911188600004,6.566558156000099],[101.36915385100008,6.566593539999985],[101.36923755200013,6.566617468000061],[101.36939241800019,6.566634247000081],[101.36963073000015,6.566621789000123],[101.37018022600017,6.566586088000122],[101.37055950300004,6.566781808000144],[101.37084689400007,6.567016219000095],[101.37126900300012,6.567249993000075],[101.371505318,6.567366759000151],[101.3715741920002,6.567686410000022],[101.37164250900008,6.5678881770001],[101.37241841300016,6.568153953999968],[101.3729746840001,6.568269203],[101.37339623600013,6.568385090000106],[101.37375018900002,6.568450775000088],[101.37396822700015,6.568264492000083],[101.3741190660001,6.568112209000162],[101.37445594000008,6.568127452000112],[101.37491117200011,6.568243178999978],[101.37529912400004,6.568376064000063],[101.37604031100017,6.568423069000119],[101.37676497799998,6.568537515000173],[101.37725452900008,6.568787802000031],[101.37850018600005,6.56868084000007],[101.37951128700013,6.56882760100001],[101.38017003599998,6.569245488000035],[101.38082814600011,6.569528651000098],[101.38131689700015,6.569610530000034],[101.38244364100012,6.569576460000064],[101.38339786100016,6.569655014000034],[101.38346002499998,6.569683407000127],[101.3835023700002,6.569698424000023],[101.3835303100002,6.569706746],[101.38356584200011,6.569711650000102],[101.38359628200016,6.569712350000145],[101.38363684300003,6.56970792900006],[101.38366387300016,6.569702727000163],[101.38384695900004,6.569623224000054],[101.38386129600008,6.569615547000012],[101.38388823700006,6.569591745000025],[101.38397735300015,6.569486479000034],[101.38400255600004,6.569452540000157],[101.38402100600013,6.56942116800019],[101.38402852700011,6.569402532000083],[101.38403847500007,6.569361055000115],[101.38406816200012,6.569203652000169],[101.38409613900006,6.569065001000126],[101.3841072570001,6.569044359000031],[101.38411724600013,6.569036010000104],[101.38412907500009,6.569030374000022],[101.38413105400019,6.569029431000047],[101.38428454100017,6.569014076000087],[101.38432088700017,6.569012212000132],[101.38434792900011,6.569009546000075],[101.38436566700017,6.569006080000122],[101.38437747100005,6.568999260000112],[101.38441955300016,6.568959321000079],[101.3845775690001,6.568764105000128],[101.38459015900008,6.56874459900007],[101.38462347000007,6.56868090200004],[101.38466640100017,6.568598811000129],[101.38468318500014,6.568572520000146],[101.38470001700011,6.56855637600006],[101.3847236160002,6.568541044000028],[101.38475399200001,6.568528217000107],[101.38489243400011,6.568483593000167],[101.38493127100003,6.56847241600002],[101.3849515620002,6.568472319000136],[101.38497017800017,6.568475613000032],[101.38499727200008,6.568483938000099],[101.38524024700001,6.568552957000065],[101.38563054600007,6.568666929000074],[101.38576771600009,6.568710241000076],[101.38578718500014,6.568715221000161],[101.38581171100009,6.568716794000181],[101.38604503500017,6.568712301000062],[101.386127912,6.568716978],[101.38614652800015,6.568720272000121],[101.38616177000017,6.568725272000165],[101.38628720100013,6.568788931000029],[101.38631006400016,6.568796432],[101.38633884900014,6.568804750000027],[101.38636846300011,6.568809681000118],[101.38651051700015,6.568813231000092],[101.38662210600006,6.568811009000058],[101.3866626640002,6.568805742000109],[101.38684252700011,6.568760074000011],[101.3873525300001,6.568623208000076],[101.38739134300005,6.568606959000078],[101.38742592500006,6.568589884000176],[101.38746213400009,6.568559273],[101.38747977500003,6.568535516000111],[101.3875031820001,6.568479602000082],[101.38754928400004,6.568296697000164],[101.387586741,6.568174767000187],[101.38759993100007,6.568128199000057],[101.38761390000008,6.568100280000181],[101.38763315700015,6.568078219000029],[101.38766515900011,6.568051856000068],[101.38769804600008,6.568033943999978],[101.38772950000003,6.568020999000055],[101.38776303600014,6.568010805000142],[101.387803577,6.568002157000137],[101.38783886800019,6.568001989000095],[101.38786106700019,6.568001883000079],[101.38789996899999,6.568004234],[101.38791234400003,6.568006956999966],[101.38791604300008,6.568007771000055],[101.38793382200004,6.568011682000133],[101.38796183500017,6.568019966000065],[101.38799227800007,6.568036767000137],[101.3882028160001,6.568274580000036],[101.38822901800012,6.568299669000055],[101.38852530700007,6.568523103000075],[101.388552801,6.568550329000175],[101.38884880600011,6.568906517000187],[101.38890950000012,6.568957645000125],[101.38894892600018,6.568979039000112],[101.3889864910002,6.568993777000117],[101.38906963100015,6.569014488000107],[101.38974418300018,6.569148543000097],[101.38984313500004,6.569170103000147],[101.3898912630001,6.569195863000118],[101.39006079900008,6.569332331000055],[101.39016678500013,6.569408089000092],[101.39020229400018,6.569427557000097],[101.39026400800014,6.569449442000064],[101.39028380000013,6.569454753000059],[101.39091268300007,6.569536952000021],[101.39093783400011,6.569543922000037],[101.39182039600013,6.569918290000146],[101.39223835500013,6.570100044000071],[101.39276016200006,6.570310612000071],[101.39311253100016,6.570448715000055],[101.39314640900011,6.570460954000055],[101.39385525800009,6.570653716000038],[101.3938801110001,6.570664870000087],[101.39424726400017,6.570829957000171],[101.39505958900014,6.5712093570001],[101.39523315700012,6.571310438000012],[101.39528276400006,6.571349469000154],[101.39533022300014,6.571395810000183],[101.39539522700005,6.571459284000071],[101.39543069700011,6.571493918000101],[101.39546011800019,6.571517451000034],[101.3954827280001,6.57153087100005],[101.39579235000014,6.571687212000086],[101.39581719300014,6.571696111000051],[101.39584313500018,6.571699369000157],[101.39588483800014,6.571698042000094],[101.39613155400014,6.571665296000049],[101.39618674000008,6.571654884999987],[101.3964112720002,6.571579830000132],[101.39642648500012,6.571578912],[101.39644762900008,6.571580502000188],[101.39646540800004,6.571585489000142],[101.39648404400015,6.571593009000026],[101.39654167100002,6.571621479999976],[101.39655354400003,6.571629032000089],[101.39656712400011,6.571639959000038],[101.39658410900017,6.571655942000177],[101.3967778450002,6.571858776000113],[101.39711096500008,6.572213975000068],[101.39735840400004,6.572508709000147],[101.39736774500017,6.572517119000111],[101.39768463900009,6.572661869],[101.39769820200007,6.572669414000188],[101.3977058440002,6.572676140000056],[101.39784166200002,6.572966336000093],[101.39787919700007,6.573036332000186],[101.39789622700005,6.573061615000029],[101.39798640700019,6.573178705000146],[101.39807479900009,6.573275512000066],[101.39810283600013,6.573304124000117],[101.39815289900014,6.57334193100013],[101.39819187500018,6.573359499],[101.39851804400007,6.573499131],[101.39857734700007,6.57352421100012],[101.39861037500015,6.57353589000013],[101.39913954000014,6.573693148000189],[101.39925383200017,6.573725573000104],[101.39928176799998,6.573733049],[101.39931645900015,6.573738802000037],[101.39950419900003,6.573748891999969],[101.40010801100004,6.573781505000113],[101.40031611200016,6.573799749000045],[101.40038432600011,6.573815454000169],[101.40044854899998,6.5738351870001],[101.40080854500013,6.57396021500017],[101.40085601900012,6.573985086000164],[101.40092257900017,6.574059376000093],[101.40103752100003,6.574206162000166],[101.40112350200013,6.574315966000029],[101.40113833500004,6.574334907999969],[101.4011595250002,6.57438479800004],[101.4012107330002,6.574702566000042],[101.40121041400005,6.574842853000177],[101.40120157600006,6.574880473000064],[101.40113016900011,6.57503413000012],[101.4010673530002,6.575099064000142],[101.40090565700018,6.575230608000027],[101.40081721800004,6.575280635000183],[101.40031951500015,6.575592181],[101.4002922050002,6.575615622999976],[101.40026411100018,6.575665184000115],[101.40023052900005,6.575748462000035],[101.40022784500002,6.575759891000189],[101.40022815600014,6.57582477800014],[101.40023153500016,6.575841974000127],[101.40039744000012,6.576349099000083],[101.40041909900003,6.576415306000172],[101.40045775600015,6.576483886000176],[101.40051360200016,6.576569533000054],[101.40057803000013,6.576646769000035],[101.40084992200008,6.576852652000127],[101.40091740200018,6.576894273999983],[101.40094423800008,6.576905058000023],[101.40095193700006,6.576906733000044],[101.40096819400009,6.576907558000016],[101.40098354600013,6.576907484],[101.40098840800016,6.576906770000164],[101.40099056100007,6.576906173],[101.40116341400011,6.576836372000173],[101.40117596400006,6.576833869000041],[101.40119129800007,6.576833082000064],[101.40120877800013,6.576833711000063],[101.40122019500006,6.576834370000029],[101.40123054500003,6.576835747000018],[101.40132879800007,6.576870230000168],[101.40133701800005,6.576873757000158],[101.40134381000007,6.576876935000087],[101.40153446900013,6.57702152100012],[101.40166352500017,6.577124396000045],[101.40257024600015,6.57819051600012],[101.40298276600015,6.578600134999988],[101.40300992100003,6.578621047000127],[101.40304005400009,6.578635933000157],[101.40371926300008,6.578913743000044],[101.40430395400006,6.579098922000185],[101.4047629820002,6.579263437000179],[101.40505757800008,6.579352215000085],[101.4054369210001,6.579468235000093],[101.40556776400018,6.579488042000037],[101.4056053320001,6.579486358000054],[101.40565186700013,6.579474109000046],[101.4058918130001,6.579361727000162],[101.405987869,6.579332706000116],[101.40607950800006,6.579323247000161],[101.40615016400005,6.579325913000048],[101.40620283500004,6.579339187000073],[101.40626310000016,6.579368958000146],[101.40633551200011,6.57942422300016],[101.40642313100017,6.579518738000104],[101.40675875000011,6.580019867999965],[101.40677849400015,6.580060374000141],[101.4067833220002,6.580099941000128],[101.40677753100016,6.580189823000069],[101.4066736380002,6.580671048000056],[101.40667042100017,6.580710597],[101.40667735900007,6.580737108000164],[101.40669732300012,6.580777111000032],[101.40679886800007,6.580889556000159],[101.40684867900018,6.580933281000171],[101.40719286200016,6.581139753000173],[101.40720506800011,6.581152622000104],[101.40721329000007,6.581179117000033],[101.40726467900015,6.581526834000158],[101.40740534400015,6.581824551000182],[101.40742237800015,6.581850398000086],[101.40744162300007,6.581867215000159],[101.40766195500015,6.581973246000132],[101.40775559399998,6.581988578000164],[101.40788757600006,6.582007106000106],[101.40792814600007,6.582004656000038],[101.40799124000011,6.581997587000103],[101.40811171000018,6.581966569000031],[101.40814770600014,6.58195061400005],[101.40841638200015,6.581796005000115],[101.40844676900008,6.581785713000158],[101.40848505800017,6.581777637000187],[101.40854029899998,6.581778498000176],[101.40856936900008,6.58178352200008],[101.4086024880001,6.581802235000112],[101.4087733140002,6.581943089000049],[101.40881739700018,6.581967676000033],[101.40886482300004,6.581984357000067],[101.40934639199997,6.582155232000105],[101.4093580980001,6.582166292000124],[101.40937531200007,6.582182555000145],[101.4093896780002,6.582206333000158],[101.4094836880002,6.582371402000035],[101.41047200100013,6.58313940700009],[101.41116599600008,6.583678901000098],[101.41329718200006,6.585514700000033],[101.414621678,6.58735438500014],[101.41502753700013,6.587989077000032],[101.41511164600007,6.588325338000061],[101.41512050600011,6.588526949000141],[101.41513167800014,6.588617295000176],[101.4151477920002,6.588672563000102],[101.41518256600006,6.588744140000074],[101.41525993300019,6.588857870000083],[101.41535308700008,6.588957963000098],[101.41540411700004,6.58900449000015],[101.4154654830001,6.589049489000047],[101.41551298400003,6.589082025000096],[101.41581884000016,6.589247770000043],[101.41620718700005,6.589423258000124],[101.4162338110001,6.589439533000188],[101.41625769200004,6.589471027000116],[101.4163057560001,6.589595664],[101.41633047400018,6.589644005000025],[101.41634829000009,6.589663827000095],[101.4165065320002,6.589803197000037],[101.41652555100006,6.589827049000064],[101.41654316200004,6.589862252000046],[101.41664263700017,6.590105812000161],[101.41668175800015,6.590157179000016],[101.41669645000007,6.590164999000137],[101.41671676300007,6.590169410000044],[101.41682384800015,6.590167763000011],[101.41687456400007,6.590165263000188],[101.41690045900003,6.590158373000122],[101.41691844600018,6.590148140999986],[101.41693415700013,6.590133410000135],[101.416952079,6.590109650000102],[101.41710164300014,6.589792280000154],[101.41710383200007,6.589787635],[101.41711613300009,6.589767284],[101.41714198200003,6.589748624000094],[101.4171667130002,6.58973660200013],[101.41718475700009,6.589732166000147],[101.41721012100004,6.589725930000156],[101.41724525,6.589729507000186],[101.41727354400007,6.589738955000087],[101.41732975200011,6.589759617000027],[101.41737427000004,6.589784425000119],[101.41764698400004,6.58997722200013],[101.41768542500012,6.590001259000076],[101.41770914600005,6.590011289000017],[101.41857919500018,6.590197585000169],[101.41864008900006,6.59020179900017],[101.41879695800014,6.590211762000024],[101.4188379850001,6.590221498000119],[101.41885866300004,6.590234307],[101.41887077100017,6.590248719000158],[101.41888159900014,6.590276857000163],[101.418886343,6.590324289000023],[101.41887692900013,6.590349486000036],[101.41886069800012,6.590376426000148],[101.4186854260002,6.590598109000098],[101.41866589800014,6.59064244700005],[101.41865037300005,6.590679475000059],[101.41864449400015,6.59070682700002],[101.41864409900006,6.590709913000126],[101.41862660500004,6.590846472000123],[101.41860893700016,6.590984393000099],[101.41860905800007,6.591009402000111],[101.41860910600008,6.591019239000104],[101.41861700700014,6.59105487100004],[101.41862976900012,6.591095795000058],[101.41863823199998,6.591113556000039],[101.41864784600011,6.591125701000067],[101.41868301200014,6.591153392000138],[101.41872682000007,6.59117313600018],[101.41874747600014,6.591178101000139],[101.4190684300001,6.591210048],[101.4191696800001,6.591231934000064],[101.419179434,6.591234042000053],[101.4192471570002,6.591251750000083],[101.41925328000008,6.591254022000101],[101.41927930500003,6.59126367600004],[101.41934749200004,6.591308174000119],[101.419371769,6.591329575000032],[101.42064687800013,6.592492869000012],[101.42155525400011,6.593231148000086],[101.42174611200011,6.593347472000119],[101.4219207970001,6.593453938000039],[101.42229723600008,6.593598262000114],[101.42273441700007,6.593720759000178],[101.42291440100007,6.593749609999975],[101.4231167910001,6.593782053000098],[101.42434811200013,6.593892201000187],[101.42655263800009,6.59395392600004],[101.42734867600007,6.593865723000079],[101.42826947500009,6.59374659000008],[101.42955910600017,6.593512674000124],[101.43006291500018,6.593299826000077],[101.43029284700003,6.593163654000023],[101.43187968000012,6.592008363000105],[101.43202711600009,6.591951141000152],[101.43214098400006,6.591922083000043],[101.43225878600003,6.591904822000117],[101.43418199500013,6.591971704000173],[101.43538769200012,6.591965823000123],[101.43561383200017,6.591942874000097],[101.43662179699999,6.591601282000056],[101.43707986800018,6.591446038000186],[101.43717438900006,6.591400026000088],[101.43761890700006,6.591069177000179],[101.4378706080002,6.59078944800001],[101.43816545900017,6.590209561000108],[101.43949436899999,6.587145938],[101.43991126200012,6.586572784],[101.44011200200003,6.586387109000043],[101.44026316800012,6.586335500000132],[101.44048176100017,6.586334431000125],[101.44061570300005,6.586350741000047],[101.44076732200006,6.586400264000133],[101.4410701230002,6.586516848000031],[101.44137314400012,6.586565642000153],[101.44155767000012,6.586530869],[101.4417250360001,6.586446416000058],[101.44192564399998,6.58622683100009],[101.44212597000006,6.585956973000123],[101.44249250900009,6.585367155000029],[101.44289353300007,6.584895215000017],[101.44356138700005,6.584119160000057],[101.44362769000014,6.584065652000049],[101.44366746100013,6.584046426000043],[101.44379644700018,6.58401690300019],[101.44384629300004,6.58402085900002],[101.4438591120001,6.584019540000156],[101.44386512900013,6.584019991000105],[101.44395601400015,6.584034475000067],[101.4440650040001,6.584066422000149],[101.44420694100017,6.584108058000027],[101.44424423900006,6.5841158180001],[101.4443843890001,6.584115132000079],[101.44461977400016,6.584080101000097],[101.44473350200013,6.584051293000016],[101.4447629760001,6.584038164000106],[101.44484683000013,6.583972717000108],[101.44488735300018,6.583927974000062],[101.44491355100001,6.583866372999978],[101.44492961200001,6.583816419000129],[101.44493743500004,6.583776356000101],[101.44503073300012,6.583313078000117],[101.44505448100017,6.583239363000189],[101.44507758000003,6.583178751000105],[101.44513869600013,6.583050017000119],[101.4451802210001,6.582985428000029],[101.4452275980002,6.58292788600005],[101.44536670400015,6.582798306000029],[101.44549083200013,6.582710677000136],[101.44565689500007,6.582621017000179],[101.44570367300003,6.582606373000033],[101.44579583500001,6.582577520000029],[101.44590533000013,6.582562167000106],[101.44605264500012,6.582566383000085],[101.44614159400015,6.582573357000115],[101.44621960000018,6.58259342600013],[101.44627596300012,6.58260792700014],[101.44652782600014,6.582676622000065],[101.44710373200013,6.582929449000119],[101.44716949899998,6.582968222000034],[101.44769809400015,6.583345823000116],[101.44776178300015,6.583383230000095],[101.44783299000011,6.583406855000021],[101.44786562700006,6.583409509000035],[101.4479149760001,6.583409267000036],[101.44793862500006,6.583395848000066],[101.44796112400002,6.583372877000045],[101.44799414300019,6.58332050700011],[101.44801253800006,6.583283259999973],[101.4480252250001,6.583235200999979],[101.4480248650001,6.583161833000133],[101.44801886000005,6.583119636000106],[101.4479767040001,6.582975141000134],[101.44782061100005,6.582636970000181],[101.4474874280001,6.582133991000035],[101.44744011400007,6.582079334000014],[101.44723460500006,6.581904734000148],[101.44722006500012,6.581896277000055],[101.44692614200005,6.581767455999966],[101.44620309500016,6.581536026000038],[101.44600100700012,6.581452834000061],[101.44594215200016,6.58140927],[101.44593019100012,6.581393124999977],[101.44589916300004,6.581302516000051],[101.44588854300008,6.581198749000066],[101.44588731800008,6.581112148000102],[101.44590799600019,6.581027023000104],[101.44593373000015,6.580973373000063],[101.44609812800007,6.580746826999984],[101.44810092400007,6.578049327000087],[101.44832633200008,6.577821701000062],[101.44851059700011,6.577736610000045],[101.44869507600004,6.577685476999989],[101.44884272000013,6.577684754000018],[101.44888990300007,6.57769286700011],[101.4489772600001,6.577719943000034],[101.44904768600009,6.577754507],[101.44909896500013,6.577796783000167],[101.44913605800008,6.577839962999974],[101.44925161300017,6.578060608000044],[101.44939651500005,6.578463237000051],[101.44953164700007,6.578723014000161],[101.44959128099998,6.578789906000168],[101.4496608770001,6.57883133200005],[101.4496634480002,6.578832301000034],[101.44970023300016,6.578837567000107],[101.4497762100001,6.578830795999977],[101.44983620100004,6.578810186000055],[101.44985204600016,6.578799911000033],[101.44986059500008,6.578790434000041],[101.44994314900015,6.578662244999975],[101.44996783900007,6.578519184000129],[101.449958707,6.578384806000031],[101.4499156190002,6.578233609000051],[101.44983968600002,6.578074690000165],[101.44977002800016,6.57784692600012],[101.44973571000014,6.577487173000122],[101.44976056600007,6.577369548000092],[101.44977892000014,6.577336809000087],[101.44980533800003,6.577303542000095],[101.44987752500009,6.577259949000165],[101.45002481600011,6.577235498000164],[101.45069980900007,6.577232188999972],[101.45112333300011,6.577199053000072],[101.45129601200011,6.577166556000122],[101.45171903300019,6.577039097000181],[101.4520044780001,6.576998967000065],[101.45207896000005,6.576992519000044],[101.45235773800005,6.577030803000184],[101.45242441500011,6.577052666000156],[101.45264607000007,6.57717578200004],[101.45285077200015,6.577331812000125],[101.45303098000011,6.577522624000096],[101.45309986000012,6.577616016000036],[101.45342041800018,6.578192697000077],[101.45367385100013,6.578615109],[101.45394238200004,6.579006386000117],[101.45433711800018,6.579443948000119],[101.45503115700018,6.580099749999988],[101.4552363250001,6.580350117000023],[101.45531545500006,6.580475111000055],[101.4553635310001,6.580600856000103],[101.45537370500006,6.580655911000122],[101.45538793300017,6.580814060000137],[101.45533435400012,6.581103166000105],[101.45518433600012,6.582532470000046],[101.45520084100013,6.582674208000014],[101.4552646730001,6.582737421000047],[101.45534345000016,6.582764615000144],[101.45543692700016,6.582782628000132],[101.45554654100016,6.582782088999977],[101.45574526200016,6.582728128000042],[101.4560844070001,6.582571739000173],[101.45628279400006,6.582463321000091],[101.45628528700018,6.582462695000061],[101.45659657400012,6.582431793000126],[101.45670246200012,6.582431272000179],[101.4568797020001,6.582470603000161],[101.45700545900007,6.582523518000187],[101.45712660500016,6.582588882000096],[101.45722178000011,6.582672333000176],[101.45731047700008,6.582786369000189],[101.45740097400005,6.583127293000132],[101.45740185700004,6.583306760000141],[101.45738841800005,6.583507435000172],[101.45737527500012,6.583550603000162],[101.45729373800003,6.583715732000087],[101.45702898700006,6.584093782000082],[101.45697874000007,6.584208456000169],[101.45696717900012,6.584277946000043],[101.4569678200001,6.584408157000041],[101.45701549700004,6.584564961000069],[101.457078712,6.58467422700005],[101.45728419800014,6.584877121000147],[101.45802507500008,6.58551743400011],[101.45850443800003,6.586086775000069],[101.45851775100016,6.58610766400011],[101.45859116600008,6.586222853000095],[101.45869986400004,6.586431330000039],[101.45870034000006,6.586432358000138],[101.45877830100005,6.58660070000019],[101.45888376500005,6.58691240700017],[101.45903240800004,6.587620613000126],[101.45909879800018,6.588023057000044],[101.45915747700013,6.588162831000034],[101.45921602800013,6.588255679000099],[101.45968225900003,6.588697459000059],[101.45973914500013,6.588794222000161],[101.45979627600013,6.588906464000047],[101.45984547100005,6.589147999000033],[101.45991223900006,6.589631187],[101.45993061600007,6.590033868000035],[101.45991597100004,6.590388667000184],[101.45985548300018,6.591178668000111],[101.45969909900003,6.592114299000116],[101.45925666099998,6.593921267000098],[101.45913081100008,6.594518424],[101.45894205800016,6.595534994000104],[101.4582431120001,6.597243522999975],[101.4582227470001,6.597360904000027],[101.4582184640002,6.597480617000087],[101.4582414300001,6.597599374000026],[101.45825258600013,6.597619500000121],[101.45830105800007,6.597673089000182],[101.45833233200017,6.597693224000182],[101.45846139500009,6.597721193000098],[101.45922704000014,6.597764282000185],[101.46062041300007,6.597494712000071],[101.46189993400014,6.597274907000099],[101.46247432000007,6.597255667000127],[101.46303254600008,6.597285674000034],[101.463377692,6.597399213000074],[101.46413365,6.597542925000084],[101.46482304500012,6.59758864600002],[101.4653809030001,6.597536756000181],[101.46608468300008,6.597414633000085],[101.46891183400015,6.59693574500011],[101.46911206100009,6.596873196000161],[101.46932274700015,6.596642812000084],[101.46945008400007,6.596580624000126],[101.46949623300009,6.596547072000021],[101.46952479800007,6.596500580000054],[101.46954886200007,6.59644793700005],[101.46959388900018,6.59618786600015],[101.46960224500015,6.596163549000153],[101.46962024500004,6.596149907000097],[101.46977174100016,6.596063270000116],[101.47005311100014,6.59595400000012],[101.47007740400011,6.595957255000144],[101.47031263100013,6.59600072000012],[101.4703329310002,6.596002521000173],[101.47035702900007,6.596003036000127],[101.47037667500013,6.596001036000132],[101.47039504800011,6.595997775000114],[101.47040960600009,6.595992631000058],[101.47042794400016,6.595982393999975],[101.47063935700015,6.595822874000135],[101.47065801100013,6.595813361000125],[101.47067471700007,6.595809333000147],[101.47068794000018,6.595807582000077],[101.47072721200004,6.595809006000025],[101.47075245100012,6.595813501000123],[101.47076793600007,6.595817794000084],[101.47078632500006,6.595826393000152],[101.47079274900005,6.59583098700017],[101.47080645100016,6.5958462480001],[101.4709216780002,6.596031037000046],[101.47093874300009,6.596054684000137],[101.47095149000017,6.596067936000168],[101.47110802900005,6.596179392000124],[101.4711277450001,6.596191342000054],[101.47114234800011,6.596195074000036],[101.47115503800012,6.596196913000085],[101.47116518000007,6.596196230000089],[101.47117277600017,6.59619365500015],[101.47119109200008,6.596178981000037],[101.47134114000005,6.596004499000117],[101.47135567700013,6.595994916000166],[101.47174717000007,6.595791972000029],[101.47176299400013,6.595786187000044],[101.47178896300005,6.595780351000087],[101.472199488,6.595707299000082],[101.47235440500015,6.5956765520001],[101.47240505300005,6.595660520000024],[101.47255474600013,6.595613559000128],[101.47257606800008,6.595594291000111],[101.47258633300015,6.595575675000021],[101.47259382300007,6.59555154300017],[101.47259871500012,6.595515376000094],[101.47259860500009,6.59549318400019],[101.47256256800006,6.595325860000059],[101.47256085700019,6.594980924000083],[101.4725635420001,6.594943612],[101.47256852600003,6.594925833000048],[101.47257732100013,6.594909303000122],[101.47260251400013,6.594874938000032],[101.47280998800011,6.594645007000111],[101.47281693400015,6.594639266000058],[101.4728238900002,6.594635426000082],[101.4728340170002,6.594631572000139],[101.47329398700009,6.59459874900017],[101.47330751400006,6.594598682000083],[101.47332443500011,6.594601134000129],[101.47367380100007,6.594640827000092],[101.47368903600017,6.594644134000134],[101.47370173900009,6.594648298000095],[101.47396886600006,6.594811833000051],[101.47398751100008,6.59482104],[101.47400697300009,6.594824325],[101.47439761700008,6.594834223000134],[101.47466649700016,6.594839651000029],[101.47468594200006,6.594839555000021],[101.47470452800019,6.594836927000188],[101.47522211100011,6.594700778000174],[101.47524405800004,6.594693906000145],[101.47528370500004,6.594675954000081],[101.47569612700005,6.59447438400008],[101.47622851000017,6.594254463000141],[101.47662595600019,6.594102002],[101.47683159000013,6.59402260100012],[101.47684103300008,6.594021574000124],[101.47685140700008,6.594023642000138],[101.47686148900004,6.594032352000113],[101.47687854000009,6.594061012],[101.477003281,6.594319612000106],[101.4770083320002,6.594334592000109],[101.47705623400009,6.594788737999977],[101.47705592200003,6.594799049000073],[101.47695566900018,6.595192185000087],[101.47695205100007,6.595198785000093],[101.47675891200015,6.595449010000095],[101.47675201400011,6.595463362000032],[101.47670646600005,6.595644304000075],[101.47670310800015,6.595666515000062],[101.47670335400016,6.595715925999968],[101.47670486400011,6.595724276000112],[101.47672478800018,6.595775065000169],[101.47673874499998,6.595795440000188],[101.47678425600014,6.595844504000127],[101.47681905400015,6.595871385000123],[101.47682788999998,6.595874733000073],[101.47683196200018,6.595875602000035],[101.47719837099999,6.595884271000159],[101.47720747200015,6.595886601000132],[101.47720974500004,6.595887723999965],[101.47722675400013,6.595910785],[101.47723106100005,6.595926828000188],[101.47723116600014,6.595947963000071],[101.47722789000005,6.595969115000059],[101.47722036500005,6.595986061000019],[101.47706888500011,6.596185261000187],[101.47703972800014,6.596214381000095],[101.47666649000013,6.596474939000188],[101.47664624600009,6.596484339000028],[101.47648339000011,6.596547711000142],[101.47629684500004,6.596625715000016],[101.4762741900002,6.596638336000069],[101.47601644700012,6.596831147000159],[101.4759734810001,6.596867282],[101.47596340800004,6.596881705000044],[101.4759575610002,6.596896106000088],[101.47592405400019,6.597128768000175],[101.47592753500004,6.597149040999966],[101.47593697800016,6.597177739000074],[101.47597626200007,6.597257014000149],[101.47598987700019,6.597274702000163],[101.47600006500016,6.597283105000088],[101.47601871800003,6.597294003000059],[101.47670208800008,6.597589187000153],[101.47672467700005,6.597598092999988],[101.47674724400008,6.597602490000099],[101.47685091300002,6.597594459000049],[101.47689597100003,6.597588036000161],[101.47692637300008,6.597581121000019],[101.4769533760001,6.597570842000152],[101.47697136700003,6.597561735],[101.47725787300016,6.597237699000061],[101.47736647100004,6.597131463000153],[101.4777479670002,6.596829593],[101.47795339900011,6.596712989000139],[101.47803453400019,6.596686215000034],[101.47807507000016,6.596676995],[101.47814038700017,6.596664271],[101.47817905700015,6.596659896000119],[101.47818207300003,6.596659554000098],[101.47822280000014,6.596658382000157],[101.47822941100003,6.59665819200012],[101.47828897200009,6.596661451000159],[101.47832293600004,6.596671631999982],[101.47876084100017,6.596807419000129],[101.4787925,6.596820187000105],[101.47938892100007,6.597202516000038],[101.47949624800015,6.597296677000145],[101.47951213500016,6.597318014],[101.4796746740002,6.597660737000069],[101.47967852400012,6.597681287000171],[101.47967634200012,6.597695952000038],[101.47960212400005,6.597958969000047],[101.47959427800009,6.59796802600016],[101.47927304400014,6.598153563000153],[101.47925715300016,6.598167217000025],[101.47894392700005,6.598477370000012],[101.47893290200011,6.598496357999977],[101.47892997500009,6.598506556000132],[101.4788625540001,6.599076647000118],[101.47886496900009,6.599101100000098],[101.47886852400006,6.599109566000095],[101.47907541100005,6.599363785000094],[101.47908264200004,6.599369153000168],[101.47958619000013,6.599533356000165],[101.47960557000016,6.599536957000055],[101.4807747380001,6.599413677000143],[101.4817389550002,6.599373723000042],[101.48176768300004,6.599368708000043],[101.48241327800008,6.599197109000158],[101.48243361300013,6.599188199000139],[101.48284383700013,6.598955757000056],[101.48287026000008,6.598943653000163],[101.48288370700004,6.598941252000031],[101.48293188800005,6.598938046000114],[101.48301388400006,6.598952332000067],[101.48305721800011,6.598970792000159],[101.48307457200013,6.598984938000115],[101.48309977400004,6.599040614999979],[101.48311514099998,6.599094763000039],[101.48310436900016,6.599284076000174],[101.48309961400003,6.599337818000151],[101.48309493700009,6.599361098000145],[101.4829585290002,6.599710723000044],[101.482951072,6.599720812000044],[101.48250553100019,6.600209446000179],[101.48248875200011,6.600234889000035],[101.48248228000011,6.600261026000169],[101.48248097900012,6.600273939999965],[101.48247948300019,6.600741317000029],[101.48248445200011,6.600763167000082],[101.48271138000007,6.60122473600012],[101.48272494300005,6.601245170000084],[101.48309551100016,6.601618674000065],[101.48311926500014,6.601636539000026],[101.48313164800004,6.601641941000139],[101.48336368000002,6.601699815000131],[101.48338356300019,6.601693936000061],[101.4833954070001,6.60168512700011],[101.48351320500007,6.601552179000123],[101.48353615000013,6.601515813000162],[101.48353782300018,6.601506795000148],[101.48353765700017,6.601473541000018],[101.4835330030001,6.601223349000122],[101.48354695100005,6.60118374700005],[101.48379951600003,6.600861051000152],[101.48416273800007,6.600356215000147],[101.48417769600007,6.600342078000097],[101.48459261400012,6.600070253000126],[101.48464448100009,6.600056314000085],[101.48465385700013,6.600056191000021],[101.48514343200003,6.600078247000056],[101.48519384600013,6.60009178700011],[101.48521541400015,6.600107065000145],[101.48546776500012,6.600305869000067],[101.4854909610001,6.600331483000048],[101.48550565700009,6.600353591000101],[101.48551019600018,6.600368186000139],[101.48555055700007,6.600726935000068],[101.48557395200015,6.601119957000094],[101.48558178300016,6.601213133000158],[101.4856069400002,6.601277389000131],[101.48563902000018,6.601329970000165],[101.48567930200016,6.601373975000172],[101.48587263400015,6.601544376000106],[101.48609536900005,6.60168956300015],[101.48618809400017,6.601710574000037],[101.48629541300005,6.601702704000104],[101.4871721290001,6.601554680000106],[101.4871988220001,6.601553685000113],[101.48737823900012,6.601583209000069],[101.48743208000008,6.601615110000125],[101.48747871100011,6.601679284999989],[101.48749902000009,6.601755199000081],[101.48749874500015,6.601766467000118],[101.48748308300009,6.601812384000084],[101.48745911100008,6.60185057100017],[101.48727947300011,6.602065548999974],[101.48724605300004,6.602115639000033],[101.48723085699999,6.602159511000139],[101.48723907300018,6.602337980000073],[101.48727048100011,6.602476655000089],[101.4872897950001,6.602521986],[101.48741853800016,6.602730797000163],[101.4874490860002,6.602766977000101],[101.48758158000015,6.602865872000052],[101.48760977400019,6.602878517000136],[101.48765984900018,6.60288660599997],[101.48774038300007,6.602880527000082],[101.48778358400017,6.60287019500015],[101.48803091000002,6.602763330000073],[101.48823411000018,6.602615429000025],[101.4886252710001,6.602216967000061],[101.48890986800012,6.601857973000051],[101.48901614800019,6.601760861000173],[101.48905497100014,6.601731447000077],[101.48907357600018,6.601721621000138],[101.48909830700018,6.601719837000189],[101.489109643,6.601722403],[101.48914190700003,6.601746192000121],[101.4891596490001,6.601763510000126],[101.48919830300008,6.601840448000132],[101.48921836900013,6.601899001000049],[101.48922079400006,6.60191703300012],[101.48921985400017,6.602396420000105],[101.48920987000008,6.60254618100015],[101.48917146100018,6.602771743000176],[101.48897325200005,6.603281454000125],[101.488965817,6.603311113000188],[101.48895672200007,6.603434267000068],[101.48896358600012,6.603536495000185],[101.48897019000015,6.603573491000077],[101.48907005800004,6.603955631000076],[101.48915675700005,6.604126927000038],[101.48926751800002,6.60423657400014],[101.48929133600006,6.604253878000122],[101.48932486200016,6.604270242000041],[101.48933963700006,6.604272317000152],[101.48945461100016,6.604271742000037],[101.4896045660002,6.604230363000056],[101.48963768400012,6.604214434000085],[101.48981456200016,6.604066593000027],[101.4899851310002,6.60384037],[101.49009467700017,6.603603680000163],[101.4902000620001,6.603217381000093],[101.49026711000016,6.603070156000058],[101.49042819600015,6.602819183000179],[101.49046311800004,6.602775295000072],[101.49086074300016,6.602377484000158],[101.49095760000006,6.60224967500011],[101.49099006600011,6.602213967000182],[101.49102164400006,6.602191008000148],[101.49105698000011,6.602175226000099],[101.49110656300007,6.602172350000046],[101.49117537500007,6.602181030000054],[101.49119816700016,6.602191217000097],[101.49131168700018,6.602291426000136],[101.49133183500004,6.60231483900003],[101.49140104100007,6.602435239000044],[101.49141552200012,6.602502941000125],[101.49143091300004,6.602760449000129],[101.49143127200017,6.602832189000026],[101.49147935600007,6.603067499000133],[101.49151651800014,6.603385892000063],[101.4915136140001,6.603596584000115],[101.49149261200012,6.603689901000109],[101.49147141700007,6.603743180000151],[101.49144567200011,6.603795571000148],[101.49137600500012,6.603868992000059],[101.49069522800005,6.604238925000061],[101.49064945900005,6.604264651000051],[101.49053117900007,6.604366896000045],[101.490427785,6.604478140000026],[101.49006651600007,6.6050743670001],[101.49004105800009,6.605139786000052],[101.49000309200017,6.605284605000065],[101.48999308700013,6.605430959000103],[101.48999869800014,6.605473697999969],[101.49000546200017,6.605489299000112],[101.49003142800018,6.605512191000059],[101.49004796400015,6.605518729000096],[101.49007547200011,6.605523762000018],[101.4902330720002,6.605526158999965],[101.49025246800016,6.60552835500016],[101.49032075200012,6.605544405000046],[101.4903633080001,6.605560782999987],[101.49042607000013,6.605600527000092],[101.49047147400017,6.605633621000152],[101.490484718,6.605639938000081],[101.49056436900014,6.605642344000103],[101.49059252200004,6.60563772200004],[101.4906990300002,6.605604441000082],[101.49070929200013,6.605599611],[101.49144253700013,6.605084244000068],[101.49157806400007,6.604958146000115],[101.49183356800006,6.604660311000089],[101.49188302300018,6.604584386000113],[101.49190424400007,6.604544827000154],[101.49190717400012,6.604532657],[101.49191260100014,6.604510128000186],[101.49191503000009,6.604456004000156],[101.49193550000018,6.604255926000121],[101.4921149380001,6.603657983000119],[101.49228784000019,6.603210303000026],[101.4923932980002,6.603003274000059],[101.49240411300013,6.602988466000056],[101.49244747800009,6.602945154000054],[101.49249196,6.602918267],[101.49252240700014,6.602908651000121],[101.49256866400015,6.602908420000176],[101.49257523100005,6.602910069000075],[101.49260213500014,6.602924644000097],[101.4926257680001,6.602942899000084],[101.49277722500011,6.603140077999967],[101.49307848600006,6.603670169000054],[101.4931141510001,6.603720820999968],[101.49335725100013,6.604020073000072],[101.49368196500018,6.604569174000119],[101.49375785900003,6.604836551000119],[101.49381368100006,6.605461133000119],[101.49383632700017,6.605505452000102],[101.4939444970002,6.605668761000061],[101.49420289400018,6.605896741000095],[101.4942211950002,6.605907178000166],[101.49450219400006,6.606003766000129],[101.49452371700016,6.606009092000079],[101.49469011700006,6.606001115000026],[101.49492225,6.605936985000028],[101.4949791590002,6.605910181000127],[101.49516696000018,6.605805157000134],[101.49519225200015,6.605787261999978],[101.49522333500016,6.605752376000112],[101.49526214900015,6.605698096000083],[101.49527359800015,6.605659691000028],[101.49528006000014,6.605620830000078],[101.49528016300007,6.605620205000093],[101.49529166200006,6.605536629000142],[101.49528458700007,6.605506793000131],[101.4952755610002,6.605483634999985],[101.4952391000001,6.605435782000029],[101.49521496200009,6.605411376000177],[101.4949228860001,6.605209669000089],[101.49490010600016,6.605190772000014],[101.4941815250001,6.604387611999982],[101.493921764,6.603952830000082],[101.49367870600014,6.603238955000108],[101.49366414000019,6.603153144000032]]]}},{"type":"Feature","properties":{"districtCode":"TH9507","provinceCode":"TH-95","nameTh":"อำเภอกาบัง","shapeName":"Kabang","shapeISO":"TH9507","shapeID":"TH9507","shapeGroup":"THA","shapeType":"ADM2","labelPoint":[101.00221398,6.3597351]},"geometry":{"type":"Polygon","coordinates":[[[101.02342525000017,6.482020166000154],[101.02382843500004,6.482007036000141],[101.02435862300007,6.482062537000047],[101.02471603700013,6.482130249000136],[101.025703442,6.482377113000098],[101.02616913100007,6.482493203000104],[101.02671130100003,6.482663886000125],[101.02742659500007,6.482914543000163],[101.0279572930001,6.483096793000129],[101.02796870700013,6.483103782000114],[101.03012854400004,6.484424823000097],[101.0303709440002,6.484539091000102],[101.03092445100009,6.484663629000124],[101.03193957300005,6.484982214000127],[101.03257395400004,6.485164050000037],[101.03293193000019,6.48537003500013],[101.03345124200018,6.485586895000154],[101.0337512000001,6.485689411000067],[101.03413166000018,6.485757020999984],[101.03467357500017,6.48574466600013],[101.0349185660001,6.485083096000096],[101.03754070200011,6.477557020000177],[101.03971864000005,6.469590826000058],[101.04234008800006,6.462064745000077],[101.04586023000019,6.458071630000177],[101.05204733200014,6.458046735000153],[101.05245883900017,6.458119061000104],[101.05779860400014,6.459349645000145],[101.05954998100015,6.455363589],[101.063497402,6.447832144000074],[101.06941740200011,6.436314362000132],[101.074658017,6.420819830000084],[101.07506749000004,6.412860915000181],[101.07681569100004,6.407990631000075],[101.07943650500016,6.400464616000079],[101.07919510800014,6.398591377000059],[101.07852400100012,6.393394729000136],[101.07496222600003,6.38677795600006],[101.07494443200017,6.382357237000122],[101.07633154900009,6.38010906400018],[101.07801639200017,6.377039813000181],[101.08019728400012,6.369957487000022],[101.08017592500005,6.364652530000114],[101.07837448200013,6.356260099000167],[101.0783443270002,6.348744795000073],[101.07081852300013,6.345238412000128],[101.05797725100007,6.338437377000048],[101.05044379800017,6.332941150000124],[101.04734780800015,6.332069081000043],[101.04447290900004,6.331417081000097],[101.03939054000006,6.331216110000071],[101.03209627600017,6.330360449000068],[101.02435780400009,6.328843556000038],[101.019716711,6.328419179000036],[101.01704980800008,6.324450481000099],[101.01438436700005,6.320703232000085],[101.01128192100003,6.318283814000097],[101.00818542500019,6.31741146100012],[101.00531998900004,6.319190569000114],[101.00399370800017,6.318974758000081],[101.00310306200004,6.317210123],[101.00132439600014,6.314343102],[100.99711741700014,6.311927810000043],[100.98937411000009,6.309083559000157],[100.9798564990001,6.304477825999982],[100.97542468300009,6.300957338000046],[100.97276381699999,6.298315020000075],[100.97142447600015,6.294782734000023],[100.96962332800013,6.285726473000068],[100.96939671800004,6.284180155],[100.9694251840001,6.283788477000144],[100.968957541,6.283024561000161],[100.96890329600006,6.283015727000134],[100.96857864700013,6.282887003000155],[100.96809138100014,6.282758854000122],[100.96763800000019,6.282922726000152],[100.9673792700001,6.283053681000069],[100.96711935700017,6.283022440000082],[100.96672820000003,6.282471828000155],[100.96649960500002,6.282051161000084],[100.96646598100011,6.281661958000143],[100.96672271700004,6.281011703000047],[100.96717419100008,6.280328584000131],[100.967723966,6.279807173000052],[100.96798232000009,6.279579082000112],[100.96811063500013,6.279156473],[100.9680763840002,6.278767282000047],[100.96794622400012,6.278540618000136],[100.96765369700017,6.278379553000036],[100.96755514300014,6.27815277000019],[100.96761887400004,6.277828166000177],[100.96781234700012,6.277470337000125],[100.96787583500003,6.277080735000027],[100.96787352000013,6.276464272000112],[100.96761058900012,6.275621040000146],[100.96744714700009,6.27526509900008],[100.96734797400018,6.274713398000188],[100.96715264000017,6.274584742000059],[100.9668932190001,6.274520726000048],[100.96656833200012,6.274327008],[100.96624192800016,6.27387392300011],[100.9659807660002,6.273355594000122],[100.96568726300018,6.272935158000166],[100.96516622900003,6.272385039000028],[100.96467892200013,6.272094721000144],[100.96376911800019,6.271773795000058],[100.96318502200018,6.271581010000034],[100.96282816000013,6.271582347000049],[100.96253595200011,6.271519041000147],[100.96136762300017,6.271231269000111],[100.96075071200016,6.271168588000023],[100.95984146500018,6.27084710400004],[100.95935391000006,6.270492336000189],[100.9589635100001,6.270136691000175],[100.95873504800005,6.269748190000087],[100.95852104900018,6.269002530000023],[100.95845526100004,6.268775621000145],[100.95826079900013,6.268711392000057],[100.95806595300019,6.268712120000146],[100.95712620100005,6.268845567000085],[100.95660727199999,6.268847505000053],[100.95612013800019,6.268751556000041],[100.9558272230002,6.268493310000167],[100.95563042000003,6.267812532000164],[100.95559464500013,6.267001249000089],[100.95546300800004,6.266385260000163],[100.95510444799999,6.265932283999973],[100.95468102300003,6.265511723000088],[100.95399879600018,6.265189945000145],[100.95335003700006,6.265062377000049],[100.95302460500017,6.264869198000156],[100.95247275700012,6.264676315000088],[100.95179149600017,6.264613858000132],[100.95094865100015,6.264681986000085],[100.95033242300013,6.264652059000014],[100.94919659200002,6.264591291000158],[100.9478659310002,6.264239118000035],[100.94718338000007,6.263819555000055],[100.94679283700003,6.26343163700011],[100.94659694300015,6.263140224000097],[100.9465305540001,6.262751137000123],[100.9466252580001,6.262102087000073],[100.94673675000007,6.261549591],[100.94673266400008,6.260446592000164],[100.94666467600018,6.259473205000177],[100.94649941900008,6.258759579000071],[100.94601056200003,6.258047682999972],[100.94568449100018,6.257529592000026],[100.94564994700016,6.257042622000029],[100.945841873,6.256263261000129],[100.94613094300013,6.255483509000101],[100.94670996500008,6.254312792000121],[100.94722480800016,6.253207313000075],[100.94728855400007,6.252882709],[100.94728735300009,6.252558348000093],[100.94718940700017,6.252331552000157],[100.94712397800015,6.252201846000105],[100.94649226600012,6.251483714000187],[100.94576254100002,6.250230824000084],[100.94492090900002,6.248174806000122],[100.94487275400007,6.245537212000045],[100.94379143800012,6.243250397000111],[100.94148881800004,6.24268985100008],[100.93885831200015,6.244008847000146],[100.93669428000015,6.243208153000182],[100.93460695400012,6.243450917000189],[100.93220822100017,6.244082433000187],[100.9306047980001,6.243548116000113],[100.92808997300011,6.244706689000168],[100.92577388600006,6.244788091000146],[100.92414450700016,6.245033063000164],[100.92236956700003,6.244543413000144],[100.92109321200019,6.245581593000054],[100.91966706100004,6.246744686000113],[100.91747339900007,6.247881715000119],[100.91585902399999,6.247289737000187],[100.91355944100007,6.245697176000135],[100.91229061800016,6.24462533600007],[100.91171316400016,6.242661474000158],[100.91089235600009,6.241178858000012],[100.9084847220002,6.241236735000086],[100.90705859800016,6.239131878000137],[100.90722670600002,6.237057391000178],[100.90625679400006,6.235711475000187],[100.90410774600008,6.233878186000084],[100.90211390400015,6.233583076],[100.90044799400016,6.234503964],[100.89894595400006,6.234520672000144],[100.89678621200005,6.235668792000126],[100.8964370380001,6.237192398000047],[100.89468825600017,6.238939164000158],[100.89259996800007,6.239250717000118],[100.892353759,6.24082083900015],[100.89250638300001,6.243068796999978],[100.8922248880001,6.244879809999986],[100.89211572500005,6.246564718000172],[100.89232719200004,6.248366063000049],[100.89132412700008,6.249898249000182],[100.88888066100009,6.250219518000051],[100.8859570510001,6.250194979000071],[100.88489684500013,6.251704170000153],[100.88488314200015,6.252133113000184],[100.88485237800012,6.253166215000022],[100.88479076200014,6.253939513000091],[100.88456786900008,6.254616706000036],[100.88424704300019,6.254907757000069],[100.88399011400014,6.255069747000164],[100.8836038450001,6.255071132000182],[100.88289522600019,6.25494482300013],[100.88238011300007,6.254753391000065],[100.88173561300005,6.254562448],[100.88122047800016,6.254532073000064],[100.88083421900006,6.254533456000104],[100.8804165680001,6.254760413000156],[100.88006365799998,6.255083805000083],[100.8796152170001,6.255697394000151],[100.87926249900005,6.256084631000078],[100.87858759400007,6.256376938000017],[100.87810508700005,6.256475293000108],[100.8774615750001,6.25654199600001],[100.8771083970002,6.256800940000119],[100.87662764700019,6.257382462000123],[100.87608283800017,6.258060840000098],[100.87560309400004,6.258771162000073],[100.87534788300019,6.259416285999976],[100.87525339400008,6.259996426000043],[100.87532028200013,6.260704803000124],[100.87532281100005,6.261413438000034],[100.87503772700012,6.262702292000085],[100.87468511600014,6.263122294000027],[100.87433195800003,6.263381239000068],[100.87384947800012,6.263479628000084],[100.87346320900019,6.263480999000137],[100.87307739400018,6.263611217000062],[100.8727566350002,6.263934456000072],[100.87253223900007,6.264192939000054],[100.872115027,6.264548733000026],[100.87169671200013,6.264582445000144],[100.87124558700003,6.264455214000179],[100.8707612610001,6.264038190000122],[100.8704055500001,6.26358853000005],[100.87030737800012,6.263137918000098],[100.8703046280001,6.262365462000105],[100.87039729600008,6.261269946000084],[100.87033178900009,6.260948102999976],[100.87017003400013,6.260723180000127],[100.86994368200004,6.26043407700007],[100.86942740000012,6.260081600000149],[100.86910415500012,6.259696237000128],[100.86900607300004,6.259277826000073],[100.86900435500007,6.258794684000065],[100.8692274920001,6.25818190200016],[100.86932271900008,6.25779503900003],[100.86932191700004,6.257569570000157],[100.86919190200018,6.257215727000073],[100.86919041400006,6.256796989000065],[100.8692208600001,6.256313690000127],[100.86938066700009,6.255991035000022],[100.86950781900015,6.255540210999982],[100.86937734900016,6.255057493000038],[100.86921502400014,6.254671537999968],[100.86921410800011,6.254413850000162],[100.86934221900009,6.254220149000048],[100.86947012900004,6.253994230000046],[100.8696294770001,6.253542702],[100.86959590600003,6.253156288000184],[100.86946589500002,6.252802445000157],[100.86911033500013,6.252384966000136],[100.86867083500016,6.252180834000114],[100.86824146000009,6.250379118000069],[100.86736645700006,6.248230347],[100.86660518800005,6.246312264000039],[100.86582161300015,6.244152972999984],[100.86696079500007,6.243079747000024],[100.86848876400012,6.242238576000148],[100.86972982500004,6.24139552600019],[100.86925399600017,6.239868069000011],[100.8679841890002,6.238967868000032],[100.86618816800018,6.23777845900014],[100.86464176700002,6.237392888000102],[100.86207628800014,6.236589900000126],[100.86008357600008,6.23598494800018],[100.85936611900019,6.234628377000092],[100.8573785640001,6.232589748000066],[100.85496262800007,6.231592343000045],[100.852575973,6.232166399000164],[100.85082669600013,6.233832807000169],[100.85013168400019,6.235801832000107],[100.84906002700006,6.237299171000075],[100.8484913470001,6.239234412000087],[100.84755377400006,6.241603781000094],[100.84703111600015,6.243459174000066],[100.8461309610002,6.245060456000033],[100.84582687400018,6.246768121],[100.84553294300008,6.248773595000046],[100.84415334200008,6.249753262000183],[100.8439183660002,6.251357847000179],[100.84383596600014,6.252336328000013],[100.84405833700015,6.252782567999986],[100.84438888900013,6.253315412000063],[100.84439090500013,6.253890661000128],[100.8443508260001,6.254219708000051],[100.84431104200019,6.254630678000126],[100.8443130610001,6.255206527000098],[100.84456156200014,6.25569844000006],[100.84509654800013,6.256066686000111],[100.84542619600006,6.256353182000055],[100.84571495300008,6.256721735000042],[100.84583923400015,6.257050204000166],[100.84588233200014,6.257584064000071],[100.84584240800007,6.25795436400017],[100.84559704700007,6.258201620000023],[100.8454757880001,6.258736640000052],[100.84543614900008,6.259188861999974],[100.84539592600004,6.259476613000118],[100.84523304100014,6.259888050000143],[100.84486473000015,6.260176963000106],[100.84433135800009,6.260425222000151],[100.84420883300015,6.260590087000026],[100.84412765200011,6.260796060000132],[100.8441693310001,6.261083569],[100.84445809100015,6.261452131000112],[100.8447055970002,6.261656984000126],[100.84491190200015,6.262026384000137],[100.84491276700015,6.262272782000082],[100.844709781,6.262848753000014],[100.84409723600004,6.263878286000022],[100.84368913100013,6.264578205000134],[100.84336145000009,6.264866966000113],[100.84299258100003,6.265156464000086],[100.84278859300008,6.265444827000067],[100.84270772000019,6.265897193],[100.84263017799998,6.267129996000165],[100.84247061000013,6.268486813000038],[100.84247319800016,6.269226495000169],[100.84235165400003,6.269679004000011],[100.84210715300014,6.270173242000055],[100.84194397800007,6.270502688000136],[100.84186223800003,6.270708108000065],[100.84145311600014,6.271120374000077],[100.84112485800017,6.271245292000117],[100.84083799700011,6.271410180000089],[100.84063385100012,6.271822286000088],[100.84047310400007,6.272685761000048],[100.84047512300015,6.273261055000035],[100.84047642000013,6.273630627000045],[100.84047728600007,6.273877566000124],[100.84031454300015,6.274330229000043],[100.83982396600015,6.27503042800015],[100.83929418700012,6.276142142000083],[100.83892757700016,6.277088309000135],[100.83882868800004,6.278198518000067],[100.83874941400006,6.278938536],[100.83846396700017,6.279514802999984],[100.8380544040001,6.279803889000107],[100.83801403400014,6.280050424000024],[100.8380151880001,6.280379328000038],[100.83826355500008,6.280994975000112],[100.83842921900015,6.28136396900004],[100.83843051800017,6.281734118000031],[100.83843138300011,6.281980518000182],[100.83835062300005,6.282309663000149],[100.83814592800007,6.2825567860001],[100.8376954360001,6.282928529],[100.8370397970001,6.283424175000164],[100.83605759200009,6.284372453000117],[100.83552621600018,6.285032098999977],[100.83524033200018,6.285485220999988],[100.83511891700016,6.285978401000136],[100.83528431700017,6.286429913000177],[100.83536851000014,6.286922951000122],[100.83545153500012,6.287251569000148],[100.83537081700001,6.287580724000122],[100.83496164400003,6.28799302800013],[100.83475781000004,6.288486497000179],[100.83475910800013,6.288856654000142],[100.83496654300018,6.289389930000027],[100.83529700300016,6.29004658700012],[100.83583310300008,6.290578708000169],[100.8360395630001,6.290989368000055],[100.8361648500001,6.291441012000121],[100.83626995700018,6.292262338000057],[100.83623000900008,6.292468177000103],[100.83598420900017,6.292756686000075],[100.83553327300018,6.293004631000088],[100.83528759600017,6.293169966000164],[100.83512413400013,6.293416935000096],[100.83504355900016,6.293787344000066],[100.8350444240001,6.294033726000066],[100.8350047740002,6.294485958000166],[100.83484242100019,6.295061795000095],[100.83484429000009,6.295596386],[100.83501141100015,6.296376199000179],[100.83534166700014,6.296827164000092],[100.83579522200006,6.29731886899998],[100.8361670600001,6.298016047000147],[100.83629147200008,6.298385778000068],[100.83637609400017,6.299001991000182],[100.8365825510001,6.299412094000104],[100.8369950010001,6.299780263000059],[100.83781761600005,6.300188742000046],[100.8389269650001,6.300225538000063],[100.84046682700017,6.300138151],[100.8407132120002,6.300178542000083],[100.84104279900004,6.300423765],[100.84158131800007,6.299511359],[100.84191993800005,6.29890401200015],[100.84218328800017,6.298425739000095],[100.84238664800012,6.298114366000163],[100.84258270100008,6.297878786000069],[100.84333774500004,6.29725481700001],[100.84372273400015,6.296912499000143],[100.84391884100012,6.296692078000092],[100.84403149200011,6.296426488000122],[100.84408276100004,6.295933805000118],[100.84418772800007,6.295637936999981],[100.84432282700016,6.295296502000099],[100.84463934300004,6.294863497000051],[100.84506925,6.294377059000112],[100.84543802700006,6.294038039000156],[100.84592971300009,6.293586020000134],[100.84668459400007,6.292916594000189],[100.84767406300017,6.291725563000114],[100.84834089200018,6.290797270000155],[100.849204294,6.290229089000093],[100.84939407500019,6.290155280000135],[100.84955477600005,6.29012545900008],[100.8498178820002,6.290117217000102],[100.84999335200013,6.290131216000077],[100.85001402700016,6.290131143000167],[100.8500866330001,6.290130886000043],[100.85030052000013,6.290173314000015],[100.850515944,6.290248939000151],[100.85081375300007,6.290391930000169],[100.85114095600005,6.290600113000096],[100.8513679510001,6.29071632],[100.8515145230001,6.290825508000182],[100.85162465700017,6.290964080000094],[100.85169975100018,6.291180176000012],[100.85170653000011,6.29138066500019],[100.85170741100012,6.29162933200007],[100.85173575400006,6.291768581000099],[100.85183663900011,6.291891689000181],[100.85188276700006,6.291914986000052],[100.85200813,6.291920809000089],[100.85213958800006,6.291891092000071],[100.85232919700002,6.291766088000031],[100.85265973000014,6.291476424],[100.85279560900005,6.291376803000048],[100.85294900300016,6.291347006000137],[100.85304855800013,6.29133898900011],[100.85312017800004,6.291342046000068],[100.85323258500017,6.291362556000024],[100.8533146170002,6.291389593000019],[100.8535560540002,6.291454553000051],[100.85372432100019,6.291497839000101],[100.85404606000009,6.29153326800008],[100.85465304000019,6.291618880000101],[100.85476529500016,6.291636089000178],[100.85504670000006,6.291709125000182],[100.85523364200009,6.291787886],[100.85528233100013,6.291814113000157],[100.85553875300019,6.291981416000056],[100.85571471600014,6.292134381000039],[100.85589812400019,6.292323877000058],[100.85594786500013,6.292390186000148],[100.85617720300007,6.292695884000011],[100.85644906800013,6.293097169000077],[100.8565884140001,6.29322832400004],[100.85658905000014,6.29322883500015],[100.85677899700016,6.293381231000126],[100.85702792500012,6.293497364000075],[100.85730588700005,6.293554888000017],[100.85744317100006,6.293555707],[100.85807337900013,6.293559469000172],[100.85835118400013,6.293573113000036],[100.85847364800014,6.293604408000078],[100.85854872300001,6.293623595000156],[100.85890751600016,6.293805160000147],[100.85936891400013,6.294059499000127],[100.85958602000017,6.294140813000126],[100.8599105290001,6.294262353000022],[100.86007871900017,6.294283698000129],[100.8602832680001,6.294253708000156],[100.86049489800001,6.294157884000185],[100.86068630800008,6.293961741000032],[100.86089531800013,6.293710323000028],[100.8610481830001,6.293534246000092],[100.86119398500006,6.293424028000061],[100.86124533100002,6.293395764000024],[100.86136257200008,6.293331227000124],[100.86149032700007,6.293293238000047],[100.8616467120001,6.293298082000092],[100.86200520400013,6.293391881000161],[100.86219563200007,6.293500903000108],[100.86237171100015,6.293683117000057],[100.86250397700007,6.293880111000021],[100.86262937800007,6.294201458999964],[100.86270683200007,6.294632960000058],[100.86274553500016,6.294848572000149],[100.86277106900013,6.294990835000078],[100.86282378000016,6.295422148000171],[100.862834868,6.29554987299997],[100.862881007,6.295660159000079],[100.86295659400014,6.295772732000046],[100.86314736200012,6.295976827000175],[100.8635948210001,6.296421372000054],[100.86412304300012,6.296968007000089],[100.8642197470001,6.297053775999984],[100.86432834900006,6.297150108000153],[100.86455548700019,6.297302888],[100.86473252200017,6.297368566000102],[100.86499458800017,6.297454901000037],[100.86514243500005,6.297447944999988],[100.86519681100015,6.297423522000031],[100.8653230970001,6.297336709000035],[100.86547598700014,6.297167949000141],[100.86562131000017,6.296926080999981],[100.86573997900013,6.29664390500011],[100.86574659500013,6.29662096800007],[100.86578056500014,6.296422384000152],[100.86580299300005,6.295986352000114],[100.86581450300008,6.295762522000075],[100.86586465600004,6.295477113],[100.86597373500013,6.295281448000082],[100.86603808000018,6.295211410000149],[100.86605754900012,6.295192137000072],[100.86625775800007,6.295029574000012],[100.86650359800018,6.294849331000137],[100.86661480000015,6.294779497000036],[100.86680180600013,6.294702701000062],[100.86682305000011,6.294698441000094],[100.86701674300008,6.29469774800009],[100.8672508470001,6.294755421000161],[100.8674045460001,6.294813379000175],[100.8677171170001,6.294900688000041],[100.86779233300012,6.294921699000042],[100.86812879100006,6.294986311000059],[100.86832437400017,6.294998660000147],[100.8683481170001,6.295000156000071],[100.86848694200012,6.294985029000145],[100.86864743299998,6.294896698000059],[100.86877155500014,6.294859681000105],[100.86891038000016,6.29484456199998],[100.86907833500015,6.29480007900014],[100.8693133550002,6.294622680000089],[100.86950865600011,6.294371140000067],[100.86955170500005,6.294315687],[100.86974239099999,6.294061119999981],[100.86989703600011,6.293909781000025],[100.87006155000006,6.293809216000113],[100.87037550300016,6.293713015000094],[100.87059152000018,6.293694228000049],[100.87074046600009,6.29371213200011],[100.87093847000011,6.293754878000072],[100.87155562800018,6.293934797000134],[100.87170674300017,6.293978853000056],[100.87208738900006,6.29408173000013],[100.87246328400016,6.294220860000053],[100.87267527900019,6.294314037000049],[100.87304336500011,6.294504804000098],[100.87306126700014,6.294516306],[100.87310484500006,6.294544300000041],[100.87336392200007,6.294658401000106],[100.87348544700006,6.294689204000122],[100.87369022900015,6.294725033000134],[100.87434824400015,6.294773873000111],[100.87441704100007,6.294779692000134],[100.87506250000013,6.294834342000058],[100.87509402000006,6.294837012000073],[100.87528413100006,6.294858268000041],[100.87546026200016,6.294914215000176],[100.87556542500005,6.294971388000022],[100.8757088000001,6.295061527000087],[100.87588924200014,6.295165817],[100.87637533500009,6.295446748000074],[100.87702467200012,6.295720930000016],[100.877268416,6.295823843000107],[100.87756856300007,6.295954413000061],[100.87781760400014,6.296099788000106],[100.87805935800009,6.296252498000115],[100.87812993600005,6.296299208999983],[100.87824563700013,6.296357306000118],[100.87836677500019,6.296368418000156],[100.87848353100009,6.296316795000052],[100.87858535600009,6.296177469000042],[100.87864328300014,6.296023681000122],[100.87875811100008,6.295726393000052],[100.87882433100003,6.295554958000139],[100.87898390000004,6.295210649000182],[100.87902027900009,6.29514825300015],[100.87912918000012,6.294961461000184],[100.8792821770001,6.294821953000167],[100.87939888800008,6.294755715000178],[100.87952308900014,6.294740637000189],[100.87962917100003,6.294751425000186],[100.87971363700007,6.294785946000104],[100.87983049600007,6.294856549000031],[100.88005766100014,6.295016629000088],[100.88006939500002,6.29502758000001],[100.88054169700001,6.295468328000084],[100.88079007700014,6.295687129000157],[100.88085887800008,6.295747727000048],[100.88098322900015,6.295833453],[100.88109869900012,6.295883189000051],[100.88156425000017,6.296019543000114],[100.88170760400016,6.296039952000115],[100.8818667650001,6.296048632000122],[100.88218116400009,6.296076751000044],[100.8825102880001,6.296134076000101],[100.88280092500008,6.29620221600004],[100.88281753700005,6.296206104000021],[100.88322204200006,6.296337195000149],[100.8832639270002,6.296350771],[100.88362249700003,6.296466485000167],[100.88394431600011,6.296523837000109],[100.88424403700014,6.296537377000163],[100.8846460170002,6.29652861500017],[100.88504066400003,6.296512567999969],[100.88561056800012,6.296451996000144],[100.88607064500007,6.296340637000071],[100.8864431240001,6.296258836000106],[100.88672768000004,6.296118848000106],[100.88696101900007,6.295964425000022],[100.88721622600013,6.295795291000047],[100.88732298600007,6.295745742000122],[100.88748622100013,6.295669978000092],[100.8877637060001,6.295595842000182],[100.88818027000013,6.295579712000063],[100.88844347800006,6.295600693000097],[100.88879460900006,6.295679875000076],[100.88881643600018,6.295691048000037],[100.8890216100001,6.29579607200003],[100.88926353400007,6.295992660000138],[100.88943966400007,6.296189484000081],[100.88967466800011,6.296495811000113],[100.88983500700016,6.296832517000098],[100.8901194130001,6.298205558000063],[100.89016525300013,6.298753912000166],[100.89023906100005,6.298951108000153],[100.89040814900017,6.299221092000096],[100.89051252900009,6.29935931000017],[100.89071123100018,6.299525925000182],[100.89090675400013,6.299658101000091],[100.89134672600011,6.300008749000142],[100.89150052100013,6.300131326999974],[100.89181582999998,6.300408100000084],[100.89213091800013,6.300626362000173],[100.89303191200008,6.301164293],[100.89375729500017,6.301651659000186],[100.893955419,6.301863032000028],[100.89416801500005,6.302037789000167],[100.8944316050002,6.302161159999969],[100.894738937,6.302255119000051],[100.89486843700007,6.302289578000114],[100.89519986600004,6.30237777200017],[100.89570494300017,6.30258071600008],[100.89601235700002,6.302696609000122],[100.89637853700015,6.302892746000111],[100.89653832300002,6.302995294000084],[100.89722840200005,6.303438165000046],[100.89751406400006,6.303605335000043],[100.89767510800004,6.303670574000023],[100.89785058900009,6.303684564000093],[100.89806252100004,6.303676473000053],[100.8983328610002,6.303646237],[100.89952354200005,6.303444430000127],[100.90018089300014,6.303310396000029],[100.9005686660002,6.303282220000028],[100.90081663600012,6.303264205000062],[100.90208845700005,6.303266870000186],[100.9025343460001,6.303272561000028],[100.9027025630001,6.303301199000089],[100.90290762299998,6.303410156000098],[100.90312721700002,6.303497110000023],[100.90333193200019,6.303510993000032],[100.90355120500016,6.303510193000136],[100.90379963300006,6.303487345],[100.90415029100012,6.30343487100015],[100.90506378100002,6.303387653000129],[100.90575076400012,6.303363200000149],[100.90626216200019,6.303295508000076],[100.90666390100012,6.303220904999989],[100.90686095900008,6.30313974000012],[100.90707284600012,6.303117023000141],[100.90726298200019,6.303145580000091],[100.90748994600017,6.303247136000152],[100.90756972700007,6.303295615000138],[100.90784889600019,6.303465233000168],[100.90799534600006,6.303537829000106],[100.90820739200018,6.303558994000184],[100.9083159920001,6.30355859600013],[100.90845115900004,6.303543418000118],[100.90868216700011,6.303469493000136],[100.90887869200014,6.303353249000111],[100.90889367800014,6.30334439100011],[100.90912741200009,6.303299654000057],[100.90982911400005,6.303304396000101],[100.91020921700016,6.303310320000037],[100.911473947,6.303371501000015],[100.91214657600017,6.303420234000043],[100.91224889500018,6.303440317000025],[100.91236211900014,6.303498458000149],[100.9124543050001,6.303617856000074],[100.91250219400007,6.303709558000037],[100.91251801200013,6.303852377000055],[100.91250397400006,6.30391597300013],[100.91245575700009,6.304018799000119],[100.9122663340001,6.304187703000082],[100.91209137100009,6.304312160000165],[100.9119218570001,6.304432739000106],[100.91148433900014,6.304743971000107],[100.9113914580002,6.304797923000081],[100.91109264500005,6.305033050000134],[100.91088495500014,6.305153714000141],[100.9108170780001,6.305225728000039],[100.91076502400006,6.305327332000104],[100.91074464200017,6.305412291000152],[100.91071503199998,6.305707276000135],[100.91071756800005,6.305777856000077],[100.91074037700008,6.305936659000167],[100.91077528,6.306000296000036],[100.91085526400008,6.306079741000133],[100.91100172400013,6.306152337000071],[100.91117719400006,6.306166325000163],[100.91145494500006,6.306165306000025],[100.91154501000011,6.306170980000104],[100.91167427100004,6.306179130999965],[100.91188642800012,6.306229545000065],[100.91206216800009,6.306316658000071],[100.91227434800004,6.306374390000087],[100.91249373800008,6.306402837],[100.91261021800017,6.306385754000132],[100.91269828400016,6.306372834000115],[100.91285147700012,6.306291826000177],[100.91294612900015,6.306189086000188],[100.91301478400004,6.30606899300011],[100.91307992600008,6.305982589000052],[100.91321549300005,6.30589556100017],[100.9133194760002,6.305882934000067],[100.91335292100007,6.305885388000092],[100.91351535400008,6.305945655000016],[100.91362542300004,6.306062264],[100.91376496900006,6.306244591000052],[100.91386079200004,6.306463640000175],[100.9138731020002,6.306607963000147],[100.91389086000004,6.306690243],[100.91390813600009,6.307534316000101],[100.91386647200017,6.307655608],[100.9138331260001,6.307730771000138],[100.91378165900016,6.307796951000114],[100.91357387400012,6.307949323000059],[100.9133913020001,6.307993875000022],[100.9131720800001,6.308009302000187],[100.91304421900008,6.308016880000082],[100.91297897499999,6.308020748000047],[100.91290900500007,6.308024899000145],[100.91275574700018,6.308091276000027],[100.9126321650001,6.308274567000183],[100.9125746320002,6.308530752000138],[100.91258258300007,6.308706240999982],[100.91259063300004,6.308721070000104],[100.912624731,6.308783872000106],[100.91263409600015,6.308801135000067],[100.91263749500018,6.308804353000141],[100.91268555300007,6.30888139000001],[100.91286156100006,6.309041641000022],[100.91303752500005,6.309187254000108],[100.91304858600017,6.3092073790001],[100.91312582799998,6.309347835000153],[100.91321439100011,6.309581533000141],[100.9132003680001,6.309742480000011],[100.91317390400008,6.309804895000127],[100.91315244600008,6.309842138000135],[100.91304938100018,6.310021019000089],[100.91290232300008,6.310189696000066],[100.91269865400017,6.310461039000074],[100.91251686800007,6.310717677000184],[100.91242993200012,6.310930086000042],[100.91240131500018,6.311098400000162],[100.91240166100005,6.311192599000037],[100.91243347400007,6.311258190000046],[100.91251303900003,6.311328903000117],[100.91259531100008,6.311367788000041],[100.91270940400017,6.311397123000063],[100.91283305100018,6.3113966680001],[100.91296318500014,6.31137284700003],[100.91311035700005,6.311328484000171],[100.9131895770002,6.311288868000076],[100.91338822000006,6.311138658000118],[100.91361475200011,6.310946369000078],[100.913665116,6.310903608],[100.91375999000007,6.310854064000182],[100.9138766800001,6.310793127000181],[100.91394770700003,6.310766511000111],[100.91412223900011,6.310719091000124],[100.91429303600012,6.310718463000057],[100.91436043400017,6.310730468999964],[100.9144656860002,6.310754744000121],[100.91464444300016,6.310870758000135],[100.91491556300019,6.311052590000088],[100.91505502400008,6.311212975000103],[100.91511251000009,6.311312773],[100.91518416700006,6.311477142000058],[100.91521744100015,6.31165118500013],[100.91518941300012,6.311980392000123],[100.91515432300008,6.312375442000132],[100.91511626500011,6.312640285999976],[100.91509017700008,6.312821799000176],[100.91509861300005,6.313128932000097],[100.91513610500016,6.313384765000023],[100.9151882610002,6.313655175],[100.91526218700011,6.313881614000024],[100.91530211600013,6.313957753000011],[100.915357879,6.314064101000099],[100.91549772500002,6.314326867000034],[100.91560075200016,6.314516637000054],[100.91574057000014,6.314772086000175],[100.91577786700014,6.314976727000158],[100.91580821100018,6.315276467000047],[100.91580912800015,6.315525709000099],[100.91580918100004,6.315539747000173],[100.91580278100008,6.315788422000082],[100.91582554300015,6.316015059000051],[100.91589949600018,6.316248818000133],[100.91595824300015,6.316321726000126],[100.91610496800013,6.316467463000038],[100.91616854900013,6.316530603000103],[100.9162367130001,6.316583788000116],[100.9163474790002,6.31667021700008],[100.91643482800004,6.31672221700012],[100.91654136400018,6.316802815000074],[100.91661044000017,6.316879140000083],[100.91671387800005,6.317072233000147],[100.91680257900003,6.317342500000052],[100.91690572300018,6.31756152100013],[100.91706005300017,6.317791310000018],[100.91706741000019,6.317802267000161],[100.91722899900014,6.318013761000088],[100.91744156300012,6.318173875000184],[100.91746065500013,6.318184576000078],[100.9176100270002,6.318268326000066],[100.91784427700003,6.318362538000031],[100.91851813200009,6.318740348000063],[100.9186851560001,6.318836273999977],[100.9188081100001,6.318913473000066],[100.91899467600012,6.319126207000068],[100.91917098900007,6.319366897000123],[100.91934759700007,6.319688031000055],[100.91952949200015,6.319875918000037],[100.91953103300017,6.3198775030001],[100.91974359800008,6.320037615],[100.91996207300014,6.320130347000031],[100.91996707300018,6.320131403000119],[100.9201300580001,6.320165942000074],[100.92035803500005,6.320159668999963],[100.92064294600004,6.320114736999983],[100.92085464700006,6.32004082200018],[100.92101506800014,6.319937844000037],[100.92114717200002,6.319858343000078],[100.92143798600011,6.31965837100006],[100.92156217000007,6.319635970999968],[100.92167830000011,6.319635542000071],[100.92171914900018,6.319647435000036],[100.92181095300015,6.319708185000081],[100.92197224699999,6.319839233000096],[100.92211128700012,6.319882600000085],[100.92219822600015,6.319887391000179],[100.92227250900015,6.319910216000039],[100.92233699100018,6.31994646000004],[100.92241882000008,6.320027730000163],[100.92276900400009,6.320442799000148],[100.92287399800011,6.320567241000106],[100.92288333800013,6.320579795000128],[100.92302075200018,6.320720274000109],[100.92309406700008,6.320758357000159],[100.92317454099998,6.320800158000111],[100.92326965200016,6.32082173800012],[100.9234084680001,6.320806604000154],[100.92351321500013,6.32075680700018],[100.92353250800005,6.320747634000043],[100.92365638700011,6.320644790000074],[100.92375831900017,6.320534718000033],[100.9238089970001,6.320402886000124],[100.92381577100014,6.320256594999989],[100.92377865200018,6.320103146000179],[100.92364385700012,6.3199069100001],[100.92355818300013,6.319782177000036],[100.92342591200008,6.31959251100011],[100.92339881900011,6.319522814000152],[100.92339585000013,6.319515160000037],[100.92338901700015,6.319497580000188],[100.92338888200004,6.319461011000101],[100.92338864200002,6.319395852000127],[100.9234108600001,6.319242387000088],[100.92347389400015,6.319125740000118],[100.92368653199998,6.318911407000087],[100.92391991900001,6.31877158900005],[100.92413175300015,6.318734242000062],[100.92429258800007,6.318740958000092],[100.92449746100004,6.31879870299997],[100.9247462780001,6.318878234000067],[100.92492175400008,6.318892215000119],[100.92515554400006,6.318862091000085],[100.92531812599998,6.318847777000144],[100.9254716260001,6.318847209000126],[100.92566346800015,6.318841014000043],[100.9259429490001,6.318812555000079],[100.92616765300005,6.318795266000166],[100.92639239200008,6.318788951999977],[100.92657333700004,6.31879924600014],[100.92674338000018,6.318826042000012],[100.92709149200016,6.319003101000021],[100.9276861670001,6.319606535000048],[100.92800282200011,6.319908188000056],[100.9282742530001,6.32017134400013],[100.92851309100013,6.320325094000054],[100.92873889700013,6.320440229000098],[100.92896463800008,6.320536037000011],[100.92913230200008,6.320599842000092],[100.92944195200016,6.320746884000187],[100.92963551700007,6.320849254000109],[100.92974552900012,6.320907439000052],[100.92985692400003,6.320989446000169],[100.92992729400015,6.321085054999969],[100.92995221600006,6.321162110000046],[100.929952581,6.321260431000098],[100.9299021180002,6.32142788900012],[100.92985608200013,6.321531266000022],[100.92984419000004,6.321552918000066],[100.92970974200011,6.321763887000031],[100.92965860800012,6.321867166000118],[100.92962066100011,6.322054153000067],[100.92959669300006,6.322257076000085],[100.9295574300001,6.322355544000061],[100.92946120300007,6.32246710000004],[100.92935470700013,6.322523012000033],[100.92915190600013,6.322555823000187],[100.92904941200015,6.32255882700008],[100.92880464000018,6.322540417000141],[100.92853396600015,6.322483428000112],[100.92844777900007,6.32245813500009],[100.9282850190001,6.322410382000157],[100.9280569190002,6.322343456000112],[100.92798935400003,6.322325447000139],[100.92767409800007,6.322213910000016],[100.92756684800008,6.322164863000182],[100.92728310700011,6.322056387999964],[100.92718348000017,6.322023568000077],[100.92694332500008,6.321993743],[100.9269286930001,6.321993266000106],[100.92681278200001,6.321993696000106],[100.92662608900014,6.322007279000104],[100.92646531900016,6.322065856000052],[100.92630468300018,6.32216309800009],[100.92599661399998,6.322441293000111],[100.92593244500011,6.322511255000052],[100.925682343,6.322783938000157],[100.92543239100013,6.323107011000104],[100.9254061700002,6.323141842000098],[100.92516966700003,6.323455911000053],[100.92510532900008,6.323533034000093],[100.92493244800005,6.323740289000114],[100.92486399500018,6.323835704000089],[100.92471462400016,6.324043914000129],[100.92456782500017,6.324398821000102],[100.92453845300008,6.324516819000053],[100.92452079000009,6.324587784000187],[100.92443457700017,6.32493408800002],[100.92434027200011,6.325552972000082],[100.9243413210001,6.325836459000186],[100.92435522200009,6.326113456000087],[100.92441399000018,6.326332302000083],[100.9244855390001,6.326525334000053],[100.92456326900015,6.326647464000075],[100.92467309699998,6.326743704000023],[100.92483434500019,6.326813977000086],[100.92504690200013,6.326826072000074],[100.92518850100004,6.326806222000073],[100.92601173800017,6.326526116000139],[100.92865383000014,6.325285698000187],[100.92885330500019,6.325246302000096],[100.92894497400005,6.325265254000101],[100.92899937300001,6.325304439000035],[100.9291052150001,6.325451539000142],[100.92915110300015,6.325670433000141],[100.92909156200011,6.326978586000109],[100.92911178700007,6.327223346000096],[100.92917673000005,6.327371296000081],[100.9292351420001,6.327493497000148],[100.92928920300005,6.327600687000142],[100.92931623200002,6.327664661000085],[100.92935143700004,6.327882030000069],[100.92933374600005,6.328034346000038],[100.92931502400012,6.328195490000041],[100.92924328700013,6.328334773000108],[100.92920881300012,6.328374085000178],[100.92908420200001,6.328466954000135],[100.92889137300017,6.328564317000144],[100.92853755800007,6.328662276000159],[100.92834449100019,6.328695209000102],[100.9281448860001,6.328702389000171],[100.92811739000012,6.32869809400006],[100.92798380400012,6.328677213000049],[100.92784558600005,6.32862594400018],[100.9278290360001,6.328619806000177],[100.92769354600006,6.328549437000106],[100.92754500400002,6.328434008000102],[100.92734446900005,6.328189916000156],[100.92721527700019,6.328080867999972],[100.9271332780001,6.328009619000056],[100.92709330400015,6.327990273000069],[100.92697021499998,6.327985132000094],[100.92686722700017,6.327998396000112],[100.92671928400011,6.328044052000166],[100.92650723300005,6.328167250000035],[100.92623748700015,6.328361549000022],[100.92610890800006,6.32842000900007],[100.92599960600006,6.32846551300014],[100.92582587800007,6.32850482200007],[100.92570371700003,6.328556820000131],[100.92555591700005,6.328641121000089],[100.92547880700005,6.3286865070001],[100.92541742800006,6.328757221000103],[100.92539568100011,6.328844269],[100.92539586100014,6.328892996000036],[100.92543599000015,6.328984426000147],[100.92545242000011,6.329021854000075],[100.92546080300019,6.32904094100013],[100.92546723200007,6.329049134000172],[100.92562382100016,6.32924845600013],[100.9260749030002,6.329670080000028],[100.92626849600009,6.329778897999972],[100.92667023900003,6.329940067000109],[100.92685081300004,6.330012513000042],[100.92702150100018,6.330131480000034],[100.92720316700007,6.330279394000172],[100.92732667299998,6.330373163000047],[100.92747191200004,6.330466858000079],[100.92763513400001,6.330524235000098],[100.92807762800004,6.330678435999971],[100.92844027100011,6.330789441000036],[100.92877400500004,6.33091866500007],[100.92889376400007,6.330979837000143],[100.92899551500005,6.331066437],[100.92904625400007,6.331174919000091],[100.92906954700015,6.33131166700008],[100.92907273900005,6.331377831000054],[100.9290520420002,6.331656974000111],[100.9290022830001,6.331914480000137],[100.92890630300013,6.332175318],[100.9288534490002,6.332239624000181],[100.92879323400012,6.332292965000079],[100.92873480500015,6.332335315000023],[100.92864712100004,6.332386922000126],[100.92848440700004,6.332446142000038],[100.92829608400018,6.332510952000064],[100.92817616900015,6.332539000000111],[100.92813695100006,6.332548176000159],[100.92803202900012,6.332563189000041],[100.92799240100004,6.332568862000073],[100.92782953800014,6.332587781000143],[100.92766861200016,6.332636002000129],[100.92757651500006,6.332658523000134],[100.92752411700019,6.332671343000129],[100.92733576900002,6.332730652000123],[100.92719130500018,6.332775151000021],[100.92709993800014,6.332819450000045],[100.92701406900005,6.332867393000186],[100.92695567300007,6.332917063000025],[100.92691560100008,6.332972165000115],[100.92689924600006,6.333011852000141],[100.92688838500015,6.333038204],[100.92687698100008,6.333111662000022],[100.92687587000012,6.333118843000022],[100.9268541940001,6.333199519000118],[100.92682674900004,6.333292504000099],[100.9267835920001,6.333376022000095],[100.92674397600018,6.333437778000018],[100.92670195099998,6.333501761999969],[100.92660871800018,6.333649186000116],[100.92657046900013,6.333727008000153],[100.92655181600009,6.333824922000076],[100.92654401200019,6.333917369000176],[100.9265418490001,6.334066875000133],[100.9265366530002,6.334129413000142],[100.92651526200012,6.334224629],[100.92649373800009,6.334279071000083],[100.92617237200017,6.334799434000047],[100.92612642600011,6.334864836000179],[100.92588090700013,6.335325119000117],[100.9258431240001,6.335393209000074],[100.9254040960002,6.336029512000039],[100.92534861200005,6.336109923000038],[100.92523061200006,6.336523518000092],[100.92520827700008,6.336625862],[100.92520389400016,6.336645931000021],[100.92520403300006,6.336683500000163],[100.92520420700009,6.336730197000065],[100.92522618400005,6.336795354],[100.9252536670001,6.33687951100012],[100.92529473500008,6.336966346000111],[100.92535493500009,6.337080284000137],[100.92538769700013,6.337123647000112],[100.92567928000005,6.337364487000116],[100.92571473500004,6.337402409000049],[100.92579116900015,6.337499972000046],[100.92582673700008,6.337567799000055],[100.92606030400015,6.338279083000145],[100.92609583300015,6.338336032000143],[100.92615862200006,6.338417346000085],[100.92623499500007,6.338498610000102],[100.92642576100008,6.338658268000131],[100.92646667600019,6.338701609000111],[100.92649679900006,6.338764017000074],[100.9265214940001,6.338831875000039],[100.92657688800006,6.339117075],[100.926711834,6.339608559000169],[100.92671478500017,6.339671068000087],[100.92671229900014,6.339733598000123],[100.9267104930002,6.339746124000101],[100.92670170800005,6.339807019000091],[100.92666201300005,6.339941805000024],[100.92665586700008,6.339962664000041],[100.9265782940002,6.340226080000036],[100.92632899600017,6.340714162000097],[100.9262780470001,6.340796782000155],[100.9262288430001,6.340859238000178],[100.9261795910001,6.340907046000041],[100.92613765200014,6.340951156000131],[100.9260847170001,6.340995313000178],[100.92602988900018,6.341019330000108],[100.92594033400013,6.341059960000109],[100.92583979400018,6.341100629000152],[100.92576848100003,6.341124707],[100.92568786100014,6.341139964000149],[100.92440859300012,6.341234418000113],[100.92435153100007,6.341231911000023],[100.92396564500007,6.341203440000072],[100.923900387,6.341190095000115],[100.9238188220001,6.341174088000116],[100.92376982200017,6.341147087000081],[100.92373711300019,6.341117310000016],[100.92370705400009,6.341071218000138],[100.92367971800013,6.341025108000053],[100.92364543300005,6.340931592000118],[100.92352983000018,6.340616213000033],[100.92352834100012,6.34061214999997],[100.92338504200012,6.340266802000031],[100.92337154100017,6.340245469000081],[100.9233486830002,6.340218995000043],[100.9232851590001,6.340175197000178],[100.92323169700012,6.340151318000039],[100.92313977400005,6.340124325000033],[100.92308778500012,6.340114293999989],[100.92295922100016,6.340097163999985],[100.92285888499998,6.340095770000062],[100.92273394900013,6.340106803000026],[100.92263895600018,6.340123003000087],[100.92254048900014,6.340151543000161],[100.9224825140002,6.340181697000162],[100.92238945400015,6.340245447000086],[100.92233153900008,6.340291448000073],[100.92230000200004,6.340330311],[100.9222804380002,6.340373548000116],[100.9222586630001,6.340455768000027],[100.92225130800011,6.340490753000154],[100.922240987,6.34055594900002],[100.92224085400011,6.340558186000123],[100.92223767000019,6.340610554000023],[100.92223967800004,6.340679238],[100.92225405100004,6.340756671000122],[100.92228747300015,6.340881392000028],[100.92232369800001,6.341050093000092],[100.92232378800003,6.341050516],[100.922342658,6.341137046000085],[100.92234378500018,6.341157585000076],[100.92233665500015,6.341198404000181],[100.92232803300016,6.341245989000129],[100.9223071180001,6.341302424000048],[100.9222307870001,6.34143523500012],[100.9220497030002,6.341750294000178],[100.92194087800016,6.341939616000047],[100.92187412000015,6.342018737000103],[100.92179093100009,6.342084108000108],[100.92170358900017,6.342152735000184],[100.92147780000005,6.342307071000164],[100.92132227600013,6.342406677000042],[100.92131971500004,6.342408319000185],[100.92117696300011,6.342572411000106],[100.92115063400013,6.342607218000012],[100.9210643340001,6.342721292000078],[100.92096168200015,6.342847493000079],[100.92072932900004,6.343268593000118],[100.92047460700007,6.343760229000111],[100.92038477200003,6.343951811000181],[100.92032329000006,6.344085591000066],[100.92028745800013,6.344163546],[100.92021284300012,6.344387787000187],[100.92020754900017,6.344413942000131],[100.92014615000016,6.344717677000119],[100.92011990800012,6.345102783000186],[100.9201183130001,6.345349393000163],[100.9201334620002,6.345521764000125],[100.920137968,6.345572992000086],[100.92015442100006,6.345760219000056],[100.9201603210002,6.345827353000118],[100.92017163600013,6.34616451],[100.92017234000019,6.346354771000051],[100.92017279200007,6.346476534999965],[100.92017639000017,6.346770937000031],[100.92017828600018,6.346792129000164],[100.92019213400005,6.346947030000081],[100.92019456600008,6.347046201000069],[100.92019805800004,6.347188578000043],[100.92020408400015,6.347455297000124],[100.92021214200014,6.347593668000115],[100.9202647830001,6.347886457000129],[100.92027634300018,6.347950752000031],[100.9203098530001,6.348172076000026],[100.92033578700011,6.348380838000082],[100.9203360360001,6.348381710000126],[100.92036380600007,6.348476356000162],[100.92040295200007,6.348542394000106],[100.92041887600016,6.348565229000144],[100.92050720300011,6.348649433],[100.92053722400004,6.348675738000168],[100.92072957100004,6.348805346],[100.92076304900013,6.348814034000043],[100.9211734160001,6.34887414800005],[100.92121743400014,6.348875742000189],[100.921642836,6.348857335000162],[100.92215197700011,6.348835295000129],[100.92250107700005,6.348987214000147],[100.92254872500007,6.349018735000186],[100.92260345300019,6.349062563000075],[100.92264939600017,6.349109938000026],[100.92267773300011,6.349157388000037],[100.92270082500005,6.349213651000127],[100.92271124600012,6.349258076000183],[100.92271692700018,6.349282282000047],[100.92272114500014,6.34930543400003],[100.92272536000007,6.349337840000032],[100.92272084800004,6.349389693000148],[100.9226981990002,6.349454938000122],[100.92257233999999,6.349691395000093],[100.92249687600014,6.349762504000182],[100.9214409180002,6.350757550000083],[100.92139175400018,6.350791195000113],[100.92067347800008,6.351242947],[100.92053832400012,6.351345586000093],[100.92050850900006,6.35137563700016],[100.92030742700013,6.352048671999967],[100.9202946470001,6.352091446000145],[100.92026661500012,6.352316299],[100.92025532800017,6.352406832000099],[100.92021181500019,6.352698599],[100.92005952900018,6.35371959400004],[100.92004590600004,6.354063220000057],[100.92004082200015,6.354191545999981],[100.92003216300009,6.354410051000059],[100.92003260600018,6.354529607000188],[100.92003262700013,6.354535231000114],[100.92003285000004,6.354594969000061],[100.92004363600006,6.354654810000113],[100.92006316900012,6.354700518000186],[100.9200950140002,6.354744431000029],[100.92014271900013,6.354793564999966],[100.92018509000019,6.354825105000089],[100.92023975400008,6.35485132000008],[100.92031205500012,6.35488628000013],[100.9203931420002,6.354917677000117],[100.92046009600006,6.354933275000178],[100.92084933299998,6.354991711000025],[100.92160091700003,6.354974828000138],[100.92241195700012,6.35485381899997],[100.92247574300012,6.354841442000122],[100.92287457200013,6.354764045000024],[100.92360085800004,6.354620367000052],[100.92425362300014,6.354491229000189],[100.9244092850002,6.354461302000118],[100.92560807799998,6.35423082900013],[100.9256626310002,6.354227102000095],[100.92598648200004,6.354217094000148],[100.92604634700012,6.354220386000065],[100.92608331900016,6.354223769999976],[100.92620135600009,6.354247991000136],[100.92625072200008,6.354268724000178],[100.92626696500008,6.354279567999981],[100.92631606000015,6.354326815000093],[100.92634094400006,6.354364344000089],[100.92637038000004,6.354420504000132],[100.92639054400007,6.354474463000031],[100.92641531400017,6.35454250700019],[100.92642255500016,6.354562406000127],[100.926436906,6.354634559000147],[100.92644968100012,6.354754264],[100.92644670600009,6.354820246000145],[100.92644642900018,6.354826482000135],[100.92643579800011,6.354938564000179],[100.92642271100016,6.355076650000058],[100.92639809100007,6.355162677000123],[100.92636893200006,6.355264587000079],[100.92636016000006,6.355295258000183],[100.92634619300009,6.355327009000064],[100.92634605400013,6.355327220000163],[100.92634407600013,6.355333877000078],[100.92630799000017,6.355386270999986],[100.92626792200008,6.355444444000113],[100.92613284800007,6.355640552000182],[100.92603998300012,6.35577827200018],[100.9260215450002,6.355817860000116],[100.92600641400008,6.355850339000028],[100.9259818650001,6.355903046000037],[100.92593338900019,6.356024141000034],[100.92592019500017,6.35605713200016],[100.92589686899998,6.356153671000072],[100.92584584100007,6.356364924000047],[100.9258444670001,6.356370633999973],[100.92580907000013,6.356539282000085],[100.92578329900005,6.35666209600015],[100.92577664499998,6.356723307000152],[100.92575143800013,6.356955276000065],[100.92575174600017,6.356983158000048],[100.92575418600018,6.35720254600011],[100.92574543900008,6.357330231999981],[100.92574377100016,6.35735460900014],[100.9257405310002,6.35737301100005],[100.9257145520001,6.357520566000119],[100.92571150000003,6.357537902000104],[100.92570220300007,6.357572404000109],[100.9256564330002,6.357742353000049],[100.92564828600013,6.357772589000092],[100.92559796300014,6.35802371300008],[100.92558751400009,6.358082766000109],[100.92558062300014,6.358121720000099],[100.92556747900011,6.358196006000014],[100.92550234300006,6.358403224000142],[100.92549395700007,6.35842625700019],[100.92543891300011,6.358577470000171],[100.92538452400015,6.358720547000189],[100.92531609500008,6.359023901000057],[100.92530843499998,6.359662571000172],[100.9253066920001,6.359807633000059],[100.92530861699998,6.359853414000042],[100.92531578100005,6.359883328000024],[100.92560031300019,6.361132652000038],[100.92561276500015,6.361167825000166],[100.92592900000011,6.361945064000111],[100.92618938500004,6.362382607000143],[100.92639570300008,6.362771094000038],[100.92640034800019,6.362779834000037],[100.92641990900012,6.36283258900005],[100.92642709100016,6.362862457000062],[100.9264359980001,6.362899454000171],[100.92644495500008,6.362941687000045],[100.92645214200002,6.362980410000148],[100.92645229300012,6.363020910000103],[100.9264489430002,6.363066711000101],[100.92642868200005,6.363289506000115],[100.92638807200007,6.363736164000159],[100.92638117000018,6.364548773000138],[100.92638073000018,6.364600892999988],[100.92638272500005,6.364664289000075],[100.92639170199999,6.364710043000173],[100.9264077590002,6.364768099000173],[100.92643618300002,6.364838442],[100.92645750800011,6.364891187000069],[100.926478751,6.364924571000131],[100.92670137300013,6.36514564600003],[100.92695964500018,6.36548457400005],[100.92727257200005,6.365846193000039],[100.92730263500016,6.365883066000151],[100.92745128100017,6.366150807000167],[100.92746126800006,6.366173548000177],[100.92752601500018,6.366418345999989],[100.9275351980001,6.366453081000145],[100.92755366500012,6.366522896000163],[100.92755871600014,6.366549630000065],[100.92755687300007,6.366672602999984],[100.92755363000003,6.366889610000101],[100.92755237400013,6.366973635000022],[100.92754959100017,6.366992151000147],[100.92754606000011,6.367015668000079],[100.92751806600012,6.367202043000134],[100.92750889400008,6.367263060000084],[100.92744090600013,6.367462540000076],[100.92734638100006,6.367739838000091],[100.9272806800002,6.367932590000066],[100.92726496100005,6.367965334000132],[100.9270613110001,6.368271570000047],[100.92701918100016,6.368324084000108],[100.92672997700004,6.368684543000029],[100.92670239100005,6.36872328100003],[100.92656858900017,6.368954595000162],[100.92649086400002,6.369086636000191],[100.92645503500017,6.369144320000146],[100.92643967400005,6.369169054000054],[100.9264022690001,6.369227643000045],[100.92634513200005,6.369307102000107],[100.92623863200015,6.369424396000056],[100.92617449000016,6.369484074000184],[100.92615277600015,6.369501984000067],[100.92566779700007,6.369783680000126],[100.92533334100011,6.370032322999975],[100.9250659610002,6.370414290000042],[100.92503998900014,6.370457340000087],[100.9249921940002,6.370580695000058],[100.92498637200009,6.370595736000155],[100.92497227500007,6.370640358000117],[100.92497161200009,6.370642480000129],[100.9249661610001,6.370683583000073],[100.92496633500014,6.370730271000184],[100.92497395700019,6.370769463000045],[100.924990891,6.370806748],[100.92501718100004,6.370849595000095],[100.92506400400009,6.370890512000017],[100.92527923900008,6.37102108800002],[100.92544178700018,6.371083321000071],[100.92549784200014,6.371096185000056],[100.92556694300009,6.371105261000139],[100.92563230300016,6.371112486000072],[100.92566029800008,6.371112382000092],[100.92570695200004,6.371108475000028],[100.9257703470002,6.371087701000079],[100.92586906800011,6.371031310000149],[100.92604237300014,6.370934275000025],[100.92633012700014,6.370820873000014],[100.926525018,6.370790798000144],[100.92666132900018,6.37078683600015],[100.9267137870001,6.370789331000083],[100.92672864399998,6.370790037000177],[100.92678394800015,6.370812273000013],[100.92681687000004,6.370846673000017],[100.92684466399999,6.370896641000115],[100.92686045400006,6.37096564300009],[100.92686109200014,6.371136551000063],[100.92685972300012,6.371233243000063],[100.92684957100016,6.371286798000142],[100.92682049300004,6.371355959000084],[100.92675536400009,6.371477057000163],[100.92662176100015,6.371743424999977],[100.92652236900005,6.371930252000084],[100.926474397,6.37202365800016],[100.92644181200006,6.372077303000083],[100.92641432200008,6.372110205000126],[100.92636449900016,6.37216908900001],[100.92634616900006,6.372185719000186],[100.92629570100013,6.372231496000154],[100.9262027470001,6.372294000000181],[100.92612355600005,6.372346089000132],[100.92602373300019,6.372415514000068],[100.92594453800012,6.372465881999972],[100.92581878400006,6.372525048000114],[100.92563266200011,6.372593076000044],[100.92526038900013,6.372720494000077],[100.92515698500006,6.372757134000096],[100.92507421500017,6.372774712000137],[100.92497935200004,6.372787146000121],[100.92485170800012,6.372803159999989],[100.92472407800005,6.372820899000146],[100.92464647600019,6.372836735000021],[100.92454308400016,6.372862674000146],[100.92401222100005,6.3730298320001],[100.92372083900011,6.373121587000128],[100.9236574580001,6.373146105000046],[100.92363324000002,6.37316238700015],[100.92360159900016,6.373183660000052],[100.92354391300017,6.373232428000165],[100.92343979500009,6.373344869000164],[100.92335334000012,6.373456007000129],[100.92329117100007,6.373535907000132],[100.92292163900004,6.374056456000119],[100.92276487900006,6.374252795000132],[100.92267638400011,6.374363641000059],[100.92265779500008,6.374384247000023],[100.92250134400018,6.374500114000057],[100.92223708200015,6.374695821000046],[100.92209841200003,6.375053041000115],[100.92206662100017,6.37515418300012],[100.92203422600005,6.375257245000114],[100.92201907700013,6.375305440000091],[100.92200625900017,6.375370849000092],[100.92200271400014,6.375421288000098],[100.92200288100003,6.375466113000186],[100.92201462900016,6.375613598000029],[100.92201724100016,6.375661029000128],[100.92201863400004,6.375686415000075],[100.92202067,6.375733098000126],[100.92201344100005,6.375796624000088],[100.9219917260001,6.375916803000166],[100.92197853100015,6.375989825000147],[100.92196954800005,6.376039560000095],[100.92194752199998,6.376140489000022],[100.92192540900004,6.376217133000125],[100.92190875200015,6.376256420000118],[100.92175844800016,6.376662379000038],[100.92165740800016,6.376935261000028],[100.92138407200008,6.377672212000164],[100.92137094700018,6.377707604000079],[100.92136665800007,6.377735935000032],[100.92135901700004,6.377786479000122],[100.92135454800012,6.377815984000165],[100.92134477700012,6.377924841000038],[100.92133870100014,6.377992514000027],[100.92129719700011,6.378454883000188],[100.9212973710001,6.378501571000129],[100.92133198400006,6.378774099000111],[100.92134717400006,6.378843140000072],[100.92137074500016,6.378913564000015],[100.92142457100016,6.379074417000083],[100.92142649000004,6.379080353000063],[100.92147684700006,6.379236250000076],[100.92152682200003,6.379355629000088],[100.92156399900017,6.37942321200012],[100.92161557300017,6.379503057000022],[100.92174329300008,6.379644195000026],[100.92180706400012,6.379693205000137],[100.92186586200017,6.379729529000144],[100.92191603700013,6.379760528000133],[100.92197367200004,6.379811619000179],[100.92203561800017,6.379920156000026],[100.92205221900002,6.379955791000043],[100.92209765600018,6.380053319000126],[100.92216403300006,6.380250088000139],[100.92219493700014,6.380362714000057],[100.92223265800015,6.38050021100014],[100.9222802820002,6.380617013],[100.92233199500009,6.38073380000003],[100.92241456900018,6.380870991000052],[100.92248897700011,6.381020529000182],[100.92260470100013,6.381247894000069],[100.92265260100015,6.381440634000057],[100.92268192500012,6.381602647000022],[100.92269635800017,6.381722256000103],[100.92270097600016,6.381760604000078],[100.9227044070002,6.381833264000022],[100.922707662,6.381902183000136],[100.92271234900011,6.382058143000052],[100.92272526400006,6.38222227600005],[100.92273466800009,6.382270430000119],[100.92274408800017,6.382318658000031],[100.92273684800011,6.382393901000114],[100.92273619400004,6.382400779000022],[100.922709844,6.382487069000035],[100.92266315300014,6.382618588000184],[100.92265613900008,6.382635673999971],[100.92265561500005,6.38263694699998],[100.9226184260001,6.382727524000131],[100.92260019999998,6.382765213000141],[100.92257567900003,6.382815933000074],[100.92249198400009,6.382927070000108],[100.92241851600005,6.383029958000122],[100.92233886500014,6.383124658000099],[100.92226532600017,6.38320907700006],[100.92218350600018,6.383270947000028],[100.92207731000008,6.383316841000124],[100.92207196100009,6.383319150000034],[100.92197872700018,6.383347512000057],[100.92189854400004,6.38336835500013],[100.9217791420001,6.383389340000178],[100.921698896,6.383393382000122],[100.92158315100016,6.383391942],[100.92149353299999,6.383388542000091],[100.92140388700005,6.383377672999984],[100.92125629500009,6.383344603000126],[100.92111802000011,6.383307771000091],[100.92100399100019,6.383265250000022],[100.92088614700003,6.383202188000155],[100.9207251740001,6.383085137000137],[100.92051411000006,6.382931503],[100.92029844200016,6.382784193000077],[100.9202311200001,6.382752694000089],[100.92015637100002,6.382732428000168],[100.92008914600007,6.382725218000132],[100.9200070080002,6.382723653000085],[100.91996480100016,6.382725011],[100.91991052800006,6.38273326400008],[100.9198708020001,6.382742833000066],[100.91981628300016,6.382763160000025],[100.91978088300004,6.382781852000164],[100.91977911300006,6.382783022000069],[100.919731093,6.382818916000019],[100.91969016100018,6.382857424],[100.91965380700003,6.382901740000136],[100.9196334070001,6.382926608000048],[100.91962593100004,6.382935722000127],[100.91958946200009,6.382994705000101],[100.91957317900011,6.383025934000102],[100.9195472770001,6.383087661000161],[100.91951404000008,6.383184896000103],[100.9195012400001,6.383257778000143],[100.91949939700004,6.383272193000153],[100.91949282000013,6.383323702000041],[100.91949247800011,6.38333348599997],[100.91950985200009,6.383605671000055],[100.91951835499998,6.383738894000146],[100.91952983600015,6.383918765000033],[100.91953571200008,6.383991584000057],[100.91955467700018,6.384071808000158],[100.91957358000002,6.38413523700018],[100.91960295800016,6.384207916000037],[100.91961125900008,6.384228467000071],[100.91967336900007,6.384364568000024],[100.91981254300003,6.384642305],[100.91986018300003,6.384736742000086],[100.91987430700016,6.384770594000031],[100.91989322300009,6.384823454000184],[100.9199104710001,6.384871643000167],[100.91991811800011,6.384920175000104],[100.919928621,6.38535117300006],[100.91993354800019,6.385553197000036],[100.91992631700003,6.385618586000078],[100.91990437600003,6.385741925000048],[100.91986950100011,6.385898926000152],[100.91983652600015,6.38606899500013],[100.91981106200018,6.386248370000089],[100.9198020190002,6.386324970000032],[100.91979612800014,6.386636853000027],[100.91979637999998,6.386818019000088],[100.91979506200005,6.386963682000157],[100.91979944200006,6.387137348000124],[100.91980750800002,6.387297921000027],[100.91981723300006,6.387404330000038],[100.91982467200006,6.387456450000059],[100.9198449640001,6.387598639000032],[100.91985492800006,6.387646350000125],[100.91994207800013,6.38806382000007],[100.92000219900007,6.388231882000071],[100.92001044900002,6.388255390000097],[100.92003744300013,6.388332317000163],[100.92006028400016,6.388406105000058],[100.92007301000018,6.388516883000136],[100.9200861710001,6.388619104000156],[100.92010892000013,6.388795853000147],[100.92014629000016,6.388914750000083],[100.92020000100007,6.38901305700017],[100.92022234700016,6.389053131000082],[100.92025369300012,6.389109309000105],[100.92031753700007,6.38917475300002],[100.92041005700008,6.389231868000081],[100.92052105200008,6.389288914000133],[100.92097676600014,6.389420942000072],[100.9209771900002,6.389421063000157],[100.92123396100004,6.389514507000058],[100.92171069500006,6.389728213000183],[100.92181968700015,6.389799642000128],[100.92200279800011,6.389942611000151],[100.92242889900012,6.390330946000063],[100.92246704000019,6.390370472000143],[100.92247626300014,6.390380028000038],[100.92249495599998,6.390441525000028],[100.92250340900006,6.390507167000123],[100.922499566,6.390576957000064],[100.92248754700017,6.39065499000003],[100.92246539300015,6.39076384100008],[100.92238452800012,6.391084294000052],[100.92237509300014,6.391121554000108],[100.92234551200005,6.39123831600017],[100.92228140100019,6.39138468900012],[100.9222760290001,6.391396946000157],[100.92216472000001,6.39153434900004],[100.92201241100014,6.391694730000097],[100.92186227900015,6.391827713000168],[100.92168938100002,6.391974482000137],[100.92160060500015,6.392034174000116],[100.92148441000006,6.392089401000135],[100.92138638700004,6.392117165000116],[100.92129516400018,6.392135774000167],[100.92105784000012,6.392141225000159],[100.92083415500014,6.392132926000102],[100.92058308300017,6.392124732000127],[100.92038910600019,6.392127742000014],[100.92015418700004,6.392167425000025],[100.91996265600011,6.392213805000154],[100.91981447500018,6.392257737000023],[100.9196549030001,6.392306277000159],[100.91949310100006,6.392368525000165],[100.91935409000018,6.392423839000116],[100.919244758,6.392481321000048],[100.9191263510001,6.392552546],[100.919001165,6.39263977000013],[100.91889189200015,6.392713239000045],[100.91877822000015,6.392832384000087],[100.91865774900003,6.392962969000109],[100.91865568500003,6.392965607000178],[100.918537373,6.393116385000042],[100.91851688100007,6.393152566000083],[100.91850970000013,6.393165243000169],[100.91850924400006,6.393166049000058],[100.91847388200017,6.393228497000052],[100.91845937000005,6.39327271600007],[100.91843150500011,6.393357625000078],[100.91840954399999,6.393461709000178],[100.91840131700013,6.3935317910001],[100.91839937600008,6.393553104000034],[100.91839066000006,6.393648908000102],[100.91838358000018,6.393726818000175],[100.91838034800008,6.393960787000083],[100.91839167600011,6.394248060000166],[100.9184116900002,6.39446084400015],[100.91841513000014,6.394497453999975],[100.91846620100017,6.39467674499997],[100.91848560800008,6.39474487800004],[100.91849136400003,6.394787811000128],[100.91849598200008,6.395008757000085],[100.91850146400014,6.395271250000064],[100.9185106720002,6.395712027000059],[100.9185275850001,6.396127020000165],[100.91852463400011,6.396180608000179],[100.91852210300016,6.396197657000073],[100.9185200440001,6.396211544000039],[100.91851280500009,6.396241098000189],[100.91849042800015,6.396299444000078],[100.91846754900013,6.396358352000107],[100.91844564900009,6.3963997890001],[100.9184320660001,6.396417128],[100.91837976900013,6.396474236000131],[100.91830858700007,6.396533324000018],[100.91811870300018,6.396653211000114],[100.91807957400005,6.39667791100004],[100.91801735700017,6.396717197000044],[100.91795141000011,6.396774170000072],[100.9179289970001,6.396796759999972],[100.91791694400013,6.396814145000121],[100.91790752800006,6.396833154000149],[100.91788831100013,6.3968890270001],[100.91782698200012,6.397067353000068],[100.91772989200007,6.397349599000165],[100.91771844000004,6.397374857000102],[100.91741343100011,6.397929984000143],[100.91741075900006,6.397934857999985],[100.91741019099999,6.397936759000061],[100.91732702700006,6.398219164000068],[100.91726768200004,6.398420659000124],[100.91724692200012,6.398491169000124],[100.91719252800004,6.398829622000164],[100.91719188000013,6.39886154300001],[100.91719065700016,6.398921914000141],[100.91719707500016,6.39900731400013],[100.9172096590001,6.399111002000154],[100.91722640300009,6.399239088000115],[100.91724502000011,6.399313308000046],[100.91725763500017,6.399363632000075],[100.91726768500013,6.399403679000102],[100.91733963000013,6.399614943000188],[100.91738064700007,6.399708355000087],[100.91742765700002,6.399775299000169],[100.91751963200011,6.399903106000124],[100.9177195960001,6.400095578999981],[100.91807634700007,6.400426201000187],[100.9182979310001,6.40071215100005],[100.91832640800004,6.400746707000053],[100.91834544000005,6.400780250000082],[100.91844475500017,6.4009448],[100.91846582900013,6.400963635000039],[100.91848792299999,6.400976160000141],[100.9188917150002,6.401125914999966],[100.91892640700007,6.401137344000119],[100.91896216200007,6.401151920000075],[100.91902213700018,6.401183207000088],[100.91907367000005,6.401204029000041],[100.91911361100011,6.401214376000098],[100.9191577420001,6.401221567000107],[100.91919659600012,6.401222472000086],[100.91923439600004,6.401222331000156],[100.91928162700015,6.401215850000028],[100.91931937300006,6.401201009000147],[100.91935080600007,6.401183028],[100.91937279500002,6.40116526200012],[100.91942581400008,6.401116044000162],[100.9194712110002,6.401065441000128],[100.9195098080001,6.40101856300015],[100.91959130800007,6.400910056000157],[100.91965709300013,6.400812115000122],[100.91969073000013,6.400755823999987],[100.91972286900005,6.400709534999976],[100.91975421600006,6.400668892000112],[100.919797807,6.400621166000064],[100.91981082900003,6.400608219000162],[100.91982624800016,6.400594324000167],[100.91986932800017,6.400563412000054],[100.9199154580001,6.400541183000087],[100.9199424150001,6.400530390000029],[100.91997953800006,6.400520954000115],[100.91998733400015,6.400519876000033],[100.92002877300013,6.400517644],[100.92008758700001,6.400521627000103],[100.92014137700005,6.400534661000108],[100.9201713060001,6.40054662700004],[100.92018675700007,6.40055509900003],[100.92021227900005,6.40057570800019],[100.92023739600006,6.400600971000074],[100.92024589300019,6.400612587000126],[100.92024996300012,6.400620023000045],[100.92026554000012,6.400664490999986],[100.92026996600009,6.400691651000102],[100.92027153600009,6.400712800000179],[100.92027014900003,6.4007379520001],[100.92026926200003,6.400741997000182],[100.92025513100003,6.400786638000056],[100.92024435400015,6.400805512000034],[100.92020876200019,6.400851046000071],[100.92018174000009,6.400875506000148],[100.92014046600008,6.400902758000086],[100.92006290500012,6.400940864000063],[100.92000257800004,6.400968673000136],[100.9199684100002,6.400984428000072],[100.91994024500008,6.4010007],[100.91989942300012,6.401028655000118],[100.91986226500006,6.401051944000187],[100.91980365800009,6.401095835000149],[100.91978318700006,6.401114178000171],[100.91974343500016,6.401154245000043],[100.91971667400014,6.401192018000017],[100.91967285300018,6.401281801000096],[100.91954512100011,6.40156939700006],[100.9195131580002,6.401636752000059],[100.91947841500007,6.401704109000036],[100.91944498800007,6.401750455000126],[100.91942814700019,6.401775929000109],[100.91917767800015,6.402154838000115],[100.91915540600007,6.402191333000019],[100.91901234200014,6.402495808000083],[100.91899844800008,6.402525271000115],[100.91893094700009,6.402750034000178],[100.9188864350001,6.402898258000164],[100.91887815800004,6.402931912000099],[100.91883185300003,6.40328083300011],[100.91883059600019,6.403317259000119],[100.91887109900011,6.404111392000175],[100.91887060800013,6.404119146000085],[100.91887052400011,6.404120540000065],[100.91886449400016,6.404146308000065],[100.91886120200007,6.404153324000106],[100.91883529500018,6.404195031000086],[100.91881179300015,6.404226102000052],[100.91880575200008,6.40423408800001],[100.91839663600018,6.404774922],[100.91836854200017,6.404812056000083],[100.9183518050001,6.404830333000064],[100.91831542500012,6.404905994000046],[100.91821010000001,6.405124994],[100.91819484600018,6.405164270000057],[100.9181281110001,6.405489536000175],[100.91811921600015,6.405532911000137],[100.91811520700008,6.405551265000042],[100.91810544500015,6.405595995000169],[100.91809528100003,6.405786120000187],[100.9180941510001,6.405807235000054],[100.91806095400011,6.406428137000091],[100.91806117700003,6.406879977000187],[100.91806123000015,6.406997910000086],[100.91806127400014,6.40707882300012],[100.91806131700008,6.407172422000144],[100.9180834330001,6.407457720000139],[100.91809396700012,6.407593704000021],[100.9181478810001,6.408109794000097],[100.91815390300007,6.408398243000022],[100.91815808800015,6.408524514000078],[100.91816823200014,6.40858885900019],[100.91816875100005,6.408590817000174],[100.918182044,6.408640805000061],[100.91821073100016,6.408700126000042],[100.91824682200007,6.408754468000097],[100.91836696500013,6.40888789800016],[100.91839510700015,6.408924213000034],[100.91856253600008,6.409143489000087],[100.91869252900005,6.409243737],[100.91890865200008,6.409410402000049],[100.9189696700002,6.409432715000037],[100.91906999800011,6.40945463200012],[100.91941186800017,6.409527636000121],[100.91951223400014,6.409559450000131],[100.91957173800006,6.409585231000051],[100.91960521400017,6.409601193000128],[100.91977474000015,6.409771660999979],[100.91984005300014,6.409840566000128],[100.91988095200009,6.40990143199997],[100.91988649200016,6.409917270000051],[100.91989944599999,6.409954250000112],[100.91990786400015,6.410031512000103],[100.91990818400018,6.410116933000154],[100.9199082230001,6.410117914000125],[100.91991273200006,6.410245057000111],[100.91991713600004,6.410334534000128],[100.91994201700004,6.410464618000049],[100.9199424860002,6.410471999000038],[100.91994416500006,6.410498337999968],[100.91995481600014,6.41066540200012],[100.91995498400019,6.410667963000094],[100.91996317400015,6.410835272000156],[100.91993697300018,6.410888196000087],[100.91990245200009,6.410922991000064],[100.91983661000012,6.410967807000191],[100.91976917200009,6.411027489000162],[100.91971328600005,6.41108712800002],[100.91967389000018,6.411141751],[100.91964603600019,6.411196334000181],[100.91962321600005,6.411270702000138],[100.91960373000006,6.411356620000106],[100.91959750100017,6.411455691000072],[100.91959613600011,6.411529979000022],[100.91961478400009,6.41166362600012],[100.91963552600004,6.411914468000077],[100.91966993,6.412289073000125],[100.91968169600011,6.41239309000008],[100.91968187800012,6.412394680000034],[100.91969697300004,6.412458997000101],[100.91970660800001,6.412486456000181],[100.9197119870002,6.41250177400002],[100.91972332600017,6.41253409],[100.91972532500006,6.412539786000139],[100.919771863,6.412628752000046],[100.91983262800017,6.412743683000031],[100.92001371100014,6.413004590000071],[100.92004701700006,6.413062510000032],[100.920053273,6.413073392000058],[100.92005891400004,6.41308575700009],[100.92007719200012,6.413127990000135],[100.92008336700002,6.413162711999973],[100.92008349700006,6.413197462000028],[100.92008036200008,6.413234574000057],[100.92007423000007,6.413267725000082],[100.92000970900017,6.413515204000021],[100.91997941000005,6.41363140500016],[100.91996903000006,6.41368281300015],[100.91996640900015,6.413718254000116],[100.91994377000015,6.414024682000104],[100.91991153600014,6.414461029000051],[100.91990881900017,6.414541104000023],[100.91990901100019,6.414592464000179],[100.91995358100013,6.41520261200003],[100.9199552610001,6.415247926000063],[100.91995118400018,6.415469823000024],[100.919948982,6.41558936000007],[100.91994159600011,6.415631683000072],[100.919922107,6.415669525],[100.91988014200018,6.415745519000097],[100.919812601,6.415867837000064],[100.91978264000011,6.415929887000061],[100.91974896200014,6.416027629000155],[100.91973781400014,6.41605996800007],[100.91972593200006,6.416111380000075],[100.91972157900011,6.416158229000132],[100.91972376000001,6.416283639000028],[100.91972542399998,6.416378770000165],[100.91974648500008,6.417164242000126],[100.91975420700015,6.417211044000112],[100.919769659,6.417304646000048],[100.9198533120001,6.417864791000113],[100.91985958600009,6.417928223000047],[100.91986434600011,6.417990143],[100.9198692170001,6.418079248000026],[100.91987405000003,6.418160812],[100.9198803650001,6.418234804000065],[100.91989114800003,6.418290662000118],[100.92016966000017,6.419268539000086],[100.920397558,6.419844450000028],[100.92040901700017,6.419873418000122],[100.92044566100014,6.419980540000097],[100.9204901400002,6.420118391000074],[100.92050066900009,6.420151038000029],[100.92053435500003,6.420274787000039],[100.9205588590001,6.420365336000145],[100.92061919800005,6.420544601000131],[100.92066412400004,6.420643470000073],[100.92070238600019,6.420725872000162],[100.92074300000019,6.420830612000088],[100.92074904200012,6.420846199000039],[100.92075236200003,6.420853781000176],[100.92078732300018,6.420933554000101],[100.92082732200004,6.421039054000119],[100.92087217700009,6.421116470000129],[100.9209301950001,6.421185588000185],[100.92101462400007,6.421257901000047],[100.92110399900008,6.421328553000023],[100.92119178600018,6.421415713000101],[100.9213044350002,6.421530848000145],[100.92145016900014,6.421665671000028],[100.92157258800006,6.421747749000076],[100.92167838800009,6.421796874000108],[100.92178251800004,6.421841055000129],[100.92186517400012,6.421880361000035],[100.92188159000005,6.421889869999973],[100.92191754700008,6.421910695],[100.92193991900018,6.421935677000135],[100.92195464300016,6.421964177],[100.9219624810001,6.422011506000104],[100.92197503300008,6.422138303000054],[100.92197694900005,6.42215770100006],[100.92198551900003,6.422214079000071],[100.92200242400008,6.422266250000064],[100.92203262400011,6.422335985000075],[100.92208728200018,6.422462206000091],[100.92212933900004,6.422577136000029],[100.9221388630001,6.422603155000104],[100.92215111700006,6.422651397000038],[100.92215230200009,6.42268214600017],[100.92215316900007,6.422704314000043],[100.92215527000013,6.422770235000087],[100.92215486700019,6.422909526000183],[100.92219599300006,6.42323251300013],[100.92220574300012,6.42330065900012],[100.92223296300006,6.423490995000066],[100.92233870100011,6.423833234000028],[100.92239501300014,6.424127576000046],[100.9224100300001,6.424206022000135],[100.92242165000016,6.424397818000045],[100.92242433000018,6.42444203600013],[100.92239771900006,6.424561373000131],[100.92238861400006,6.424602200000038],[100.9223510590001,6.42473674900009],[100.92233325700005,6.424800503000029],[100.9223006680001,6.424912882],[100.9222663770002,6.425008761000015],[100.92222867700008,6.425076581000155],[100.92216795900003,6.425167599000019],[100.9221022690001,6.425253694000162],[100.92203501700004,6.42536289100002],[100.92202712300008,6.425385868999967],[100.92201242900012,6.425428586000066],[100.92199598299999,6.425510354000039],[100.9219884700002,6.425655411999969],[100.9219993660002,6.425811739000039],[100.9220054970001,6.425899743000059],[100.92201621200019,6.425995879000027],[100.92202494300011,6.426074233000065],[100.9220441880002,6.426195016000065],[100.92208135500016,6.426350307],[100.92211766700012,6.426457932000119],[100.92214355600004,6.426512249000098],[100.92217167700016,6.426564307000149],[100.9221742960001,6.426568783000164],[100.92223113500012,6.426645497000095],[100.92230119600015,6.426715064000064],[100.92237657000015,6.426768492000065],[100.92246266800015,6.426816508000115],[100.9225370320001,6.426850354000067],[100.92260534800005,6.426873316000012],[100.92266552500018,6.426889382000127],[100.92274577400013,6.426901131000136],[100.92293105800019,6.426917811000067],[100.92296660900001,6.426927292000073],[100.92347339700007,6.42715379100008],[100.92360244100007,6.427198953000072],[100.92373684300014,6.42724411100005],[100.92386317200004,6.427281232000041],[100.92394381400015,6.427310472000158],[100.9239841800001,6.427334486000177],[100.92418878100005,6.427484112000116],[100.92425610700013,6.427537578000113],[100.92430096200002,6.427582111000163],[100.924323313,6.427608629000019],[100.9243585750001,6.427658048000126],[100.92437684200007,6.427697232000185],[100.92437755500009,6.427698758000133],[100.9243971250001,6.427755843000114],[100.92441018599999,6.427816301000178],[100.92443473900016,6.427920951000146],[100.92443497200009,6.427921833000028],[100.9244701510001,6.428055094000115],[100.92451354500014,6.42817310200013],[100.924646462,6.428535158000045],[100.9248146060001,6.428985708000027],[100.92483895400017,6.429033966000134],[100.92505240200006,6.429393034000157],[100.92514424000018,6.4295404020001],[100.92523604800016,6.42967970899997],[100.92533160000005,6.429826896000179],[100.92533866700018,6.429837771999985],[100.92536302500008,6.429891397000063],[100.92538476900012,6.429974390000098],[100.92538481399998,6.429974566000112],[100.92540943600011,6.430095329000096],[100.92547475200018,6.430435681000176],[100.92550309200004,6.430583330000047],[100.92552171200015,6.430680375000179],[100.92553181800008,6.430718125000112],[100.92560064600008,6.430975257000057],[100.9256524160001,6.431168669999977],[100.92569578800016,6.431278617000089],[100.9257715780002,6.431442158000038],[100.9258256820001,6.431549372000063],[100.92587971500018,6.431640480000112],[100.92593919700016,6.43175037400016],[100.92598512000012,6.431825392000121],[100.92601487700017,6.431884364000041],[100.92619129300004,6.432391285000165],[100.92621835500012,6.432447583],[100.92649692700007,6.432989029000055],[100.92655889800017,6.433047882000039],[100.92663709000004,6.433136214000058],[100.92671790300011,6.433208416000184],[100.92680944800009,6.433277901000167],[100.92714314000017,6.433483432],[100.92814359700009,6.433938901000147],[100.92886292400004,6.434599536000178],[100.92888990400013,6.434634355000128],[100.92906517000006,6.434835105000047],[100.92994361500018,6.435683138000115],[100.93020262100009,6.436017856000092],[100.93050014300002,6.436599514000079],[100.9305581070002,6.436747131000118],[100.93062755300008,6.436923999000044],[100.93063578400017,6.436969623999971],[100.93066077100019,6.437187065000103],[100.93066383900009,6.437289103000069],[100.93063314800014,6.437694753000017],[100.93063189500009,6.438206988000047],[100.93063103900005,6.43855684600004],[100.9306848290002,6.439292499000089],[100.93083943800013,6.439954327000123],[100.93095500200008,6.440448987000025],[100.93115616800003,6.440943192000134],[100.93134794800011,6.441414321000138],[100.9316399380001,6.441950342000155],[100.93167236900001,6.442006619000097],[100.93177799000017,6.442247920000113],[100.93250353500008,6.443837751999979],[100.93286047800018,6.444507807000093],[100.9329764090001,6.444636274000175],[100.93318670000019,6.444866442000034],[100.93340220800008,6.44505898500006],[100.93346110300007,6.445102156000189],[100.93434562000016,6.445656545000134],[100.93475377800019,6.44587902000012],[100.93479007300004,6.445892983000135],[100.93535060000016,6.446086237000145],[100.93550984,6.446129938000126],[100.93561460300009,6.446143641000106],[100.93571328800016,6.446149314000138],[100.93579987000004,6.446146964000093],[100.9358843980001,6.446134565000079],[100.93595477800005,6.446110122999983],[100.93603719600014,6.44607355800008],[100.93611553300013,6.446020885000053],[100.93618777400019,6.445956158000115],[100.9362418680002,6.44588546000017],[100.93632389700014,6.445744145999981],[100.9363498460001,6.445683621000057],[100.93637166299999,6.445596932000058],[100.93639131500004,6.445469965000143],[100.93639495800005,6.445448354000064],[100.93641101200018,6.445353062000152],[100.93642892100013,6.445296593000023],[100.93644887700003,6.445250191000071],[100.9364501770001,6.445248331000073],[100.93648693300014,6.445195667000178],[100.93652303900012,6.445159278000119],[100.93662537600011,6.445064213000137],[100.93671900600009,6.444975573000079],[100.93677786100005,6.444918951000034],[100.93684471100005,6.44484887599998],[100.93693557700016,6.444738412000106],[100.93702381100013,6.444641399000147],[100.93707996000006,6.444582099000058],[100.9371468510002,6.44452007700005],[100.93724321600007,6.444444521000037],[100.9372913790001,6.444401366000079],[100.9376103940001,6.443681723000168],[100.93783189000015,6.44324726200017],[100.93787638900017,6.443173988000126],[100.93792022500008,6.443128333],[100.93798464300005,6.443091395000181],[100.93805932400011,6.443054417000099],[100.93812672700011,6.443029218000049],[100.93818537100015,6.443020184000034],[100.93827784100017,6.443030110000166],[100.9383982450002,6.443056069000079],[100.93871935800018,6.443103286000166],[100.93887094000013,6.443124721000061],[100.93909605400012,6.443143767000038],[100.93935284300011,6.443231445000038],[100.93939418900015,6.443252876000088],[100.93941668100007,6.44326742800007],[100.93945063500001,6.443292701000132],[100.93946048200007,6.443303339000124],[100.93947937100012,6.443335679000143],[100.9397821460002,6.443966794],[100.93982718800004,6.444043681999972],[100.93985468900007,6.444073466000134],[100.93991525900009,6.444115526000076],[100.939997989,6.444161547000078],[100.94008269400018,6.44419546600011],[100.940153458,6.444213880000063],[100.94019209300012,6.444223805000036],[100.94024165000019,6.444234106000124],[100.94027981000016,6.444239516000039],[100.94037196000016,6.444248859000027],[100.94053306900008,6.444255407000185],[100.94064767500015,6.444269292000172],[100.94074438700017,6.444283252999981],[100.94091273700002,6.444311255],[100.94104170600014,6.444335830000171],[100.94107812100003,6.444344184000158],[100.94136416800018,6.444409801000177],[100.94166220600016,6.444447471999979],[100.94176954300008,6.444457641000042],[100.94180705200006,6.444461187000172],[100.94202256800014,6.444458337000128],[100.94222586300015,6.444447393000075],[100.94237019000013,6.444436671000062],[100.94254906600014,6.4444217570001],[100.94269337700013,6.444406966000031],[100.94277664900005,6.444382245000043],[100.9429187290001,6.444314585000086],[100.94442850400009,6.443547158000115],[100.9444812910001,6.443527320000101],[100.94472265500013,6.443458417000159],[100.94513153300005,6.443355649000182],[100.94546049100012,6.443286411000145],[100.9456397310002,6.443258816000082],[100.9456944280002,6.443253795000089],[100.94573069500007,6.443253657000071],[100.94580854700013,6.443251534000183],[100.9459682010002,6.443247161999977],[100.94600836200004,6.443242516000112],[100.94604391000013,6.443234170000153],[100.94633603100004,6.443136383000137],[100.9467144090001,6.443009716000063],[100.94805369300008,6.442542347000028],[100.94809894800017,6.442528577000132],[100.94869706200012,6.44241676900009],[100.94880976600018,6.442402237000181],[100.94890441100011,6.442403898],[100.94897087900011,6.442409683000051],[100.94903134900017,6.442425565000121],[100.94914230799998,6.442481543000156],[100.94931183300008,6.442581601000086],[100.94963854600019,6.442796878000024],[100.9506283,6.443249966000053],[100.95078451100005,6.443340125000134],[100.95081273000017,6.443356403000053],[100.95094771900006,6.443461668000168],[100.95109368300007,6.443565514000056],[100.95118414100011,6.443628880000119],[100.9512711800001,6.443693662000157],[100.95129464600006,6.443711125000107],[100.9513036080001,6.443720961],[100.95131564300016,6.44373415900003],[100.95132565500006,6.443762743000093],[100.9513224640001,6.443791372000078],[100.95130731000006,6.443856368000127],[100.95127576200014,6.443952250000052],[100.9512755340001,6.443953362000173],[100.95126387800019,6.444009534000031],[100.9512666220001,6.444043472000146],[100.95126734200016,6.444052447999979],[100.95127626100009,6.444083235000164],[100.95129291300003,6.444121693000113],[100.95136581800011,6.444195164000064],[100.9515535330001,6.444366147000096],[100.95183008200019,6.444618856000147],[100.95192725800001,6.444707657000151],[100.95204034600016,6.444793829000162],[100.95213007600012,6.44485131600004],[100.95219198400008,6.444880790000127],[100.95230610300018,6.444916066000076],[100.9524229490001,6.444945841000106],[100.95257142500014,6.444986478000033],[100.95269925100007,6.44501622100006],[100.95287245200007,6.445052984000029],[100.95291099500014,6.445079976000102],[100.95295371100013,6.445118271000183],[100.95299369400016,6.445159334000095],[100.95300502200001,6.445178386000066],[100.9530254890002,6.44521278600007],[100.95305735400012,6.445286845999988],[100.95307270400014,6.445349971000155],[100.95308946400007,6.445422719000135],[100.95309526000005,6.445502371000146],[100.95309552300017,6.445571059000144],[100.95309449300004,6.44566173100003],[100.95308114200009,6.445762062000085],[100.95306772100014,6.445841788000109],[100.95304199300017,6.445936675000041],[100.95299981900007,6.446042611000109],[100.95298076900008,6.446085997000125],[100.95297320900016,6.446103218000019],[100.95289227000012,6.446287552],[100.95285016399998,6.446364765000112],[100.95284303000011,6.446377852000012],[100.95278043600013,6.446492658000125],[100.95263439299998,6.446728125000163],[100.95257575300013,6.446835501000123],[100.95252975000017,6.446924992],[100.95252678000008,6.446940505000157],[100.95249421600005,6.447110432000045],[100.95248250300006,6.447207156000104],[100.95248065300007,6.447249463000105],[100.95250614500003,6.44759580200008],[100.95250637700008,6.447656228000085],[100.95248991500011,6.447796877000087],[100.95245567600006,6.448089473000152],[100.95244776400011,6.448125763000121],[100.95238016100012,6.448351614000103],[100.95223947300019,6.448946335000187],[100.95209256300012,6.449494763000075],[100.95207569500013,6.449610499000073],[100.9520676840001,6.449835247000181],[100.95207212100019,6.449963269000136],[100.9520722200001,6.449966157000176],[100.95208624200006,6.45017286500007],[100.95210718800018,6.450302386000033],[100.9521494120001,6.450410072000068],[100.95223158600015,6.45061005499997],[100.95229908100015,6.450752096000087],[100.95230944700012,6.450773907000041],[100.95232031900014,6.450796794000098],[100.95239981100013,6.45098544300015],[100.9524755070002,6.451165071000105],[100.95255443900015,6.451269509000042],[100.9525989560002,6.451325730000121],[100.95266564000019,6.451387915000055],[100.95272016500019,6.451427991000173],[100.95277664100007,6.451451949000045],[100.95284112900003,6.451465804000179],[100.95289750500012,6.45146558800019],[100.95296189900012,6.451455267000142],[100.95304235000009,6.451428771000053],[100.95311260400007,6.451372110000079],[100.95334270600006,6.451146040000026],[100.95350450600017,6.450805023000157],[100.95352649900008,6.450762640000107],[100.95356052000017,6.45070813000001],[100.9536507310001,6.450603044000047],[100.95370887200016,6.450538369000128],[100.95372480200007,6.450491983000177],[100.95372862900012,6.450437589000103],[100.953728436,6.45038785600002],[100.953728372,6.450371116000042],[100.9537220250001,6.450292587000035],[100.95372191900009,6.450289754000039],[100.95371978200018,6.45023216800007],[100.95372623100013,6.450157354000112],[100.9537337380001,6.450121637000109],[100.95375317100019,6.45009351300007],[100.95377856900018,6.450071326000113],[100.95380400900012,6.45006018100014],[100.95382607800013,6.450054156000078],[100.95385325600006,6.450054051000166],[100.95388215600013,6.450057340000171],[100.95390248000001,6.450067407000063],[100.95391190400011,6.450076085000035],[100.9539247530002,6.450091160000113],[100.95393824000013,6.450110010000117],[100.9539502470002,6.450133336000079],[100.95396069500015,6.450158150000163],[100.95397878700004,6.450224360000163],[100.95399344200013,6.450280388000181],[100.95400634700019,6.450321975000122],[100.95402351400008,6.450367795000034],[100.95404463100016,6.450415152000119],[100.95408927300014,6.450492598000153],[100.95411763600009,6.450536802000045],[100.954164102,6.450576902000023],[100.9546044970001,6.450949859000048],[100.95464692500008,6.450985948000096],[100.95488104900011,6.451128064000159],[100.9554016150002,6.451402004000045],[100.95547215600004,6.451417853000066],[100.95559708299999,6.451439528000151],[100.95571191000016,6.451453187000141],[100.95582670500016,6.451456772000142],[100.95599378700012,6.45144404399997],[100.95605821400005,6.451441783000064],[100.95662779800011,6.451371118000168],[100.95669821500019,6.451356747000148],[100.9575070260002,6.451182427000106],[100.95757944000013,6.451164024000093],[100.95807010100015,6.450988921000089],[100.9581465080002,6.450962441],[100.9582028060002,6.450940072000037],[100.95900086400019,6.450588554999968],[100.9590350530001,6.450578350000114],[100.95938394300015,6.450541755000017],[100.95951817500008,6.450538555000094],[100.95974103900005,6.450545756999986],[100.95990491700007,6.450571987000046],[100.96007694800005,6.450625033000165],[100.9601476090001,6.450651229000016],[100.960224864,6.450693833000173],[100.96028141300019,6.45073435200004],[100.96033628700008,6.450785067000083],[100.96035954900003,6.450806565999983],[100.96037031800017,6.450820669],[100.9604053170001,6.450866506000182],[100.96042502500012,6.450893853000025],[100.9604309360002,6.450904487],[100.96051838500006,6.45108218200005],[100.96053242400006,6.451120339000113],[100.9605361360002,6.451134893000074],[100.96054070700012,6.451171782000188],[100.96055192900019,6.451262376000045],[100.96055249700004,6.451410076],[100.96053420400006,6.451541742000074],[100.9605330130002,6.45154860800011],[100.96053292300019,6.451557527000034],[100.96052514500008,6.45162805700005],[100.96051431900008,6.451702864000083],[100.96050356400013,6.451777182],[100.96050170600017,6.45181747800018],[100.96050191500012,6.451871855000149],[100.96050617200018,6.451932265000153],[100.96051443300007,6.451984934000166],[100.96051548300017,6.452005484000097],[100.96053257800008,6.452339721000101],[100.96053475300016,6.452382323000108],[100.96054313200005,6.452465549000067],[100.96056222300012,6.452543357000081],[100.96061094200019,6.452645216000064],[100.96067849900015,6.45275775500005],[100.96074331500017,6.452856868000026],[100.96082981300009,6.453009614000052],[100.96097062000007,6.453320597000072],[100.96098037900009,6.453352361000043],[100.96099781100008,6.453409118000025],[100.96099857400009,6.453415119000113],[100.96101995900017,6.453583593000189],[100.96103465500016,6.453696415000081],[100.96103037500012,6.454541004000077],[100.96102937300003,6.454737268000144],[100.96099072500004,6.455132104000143],[100.96097997400017,6.455242014000021],[100.96098325800006,6.455311485000152],[100.9610063520002,6.455424692000179],[100.96103697500013,6.455533347000028],[100.96106161700004,6.455658634000031],[100.96107440400016,6.45584136500014],[100.96107196000014,6.455990931000031],[100.96106997700002,6.456024028000058],[100.96106344200012,6.456132960000161],[100.961042894,6.456287124000141],[100.96101954900013,6.456386081000062],[100.96100722500017,6.456438327000114],[100.96097788700007,6.456548627000188],[100.96097745900005,6.456550233000144],[100.96092520300016,6.456707540000082],[100.96085669000007,6.456957057000068],[100.96082101100006,6.457103723000102],[100.96078994100014,6.457271524000078],[100.96077533500016,6.457399989000123],[100.96077575400011,6.457508747000077],[100.96078894900006,6.45766268400007],[100.96079788800017,6.457766989000106],[100.96080447100007,6.457814923000171],[100.96081338000005,6.457857155000113],[100.96084044300005,6.457939575000182],[100.9609020260001,6.458074732000057],[100.96093518000015,6.458122970000147],[100.96095793699999,6.458148558000119],[100.96115631700007,6.458288290000155],[100.96118512300018,6.458316873000115],[100.961318737,6.458503677000124],[100.96149975300006,6.458839852000153],[100.9615514570001,6.458933311000123],[100.96157107800019,6.458982907000177],[100.96157891200016,6.459002699000052],[100.96159880300007,6.459070599000142],[100.96160958600018,6.459124941000027],[100.96161130000013,6.459177804000035],[100.96161155000016,6.459242766999978],[100.9615719900001,6.459557127999972],[100.96155706900004,6.459604016000128],[100.9615315650002,6.459649433000095],[100.96149851600006,6.459694880000029],[100.9614036820002,6.459776819000126],[100.96134349000005,6.459831429000019],[100.9612728030001,6.459908743000028],[100.96123224700017,6.459966307000172],[100.96120379600018,6.460028351000176],[100.96119040200017,6.46007977000005],[100.9611875610002,6.460128120000149],[100.96118774100017,6.46017494900002],[100.96118945200004,6.460224791000087],[100.96118969000008,6.460286727000039],[100.96115277900014,6.460770216000185],[100.96114943300006,6.460814101000153],[100.96115120900004,6.460883578000107],[100.96116051600018,6.460948498000164],[100.96117433600006,6.461007360000053],[100.96118201100006,6.461040564000143],[100.9612048300001,6.461082776000069],[100.9612382630001,6.461137025000028],[100.96127471500012,6.461188253000046],[100.96131579200005,6.461268155000084],[100.96139801700019,6.461443070000087],[100.96141779000016,6.461477745000025],[100.9614453550002,6.461519162000116],[100.96168499700013,6.461776046000068],[100.9617329690002,6.461837930000058],[100.96177139300016,6.461899849000133],[100.96178478700006,6.461928582000098],[100.96180027400015,6.461961808000183],[100.96180524500011,6.462014302000057],[100.9618201200002,6.46215748000003],[100.96182297700017,6.46224332100013],[100.96182552200014,6.462319782000122],[100.96182601900006,6.462448692000123],[100.96184599300011,6.462677780999968],[100.96212241500007,6.46390509400004],[100.96224110100013,6.464134254000157],[100.96262350300015,6.464998371000149],[100.9629623410001,6.465530318000049],[100.96304623500015,6.465744505999965],[100.96325373700006,6.466290551000156],[100.96329046400018,6.466415791000031],[100.96331031700015,6.466471611000031],[100.9633605620001,6.466577161000032],[100.96338799300014,6.466640503000121],[100.96348123600018,6.466930184000034],[100.96372480200006,6.467820518000167],[100.96376058200019,6.467922931000032],[100.96378930800006,6.467989945000056],[100.9637942600001,6.467999303000113],[100.96383438000004,6.468075194000107],[100.96386918200011,6.46813810600014],[100.96391822900017,6.468200974000183],[100.96402644900007,6.468316482000148],[100.96413866200004,6.468413679000093],[100.96428348000012,6.468529052000179],[100.96442016700013,6.468644461000054],[100.96456702500018,6.46876185800005],[100.9646771250001,6.468821699000102],[100.96484647100004,6.468875131000118],[100.96484716200018,6.468875358000048],[100.96491915400009,6.46889868],[100.96497371600003,6.468906363000031],[100.9650157420001,6.468906200000106],[100.96506413400004,6.468905067000094],[100.96512205700009,6.468896455999982],[100.96516064600019,6.468886004000012],[100.96522401100003,6.468867633],[100.96528731800004,6.468835664000153],[100.96535808400017,6.468781012000022],[100.96545589400012,6.4686869680001],[100.96552056300004,6.468617233000089],[100.96556264200007,6.468562683000187],[100.96563311600005,6.468432500000176],[100.96570347000016,6.468269076000126],[100.96580935600002,6.467960568000024],[100.96582443800003,6.467916630000104],[100.96595799099998,6.467695565000042],[100.96598052000019,6.467662245000099],[100.96602114800015,6.467622809000034],[100.9660858690001,6.467566661000035],[100.96614763100007,6.467525641000179],[100.96624554900018,6.467461815000036],[100.96630277200018,6.467417785000123],[100.96665072200005,6.467147629000181],[100.96710497900006,6.466958477000162],[100.9675760130001,6.466770871999984],[100.96792650200007,6.466630185000156],[100.96835676200016,6.466465034000066],[100.96850706700008,6.466431014000136],[100.96864071900012,6.466411913000059],[100.96872428600017,6.466407881000066],[100.96881717200006,6.466413091000163],[100.96888593100016,6.466423970000051],[100.96894544100007,6.466442323000081],[100.9690217320001,6.466479180000022],[100.96912414400003,6.466545661999987],[100.96932565500009,6.466677151000169],[100.9693364090001,6.466684171],[100.96950960700008,6.466804256000103],[100.96967538600018,6.466928084000017],[100.96972882300008,6.466971325000145],[100.96979648900015,6.467026085000043],[100.96991376300008,6.467092509000054],[100.97002724300006,6.467140367000127],[100.970107208,6.467166067000107],[100.97027130800012,6.467191088000106],[100.97039416900003,6.467196651000165],[100.97048678900006,6.46719629200004],[100.9705693680001,6.467200005000052],[100.97066001400009,6.467207714000097],[100.9713208020001,6.467285719000074],[100.97137117800014,6.46729558800007],[100.97193574400018,6.467486762000078],[100.97212518900011,6.467526306000138],[100.97261692200004,6.467629137000017],[100.97271058000013,6.467659372000128],[100.9727660740001,6.46769155100003],[100.97281220400004,6.467731084000036],[100.97288662300002,6.46779453400012],[100.97296214300007,6.467871575],[100.97297819400006,6.467892684999981],[100.97300730200016,6.467930967000143],[100.97302833900005,6.467969547000166],[100.97304418700014,6.468014425000149],[100.97306324300007,6.468078090000176],[100.9730790380001,6.468155881000087],[100.97309262400012,6.468268326999976],[100.97309631100018,6.468298861000051],[100.97311727700014,6.468438118999984],[100.97314004100008,6.468560640000135],[100.97316830199998,6.468664563000118],[100.97319454200004,6.468723915000055],[100.97322634500011,6.468783238000071],[100.97326550200006,6.468823955000119],[100.97332138900015,6.468866470000023],[100.97338650000012,6.46889408200019],[100.97342448600006,6.468924923000145],[100.97342748800014,6.468927367000163],[100.97345932899998,6.468994123000186],[100.97348754000012,6.469085040000152],[100.97350657900017,6.469205721000094],[100.973523861,6.469350563000035],[100.9735280000001,6.469460152000124],[100.97353214100019,6.469569747000037],[100.97353074100005,6.469688652000173],[100.97353121700007,6.469811267000125],[100.97352413200014,6.46989860400015],[100.97349307800005,6.470032486000036],[100.97346371300017,6.470123634000117],[100.97341958599998,6.47023898000009],[100.97334223800016,6.470410201000107],[100.97328158200014,6.470572060999984],[100.97324486200012,6.470683668999982],[100.9732284850001,6.470769191000159],[100.97322334000012,6.47088067500016],[100.97321994200018,6.470962436000036],[100.97323226600014,6.471090778000189],[100.97323349100014,6.471103575000086],[100.97324537800017,6.471214687000042],[100.97325854100006,6.47141527500014],[100.97325871000004,6.471417471000166],[100.97327417700012,6.471615846000134],[100.97328504300015,6.471863509000116],[100.97328227700012,6.471997297000144],[100.97326526400019,6.472143658999983],[100.97325081100018,6.472268045000021],[100.97322771400013,6.472466814000029],[100.97294357200008,6.473068483000134],[100.97293611200013,6.473084275000019],[100.97293253000004,6.473095220000118],[100.9727018640001,6.473800440000048],[100.97268332800019,6.47382562100006],[100.97267322900018,6.473836583000093],[100.97261697700014,6.473871045000124],[100.97255660600018,6.473881346000155],[100.97249419700006,6.473885624000161],[100.97244785300018,6.47387774200007],[100.97239546100008,6.473867880000114],[100.97233706100008,6.473868107000044],[100.972303292,6.473876998000151],[100.9722827450002,6.473882410000101],[100.97222447300015,6.473912851000023],[100.97218435900004,6.473955305000175],[100.97215637200009,6.474007780000136],[100.97213265400012,6.474065347000021],[100.9721264480001,6.474080408000134],[100.9721006360001,6.474175173000049],[100.97209367700015,6.474234028000012],[100.97207919100003,6.474356533000162],[100.9720662740001,6.474467227000048],[100.97206554900015,6.474473411000019],[100.97206074400003,6.474532568000029],[100.97205786400013,6.47456810500006],[100.97206220200013,6.474648652000042],[100.97206452900008,6.474729209999964],[100.97206861100005,6.474766478000049],[100.97209584400008,6.475015101999986],[100.97210229700016,6.475121829000045],[100.9721026420001,6.475210452000169],[100.97209885800015,6.475272898000185],[100.97208498500015,6.475349067000025],[100.97205874700012,6.475493070000141],[100.97197070100009,6.47597634300007],[100.97196552100002,6.476021585000069],[100.97196467100014,6.476066918000186],[100.97196485500018,6.476114310000185],[100.97196578400013,6.476121389000127],[100.97197122500017,6.476162713000178],[100.97198375500011,6.476206960000013],[100.97200660000016,6.476253240000119],[100.97205164800016,6.476322567000068],[100.97211396900008,6.47640476100014],[100.97219086700005,6.476490513000158],[100.9722250580001,6.476541894000036],[100.97226234800019,6.476595326],[100.97231928200011,6.476668259000121],[100.97236476600011,6.476710322000088],[100.972465,6.476791319000142],[100.97255894400018,6.476845561],[100.97268484500006,6.476906893000148],[100.97275813700008,6.476947819000145],[100.97279427500007,6.476969311000119],[100.9728355700002,6.476994912],[100.97285628700018,6.477023677000034],[100.97288119000007,6.477069941000138],[100.97293412600015,6.477174827000113],[100.97296732000007,6.477234454000154],[100.97302422200016,6.477299143000096],[100.97324840300013,6.47746826600013],[100.97371634300015,6.477811589],[100.97381156000012,6.477884852000102],[100.97415729800014,6.478150876000086],[100.97429677600013,6.478333667000072],[100.97437957400001,6.478442182000038],[100.97443595500016,6.4785112940001],[100.97455690700002,6.478634624000165],[100.974818513,6.478853149000031],[100.975010586,6.479017476000024],[100.9752175640001,6.47919329500013],[100.97539195400014,6.479371083000103],[100.97539982400008,6.479379106000124],[100.9754611640002,6.479451504000053],[100.97548441900005,6.479489378000039],[100.97550777000009,6.479553666000186],[100.97552947800011,6.479617957000073],[100.97556952200006,6.479730051000104],[100.97563455400012,6.479903119000028],[100.9756729090002,6.480003658000101],[100.9757213150001,6.480143778000183],[100.97576137100003,6.480260826000062],[100.9758169100001,6.480426957000077],[100.97597783800012,6.480867170000124],[100.97600927000002,6.480953158000148],[100.976254815,6.481455038000092],[100.97627059100006,6.481514598000047],[100.97629732600006,6.481724439000118],[100.97630381300019,6.481788087000041],[100.97630819100016,6.481831032000116],[100.97631079700005,6.481856574000119],[100.97629572000011,6.48197845500016],[100.9762597030001,6.482045987000049],[100.97620041600004,6.482126562000076],[100.97613067700007,6.482183860000021],[100.9760583210001,6.482235978000062],[100.97597557400007,6.482282959000145],[100.97561850400007,6.482421721000094],[100.97510921300011,6.482665688999987],[100.97510025400015,6.482669981000186],[100.97498350500018,6.482746885000154],[100.97498289900011,6.482747541000037],[100.97498229200016,6.482748195999989],[100.9747865540001,6.482968730000152],[100.97475662400012,6.483012533000135],[100.97468349500002,6.483210728000074],[100.97465559400013,6.483299620000139],[100.97462974300004,6.48338199900013],[100.9746145420001,6.483470188000069],[100.97460971500016,6.483563513000036],[100.97461268300003,6.48365941100019],[100.9746207730002,6.483739723000042],[100.97464174000004,6.483801849000031],[100.97467306900006,6.483861341000022],[100.97470369800004,6.48390611800005],[100.9747436020001,6.483948615000088],[100.97477715900015,6.483972393000101],[100.97484466600014,6.484005830000115],[100.97491992200014,6.484034045999977],[100.97500552800011,6.484057038000117],[100.97507032700008,6.484059382000112],[100.97511957300009,6.484061777000079],[100.97518171000013,6.484048574000099],[100.97525939700006,6.484032724000031],[100.97530087700017,6.484037745000023],[100.975329419,6.484047999000154],[100.97535548700006,6.484086780000098],[100.97538427200004,6.484159243000136],[100.9754077140002,6.484190247000015],[100.9756912380002,6.484463891000132],[100.97595373400009,6.484659860000079],[100.9760239370001,6.484719201000075],[100.97608900100016,6.484791522000137],[100.97614107600009,6.484853526000109],[100.97618278800019,6.48491816000012],[100.976224603,6.485008715000049],[100.97626920200008,6.485148507000076],[100.97634573000016,6.485503301000165],[100.97636513700007,6.485572462000107],[100.97639297300009,6.485638880000067],[100.97642246200013,6.485713397000097],[100.97646336300005,6.485800855999969],[100.97650584900003,6.485880196000153],[100.9765368730001,6.485933622000118],[100.9765744250002,6.485995129000173],[100.97663149300013,6.486067921000142],[100.97667706000004,6.486106688000064],[100.97674058200016,6.48617296700013],[100.97678618300012,6.486218215000122],[100.97683180400008,6.486268336000137],[100.97687411100009,6.486302250000051],[100.97692937700003,6.48633123999997],[100.97697465800019,6.486346838000031],[100.97699923100015,6.486355301000117],[100.97713075600012,6.486387244000184],[100.97721517000019,6.486403142000086],[100.97736928700004,6.486404157000095],[100.97748120600016,6.486402103999978],[100.97759474400016,6.486398412000028],[100.97770338200007,6.486383386000057],[100.97780386300013,6.486358660000121],[100.97787027600003,6.486335675000078],[100.9779204370002,6.48630303300007],[100.97799643800016,6.486239459000103],[100.978138758,6.486128568000083],[100.97832161200006,6.486011029000053],[100.97838793700015,6.485965345000182],[100.97846079000004,6.485927732000164],[100.97853855500017,6.485899847999974],[100.97860014800017,6.485888253000041],[100.97868124700005,6.485884687000066],[100.9788029340001,6.485890711000025],[100.97898409300007,6.485901895999973],[100.97900606700011,6.485905040999967],[100.97912018400007,6.485927931000106],[100.97916144200008,6.485936784000046],[100.97925038800014,6.485967223000159],[100.97929922700001,6.485989431000064],[100.97941093100002,6.486058983000135],[100.97948361200008,6.48608980299997],[100.97957178300004,6.486107594000146],[100.97963657400015,6.486107341000036],[100.97969871900006,6.486096734000114],[100.97974210000018,6.486084159000086],[100.97976764100008,6.486069377000092],[100.97980216200017,6.486041899000099],[100.97985965600014,6.485983941000143],[100.979944134,6.485898792000114],[100.98006030300013,6.485786880000092],[100.98014554500008,6.485716569000033],[100.98026964300004,6.485640915000147],[100.98037305400015,6.485578302000022],[100.98047908200004,6.485523457000056],[100.98059291800007,6.485476360000121],[100.98070422900008,6.485444821000101],[100.98077932100011,6.485428980000108],[100.9808751380001,6.485413049000158],[100.9809787430001,6.485402279000141],[100.9811122430001,6.485401757000091],[100.98111287700016,6.485401755000112],[100.98111350600016,6.485401751999973],[100.98124042000018,6.485388295000064],[100.98142953200016,6.485372010000049],[100.98222205600018,6.485257453000031],[100.98234375900006,6.485236248000149],[100.98242400200019,6.485212598000146],[100.98245214200006,6.485199008000109],[100.98249398500002,6.485174688000029],[100.98251950600013,6.485152392000145],[100.98254337700007,6.485137457000064],[100.98256618700015,6.485123921000024],[100.98257912800005,6.485119879000024],[100.98262055600014,6.485113343000023],[100.98264647100007,6.485113242000125],[100.9827275880001,6.485110072],[100.98294184100013,6.485101722000024],[100.9830894600002,6.48507781],[100.98320681900003,6.485046802000113],[100.98324792000017,6.485027208000076],[100.98331893500011,6.484987060000151],[100.98338517500008,6.484937543000058],[100.98348246200004,6.484850781000148],[100.98358818500014,6.484715584000071],[100.98362685700016,6.484666185000151],[100.98366823700002,6.484645284000123],[100.98372261399999,6.484634707000055],[100.98387033400013,6.484636715000022],[100.98421503300017,6.484648327000116],[100.98431089900009,6.484645365],[100.98445332700015,6.484618885000145],[100.98454653900006,6.484600378000152],[100.98486105900014,6.484459085000083],[100.98498888800015,6.484401663000142],[100.98516757400017,6.484369851000167],[100.98567808000013,6.484370447],[100.985840827,6.484389385000156],[100.9860228880001,6.484410566000065],[100.98634938499998,6.484406700000079],[100.98643230500011,6.484406376000038],[100.98643677300015,6.484406694000086],[100.98649970200012,6.484411294000097],[100.9865386460001,6.48442928500009],[100.98657242200005,6.48445248000013],[100.98660891200007,6.484506767000084],[100.98662978000004,6.48454297100011],[100.986671543,6.484617977000084],[100.98672103400014,6.484682579000093],[100.98680944900008,6.484762584000066],[100.98690046100012,6.484842571000172],[100.98695245500016,6.484883836000108],[100.9870095710001,6.484912130000168],[100.9870796240001,6.484932594000099],[100.98714182900005,6.484937525000021],[100.98721439700017,6.484939836000137],[100.987279177,6.484939583000028],[100.98739577800018,6.484933942],[100.98749164500003,6.484930979000012],[100.98768087900004,6.484948372000133],[100.98780274299997,6.484966047000114],[100.98781870700009,6.48496983400014],[100.98787796500017,6.484983896000074],[100.98792990900006,6.485012200000085],[100.98796892600018,6.485050930000114],[100.98801310400006,6.485081862000186],[100.98806502800011,6.485107569999968],[100.98811691200012,6.485122923000119],[100.988161457,6.48512855600012],[100.98817655100004,6.485130460000107],[100.9882128380001,6.485132913000029],[100.98837679700006,6.485129418000042],[100.9888088100002,6.485120209000058],[100.9891952210001,6.485196450000046],[100.98931972200018,6.485227065],[100.98939499600004,6.485257865999984],[100.98946247500004,6.485286119000136],[100.98948936300013,6.485301860000106],[100.98951962000001,6.485319585000013],[100.98956897900013,6.485350496000024],[100.98976027900017,6.485345931000097],[100.99075410900014,6.485128837000047],[100.99107289800014,6.484998524000048],[100.99122949900004,6.484922352000126],[100.99154229000004,6.484642403000123],[100.99173613800014,6.484250795999969],[100.99183050900018,6.484071650000089],[100.99221788199998,6.483336286000167],[100.99244945900006,6.48298585800012],[100.99275862600018,6.482615710000061],[100.99318433100012,6.482264528000144],[100.99368815300005,6.482029528000055],[100.994308069,6.481696995000163],[100.99479224900011,6.481403834000162],[100.9958764650001,6.480661706000035],[100.99697971600017,6.479822418000026],[100.99773536100008,6.479450510000163],[100.99847182600018,6.479136932000188],[100.99901508,6.479057117000025],[100.99926744600009,6.479056122000031],[100.99971432000012,6.479151453000043],[101.0011328980001,6.479514791000099],[101.00369928900005,6.48049494900016],[101.0063426430001,6.481300030000057],[101.01333423900002,6.484010363999971],[101.01448222500017,6.484531954000147],[101.0153701500002,6.485161070000174],[101.01587036300009,6.485463737000089],[101.01655874300019,6.485823993000054],[101.01727120600009,6.486163218000115],[101.01740930900007,6.486228974000028],[101.02061377100017,6.487759279000102],[101.02073355700014,6.487790913000083],[101.021005936,6.487826139000106],[101.02123299200014,6.487795587999983],[101.02129947100008,6.487769462000131],[101.02147907500017,6.487637711000161],[101.02160230800018,6.487473806000025],[101.02201564400008,6.48678499100015],[101.02202375500013,6.486764943000082],[101.02209304600007,6.486565763000101],[101.02211784600019,6.486412],[101.02211625300015,6.486012516000073],[101.02172550300014,6.483363668000095],[101.02172430900004,6.483064063000086],[101.02175753400002,6.482729750999965],[101.02180881200019,6.482584325],[101.02183257100012,6.482552773000066],[101.02196376900014,6.482440840000152],[101.02223756400014,6.482289236000042],[101.02240654600007,6.482223585000042],[101.02293018500018,6.482102801000167],[101.02342525000017,6.482020166000154]]]}},{"type":"Feature","properties":{"districtCode":"TH9508","provinceCode":"TH-95","nameTh":"อำเภอกรงปินัง","shapeName":"Krong Pinang","shapeISO":"TH9508","shapeID":"TH9508","shapeGroup":"THA","shapeType":"ADM2","labelPoint":[101.26339416,6.3934558]},"geometry":{"type":"Polygon","coordinates":[[[101.24267738000015,6.464721849],[101.2431073410001,6.464624497000102],[101.2436332850001,6.464645878000056],[101.24435145600012,6.464834243999974],[101.2449035910002,6.465102748000163],[101.24536996900008,6.465714902],[101.24580312700004,6.467317463000029],[101.24633892400004,6.469458573000054],[101.24666757200004,6.470096401999967],[101.24675937300009,6.470165978000068],[101.24688133100005,6.470258410999975],[101.24714732900003,6.470277183000121],[101.24726009800008,6.47028514100009],[101.24738276400006,6.470293798000171],[101.24817081700019,6.469964403000176],[101.24886859700018,6.469058800000141],[101.24887116500003,6.468858371000124],[101.24887705300017,6.468398860000036],[101.24887791300006,6.46833173300007],[101.24884309700019,6.468302634000054],[101.2482364170001,6.467795569000145],[101.24773194,6.467070774000092],[101.24767264600007,6.466885399000148],[101.24743967100011,6.466157015000078],[101.24744771600012,6.465141649000088],[101.24745655200013,6.464369997],[101.2474567590001,6.464351908000026],[101.2474668540001,6.463800326000069],[101.24775231000012,6.463172317000044],[101.24809893800017,6.462775854000029],[101.24840319700007,6.462297810000109],[101.24926661800015,6.461426498000094],[101.24963211600004,6.460026268000092],[101.24953845900018,6.458858220000081],[101.24901862300015,6.457373384000107],[101.24889783400005,6.456317913000134],[101.24881612000019,6.455603880000069],[101.24891967300016,6.454050236000171],[101.24980663300016,6.454463996000129],[101.25065164200004,6.454976019000128],[101.25435103600006,6.457217592],[101.25819536700004,6.460030645000188],[101.26060870200018,6.461668956000096],[101.26241687800001,6.462485431000061],[101.26683366100019,6.463758242000154],[101.26966173800014,6.464558111000144],[101.27024655500009,6.46472351400007],[101.27276823900002,6.465670458999966],[101.2744876230002,6.466554127000109],[101.27629871800019,6.468016758000033],[101.27752989500004,6.469325992],[101.27912178100013,6.470072979000122],[101.28146766700007,6.469651426000098],[101.28339869100012,6.468855605000101],[101.28421399800015,6.467868007999982],[101.28518691000005,6.465469401000064],[101.28586486500006,6.46310491700018],[101.28831383700003,6.460830866000038],[101.28971813500004,6.45957823800012],[101.29066324200016,6.458294878000174],[101.29239673500018,6.457335943000146],[101.29422459800014,6.45549104600002],[101.29516924400014,6.454109294000091],[101.29608050700011,6.452596501000016],[101.29702662200015,6.451542716000176],[101.29774322000014,6.450489966000077],[101.29829661600007,6.44960194000015],[101.29927654400018,6.44877758399997],[101.30097793800007,6.447982768000145],[101.30219291800006,6.447341689000098],[101.30248260200005,6.447188838000159],[101.30385230400003,6.446496532000083],[101.30440756700006,6.445081113000128],[101.30423400799998,6.442950070999984],[101.30384708500003,6.441059307000046],[101.30363052500007,6.44000103500008],[101.30313206800014,6.43852740400007],[101.30302676000014,6.436986403000049],[101.30258068900008,6.434822311000062],[101.3025045190002,6.434452771],[101.30241251400008,6.433071742000038],[101.30241887200009,6.433053460000167],[101.30242550600013,6.433033249000175],[101.30264527500009,6.432363694000117],[101.30325022500006,6.431981678000113],[101.3039530310001,6.431537866000156],[101.30502647300011,6.430616779000047],[101.3059126610001,6.429856365000035],[101.30806470200008,6.427222873000119],[101.30815847399998,6.42620573500011],[101.30802481700005,6.425648785000078],[101.30640915400005,6.42362264000019],[101.30611068600001,6.422869647000141],[101.30646807800014,6.422146495],[101.30686109600015,6.421623815000089],[101.307385706,6.420424693000029],[101.30739231100011,6.420409324000047],[101.31042014200005,6.416707468000027],[101.31057375900008,6.416519653000023],[101.31375210300018,6.413800868000067],[101.31485216300007,6.412859857000058],[101.3154332580001,6.410856609000064],[101.315984232,6.409443845000055],[101.31609524900006,6.409255627000107],[101.31632272200017,6.408869972000105],[101.31699285100007,6.407733841000152],[101.31784006200007,6.406582116000152],[101.3184582250002,6.405529817000058],[101.31871487100011,6.404282370000089],[101.318709689,6.40313449700011],[101.31929654400017,6.40241031100004],[101.32135748800016,6.401417085999981],[101.32400630400014,6.399929241000109],[101.32414594100004,6.399766579000129],[101.32419379900011,6.39971083000006],[101.32485423000014,6.398941495999964],[101.3248816740001,6.397760683000058],[101.32458083900013,6.396482964000143],[101.32467251800017,6.395006689000127],[101.3256128750001,6.391734686],[101.32367054700012,6.391184630000168],[101.32178777500013,6.390801046000036],[101.3202255600001,6.390752711000061],[101.3182740430002,6.39053047900012],[101.31664207500017,6.391034947000094],[101.31502176000015,6.391630921000058],[101.3132638740002,6.391904917000147],[101.31155285900007,6.391786619000129],[101.30929208900011,6.390988359000175],[101.30774408399998,6.389695950000089],[101.3065979810001,6.388496067],[101.30483063600019,6.387790458000154],[101.30337312199998,6.387281164000115],[101.30219216200015,6.386369576],[101.30076968100013,6.385365213000114],[101.29922101300008,6.384556376000091],[101.29761416100018,6.384116110000093],[101.29591482300009,6.383710129000178],[101.29392990800011,6.38295801300012],[101.29185268700007,6.382021549000058],[101.2894772300001,6.381072804000155],[101.28719300800009,6.380573934000097],[101.2857000320002,6.380341015999988],[101.2839555600001,6.37994651200006],[101.2823730570002,6.378757516000064],[101.2809969990002,6.377764202000151],[101.27945897400019,6.377059168000073],[101.27780634300018,6.376480627000092],[101.27585524099999,6.375963822000017],[101.27578044700005,6.375653439000018],[101.27551268600018,6.374602672000037],[101.27481437200015,6.373505223999985],[101.2741428810001,6.372982216000082],[101.27390402900005,6.372983265000073],[101.27318622100017,6.372842924000111],[101.27265834400009,6.37248651200008],[101.2722258460002,6.371986176000064],[101.27167165100008,6.370912376000035],[101.27142716300011,6.369765455000106],[101.27094606400016,6.369002046000105],[101.27058528700007,6.368501388000084],[101.27015269200007,6.367977316000065],[101.26972029500007,6.367500699000118],[101.26928797100004,6.367048374000092],[101.26861429100006,6.366142336000109],[101.26772240200006,6.36442425700011],[101.26740742600015,6.363421150000022],[101.26740502100017,6.362871450000171],[101.26768871900003,6.362152694000031],[101.26814072900015,6.361695936999979],[101.26869105000009,6.361765275000039],[101.26957621400015,6.361952914000028],[101.27055545399998,6.361709614000119],[101.27158181700008,6.361393841000051],[101.27236929600014,6.361079622000091],[101.273229695,6.361027816000046],[101.27376500300011,6.361025465000125],[101.27404226000004,6.361024245000181],[101.27507502200001,6.361138369000059],[101.27595434400013,6.360644654000112],[101.27680085100008,6.360265238000181],[101.27761610000016,6.360098365000169],[101.2781212020002,6.359900684000024],[101.27904856300006,6.359292100000118],[101.28090221300016,6.357700365000142],[101.28173129200007,6.356961695000166],[101.2821221170002,6.356715352000094],[101.28270887400015,6.356598656000017],[101.28309777400017,6.356564172000049],[101.28365409700012,6.356713106000086],[101.28393665500005,6.357015240000067],[101.28406972900007,6.357743405000178],[101.2842518920001,6.358074825000074],[101.28444029700017,6.358283587000074],[101.28507007100006,6.358699401000024],[101.28561960400015,6.358978328000092],[101.28622650900013,6.359199384000078],[101.28672520800012,6.359348012000169],[101.28756203900019,6.359344309000107],[101.28813480800005,6.35912651700005],[101.28892156000012,6.358644528000013],[101.28942122900014,6.35811634300012],[101.28958553200016,6.357469874000174],[101.28991697600009,6.356702925000036],[101.29043983700006,6.35605486500009],[101.29115402100018,6.355382225000028],[101.29172667300014,6.355140729000084],[101.29213438700015,6.355401616000108],[101.29265999600017,6.355375555000023],[101.29292219000018,6.355159166000135],[101.29294332799998,6.354585085000167],[101.29255756800006,6.353797540000073],[101.2915988360001,6.353179779000016],[101.29023344900003,6.352540119000025],[101.2891555290002,6.35204260900008],[101.28877065700016,6.351590097000155],[101.28855311600017,6.35104080300016],[101.28826402200008,6.350539846],[101.28778525100017,6.350303005000058],[101.28713740800009,6.349755603000062],[101.28646538800012,6.349232603000132],[101.28615145500015,6.348468470000057],[101.2862181100001,6.347320192000097],[101.28592811200008,6.346604000000127],[101.28551678100007,6.345529586000055],[101.28536787200005,6.344286769000178],[101.28583984700015,6.342849728000033],[101.28612351400005,6.342130977000124],[101.2861690900001,6.341580515000089],[101.28645584300011,6.341555517000131],[101.2867428890001,6.341602274000024],[101.28710217300011,6.341767926000045],[101.28755794400007,6.342172667000057],[101.28768019000006,6.342746120000129],[101.2878995580001,6.343701608000174],[101.28799869300008,6.344538442000101],[101.28771498600014,6.345257156000059],[101.28764548700013,6.345759706000081],[101.28764738200005,6.346190221000086],[101.28786443600006,6.34661974200003],[101.28822552300016,6.347192143000029],[101.28884975300014,6.347763372000145],[101.28973537900004,6.348070171000018],[101.29066767000018,6.348066046000156],[101.29136051500006,6.347943204000103],[101.29174123900009,6.347582787000022],[101.29209745700007,6.347055248000174],[101.29235771800006,6.346408347000022],[101.29242573500005,6.345570814000098],[101.29263707500013,6.344708873000116],[101.29270435000012,6.343704106000189],[101.29238591800004,6.342055298],[101.29173283900013,6.340312479000147],[101.2914656010002,6.339261166000085],[101.29155723900016,6.338399794000054],[101.2919611320001,6.337800291000121],[101.2922447270002,6.337057800000082],[101.29228931500018,6.336411898999984],[101.29209401200006,6.335408292000182],[101.29132172300001,6.333785216000024],[101.29047976800007,6.332617217000063],[101.2893766050002,6.331761074000042],[101.28851367500005,6.331214624000097],[101.2876997520001,6.330907496000123],[101.28698232300019,6.330838905],[101.28640793500006,6.330673643000011],[101.28568767000007,6.329959345000077],[101.28510978500015,6.329005431000041],[101.28486752400005,6.328360750000058],[101.28486563100017,6.327930238000135],[101.28503197700007,6.327618789000041],[101.28517319700006,6.327115935],[101.28495468900007,6.326351412000065],[101.28420053000013,6.323436738000169],[101.28367187000009,6.322769577000088],[101.28307050000006,6.321983000000102],[101.28249052500013,6.320550540000056],[101.28210289800012,6.319332534000011],[101.28212147800008,6.318160179000074],[101.28225663200004,6.316270356000132],[101.28239722200016,6.315623995000067],[101.28294309000017,6.314688877000094],[101.28351486800005,6.314255878999973],[101.28415920500015,6.31401409200015],[101.28454189500002,6.313988096000116],[101.28494849100008,6.314129812000147],[101.28547577000012,6.314367047000133],[101.28618021200015,6.314431640000066],[101.28681141700008,6.314281841000025],[101.28849932700007,6.313838246000159],[101.28901709900015,6.313564777000181],[101.28938353000018,6.313300167000136],[101.28978133200019,6.312426069000139],[101.28981510100004,6.311815922000164],[101.28983828800011,6.311693185000081],[101.28983545900013,6.311047448000181],[101.289832896,6.310464011000136],[101.29027007200017,6.309976856000048],[101.29216486700017,6.308665677000022],[101.2941973230001,6.307255190000092],[101.29469481700005,6.306692930000111],[101.29475802100012,6.306621502999974],[101.29521479900006,6.305929653000135],[101.2956432430002,6.305520981000086],[101.29587737700018,6.305354650000083],[101.29708601900018,6.304656519000105],[101.29799537800005,6.303579974000115],[101.29904592900016,6.301713207000148],[101.30025351100011,6.299668083000029],[101.30062327200005,6.298514958999988],[101.3006981850001,6.297606587000189],[101.30053844900004,6.297173016000102],[101.30025391400005,6.29677289],[101.29992383900014,6.296484823000071],[101.29945569700016,6.296203947000095],[101.29879123300009,6.29614107600014],[101.29867220900019,6.296143188000144],[101.29731171700001,6.296167329000127],[101.29612368500017,6.296679220999977],[101.29526529200007,6.297380476],[101.29476127900006,6.297915677000162],[101.29433496000001,6.298174171000085],[101.29344194700013,6.298480777],[101.291594277,6.298534955999969],[101.29068434600015,6.298654897000063],[101.28911059800015,6.299148889000037],[101.2881312250002,6.29970021000014],[101.28668811500017,6.300592182],[101.28542330900012,6.301615164000111],[101.2838473110001,6.30287909700013],[101.28221339000004,6.304454579000094],[101.2806054190001,6.304739563000055],[101.27925218000013,6.303873174000046],[101.27746084900019,6.303927919000046],[101.27566832100018,6.304362267000101],[101.27368039300018,6.304911618000176],[101.27224386800009,6.305669261999981],[101.270829499,6.306461285000069],[101.269106556,6.306792500000029],[101.26744022200018,6.307296367000049],[101.26632338000013,6.308722661000104],[101.26522829800012,6.310747738000089],[101.26403046200011,6.312392419],[101.2632575500001,6.314234158999966],[101.26265494500012,6.316675149000162],[101.26288044900008,6.318667936000111],[101.26300335900015,6.320315398000162],[101.26181814400007,6.321488332000058],[101.26149363100012,6.322950127000126],[101.26099695800013,6.324435338000171],[101.25937694900011,6.324824296000031],[101.25776842700009,6.325132415000041],[101.2562639160002,6.32533666300003],[101.25463316900004,6.325334157000043],[101.25314081200008,6.325089220999985],[101.2468078820001,6.321637011000178],[101.24540805400011,6.322680330000082],[101.24451309300008,6.323998863000043],[101.24351476900006,6.32518000500005],[101.24187444500006,6.326624936000144],[101.24014209600017,6.327954414000033],[101.23845560600006,6.329571307000151],[101.23695314200006,6.330912791000117],[101.23493358300004,6.332953685],[101.23336165700005,6.334696604000101],[101.2320420440002,6.336542954000095],[101.23024106100013,6.337941691000083],[101.2286683480001,6.338853509000046],[101.22714425600009,6.339901902000179],[101.22617905300012,6.340926934000095],[101.22583623600008,6.341174738000177],[101.22460824700016,6.342676600000061],[101.22354103900017,6.343743355000129],[101.22272612000012,6.345314649000159],[101.22298645900008,6.34583671200005],[101.22287277800018,6.34593435700009],[101.22068456200014,6.350806506000026],[101.21716147800015,6.353474181000081],[101.2109757500001,6.353500649000125],[101.21054925800019,6.357038646000035],[101.21058137400013,6.364553330999968],[101.20998365100019,6.368063254000049],[101.20895284600005,6.37303892000017],[101.20841947500008,6.375613552],[101.20712240800015,6.382249738000041],[101.20316823800016,6.387571248000143],[101.20012618900006,6.399520108000104],[101.20150469900011,6.41189125000011],[101.2006568750001,6.420293900000104],[101.20201530000014,6.427802871000097],[101.20025702100008,6.430020666000019],[101.1971712400001,6.431802327000128],[101.19718071400018,6.434008525000024],[101.19728434700016,6.43433350600003],[101.19761557800012,6.435837223000021],[101.19810768400015,6.437718726000128],[101.19873663500005,6.439497998000093],[101.1994123890002,6.440863447000027],[101.20120032100016,6.442378941000186],[101.20239205400009,6.443550099999982],[101.20350312700009,6.444744185000104],[101.20451176700004,6.445892388000175],[101.20564562700008,6.447269982000137],[101.2069633860001,6.448716277000131],[101.20750080500011,6.451125850000153],[101.20780883700019,6.453386678000129],[101.2102858140002,6.453318887000137],[101.21181064500018,6.453273878000061],[101.21392047400019,6.453585024],[101.21429125100008,6.454810574000021],[101.21466428300005,6.4560411490001],[101.21461732300003,6.457578648000037],[101.21483409800015,6.459368112000163],[101.21509603200013,6.46167489000004],[101.21543770400018,6.465162679000059],[101.21595183900013,6.46766444800005],[101.21614566200009,6.469236476000049],[101.2163967370002,6.470991909000077],[101.2168431180001,6.472839676000149],[101.2177247640002,6.475019995000139],[101.21818169500011,6.477601653000079],[101.21963606100019,6.479908832999968],[101.22118352300015,6.48140095499997],[101.22158243799998,6.483626881000134],[101.22499471900016,6.484790462000035],[101.22546714000009,6.485608737000177],[101.22812683900014,6.487365412000088],[101.231222408,6.48779418100014],[101.23206670400009,6.487883097000065],[101.23206413000003,6.48729836300015],[101.23206223400007,6.486867868000161],[101.23217952100009,6.486317082000085],[101.23253601,6.485813250000092],[101.2331778410001,6.48494942800005],[101.23384304200016,6.484013711000159],[101.23441280500015,6.48307845100004],[101.23514897000018,6.481831696000029],[101.2353610190001,6.48111327700019],[101.23592938600012,6.479867267000088],[101.23628448900007,6.47905217400006],[101.23692609900007,6.478140842000187],[101.23752021300004,6.47734899],[101.2384252080002,6.476484007000124],[101.23940118100006,6.47557064700004],[101.24006663500006,6.474563210000099],[101.24049111500017,6.473221783000042],[101.2416162720001,6.468098812999983],[101.24206121600014,6.46601608800006],[101.24212915600009,6.465154762000054],[101.24227132500005,6.464867149000156],[101.24267738000015,6.464721849]]]}}]}